"BillingCurrency","ContractCommitmentApplicability","ContractCommitmentBenefitCategory","ContractCommitmentCategory","ContractCommitmentCost","ContractCommitmentCreated","ContractCommitmentDescription","ContractCommitmentDiscountPercentage","ContractCommitmentDurationType","ContractCommitmentFulfillmentInterval","ContractCommitmentId","ContractCommitmentLastUpdated","ContractCommitmentLifecycleStatus","ContractCommitmentModel","ContractCommitmentOfferCategory","ContractCommitmentPaymentInterval","ContractCommitmentPaymentModel","ContractCommitmentPaymentUpfrontPercentage","ContractCommitmentPeriodEnd","ContractCommitmentPeriodStart","ContractCommitmentQuantity","ContractCommitmentType","ContractCommitmentUnit","ContractId","ContractPeriodEnd","ContractPeriodStart","InvoiceIssuerName","PricingCurrency","PricingCurrencyContractCommitmentCost","ServiceProviderName"
"USD","{}","Entitlement","Spend",6766.994874,"2024-08-31T00:00:00Z","ContractCommitmentDescription 9935",869.388326,"Savings Plan","Hourly","contractcommitment-131244","2024-10-05T00:00:00Z","Proposed","Continuous","Negotiated","One-Time","All Upfront",1.0,"2024-10-01T00:00:00Z","2024-09-01T00:00:00Z",1988.376507,"Committed Use Discount","Hours","contract-539898","2024-10-01T00:00:00Z","2024-09-01T00:00:00Z","AWS","USD",2204.40622,"AWS"
"USD","{}","Availability","Spend",2153.137621,"2024-08-31T00:00:00Z","ContractCommitmentDescription 6514",NULL,"Savings Plan","Daily","contractcommitment-476417","2024-10-03T00:00:00Z","Superseded","Discontinuous","Public","One-Time","All Upfront",1.0,"2024-10-01T00:00:00Z","2024-09-01T00:00:00Z",1248.261629,"Savings Plan","Hours","contract-678856","2024-10-01T00:00:00Z","2024-09-01T00:00:00Z","Google","USD",2931.782814,"Google"
"USD","{}","Entitlement","Usage",9852.215207,"2024-08-13T00:00:00Z","ContractCommitmentDescription 4814",8664.836668,"Savings Plan","Quarterly","contractcommitment-575435","2024-10-04T00:00:00Z","Canceled","Discontinuous","Negotiated","Quarterly","Partial Upfront",2095.070308,"2024-10-01T00:00:00Z","2024-09-01T00:00:00Z",2669.77822,"Committed Use Discount","Hours","contract-738720","2024-10-01T00:00:00Z","2024-09-01T00:00:00Z","Google","USD",6349.782882,"Google"
"USD","{}","Entitlement","Usage",8428.519202,"2024-08-26T00:00:00Z","ContractCommitmentDescription 1916",2290.48072,"Reserved Instance","Semi-Annually","contractcommitment-520651","2024-10-08T00:00:00Z","Active","Continuous","Negotiated","One-Time","All Upfront",1.0,"2024-10-01T00:00:00Z","2024-09-01T00:00:00Z",6554.386653,"Savings Plan","Hours","contract-249811","2024-10-01T00:00:00Z","2024-09-01T00:00:00Z","Microsoft","USD",2648.801665,"Microsoft"
"USD","{}","Other","Usage",3619.964437,"2024-08-14T00:00:00Z","ContractCommitmentDescription 3266",5095.262937,"Reserved Instance","Hourly","contractcommitment-214975","2024-10-09T00:00:00Z","Pending","Continuous","Public","Annual","No Upfront",0.0,"2024-10-01T00:00:00Z","2024-09-01T00:00:00Z",5958.884284,"Savings Plan","Hours","contract-363626","2024-10-01T00:00:00Z","2024-09-01T00:00:00Z","Microsoft","USD",9710.783776,"Microsoft"
"USD","{}","Availability","Spend",2935.001286,"2024-08-28T00:00:00Z","ContractCommitmentDescription 3591",NULL,"Committed Use Discount","Quarterly","contractcommitment-624902","2024-10-11T00:00:00Z","Superseded","Continuous","Negotiated","Custom","Partial Upfront",8416.693482,"2024-10-01T00:00:00Z","2024-09-01T00:00:00Z",5076.62882,"Reserved Instance","Hours","contract-492077","2024-10-01T00:00:00Z","2024-09-01T00:00:00Z","AWS","USD",7625.108001,"AWS"
"USD","{}","Discount","Usage",8787.218778,"2024-08-12T00:00:00Z","ContractCommitmentDescription 6038",2394.523103,"Reserved Instance","Custom","contractcommitment-182582","2024-10-06T00:00:00Z","Proposed","Discontinuous","Negotiated","Annual","No Upfront",0.0,"2024-10-01T00:00:00Z","2024-09-01T00:00:00Z",4752.823781,"Committed Use Discount","Hours","contract-377932","2024-10-01T00:00:00Z","2024-09-01T00:00:00Z","AWS","USD",5276.737874,"AWS"
"USD","{}","Availability","Usage",9951.493567,"2024-08-25T00:00:00Z","ContractCommitmentDescription 7118",NULL,"Committed Use Discount","Total Term","contractcommitment-226882","2024-10-09T00:00:00Z","Pending","Continuous","Negotiated","Quarterly","No Upfront",0.0,"2024-10-01T00:00:00Z","2024-09-01T00:00:00Z",2301.147326,"Reserved Instance","Hours","contract-174441","2024-10-01T00:00:00Z","2024-09-01T00:00:00Z","Oracle","USD",7078.409465,"Oracle"
"USD","{}","Discount","Spend",2784.77264,"2024-08-24T00:00:00Z","ContractCommitmentDescription 8953",2142.368074,"Reserved Instance","Custom","contractcommitment-704201","2024-10-02T00:00:00Z","Exhausted","Continuous","Public","Semi-Annual","No Upfront",0.0,"2024-10-01T00:00:00Z","2024-09-01T00:00:00Z",6589.827495,"Savings Plan","Hours","contract-531071","2024-10-01T00:00:00Z","2024-09-01T00:00:00Z","AWS","USD",4670.24668,"AWS"
"USD","{}","Availability","Spend",2486.563339,"2024-08-28T00:00:00Z","ContractCommitmentDescription 4116",NULL,"Reserved Instance","Annually","contractcommitment-292401","2024-10-01T00:00:00Z","Active","Discontinuous","Negotiated","One-Time","Partial Upfront",8080.222447,"2024-10-01T00:00:00Z","2024-09-01T00:00:00Z",8559.668925,"Reserved Instance","Hours","contract-783823","2024-10-01T00:00:00Z","2024-09-01T00:00:00Z","AWS","USD",9992.824684,"AWS"
"USD","{}","Other","Usage",2137.472992,"2024-08-29T00:00:00Z","ContractCommitmentDescription 7570",9024.428655,"Reserved Instance","Annually","contractcommitment-102260","2024-10-04T00:00:00Z","Exhausted","Discontinuous","Public","Quarterly","Partial Upfront",6965.915036,"2024-10-01T00:00:00Z","2024-09-01T00:00:00Z",7305.053174,"Committed Use Discount","Hours","contract-262316","2024-10-01T00:00:00Z","2024-09-01T00:00:00Z","AWS","USD",1898.978673,"AWS"
"USD","{}","Availability","Spend",501.423373,"2024-08-30T00:00:00Z","ContractCommitmentDescription 8811",NULL,"Committed Use Discount","Weekly","contractcommitment-159642","2024-10-10T00:00:00Z","Expired","Continuous","Negotiated","One-Time","All Upfront",1.0,"2024-10-01T00:00:00Z","2024-09-01T00:00:00Z",8618.19202,"Savings Plan","Hours","contract-697347","2024-10-01T00:00:00Z","2024-09-01T00:00:00Z","Microsoft","USD",2462.153478,"Microsoft"
"USD","{}","Availability","Usage",2042.591994,"2024-08-12T00:00:00Z","ContractCommitmentDescription 6147",NULL,"Savings Plan","Weekly","contractcommitment-804318","2024-10-02T00:00:00Z","Canceled","Discontinuous","Public","Quarterly","No Upfront",0.0,"2024-10-01T00:00:00Z","2024-09-01T00:00:00Z",6211.592555,"Committed Use Discount","Hours","contract-176819","2024-10-01T00:00:00Z","2024-09-01T00:00:00Z","AWS","USD",5376.344041,"AWS"
"USD","{}","Availability","Usage",1577.468324,"2024-08-27T00:00:00Z","ContractCommitmentDescription 9900",NULL,"Committed Use Discount","Transactional","contractcommitment-108203","2024-10-06T00:00:00Z","Canceled","Discontinuous","Negotiated","Monthly","Partial Upfront",1154.286704,"2024-10-01T00:00:00Z","2024-09-01T00:00:00Z",1070.359777,"Committed Use Discount","Hours","contract-385577","2024-10-01T00:00:00Z","2024-09-01T00:00:00Z","Google","USD",2817.562715,"Google"
"USD","{}","Other","Usage",9053.364911,"2024-08-21T00:00:00Z","ContractCommitmentDescription 1832",922.984677,"Savings Plan","Quarterly","contractcommitment-146228","2024-10-04T00:00:00Z","Proposed","Discontinuous","Negotiated","Custom","Partial Upfront",1615.819763,"2024-10-01T00:00:00Z","2024-09-01T00:00:00Z",4418.355119,"Committed Use Discount","Hours","contract-688153","2024-10-01T00:00:00Z","2024-09-01T00:00:00Z","Microsoft","USD",96.696996,"Microsoft"
"USD","{}","Entitlement","Usage",1274.455193,"2024-08-27T00:00:00Z","ContractCommitmentDescription 6050",3646.515153,"Reserved Instance","Semi-Annually","contractcommitment-320281","2024-10-09T00:00:00Z","Canceled","Continuous","Negotiated","One-Time","All Upfront",1.0,"2024-10-01T00:00:00Z","2024-09-01T00:00:00Z",4063.773898,"Committed Use Discount","Hours","contract-348237","2024-10-01T00:00:00Z","2024-09-01T00:00:00Z","AWS","USD",8646.056962,"AWS"
"USD","{}","Availability","Usage",8022.351389,"2024-08-18T00:00:00Z","ContractCommitmentDescription 5065",NULL,"Committed Use Discount","Daily","contractcommitment-501124","2024-10-01T00:00:00Z","Superseded","Continuous","Public","Monthly","No Upfront",0.0,"2024-10-01T00:00:00Z","2024-09-01T00:00:00Z",4603.032347,"Savings Plan","Hours","contract-333752","2024-10-01T00:00:00Z","2024-09-01T00:00:00Z","Microsoft","USD",236.644347,"Microsoft"
"USD","{}","Availability","Usage",6414.817386,"2024-08-19T00:00:00Z","ContractCommitmentDescription 7548",NULL,"Committed Use Discount","Semi-Annually","contractcommitment-128941","2024-10-06T00:00:00Z","Proposed","Discontinuous","Negotiated","Annual","Partial Upfront",382.571974,"2024-10-01T00:00:00Z","2024-09-01T00:00:00Z",5965.71255,"Savings Plan","Hours","contract-557592","2024-10-01T00:00:00Z","2024-09-01T00:00:00Z","Microsoft","USD",6062.088533,"Microsoft"
"USD","{}","Discount","Usage",16.912782,"2024-08-19T00:00:00Z","ContractCommitmentDescription 9821",6868.571469,"Committed Use Discount","Monthly","contractcommitment-481913","2024-10-10T00:00:00Z","Exhausted","Continuous","Public","Annual","Partial Upfront",6633.874763,"2024-10-01T00:00:00Z","2024-09-01T00:00:00Z",1246.253157,"Savings Plan","Hours","contract-424308","2024-10-01T00:00:00Z","2024-09-01T00:00:00Z","AWS","USD",6668.929041,"AWS"
"USD","{}","Entitlement","Usage",6649.294342,"2024-08-19T00:00:00Z","ContractCommitmentDescription 7211",6773.179453,"Reserved Instance","Custom","contractcommitment-696750","2024-10-05T00:00:00Z","Active","Discontinuous","Negotiated","Quarterly","Partial Upfront",2101.826849,"2024-10-01T00:00:00Z","2024-09-01T00:00:00Z",7857.588275,"Committed Use Discount","Hours","contract-587575","2024-10-01T00:00:00Z","2024-09-01T00:00:00Z","Google","USD",4417.860168,"Google"
"USD","{}","Discount","Usage",5154.520099,"2024-08-15T00:00:00Z","ContractCommitmentDescription 6491",933.872001,"Reserved Instance","Quarterly","contractcommitment-335552","2024-10-08T00:00:00Z","Superseded","Continuous","Negotiated","One-Time","No Upfront",0.0,"2024-10-01T00:00:00Z","2024-09-01T00:00:00Z",4751.363442,"Reserved Instance","Hours","contract-534572","2024-10-01T00:00:00Z","2024-09-01T00:00:00Z","Microsoft","USD",8861.369091,"Microsoft"
"USD","{}","Entitlement","Spend",8926.598262,"2024-08-19T00:00:00Z","ContractCommitmentDescription 2746",7784.204068,"Reserved Instance","Weekly","contractcommitment-943170","2024-10-08T00:00:00Z","Canceled","Discontinuous","Negotiated","Annual","No Upfront",0.0,"2024-10-01T00:00:00Z","2024-09-01T00:00:00Z",1213.585992,"Reserved Instance","Hours","contract-800005","2024-10-01T00:00:00Z","2024-09-01T00:00:00Z","Microsoft","USD",5311.318859,"Microsoft"
"USD","{}","Other","Spend",7436.554422,"2024-08-17T00:00:00Z","ContractCommitmentDescription 8777",4500.697572,"Reserved Instance","Quarterly","contractcommitment-903013","2024-10-10T00:00:00Z","Superseded","Discontinuous","Negotiated","Quarterly","Partial Upfront",774.833539,"2024-10-01T00:00:00Z","2024-09-01T00:00:00Z",2857.281509,"Savings Plan","Hours","contract-435239","2024-10-01T00:00:00Z","2024-09-01T00:00:00Z","Google","USD",8930.268328,"Google"
"USD","{}","Entitlement","Spend",642.288507,"2024-08-27T00:00:00Z","ContractCommitmentDescription 7678",3308.81391,"Savings Plan","Annually","contractcommitment-165290","2024-10-03T00:00:00Z","Pending","Discontinuous","Public","One-Time","All Upfront",1.0,"2024-10-01T00:00:00Z","2024-09-01T00:00:00Z",8806.566728,"Committed Use Discount","Hours","contract-600149","2024-10-01T00:00:00Z","2024-09-01T00:00:00Z","AWS","USD",58.960836,"AWS"
"USD","{}","Entitlement","Usage",2194.216346,"2024-08-22T00:00:00Z","ContractCommitmentDescription 8140",4856.419938,"Savings Plan","Semi-Annually","contractcommitment-801364","2024-10-07T00:00:00Z","Canceled","Discontinuous","Negotiated","Semi-Annual","No Upfront",0.0,"2024-10-01T00:00:00Z","2024-09-01T00:00:00Z",5341.236295,"Savings Plan","Hours","contract-188025","2024-10-01T00:00:00Z","2024-09-01T00:00:00Z","Google","USD",6427.49648,"Google"
"USD","{}","Other","Usage",2116.602842,"2024-08-17T00:00:00Z","ContractCommitmentDescription 6355",3375.005481,"Savings Plan","Quarterly","contractcommitment-888539","2024-10-03T00:00:00Z","Superseded","Discontinuous","Public","One-Time","Partial Upfront",193.832871,"2024-10-01T00:00:00Z","2024-09-01T00:00:00Z",5394.190479,"Savings Plan","Hours","contract-781725","2024-10-01T00:00:00Z","2024-09-01T00:00:00Z","Microsoft","USD",686.183705,"Microsoft"
"USD","{}","Entitlement","Spend",1262.209749,"2024-08-31T00:00:00Z","ContractCommitmentDescription 2874",5639.695819,"Reserved Instance","Total Term","contractcommitment-833442","2024-10-04T00:00:00Z","Active","Discontinuous","Negotiated","One-Time","All Upfront",1.0,"2024-10-01T00:00:00Z","2024-09-01T00:00:00Z",7183.572286,"Reserved Instance","Hours","contract-213349","2024-10-01T00:00:00Z","2024-09-01T00:00:00Z","AWS","USD",5786.847325,"AWS"
"USD","{}","Entitlement","Spend",5920.978612,"2024-08-13T00:00:00Z","ContractCommitmentDescription 4978",1019.013054,"Savings Plan","Custom","contractcommitment-944657","2024-10-11T00:00:00Z","Proposed","Continuous","Public","Annual","Partial Upfront",6615.213407,"2024-10-01T00:00:00Z","2024-09-01T00:00:00Z",689.567365,"Committed Use Discount","Hours","contract-113266","2024-10-01T00:00:00Z","2024-09-01T00:00:00Z","Google","USD",8495.75627,"Google"
"USD","{}","Other","Spend",4354.87145,"2024-08-28T00:00:00Z","ContractCommitmentDescription 9548",9654.737312,"Savings Plan","Custom","contractcommitment-947458","2024-10-07T00:00:00Z","Expired","Discontinuous","Public","One-Time","All Upfront",1.0,"2024-10-01T00:00:00Z","2024-09-01T00:00:00Z",3223.04583,"Reserved Instance","Hours","contract-392477","2024-10-01T00:00:00Z","2024-09-01T00:00:00Z","Oracle","USD",8816.31184,"Oracle"
"USD","{}","Other","Usage",286.999978,"2024-08-17T00:00:00Z","ContractCommitmentDescription 6325",1818.398572,"Reserved Instance","Semi-Annually","contractcommitment-936587","2024-10-10T00:00:00Z","Active","Discontinuous","Public","One-Time","All Upfront",1.0,"2024-10-01T00:00:00Z","2024-09-01T00:00:00Z",5557.910279,"Committed Use Discount","Hours","contract-189771","2024-10-01T00:00:00Z","2024-09-01T00:00:00Z","Microsoft","USD",2413.560504,"Microsoft"
"USD","{}","Other","Usage",4481.745496,"2024-08-16T00:00:00Z","ContractCommitmentDescription 1282",930.533506,"Reserved Instance","Annually","contractcommitment-825391","2024-10-09T00:00:00Z","Pending","Discontinuous","Public","One-Time","All Upfront",1.0,"2024-10-01T00:00:00Z","2024-09-01T00:00:00Z",4255.038127,"Committed Use Discount","Hours","contract-468900","2024-10-01T00:00:00Z","2024-09-01T00:00:00Z","Oracle","USD",7028.549422,"Oracle"
"USD","{}","Entitlement","Usage",1195.547413,"2024-08-22T00:00:00Z","ContractCommitmentDescription 9779",9508.775604,"Committed Use Discount","Weekly","contractcommitment-300845","2024-10-05T00:00:00Z","Pending","Discontinuous","Public","One-Time","All Upfront",1.0,"2024-10-01T00:00:00Z","2024-09-01T00:00:00Z",5246.368691,"Savings Plan","Hours","contract-973074","2024-10-01T00:00:00Z","2024-09-01T00:00:00Z","Google","USD",1941.175781,"Google"
"USD","{}","Entitlement","Usage",455.15701,"2024-08-20T00:00:00Z","ContractCommitmentDescription 1893",5533.589668,"Committed Use Discount","Weekly","contractcommitment-768854","2024-10-03T00:00:00Z","Superseded","Discontinuous","Negotiated","One-Time","All Upfront",1.0,"2024-10-01T00:00:00Z","2024-09-01T00:00:00Z",4787.142086,"Savings Plan","Hours","contract-153872","2024-10-01T00:00:00Z","2024-09-01T00:00:00Z","Microsoft","USD",2524.783905,"Microsoft"
"USD","{}","Discount","Spend",1517.27007,"2024-08-28T00:00:00Z","ContractCommitmentDescription 5978",851.809084,"Reserved Instance","Daily","contractcommitment-685181","2024-10-02T00:00:00Z","Superseded","Discontinuous","Negotiated","Annual","Partial Upfront",4505.144649,"2024-10-01T00:00:00Z","2024-09-01T00:00:00Z",4427.21004,"Committed Use Discount","Hours","contract-420214","2024-10-01T00:00:00Z","2024-09-01T00:00:00Z","Oracle","USD",5686.294706,"Oracle"
"USD","{}","Entitlement","Usage",6604.281372,"2024-08-12T00:00:00Z","ContractCommitmentDescription 3573",2398.651777,"Committed Use Discount","Daily","contractcommitment-264136","2024-10-02T00:00:00Z","Proposed","Discontinuous","Public","One-Time","All Upfront",1.0,"2024-10-01T00:00:00Z","2024-09-01T00:00:00Z",326.398554,"Savings Plan","Hours","contract-837135","2024-10-01T00:00:00Z","2024-09-01T00:00:00Z","AWS","USD",8596.067313,"AWS"
"USD","{}","Entitlement","Usage",1147.763025,"2024-08-24T00:00:00Z","ContractCommitmentDescription 4683",6476.347234,"Savings Plan","Weekly","contractcommitment-174878","2024-10-05T00:00:00Z","Proposed","Continuous","Public","One-Time","All Upfront",1.0,"2024-10-01T00:00:00Z","2024-09-01T00:00:00Z",9211.92529,"Savings Plan","Hours","contract-591465","2024-10-01T00:00:00Z","2024-09-01T00:00:00Z","AWS","USD",6886.779912,"AWS"
"USD","{}","Other","Spend",5980.36662,"2024-08-23T00:00:00Z","ContractCommitmentDescription 8078",7345.339233,"Committed Use Discount","Quarterly","contractcommitment-127121","2024-10-09T00:00:00Z","Proposed","Continuous","Negotiated","Custom","Partial Upfront",5762.469846,"2024-10-01T00:00:00Z","2024-09-01T00:00:00Z",7631.090042,"Reserved Instance","Hours","contract-644173","2024-10-01T00:00:00Z","2024-09-01T00:00:00Z","Oracle","USD",6515.094894,"Oracle"
"USD","{}","Other","Spend",4700.10395,"2024-08-26T00:00:00Z","ContractCommitmentDescription 7690",3333.083937,"Committed Use Discount","Daily","contractcommitment-999398","2024-10-10T00:00:00Z","Pending","Discontinuous","Public","Custom","Partial Upfront",2882.177954,"2024-10-01T00:00:00Z","2024-09-01T00:00:00Z",9451.935396,"Committed Use Discount","Hours","contract-576919","2024-10-01T00:00:00Z","2024-09-01T00:00:00Z","Google","USD",880.597928,"Google"
"USD","{}","Discount","Usage",4132.475708,"2024-08-21T00:00:00Z","ContractCommitmentDescription 4073",5184.393925,"Committed Use Discount","Total Term","contractcommitment-755788","2024-10-02T00:00:00Z","Exhausted","Continuous","Negotiated","One-Time","All Upfront",1.0,"2024-10-01T00:00:00Z","2024-09-01T00:00:00Z",2880.29145,"Committed Use Discount","Hours","contract-227324","2024-10-01T00:00:00Z","2024-09-01T00:00:00Z","Google","USD",288.694424,"Google"
"USD","{}","Other","Spend",2247.006595,"2024-08-26T00:00:00Z","ContractCommitmentDescription 2858",4614.478942,"Reserved Instance","Weekly","contractcommitment-622584","2024-10-05T00:00:00Z","Canceled","Discontinuous","Public","Semi-Annual","Partial Upfront",9802.446326,"2024-10-01T00:00:00Z","2024-09-01T00:00:00Z",2437.309061,"Committed Use Discount","Hours","contract-502219","2024-10-01T00:00:00Z","2024-09-01T00:00:00Z","Microsoft","USD",1906.103709,"Microsoft"
"USD","{}","Availability","Spend",2828.389833,"2024-08-29T00:00:00Z","ContractCommitmentDescription 5891",NULL,"Committed Use Discount","Total Term","contractcommitment-255813","2024-10-05T00:00:00Z","Exhausted","Discontinuous","Public","One-Time","All Upfront",1.0,"2024-10-01T00:00:00Z","2024-09-01T00:00:00Z",3772.100542,"Savings Plan","Hours","contract-831380","2024-10-01T00:00:00Z","2024-09-01T00:00:00Z","Microsoft","USD",2388.055442,"Microsoft"
"USD","{}","Other","Usage",3860.787525,"2024-08-24T00:00:00Z","ContractCommitmentDescription 3492",4953.286496,"Reserved Instance","Weekly","contractcommitment-626690","2024-10-07T00:00:00Z","Expired","Discontinuous","Negotiated","Semi-Annual","No Upfront",0.0,"2024-10-01T00:00:00Z","2024-09-01T00:00:00Z",4569.280745,"Committed Use Discount","Hours","contract-529893","2024-10-01T00:00:00Z","2024-09-01T00:00:00Z","Oracle","USD",8709.329713,"Oracle"
"USD","{}","Other","Spend",8517.652924,"2024-08-29T00:00:00Z","ContractCommitmentDescription 9742",3800.093975,"Savings Plan","Total Term","contractcommitment-667296","2024-10-08T00:00:00Z","Proposed","Continuous","Negotiated","One-Time","All Upfront",1.0,"2024-10-01T00:00:00Z","2024-09-01T00:00:00Z",9974.25923,"Committed Use Discount","Hours","contract-555052","2024-10-01T00:00:00Z","2024-09-01T00:00:00Z","Microsoft","USD",9783.377282,"Microsoft"
"USD","{}","Discount","Usage",7961.434652,"2024-08-17T00:00:00Z","ContractCommitmentDescription 5806",3584.633423,"Savings Plan","Weekly","contractcommitment-356059","2024-10-03T00:00:00Z","Expired","Discontinuous","Negotiated","Monthly","No Upfront",0.0,"2024-10-01T00:00:00Z","2024-09-01T00:00:00Z",8708.395986,"Committed Use Discount","Hours","contract-621841","2024-10-01T00:00:00Z","2024-09-01T00:00:00Z","AWS","USD",9128.29016,"AWS"
"USD","{}","Availability","Spend",8989.085317,"2024-08-24T00:00:00Z","ContractCommitmentDescription 8622",NULL,"Committed Use Discount","Transactional","contractcommitment-265649","2024-10-08T00:00:00Z","Proposed","Discontinuous","Public","Annual","Partial Upfront",6389.387024,"2024-10-01T00:00:00Z","2024-09-01T00:00:00Z",4243.089385,"Savings Plan","Hours","contract-986365","2024-10-01T00:00:00Z","2024-09-01T00:00:00Z","Microsoft","USD",3021.216705,"Microsoft"
"USD","{}","Availability","Usage",9926.920436,"2024-08-16T00:00:00Z","ContractCommitmentDescription 5837",NULL,"Committed Use Discount","Annually","contractcommitment-387813","2024-10-02T00:00:00Z","Proposed","Continuous","Public","Quarterly","No Upfront",0.0,"2024-10-01T00:00:00Z","2024-09-01T00:00:00Z",3523.209558,"Committed Use Discount","Hours","contract-751051","2024-10-01T00:00:00Z","2024-09-01T00:00:00Z","Oracle","USD",2506.268,"Oracle"
"USD","{}","Other","Spend",5795.738054,"2024-08-28T00:00:00Z","ContractCommitmentDescription 3153",901.333757,"Savings Plan","Semi-Annually","contractcommitment-883790","2024-10-11T00:00:00Z","Exhausted","Continuous","Negotiated","One-Time","All Upfront",1.0,"2024-10-01T00:00:00Z","2024-09-01T00:00:00Z",3658.575306,"Committed Use Discount","Hours","contract-970813","2024-10-01T00:00:00Z","2024-09-01T00:00:00Z","Microsoft","USD",1645.444204,"Microsoft"
"USD","{}","Discount","Spend",7541.514931,"2024-08-22T00:00:00Z","ContractCommitmentDescription 4696",8601.405969,"Committed Use Discount","Annually","contractcommitment-986827","2024-10-06T00:00:00Z","Superseded","Discontinuous","Negotiated","Semi-Annual","No Upfront",0.0,"2024-10-01T00:00:00Z","2024-09-01T00:00:00Z",1235.887368,"Savings Plan","Hours","contract-712955","2024-10-01T00:00:00Z","2024-09-01T00:00:00Z","Oracle","USD",3810.254993,"Oracle"
"USD","{}","Discount","Usage",9152.559087,"2024-08-28T00:00:00Z","ContractCommitmentDescription 4626",6476.523806,"Committed Use Discount","Total Term","contractcommitment-835132","2024-10-11T00:00:00Z","Active","Discontinuous","Negotiated","Monthly","No Upfront",0.0,"2024-10-01T00:00:00Z","2024-09-01T00:00:00Z",3043.645844,"Savings Plan","Hours","contract-201913","2024-10-01T00:00:00Z","2024-09-01T00:00:00Z","Google","USD",2348.000324,"Google"
"USD","{}","Other","Spend",8854.137839,"2024-08-19T00:00:00Z","ContractCommitmentDescription 2622",8336.930833,"Committed Use Discount","Annually","contractcommitment-393328","2024-10-08T00:00:00Z","Proposed","Discontinuous","Negotiated","Semi-Annual","Partial Upfront",9505.551699,"2024-10-01T00:00:00Z","2024-09-01T00:00:00Z",8554.501933,"Reserved Instance","Hours","contract-670913","2024-10-01T00:00:00Z","2024-09-01T00:00:00Z","Microsoft","USD",9016.962124,"Microsoft"
"USD","{}","Discount","Usage",916.734238,"2024-08-30T00:00:00Z","ContractCommitmentDescription 4475",6417.044672,"Committed Use Discount","Hourly","contractcommitment-153035","2024-10-07T00:00:00Z","Superseded","Discontinuous","Negotiated","One-Time","All Upfront",1.0,"2024-10-01T00:00:00Z","2024-09-01T00:00:00Z",8298.178372,"Committed Use Discount","Hours","contract-714867","2024-10-01T00:00:00Z","2024-09-01T00:00:00Z","Google","USD",2159.513519,"Google"
"USD","{}","Availability","Spend",9875.273044,"2024-08-21T00:00:00Z","ContractCommitmentDescription 9850",NULL,"Reserved Instance","Daily","contractcommitment-793169","2024-10-03T00:00:00Z","Superseded","Continuous","Negotiated","One-Time","Partial Upfront",7899.846642,"2024-10-01T00:00:00Z","2024-09-01T00:00:00Z",2379.316061,"Savings Plan","Hours","contract-282710","2024-10-01T00:00:00Z","2024-09-01T00:00:00Z","Microsoft","USD",2653.675083,"Microsoft"
"USD","{}","Discount","Usage",4482.752143,"2024-08-18T00:00:00Z","ContractCommitmentDescription 6931",5132.379576,"Reserved Instance","Total Term","contractcommitment-628313","2024-10-09T00:00:00Z","Pending","Continuous","Public","One-Time","All Upfront",1.0,"2024-10-01T00:00:00Z","2024-09-01T00:00:00Z",608.254075,"Savings Plan","Hours","contract-546980","2024-10-01T00:00:00Z","2024-09-01T00:00:00Z","Microsoft","USD",6860.974961,"Microsoft"
"USD","{}","Entitlement","Spend",1261.915883,"2024-08-17T00:00:00Z","ContractCommitmentDescription 9984",7121.527964,"Savings Plan","Custom","contractcommitment-656329","2024-10-02T00:00:00Z","Active","Discontinuous","Public","One-Time","All Upfront",1.0,"2024-10-01T00:00:00Z","2024-09-01T00:00:00Z",6547.129575,"Committed Use Discount","Hours","contract-550961","2024-10-01T00:00:00Z","2024-09-01T00:00:00Z","Oracle","USD",4515.54916,"Oracle"
"USD","{}","Other","Spend",3125.4835,"2024-08-18T00:00:00Z","ContractCommitmentDescription 6120",6651.078631,"Savings Plan","Weekly","contractcommitment-820184","2024-10-06T00:00:00Z","Exhausted","Continuous","Negotiated","One-Time","No Upfront",0.0,"2024-10-01T00:00:00Z","2024-09-01T00:00:00Z",7445.889692,"Savings Plan","Hours","contract-683397","2024-10-01T00:00:00Z","2024-09-01T00:00:00Z","Microsoft","USD",599.80978,"Microsoft"
"USD","{}","Other","Spend",9683.986253,"2024-08-28T00:00:00Z","ContractCommitmentDescription 6119",3516.461857,"Committed Use Discount","Transactional","contractcommitment-323072","2024-10-07T00:00:00Z","Pending","Discontinuous","Negotiated","One-Time","Partial Upfront",8453.734186,"2024-10-01T00:00:00Z","2024-09-01T00:00:00Z",3675.610506,"Savings Plan","Hours","contract-946432","2024-10-01T00:00:00Z","2024-09-01T00:00:00Z","Google","USD",4291.124109,"Google"
"USD","{}","Entitlement","Usage",7026.987729,"2024-08-12T00:00:00Z","ContractCommitmentDescription 6062",9215.37521,"Savings Plan","Hourly","contractcommitment-290217","2024-10-11T00:00:00Z","Superseded","Continuous","Public","One-Time","No Upfront",0.0,"2024-10-01T00:00:00Z","2024-09-01T00:00:00Z",9718.103188,"Reserved Instance","Hours","contract-325583","2024-10-01T00:00:00Z","2024-09-01T00:00:00Z","AWS","USD",3761.944057,"AWS"
"USD","{}","Availability","Spend",8833.421845,"2024-08-21T00:00:00Z","ContractCommitmentDescription 3549",NULL,"Committed Use Discount","Hourly","contractcommitment-806707","2024-10-03T00:00:00Z","Proposed","Discontinuous","Public","Custom","Partial Upfront",4856.617049,"2024-10-01T00:00:00Z","2024-09-01T00:00:00Z",4420.441867,"Savings Plan","Hours","contract-891615","2024-10-01T00:00:00Z","2024-09-01T00:00:00Z","Oracle","USD",5123.463058,"Oracle"
"USD","{}","Other","Usage",454.173626,"2024-08-18T00:00:00Z","ContractCommitmentDescription 7475",9844.456583,"Reserved Instance","Hourly","contractcommitment-314353","2024-10-02T00:00:00Z","Active","Continuous","Negotiated","Quarterly","Partial Upfront",3281.223559,"2024-10-01T00:00:00Z","2024-09-01T00:00:00Z",77.299066,"Committed Use Discount","Hours","contract-284229","2024-10-01T00:00:00Z","2024-09-01T00:00:00Z","Google","USD",1291.857018,"Google"
"USD","{}","Other","Spend",4362.195955,"2024-08-15T00:00:00Z","ContractCommitmentDescription 8532",9211.624345,"Savings Plan","Custom","contractcommitment-550137","2024-10-09T00:00:00Z","Expired","Discontinuous","Public","Quarterly","No Upfront",0.0,"2024-10-01T00:00:00Z","2024-09-01T00:00:00Z",9661.99691,"Reserved Instance","Hours","contract-972442","2024-10-01T00:00:00Z","2024-09-01T00:00:00Z","Microsoft","USD",6896.100411,"Microsoft"
"USD","{}","Other","Usage",5239.62543,"2024-08-29T00:00:00Z","ContractCommitmentDescription 7484",8705.244162,"Committed Use Discount","Semi-Annually","contractcommitment-332335","2024-10-07T00:00:00Z","Active","Continuous","Negotiated","One-Time","All Upfront",1.0,"2024-10-01T00:00:00Z","2024-09-01T00:00:00Z",5099.520623,"Savings Plan","Hours","contract-862712","2024-10-01T00:00:00Z","2024-09-01T00:00:00Z","Google","USD",9582.23349,"Google"
"USD","{}","Entitlement","Spend",6023.989853,"2024-08-24T00:00:00Z","ContractCommitmentDescription 2234",1771.461289,"Committed Use Discount","Total Term","contractcommitment-586490","2024-10-02T00:00:00Z","Superseded","Discontinuous","Public","Custom","Partial Upfront",1509.574014,"2024-10-01T00:00:00Z","2024-09-01T00:00:00Z",682.862585,"Savings Plan","Hours","contract-935012","2024-10-01T00:00:00Z","2024-09-01T00:00:00Z","Microsoft","USD",2746.736675,"Microsoft"
"USD","{}","Other","Usage",376.072456,"2024-08-20T00:00:00Z","ContractCommitmentDescription 7041",8316.966317,"Reserved Instance","Daily","contractcommitment-744883","2024-10-09T00:00:00Z","Expired","Discontinuous","Public","One-Time","All Upfront",1.0,"2024-10-01T00:00:00Z","2024-09-01T00:00:00Z",7389.210455,"Reserved Instance","Hours","contract-949153","2024-10-01T00:00:00Z","2024-09-01T00:00:00Z","AWS","USD",5716.566865,"AWS"
"USD","{}","Entitlement","Spend",4505.23109,"2024-08-21T00:00:00Z","ContractCommitmentDescription 6626",9823.855811,"Reserved Instance","Transactional","contractcommitment-777513","2024-10-10T00:00:00Z","Pending","Continuous","Negotiated","Custom","Partial Upfront",9909.860226,"2024-10-01T00:00:00Z","2024-09-01T00:00:00Z",5240.685532,"Committed Use Discount","Hours","contract-481574","2024-10-01T00:00:00Z","2024-09-01T00:00:00Z","Microsoft","USD",3728.519821,"Microsoft"
"USD","{}","Discount","Usage",659.118543,"2024-08-19T00:00:00Z","ContractCommitmentDescription 2548",5579.632124,"Savings Plan","Quarterly","contractcommitment-364236","2024-10-07T00:00:00Z","Canceled","Continuous","Public","One-Time","All Upfront",1.0,"2024-10-01T00:00:00Z","2024-09-01T00:00:00Z",9167.464551,"Savings Plan","Hours","contract-235215","2024-10-01T00:00:00Z","2024-09-01T00:00:00Z","Google","USD",5950.412282,"Google"
"USD","{}","Availability","Spend",6701.164,"2024-08-22T00:00:00Z","ContractCommitmentDescription 9624",NULL,"Committed Use Discount","Annually","contractcommitment-633188","2024-10-09T00:00:00Z","Active","Continuous","Public","Quarterly","No Upfront",0.0,"2024-10-01T00:00:00Z","2024-09-01T00:00:00Z",3417.323451,"Savings Plan","Hours","contract-337547","2024-10-01T00:00:00Z","2024-09-01T00:00:00Z","AWS","USD",9999.766211,"AWS"
"USD","{}","Discount","Usage",8763.927725,"2024-08-29T00:00:00Z","ContractCommitmentDescription 3147",5972.464411,"Reserved Instance","Weekly","contractcommitment-289630","2024-10-05T00:00:00Z","Superseded","Continuous","Public","One-Time","Partial Upfront",3642.994141,"2024-10-01T00:00:00Z","2024-09-01T00:00:00Z",7195.856738,"Savings Plan","Hours","contract-888939","2024-10-01T00:00:00Z","2024-09-01T00:00:00Z","Microsoft","USD",7485.365181,"Microsoft"
"USD","{}","Other","Spend",3678.409582,"2024-08-24T00:00:00Z","ContractCommitmentDescription 8218",4616.799784,"Savings Plan","Annually","contractcommitment-627335","2024-10-09T00:00:00Z","Expired","Discontinuous","Negotiated","One-Time","All Upfront",1.0,"2024-10-01T00:00:00Z","2024-09-01T00:00:00Z",2500.032116,"Committed Use Discount","Hours","contract-489244","2024-10-01T00:00:00Z","2024-09-01T00:00:00Z","Oracle","USD",5545.407454,"Oracle"
"USD","{}","Entitlement","Usage",4493.192204,"2024-08-15T00:00:00Z","ContractCommitmentDescription 9410",1473.48656,"Savings Plan","Daily","contractcommitment-332823","2024-10-02T00:00:00Z","Superseded","Discontinuous","Public","One-Time","Partial Upfront",532.568872,"2024-10-01T00:00:00Z","2024-09-01T00:00:00Z",5020.071147,"Reserved Instance","Hours","contract-185569","2024-10-01T00:00:00Z","2024-09-01T00:00:00Z","AWS","USD",3749.126734,"AWS"
"USD","{}","Entitlement","Spend",2868.793973,"2024-08-21T00:00:00Z","ContractCommitmentDescription 8740",6960.719886,"Reserved Instance","Total Term","contractcommitment-570392","2024-10-02T00:00:00Z","Expired","Continuous","Negotiated","One-Time","Partial Upfront",2156.547445,"2024-10-01T00:00:00Z","2024-09-01T00:00:00Z",1495.19619,"Committed Use Discount","Hours","contract-543814","2024-10-01T00:00:00Z","2024-09-01T00:00:00Z","AWS","USD",1111.868603,"AWS"
"USD","{}","Entitlement","Usage",6389.517322,"2024-08-24T00:00:00Z","ContractCommitmentDescription 8489",628.07151,"Savings Plan","Custom","contractcommitment-662093","2024-10-05T00:00:00Z","Proposed","Continuous","Negotiated","Quarterly","Partial Upfront",15.643359,"2024-10-01T00:00:00Z","2024-09-01T00:00:00Z",3528.160396,"Committed Use Discount","Hours","contract-296412","2024-10-01T00:00:00Z","2024-09-01T00:00:00Z","Google","USD",6643.713017,"Google"
"USD","{}","Discount","Usage",8733.314385,"2024-08-15T00:00:00Z","ContractCommitmentDescription 1713",6356.707915,"Savings Plan","Quarterly","contractcommitment-883618","2024-10-06T00:00:00Z","Proposed","Discontinuous","Negotiated","Quarterly","No Upfront",0.0,"2024-10-01T00:00:00Z","2024-09-01T00:00:00Z",6282.569625,"Committed Use Discount","Hours","contract-239890","2024-10-01T00:00:00Z","2024-09-01T00:00:00Z","AWS","USD",443.356883,"AWS"
"USD","{}","Other","Spend",8114.976818,"2024-08-26T00:00:00Z","ContractCommitmentDescription 2033",7160.450576,"Savings Plan","Hourly","contractcommitment-407696","2024-10-11T00:00:00Z","Pending","Continuous","Negotiated","One-Time","Partial Upfront",9333.7098,"2024-10-01T00:00:00Z","2024-09-01T00:00:00Z",5153.835893,"Committed Use Discount","Hours","contract-365618","2024-10-01T00:00:00Z","2024-09-01T00:00:00Z","Google","USD",366.207715,"Google"
"USD","{}","Availability","Usage",1244.750082,"2024-08-22T00:00:00Z","ContractCommitmentDescription 7029",NULL,"Savings Plan","Total Term","contractcommitment-505426","2024-10-06T00:00:00Z","Active","Continuous","Public","Custom","Partial Upfront",3673.46927,"2024-10-01T00:00:00Z","2024-09-01T00:00:00Z",7972.908804,"Savings Plan","Hours","contract-862400","2024-10-01T00:00:00Z","2024-09-01T00:00:00Z","Microsoft","USD",4244.996613,"Microsoft"
"USD","{}","Availability","Spend",800.689111,"2024-08-12T00:00:00Z","ContractCommitmentDescription 5843",NULL,"Committed Use Discount","Annually","contractcommitment-274739","2024-10-03T00:00:00Z","Canceled","Discontinuous","Public","Semi-Annual","No Upfront",0.0,"2024-10-01T00:00:00Z","2024-09-01T00:00:00Z",9116.072308,"Committed Use Discount","Hours","contract-387892","2024-10-01T00:00:00Z","2024-09-01T00:00:00Z","Oracle","USD",6394.693105,"Oracle"
"USD","{}","Entitlement","Spend",1427.794684,"2024-08-29T00:00:00Z","ContractCommitmentDescription 8179",347.989658,"Reserved Instance","Monthly","contractcommitment-916332","2024-10-11T00:00:00Z","Canceled","Discontinuous","Public","One-Time","All Upfront",1.0,"2024-10-01T00:00:00Z","2024-09-01T00:00:00Z",1534.381634,"Savings Plan","Hours","contract-490084","2024-10-01T00:00:00Z","2024-09-01T00:00:00Z","AWS","USD",4439.392892,"AWS"
"USD","{}","Other","Usage",6495.607367,"2024-08-13T00:00:00Z","ContractCommitmentDescription 5089",9605.200523,"Reserved Instance","Weekly","contractcommitment-623285","2024-10-03T00:00:00Z","Expired","Discontinuous","Negotiated","Quarterly","Partial Upfront",7040.378112,"2024-10-01T00:00:00Z","2024-09-01T00:00:00Z",2145.704254,"Committed Use Discount","Hours","contract-827691","2024-10-01T00:00:00Z","2024-09-01T00:00:00Z","AWS","USD",9164.789095,"AWS"
"USD","{}","Other","Spend",8986.790308,"2024-08-25T00:00:00Z","ContractCommitmentDescription 8292",9972.62404,"Committed Use Discount","Semi-Annually","contractcommitment-800280","2024-10-02T00:00:00Z","Active","Continuous","Public","Quarterly","No Upfront",0.0,"2024-10-01T00:00:00Z","2024-09-01T00:00:00Z",9273.244567,"Committed Use Discount","Hours","contract-932250","2024-10-01T00:00:00Z","2024-09-01T00:00:00Z","Oracle","USD",3614.921831,"Oracle"
"USD","{}","Other","Spend",3608.965244,"2024-08-28T00:00:00Z","ContractCommitmentDescription 7044",4674.058393,"Committed Use Discount","Weekly","contractcommitment-741674","2024-10-04T00:00:00Z","Proposed","Continuous","Public","One-Time","All Upfront",1.0,"2024-10-01T00:00:00Z","2024-09-01T00:00:00Z",5256.956548,"Savings Plan","Hours","contract-231414","2024-10-01T00:00:00Z","2024-09-01T00:00:00Z","Microsoft","USD",9723.797315,"Microsoft"
"USD","{}","Entitlement","Spend",7677.816374,"2024-08-17T00:00:00Z","ContractCommitmentDescription 3114",4326.182865,"Reserved Instance","Daily","contractcommitment-643269","2024-10-08T00:00:00Z","Pending","Discontinuous","Negotiated","Monthly","Partial Upfront",9347.378366,"2024-10-01T00:00:00Z","2024-09-01T00:00:00Z",2254.702847,"Committed Use Discount","Hours","contract-987025","2024-10-01T00:00:00Z","2024-09-01T00:00:00Z","AWS","USD",788.599048,"AWS"
"USD","{}","Availability","Spend",5025.731447,"2024-08-14T00:00:00Z","ContractCommitmentDescription 3762",NULL,"Committed Use Discount","Weekly","contractcommitment-279516","2024-10-05T00:00:00Z","Canceled","Discontinuous","Negotiated","One-Time","No Upfront",0.0,"2024-10-01T00:00:00Z","2024-09-01T00:00:00Z",6414.537338,"Committed Use Discount","Hours","contract-782759","2024-10-01T00:00:00Z","2024-09-01T00:00:00Z","Microsoft","USD",2108.083797,"Microsoft"
"USD","{}","Availability","Usage",4829.448182,"2024-08-12T00:00:00Z","ContractCommitmentDescription 7653",NULL,"Reserved Instance","Hourly","contractcommitment-265759","2024-10-11T00:00:00Z","Exhausted","Discontinuous","Public","Semi-Annual","No Upfront",0.0,"2024-10-01T00:00:00Z","2024-09-01T00:00:00Z",1436.686912,"Committed Use Discount","Hours","contract-869864","2024-10-01T00:00:00Z","2024-09-01T00:00:00Z","Oracle","USD",9880.233695,"Oracle"
"USD","{}","Discount","Usage",2417.378609,"2024-08-19T00:00:00Z","ContractCommitmentDescription 3007",2674.716745,"Reserved Instance","Weekly","contractcommitment-201514","2024-10-03T00:00:00Z","Proposed","Discontinuous","Public","Annual","Partial Upfront",2482.702804,"2024-10-01T00:00:00Z","2024-09-01T00:00:00Z",8653.075017,"Reserved Instance","Hours","contract-705748","2024-10-01T00:00:00Z","2024-09-01T00:00:00Z","Google","USD",7211.284288,"Google"
"USD","{}","Other","Usage",4973.70273,"2024-08-26T00:00:00Z","ContractCommitmentDescription 2475",9452.328041,"Committed Use Discount","Total Term","contractcommitment-352422","2024-10-08T00:00:00Z","Pending","Discontinuous","Negotiated","One-Time","Partial Upfront",4948.942035,"2024-10-01T00:00:00Z","2024-09-01T00:00:00Z",8823.394764,"Committed Use Discount","Hours","contract-399628","2024-10-01T00:00:00Z","2024-09-01T00:00:00Z","Microsoft","USD",5366.907493,"Microsoft"
"USD","{}","Availability","Usage",3659.373525,"2024-08-18T00:00:00Z","ContractCommitmentDescription 7563",NULL,"Committed Use Discount","Monthly","contractcommitment-480133","2024-10-03T00:00:00Z","Expired","Discontinuous","Negotiated","One-Time","All Upfront",1.0,"2024-10-01T00:00:00Z","2024-09-01T00:00:00Z",5498.570895,"Committed Use Discount","Hours","contract-234913","2024-10-01T00:00:00Z","2024-09-01T00:00:00Z","AWS","USD",9750.828154,"AWS"
"USD","{}","Entitlement","Spend",6024.629512,"2024-08-20T00:00:00Z","ContractCommitmentDescription 7576",5000.779036,"Reserved Instance","Hourly","contractcommitment-243693","2024-10-06T00:00:00Z","Canceled","Discontinuous","Public","Annual","Partial Upfront",1489.406646,"2024-10-01T00:00:00Z","2024-09-01T00:00:00Z",8931.316921,"Reserved Instance","Hours","contract-742848","2024-10-01T00:00:00Z","2024-09-01T00:00:00Z","Oracle","USD",3185.300318,"Oracle"
"USD","{}","Other","Usage",4748.926,"2024-08-12T00:00:00Z","ContractCommitmentDescription 1272",3683.578099,"Committed Use Discount","Daily","contractcommitment-536774","2024-10-05T00:00:00Z","Expired","Discontinuous","Negotiated","Annual","Partial Upfront",2655.30437,"2024-10-01T00:00:00Z","2024-09-01T00:00:00Z",6555.909722,"Committed Use Discount","Hours","contract-856442","2024-10-01T00:00:00Z","2024-09-01T00:00:00Z","Oracle","USD",513.551651,"Oracle"
"USD","{}","Entitlement","Spend",315.705133,"2024-08-26T00:00:00Z","ContractCommitmentDescription 2800",1907.843278,"Savings Plan","Semi-Annually","contractcommitment-539122","2024-10-09T00:00:00Z","Pending","Discontinuous","Negotiated","One-Time","All Upfront",1.0,"2024-10-01T00:00:00Z","2024-09-01T00:00:00Z",9205.209499,"Committed Use Discount","Hours","contract-840058","2024-10-01T00:00:00Z","2024-09-01T00:00:00Z","Oracle","USD",1380.824858,"Oracle"
"USD","{}","Other","Usage",9566.854922,"2024-08-14T00:00:00Z","ContractCommitmentDescription 8531",9121.241609,"Savings Plan","Transactional","contractcommitment-471496","2024-10-06T00:00:00Z","Canceled","Discontinuous","Public","Monthly","No Upfront",0.0,"2024-10-01T00:00:00Z","2024-09-01T00:00:00Z",2984.991612,"Savings Plan","Hours","contract-839142","2024-10-01T00:00:00Z","2024-09-01T00:00:00Z","Microsoft","USD",2072.777949,"Microsoft"
"USD","{}","Availability","Usage",1218.741057,"2024-08-21T00:00:00Z","ContractCommitmentDescription 9899",NULL,"Savings Plan","Semi-Annually","contractcommitment-910616","2024-10-08T00:00:00Z","Superseded","Continuous","Public","One-Time","Partial Upfront",9553.137177,"2024-10-01T00:00:00Z","2024-09-01T00:00:00Z",790.29436,"Savings Plan","Hours","contract-883641","2024-10-01T00:00:00Z","2024-09-01T00:00:00Z","Oracle","USD",4790.79263,"Oracle"
"USD","{}","Availability","Spend",1092.265816,"2024-08-14T00:00:00Z","ContractCommitmentDescription 4920",NULL,"Committed Use Discount","Transactional","contractcommitment-336633","2024-10-05T00:00:00Z","Canceled","Continuous","Negotiated","One-Time","Partial Upfront",3302.936235,"2024-10-01T00:00:00Z","2024-09-01T00:00:00Z",4724.03907,"Committed Use Discount","Hours","contract-105433","2024-10-01T00:00:00Z","2024-09-01T00:00:00Z","Microsoft","USD",9645.187672,"Microsoft"
"USD","{}","Entitlement","Usage",3211.677021,"2024-08-18T00:00:00Z","ContractCommitmentDescription 1969",9079.369587,"Reserved Instance","Custom","contractcommitment-343500","2024-10-11T00:00:00Z","Expired","Continuous","Negotiated","Semi-Annual","No Upfront",0.0,"2024-10-01T00:00:00Z","2024-09-01T00:00:00Z",363.398492,"Savings Plan","Hours","contract-295361","2024-10-01T00:00:00Z","2024-09-01T00:00:00Z","Microsoft","USD",9366.087448,"Microsoft"
"USD","{}","Discount","Usage",2845.616524,"2024-08-30T00:00:00Z","ContractCommitmentDescription 9901",5243.185348,"Reserved Instance","Transactional","contractcommitment-590755","2024-10-01T00:00:00Z","Active","Continuous","Negotiated","Quarterly","No Upfront",0.0,"2024-10-01T00:00:00Z","2024-09-01T00:00:00Z",6482.853387,"Committed Use Discount","Hours","contract-114768","2024-10-01T00:00:00Z","2024-09-01T00:00:00Z","Google","USD",7366.178955,"Google"
"USD","{}","Other","Usage",5152.80659,"2024-08-13T00:00:00Z","ContractCommitmentDescription 2421",4008.332466,"Reserved Instance","Weekly","contractcommitment-247442","2024-10-11T00:00:00Z","Exhausted","Discontinuous","Negotiated","One-Time","Partial Upfront",3835.743907,"2024-10-01T00:00:00Z","2024-09-01T00:00:00Z",4467.355218,"Savings Plan","Hours","contract-416613","2024-10-01T00:00:00Z","2024-09-01T00:00:00Z","Google","USD",5824.607516,"Google"
"USD","{}","Entitlement","Spend",6677.861148,"2024-08-23T00:00:00Z","ContractCommitmentDescription 8625",3068.06342,"Savings Plan","Transactional","contractcommitment-837733","2024-10-11T00:00:00Z","Superseded","Discontinuous","Negotiated","Custom","Partial Upfront",3675.439031,"2024-10-01T00:00:00Z","2024-09-01T00:00:00Z",2208.4924,"Reserved Instance","Hours","contract-260626","2024-10-01T00:00:00Z","2024-09-01T00:00:00Z","AWS","USD",4549.786728,"AWS"
"USD","{}","Entitlement","Spend",6803.419199,"2024-08-18T00:00:00Z","ContractCommitmentDescription 2341",5255.066562,"Committed Use Discount","Semi-Annually","contractcommitment-181896","2024-10-09T00:00:00Z","Expired","Continuous","Negotiated","One-Time","All Upfront",1.0,"2024-10-01T00:00:00Z","2024-09-01T00:00:00Z",5366.601583,"Reserved Instance","Hours","contract-995993","2024-10-01T00:00:00Z","2024-09-01T00:00:00Z","Google","USD",5203.415412,"Google"
"USD","{}","Other","Spend",4534.323002,"2024-08-25T00:00:00Z","ContractCommitmentDescription 9409",4154.245738,"Committed Use Discount","Hourly","contractcommitment-685941","2024-10-10T00:00:00Z","Exhausted","Discontinuous","Negotiated","Semi-Annual","Partial Upfront",8164.532259,"2024-10-01T00:00:00Z","2024-09-01T00:00:00Z",7458.044828,"Committed Use Discount","Hours","contract-147489","2024-10-01T00:00:00Z","2024-09-01T00:00:00Z","AWS","USD",4236.973848,"AWS"
"USD","{}","Discount","Usage",4088.669358,"2024-08-14T00:00:00Z","ContractCommitmentDescription 3218",7658.276829,"Committed Use Discount","Annually","contractcommitment-492650","2024-10-01T00:00:00Z","Exhausted","Discontinuous","Public","Semi-Annual","No Upfront",0.0,"2024-10-01T00:00:00Z","2024-09-01T00:00:00Z",6617.925381,"Committed Use Discount","Hours","contract-785280","2024-10-01T00:00:00Z","2024-09-01T00:00:00Z","AWS","USD",8602.865811,"AWS"
"USD","{}","Entitlement","Spend",8348.216117,"2024-08-26T00:00:00Z","ContractCommitmentDescription 1372",9784.906827,"Savings Plan","Transactional","contractcommitment-544730","2024-10-09T00:00:00Z","Expired","Discontinuous","Negotiated","Monthly","Partial Upfront",3461.59735,"2024-10-01T00:00:00Z","2024-09-01T00:00:00Z",2756.497278,"Committed Use Discount","Hours","contract-133782","2024-10-01T00:00:00Z","2024-09-01T00:00:00Z","AWS","USD",8094.781835,"AWS"
"USD","{}","Discount","Spend",5939.441475,"2024-08-12T00:00:00Z","ContractCommitmentDescription 8314",5977.848967,"Committed Use Discount","Hourly","contractcommitment-356622","2024-10-01T00:00:00Z","Canceled","Continuous","Public","Semi-Annual","No Upfront",0.0,"2024-10-01T00:00:00Z","2024-09-01T00:00:00Z",7543.857087,"Reserved Instance","Hours","contract-628373","2024-10-01T00:00:00Z","2024-09-01T00:00:00Z","Oracle","USD",9934.834412,"Oracle"
"USD","{}","Availability","Spend",3017.644351,"2024-08-13T00:00:00Z","ContractCommitmentDescription 3347",NULL,"Committed Use Discount","Monthly","contractcommitment-533649","2024-10-06T00:00:00Z","Active","Discontinuous","Negotiated","One-Time","All Upfront",1.0,"2024-10-01T00:00:00Z","2024-09-01T00:00:00Z",9115.776656,"Committed Use Discount","Hours","contract-682851","2024-10-01T00:00:00Z","2024-09-01T00:00:00Z","Microsoft","USD",4956.207875,"Microsoft"
"USD","{}","Other","Usage",1492.176078,"2024-08-19T00:00:00Z","ContractCommitmentDescription 7167",1838.789787,"Committed Use Discount","Total Term","contractcommitment-352673","2024-10-09T00:00:00Z","Superseded","Continuous","Public","Custom","No Upfront",0.0,"2024-10-01T00:00:00Z","2024-09-01T00:00:00Z",9147.411738,"Committed Use Discount","Hours","contract-536740","2024-10-01T00:00:00Z","2024-09-01T00:00:00Z","Google","USD",5572.867582,"Google"
"USD","{}","Availability","Spend",9222.261045,"2024-08-19T00:00:00Z","ContractCommitmentDescription 7079",NULL,"Committed Use Discount","Monthly","contractcommitment-154040","2024-10-04T00:00:00Z","Active","Discontinuous","Negotiated","One-Time","No Upfront",0.0,"2024-10-01T00:00:00Z","2024-09-01T00:00:00Z",5875.836888,"Committed Use Discount","Hours","contract-602681","2024-10-01T00:00:00Z","2024-09-01T00:00:00Z","Microsoft","USD",2088.890886,"Microsoft"
"USD","{}","Discount","Usage",9144.412968,"2024-08-22T00:00:00Z","ContractCommitmentDescription 4350",3966.320598,"Reserved Instance","Transactional","contractcommitment-437237","2024-10-01T00:00:00Z","Superseded","Discontinuous","Public","One-Time","All Upfront",1.0,"2024-10-01T00:00:00Z","2024-09-01T00:00:00Z",3084.222843,"Savings Plan","Hours","contract-621433","2024-10-01T00:00:00Z","2024-09-01T00:00:00Z","Google","USD",4660.040669,"Google"
"USD","{}","Other","Spend",5625.247275,"2024-08-21T00:00:00Z","ContractCommitmentDescription 4625",7412.523787,"Reserved Instance","Quarterly","contractcommitment-680189","2024-10-04T00:00:00Z","Expired","Discontinuous","Public","Monthly","No Upfront",0.0,"2024-10-01T00:00:00Z","2024-09-01T00:00:00Z",3798.397747,"Reserved Instance","Hours","contract-677390","2024-10-01T00:00:00Z","2024-09-01T00:00:00Z","Oracle","USD",6546.079661,"Oracle"
"USD","{}","Entitlement","Usage",1692.657109,"2024-08-23T00:00:00Z","ContractCommitmentDescription 9954",4883.163213,"Committed Use Discount","Hourly","contractcommitment-649395","2024-10-08T00:00:00Z","Proposed","Continuous","Negotiated","One-Time","Partial Upfront",1374.915305,"2024-10-01T00:00:00Z","2024-09-01T00:00:00Z",6307.016479,"Reserved Instance","Hours","contract-109585","2024-10-01T00:00:00Z","2024-09-01T00:00:00Z","Google","USD",2187.196725,"Google"
"USD","{}","Other","Usage",157.317669,"2024-08-20T00:00:00Z","ContractCommitmentDescription 9719",5516.435609,"Reserved Instance","Hourly","contractcommitment-655134","2024-10-01T00:00:00Z","Canceled","Discontinuous","Public","One-Time","All Upfront",1.0,"2024-10-01T00:00:00Z","2024-09-01T00:00:00Z",6740.329521,"Reserved Instance","Hours","contract-200992","2024-10-01T00:00:00Z","2024-09-01T00:00:00Z","Oracle","USD",5243.854012,"Oracle"
"USD","{}","Availability","Usage",7949.363321,"2024-08-25T00:00:00Z","ContractCommitmentDescription 2294",NULL,"Savings Plan","Total Term","contractcommitment-692447","2024-10-10T00:00:00Z","Pending","Continuous","Public","Custom","No Upfront",0.0,"2024-10-01T00:00:00Z","2024-09-01T00:00:00Z",8582.19159,"Reserved Instance","Hours","contract-524965","2024-10-01T00:00:00Z","2024-09-01T00:00:00Z","Microsoft","USD",3792.640222,"Microsoft"
"USD","{}","Entitlement","Spend",4998.583931,"2024-08-30T00:00:00Z","ContractCommitmentDescription 8109",6449.072419,"Savings Plan","Custom","contractcommitment-999636","2024-10-11T00:00:00Z","Proposed","Continuous","Negotiated","One-Time","All Upfront",1.0,"2024-10-01T00:00:00Z","2024-09-01T00:00:00Z",4755.002876,"Reserved Instance","Hours","contract-817675","2024-10-01T00:00:00Z","2024-09-01T00:00:00Z","Oracle","USD",9255.848101,"Oracle"
"USD","{}","Entitlement","Usage",9288.749403,"2024-08-26T00:00:00Z","ContractCommitmentDescription 5903",1624.502507,"Reserved Instance","Custom","contractcommitment-975194","2024-10-06T00:00:00Z","Superseded","Discontinuous","Public","One-Time","All Upfront",1.0,"2024-10-01T00:00:00Z","2024-09-01T00:00:00Z",9884.779579,"Committed Use Discount","Hours","contract-625119","2024-10-01T00:00:00Z","2024-09-01T00:00:00Z","AWS","USD",7454.565613,"AWS"
"USD","{}","Discount","Usage",6051.687432,"2024-08-30T00:00:00Z","ContractCommitmentDescription 7499",9689.205272,"Savings Plan","Hourly","contractcommitment-764926","2024-10-02T00:00:00Z","Active","Discontinuous","Public","Monthly","Partial Upfront",5530.37725,"2024-10-01T00:00:00Z","2024-09-01T00:00:00Z",3754.26996,"Reserved Instance","Hours","contract-189856","2024-10-01T00:00:00Z","2024-09-01T00:00:00Z","Google","USD",7721.674041,"Google"
"USD","{}","Entitlement","Usage",7116.771548,"2024-08-24T00:00:00Z","ContractCommitmentDescription 3527",7396.55289,"Savings Plan","Semi-Annually","contractcommitment-211726","2024-10-02T00:00:00Z","Proposed","Continuous","Public","Semi-Annual","Partial Upfront",7613.464912,"2024-10-01T00:00:00Z","2024-09-01T00:00:00Z",1022.314141,"Reserved Instance","Hours","contract-551914","2024-10-01T00:00:00Z","2024-09-01T00:00:00Z","Google","USD",4488.43677,"Google"
"USD","{}","Discount","Usage",8637.181773,"2024-08-28T00:00:00Z","ContractCommitmentDescription 1202",2918.473513,"Savings Plan","Daily","contractcommitment-860053","2024-10-01T00:00:00Z","Expired","Continuous","Negotiated","Custom","Partial Upfront",1695.017452,"2024-10-01T00:00:00Z","2024-09-01T00:00:00Z",2689.189635,"Savings Plan","Hours","contract-253023","2024-10-01T00:00:00Z","2024-09-01T00:00:00Z","Oracle","USD",632.671503,"Oracle"
"USD","{}","Discount","Usage",2516.997378,"2024-08-23T00:00:00Z","ContractCommitmentDescription 5040",7208.994525,"Savings Plan","Custom","contractcommitment-746624","2024-10-07T00:00:00Z","Pending","Discontinuous","Negotiated","Monthly","Partial Upfront",67.673694,"2024-10-01T00:00:00Z","2024-09-01T00:00:00Z",3956.919784,"Committed Use Discount","Hours","contract-943135","2024-10-01T00:00:00Z","2024-09-01T00:00:00Z","Oracle","USD",8621.983106,"Oracle"
"USD","{}","Availability","Usage",6032.112684,"2024-08-21T00:00:00Z","ContractCommitmentDescription 4290",NULL,"Reserved Instance","Annually","contractcommitment-434640","2024-10-07T00:00:00Z","Active","Discontinuous","Negotiated","Quarterly","Partial Upfront",2803.001465,"2024-10-01T00:00:00Z","2024-09-01T00:00:00Z",7858.665317,"Savings Plan","Hours","contract-691240","2024-10-01T00:00:00Z","2024-09-01T00:00:00Z","Oracle","USD",1998.000487,"Oracle"
"USD","{}","Entitlement","Usage",7976.85521,"2024-08-14T00:00:00Z","ContractCommitmentDescription 2133",8189.65568,"Savings Plan","Total Term","contractcommitment-245939","2024-10-01T00:00:00Z","Canceled","Discontinuous","Negotiated","One-Time","All Upfront",1.0,"2024-10-01T00:00:00Z","2024-09-01T00:00:00Z",4231.279551,"Savings Plan","Hours","contract-570880","2024-10-01T00:00:00Z","2024-09-01T00:00:00Z","Microsoft","USD",9907.006144,"Microsoft"
"USD","{}","Other","Spend",7907.20917,"2024-08-13T00:00:00Z","ContractCommitmentDescription 6890",7016.342871,"Committed Use Discount","Custom","contractcommitment-769180","2024-10-07T00:00:00Z","Proposed","Continuous","Negotiated","One-Time","All Upfront",1.0,"2024-10-01T00:00:00Z","2024-09-01T00:00:00Z",6469.99848,"Reserved Instance","Hours","contract-889245","2024-10-01T00:00:00Z","2024-09-01T00:00:00Z","Oracle","USD",3315.967021,"Oracle"
"USD","{}","Entitlement","Spend",4457.785515,"2024-08-28T00:00:00Z","ContractCommitmentDescription 7408",4630.632086,"Committed Use Discount","Custom","contractcommitment-823975","2024-10-01T00:00:00Z","Expired","Continuous","Public","One-Time","Partial Upfront",1045.49358,"2024-10-01T00:00:00Z","2024-09-01T00:00:00Z",4159.754285,"Reserved Instance","Hours","contract-971699","2024-10-01T00:00:00Z","2024-09-01T00:00:00Z","Oracle","USD",9406.761581,"Oracle"
"USD","{}","Entitlement","Usage",3483.002966,"2024-08-20T00:00:00Z","ContractCommitmentDescription 2599",4381.659383,"Committed Use Discount","Total Term","contractcommitment-434400","2024-10-05T00:00:00Z","Proposed","Discontinuous","Negotiated","Custom","No Upfront",0.0,"2024-10-01T00:00:00Z","2024-09-01T00:00:00Z",3430.779476,"Reserved Instance","Hours","contract-876459","2024-10-01T00:00:00Z","2024-09-01T00:00:00Z","Microsoft","USD",2439.129466,"Microsoft"
"USD","{}","Other","Usage",2318.555474,"2024-08-14T00:00:00Z","ContractCommitmentDescription 7636",6297.603189,"Reserved Instance","Annually","contractcommitment-514798","2024-10-03T00:00:00Z","Proposed","Continuous","Public","Annual","Partial Upfront",3888.357804,"2024-10-01T00:00:00Z","2024-09-01T00:00:00Z",7047.35616,"Reserved Instance","Hours","contract-888870","2024-10-01T00:00:00Z","2024-09-01T00:00:00Z","Microsoft","USD",7037.597433,"Microsoft"
"USD","{}","Availability","Usage",1970.742751,"2024-08-13T00:00:00Z","ContractCommitmentDescription 2867",NULL,"Savings Plan","Transactional","contractcommitment-770153","2024-10-02T00:00:00Z","Active","Discontinuous","Public","Annual","No Upfront",0.0,"2024-10-01T00:00:00Z","2024-09-01T00:00:00Z",8455.178027,"Committed Use Discount","Hours","contract-953266","2024-10-01T00:00:00Z","2024-09-01T00:00:00Z","AWS","USD",6735.888623,"AWS"
"USD","{}","Entitlement","Usage",1178.616527,"2024-08-12T00:00:00Z","ContractCommitmentDescription 6003",1169.48904,"Savings Plan","Weekly","contractcommitment-635638","2024-10-10T00:00:00Z","Exhausted","Discontinuous","Negotiated","Annual","Partial Upfront",4230.387821,"2024-10-01T00:00:00Z","2024-09-01T00:00:00Z",4866.702157,"Committed Use Discount","Hours","contract-681868","2024-10-01T00:00:00Z","2024-09-01T00:00:00Z","Google","USD",1668.655238,"Google"
"USD","{}","Discount","Usage",9518.419505,"2024-08-27T00:00:00Z","ContractCommitmentDescription 8939",1365.347147,"Savings Plan","Transactional","contractcommitment-629990","2024-10-03T00:00:00Z","Canceled","Discontinuous","Public","Custom","Partial Upfront",4156.304353,"2024-10-01T00:00:00Z","2024-09-01T00:00:00Z",8398.918021,"Savings Plan","Hours","contract-186686","2024-10-01T00:00:00Z","2024-09-01T00:00:00Z","Google","USD",5653.977992,"Google"
"USD","{}","Availability","Spend",7807.401974,"2024-08-22T00:00:00Z","ContractCommitmentDescription 9115",NULL,"Reserved Instance","Custom","contractcommitment-219754","2024-10-01T00:00:00Z","Active","Discontinuous","Negotiated","Custom","Partial Upfront",5463.532747,"2024-10-01T00:00:00Z","2024-09-01T00:00:00Z",9897.757279,"Reserved Instance","Hours","contract-412170","2024-10-01T00:00:00Z","2024-09-01T00:00:00Z","Microsoft","USD",8748.098463,"Microsoft"
"USD","{}","Other","Spend",7756.316499,"2024-08-17T00:00:00Z","ContractCommitmentDescription 4882",2098.781676,"Committed Use Discount","Custom","contractcommitment-822608","2024-10-05T00:00:00Z","Active","Discontinuous","Negotiated","Annual","No Upfront",0.0,"2024-10-01T00:00:00Z","2024-09-01T00:00:00Z",8135.298655,"Reserved Instance","Hours","contract-658136","2024-10-01T00:00:00Z","2024-09-01T00:00:00Z","AWS","USD",2810.850188,"AWS"
"USD","{}","Availability","Spend",1355.889064,"2024-08-21T00:00:00Z","ContractCommitmentDescription 7743",NULL,"Savings Plan","Weekly","contractcommitment-835499","2024-10-05T00:00:00Z","Superseded","Continuous","Negotiated","One-Time","All Upfront",1.0,"2024-10-01T00:00:00Z","2024-09-01T00:00:00Z",2475.5474,"Committed Use Discount","Hours","contract-613234","2024-10-01T00:00:00Z","2024-09-01T00:00:00Z","Microsoft","USD",1421.716331,"Microsoft"
"USD","{}","Discount","Usage",5156.134721,"2024-08-18T00:00:00Z","ContractCommitmentDescription 5558",6947.036157,"Savings Plan","Total Term","contractcommitment-611751","2024-10-07T00:00:00Z","Active","Continuous","Negotiated","Custom","Partial Upfront",6348.405455,"2024-10-01T00:00:00Z","2024-09-01T00:00:00Z",6972.889778,"Reserved Instance","Hours","contract-517035","2024-10-01T00:00:00Z","2024-09-01T00:00:00Z","Google","USD",2178.29935,"Google"
"USD","{}","Availability","Usage",5473.105354,"2024-08-25T00:00:00Z","ContractCommitmentDescription 3139",NULL,"Savings Plan","Semi-Annually","contractcommitment-815707","2024-10-08T00:00:00Z","Superseded","Continuous","Negotiated","One-Time","All Upfront",1.0,"2024-10-01T00:00:00Z","2024-09-01T00:00:00Z",4595.817627,"Reserved Instance","Hours","contract-562721","2024-10-01T00:00:00Z","2024-09-01T00:00:00Z","Oracle","USD",4565.18136,"Oracle"
"USD","{}","Availability","Spend",6545.879644,"2024-08-25T00:00:00Z","ContractCommitmentDescription 5102",NULL,"Committed Use Discount","Weekly","contractcommitment-154302","2024-10-03T00:00:00Z","Exhausted","Discontinuous","Negotiated","One-Time","All Upfront",1.0,"2024-10-01T00:00:00Z","2024-09-01T00:00:00Z",951.83678,"Reserved Instance","Hours","contract-181724","2024-10-01T00:00:00Z","2024-09-01T00:00:00Z","Oracle","USD",1326.99792,"Oracle"
"USD","{}","Discount","Usage",8171.090269,"2024-08-15T00:00:00Z","ContractCommitmentDescription 7919",6940.310011,"Savings Plan","Daily","contractcommitment-340068","2024-10-11T00:00:00Z","Exhausted","Continuous","Negotiated","One-Time","Partial Upfront",3675.616896,"2024-10-01T00:00:00Z","2024-09-01T00:00:00Z",2992.553274,"Savings Plan","Hours","contract-772741","2024-10-01T00:00:00Z","2024-09-01T00:00:00Z","Microsoft","USD",9929.401552,"Microsoft"
"USD","{}","Entitlement","Usage",3511.877188,"2024-08-29T00:00:00Z","ContractCommitmentDescription 4490",6280.800383,"Reserved Instance","Annually","contractcommitment-746002","2024-10-09T00:00:00Z","Canceled","Discontinuous","Negotiated","One-Time","No Upfront",0.0,"2024-10-01T00:00:00Z","2024-09-01T00:00:00Z",1231.572225,"Committed Use Discount","Hours","contract-468611","2024-10-01T00:00:00Z","2024-09-01T00:00:00Z","Microsoft","USD",9632.487106,"Microsoft"
"USD","{}","Discount","Spend",5533.966318,"2024-08-27T00:00:00Z","ContractCommitmentDescription 5668",7789.696525,"Committed Use Discount","Hourly","contractcommitment-989079","2024-10-04T00:00:00Z","Superseded","Discontinuous","Negotiated","One-Time","All Upfront",1.0,"2024-10-01T00:00:00Z","2024-09-01T00:00:00Z",7478.43641,"Savings Plan","Hours","contract-921875","2024-10-01T00:00:00Z","2024-09-01T00:00:00Z","Google","USD",8979.125604,"Google"
"USD","{}","Other","Spend",5282.865009,"2024-08-16T00:00:00Z","ContractCommitmentDescription 1197",9868.825328,"Savings Plan","Weekly","contractcommitment-505629","2024-10-07T00:00:00Z","Superseded","Discontinuous","Public","One-Time","All Upfront",1.0,"2024-10-01T00:00:00Z","2024-09-01T00:00:00Z",4710.14626,"Reserved Instance","Hours","contract-715895","2024-10-01T00:00:00Z","2024-09-01T00:00:00Z","Microsoft","USD",675.325693,"Microsoft"
"USD","{}","Availability","Usage",4235.752352,"2024-08-25T00:00:00Z","ContractCommitmentDescription 7590",NULL,"Committed Use Discount","Transactional","contractcommitment-745972","2024-10-01T00:00:00Z","Pending","Discontinuous","Negotiated","Quarterly","No Upfront",0.0,"2024-10-01T00:00:00Z","2024-09-01T00:00:00Z",2031.97494,"Reserved Instance","Hours","contract-442622","2024-10-01T00:00:00Z","2024-09-01T00:00:00Z","Google","USD",3907.31503,"Google"
"USD","{}","Entitlement","Spend",9246.277543,"2024-08-22T00:00:00Z","ContractCommitmentDescription 2900",4533.718423,"Committed Use Discount","Hourly","contractcommitment-424314","2024-10-07T00:00:00Z","Canceled","Continuous","Negotiated","One-Time","All Upfront",1.0,"2024-10-01T00:00:00Z","2024-09-01T00:00:00Z",113.506031,"Savings Plan","Hours","contract-648410","2024-10-01T00:00:00Z","2024-09-01T00:00:00Z","AWS","USD",5172.228424,"AWS"
"USD","{}","Availability","Spend",7714.302905,"2024-08-26T00:00:00Z","ContractCommitmentDescription 1480",NULL,"Savings Plan","Quarterly","contractcommitment-649300","2024-10-06T00:00:00Z","Proposed","Discontinuous","Negotiated","Semi-Annual","Partial Upfront",5107.818794,"2024-10-01T00:00:00Z","2024-09-01T00:00:00Z",554.391108,"Committed Use Discount","Hours","contract-485548","2024-10-01T00:00:00Z","2024-09-01T00:00:00Z","Google","USD",1573.099811,"Google"
"USD","{}","Discount","Spend",8586.890091,"2024-08-13T00:00:00Z","ContractCommitmentDescription 1201",2445.514504,"Savings Plan","Semi-Annually","contractcommitment-501583","2024-10-11T00:00:00Z","Pending","Continuous","Negotiated","One-Time","All Upfront",1.0,"2024-10-01T00:00:00Z","2024-09-01T00:00:00Z",4193.693044,"Savings Plan","Hours","contract-536476","2024-10-01T00:00:00Z","2024-09-01T00:00:00Z","AWS","USD",9158.547649,"AWS"
"USD","{}","Discount","Spend",1793.443503,"2024-08-23T00:00:00Z","ContractCommitmentDescription 9450",9814.138639,"Savings Plan","Daily","contractcommitment-587686","2024-10-02T00:00:00Z","Superseded","Discontinuous","Public","Quarterly","No Upfront",0.0,"2024-10-01T00:00:00Z","2024-09-01T00:00:00Z",79.691736,"Reserved Instance","Hours","contract-691194","2024-10-01T00:00:00Z","2024-09-01T00:00:00Z","Google","USD",7845.072173,"Google"
"USD","{}","Entitlement","Spend",1505.663768,"2024-08-17T00:00:00Z","ContractCommitmentDescription 7718",239.10256,"Committed Use Discount","Semi-Annually","contractcommitment-766833","2024-10-06T00:00:00Z","Superseded","Continuous","Public","One-Time","All Upfront",1.0,"2024-10-01T00:00:00Z","2024-09-01T00:00:00Z",7380.826602,"Savings Plan","Hours","contract-315161","2024-10-01T00:00:00Z","2024-09-01T00:00:00Z","Microsoft","USD",5298.144891,"Microsoft"
"USD","{}","Availability","Spend",439.002657,"2024-08-18T00:00:00Z","ContractCommitmentDescription 4792",NULL,"Committed Use Discount","Annually","contractcommitment-834891","2024-10-08T00:00:00Z","Active","Discontinuous","Negotiated","Annual","No Upfront",0.0,"2024-10-01T00:00:00Z","2024-09-01T00:00:00Z",6372.1568,"Savings Plan","Hours","contract-720647","2024-10-01T00:00:00Z","2024-09-01T00:00:00Z","Microsoft","USD",5678.207283,"Microsoft"
"USD","{}","Availability","Usage",7007.256063,"2024-08-27T00:00:00Z","ContractCommitmentDescription 6345",NULL,"Savings Plan","Monthly","contractcommitment-178315","2024-10-04T00:00:00Z","Pending","Continuous","Negotiated","Monthly","No Upfront",0.0,"2024-10-01T00:00:00Z","2024-09-01T00:00:00Z",4660.551124,"Savings Plan","Hours","contract-661957","2024-10-01T00:00:00Z","2024-09-01T00:00:00Z","Oracle","USD",3582.874459,"Oracle"
"USD","{}","Discount","Spend",1576.153771,"2024-08-17T00:00:00Z","ContractCommitmentDescription 5984",8263.866879,"Committed Use Discount","Custom","contractcommitment-142288","2024-10-05T00:00:00Z","Pending","Discontinuous","Negotiated","One-Time","All Upfront",1.0,"2024-10-01T00:00:00Z","2024-09-01T00:00:00Z",3557.427555,"Committed Use Discount","Hours","contract-810078","2024-10-01T00:00:00Z","2024-09-01T00:00:00Z","Microsoft","USD",2988.40711,"Microsoft"
"USD","{}","Entitlement","Spend",4620.432489,"2024-08-31T00:00:00Z","ContractCommitmentDescription 3290",1214.532555,"Reserved Instance","Monthly","contractcommitment-237064","2024-10-07T00:00:00Z","Pending","Discontinuous","Public","One-Time","All Upfront",1.0,"2024-10-01T00:00:00Z","2024-09-01T00:00:00Z",840.394242,"Committed Use Discount","Hours","contract-952227","2024-10-01T00:00:00Z","2024-09-01T00:00:00Z","Microsoft","USD",749.871807,"Microsoft"
"USD","{}","Discount","Usage",1225.276593,"2024-08-25T00:00:00Z","ContractCommitmentDescription 8552",506.377009,"Committed Use Discount","Annually","contractcommitment-961599","2024-10-11T00:00:00Z","Canceled","Discontinuous","Public","One-Time","Partial Upfront",6832.129168,"2024-10-01T00:00:00Z","2024-09-01T00:00:00Z",1728.072118,"Reserved Instance","Hours","contract-388339","2024-10-01T00:00:00Z","2024-09-01T00:00:00Z","AWS","USD",2798.545543,"AWS"
"USD","{}","Entitlement","Usage",4988.9161,"2024-08-30T00:00:00Z","ContractCommitmentDescription 8848",609.790689,"Savings Plan","Annually","contractcommitment-243902","2024-10-10T00:00:00Z","Exhausted","Continuous","Negotiated","One-Time","All Upfront",1.0,"2024-10-01T00:00:00Z","2024-09-01T00:00:00Z",9894.036158,"Committed Use Discount","Hours","contract-602985","2024-10-01T00:00:00Z","2024-09-01T00:00:00Z","Microsoft","USD",5445.17806,"Microsoft"
"USD","{}","Other","Usage",1798.158737,"2024-08-20T00:00:00Z","ContractCommitmentDescription 6224",5971.163528,"Reserved Instance","Quarterly","contractcommitment-161437","2024-10-10T00:00:00Z","Superseded","Discontinuous","Public","Annual","No Upfront",0.0,"2024-10-01T00:00:00Z","2024-09-01T00:00:00Z",1001.343373,"Committed Use Discount","Hours","contract-379473","2024-10-01T00:00:00Z","2024-09-01T00:00:00Z","Oracle","USD",5336.895646,"Oracle"
"USD","{}","Entitlement","Spend",2365.511327,"2024-08-24T00:00:00Z","ContractCommitmentDescription 6210",8062.102254,"Committed Use Discount","Semi-Annually","contractcommitment-720298","2024-10-10T00:00:00Z","Proposed","Discontinuous","Negotiated","Annual","No Upfront",0.0,"2024-10-01T00:00:00Z","2024-09-01T00:00:00Z",8104.011631,"Savings Plan","Hours","contract-424065","2024-10-01T00:00:00Z","2024-09-01T00:00:00Z","AWS","USD",1755.567677,"AWS"
"USD","{}","Entitlement","Spend",5264.485141,"2024-08-29T00:00:00Z","ContractCommitmentDescription 1011",3317.339936,"Committed Use Discount","Monthly","contractcommitment-945619","2024-10-01T00:00:00Z","Pending","Discontinuous","Negotiated","Quarterly","No Upfront",0.0,"2024-10-01T00:00:00Z","2024-09-01T00:00:00Z",5866.091751,"Reserved Instance","Hours","contract-987599","2024-10-01T00:00:00Z","2024-09-01T00:00:00Z","AWS","USD",5262.948786,"AWS"
"USD","{}","Discount","Usage",3017.651537,"2024-08-29T00:00:00Z","ContractCommitmentDescription 3235",9758.606714,"Committed Use Discount","Annually","contractcommitment-930307","2024-10-06T00:00:00Z","Canceled","Discontinuous","Public","One-Time","All Upfront",1.0,"2024-10-01T00:00:00Z","2024-09-01T00:00:00Z",6935.603983,"Committed Use Discount","Hours","contract-334081","2024-10-01T00:00:00Z","2024-09-01T00:00:00Z","Google","USD",6655.316695,"Google"
"USD","{}","Entitlement","Spend",9487.881042,"2024-08-19T00:00:00Z","ContractCommitmentDescription 7415",8507.569655,"Committed Use Discount","Hourly","contractcommitment-290926","2024-10-05T00:00:00Z","Expired","Discontinuous","Negotiated","One-Time","All Upfront",1.0,"2024-10-01T00:00:00Z","2024-09-01T00:00:00Z",4961.850579,"Savings Plan","Hours","contract-349556","2024-10-01T00:00:00Z","2024-09-01T00:00:00Z","Microsoft","USD",3468.101247,"Microsoft"
"USD","{}","Availability","Usage",113.956203,"2024-08-26T00:00:00Z","ContractCommitmentDescription 4435",NULL,"Reserved Instance","Semi-Annually","contractcommitment-369125","2024-10-11T00:00:00Z","Superseded","Continuous","Negotiated","One-Time","Partial Upfront",4382.201413,"2024-10-01T00:00:00Z","2024-09-01T00:00:00Z",4196.532292,"Reserved Instance","Hours","contract-617033","2024-10-01T00:00:00Z","2024-09-01T00:00:00Z","Google","USD",8817.706583,"Google"
"USD","{}","Entitlement","Spend",4512.874192,"2024-08-14T00:00:00Z","ContractCommitmentDescription 1547",2949.086131,"Savings Plan","Quarterly","contractcommitment-209812","2024-10-07T00:00:00Z","Proposed","Discontinuous","Negotiated","Semi-Annual","No Upfront",0.0,"2024-10-01T00:00:00Z","2024-09-01T00:00:00Z",5470.462586,"Reserved Instance","Hours","contract-722886","2024-10-01T00:00:00Z","2024-09-01T00:00:00Z","Google","USD",9852.761001,"Google"
"USD","{}","Other","Spend",535.557427,"2024-08-31T00:00:00Z","ContractCommitmentDescription 6424",2055.504767,"Reserved Instance","Annually","contractcommitment-831063","2024-10-07T00:00:00Z","Expired","Discontinuous","Public","Quarterly","No Upfront",0.0,"2024-10-01T00:00:00Z","2024-09-01T00:00:00Z",3929.022146,"Committed Use Discount","Hours","contract-261050","2024-10-01T00:00:00Z","2024-09-01T00:00:00Z","Oracle","USD",545.048517,"Oracle"
"USD","{}","Other","Spend",969.868975,"2024-08-18T00:00:00Z","ContractCommitmentDescription 4390",1708.321917,"Savings Plan","Daily","contractcommitment-596574","2024-10-02T00:00:00Z","Superseded","Continuous","Public","Semi-Annual","Partial Upfront",4890.968121,"2024-10-01T00:00:00Z","2024-09-01T00:00:00Z",6610.400547,"Reserved Instance","Hours","contract-506351","2024-10-01T00:00:00Z","2024-09-01T00:00:00Z","AWS","USD",1848.812205,"AWS"
"USD","{}","Availability","Usage",4650.579562,"2024-08-20T00:00:00Z","ContractCommitmentDescription 4706",NULL,"Committed Use Discount","Hourly","contractcommitment-258471","2024-10-03T00:00:00Z","Superseded","Continuous","Negotiated","Custom","Partial Upfront",8081.801574,"2024-10-01T00:00:00Z","2024-09-01T00:00:00Z",4139.866529,"Committed Use Discount","Hours","contract-680493","2024-10-01T00:00:00Z","2024-09-01T00:00:00Z","Oracle","USD",609.837461,"Oracle"
"USD","{}","Other","Spend",4762.622811,"2024-08-15T00:00:00Z","ContractCommitmentDescription 2293",3948.043652,"Committed Use Discount","Hourly","contractcommitment-626491","2024-10-07T00:00:00Z","Expired","Continuous","Negotiated","Semi-Annual","No Upfront",0.0,"2024-10-01T00:00:00Z","2024-09-01T00:00:00Z",1671.647874,"Reserved Instance","Hours","contract-232315","2024-10-01T00:00:00Z","2024-09-01T00:00:00Z","Oracle","USD",426.759006,"Oracle"
"USD","{}","Availability","Usage",9108.044857,"2024-08-18T00:00:00Z","ContractCommitmentDescription 2097",NULL,"Committed Use Discount","Annually","contractcommitment-678870","2024-10-04T00:00:00Z","Active","Discontinuous","Public","One-Time","All Upfront",1.0,"2024-10-01T00:00:00Z","2024-09-01T00:00:00Z",5225.620104,"Savings Plan","Hours","contract-534574","2024-10-01T00:00:00Z","2024-09-01T00:00:00Z","AWS","USD",1496.423196,"AWS"
"USD","{}","Availability","Usage",2641.366302,"2024-08-28T00:00:00Z","ContractCommitmentDescription 8955",NULL,"Savings Plan","Hourly","contractcommitment-280564","2024-10-10T00:00:00Z","Active","Discontinuous","Negotiated","One-Time","All Upfront",1.0,"2024-10-01T00:00:00Z","2024-09-01T00:00:00Z",4017.198983,"Savings Plan","Hours","contract-824056","2024-10-01T00:00:00Z","2024-09-01T00:00:00Z","AWS","USD",2375.792939,"AWS"
"USD","{}","Availability","Usage",2803.466532,"2024-08-23T00:00:00Z","ContractCommitmentDescription 9054",NULL,"Committed Use Discount","Daily","contractcommitment-339030","2024-10-06T00:00:00Z","Pending","Discontinuous","Public","Quarterly","Partial Upfront",7287.994133,"2024-10-01T00:00:00Z","2024-09-01T00:00:00Z",6049.791325,"Reserved Instance","Hours","contract-563173","2024-10-01T00:00:00Z","2024-09-01T00:00:00Z","Oracle","USD",2113.905021,"Oracle"
"USD","{}","Entitlement","Spend",3111.230933,"2024-08-16T00:00:00Z","ContractCommitmentDescription 9303",4033.85141,"Committed Use Discount","Custom","contractcommitment-130354","2024-10-09T00:00:00Z","Pending","Continuous","Negotiated","One-Time","No Upfront",0.0,"2024-10-01T00:00:00Z","2024-09-01T00:00:00Z",505.592817,"Savings Plan","Hours","contract-387286","2024-10-01T00:00:00Z","2024-09-01T00:00:00Z","Oracle","USD",3683.519276,"Oracle"
"USD","{}","Discount","Spend",3724.667615,"2024-08-15T00:00:00Z","ContractCommitmentDescription 8308",1775.836942,"Savings Plan","Custom","contractcommitment-678115","2024-10-07T00:00:00Z","Active","Discontinuous","Negotiated","One-Time","All Upfront",1.0,"2024-10-01T00:00:00Z","2024-09-01T00:00:00Z",903.919211,"Reserved Instance","Hours","contract-152062","2024-10-01T00:00:00Z","2024-09-01T00:00:00Z","Oracle","USD",1629.074056,"Oracle"
"USD","{}","Entitlement","Usage",6515.873329,"2024-08-24T00:00:00Z","ContractCommitmentDescription 9409",200.523575,"Committed Use Discount","Hourly","contractcommitment-597126","2024-10-11T00:00:00Z","Pending","Continuous","Negotiated","Monthly","Partial Upfront",6083.438829,"2024-10-01T00:00:00Z","2024-09-01T00:00:00Z",9430.049681,"Committed Use Discount","Hours","contract-544393","2024-10-01T00:00:00Z","2024-09-01T00:00:00Z","Microsoft","USD",8954.829751,"Microsoft"
"USD","{}","Availability","Usage",5844.871558,"2024-08-17T00:00:00Z","ContractCommitmentDescription 1120",NULL,"Committed Use Discount","Semi-Annually","contractcommitment-688730","2024-10-05T00:00:00Z","Canceled","Discontinuous","Public","Custom","No Upfront",0.0,"2024-10-01T00:00:00Z","2024-09-01T00:00:00Z",3362.836539,"Savings Plan","Hours","contract-390334","2024-10-01T00:00:00Z","2024-09-01T00:00:00Z","Google","USD",2611.469079,"Google"
"USD","{}","Discount","Usage",6605.303237,"2024-08-25T00:00:00Z","ContractCommitmentDescription 3292",7212.831976,"Committed Use Discount","Total Term","contractcommitment-409963","2024-10-03T00:00:00Z","Active","Discontinuous","Public","One-Time","All Upfront",1.0,"2024-10-01T00:00:00Z","2024-09-01T00:00:00Z",7080.689594,"Committed Use Discount","Hours","contract-459836","2024-10-01T00:00:00Z","2024-09-01T00:00:00Z","Google","USD",7265.498766,"Google"
"USD","{}","Availability","Usage",8454.192442,"2024-08-14T00:00:00Z","ContractCommitmentDescription 3967",NULL,"Savings Plan","Weekly","contractcommitment-876909","2024-10-11T00:00:00Z","Active","Continuous","Public","Custom","No Upfront",0.0,"2024-10-01T00:00:00Z","2024-09-01T00:00:00Z",2233.279254,"Savings Plan","Hours","contract-926372","2024-10-01T00:00:00Z","2024-09-01T00:00:00Z","Microsoft","USD",8868.435497,"Microsoft"
"USD","{}","Discount","Usage",536.769544,"2024-08-23T00:00:00Z","ContractCommitmentDescription 2166",4722.196824,"Reserved Instance","Transactional","contractcommitment-225636","2024-10-10T00:00:00Z","Superseded","Discontinuous","Public","Semi-Annual","No Upfront",0.0,"2024-10-01T00:00:00Z","2024-09-01T00:00:00Z",1507.784511,"Reserved Instance","Hours","contract-529068","2024-10-01T00:00:00Z","2024-09-01T00:00:00Z","Google","USD",9871.915994,"Google"
"USD","{}","Other","Usage",6310.327723,"2024-08-27T00:00:00Z","ContractCommitmentDescription 3897",3134.140718,"Reserved Instance","Hourly","contractcommitment-574012","2024-10-06T00:00:00Z","Active","Continuous","Negotiated","Annual","No Upfront",0.0,"2024-10-01T00:00:00Z","2024-09-01T00:00:00Z",7635.691671,"Reserved Instance","Hours","contract-744328","2024-10-01T00:00:00Z","2024-09-01T00:00:00Z","Oracle","USD",4337.114143,"Oracle"
"USD","{}","Discount","Spend",5337.826028,"2024-08-19T00:00:00Z","ContractCommitmentDescription 7112",9500.686155,"Savings Plan","Transactional","contractcommitment-299834","2024-10-07T00:00:00Z","Proposed","Continuous","Negotiated","One-Time","All Upfront",1.0,"2024-10-01T00:00:00Z","2024-09-01T00:00:00Z",3120.922605,"Reserved Instance","Hours","contract-627786","2024-10-01T00:00:00Z","2024-09-01T00:00:00Z","Oracle","USD",5886.706882,"Oracle"
"USD","{}","Other","Usage",4336.6523,"2024-08-29T00:00:00Z","ContractCommitmentDescription 3192",3427.328393,"Savings Plan","Semi-Annually","contractcommitment-886553","2024-10-01T00:00:00Z","Pending","Continuous","Public","One-Time","No Upfront",0.0,"2024-10-01T00:00:00Z","2024-09-01T00:00:00Z",9848.795245,"Reserved Instance","Hours","contract-718337","2024-10-01T00:00:00Z","2024-09-01T00:00:00Z","Microsoft","USD",5046.335546,"Microsoft"
"USD","{}","Availability","Spend",5939.240679,"2024-08-20T00:00:00Z","ContractCommitmentDescription 1785",NULL,"Committed Use Discount","Hourly","contractcommitment-150578","2024-10-11T00:00:00Z","Canceled","Continuous","Public","Semi-Annual","Partial Upfront",1235.95063,"2024-10-01T00:00:00Z","2024-09-01T00:00:00Z",2527.382931,"Committed Use Discount","Hours","contract-315477","2024-10-01T00:00:00Z","2024-09-01T00:00:00Z","AWS","USD",6951.920292,"AWS"
"USD","{}","Availability","Spend",4188.257518,"2024-08-22T00:00:00Z","ContractCommitmentDescription 2718",NULL,"Committed Use Discount","Daily","contractcommitment-396439","2024-10-07T00:00:00Z","Proposed","Continuous","Public","One-Time","All Upfront",1.0,"2024-10-01T00:00:00Z","2024-09-01T00:00:00Z",2629.939156,"Committed Use Discount","Hours","contract-475308","2024-10-01T00:00:00Z","2024-09-01T00:00:00Z","AWS","USD",7034.367502,"AWS"
"USD","{}","Entitlement","Usage",3306.036162,"2024-08-26T00:00:00Z","ContractCommitmentDescription 1044",127.494013,"Reserved Instance","Daily","contractcommitment-975804","2024-10-01T00:00:00Z","Expired","Discontinuous","Negotiated","One-Time","All Upfront",1.0,"2024-10-01T00:00:00Z","2024-09-01T00:00:00Z",7235.762484,"Savings Plan","Hours","contract-578938","2024-10-01T00:00:00Z","2024-09-01T00:00:00Z","Google","USD",9886.659308,"Google"
"USD","{}","Entitlement","Spend",8522.486857,"2024-08-23T00:00:00Z","ContractCommitmentDescription 6901",8015.961027,"Savings Plan","Annually","contractcommitment-874415","2024-10-08T00:00:00Z","Proposed","Continuous","Negotiated","One-Time","No Upfront",0.0,"2024-10-01T00:00:00Z","2024-09-01T00:00:00Z",1705.122764,"Savings Plan","Hours","contract-752011","2024-10-01T00:00:00Z","2024-09-01T00:00:00Z","Google","USD",2683.093986,"Google"
"USD","{}","Other","Usage",9623.099301,"2024-08-20T00:00:00Z","ContractCommitmentDescription 5453",8357.083454,"Committed Use Discount","Total Term","contractcommitment-938754","2024-10-06T00:00:00Z","Exhausted","Continuous","Negotiated","One-Time","All Upfront",1.0,"2024-10-01T00:00:00Z","2024-09-01T00:00:00Z",9815.691705,"Reserved Instance","Hours","contract-536236","2024-10-01T00:00:00Z","2024-09-01T00:00:00Z","AWS","USD",9112.267613,"AWS"
"USD","{}","Other","Usage",6113.584193,"2024-08-13T00:00:00Z","ContractCommitmentDescription 3140",4830.796564,"Savings Plan","Daily","contractcommitment-531262","2024-10-11T00:00:00Z","Exhausted","Continuous","Negotiated","One-Time","All Upfront",1.0,"2024-10-01T00:00:00Z","2024-09-01T00:00:00Z",7045.681765,"Committed Use Discount","Hours","contract-904812","2024-10-01T00:00:00Z","2024-09-01T00:00:00Z","Oracle","USD",7436.238123,"Oracle"
"USD","{}","Discount","Usage",6617.132628,"2024-08-21T00:00:00Z","ContractCommitmentDescription 5072",4819.296773,"Committed Use Discount","Annually","contractcommitment-255875","2024-10-09T00:00:00Z","Superseded","Continuous","Negotiated","Custom","No Upfront",0.0,"2024-10-01T00:00:00Z","2024-09-01T00:00:00Z",4692.889366,"Savings Plan","Hours","contract-178501","2024-10-01T00:00:00Z","2024-09-01T00:00:00Z","Microsoft","USD",7514.30001,"Microsoft"
"USD","{}","Entitlement","Usage",4032.769935,"2024-08-24T00:00:00Z","ContractCommitmentDescription 4850",788.305958,"Savings Plan","Custom","contractcommitment-569865","2024-10-06T00:00:00Z","Proposed","Discontinuous","Public","Quarterly","No Upfront",0.0,"2024-10-01T00:00:00Z","2024-09-01T00:00:00Z",7452.389647,"Reserved Instance","Hours","contract-523037","2024-10-01T00:00:00Z","2024-09-01T00:00:00Z","Google","USD",4123.385477,"Google"
"USD","{}","Availability","Spend",6545.959836,"2024-08-29T00:00:00Z","ContractCommitmentDescription 8474",NULL,"Savings Plan","Hourly","contractcommitment-956255","2024-10-10T00:00:00Z","Pending","Discontinuous","Public","One-Time","All Upfront",1.0,"2024-10-01T00:00:00Z","2024-09-01T00:00:00Z",7166.580681,"Savings Plan","Hours","contract-219562","2024-10-01T00:00:00Z","2024-09-01T00:00:00Z","AWS","USD",974.370223,"AWS"
"USD","{}","Availability","Usage",7020.960533,"2024-08-31T00:00:00Z","ContractCommitmentDescription 1750",NULL,"Savings Plan","Weekly","contractcommitment-961760","2024-10-06T00:00:00Z","Canceled","Discontinuous","Negotiated","One-Time","All Upfront",1.0,"2024-10-01T00:00:00Z","2024-09-01T00:00:00Z",1207.458074,"Savings Plan","Hours","contract-579247","2024-10-01T00:00:00Z","2024-09-01T00:00:00Z","Microsoft","USD",8245.541437,"Microsoft"
"USD","{}","Discount","Usage",4573.878769,"2024-08-21T00:00:00Z","ContractCommitmentDescription 9260",1346.360144,"Savings Plan","Hourly","contractcommitment-656127","2024-10-02T00:00:00Z","Canceled","Continuous","Public","Annual","Partial Upfront",9243.708738,"2024-10-01T00:00:00Z","2024-09-01T00:00:00Z",7810.814971,"Reserved Instance","Hours","contract-865979","2024-10-01T00:00:00Z","2024-09-01T00:00:00Z","Microsoft","USD",8152.441541,"Microsoft"
"USD","{}","Availability","Usage",4186.647458,"2024-08-19T00:00:00Z","ContractCommitmentDescription 5067",NULL,"Savings Plan","Quarterly","contractcommitment-574843","2024-10-11T00:00:00Z","Superseded","Continuous","Negotiated","One-Time","All Upfront",1.0,"2024-10-01T00:00:00Z","2024-09-01T00:00:00Z",7484.268659,"Savings Plan","Hours","contract-429159","2024-10-01T00:00:00Z","2024-09-01T00:00:00Z","AWS","USD",7118.743564,"AWS"
"USD","{}","Availability","Usage",9211.917644,"2024-08-25T00:00:00Z","ContractCommitmentDescription 3173",NULL,"Committed Use Discount","Weekly","contractcommitment-628370","2024-10-04T00:00:00Z","Expired","Discontinuous","Negotiated","One-Time","All Upfront",1.0,"2024-10-01T00:00:00Z","2024-09-01T00:00:00Z",5706.381943,"Committed Use Discount","Hours","contract-806995","2024-10-01T00:00:00Z","2024-09-01T00:00:00Z","Microsoft","USD",7478.687234,"Microsoft"
"USD","{}","Discount","Usage",1453.267116,"2024-08-18T00:00:00Z","ContractCommitmentDescription 1927",1999.024173,"Reserved Instance","Quarterly","contractcommitment-816586","2024-10-01T00:00:00Z","Active","Continuous","Negotiated","Custom","Partial Upfront",2040.009033,"2024-10-01T00:00:00Z","2024-09-01T00:00:00Z",5411.720874,"Savings Plan","Hours","contract-207458","2024-10-01T00:00:00Z","2024-09-01T00:00:00Z","Google","USD",6161.088338,"Google"
"USD","{}","Availability","Spend",9264.848112,"2024-08-14T00:00:00Z","ContractCommitmentDescription 7349",NULL,"Committed Use Discount","Semi-Annually","contractcommitment-678944","2024-10-07T00:00:00Z","Proposed","Continuous","Public","One-Time","All Upfront",1.0,"2024-10-01T00:00:00Z","2024-09-01T00:00:00Z",8604.447385,"Savings Plan","Hours","contract-764575","2024-10-01T00:00:00Z","2024-09-01T00:00:00Z","Microsoft","USD",7046.290689,"Microsoft"
"USD","{}","Entitlement","Usage",4488.149224,"2024-08-13T00:00:00Z","ContractCommitmentDescription 2220",1869.765815,"Reserved Instance","Transactional","contractcommitment-225151","2024-10-09T00:00:00Z","Exhausted","Continuous","Public","One-Time","All Upfront",1.0,"2024-10-01T00:00:00Z","2024-09-01T00:00:00Z",1609.288498,"Savings Plan","Hours","contract-446620","2024-10-01T00:00:00Z","2024-09-01T00:00:00Z","Google","USD",4663.313382,"Google"
"USD","{}","Discount","Usage",4905.509412,"2024-08-30T00:00:00Z","ContractCommitmentDescription 6866",728.807955,"Committed Use Discount","Semi-Annually","contractcommitment-650916","2024-10-03T00:00:00Z","Pending","Continuous","Negotiated","Annual","No Upfront",0.0,"2024-10-01T00:00:00Z","2024-09-01T00:00:00Z",5370.359525,"Reserved Instance","Hours","contract-331942","2024-10-01T00:00:00Z","2024-09-01T00:00:00Z","Microsoft","USD",8833.967389,"Microsoft"
"USD","{}","Other","Spend",1147.219514,"2024-08-21T00:00:00Z","ContractCommitmentDescription 6668",4456.672463,"Committed Use Discount","Custom","contractcommitment-751303","2024-10-06T00:00:00Z","Pending","Continuous","Public","Semi-Annual","No Upfront",0.0,"2024-10-01T00:00:00Z","2024-09-01T00:00:00Z",5402.373129,"Savings Plan","Hours","contract-641975","2024-10-01T00:00:00Z","2024-09-01T00:00:00Z","Google","USD",8221.090642,"Google"
"USD","{}","Discount","Usage",8982.816089,"2024-08-15T00:00:00Z","ContractCommitmentDescription 4154",3203.127571,"Reserved Instance","Daily","contractcommitment-275526","2024-10-09T00:00:00Z","Superseded","Continuous","Negotiated","One-Time","All Upfront",1.0,"2024-10-01T00:00:00Z","2024-09-01T00:00:00Z",2131.751319,"Committed Use Discount","Hours","contract-976258","2024-10-01T00:00:00Z","2024-09-01T00:00:00Z","Google","USD",1039.268092,"Google"
"USD","{}","Other","Usage",378.863147,"2024-08-29T00:00:00Z","ContractCommitmentDescription 2200",542.680709,"Savings Plan","Transactional","contractcommitment-173863","2024-10-11T00:00:00Z","Expired","Continuous","Public","Semi-Annual","Partial Upfront",4511.256637,"2024-10-01T00:00:00Z","2024-09-01T00:00:00Z",4044.480207,"Savings Plan","Hours","contract-508422","2024-10-01T00:00:00Z","2024-09-01T00:00:00Z","Oracle","USD",6732.987323,"Oracle"
"USD","{}","Discount","Usage",9280.477502,"2024-08-12T00:00:00Z","ContractCommitmentDescription 2738",2898.365988,"Committed Use Discount","Quarterly","contractcommitment-736030","2024-10-02T00:00:00Z","Proposed","Discontinuous","Public","Semi-Annual","Partial Upfront",8221.223702,"2024-10-01T00:00:00Z","2024-09-01T00:00:00Z",308.191514,"Reserved Instance","Hours","contract-330545","2024-10-01T00:00:00Z","2024-09-01T00:00:00Z","AWS","USD",1363.814603,"AWS"
"USD","{}","Availability","Spend",5535.241878,"2024-08-14T00:00:00Z","ContractCommitmentDescription 3316",NULL,"Reserved Instance","Custom","contractcommitment-725637","2024-10-05T00:00:00Z","Exhausted","Continuous","Public","One-Time","All Upfront",1.0,"2024-10-01T00:00:00Z","2024-09-01T00:00:00Z",7259.373467,"Reserved Instance","Hours","contract-777308","2024-10-01T00:00:00Z","2024-09-01T00:00:00Z","Oracle","USD",8514.588513,"Oracle"
"USD","{}","Availability","Spend",1146.225421,"2024-08-26T00:00:00Z","ContractCommitmentDescription 1891",NULL,"Committed Use Discount","Total Term","contractcommitment-775990","2024-10-03T00:00:00Z","Expired","Continuous","Public","Custom","No Upfront",0.0,"2024-10-01T00:00:00Z","2024-09-01T00:00:00Z",1974.175924,"Committed Use Discount","Hours","contract-446922","2024-10-01T00:00:00Z","2024-09-01T00:00:00Z","Microsoft","USD",3571.38359,"Microsoft"
"USD","{}","Entitlement","Usage",4858.612303,"2024-08-28T00:00:00Z","ContractCommitmentDescription 6379",6163.424303,"Savings Plan","Custom","contractcommitment-259797","2024-10-05T00:00:00Z","Expired","Discontinuous","Public","Semi-Annual","No Upfront",0.0,"2024-10-01T00:00:00Z","2024-09-01T00:00:00Z",2461.751385,"Reserved Instance","Hours","contract-390119","2024-10-01T00:00:00Z","2024-09-01T00:00:00Z","Microsoft","USD",8401.100588,"Microsoft"
"USD","{}","Availability","Usage",4869.713824,"2024-08-21T00:00:00Z","ContractCommitmentDescription 2783",NULL,"Committed Use Discount","Daily","contractcommitment-982683","2024-10-08T00:00:00Z","Active","Continuous","Negotiated","One-Time","All Upfront",1.0,"2024-10-01T00:00:00Z","2024-09-01T00:00:00Z",764.623786,"Reserved Instance","Hours","contract-990856","2024-10-01T00:00:00Z","2024-09-01T00:00:00Z","Microsoft","USD",5071.783113,"Microsoft"
"USD","{}","Entitlement","Spend",5515.939985,"2024-08-13T00:00:00Z","ContractCommitmentDescription 9904",8939.859345,"Committed Use Discount","Total Term","contractcommitment-785672","2024-10-10T00:00:00Z","Superseded","Continuous","Public","Semi-Annual","No Upfront",0.0,"2024-10-01T00:00:00Z","2024-09-01T00:00:00Z",5896.007548,"Savings Plan","Hours","contract-587274","2024-10-01T00:00:00Z","2024-09-01T00:00:00Z","AWS","USD",5011.231714,"AWS"
"USD","{}","Entitlement","Spend",7572.060713,"2024-08-19T00:00:00Z","ContractCommitmentDescription 3299",4462.204438,"Reserved Instance","Custom","contractcommitment-693297","2024-10-06T00:00:00Z","Canceled","Continuous","Public","Quarterly","No Upfront",0.0,"2024-10-01T00:00:00Z","2024-09-01T00:00:00Z",4876.421484,"Reserved Instance","Hours","contract-487380","2024-10-01T00:00:00Z","2024-09-01T00:00:00Z","AWS","USD",2340.186689,"AWS"
"USD","{}","Other","Spend",399.046986,"2024-08-15T00:00:00Z","ContractCommitmentDescription 6309",1032.250129,"Committed Use Discount","Quarterly","contractcommitment-975427","2024-10-06T00:00:00Z","Canceled","Discontinuous","Negotiated","One-Time","All Upfront",1.0,"2024-10-01T00:00:00Z","2024-09-01T00:00:00Z",5876.788248,"Reserved Instance","Hours","contract-363807","2024-10-01T00:00:00Z","2024-09-01T00:00:00Z","Microsoft","USD",3763.28781,"Microsoft"
"USD","{}","Other","Usage",8871.719435,"2024-08-15T00:00:00Z","ContractCommitmentDescription 1108",5018.369845,"Reserved Instance","Total Term","contractcommitment-273650","2024-10-07T00:00:00Z","Pending","Continuous","Public","Monthly","No Upfront",0.0,"2024-10-01T00:00:00Z","2024-09-01T00:00:00Z",3622.229442,"Committed Use Discount","Hours","contract-793223","2024-10-01T00:00:00Z","2024-09-01T00:00:00Z","Microsoft","USD",2303.463326,"Microsoft"
"USD","{}","Entitlement","Spend",6472.592341,"2024-08-28T00:00:00Z","ContractCommitmentDescription 7732",224.460382,"Reserved Instance","Weekly","contractcommitment-701344","2024-10-08T00:00:00Z","Expired","Continuous","Negotiated","One-Time","All Upfront",1.0,"2024-10-01T00:00:00Z","2024-09-01T00:00:00Z",5722.692992,"Reserved Instance","Hours","contract-370804","2024-10-01T00:00:00Z","2024-09-01T00:00:00Z","Google","USD",9224.468707,"Google"
"USD","{}","Availability","Spend",2165.934179,"2024-08-12T00:00:00Z","ContractCommitmentDescription 8723",NULL,"Reserved Instance","Monthly","contractcommitment-970699","2024-10-10T00:00:00Z","Exhausted","Continuous","Negotiated","One-Time","All Upfront",1.0,"2024-10-01T00:00:00Z","2024-09-01T00:00:00Z",1677.217016,"Committed Use Discount","Hours","contract-575497","2024-10-01T00:00:00Z","2024-09-01T00:00:00Z","Oracle","USD",5965.333625,"Oracle"
"USD","{}","Discount","Spend",2023.485491,"2024-08-24T00:00:00Z","ContractCommitmentDescription 9263",6843.678312,"Reserved Instance","Custom","contractcommitment-200976","2024-10-07T00:00:00Z","Pending","Discontinuous","Negotiated","One-Time","All Upfront",1.0,"2024-10-01T00:00:00Z","2024-09-01T00:00:00Z",931.899658,"Committed Use Discount","Hours","contract-732789","2024-10-01T00:00:00Z","2024-09-01T00:00:00Z","AWS","USD",5392.859863,"AWS"
"USD","{}","Discount","Usage",2294.862564,"2024-08-18T00:00:00Z","ContractCommitmentDescription 8899",7895.555852,"Savings Plan","Semi-Annually","contractcommitment-717661","2024-10-09T00:00:00Z","Superseded","Continuous","Public","Monthly","Partial Upfront",4771.41237,"2024-10-01T00:00:00Z","2024-09-01T00:00:00Z",2325.128906,"Reserved Instance","Hours","contract-727354","2024-10-01T00:00:00Z","2024-09-01T00:00:00Z","AWS","USD",8767.663132,"AWS"
"USD","{}","Discount","Spend",5197.618455,"2024-08-23T00:00:00Z","ContractCommitmentDescription 7144",6545.461208,"Committed Use Discount","Semi-Annually","contractcommitment-528705","2024-10-04T00:00:00Z","Active","Continuous","Negotiated","One-Time","All Upfront",1.0,"2024-10-01T00:00:00Z","2024-09-01T00:00:00Z",2613.028948,"Committed Use Discount","Hours","contract-692099","2024-10-01T00:00:00Z","2024-09-01T00:00:00Z","Oracle","USD",3656.440944,"Oracle"
"USD","{}","Other","Spend",3702.129689,"2024-08-19T00:00:00Z","ContractCommitmentDescription 8925",2537.776454,"Savings Plan","Custom","contractcommitment-461083","2024-10-04T00:00:00Z","Superseded","Discontinuous","Negotiated","Custom","No Upfront",0.0,"2024-10-01T00:00:00Z","2024-09-01T00:00:00Z",4465.948774,"Committed Use Discount","Hours","contract-205149","2024-10-01T00:00:00Z","2024-09-01T00:00:00Z","Google","USD",2144.581415,"Google"
"USD","{}","Discount","Spend",3891.036806,"2024-08-21T00:00:00Z","ContractCommitmentDescription 1086",8043.693609,"Reserved Instance","Total Term","contractcommitment-729402","2024-10-09T00:00:00Z","Exhausted","Continuous","Negotiated","Quarterly","No Upfront",0.0,"2024-10-01T00:00:00Z","2024-09-01T00:00:00Z",6090.288612,"Committed Use Discount","Hours","contract-520106","2024-10-01T00:00:00Z","2024-09-01T00:00:00Z","Oracle","USD",6139.655907,"Oracle"
"USD","{}","Other","Usage",107.103974,"2024-08-12T00:00:00Z","ContractCommitmentDescription 9489",2860.065117,"Reserved Instance","Custom","contractcommitment-635348","2024-10-01T00:00:00Z","Expired","Continuous","Negotiated","Custom","No Upfront",0.0,"2024-10-01T00:00:00Z","2024-09-01T00:00:00Z",6550.191194,"Reserved Instance","Hours","contract-389340","2024-10-01T00:00:00Z","2024-09-01T00:00:00Z","Google","USD",7796.72879,"Google"
"USD","{}","Discount","Spend",9191.774211,"2024-08-19T00:00:00Z","ContractCommitmentDescription 5661",7261.387097,"Committed Use Discount","Custom","contractcommitment-465004","2024-10-07T00:00:00Z","Active","Discontinuous","Negotiated","Annual","No Upfront",0.0,"2024-10-01T00:00:00Z","2024-09-01T00:00:00Z",4039.564697,"Reserved Instance","Hours","contract-283537","2024-10-01T00:00:00Z","2024-09-01T00:00:00Z","Google","USD",4071.346261,"Google"
"USD","{}","Availability","Spend",8029.422426,"2024-08-14T00:00:00Z","ContractCommitmentDescription 5222",NULL,"Committed Use Discount","Quarterly","contractcommitment-827912","2024-10-02T00:00:00Z","Exhausted","Discontinuous","Public","Monthly","Partial Upfront",9612.387253,"2024-10-01T00:00:00Z","2024-09-01T00:00:00Z",4588.484293,"Savings Plan","Hours","contract-605382","2024-10-01T00:00:00Z","2024-09-01T00:00:00Z","AWS","USD",1162.683014,"AWS"
"USD","{}","Entitlement","Usage",4124.259722,"2024-08-19T00:00:00Z","ContractCommitmentDescription 6785",5165.042172,"Reserved Instance","Quarterly","contractcommitment-360316","2024-10-11T00:00:00Z","Active","Continuous","Public","One-Time","All Upfront",1.0,"2024-10-01T00:00:00Z","2024-09-01T00:00:00Z",760.288205,"Reserved Instance","Hours","contract-429119","2024-10-01T00:00:00Z","2024-09-01T00:00:00Z","AWS","USD",3535.379262,"AWS"
"USD","{}","Entitlement","Spend",7354.290652,"2024-08-26T00:00:00Z","ContractCommitmentDescription 5348",2067.786323,"Reserved Instance","Monthly","contractcommitment-976960","2024-10-11T00:00:00Z","Expired","Discontinuous","Negotiated","One-Time","No Upfront",0.0,"2024-10-01T00:00:00Z","2024-09-01T00:00:00Z",6758.121249,"Committed Use Discount","Hours","contract-743644","2024-10-01T00:00:00Z","2024-09-01T00:00:00Z","Google","USD",66.236762,"Google"
"USD","{}","Other","Usage",4908.053516,"2024-08-16T00:00:00Z","ContractCommitmentDescription 9374",2802.666232,"Reserved Instance","Custom","contractcommitment-234475","2024-10-06T00:00:00Z","Proposed","Discontinuous","Public","Annual","No Upfront",0.0,"2024-10-01T00:00:00Z","2024-09-01T00:00:00Z",3937.169229,"Committed Use Discount","Hours","contract-579404","2024-10-01T00:00:00Z","2024-09-01T00:00:00Z","AWS","USD",9765.071952,"AWS"
"USD","{}","Entitlement","Usage",5810.08219,"2024-08-21T00:00:00Z","ContractCommitmentDescription 6331",3616.023258,"Savings Plan","Weekly","contractcommitment-675210","2024-10-01T00:00:00Z","Active","Continuous","Public","One-Time","All Upfront",1.0,"2024-10-01T00:00:00Z","2024-09-01T00:00:00Z",1839.136742,"Savings Plan","Hours","contract-539450","2024-10-01T00:00:00Z","2024-09-01T00:00:00Z","Oracle","USD",7007.126268,"Oracle"
"USD","{}","Entitlement","Spend",9792.724518,"2024-08-20T00:00:00Z","ContractCommitmentDescription 4744",8141.906641,"Committed Use Discount","Quarterly","contractcommitment-943146","2024-10-07T00:00:00Z","Pending","Discontinuous","Public","Monthly","No Upfront",0.0,"2024-10-01T00:00:00Z","2024-09-01T00:00:00Z",7385.42014,"Savings Plan","Hours","contract-285186","2024-10-01T00:00:00Z","2024-09-01T00:00:00Z","Google","USD",4215.20669,"Google"
"USD","{}","Availability","Usage",5621.384521,"2024-08-15T00:00:00Z","ContractCommitmentDescription 1781",NULL,"Committed Use Discount","Weekly","contractcommitment-162952","2024-10-09T00:00:00Z","Pending","Discontinuous","Public","Custom","No Upfront",0.0,"2024-10-01T00:00:00Z","2024-09-01T00:00:00Z",3346.565385,"Savings Plan","Hours","contract-687569","2024-10-01T00:00:00Z","2024-09-01T00:00:00Z","Microsoft","USD",5574.914882,"Microsoft"
"USD","{}","Availability","Spend",5768.537564,"2024-08-20T00:00:00Z","ContractCommitmentDescription 9821",NULL,"Savings Plan","Semi-Annually","contractcommitment-440881","2024-10-01T00:00:00Z","Canceled","Discontinuous","Public","One-Time","Partial Upfront",6136.637724,"2024-10-01T00:00:00Z","2024-09-01T00:00:00Z",4637.520807,"Reserved Instance","Hours","contract-771697","2024-10-01T00:00:00Z","2024-09-01T00:00:00Z","Google","USD",8077.17144,"Google"
"USD","{}","Other","Spend",791.119275,"2024-08-18T00:00:00Z","ContractCommitmentDescription 6629",2282.179394,"Savings Plan","Quarterly","contractcommitment-844943","2024-10-11T00:00:00Z","Active","Discontinuous","Public","Semi-Annual","Partial Upfront",7478.954985,"2024-10-01T00:00:00Z","2024-09-01T00:00:00Z",5209.356916,"Savings Plan","Hours","contract-275445","2024-10-01T00:00:00Z","2024-09-01T00:00:00Z","Google","USD",1838.861991,"Google"
"USD","{}","Discount","Spend",1669.10465,"2024-08-27T00:00:00Z","ContractCommitmentDescription 2687",955.53719,"Savings Plan","Transactional","contractcommitment-156440","2024-10-04T00:00:00Z","Proposed","Discontinuous","Negotiated","One-Time","Partial Upfront",6181.021717,"2024-10-01T00:00:00Z","2024-09-01T00:00:00Z",843.112667,"Savings Plan","Hours","contract-340497","2024-10-01T00:00:00Z","2024-09-01T00:00:00Z","AWS","USD",2473.965193,"AWS"
"USD","{}","Entitlement","Spend",351.549809,"2024-08-17T00:00:00Z","ContractCommitmentDescription 6846",8603.688174,"Savings Plan","Total Term","contractcommitment-589887","2024-10-11T00:00:00Z","Superseded","Discontinuous","Public","One-Time","All Upfront",1.0,"2024-10-01T00:00:00Z","2024-09-01T00:00:00Z",5908.309266,"Savings Plan","Hours","contract-648887","2024-10-01T00:00:00Z","2024-09-01T00:00:00Z","Google","USD",6397.86509,"Google"
"USD","{}","Discount","Usage",3078.681854,"2024-08-20T00:00:00Z","ContractCommitmentDescription 7753",2598.070439,"Savings Plan","Hourly","contractcommitment-100096","2024-10-08T00:00:00Z","Expired","Continuous","Public","Quarterly","Partial Upfront",5350.98888,"2024-10-01T00:00:00Z","2024-09-01T00:00:00Z",6877.699638,"Savings Plan","Hours","contract-414164","2024-10-01T00:00:00Z","2024-09-01T00:00:00Z","Google","USD",91.325996,"Google"
"USD","{}","Availability","Spend",4117.358691,"2024-08-22T00:00:00Z","ContractCommitmentDescription 8161",NULL,"Reserved Instance","Annually","contractcommitment-968668","2024-10-10T00:00:00Z","Exhausted","Continuous","Public","One-Time","Partial Upfront",6253.230143,"2024-10-01T00:00:00Z","2024-09-01T00:00:00Z",5166.100619,"Committed Use Discount","Hours","contract-398505","2024-10-01T00:00:00Z","2024-09-01T00:00:00Z","Oracle","USD",6484.57041,"Oracle"
"USD","{}","Entitlement","Usage",1103.563505,"2024-08-18T00:00:00Z","ContractCommitmentDescription 8460",6177.294139,"Savings Plan","Custom","contractcommitment-615895","2024-10-04T00:00:00Z","Pending","Discontinuous","Negotiated","Monthly","No Upfront",0.0,"2024-10-01T00:00:00Z","2024-09-01T00:00:00Z",221.308856,"Reserved Instance","Hours","contract-382271","2024-10-01T00:00:00Z","2024-09-01T00:00:00Z","Google","USD",1250.392028,"Google"
"USD","{}","Discount","Usage",2171.880852,"2024-08-31T00:00:00Z","ContractCommitmentDescription 7885",3115.766852,"Savings Plan","Semi-Annually","contractcommitment-586208","2024-10-04T00:00:00Z","Canceled","Continuous","Public","One-Time","No Upfront",0.0,"2024-10-01T00:00:00Z","2024-09-01T00:00:00Z",7756.529107,"Reserved Instance","Hours","contract-592984","2024-10-01T00:00:00Z","2024-09-01T00:00:00Z","Oracle","USD",1816.037386,"Oracle"
"USD","{}","Entitlement","Usage",7712.25333,"2024-08-19T00:00:00Z","ContractCommitmentDescription 8257",2471.621911,"Reserved Instance","Monthly","contractcommitment-583220","2024-10-01T00:00:00Z","Canceled","Continuous","Negotiated","Semi-Annual","Partial Upfront",6814.423201,"2024-10-01T00:00:00Z","2024-09-01T00:00:00Z",3121.093656,"Savings Plan","Hours","contract-759726","2024-10-01T00:00:00Z","2024-09-01T00:00:00Z","Google","USD",7282.370779,"Google"
"USD","{}","Availability","Spend",8636.576657,"2024-08-23T00:00:00Z","ContractCommitmentDescription 4568",NULL,"Reserved Instance","Annually","contractcommitment-440277","2024-10-08T00:00:00Z","Proposed","Continuous","Public","Annual","No Upfront",0.0,"2024-10-01T00:00:00Z","2024-09-01T00:00:00Z",2430.893332,"Reserved Instance","Hours","contract-821846","2024-10-01T00:00:00Z","2024-09-01T00:00:00Z","AWS","USD",5962.122839,"AWS"
"USD","{}","Discount","Usage",9308.487845,"2024-08-29T00:00:00Z","ContractCommitmentDescription 1983",597.751316,"Committed Use Discount","Weekly","contractcommitment-835395","2024-10-04T00:00:00Z","Expired","Continuous","Negotiated","Semi-Annual","No Upfront",0.0,"2024-10-01T00:00:00Z","2024-09-01T00:00:00Z",5583.504423,"Committed Use Discount","Hours","contract-944654","2024-10-01T00:00:00Z","2024-09-01T00:00:00Z","Google","USD",8917.959514,"Google"
"USD","{}","Entitlement","Usage",8986.630443,"2024-08-31T00:00:00Z","ContractCommitmentDescription 8951",7066.259789,"Committed Use Discount","Quarterly","contractcommitment-669097","2024-10-07T00:00:00Z","Canceled","Discontinuous","Negotiated","Annual","No Upfront",0.0,"2024-10-01T00:00:00Z","2024-09-01T00:00:00Z",3236.808757,"Savings Plan","Hours","contract-971733","2024-10-01T00:00:00Z","2024-09-01T00:00:00Z","Microsoft","USD",5986.799442,"Microsoft"
"USD","{}","Availability","Usage",5416.059521,"2024-08-29T00:00:00Z","ContractCommitmentDescription 8439",NULL,"Committed Use Discount","Transactional","contractcommitment-497455","2024-10-09T00:00:00Z","Canceled","Continuous","Negotiated","Annual","Partial Upfront",7760.165678,"2024-10-01T00:00:00Z","2024-09-01T00:00:00Z",2387.865582,"Committed Use Discount","Hours","contract-790266","2024-10-01T00:00:00Z","2024-09-01T00:00:00Z","Microsoft","USD",9671.63157,"Microsoft"
"USD","{}","Entitlement","Usage",3226.000399,"2024-08-25T00:00:00Z","ContractCommitmentDescription 6276",1104.64134,"Committed Use Discount","Daily","contractcommitment-145903","2024-10-09T00:00:00Z","Superseded","Continuous","Negotiated","One-Time","No Upfront",0.0,"2024-10-01T00:00:00Z","2024-09-01T00:00:00Z",1916.166402,"Reserved Instance","Hours","contract-789880","2024-10-01T00:00:00Z","2024-09-01T00:00:00Z","Oracle","USD",4899.096379,"Oracle"
"USD","{}","Discount","Spend",9302.110368,"2024-08-30T00:00:00Z","ContractCommitmentDescription 4419",6557.493619,"Reserved Instance","Total Term","contractcommitment-939930","2024-10-06T00:00:00Z","Canceled","Continuous","Public","One-Time","All Upfront",1.0,"2024-10-01T00:00:00Z","2024-09-01T00:00:00Z",4159.532027,"Savings Plan","Hours","contract-963652","2024-10-01T00:00:00Z","2024-09-01T00:00:00Z","Google","USD",6169.333254,"Google"
"USD","{}","Discount","Spend",7251.719328,"2024-08-29T00:00:00Z","ContractCommitmentDescription 9710",3853.310882,"Reserved Instance","Transactional","contractcommitment-788784","2024-10-05T00:00:00Z","Pending","Continuous","Public","Custom","No Upfront",0.0,"2024-10-01T00:00:00Z","2024-09-01T00:00:00Z",5765.63659,"Committed Use Discount","Hours","contract-836677","2024-10-01T00:00:00Z","2024-09-01T00:00:00Z","AWS","USD",6652.423548,"AWS"
"USD","{}","Availability","Spend",5339.00477,"2024-08-26T00:00:00Z","ContractCommitmentDescription 8258",NULL,"Savings Plan","Transactional","contractcommitment-440424","2024-10-03T00:00:00Z","Superseded","Discontinuous","Public","Custom","Partial Upfront",8261.54975,"2024-10-01T00:00:00Z","2024-09-01T00:00:00Z",3234.5092,"Reserved Instance","Hours","contract-324319","2024-10-01T00:00:00Z","2024-09-01T00:00:00Z","AWS","USD",3750.630749,"AWS"
"USD","{}","Discount","Spend",9829.564712,"2024-08-20T00:00:00Z","ContractCommitmentDescription 1267",5176.093588,"Savings Plan","Hourly","contractcommitment-414922","2024-10-08T00:00:00Z","Pending","Continuous","Public","One-Time","All Upfront",1.0,"2024-10-01T00:00:00Z","2024-09-01T00:00:00Z",9191.12083,"Committed Use Discount","Hours","contract-198867","2024-10-01T00:00:00Z","2024-09-01T00:00:00Z","Google","USD",377.363001,"Google"
"USD","{}","Entitlement","Spend",2562.438385,"2024-08-27T00:00:00Z","ContractCommitmentDescription 5920",919.051213,"Savings Plan","Custom","contractcommitment-327999","2024-10-03T00:00:00Z","Canceled","Continuous","Public","Semi-Annual","No Upfront",0.0,"2024-10-01T00:00:00Z","2024-09-01T00:00:00Z",8990.240968,"Committed Use Discount","Hours","contract-724145","2024-10-01T00:00:00Z","2024-09-01T00:00:00Z","Google","USD",6422.54623,"Google"
"USD","{}","Availability","Usage",8797.925027,"2024-08-13T00:00:00Z","ContractCommitmentDescription 8115",NULL,"Reserved Instance","Monthly","contractcommitment-883997","2024-10-07T00:00:00Z","Canceled","Continuous","Public","One-Time","Partial Upfront",5243.833515,"2024-10-01T00:00:00Z","2024-09-01T00:00:00Z",3193.165402,"Committed Use Discount","Hours","contract-442707","2024-10-01T00:00:00Z","2024-09-01T00:00:00Z","AWS","USD",5024.016104,"AWS"
"USD","{}","Discount","Spend",4319.356702,"2024-08-27T00:00:00Z","ContractCommitmentDescription 7460",1480.124007,"Savings Plan","Daily","contractcommitment-598969","2024-10-01T00:00:00Z","Expired","Continuous","Public","Quarterly","No Upfront",0.0,"2024-10-01T00:00:00Z","2024-09-01T00:00:00Z",4344.911111,"Committed Use Discount","Hours","contract-899049","2024-10-01T00:00:00Z","2024-09-01T00:00:00Z","Microsoft","USD",1348.707637,"Microsoft"
"USD","{}","Entitlement","Spend",716.439803,"2024-08-16T00:00:00Z","ContractCommitmentDescription 8046",3234.116412,"Committed Use Discount","Daily","contractcommitment-217996","2024-10-07T00:00:00Z","Canceled","Discontinuous","Public","Quarterly","Partial Upfront",1904.897416,"2024-10-01T00:00:00Z","2024-09-01T00:00:00Z",3445.249095,"Committed Use Discount","Hours","contract-907069","2024-10-01T00:00:00Z","2024-09-01T00:00:00Z","Microsoft","USD",3048.188475,"Microsoft"
"USD","{}","Other","Spend",9242.132069,"2024-08-12T00:00:00Z","ContractCommitmentDescription 4825",1996.852136,"Savings Plan","Weekly","contractcommitment-894541","2024-10-08T00:00:00Z","Canceled","Continuous","Negotiated","Custom","No Upfront",0.0,"2024-10-01T00:00:00Z","2024-09-01T00:00:00Z",6210.024426,"Reserved Instance","Hours","contract-114400","2024-10-01T00:00:00Z","2024-09-01T00:00:00Z","Google","USD",3432.713724,"Google"
"USD","{}","Availability","Spend",7400.12985,"2024-08-22T00:00:00Z","ContractCommitmentDescription 4471",NULL,"Committed Use Discount","Quarterly","contractcommitment-675458","2024-10-08T00:00:00Z","Exhausted","Continuous","Negotiated","One-Time","All Upfront",1.0,"2024-10-01T00:00:00Z","2024-09-01T00:00:00Z",5267.990905,"Savings Plan","Hours","contract-163029","2024-10-01T00:00:00Z","2024-09-01T00:00:00Z","AWS","USD",2840.13541,"AWS"
"USD","{}","Other","Usage",6629.816357,"2024-08-30T00:00:00Z","ContractCommitmentDescription 6901",8642.822736,"Reserved Instance","Quarterly","contractcommitment-780956","2024-10-08T00:00:00Z","Exhausted","Continuous","Public","One-Time","All Upfront",1.0,"2024-10-01T00:00:00Z","2024-09-01T00:00:00Z",3154.559693,"Committed Use Discount","Hours","contract-192296","2024-10-01T00:00:00Z","2024-09-01T00:00:00Z","Google","USD",1864.173874,"Google"
"USD","{}","Availability","Usage",4899.328455,"2024-08-14T00:00:00Z","ContractCommitmentDescription 3572",NULL,"Committed Use Discount","Semi-Annually","contractcommitment-472640","2024-10-01T00:00:00Z","Canceled","Discontinuous","Negotiated","Annual","Partial Upfront",8118.928601,"2024-10-01T00:00:00Z","2024-09-01T00:00:00Z",6257.923637,"Savings Plan","Hours","contract-681896","2024-10-01T00:00:00Z","2024-09-01T00:00:00Z","Oracle","USD",9491.164184,"Oracle"
"USD","{}","Entitlement","Spend",7298.896639,"2024-08-27T00:00:00Z","ContractCommitmentDescription 9531",9606.056934,"Committed Use Discount","Monthly","contractcommitment-537605","2024-10-06T00:00:00Z","Pending","Continuous","Public","One-Time","All Upfront",1.0,"2024-10-01T00:00:00Z","2024-09-01T00:00:00Z",5422.337512,"Reserved Instance","Hours","contract-709254","2024-10-01T00:00:00Z","2024-09-01T00:00:00Z","Microsoft","USD",5413.538269,"Microsoft"
"USD","{}","Other","Spend",6562.31753,"2024-08-27T00:00:00Z","ContractCommitmentDescription 3589",3174.962108,"Committed Use Discount","Transactional","contractcommitment-854388","2024-10-05T00:00:00Z","Proposed","Continuous","Public","One-Time","All Upfront",1.0,"2024-10-01T00:00:00Z","2024-09-01T00:00:00Z",3186.874455,"Savings Plan","Hours","contract-418083","2024-10-01T00:00:00Z","2024-09-01T00:00:00Z","Microsoft","USD",4430.04487,"Microsoft"
"USD","{}","Entitlement","Spend",7624.474837,"2024-08-27T00:00:00Z","ContractCommitmentDescription 5372",6056.045113,"Committed Use Discount","Monthly","contractcommitment-725329","2024-10-04T00:00:00Z","Pending","Continuous","Negotiated","Quarterly","No Upfront",0.0,"2024-10-01T00:00:00Z","2024-09-01T00:00:00Z",4766.0222,"Committed Use Discount","Hours","contract-846606","2024-10-01T00:00:00Z","2024-09-01T00:00:00Z","Google","USD",6495.685531,"Google"
"USD","{}","Entitlement","Spend",2262.730601,"2024-08-19T00:00:00Z","ContractCommitmentDescription 7694",7645.388541,"Reserved Instance","Quarterly","contractcommitment-533108","2024-10-08T00:00:00Z","Pending","Continuous","Negotiated","One-Time","No Upfront",0.0,"2024-10-01T00:00:00Z","2024-09-01T00:00:00Z",9856.276396,"Committed Use Discount","Hours","contract-821276","2024-10-01T00:00:00Z","2024-09-01T00:00:00Z","Microsoft","USD",3248.956268,"Microsoft"
"USD","{}","Other","Usage",3941.507087,"2024-08-24T00:00:00Z","ContractCommitmentDescription 9784",5252.305317,"Committed Use Discount","Hourly","contractcommitment-645940","2024-10-07T00:00:00Z","Proposed","Discontinuous","Public","One-Time","No Upfront",0.0,"2024-10-01T00:00:00Z","2024-09-01T00:00:00Z",3956.111966,"Committed Use Discount","Hours","contract-684791","2024-10-01T00:00:00Z","2024-09-01T00:00:00Z","Oracle","USD",3873.978519,"Oracle"
"USD","{}","Availability","Usage",4613.47164,"2024-08-25T00:00:00Z","ContractCommitmentDescription 7921",NULL,"Reserved Instance","Transactional","contractcommitment-249149","2024-10-05T00:00:00Z","Exhausted","Discontinuous","Negotiated","One-Time","All Upfront",1.0,"2024-10-01T00:00:00Z","2024-09-01T00:00:00Z",7787.311419,"Committed Use Discount","Hours","contract-241879","2024-10-01T00:00:00Z","2024-09-01T00:00:00Z","AWS","USD",3930.667148,"AWS"
"USD","{}","Entitlement","Usage",901.796613,"2024-08-17T00:00:00Z","ContractCommitmentDescription 6309",6917.174283,"Committed Use Discount","Weekly","contractcommitment-853270","2024-10-01T00:00:00Z","Canceled","Continuous","Negotiated","One-Time","All Upfront",1.0,"2024-10-01T00:00:00Z","2024-09-01T00:00:00Z",3629.433892,"Committed Use Discount","Hours","contract-862182","2024-10-01T00:00:00Z","2024-09-01T00:00:00Z","Google","USD",7910.665942,"Google"
"USD","{}","Entitlement","Usage",5654.915785,"2024-08-19T00:00:00Z","ContractCommitmentDescription 3459",1621.240964,"Reserved Instance","Weekly","contractcommitment-906519","2024-10-09T00:00:00Z","Canceled","Continuous","Public","Quarterly","Partial Upfront",7301.617471,"2024-10-01T00:00:00Z","2024-09-01T00:00:00Z",9609.661136,"Savings Plan","Hours","contract-223264","2024-10-01T00:00:00Z","2024-09-01T00:00:00Z","Microsoft","USD",8985.419134,"Microsoft"
"USD","{}","Other","Usage",8554.110564,"2024-08-31T00:00:00Z","ContractCommitmentDescription 9904",8074.545637,"Committed Use Discount","Total Term","contractcommitment-349433","2024-10-10T00:00:00Z","Pending","Discontinuous","Public","Semi-Annual","Partial Upfront",794.049174,"2024-10-01T00:00:00Z","2024-09-01T00:00:00Z",6001.021043,"Reserved Instance","Hours","contract-391622","2024-10-01T00:00:00Z","2024-09-01T00:00:00Z","Microsoft","USD",6197.660389,"Microsoft"
"USD","{}","Availability","Spend",1453.744162,"2024-08-30T00:00:00Z","ContractCommitmentDescription 1531",NULL,"Committed Use Discount","Quarterly","contractcommitment-447195","2024-10-03T00:00:00Z","Proposed","Continuous","Negotiated","Semi-Annual","No Upfront",0.0,"2024-10-01T00:00:00Z","2024-09-01T00:00:00Z",2843.805448,"Committed Use Discount","Hours","contract-577456","2024-10-01T00:00:00Z","2024-09-01T00:00:00Z","Microsoft","USD",7493.34809,"Microsoft"
"USD","{}","Availability","Usage",8202.647423,"2024-08-30T00:00:00Z","ContractCommitmentDescription 8001",NULL,"Reserved Instance","Quarterly","contractcommitment-593687","2024-10-02T00:00:00Z","Pending","Continuous","Public","One-Time","All Upfront",1.0,"2024-10-01T00:00:00Z","2024-09-01T00:00:00Z",2098.453693,"Reserved Instance","Hours","contract-214611","2024-10-01T00:00:00Z","2024-09-01T00:00:00Z","Google","USD",5713.670755,"Google"
"USD","{}","Availability","Usage",5253.912253,"2024-08-16T00:00:00Z","ContractCommitmentDescription 6797",NULL,"Committed Use Discount","Custom","contractcommitment-620509","2024-10-10T00:00:00Z","Expired","Discontinuous","Public","One-Time","All Upfront",1.0,"2024-10-01T00:00:00Z","2024-09-01T00:00:00Z",2904.880641,"Reserved Instance","Hours","contract-223949","2024-10-01T00:00:00Z","2024-09-01T00:00:00Z","AWS","USD",239.867975,"AWS"
"USD","{}","Discount","Usage",3496.500444,"2024-08-25T00:00:00Z","ContractCommitmentDescription 4478",112.97268,"Reserved Instance","Quarterly","contractcommitment-366776","2024-10-10T00:00:00Z","Superseded","Continuous","Public","One-Time","All Upfront",1.0,"2024-10-01T00:00:00Z","2024-09-01T00:00:00Z",7670.32601,"Reserved Instance","Hours","contract-457943","2024-10-01T00:00:00Z","2024-09-01T00:00:00Z","AWS","USD",3960.493261,"AWS"
"USD","{}","Other","Usage",7972.543838,"2024-08-26T00:00:00Z","ContractCommitmentDescription 3224",4814.955231,"Committed Use Discount","Total Term","contractcommitment-663051","2024-10-04T00:00:00Z","Active","Discontinuous","Public","Custom","No Upfront",0.0,"2024-10-01T00:00:00Z","2024-09-01T00:00:00Z",2993.437466,"Committed Use Discount","Hours","contract-682145","2024-10-01T00:00:00Z","2024-09-01T00:00:00Z","AWS","USD",5358.854757,"AWS"
"USD","{}","Discount","Spend",2804.600287,"2024-08-13T00:00:00Z","ContractCommitmentDescription 1510",3391.52418,"Savings Plan","Transactional","contractcommitment-983326","2024-10-11T00:00:00Z","Pending","Discontinuous","Negotiated","Annual","No Upfront",0.0,"2024-10-01T00:00:00Z","2024-09-01T00:00:00Z",7515.402087,"Committed Use Discount","Hours","contract-844321","2024-10-01T00:00:00Z","2024-09-01T00:00:00Z","Microsoft","USD",316.282158,"Microsoft"
"USD","{}","Other","Usage",2161.398793,"2024-08-29T00:00:00Z","ContractCommitmentDescription 5953",1750.127458,"Savings Plan","Hourly","contractcommitment-915572","2024-10-08T00:00:00Z","Pending","Continuous","Public","Annual","No Upfront",0.0,"2024-10-01T00:00:00Z","2024-09-01T00:00:00Z",9049.558006,"Reserved Instance","Hours","contract-456637","2024-10-01T00:00:00Z","2024-09-01T00:00:00Z","Oracle","USD",9236.367679,"Oracle"
"USD","{}","Entitlement","Spend",7245.706323,"2024-08-21T00:00:00Z","ContractCommitmentDescription 8526",3875.882157,"Committed Use Discount","Daily","contractcommitment-104309","2024-10-03T00:00:00Z","Active","Continuous","Negotiated","Quarterly","Partial Upfront",8891.85876,"2024-10-01T00:00:00Z","2024-09-01T00:00:00Z",1031.028295,"Committed Use Discount","Hours","contract-123572","2024-10-01T00:00:00Z","2024-09-01T00:00:00Z","Google","USD",5775.598344,"Google"
"USD","{}","Availability","Usage",5322.758058,"2024-08-25T00:00:00Z","ContractCommitmentDescription 8227",NULL,"Savings Plan","Weekly","contractcommitment-265146","2024-10-06T00:00:00Z","Active","Continuous","Negotiated","One-Time","All Upfront",1.0,"2024-10-01T00:00:00Z","2024-09-01T00:00:00Z",2065.773796,"Savings Plan","Hours","contract-384218","2024-10-01T00:00:00Z","2024-09-01T00:00:00Z","Google","USD",1415.568288,"Google"
"USD","{}","Availability","Usage",5405.77102,"2024-08-13T00:00:00Z","ContractCommitmentDescription 1831",NULL,"Savings Plan","Hourly","contractcommitment-211072","2024-10-04T00:00:00Z","Exhausted","Continuous","Negotiated","Semi-Annual","Partial Upfront",1789.829933,"2024-10-01T00:00:00Z","2024-09-01T00:00:00Z",5961.213625,"Committed Use Discount","Hours","contract-746253","2024-10-01T00:00:00Z","2024-09-01T00:00:00Z","Google","USD",3556.24313,"Google"
"USD","{}","Other","Spend",929.161743,"2024-08-25T00:00:00Z","ContractCommitmentDescription 8672",972.629968,"Savings Plan","Total Term","contractcommitment-593403","2024-10-11T00:00:00Z","Pending","Continuous","Negotiated","Annual","Partial Upfront",9128.616107,"2024-10-01T00:00:00Z","2024-09-01T00:00:00Z",3920.769184,"Committed Use Discount","Hours","contract-927094","2024-10-01T00:00:00Z","2024-09-01T00:00:00Z","Google","USD",8607.915929,"Google"
"USD","{}","Other","Spend",3514.408207,"2024-08-17T00:00:00Z","ContractCommitmentDescription 8556",8457.662625,"Savings Plan","Semi-Annually","contractcommitment-733801","2024-10-08T00:00:00Z","Expired","Continuous","Negotiated","One-Time","All Upfront",1.0,"2024-10-01T00:00:00Z","2024-09-01T00:00:00Z",3258.697283,"Committed Use Discount","Hours","contract-930924","2024-10-01T00:00:00Z","2024-09-01T00:00:00Z","Google","USD",3021.181265,"Google"
"USD","{}","Entitlement","Spend",9738.917312,"2024-08-19T00:00:00Z","ContractCommitmentDescription 7288",660.599347,"Reserved Instance","Custom","contractcommitment-552091","2024-10-10T00:00:00Z","Superseded","Discontinuous","Public","One-Time","All Upfront",1.0,"2024-10-01T00:00:00Z","2024-09-01T00:00:00Z",6626.122569,"Reserved Instance","Hours","contract-219876","2024-10-01T00:00:00Z","2024-09-01T00:00:00Z","Oracle","USD",5921.631351,"Oracle"
"USD","{}","Entitlement","Usage",9558.834464,"2024-08-21T00:00:00Z","ContractCommitmentDescription 2140",5982.591816,"Committed Use Discount","Custom","contractcommitment-908812","2024-10-09T00:00:00Z","Superseded","Discontinuous","Public","One-Time","All Upfront",1.0,"2024-10-01T00:00:00Z","2024-09-01T00:00:00Z",905.330048,"Reserved Instance","Hours","contract-893853","2024-10-01T00:00:00Z","2024-09-01T00:00:00Z","Oracle","USD",1467.253541,"Oracle"
"USD","{}","Other","Spend",2056.616819,"2024-08-17T00:00:00Z","ContractCommitmentDescription 6187",2997.353343,"Committed Use Discount","Quarterly","contractcommitment-555844","2024-10-09T00:00:00Z","Canceled","Discontinuous","Negotiated","Annual","No Upfront",0.0,"2024-10-01T00:00:00Z","2024-09-01T00:00:00Z",5104.238794,"Reserved Instance","Hours","contract-165442","2024-10-01T00:00:00Z","2024-09-01T00:00:00Z","Microsoft","USD",3692.228936,"Microsoft"
"USD","{}","Availability","Spend",2352.411705,"2024-08-31T00:00:00Z","ContractCommitmentDescription 7459",NULL,"Committed Use Discount","Annually","contractcommitment-525756","2024-10-09T00:00:00Z","Exhausted","Discontinuous","Negotiated","Custom","No Upfront",0.0,"2024-10-01T00:00:00Z","2024-09-01T00:00:00Z",1882.268381,"Savings Plan","Hours","contract-980764","2024-10-01T00:00:00Z","2024-09-01T00:00:00Z","AWS","USD",4172.354948,"AWS"
"USD","{}","Discount","Spend",7213.392324,"2024-08-27T00:00:00Z","ContractCommitmentDescription 8974",6579.266968,"Reserved Instance","Daily","contractcommitment-243885","2024-10-03T00:00:00Z","Canceled","Discontinuous","Public","One-Time","All Upfront",1.0,"2024-10-01T00:00:00Z","2024-09-01T00:00:00Z",6232.484816,"Savings Plan","Hours","contract-544726","2024-10-01T00:00:00Z","2024-09-01T00:00:00Z","Google","USD",5520.500304,"Google"
"USD","{}","Other","Spend",5779.385008,"2024-08-19T00:00:00Z","ContractCommitmentDescription 4878",7121.29999,"Savings Plan","Annually","contractcommitment-672696","2024-10-06T00:00:00Z","Expired","Discontinuous","Negotiated","One-Time","All Upfront",1.0,"2024-10-01T00:00:00Z","2024-09-01T00:00:00Z",3685.785987,"Committed Use Discount","Hours","contract-824038","2024-10-01T00:00:00Z","2024-09-01T00:00:00Z","Oracle","USD",800.631057,"Oracle"
"USD","{}","Discount","Spend",4724.515723,"2024-08-17T00:00:00Z","ContractCommitmentDescription 2279",6840.740191,"Committed Use Discount","Custom","contractcommitment-427679","2024-10-09T00:00:00Z","Expired","Continuous","Public","Annual","No Upfront",0.0,"2024-10-01T00:00:00Z","2024-09-01T00:00:00Z",5126.631104,"Savings Plan","Hours","contract-541467","2024-10-01T00:00:00Z","2024-09-01T00:00:00Z","Google","USD",3529.145417,"Google"
"USD","{}","Availability","Usage",614.177632,"2024-08-22T00:00:00Z","ContractCommitmentDescription 8752",NULL,"Committed Use Discount","Hourly","contractcommitment-788201","2024-10-03T00:00:00Z","Active","Continuous","Public","Semi-Annual","No Upfront",0.0,"2024-10-01T00:00:00Z","2024-09-01T00:00:00Z",768.622596,"Savings Plan","Hours","contract-238976","2024-10-01T00:00:00Z","2024-09-01T00:00:00Z","Google","USD",6157.977602,"Google"
"USD","{}","Entitlement","Spend",6591.556404,"2024-08-23T00:00:00Z","ContractCommitmentDescription 7058",8078.406913,"Savings Plan","Monthly","contractcommitment-608473","2024-10-01T00:00:00Z","Pending","Continuous","Public","One-Time","No Upfront",0.0,"2024-10-01T00:00:00Z","2024-09-01T00:00:00Z",8217.237678,"Savings Plan","Hours","contract-907789","2024-10-01T00:00:00Z","2024-09-01T00:00:00Z","Google","USD",3831.669929,"Google"
"USD","{}","Availability","Spend",6422.610973,"2024-08-26T00:00:00Z","ContractCommitmentDescription 2900",NULL,"Savings Plan","Annually","contractcommitment-599365","2024-10-04T00:00:00Z","Active","Discontinuous","Negotiated","One-Time","All Upfront",1.0,"2024-10-01T00:00:00Z","2024-09-01T00:00:00Z",4745.895808,"Reserved Instance","Hours","contract-555851","2024-10-01T00:00:00Z","2024-09-01T00:00:00Z","Oracle","USD",118.630401,"Oracle"
"USD","{}","Discount","Spend",9177.121411,"2024-08-19T00:00:00Z","ContractCommitmentDescription 6797",9561.836559,"Savings Plan","Custom","contractcommitment-783740","2024-10-11T00:00:00Z","Superseded","Discontinuous","Public","Quarterly","Partial Upfront",8023.163609,"2024-10-01T00:00:00Z","2024-09-01T00:00:00Z",2553.439189,"Committed Use Discount","Hours","contract-583507","2024-10-01T00:00:00Z","2024-09-01T00:00:00Z","Oracle","USD",7731.510153,"Oracle"
"USD","{}","Entitlement","Usage",5476.125554,"2024-08-13T00:00:00Z","ContractCommitmentDescription 1138",8316.894998,"Reserved Instance","Annually","contractcommitment-202444","2024-10-04T00:00:00Z","Expired","Continuous","Public","Quarterly","No Upfront",0.0,"2024-10-01T00:00:00Z","2024-09-01T00:00:00Z",2518.961071,"Reserved Instance","Hours","contract-749485","2024-10-01T00:00:00Z","2024-09-01T00:00:00Z","Microsoft","USD",919.412826,"Microsoft"
"USD","{}","Discount","Spend",8564.408243,"2024-08-12T00:00:00Z","ContractCommitmentDescription 3128",3759.584401,"Committed Use Discount","Custom","contractcommitment-942216","2024-10-11T00:00:00Z","Pending","Continuous","Negotiated","Quarterly","Partial Upfront",4669.555773,"2024-10-01T00:00:00Z","2024-09-01T00:00:00Z",9361.820599,"Committed Use Discount","Hours","contract-389809","2024-10-01T00:00:00Z","2024-09-01T00:00:00Z","Microsoft","USD",7693.591299,"Microsoft"
"USD","{}","Discount","Usage",3885.904277,"2024-08-23T00:00:00Z","ContractCommitmentDescription 1984",2582.386058,"Savings Plan","Weekly","contractcommitment-561976","2024-10-03T00:00:00Z","Proposed","Discontinuous","Negotiated","Annual","Partial Upfront",1784.421701,"2024-10-01T00:00:00Z","2024-09-01T00:00:00Z",4920.572945,"Reserved Instance","Hours","contract-906048","2024-10-01T00:00:00Z","2024-09-01T00:00:00Z","Google","USD",4312.535764,"Google"
"USD","{}","Discount","Spend",5713.445598,"2024-08-17T00:00:00Z","ContractCommitmentDescription 5105",7772.371653,"Reserved Instance","Total Term","contractcommitment-256085","2024-10-05T00:00:00Z","Canceled","Continuous","Negotiated","Custom","Partial Upfront",2664.364811,"2024-10-01T00:00:00Z","2024-09-01T00:00:00Z",7000.551993,"Savings Plan","Hours","contract-640418","2024-10-01T00:00:00Z","2024-09-01T00:00:00Z","AWS","USD",7076.056521,"AWS"
"USD","{}","Discount","Spend",33.073603,"2024-08-16T00:00:00Z","ContractCommitmentDescription 8898",1212.036503,"Committed Use Discount","Semi-Annually","contractcommitment-449636","2024-10-07T00:00:00Z","Canceled","Discontinuous","Public","One-Time","All Upfront",1.0,"2024-10-01T00:00:00Z","2024-09-01T00:00:00Z",6470.744095,"Savings Plan","Hours","contract-994794","2024-10-01T00:00:00Z","2024-09-01T00:00:00Z","Oracle","USD",9609.25522,"Oracle"
"USD","{}","Discount","Usage",6607.340887,"2024-08-17T00:00:00Z","ContractCommitmentDescription 5896",6958.822786,"Reserved Instance","Semi-Annually","contractcommitment-610135","2024-10-05T00:00:00Z","Proposed","Discontinuous","Negotiated","Monthly","No Upfront",0.0,"2024-10-01T00:00:00Z","2024-09-01T00:00:00Z",7197.390347,"Committed Use Discount","Hours","contract-612997","2024-10-01T00:00:00Z","2024-09-01T00:00:00Z","AWS","USD",3887.675335,"AWS"
"USD","{}","Discount","Usage",560.544531,"2024-08-16T00:00:00Z","ContractCommitmentDescription 1701",4055.07856,"Reserved Instance","Transactional","contractcommitment-580636","2024-10-09T00:00:00Z","Canceled","Continuous","Negotiated","One-Time","No Upfront",0.0,"2024-10-01T00:00:00Z","2024-09-01T00:00:00Z",4888.947133,"Reserved Instance","Hours","contract-748410","2024-10-01T00:00:00Z","2024-09-01T00:00:00Z","Google","USD",458.016935,"Google"
"USD","{}","Discount","Usage",6112.258894,"2024-08-31T00:00:00Z","ContractCommitmentDescription 2047",8178.001778,"Reserved Instance","Daily","contractcommitment-621292","2024-10-03T00:00:00Z","Expired","Continuous","Negotiated","Monthly","Partial Upfront",3373.431102,"2024-10-01T00:00:00Z","2024-09-01T00:00:00Z",8358.95948,"Committed Use Discount","Hours","contract-439984","2024-10-01T00:00:00Z","2024-09-01T00:00:00Z","Microsoft","USD",1208.024396,"Microsoft"
"USD","{}","Entitlement","Usage",632.218877,"2024-08-21T00:00:00Z","ContractCommitmentDescription 5487",1412.368026,"Savings Plan","Weekly","contractcommitment-830119","2024-10-04T00:00:00Z","Active","Continuous","Public","One-Time","All Upfront",1.0,"2024-10-01T00:00:00Z","2024-09-01T00:00:00Z",999.678507,"Committed Use Discount","Hours","contract-915437","2024-10-01T00:00:00Z","2024-09-01T00:00:00Z","Microsoft","USD",1577.536614,"Microsoft"
"USD","{}","Discount","Usage",4162.222422,"2024-08-29T00:00:00Z","ContractCommitmentDescription 8798",6923.583308,"Reserved Instance","Weekly","contractcommitment-770905","2024-10-01T00:00:00Z","Active","Discontinuous","Public","Monthly","No Upfront",0.0,"2024-10-01T00:00:00Z","2024-09-01T00:00:00Z",376.21212,"Reserved Instance","Hours","contract-741780","2024-10-01T00:00:00Z","2024-09-01T00:00:00Z","Oracle","USD",9502.980641,"Oracle"
"USD","{}","Entitlement","Spend",1175.078227,"2024-08-20T00:00:00Z","ContractCommitmentDescription 9686",9767.914794,"Committed Use Discount","Semi-Annually","contractcommitment-898100","2024-10-07T00:00:00Z","Expired","Continuous","Public","One-Time","All Upfront",1.0,"2024-10-01T00:00:00Z","2024-09-01T00:00:00Z",530.690193,"Reserved Instance","Hours","contract-818530","2024-10-01T00:00:00Z","2024-09-01T00:00:00Z","Google","USD",8437.816945,"Google"
"USD","{}","Discount","Spend",6448.608366,"2024-08-16T00:00:00Z","ContractCommitmentDescription 5670",2095.897528,"Savings Plan","Semi-Annually","contractcommitment-746781","2024-10-03T00:00:00Z","Superseded","Discontinuous","Negotiated","One-Time","All Upfront",1.0,"2024-10-01T00:00:00Z","2024-09-01T00:00:00Z",5373.606397,"Reserved Instance","Hours","contract-608623","2024-10-01T00:00:00Z","2024-09-01T00:00:00Z","Oracle","USD",5149.037176,"Oracle"
"USD","{}","Availability","Usage",1987.513955,"2024-08-24T00:00:00Z","ContractCommitmentDescription 6336",NULL,"Reserved Instance","Semi-Annually","contractcommitment-338846","2024-10-08T00:00:00Z","Proposed","Continuous","Public","Monthly","Partial Upfront",8913.651498,"2024-10-01T00:00:00Z","2024-09-01T00:00:00Z",735.297164,"Committed Use Discount","Hours","contract-156978","2024-10-01T00:00:00Z","2024-09-01T00:00:00Z","AWS","USD",8904.888439,"AWS"
"USD","{}","Other","Usage",1364.046146,"2024-08-25T00:00:00Z","ContractCommitmentDescription 4181",6320.211169,"Savings Plan","Monthly","contractcommitment-452207","2024-10-10T00:00:00Z","Pending","Continuous","Negotiated","Quarterly","No Upfront",0.0,"2024-10-01T00:00:00Z","2024-09-01T00:00:00Z",4655.342956,"Savings Plan","Hours","contract-897273","2024-10-01T00:00:00Z","2024-09-01T00:00:00Z","Microsoft","USD",3435.760082,"Microsoft"
"USD","{}","Entitlement","Spend",4116.961424,"2024-08-12T00:00:00Z","ContractCommitmentDescription 9548",4892.133986,"Reserved Instance","Custom","contractcommitment-596489","2024-10-03T00:00:00Z","Superseded","Discontinuous","Public","One-Time","All Upfront",1.0,"2024-10-01T00:00:00Z","2024-09-01T00:00:00Z",8725.984711,"Reserved Instance","Hours","contract-555342","2024-10-01T00:00:00Z","2024-09-01T00:00:00Z","Google","USD",5794.6703,"Google"
"USD","{}","Discount","Usage",7334.763018,"2024-08-13T00:00:00Z","ContractCommitmentDescription 9261",336.205544,"Committed Use Discount","Annually","contractcommitment-602550","2024-10-01T00:00:00Z","Superseded","Continuous","Public","Semi-Annual","No Upfront",0.0,"2024-10-01T00:00:00Z","2024-09-01T00:00:00Z",7530.786918,"Committed Use Discount","Hours","contract-328596","2024-10-01T00:00:00Z","2024-09-01T00:00:00Z","Microsoft","USD",1327.120018,"Microsoft"
"USD","{}","Other","Usage",1618.028336,"2024-08-24T00:00:00Z","ContractCommitmentDescription 8524",8579.221112,"Committed Use Discount","Custom","contractcommitment-125599","2024-10-11T00:00:00Z","Exhausted","Discontinuous","Negotiated","Custom","Partial Upfront",1849.457382,"2024-10-01T00:00:00Z","2024-09-01T00:00:00Z",8715.517996,"Committed Use Discount","Hours","contract-838094","2024-10-01T00:00:00Z","2024-09-01T00:00:00Z","Google","USD",6334.023029,"Google"
"USD","{}","Availability","Usage",7528.88011,"2024-08-19T00:00:00Z","ContractCommitmentDescription 9887",NULL,"Reserved Instance","Daily","contractcommitment-750594","2024-10-06T00:00:00Z","Active","Continuous","Public","One-Time","No Upfront",0.0,"2024-10-01T00:00:00Z","2024-09-01T00:00:00Z",4653.528751,"Reserved Instance","Hours","contract-484232","2024-10-01T00:00:00Z","2024-09-01T00:00:00Z","AWS","USD",1752.674032,"AWS"
"USD","{}","Entitlement","Spend",6490.384003,"2024-08-14T00:00:00Z","ContractCommitmentDescription 4437",7531.734984,"Reserved Instance","Semi-Annually","contractcommitment-469844","2024-10-04T00:00:00Z","Active","Discontinuous","Public","One-Time","No Upfront",0.0,"2024-10-01T00:00:00Z","2024-09-01T00:00:00Z",4524.106494,"Committed Use Discount","Hours","contract-969856","2024-10-01T00:00:00Z","2024-09-01T00:00:00Z","AWS","USD",1227.094343,"AWS"
"USD","{}","Discount","Spend",8919.032133,"2024-08-17T00:00:00Z","ContractCommitmentDescription 8501",873.087502,"Savings Plan","Weekly","contractcommitment-402380","2024-10-10T00:00:00Z","Proposed","Continuous","Negotiated","Quarterly","No Upfront",0.0,"2024-10-01T00:00:00Z","2024-09-01T00:00:00Z",4963.28735,"Reserved Instance","Hours","contract-757746","2024-10-01T00:00:00Z","2024-09-01T00:00:00Z","Google","USD",226.902686,"Google"
"USD","{}","Other","Usage",7377.092439,"2024-08-14T00:00:00Z","ContractCommitmentDescription 1351",2915.167972,"Reserved Instance","Hourly","contractcommitment-940946","2024-10-03T00:00:00Z","Pending","Discontinuous","Public","Annual","Partial Upfront",6557.605017,"2024-10-01T00:00:00Z","2024-09-01T00:00:00Z",7868.243629,"Savings Plan","Hours","contract-982804","2024-10-01T00:00:00Z","2024-09-01T00:00:00Z","Oracle","USD",5484.687123,"Oracle"
"USD","{}","Entitlement","Usage",2267.819381,"2024-08-22T00:00:00Z","ContractCommitmentDescription 7093",9707.240484,"Reserved Instance","Weekly","contractcommitment-470274","2024-10-10T00:00:00Z","Active","Discontinuous","Negotiated","Annual","No Upfront",0.0,"2024-10-01T00:00:00Z","2024-09-01T00:00:00Z",2852.465822,"Reserved Instance","Hours","contract-269087","2024-10-01T00:00:00Z","2024-09-01T00:00:00Z","Oracle","USD",2379.053244,"Oracle"
"USD","{}","Availability","Usage",1844.965831,"2024-08-21T00:00:00Z","ContractCommitmentDescription 1568",NULL,"Savings Plan","Weekly","contractcommitment-491029","2024-10-10T00:00:00Z","Exhausted","Continuous","Public","One-Time","No Upfront",0.0,"2024-10-01T00:00:00Z","2024-09-01T00:00:00Z",4994.169158,"Reserved Instance","Hours","contract-435772","2024-10-01T00:00:00Z","2024-09-01T00:00:00Z","AWS","USD",1560.532675,"AWS"
"USD","{}","Entitlement","Usage",3386.844299,"2024-08-22T00:00:00Z","ContractCommitmentDescription 2840",7316.405213,"Reserved Instance","Weekly","contractcommitment-810943","2024-10-08T00:00:00Z","Expired","Continuous","Public","One-Time","Partial Upfront",6175.219926,"2024-10-01T00:00:00Z","2024-09-01T00:00:00Z",2203.647975,"Savings Plan","Hours","contract-442220","2024-10-01T00:00:00Z","2024-09-01T00:00:00Z","Google","USD",550.336362,"Google"
"USD","{}","Entitlement","Spend",835.895504,"2024-08-13T00:00:00Z","ContractCommitmentDescription 8298",6770.633882,"Reserved Instance","Transactional","contractcommitment-513583","2024-10-09T00:00:00Z","Pending","Discontinuous","Public","One-Time","All Upfront",1.0,"2024-10-01T00:00:00Z","2024-09-01T00:00:00Z",560.476177,"Committed Use Discount","Hours","contract-516869","2024-10-01T00:00:00Z","2024-09-01T00:00:00Z","Microsoft","USD",1479.459384,"Microsoft"
"USD","{}","Availability","Usage",3513.550334,"2024-08-20T00:00:00Z","ContractCommitmentDescription 8300",NULL,"Reserved Instance","Monthly","contractcommitment-863209","2024-10-07T00:00:00Z","Exhausted","Discontinuous","Public","Quarterly","No Upfront",0.0,"2024-10-01T00:00:00Z","2024-09-01T00:00:00Z",9703.606732,"Savings Plan","Hours","contract-246347","2024-10-01T00:00:00Z","2024-09-01T00:00:00Z","Oracle","USD",8355.115323,"Oracle"
"USD","{}","Availability","Spend",9331.529957,"2024-08-27T00:00:00Z","ContractCommitmentDescription 7156",NULL,"Savings Plan","Quarterly","contractcommitment-534649","2024-10-04T00:00:00Z","Pending","Discontinuous","Negotiated","Monthly","No Upfront",0.0,"2024-10-01T00:00:00Z","2024-09-01T00:00:00Z",2894.631665,"Savings Plan","Hours","contract-962767","2024-10-01T00:00:00Z","2024-09-01T00:00:00Z","AWS","USD",8262.483053,"AWS"
"USD","{}","Discount","Spend",1540.239696,"2024-08-16T00:00:00Z","ContractCommitmentDescription 5917",9560.265961,"Committed Use Discount","Total Term","contractcommitment-230208","2024-10-09T00:00:00Z","Canceled","Discontinuous","Public","Monthly","Partial Upfront",9067.931972,"2024-10-01T00:00:00Z","2024-09-01T00:00:00Z",6447.858456,"Reserved Instance","Hours","contract-901865","2024-10-01T00:00:00Z","2024-09-01T00:00:00Z","Google","USD",2772.170342,"Google"
"USD","{}","Other","Usage",6279.960475,"2024-08-12T00:00:00Z","ContractCommitmentDescription 8799",9742.587484,"Reserved Instance","Semi-Annually","contractcommitment-637422","2024-10-06T00:00:00Z","Canceled","Continuous","Public","One-Time","All Upfront",1.0,"2024-10-01T00:00:00Z","2024-09-01T00:00:00Z",3196.811114,"Committed Use Discount","Hours","contract-474745","2024-10-01T00:00:00Z","2024-09-01T00:00:00Z","AWS","USD",1633.088518,"AWS"
"USD","{}","Availability","Usage",5296.123299,"2024-08-20T00:00:00Z","ContractCommitmentDescription 2258",NULL,"Committed Use Discount","Weekly","contractcommitment-901834","2024-10-07T00:00:00Z","Proposed","Continuous","Public","One-Time","All Upfront",1.0,"2024-10-01T00:00:00Z","2024-09-01T00:00:00Z",2714.589736,"Committed Use Discount","Hours","contract-200488","2024-10-01T00:00:00Z","2024-09-01T00:00:00Z","Google","USD",5344.203232,"Google"
"USD","{}","Availability","Usage",7788.078449,"2024-08-27T00:00:00Z","ContractCommitmentDescription 7750",NULL,"Reserved Instance","Daily","contractcommitment-328459","2024-10-01T00:00:00Z","Pending","Continuous","Negotiated","One-Time","All Upfront",1.0,"2024-10-01T00:00:00Z","2024-09-01T00:00:00Z",9524.952138,"Committed Use Discount","Hours","contract-537619","2024-10-01T00:00:00Z","2024-09-01T00:00:00Z","Google","USD",4604.913586,"Google"
"USD","{}","Availability","Usage",6910.507035,"2024-08-28T00:00:00Z","ContractCommitmentDescription 3277",NULL,"Committed Use Discount","Transactional","contractcommitment-900681","2024-10-03T00:00:00Z","Active","Continuous","Public","One-Time","All Upfront",1.0,"2024-10-01T00:00:00Z","2024-09-01T00:00:00Z",2223.578478,"Committed Use Discount","Hours","contract-821469","2024-10-01T00:00:00Z","2024-09-01T00:00:00Z","AWS","USD",2265.744307,"AWS"
"USD","{}","Discount","Spend",188.064111,"2024-08-25T00:00:00Z","ContractCommitmentDescription 8934",7573.340344,"Reserved Instance","Monthly","contractcommitment-213054","2024-10-03T00:00:00Z","Proposed","Continuous","Public","One-Time","Partial Upfront",432.814961,"2024-10-01T00:00:00Z","2024-09-01T00:00:00Z",3016.458054,"Reserved Instance","Hours","contract-920375","2024-10-01T00:00:00Z","2024-09-01T00:00:00Z","Microsoft","USD",1237.935567,"Microsoft"
"USD","{}","Availability","Spend",907.79313,"2024-08-13T00:00:00Z","ContractCommitmentDescription 5544",NULL,"Savings Plan","Semi-Annually","contractcommitment-268356","2024-10-04T00:00:00Z","Superseded","Continuous","Negotiated","One-Time","All Upfront",1.0,"2024-10-01T00:00:00Z","2024-09-01T00:00:00Z",5288.387404,"Committed Use Discount","Hours","contract-395548","2024-10-01T00:00:00Z","2024-09-01T00:00:00Z","Microsoft","USD",1717.734628,"Microsoft"
"USD","{}","Other","Usage",6981.329068,"2024-08-28T00:00:00Z","ContractCommitmentDescription 4033",4396.658292,"Reserved Instance","Weekly","contractcommitment-975290","2024-10-04T00:00:00Z","Active","Discontinuous","Public","One-Time","All Upfront",1.0,"2024-10-01T00:00:00Z","2024-09-01T00:00:00Z",1128.454787,"Savings Plan","Hours","contract-588533","2024-10-01T00:00:00Z","2024-09-01T00:00:00Z","AWS","USD",1103.161612,"AWS"
"USD","{}","Discount","Spend",3281.154073,"2024-08-16T00:00:00Z","ContractCommitmentDescription 2895",3847.811169,"Savings Plan","Custom","contractcommitment-871934","2024-10-06T00:00:00Z","Active","Discontinuous","Negotiated","Annual","Partial Upfront",2905.89325,"2024-10-01T00:00:00Z","2024-09-01T00:00:00Z",8553.65667,"Reserved Instance","Hours","contract-981913","2024-10-01T00:00:00Z","2024-09-01T00:00:00Z","Microsoft","USD",8024.364,"Microsoft"
"USD","{}","Discount","Usage",4380.583504,"2024-08-26T00:00:00Z","ContractCommitmentDescription 2392",1192.178439,"Savings Plan","Annually","contractcommitment-828799","2024-10-01T00:00:00Z","Expired","Continuous","Negotiated","One-Time","Partial Upfront",9752.074942,"2024-10-01T00:00:00Z","2024-09-01T00:00:00Z",3386.316463,"Committed Use Discount","Hours","contract-228725","2024-10-01T00:00:00Z","2024-09-01T00:00:00Z","Google","USD",2328.696388,"Google"
"USD","{}","Availability","Usage",3560.973069,"2024-08-16T00:00:00Z","ContractCommitmentDescription 7626",NULL,"Committed Use Discount","Quarterly","contractcommitment-254532","2024-10-05T00:00:00Z","Superseded","Discontinuous","Negotiated","One-Time","Partial Upfront",4893.413819,"2024-10-01T00:00:00Z","2024-09-01T00:00:00Z",2308.21793,"Reserved Instance","Hours","contract-204441","2024-10-01T00:00:00Z","2024-09-01T00:00:00Z","Oracle","USD",7377.983559,"Oracle"
"USD","{}","Other","Usage",1527.366512,"2024-08-16T00:00:00Z","ContractCommitmentDescription 2578",7601.714438,"Committed Use Discount","Transactional","contractcommitment-904857","2024-10-11T00:00:00Z","Exhausted","Discontinuous","Negotiated","One-Time","All Upfront",1.0,"2024-10-01T00:00:00Z","2024-09-01T00:00:00Z",5047.94756,"Committed Use Discount","Hours","contract-948802","2024-10-01T00:00:00Z","2024-09-01T00:00:00Z","AWS","USD",8596.72312,"AWS"
"USD","{}","Other","Usage",8528.742893,"2024-08-30T00:00:00Z","ContractCommitmentDescription 8250",4596.562388,"Reserved Instance","Weekly","contractcommitment-683707","2024-10-07T00:00:00Z","Canceled","Discontinuous","Negotiated","Semi-Annual","Partial Upfront",1344.882422,"2024-10-01T00:00:00Z","2024-09-01T00:00:00Z",7157.231896,"Savings Plan","Hours","contract-696487","2024-10-01T00:00:00Z","2024-09-01T00:00:00Z","AWS","USD",6750.245801,"AWS"
"USD","{}","Discount","Usage",2633.909843,"2024-08-16T00:00:00Z","ContractCommitmentDescription 7189",6169.396764,"Savings Plan","Quarterly","contractcommitment-436050","2024-10-09T00:00:00Z","Proposed","Continuous","Negotiated","Monthly","Partial Upfront",3488.767878,"2024-10-01T00:00:00Z","2024-09-01T00:00:00Z",7420.571341,"Reserved Instance","Hours","contract-499060","2024-10-01T00:00:00Z","2024-09-01T00:00:00Z","Oracle","USD",973.500492,"Oracle"
"USD","{}","Entitlement","Spend",2346.220884,"2024-08-20T00:00:00Z","ContractCommitmentDescription 6113",5925.316668,"Committed Use Discount","Daily","contractcommitment-419723","2024-10-07T00:00:00Z","Proposed","Discontinuous","Negotiated","One-Time","All Upfront",1.0,"2024-10-01T00:00:00Z","2024-09-01T00:00:00Z",4609.093864,"Savings Plan","Hours","contract-541631","2024-10-01T00:00:00Z","2024-09-01T00:00:00Z","Google","USD",2666.188853,"Google"
"USD","{}","Other","Usage",5725.386448,"2024-08-13T00:00:00Z","ContractCommitmentDescription 9001",1000.566832,"Committed Use Discount","Monthly","contractcommitment-452287","2024-10-01T00:00:00Z","Exhausted","Discontinuous","Negotiated","Annual","Partial Upfront",3633.343054,"2024-10-01T00:00:00Z","2024-09-01T00:00:00Z",4359.911323,"Savings Plan","Hours","contract-981202","2024-10-01T00:00:00Z","2024-09-01T00:00:00Z","Oracle","USD",8503.342981,"Oracle"
"USD","{}","Other","Spend",6245.722901,"2024-08-22T00:00:00Z","ContractCommitmentDescription 2506",7177.06843,"Committed Use Discount","Daily","contractcommitment-720615","2024-10-05T00:00:00Z","Active","Discontinuous","Negotiated","One-Time","All Upfront",1.0,"2024-10-01T00:00:00Z","2024-09-01T00:00:00Z",2097.391587,"Reserved Instance","Hours","contract-629152","2024-10-01T00:00:00Z","2024-09-01T00:00:00Z","Microsoft","USD",8041.267119,"Microsoft"
"USD","{}","Other","Usage",6249.63876,"2024-08-14T00:00:00Z","ContractCommitmentDescription 8425",6715.602485,"Committed Use Discount","Weekly","contractcommitment-119506","2024-10-06T00:00:00Z","Canceled","Continuous","Public","One-Time","All Upfront",1.0,"2024-10-01T00:00:00Z","2024-09-01T00:00:00Z",7422.08011,"Savings Plan","Hours","contract-768914","2024-10-01T00:00:00Z","2024-09-01T00:00:00Z","Oracle","USD",5327.19335,"Oracle"
"USD","{}","Entitlement","Usage",4624.866854,"2024-08-13T00:00:00Z","ContractCommitmentDescription 4938",1504.72654,"Committed Use Discount","Quarterly","contractcommitment-985126","2024-10-11T00:00:00Z","Exhausted","Discontinuous","Public","One-Time","All Upfront",1.0,"2024-10-01T00:00:00Z","2024-09-01T00:00:00Z",4124.383797,"Savings Plan","Hours","contract-368903","2024-10-01T00:00:00Z","2024-09-01T00:00:00Z","Oracle","USD",6868.549034,"Oracle"
"USD","{}","Entitlement","Spend",2455.866098,"2024-08-19T00:00:00Z","ContractCommitmentDescription 6087",4641.597009,"Committed Use Discount","Annually","contractcommitment-542519","2024-10-04T00:00:00Z","Canceled","Continuous","Negotiated","Monthly","Partial Upfront",1364.306288,"2024-10-01T00:00:00Z","2024-09-01T00:00:00Z",2583.968475,"Savings Plan","Hours","contract-775591","2024-10-01T00:00:00Z","2024-09-01T00:00:00Z","Microsoft","USD",8525.210175,"Microsoft"
"USD","{}","Availability","Spend",9005.74885,"2024-08-31T00:00:00Z","ContractCommitmentDescription 7668",NULL,"Committed Use Discount","Daily","contractcommitment-516174","2024-10-01T00:00:00Z","Superseded","Continuous","Negotiated","One-Time","All Upfront",1.0,"2024-10-01T00:00:00Z","2024-09-01T00:00:00Z",9329.354474,"Committed Use Discount","Hours","contract-364039","2024-10-01T00:00:00Z","2024-09-01T00:00:00Z","Oracle","USD",4964.511013,"Oracle"
"USD","{}","Availability","Usage",8058.41608,"2024-08-24T00:00:00Z","ContractCommitmentDescription 4865",NULL,"Reserved Instance","Weekly","contractcommitment-212002","2024-10-10T00:00:00Z","Pending","Continuous","Public","Semi-Annual","Partial Upfront",2543.059205,"2024-10-01T00:00:00Z","2024-09-01T00:00:00Z",5894.809444,"Savings Plan","Hours","contract-492906","2024-10-01T00:00:00Z","2024-09-01T00:00:00Z","AWS","USD",6996.177282,"AWS"
"USD","{}","Entitlement","Usage",8794.335409,"2024-08-21T00:00:00Z","ContractCommitmentDescription 3374",3629.980123,"Committed Use Discount","Semi-Annually","contractcommitment-961264","2024-10-09T00:00:00Z","Active","Continuous","Negotiated","One-Time","All Upfront",1.0,"2024-10-01T00:00:00Z","2024-09-01T00:00:00Z",546.723432,"Committed Use Discount","Hours","contract-365271","2024-10-01T00:00:00Z","2024-09-01T00:00:00Z","AWS","USD",5527.279033,"AWS"
"USD","{}","Entitlement","Usage",3884.710149,"2024-08-20T00:00:00Z","ContractCommitmentDescription 7438",9275.074003,"Savings Plan","Quarterly","contractcommitment-194634","2024-10-11T00:00:00Z","Superseded","Continuous","Public","Monthly","No Upfront",0.0,"2024-10-01T00:00:00Z","2024-09-01T00:00:00Z",6313.527027,"Committed Use Discount","Hours","contract-927659","2024-10-01T00:00:00Z","2024-09-01T00:00:00Z","Google","USD",338.816812,"Google"
"USD","{}","Other","Spend",8244.008657,"2024-08-16T00:00:00Z","ContractCommitmentDescription 5275",5063.345139,"Savings Plan","Annually","contractcommitment-731364","2024-10-08T00:00:00Z","Canceled","Discontinuous","Public","Custom","No Upfront",0.0,"2024-10-01T00:00:00Z","2024-09-01T00:00:00Z",6413.727972,"Reserved Instance","Hours","contract-929443","2024-10-01T00:00:00Z","2024-09-01T00:00:00Z","AWS","USD",6410.988058,"AWS"
"USD","{}","Discount","Spend",1578.224394,"2024-08-19T00:00:00Z","ContractCommitmentDescription 9460",7135.639412,"Committed Use Discount","Weekly","contractcommitment-988102","2024-10-04T00:00:00Z","Expired","Discontinuous","Public","Semi-Annual","Partial Upfront",8735.058437,"2024-10-01T00:00:00Z","2024-09-01T00:00:00Z",1335.098018,"Reserved Instance","Hours","contract-938366","2024-10-01T00:00:00Z","2024-09-01T00:00:00Z","AWS","USD",2817.973286,"AWS"
"USD","{}","Other","Spend",207.346376,"2024-08-18T00:00:00Z","ContractCommitmentDescription 1376",9231.123519,"Committed Use Discount","Custom","contractcommitment-757066","2024-10-06T00:00:00Z","Pending","Continuous","Public","Monthly","Partial Upfront",7012.611542,"2024-10-01T00:00:00Z","2024-09-01T00:00:00Z",1687.559564,"Savings Plan","Hours","contract-729557","2024-10-01T00:00:00Z","2024-09-01T00:00:00Z","AWS","USD",2601.5778,"AWS"
"USD","{}","Discount","Usage",7733.593205,"2024-08-20T00:00:00Z","ContractCommitmentDescription 8433",8272.57452,"Savings Plan","Daily","contractcommitment-335388","2024-10-03T00:00:00Z","Canceled","Continuous","Negotiated","Quarterly","Partial Upfront",7464.430294,"2024-10-01T00:00:00Z","2024-09-01T00:00:00Z",3820.735151,"Savings Plan","Hours","contract-729232","2024-10-01T00:00:00Z","2024-09-01T00:00:00Z","AWS","USD",2155.665978,"AWS"
"USD","{}","Entitlement","Spend",2901.929615,"2024-08-25T00:00:00Z","ContractCommitmentDescription 5289",2354.856254,"Savings Plan","Monthly","contractcommitment-487593","2024-10-07T00:00:00Z","Expired","Discontinuous","Negotiated","One-Time","Partial Upfront",1332.04936,"2024-10-01T00:00:00Z","2024-09-01T00:00:00Z",3232.459797,"Committed Use Discount","Hours","contract-820216","2024-10-01T00:00:00Z","2024-09-01T00:00:00Z","Google","USD",2122.176641,"Google"
"USD","{}","Discount","Spend",521.126116,"2024-08-18T00:00:00Z","ContractCommitmentDescription 4847",4709.324234,"Savings Plan","Custom","contractcommitment-803375","2024-10-10T00:00:00Z","Superseded","Continuous","Negotiated","One-Time","All Upfront",1.0,"2024-10-01T00:00:00Z","2024-09-01T00:00:00Z",3025.073556,"Savings Plan","Hours","contract-238661","2024-10-01T00:00:00Z","2024-09-01T00:00:00Z","Oracle","USD",9680.578105,"Oracle"
"USD","{}","Other","Usage",8778.96752,"2024-08-13T00:00:00Z","ContractCommitmentDescription 3161",896.479809,"Committed Use Discount","Transactional","contractcommitment-553959","2024-10-03T00:00:00Z","Pending","Discontinuous","Negotiated","Quarterly","No Upfront",0.0,"2024-10-01T00:00:00Z","2024-09-01T00:00:00Z",4992.106175,"Savings Plan","Hours","contract-550977","2024-10-01T00:00:00Z","2024-09-01T00:00:00Z","AWS","USD",2829.255082,"AWS"
"USD","{}","Other","Spend",3155.429195,"2024-08-12T00:00:00Z","ContractCommitmentDescription 9049",7636.754137,"Reserved Instance","Transactional","contractcommitment-994470","2024-10-05T00:00:00Z","Canceled","Discontinuous","Negotiated","Monthly","No Upfront",0.0,"2024-10-01T00:00:00Z","2024-09-01T00:00:00Z",1831.413212,"Savings Plan","Hours","contract-271499","2024-10-01T00:00:00Z","2024-09-01T00:00:00Z","Google","USD",7059.628626,"Google"
"USD","{}","Availability","Usage",4577.597044,"2024-08-28T00:00:00Z","ContractCommitmentDescription 2843",NULL,"Reserved Instance","Daily","contractcommitment-466586","2024-10-08T00:00:00Z","Proposed","Continuous","Public","Monthly","No Upfront",0.0,"2024-10-01T00:00:00Z","2024-09-01T00:00:00Z",8225.717565,"Committed Use Discount","Hours","contract-711893","2024-10-01T00:00:00Z","2024-09-01T00:00:00Z","Oracle","USD",9980.045555,"Oracle"
"USD","{}","Discount","Spend",7682.53427,"2024-08-15T00:00:00Z","ContractCommitmentDescription 2545",8873.67698,"Reserved Instance","Quarterly","contractcommitment-814407","2024-10-10T00:00:00Z","Canceled","Continuous","Public","One-Time","All Upfront",1.0,"2024-10-01T00:00:00Z","2024-09-01T00:00:00Z",1060.699212,"Savings Plan","Hours","contract-130277","2024-10-01T00:00:00Z","2024-09-01T00:00:00Z","AWS","USD",810.632367,"AWS"
"USD","{}","Discount","Usage",9697.705138,"2024-08-17T00:00:00Z","ContractCommitmentDescription 8423",3249.154683,"Committed Use Discount","Custom","contractcommitment-235602","2024-10-11T00:00:00Z","Pending","Continuous","Public","Quarterly","No Upfront",0.0,"2024-10-01T00:00:00Z","2024-09-01T00:00:00Z",5471.562218,"Committed Use Discount","Hours","contract-197046","2024-10-01T00:00:00Z","2024-09-01T00:00:00Z","Oracle","USD",3988.58497,"Oracle"
"USD","{}","Entitlement","Spend",3885.029016,"2024-08-24T00:00:00Z","ContractCommitmentDescription 7592",2849.35889,"Committed Use Discount","Weekly","contractcommitment-226460","2024-10-07T00:00:00Z","Active","Discontinuous","Public","Custom","Partial Upfront",9037.342719,"2024-10-01T00:00:00Z","2024-09-01T00:00:00Z",6035.136069,"Savings Plan","Hours","contract-972470","2024-10-01T00:00:00Z","2024-09-01T00:00:00Z","Microsoft","USD",3674.568274,"Microsoft"
"USD","{}","Availability","Usage",902.223494,"2024-08-16T00:00:00Z","ContractCommitmentDescription 7922",NULL,"Committed Use Discount","Weekly","contractcommitment-555193","2024-10-08T00:00:00Z","Canceled","Discontinuous","Negotiated","One-Time","All Upfront",1.0,"2024-10-01T00:00:00Z","2024-09-01T00:00:00Z",4635.248756,"Reserved Instance","Hours","contract-619383","2024-10-01T00:00:00Z","2024-09-01T00:00:00Z","Microsoft","USD",5272.787111,"Microsoft"
"USD","{}","Other","Usage",1486.065387,"2024-08-22T00:00:00Z","ContractCommitmentDescription 3093",6843.139373,"Savings Plan","Monthly","contractcommitment-648501","2024-10-08T00:00:00Z","Exhausted","Discontinuous","Negotiated","Annual","No Upfront",0.0,"2024-10-01T00:00:00Z","2024-09-01T00:00:00Z",5134.145178,"Committed Use Discount","Hours","contract-533082","2024-10-01T00:00:00Z","2024-09-01T00:00:00Z","AWS","USD",944.843625,"AWS"
"USD","{}","Discount","Spend",7405.161683,"2024-08-20T00:00:00Z","ContractCommitmentDescription 8583",1795.521959,"Reserved Instance","Annually","contractcommitment-147457","2024-10-05T00:00:00Z","Proposed","Discontinuous","Public","One-Time","All Upfront",1.0,"2024-10-01T00:00:00Z","2024-09-01T00:00:00Z",7573.542645,"Savings Plan","Hours","contract-457915","2024-10-01T00:00:00Z","2024-09-01T00:00:00Z","Google","USD",9667.196268,"Google"
"USD","{}","Availability","Spend",4337.989206,"2024-08-25T00:00:00Z","ContractCommitmentDescription 1293",NULL,"Reserved Instance","Hourly","contractcommitment-280077","2024-10-03T00:00:00Z","Canceled","Discontinuous","Public","Custom","Partial Upfront",8687.80521,"2024-10-01T00:00:00Z","2024-09-01T00:00:00Z",9658.038076,"Committed Use Discount","Hours","contract-417508","2024-10-01T00:00:00Z","2024-09-01T00:00:00Z","Microsoft","USD",6184.993745,"Microsoft"
"USD","{}","Entitlement","Spend",1908.020833,"2024-08-19T00:00:00Z","ContractCommitmentDescription 1260",6960.324419,"Reserved Instance","Hourly","contractcommitment-319393","2024-10-05T00:00:00Z","Exhausted","Continuous","Negotiated","One-Time","All Upfront",1.0,"2024-10-01T00:00:00Z","2024-09-01T00:00:00Z",5385.82535,"Reserved Instance","Hours","contract-907111","2024-10-01T00:00:00Z","2024-09-01T00:00:00Z","Google","USD",4634.255554,"Google"
"USD","{}","Entitlement","Usage",9638.668707,"2024-08-18T00:00:00Z","ContractCommitmentDescription 8724",196.277787,"Savings Plan","Custom","contractcommitment-354415","2024-10-01T00:00:00Z","Pending","Discontinuous","Public","One-Time","Partial Upfront",78.74281,"2024-10-01T00:00:00Z","2024-09-01T00:00:00Z",6304.098803,"Committed Use Discount","Hours","contract-535878","2024-10-01T00:00:00Z","2024-09-01T00:00:00Z","Oracle","USD",8486.16261,"Oracle"
"USD","{}","Other","Spend",7142.903288,"2024-08-30T00:00:00Z","ContractCommitmentDescription 9655",190.19659,"Committed Use Discount","Semi-Annually","contractcommitment-680130","2024-10-08T00:00:00Z","Proposed","Discontinuous","Public","Semi-Annual","No Upfront",0.0,"2024-10-01T00:00:00Z","2024-09-01T00:00:00Z",9389.64476,"Savings Plan","Hours","contract-831396","2024-10-01T00:00:00Z","2024-09-01T00:00:00Z","Google","USD",4362.30004,"Google"
"USD","{}","Other","Spend",5076.359452,"2024-08-22T00:00:00Z","ContractCommitmentDescription 6556",9217.355967,"Committed Use Discount","Total Term","contractcommitment-237529","2024-10-04T00:00:00Z","Active","Discontinuous","Public","One-Time","All Upfront",1.0,"2024-10-01T00:00:00Z","2024-09-01T00:00:00Z",7959.726637,"Reserved Instance","Hours","contract-396177","2024-10-01T00:00:00Z","2024-09-01T00:00:00Z","Microsoft","USD",6906.975489,"Microsoft"
"USD","{}","Entitlement","Usage",1009.037256,"2024-08-16T00:00:00Z","ContractCommitmentDescription 7815",9430.546984,"Savings Plan","Quarterly","contractcommitment-346120","2024-10-03T00:00:00Z","Pending","Continuous","Negotiated","Quarterly","Partial Upfront",3570.438748,"2024-10-01T00:00:00Z","2024-09-01T00:00:00Z",1586.054651,"Committed Use Discount","Hours","contract-946007","2024-10-01T00:00:00Z","2024-09-01T00:00:00Z","AWS","USD",636.655862,"AWS"
"USD","{}","Entitlement","Usage",2578.22141,"2024-08-28T00:00:00Z","ContractCommitmentDescription 6575",7848.85804,"Reserved Instance","Transactional","contractcommitment-380484","2024-10-10T00:00:00Z","Pending","Continuous","Negotiated","Semi-Annual","Partial Upfront",9626.47109,"2024-10-01T00:00:00Z","2024-09-01T00:00:00Z",7557.643362,"Reserved Instance","Hours","contract-963617","2024-10-01T00:00:00Z","2024-09-01T00:00:00Z","Oracle","USD",5624.728653,"Oracle"
"USD","{}","Availability","Spend",7283.492781,"2024-08-26T00:00:00Z","ContractCommitmentDescription 8233",NULL,"Savings Plan","Daily","contractcommitment-261790","2024-10-11T00:00:00Z","Canceled","Discontinuous","Public","Monthly","No Upfront",0.0,"2024-10-01T00:00:00Z","2024-09-01T00:00:00Z",4391.084609,"Savings Plan","Hours","contract-357232","2024-10-01T00:00:00Z","2024-09-01T00:00:00Z","AWS","USD",8348.133699,"AWS"
"USD","{}","Discount","Usage",3724.363574,"2024-08-21T00:00:00Z","ContractCommitmentDescription 7799",3606.434064,"Committed Use Discount","Monthly","contractcommitment-258975","2024-10-05T00:00:00Z","Superseded","Discontinuous","Negotiated","Monthly","Partial Upfront",4134.094187,"2024-10-01T00:00:00Z","2024-09-01T00:00:00Z",4093.093194,"Savings Plan","Hours","contract-933206","2024-10-01T00:00:00Z","2024-09-01T00:00:00Z","Oracle","USD",6821.986389,"Oracle"
"USD","{}","Discount","Spend",3383.036279,"2024-08-17T00:00:00Z","ContractCommitmentDescription 7580",9819.449244,"Reserved Instance","Annually","contractcommitment-164454","2024-10-03T00:00:00Z","Exhausted","Continuous","Negotiated","Annual","No Upfront",0.0,"2024-10-01T00:00:00Z","2024-09-01T00:00:00Z",9800.470748,"Committed Use Discount","Hours","contract-410089","2024-10-01T00:00:00Z","2024-09-01T00:00:00Z","AWS","USD",4193.052977,"AWS"
"USD","{}","Entitlement","Usage",4461.890507,"2024-08-21T00:00:00Z","ContractCommitmentDescription 4360",8875.797581,"Committed Use Discount","Custom","contractcommitment-783710","2024-10-06T00:00:00Z","Exhausted","Discontinuous","Public","Monthly","Partial Upfront",842.809233,"2024-10-01T00:00:00Z","2024-09-01T00:00:00Z",5374.334926,"Savings Plan","Hours","contract-645752","2024-10-01T00:00:00Z","2024-09-01T00:00:00Z","Google","USD",9919.239695,"Google"
"USD","{}","Availability","Usage",7570.463243,"2024-08-25T00:00:00Z","ContractCommitmentDescription 3621",NULL,"Committed Use Discount","Custom","contractcommitment-371256","2024-10-02T00:00:00Z","Pending","Discontinuous","Public","Annual","No Upfront",0.0,"2024-10-01T00:00:00Z","2024-09-01T00:00:00Z",8415.83441,"Savings Plan","Hours","contract-471692","2024-10-01T00:00:00Z","2024-09-01T00:00:00Z","Google","USD",1238.130186,"Google"
"USD","{}","Discount","Usage",3389.802946,"2024-08-17T00:00:00Z","ContractCommitmentDescription 4868",8053.875621,"Committed Use Discount","Custom","contractcommitment-849361","2024-10-05T00:00:00Z","Canceled","Continuous","Public","Quarterly","Partial Upfront",6669.22374,"2024-10-01T00:00:00Z","2024-09-01T00:00:00Z",8150.792324,"Committed Use Discount","Hours","contract-849051","2024-10-01T00:00:00Z","2024-09-01T00:00:00Z","AWS","USD",3776.657248,"AWS"
"USD","{}","Entitlement","Usage",4543.095909,"2024-08-28T00:00:00Z","ContractCommitmentDescription 3401",7116.404207,"Savings Plan","Daily","contractcommitment-196729","2024-10-06T00:00:00Z","Proposed","Discontinuous","Negotiated","Semi-Annual","No Upfront",0.0,"2024-10-01T00:00:00Z","2024-09-01T00:00:00Z",3692.942163,"Committed Use Discount","Hours","contract-716813","2024-10-01T00:00:00Z","2024-09-01T00:00:00Z","Microsoft","USD",5589.68451,"Microsoft"
"USD","{}","Other","Usage",6890.178616,"2024-08-23T00:00:00Z","ContractCommitmentDescription 9020",7317.169605,"Savings Plan","Weekly","contractcommitment-251357","2024-10-10T00:00:00Z","Expired","Continuous","Public","Custom","Partial Upfront",1293.85188,"2024-10-01T00:00:00Z","2024-09-01T00:00:00Z",7045.246848,"Committed Use Discount","Hours","contract-828205","2024-10-01T00:00:00Z","2024-09-01T00:00:00Z","Oracle","USD",2126.42539,"Oracle"
"USD","{}","Discount","Usage",1103.361631,"2024-08-30T00:00:00Z","ContractCommitmentDescription 7055",5717.647544,"Reserved Instance","Transactional","contractcommitment-260751","2024-10-03T00:00:00Z","Proposed","Discontinuous","Public","Quarterly","Partial Upfront",2939.81295,"2024-10-01T00:00:00Z","2024-09-01T00:00:00Z",279.777854,"Reserved Instance","Hours","contract-921866","2024-10-01T00:00:00Z","2024-09-01T00:00:00Z","Oracle","USD",5896.242441,"Oracle"
"USD","{}","Other","Spend",1223.279055,"2024-08-22T00:00:00Z","ContractCommitmentDescription 6712",675.645386,"Reserved Instance","Annually","contractcommitment-604550","2024-10-05T00:00:00Z","Expired","Discontinuous","Public","Quarterly","Partial Upfront",4752.275484,"2024-10-01T00:00:00Z","2024-09-01T00:00:00Z",7200.334954,"Committed Use Discount","Hours","contract-898963","2024-10-01T00:00:00Z","2024-09-01T00:00:00Z","AWS","USD",1385.22286,"AWS"
"USD","{}","Availability","Spend",7998.116212,"2024-08-17T00:00:00Z","ContractCommitmentDescription 7711",NULL,"Savings Plan","Semi-Annually","contractcommitment-667273","2024-10-11T00:00:00Z","Proposed","Discontinuous","Public","Custom","No Upfront",0.0,"2024-10-01T00:00:00Z","2024-09-01T00:00:00Z",7072.086262,"Committed Use Discount","Hours","contract-688297","2024-10-01T00:00:00Z","2024-09-01T00:00:00Z","Oracle","USD",6451.596776,"Oracle"
"USD","{}","Discount","Spend",7505.585736,"2024-08-25T00:00:00Z","ContractCommitmentDescription 9235",8968.642802,"Reserved Instance","Transactional","contractcommitment-288474","2024-10-10T00:00:00Z","Proposed","Discontinuous","Negotiated","One-Time","All Upfront",1.0,"2024-10-01T00:00:00Z","2024-09-01T00:00:00Z",5795.527506,"Reserved Instance","Hours","contract-736333","2024-10-01T00:00:00Z","2024-09-01T00:00:00Z","AWS","USD",3204.311609,"AWS"
"USD","{}","Entitlement","Usage",240.569402,"2024-08-16T00:00:00Z","ContractCommitmentDescription 9649",3173.824354,"Savings Plan","Daily","contractcommitment-220213","2024-10-01T00:00:00Z","Proposed","Continuous","Public","Monthly","No Upfront",0.0,"2024-10-01T00:00:00Z","2024-09-01T00:00:00Z",896.285635,"Savings Plan","Hours","contract-811572","2024-10-01T00:00:00Z","2024-09-01T00:00:00Z","AWS","USD",1691.91048,"AWS"
"USD","{}","Other","Spend",3200.414638,"2024-08-26T00:00:00Z","ContractCommitmentDescription 7763",8930.11021,"Savings Plan","Annually","contractcommitment-967949","2024-10-01T00:00:00Z","Proposed","Continuous","Negotiated","One-Time","All Upfront",1.0,"2024-10-01T00:00:00Z","2024-09-01T00:00:00Z",4929.794409,"Committed Use Discount","Hours","contract-220671","2024-10-01T00:00:00Z","2024-09-01T00:00:00Z","Google","USD",2692.875271,"Google"
"USD","{}","Other","Spend",4074.937897,"2024-08-17T00:00:00Z","ContractCommitmentDescription 4829",9137.350983,"Reserved Instance","Quarterly","contractcommitment-680990","2024-10-09T00:00:00Z","Expired","Continuous","Negotiated","One-Time","All Upfront",1.0,"2024-10-01T00:00:00Z","2024-09-01T00:00:00Z",3046.12842,"Savings Plan","Hours","contract-187984","2024-10-01T00:00:00Z","2024-09-01T00:00:00Z","Google","USD",8462.778526,"Google"
"USD","{}","Entitlement","Usage",9613.521092,"2024-08-27T00:00:00Z","ContractCommitmentDescription 8401",417.920798,"Savings Plan","Custom","contractcommitment-403300","2024-10-06T00:00:00Z","Canceled","Continuous","Negotiated","One-Time","Partial Upfront",2733.029395,"2024-10-01T00:00:00Z","2024-09-01T00:00:00Z",2508.889574,"Committed Use Discount","Hours","contract-468488","2024-10-01T00:00:00Z","2024-09-01T00:00:00Z","Microsoft","USD",8424.386727,"Microsoft"
"USD","{}","Entitlement","Spend",3006.383485,"2024-08-13T00:00:00Z","ContractCommitmentDescription 7476",6984.293097,"Reserved Instance","Transactional","contractcommitment-393033","2024-10-09T00:00:00Z","Exhausted","Continuous","Public","Custom","Partial Upfront",6351.698805,"2024-10-01T00:00:00Z","2024-09-01T00:00:00Z",9796.403479,"Committed Use Discount","Hours","contract-386275","2024-10-01T00:00:00Z","2024-09-01T00:00:00Z","Microsoft","USD",2459.28285,"Microsoft"
"USD","{}","Availability","Spend",9140.182413,"2024-08-21T00:00:00Z","ContractCommitmentDescription 3190",NULL,"Reserved Instance","Custom","contractcommitment-599676","2024-10-04T00:00:00Z","Proposed","Continuous","Negotiated","One-Time","All Upfront",1.0,"2024-10-01T00:00:00Z","2024-09-01T00:00:00Z",7032.996751,"Savings Plan","Hours","contract-185090","2024-10-01T00:00:00Z","2024-09-01T00:00:00Z","Google","USD",7873.052349,"Google"
"USD","{}","Discount","Usage",9720.390276,"2024-08-14T00:00:00Z","ContractCommitmentDescription 7166",8274.668351,"Savings Plan","Annually","contractcommitment-285793","2024-10-01T00:00:00Z","Superseded","Continuous","Negotiated","Semi-Annual","Partial Upfront",9362.478494,"2024-10-01T00:00:00Z","2024-09-01T00:00:00Z",4445.776568,"Reserved Instance","Hours","contract-895262","2024-10-01T00:00:00Z","2024-09-01T00:00:00Z","AWS","USD",2811.344838,"AWS"
"USD","{}","Availability","Spend",2342.579438,"2024-08-25T00:00:00Z","ContractCommitmentDescription 9090",NULL,"Reserved Instance","Quarterly","contractcommitment-616777","2024-10-02T00:00:00Z","Canceled","Continuous","Negotiated","One-Time","All Upfront",1.0,"2024-10-01T00:00:00Z","2024-09-01T00:00:00Z",8699.162325,"Committed Use Discount","Hours","contract-618008","2024-10-01T00:00:00Z","2024-09-01T00:00:00Z","Google","USD",1704.770964,"Google"
"USD","{}","Entitlement","Spend",5881.645838,"2024-08-13T00:00:00Z","ContractCommitmentDescription 2065",1274.309103,"Committed Use Discount","Monthly","contractcommitment-648489","2024-10-11T00:00:00Z","Canceled","Discontinuous","Negotiated","Custom","No Upfront",0.0,"2024-10-01T00:00:00Z","2024-09-01T00:00:00Z",6929.858154,"Committed Use Discount","Hours","contract-813745","2024-10-01T00:00:00Z","2024-09-01T00:00:00Z","Microsoft","USD",5601.159773,"Microsoft"
"USD","{}","Other","Usage",2740.355963,"2024-08-31T00:00:00Z","ContractCommitmentDescription 9491",4665.867276,"Savings Plan","Transactional","contractcommitment-895891","2024-10-07T00:00:00Z","Proposed","Continuous","Negotiated","Quarterly","Partial Upfront",5324.102823,"2024-10-01T00:00:00Z","2024-09-01T00:00:00Z",3162.419647,"Savings Plan","Hours","contract-450964","2024-10-01T00:00:00Z","2024-09-01T00:00:00Z","Oracle","USD",818.089014,"Oracle"
"USD","{}","Entitlement","Spend",3292.246335,"2024-08-24T00:00:00Z","ContractCommitmentDescription 2029",6259.94687,"Reserved Instance","Hourly","contractcommitment-603281","2024-10-07T00:00:00Z","Exhausted","Continuous","Public","Quarterly","No Upfront",0.0,"2024-10-01T00:00:00Z","2024-09-01T00:00:00Z",2383.592126,"Savings Plan","Hours","contract-961545","2024-10-01T00:00:00Z","2024-09-01T00:00:00Z","AWS","USD",3335.88455,"AWS"
"USD","{}","Discount","Usage",5789.344693,"2024-08-29T00:00:00Z","ContractCommitmentDescription 2401",9745.255788,"Reserved Instance","Annually","contractcommitment-428497","2024-10-10T00:00:00Z","Superseded","Continuous","Negotiated","One-Time","Partial Upfront",547.888301,"2024-10-01T00:00:00Z","2024-09-01T00:00:00Z",6107.386397,"Savings Plan","Hours","contract-206773","2024-10-01T00:00:00Z","2024-09-01T00:00:00Z","Microsoft","USD",6775.644575,"Microsoft"
"USD","{}","Other","Spend",8645.827442,"2024-08-22T00:00:00Z","ContractCommitmentDescription 1173",4534.112467,"Savings Plan","Annually","contractcommitment-750338","2024-10-07T00:00:00Z","Expired","Continuous","Public","One-Time","All Upfront",1.0,"2024-10-01T00:00:00Z","2024-09-01T00:00:00Z",4540.767634,"Savings Plan","Hours","contract-213253","2024-10-01T00:00:00Z","2024-09-01T00:00:00Z","AWS","USD",1026.896537,"AWS"
"USD","{}","Availability","Usage",4210.070035,"2024-08-13T00:00:00Z","ContractCommitmentDescription 8284",NULL,"Reserved Instance","Hourly","contractcommitment-163429","2024-10-04T00:00:00Z","Pending","Discontinuous","Public","One-Time","All Upfront",1.0,"2024-10-01T00:00:00Z","2024-09-01T00:00:00Z",3111.882402,"Committed Use Discount","Hours","contract-254569","2024-10-01T00:00:00Z","2024-09-01T00:00:00Z","AWS","USD",4695.2376,"AWS"
"USD","{}","Entitlement","Spend",2373.873555,"2024-08-22T00:00:00Z","ContractCommitmentDescription 1894",4220.611404,"Reserved Instance","Monthly","contractcommitment-771670","2024-10-06T00:00:00Z","Pending","Continuous","Public","One-Time","All Upfront",1.0,"2024-10-01T00:00:00Z","2024-09-01T00:00:00Z",6918.410061,"Savings Plan","Hours","contract-993395","2024-10-01T00:00:00Z","2024-09-01T00:00:00Z","Google","USD",5784.107489,"Google"
"USD","{}","Entitlement","Spend",4543.02094,"2024-08-12T00:00:00Z","ContractCommitmentDescription 1691",4959.306733,"Reserved Instance","Monthly","contractcommitment-826894","2024-10-05T00:00:00Z","Pending","Discontinuous","Negotiated","Monthly","Partial Upfront",7345.861775,"2024-10-01T00:00:00Z","2024-09-01T00:00:00Z",9525.88229,"Savings Plan","Hours","contract-315289","2024-10-01T00:00:00Z","2024-09-01T00:00:00Z","Google","USD",4003.125666,"Google"
"USD","{}","Discount","Spend",1424.019731,"2024-08-20T00:00:00Z","ContractCommitmentDescription 8215",1944.034445,"Committed Use Discount","Semi-Annually","contractcommitment-146037","2024-10-01T00:00:00Z","Proposed","Continuous","Negotiated","Quarterly","No Upfront",0.0,"2024-10-01T00:00:00Z","2024-09-01T00:00:00Z",2619.988525,"Reserved Instance","Hours","contract-988704","2024-10-01T00:00:00Z","2024-09-01T00:00:00Z","AWS","USD",5545.049552,"AWS"
"USD","{}","Discount","Spend",8314.457363,"2024-08-25T00:00:00Z","ContractCommitmentDescription 3248",3789.227579,"Reserved Instance","Semi-Annually","contractcommitment-320449","2024-10-01T00:00:00Z","Active","Discontinuous","Negotiated","Quarterly","Partial Upfront",6609.087152,"2024-10-01T00:00:00Z","2024-09-01T00:00:00Z",9411.617557,"Committed Use Discount","Hours","contract-845476","2024-10-01T00:00:00Z","2024-09-01T00:00:00Z","Microsoft","USD",653.775194,"Microsoft"
"USD","{}","Other","Usage",3179.516092,"2024-08-27T00:00:00Z","ContractCommitmentDescription 8037",9769.815403,"Reserved Instance","Hourly","contractcommitment-900149","2024-10-04T00:00:00Z","Expired","Continuous","Public","Monthly","Partial Upfront",2471.716482,"2024-10-01T00:00:00Z","2024-09-01T00:00:00Z",6294.591412,"Savings Plan","Hours","contract-992865","2024-10-01T00:00:00Z","2024-09-01T00:00:00Z","Microsoft","USD",5082.694811,"Microsoft"
"USD","{}","Discount","Spend",5086.138054,"2024-08-25T00:00:00Z","ContractCommitmentDescription 9342",3742.660917,"Committed Use Discount","Total Term","contractcommitment-287693","2024-10-02T00:00:00Z","Active","Discontinuous","Public","Custom","Partial Upfront",4737.581556,"2024-10-01T00:00:00Z","2024-09-01T00:00:00Z",5811.86685,"Committed Use Discount","Hours","contract-317264","2024-10-01T00:00:00Z","2024-09-01T00:00:00Z","Oracle","USD",2195.262827,"Oracle"
"USD","{}","Availability","Usage",8887.089295,"2024-08-17T00:00:00Z","ContractCommitmentDescription 3575",NULL,"Savings Plan","Quarterly","contractcommitment-677295","2024-10-04T00:00:00Z","Proposed","Continuous","Negotiated","Quarterly","Partial Upfront",5188.207206,"2024-10-01T00:00:00Z","2024-09-01T00:00:00Z",2301.775782,"Reserved Instance","Hours","contract-637145","2024-10-01T00:00:00Z","2024-09-01T00:00:00Z","Microsoft","USD",6211.258198,"Microsoft"
"USD","{}","Availability","Usage",3170.204257,"2024-08-17T00:00:00Z","ContractCommitmentDescription 7264",NULL,"Savings Plan","Monthly","contractcommitment-378527","2024-10-08T00:00:00Z","Canceled","Continuous","Public","One-Time","Partial Upfront",8426.033892,"2024-10-01T00:00:00Z","2024-09-01T00:00:00Z",5127.909895,"Committed Use Discount","Hours","contract-924047","2024-10-01T00:00:00Z","2024-09-01T00:00:00Z","Oracle","USD",2764.249513,"Oracle"
"USD","{}","Discount","Spend",3337.578416,"2024-08-28T00:00:00Z","ContractCommitmentDescription 6394",2500.236429,"Committed Use Discount","Quarterly","contractcommitment-299903","2024-10-02T00:00:00Z","Canceled","Continuous","Public","One-Time","Partial Upfront",2818.452703,"2024-10-01T00:00:00Z","2024-09-01T00:00:00Z",3466.323598,"Savings Plan","Hours","contract-961784","2024-10-01T00:00:00Z","2024-09-01T00:00:00Z","Microsoft","USD",5799.537805,"Microsoft"
"USD","{}","Other","Spend",2269.263023,"2024-08-16T00:00:00Z","ContractCommitmentDescription 4438",4744.382518,"Committed Use Discount","Custom","contractcommitment-924154","2024-10-11T00:00:00Z","Expired","Discontinuous","Public","Quarterly","No Upfront",0.0,"2024-10-01T00:00:00Z","2024-09-01T00:00:00Z",1878.465521,"Committed Use Discount","Hours","contract-319765","2024-10-01T00:00:00Z","2024-09-01T00:00:00Z","AWS","USD",4386.808012,"AWS"
"USD","{}","Availability","Spend",4998.002113,"2024-08-20T00:00:00Z","ContractCommitmentDescription 6810",NULL,"Savings Plan","Annually","contractcommitment-819074","2024-10-03T00:00:00Z","Superseded","Discontinuous","Public","One-Time","All Upfront",1.0,"2024-10-01T00:00:00Z","2024-09-01T00:00:00Z",7853.578108,"Reserved Instance","Hours","contract-446292","2024-10-01T00:00:00Z","2024-09-01T00:00:00Z","AWS","USD",5681.908848,"AWS"
"USD","{}","Other","Spend",4747.776546,"2024-08-19T00:00:00Z","ContractCommitmentDescription 6387",5695.150119,"Savings Plan","Quarterly","contractcommitment-197770","2024-10-04T00:00:00Z","Pending","Continuous","Negotiated","One-Time","All Upfront",1.0,"2024-10-01T00:00:00Z","2024-09-01T00:00:00Z",268.385052,"Reserved Instance","Hours","contract-504639","2024-10-01T00:00:00Z","2024-09-01T00:00:00Z","Oracle","USD",2838.176206,"Oracle"
"USD","{}","Other","Spend",3686.522657,"2024-08-22T00:00:00Z","ContractCommitmentDescription 1180",1718.257168,"Savings Plan","Annually","contractcommitment-264663","2024-10-11T00:00:00Z","Proposed","Continuous","Public","One-Time","All Upfront",1.0,"2024-10-01T00:00:00Z","2024-09-01T00:00:00Z",9550.967656,"Reserved Instance","Hours","contract-315667","2024-10-01T00:00:00Z","2024-09-01T00:00:00Z","Microsoft","USD",3097.571763,"Microsoft"
"USD","{}","Entitlement","Usage",2754.409775,"2024-08-26T00:00:00Z","ContractCommitmentDescription 1121",9910.851132,"Savings Plan","Daily","contractcommitment-964637","2024-10-10T00:00:00Z","Exhausted","Continuous","Public","Annual","Partial Upfront",4602.0456,"2024-10-01T00:00:00Z","2024-09-01T00:00:00Z",5761.327523,"Committed Use Discount","Hours","contract-401897","2024-10-01T00:00:00Z","2024-09-01T00:00:00Z","Oracle","USD",6462.991378,"Oracle"
"USD","{}","Entitlement","Usage",2491.348176,"2024-08-20T00:00:00Z","ContractCommitmentDescription 8079",4578.281521,"Committed Use Discount","Weekly","contractcommitment-832453","2024-10-05T00:00:00Z","Expired","Continuous","Public","Custom","No Upfront",0.0,"2024-10-01T00:00:00Z","2024-09-01T00:00:00Z",8705.395919,"Savings Plan","Hours","contract-406068","2024-10-01T00:00:00Z","2024-09-01T00:00:00Z","Oracle","USD",6666.569406,"Oracle"
"USD","{}","Discount","Usage",765.336361,"2024-08-25T00:00:00Z","ContractCommitmentDescription 2723",5043.948424,"Savings Plan","Annually","contractcommitment-572840","2024-10-08T00:00:00Z","Pending","Discontinuous","Negotiated","Annual","No Upfront",0.0,"2024-10-01T00:00:00Z","2024-09-01T00:00:00Z",731.95492,"Committed Use Discount","Hours","contract-499670","2024-10-01T00:00:00Z","2024-09-01T00:00:00Z","AWS","USD",3436.577152,"AWS"
"USD","{}","Availability","Spend",7090.996051,"2024-08-25T00:00:00Z","ContractCommitmentDescription 3236",NULL,"Committed Use Discount","Total Term","contractcommitment-608306","2024-10-07T00:00:00Z","Exhausted","Continuous","Negotiated","One-Time","All Upfront",1.0,"2024-10-01T00:00:00Z","2024-09-01T00:00:00Z",9500.184241,"Reserved Instance","Hours","contract-960279","2024-10-01T00:00:00Z","2024-09-01T00:00:00Z","Oracle","USD",2791.418868,"Oracle"
"USD","{}","Entitlement","Usage",1241.513829,"2024-08-26T00:00:00Z","ContractCommitmentDescription 7403",1684.533736,"Committed Use Discount","Hourly","contractcommitment-810287","2024-10-01T00:00:00Z","Active","Continuous","Public","Quarterly","No Upfront",0.0,"2024-10-01T00:00:00Z","2024-09-01T00:00:00Z",344.448454,"Committed Use Discount","Hours","contract-326667","2024-10-01T00:00:00Z","2024-09-01T00:00:00Z","Microsoft","USD",4420.581437,"Microsoft"
"USD","{}","Availability","Usage",524.152562,"2024-08-15T00:00:00Z","ContractCommitmentDescription 1076",NULL,"Savings Plan","Monthly","contractcommitment-361829","2024-10-11T00:00:00Z","Active","Continuous","Negotiated","One-Time","No Upfront",0.0,"2024-10-01T00:00:00Z","2024-09-01T00:00:00Z",9892.90625,"Savings Plan","Hours","contract-812989","2024-10-01T00:00:00Z","2024-09-01T00:00:00Z","AWS","USD",6689.494555,"AWS"
"USD","{}","Entitlement","Spend",4156.8001,"2024-08-28T00:00:00Z","ContractCommitmentDescription 2764",8156.243364,"Savings Plan","Transactional","contractcommitment-757233","2024-10-11T00:00:00Z","Pending","Continuous","Public","Semi-Annual","No Upfront",0.0,"2024-10-01T00:00:00Z","2024-09-01T00:00:00Z",1058.853146,"Savings Plan","Hours","contract-115722","2024-10-01T00:00:00Z","2024-09-01T00:00:00Z","Microsoft","USD",4021.394898,"Microsoft"
"USD","{}","Entitlement","Spend",6579.617025,"2024-08-31T00:00:00Z","ContractCommitmentDescription 5562",6499.449955,"Savings Plan","Hourly","contractcommitment-170601","2024-10-07T00:00:00Z","Pending","Discontinuous","Public","Annual","Partial Upfront",9831.024929,"2024-10-01T00:00:00Z","2024-09-01T00:00:00Z",1018.135899,"Committed Use Discount","Hours","contract-364178","2024-10-01T00:00:00Z","2024-09-01T00:00:00Z","Google","USD",9590.347044,"Google"
"USD","{}","Entitlement","Usage",9780.215312,"2024-08-19T00:00:00Z","ContractCommitmentDescription 8899",675.134833,"Reserved Instance","Custom","contractcommitment-713455","2024-10-11T00:00:00Z","Exhausted","Discontinuous","Negotiated","One-Time","All Upfront",1.0,"2024-10-01T00:00:00Z","2024-09-01T00:00:00Z",132.916811,"Reserved Instance","Hours","contract-423851","2024-10-01T00:00:00Z","2024-09-01T00:00:00Z","Google","USD",2363.963257,"Google"
"USD","{}","Entitlement","Usage",4987.264819,"2024-08-24T00:00:00Z","ContractCommitmentDescription 4309",1516.705854,"Reserved Instance","Hourly","contractcommitment-349628","2024-10-10T00:00:00Z","Canceled","Discontinuous","Public","Monthly","Partial Upfront",3175.386611,"2024-10-01T00:00:00Z","2024-09-01T00:00:00Z",7869.708818,"Reserved Instance","Hours","contract-930241","2024-10-01T00:00:00Z","2024-09-01T00:00:00Z","Oracle","USD",9775.675045,"Oracle"
"USD","{}","Entitlement","Spend",5393.117521,"2024-08-31T00:00:00Z","ContractCommitmentDescription 5068",8014.518074,"Committed Use Discount","Monthly","contractcommitment-737600","2024-10-04T00:00:00Z","Superseded","Discontinuous","Public","Monthly","Partial Upfront",6297.825128,"2024-10-01T00:00:00Z","2024-09-01T00:00:00Z",646.168803,"Savings Plan","Hours","contract-301814","2024-10-01T00:00:00Z","2024-09-01T00:00:00Z","Google","USD",521.06862,"Google"
"USD","{}","Entitlement","Spend",5074.245489,"2024-08-25T00:00:00Z","ContractCommitmentDescription 7983",7249.891048,"Savings Plan","Weekly","contractcommitment-856729","2024-10-03T00:00:00Z","Pending","Continuous","Public","One-Time","All Upfront",1.0,"2024-10-01T00:00:00Z","2024-09-01T00:00:00Z",2853.5289,"Savings Plan","Hours","contract-385066","2024-10-01T00:00:00Z","2024-09-01T00:00:00Z","Microsoft","USD",8624.255268,"Microsoft"
"USD","{}","Entitlement","Usage",4413.760708,"2024-08-29T00:00:00Z","ContractCommitmentDescription 9278",6093.942205,"Savings Plan","Weekly","contractcommitment-959416","2024-10-06T00:00:00Z","Superseded","Discontinuous","Negotiated","Semi-Annual","Partial Upfront",8540.422103,"2024-10-01T00:00:00Z","2024-09-01T00:00:00Z",7588.583224,"Savings Plan","Hours","contract-260221","2024-10-01T00:00:00Z","2024-09-01T00:00:00Z","Oracle","USD",5528.521368,"Oracle"
"USD","{}","Other","Usage",3751.468849,"2024-08-23T00:00:00Z","ContractCommitmentDescription 8878",719.396497,"Reserved Instance","Total Term","contractcommitment-305222","2024-10-07T00:00:00Z","Pending","Continuous","Negotiated","One-Time","All Upfront",1.0,"2024-10-01T00:00:00Z","2024-09-01T00:00:00Z",3742.578141,"Savings Plan","Hours","contract-513820","2024-10-01T00:00:00Z","2024-09-01T00:00:00Z","Microsoft","USD",9704.926367,"Microsoft"
"USD","{}","Discount","Usage",8849.99581,"2024-08-19T00:00:00Z","ContractCommitmentDescription 3039",3848.260115,"Committed Use Discount","Weekly","contractcommitment-303663","2024-10-08T00:00:00Z","Superseded","Discontinuous","Public","Custom","Partial Upfront",5096.083634,"2024-10-01T00:00:00Z","2024-09-01T00:00:00Z",4886.218431,"Committed Use Discount","Hours","contract-830286","2024-10-01T00:00:00Z","2024-09-01T00:00:00Z","Google","USD",577.046175,"Google"
"USD","{}","Discount","Usage",6309.527137,"2024-08-18T00:00:00Z","ContractCommitmentDescription 1462",6974.714224,"Committed Use Discount","Weekly","contractcommitment-374025","2024-10-04T00:00:00Z","Expired","Discontinuous","Negotiated","Quarterly","No Upfront",0.0,"2024-10-01T00:00:00Z","2024-09-01T00:00:00Z",9517.782454,"Reserved Instance","Hours","contract-222400","2024-10-01T00:00:00Z","2024-09-01T00:00:00Z","Oracle","USD",7709.721855,"Oracle"
"USD","{}","Entitlement","Usage",1658.236074,"2024-08-19T00:00:00Z","ContractCommitmentDescription 7993",2528.712354,"Savings Plan","Transactional","contractcommitment-659102","2024-10-10T00:00:00Z","Canceled","Discontinuous","Public","Custom","Partial Upfront",7524.622521,"2024-10-01T00:00:00Z","2024-09-01T00:00:00Z",9243.205914,"Reserved Instance","Hours","contract-767083","2024-10-01T00:00:00Z","2024-09-01T00:00:00Z","Oracle","USD",5726.116954,"Oracle"
"USD","{}","Other","Usage",64.203068,"2024-08-27T00:00:00Z","ContractCommitmentDescription 3759",8163.893781,"Reserved Instance","Daily","contractcommitment-173234","2024-10-05T00:00:00Z","Superseded","Discontinuous","Public","Custom","Partial Upfront",7330.422359,"2024-10-01T00:00:00Z","2024-09-01T00:00:00Z",1706.342561,"Savings Plan","Hours","contract-838246","2024-10-01T00:00:00Z","2024-09-01T00:00:00Z","Google","USD",1343.320623,"Google"
"USD","{}","Entitlement","Spend",2009.408478,"2024-08-26T00:00:00Z","ContractCommitmentDescription 3993",8091.786262,"Reserved Instance","Quarterly","contractcommitment-528649","2024-10-09T00:00:00Z","Exhausted","Continuous","Negotiated","One-Time","Partial Upfront",857.070638,"2024-10-01T00:00:00Z","2024-09-01T00:00:00Z",1246.815791,"Reserved Instance","Hours","contract-131107","2024-10-01T00:00:00Z","2024-09-01T00:00:00Z","Oracle","USD",5856.464001,"Oracle"
"USD","{}","Discount","Usage",7517.986965,"2024-08-16T00:00:00Z","ContractCommitmentDescription 1118",6653.222783,"Reserved Instance","Daily","contractcommitment-321321","2024-10-11T00:00:00Z","Expired","Continuous","Public","One-Time","All Upfront",1.0,"2024-10-01T00:00:00Z","2024-09-01T00:00:00Z",7613.639702,"Savings Plan","Hours","contract-893679","2024-10-01T00:00:00Z","2024-09-01T00:00:00Z","Oracle","USD",3370.299682,"Oracle"
"USD","{}","Entitlement","Usage",6650.782853,"2024-08-21T00:00:00Z","ContractCommitmentDescription 7200",6108.090584,"Savings Plan","Semi-Annually","contractcommitment-945435","2024-10-06T00:00:00Z","Proposed","Continuous","Public","Custom","Partial Upfront",7252.201873,"2024-10-01T00:00:00Z","2024-09-01T00:00:00Z",8879.705513,"Reserved Instance","Hours","contract-731147","2024-10-01T00:00:00Z","2024-09-01T00:00:00Z","Oracle","USD",1228.945395,"Oracle"
"USD","{}","Other","Usage",6602.284103,"2024-08-24T00:00:00Z","ContractCommitmentDescription 1051",9861.814055,"Savings Plan","Hourly","contractcommitment-764563","2024-10-06T00:00:00Z","Active","Continuous","Public","Custom","Partial Upfront",2335.586519,"2024-10-01T00:00:00Z","2024-09-01T00:00:00Z",4845.361441,"Committed Use Discount","Hours","contract-465254","2024-10-01T00:00:00Z","2024-09-01T00:00:00Z","Google","USD",4279.162805,"Google"
"USD","{}","Entitlement","Spend",8698.587233,"2024-08-28T00:00:00Z","ContractCommitmentDescription 9267",317.457477,"Savings Plan","Daily","contractcommitment-415986","2024-10-07T00:00:00Z","Superseded","Discontinuous","Negotiated","Semi-Annual","No Upfront",0.0,"2024-10-01T00:00:00Z","2024-09-01T00:00:00Z",5406.679082,"Reserved Instance","Hours","contract-278711","2024-10-01T00:00:00Z","2024-09-01T00:00:00Z","Oracle","USD",7532.525207,"Oracle"
"USD","{}","Availability","Usage",7663.088238,"2024-08-28T00:00:00Z","ContractCommitmentDescription 4610",NULL,"Committed Use Discount","Total Term","contractcommitment-803176","2024-10-07T00:00:00Z","Proposed","Continuous","Public","One-Time","All Upfront",1.0,"2024-10-01T00:00:00Z","2024-09-01T00:00:00Z",2238.062168,"Committed Use Discount","Hours","contract-775268","2024-10-01T00:00:00Z","2024-09-01T00:00:00Z","AWS","USD",3432.2578,"AWS"
"USD","{}","Availability","Spend",2909.765027,"2024-08-14T00:00:00Z","ContractCommitmentDescription 2824",NULL,"Committed Use Discount","Custom","contractcommitment-297296","2024-10-07T00:00:00Z","Canceled","Continuous","Public","Monthly","Partial Upfront",9540.686189,"2024-10-01T00:00:00Z","2024-09-01T00:00:00Z",5769.168417,"Reserved Instance","Hours","contract-164891","2024-10-01T00:00:00Z","2024-09-01T00:00:00Z","Oracle","USD",5900.597836,"Oracle"
"USD","{}","Entitlement","Spend",1065.859228,"2024-08-19T00:00:00Z","ContractCommitmentDescription 1150",5382.929433,"Savings Plan","Semi-Annually","contractcommitment-251729","2024-10-07T00:00:00Z","Superseded","Discontinuous","Negotiated","One-Time","All Upfront",1.0,"2024-10-01T00:00:00Z","2024-09-01T00:00:00Z",6014.654136,"Reserved Instance","Hours","contract-727971","2024-10-01T00:00:00Z","2024-09-01T00:00:00Z","Microsoft","USD",3201.393583,"Microsoft"
"USD","{}","Entitlement","Usage",2914.951049,"2024-08-23T00:00:00Z","ContractCommitmentDescription 7171",588.125883,"Savings Plan","Weekly","contractcommitment-968100","2024-10-10T00:00:00Z","Canceled","Continuous","Negotiated","One-Time","All Upfront",1.0,"2024-10-01T00:00:00Z","2024-09-01T00:00:00Z",8654.318957,"Reserved Instance","Hours","contract-862729","2024-10-01T00:00:00Z","2024-09-01T00:00:00Z","AWS","USD",3918.078639,"AWS"
"USD","{}","Other","Usage",9903.143,"2024-08-31T00:00:00Z","ContractCommitmentDescription 7412",3910.630947,"Committed Use Discount","Quarterly","contractcommitment-396080","2024-10-09T00:00:00Z","Canceled","Continuous","Public","One-Time","No Upfront",0.0,"2024-10-01T00:00:00Z","2024-09-01T00:00:00Z",7912.774651,"Reserved Instance","Hours","contract-579757","2024-10-01T00:00:00Z","2024-09-01T00:00:00Z","Microsoft","USD",6546.339852,"Microsoft"
"USD","{}","Entitlement","Spend",8043.584432,"2024-08-17T00:00:00Z","ContractCommitmentDescription 4205",7353.188966,"Reserved Instance","Semi-Annually","contractcommitment-861221","2024-10-08T00:00:00Z","Superseded","Continuous","Negotiated","Semi-Annual","Partial Upfront",6794.452655,"2024-10-01T00:00:00Z","2024-09-01T00:00:00Z",1682.229186,"Reserved Instance","Hours","contract-472856","2024-10-01T00:00:00Z","2024-09-01T00:00:00Z","Microsoft","USD",9741.5876,"Microsoft"
"USD","{}","Availability","Usage",9697.269734,"2024-08-30T00:00:00Z","ContractCommitmentDescription 7619",NULL,"Reserved Instance","Monthly","contractcommitment-515912","2024-10-02T00:00:00Z","Exhausted","Discontinuous","Negotiated","One-Time","All Upfront",1.0,"2024-10-01T00:00:00Z","2024-09-01T00:00:00Z",6917.948499,"Committed Use Discount","Hours","contract-915509","2024-10-01T00:00:00Z","2024-09-01T00:00:00Z","Microsoft","USD",4636.737769,"Microsoft"
"USD","{}","Discount","Spend",1166.276342,"2024-08-23T00:00:00Z","ContractCommitmentDescription 2999",4892.18441,"Committed Use Discount","Transactional","contractcommitment-335861","2024-10-11T00:00:00Z","Proposed","Discontinuous","Public","One-Time","All Upfront",1.0,"2024-10-01T00:00:00Z","2024-09-01T00:00:00Z",5928.790061,"Savings Plan","Hours","contract-775908","2024-10-01T00:00:00Z","2024-09-01T00:00:00Z","Oracle","USD",7027.369844,"Oracle"
"USD","{}","Discount","Spend",4053.30515,"2024-08-13T00:00:00Z","ContractCommitmentDescription 1323",3937.965449,"Committed Use Discount","Transactional","contractcommitment-612295","2024-10-03T00:00:00Z","Proposed","Continuous","Negotiated","Custom","No Upfront",0.0,"2024-10-01T00:00:00Z","2024-09-01T00:00:00Z",5991.026066,"Reserved Instance","Hours","contract-681667","2024-10-01T00:00:00Z","2024-09-01T00:00:00Z","Google","USD",4472.328782,"Google"
"USD","{}","Entitlement","Spend",878.20929,"2024-08-28T00:00:00Z","ContractCommitmentDescription 5206",8514.501062,"Reserved Instance","Daily","contractcommitment-230775","2024-10-01T00:00:00Z","Expired","Discontinuous","Public","Annual","No Upfront",0.0,"2024-10-01T00:00:00Z","2024-09-01T00:00:00Z",9452.284847,"Reserved Instance","Hours","contract-415201","2024-10-01T00:00:00Z","2024-09-01T00:00:00Z","Google","USD",461.662631,"Google"
"USD","{}","Other","Usage",5226.662599,"2024-08-14T00:00:00Z","ContractCommitmentDescription 6769",6061.721335,"Committed Use Discount","Monthly","contractcommitment-821347","2024-10-08T00:00:00Z","Proposed","Continuous","Negotiated","One-Time","No Upfront",0.0,"2024-10-01T00:00:00Z","2024-09-01T00:00:00Z",8560.851725,"Reserved Instance","Hours","contract-731394","2024-10-01T00:00:00Z","2024-09-01T00:00:00Z","Google","USD",5520.706267,"Google"
"USD","{}","Discount","Usage",2606.744422,"2024-08-23T00:00:00Z","ContractCommitmentDescription 3675",4000.593756,"Reserved Instance","Quarterly","contractcommitment-809388","2024-10-03T00:00:00Z","Exhausted","Continuous","Negotiated","One-Time","All Upfront",1.0,"2024-10-01T00:00:00Z","2024-09-01T00:00:00Z",9953.59269,"Committed Use Discount","Hours","contract-849149","2024-10-01T00:00:00Z","2024-09-01T00:00:00Z","Google","USD",3721.422595,"Google"
"USD","{}","Other","Spend",9640.177012,"2024-08-18T00:00:00Z","ContractCommitmentDescription 5055",775.24597,"Reserved Instance","Transactional","contractcommitment-215333","2024-10-03T00:00:00Z","Canceled","Discontinuous","Negotiated","One-Time","All Upfront",1.0,"2024-10-01T00:00:00Z","2024-09-01T00:00:00Z",9092.453892,"Savings Plan","Hours","contract-936865","2024-10-01T00:00:00Z","2024-09-01T00:00:00Z","Microsoft","USD",2257.654687,"Microsoft"
"USD","{}","Discount","Spend",1757.313723,"2024-08-28T00:00:00Z","ContractCommitmentDescription 6022",5888.270499,"Savings Plan","Daily","contractcommitment-654654","2024-10-07T00:00:00Z","Active","Discontinuous","Public","Annual","No Upfront",0.0,"2024-10-01T00:00:00Z","2024-09-01T00:00:00Z",1707.474166,"Savings Plan","Hours","contract-461940","2024-10-01T00:00:00Z","2024-09-01T00:00:00Z","AWS","USD",8060.84996,"AWS"
"USD","{}","Discount","Spend",6575.629348,"2024-08-16T00:00:00Z","ContractCommitmentDescription 3337",3788.006646,"Committed Use Discount","Quarterly","contractcommitment-155432","2024-10-10T00:00:00Z","Canceled","Discontinuous","Negotiated","One-Time","All Upfront",1.0,"2024-10-01T00:00:00Z","2024-09-01T00:00:00Z",4577.865912,"Savings Plan","Hours","contract-937255","2024-10-01T00:00:00Z","2024-09-01T00:00:00Z","Oracle","USD",4686.658196,"Oracle"
"USD","{}","Entitlement","Usage",6356.352483,"2024-08-23T00:00:00Z","ContractCommitmentDescription 2424",9474.546485,"Savings Plan","Semi-Annually","contractcommitment-986304","2024-10-07T00:00:00Z","Proposed","Continuous","Negotiated","Custom","No Upfront",0.0,"2024-10-01T00:00:00Z","2024-09-01T00:00:00Z",1651.131256,"Reserved Instance","Hours","contract-879521","2024-10-01T00:00:00Z","2024-09-01T00:00:00Z","Google","USD",2858.508643,"Google"
"USD","{}","Entitlement","Usage",4978.052044,"2024-08-31T00:00:00Z","ContractCommitmentDescription 9722",6978.819529,"Savings Plan","Hourly","contractcommitment-746223","2024-10-07T00:00:00Z","Pending","Continuous","Public","One-Time","All Upfront",1.0,"2024-10-01T00:00:00Z","2024-09-01T00:00:00Z",2442.26247,"Committed Use Discount","Hours","contract-817307","2024-10-01T00:00:00Z","2024-09-01T00:00:00Z","Oracle","USD",6091.936085,"Oracle"
"USD","{}","Entitlement","Spend",3670.509371,"2024-08-26T00:00:00Z","ContractCommitmentDescription 3184",5136.84484,"Reserved Instance","Annually","contractcommitment-619577","2024-10-11T00:00:00Z","Exhausted","Continuous","Public","One-Time","Partial Upfront",9140.45175,"2024-10-01T00:00:00Z","2024-09-01T00:00:00Z",2497.652235,"Committed Use Discount","Hours","contract-404154","2024-10-01T00:00:00Z","2024-09-01T00:00:00Z","Oracle","USD",2991.77993,"Oracle"
"USD","{}","Other","Spend",9230.563663,"2024-08-23T00:00:00Z","ContractCommitmentDescription 9446",8257.273875,"Reserved Instance","Total Term","contractcommitment-747756","2024-10-04T00:00:00Z","Superseded","Discontinuous","Negotiated","Quarterly","No Upfront",0.0,"2024-10-01T00:00:00Z","2024-09-01T00:00:00Z",3285.518013,"Savings Plan","Hours","contract-105404","2024-10-01T00:00:00Z","2024-09-01T00:00:00Z","Google","USD",3497.216991,"Google"
"USD","{}","Other","Usage",1975.444338,"2024-08-19T00:00:00Z","ContractCommitmentDescription 9668",5143.185995,"Reserved Instance","Annually","contractcommitment-229858","2024-10-06T00:00:00Z","Exhausted","Continuous","Negotiated","Custom","Partial Upfront",2260.952329,"2024-10-01T00:00:00Z","2024-09-01T00:00:00Z",3953.58826,"Savings Plan","Hours","contract-549148","2024-10-01T00:00:00Z","2024-09-01T00:00:00Z","Microsoft","USD",8921.933858,"Microsoft"
"USD","{}","Entitlement","Usage",7470.91088,"2024-08-28T00:00:00Z","ContractCommitmentDescription 1095",3592.367462,"Committed Use Discount","Monthly","contractcommitment-216041","2024-10-08T00:00:00Z","Pending","Discontinuous","Negotiated","Monthly","Partial Upfront",4210.557695,"2024-10-01T00:00:00Z","2024-09-01T00:00:00Z",3312.135108,"Reserved Instance","Hours","contract-798566","2024-10-01T00:00:00Z","2024-09-01T00:00:00Z","Google","USD",1989.919241,"Google"
"USD","{}","Other","Spend",3248.876985,"2024-08-23T00:00:00Z","ContractCommitmentDescription 7551",5018.585825,"Committed Use Discount","Annually","contractcommitment-237801","2024-10-02T00:00:00Z","Proposed","Continuous","Negotiated","Monthly","No Upfront",0.0,"2024-10-01T00:00:00Z","2024-09-01T00:00:00Z",136.489553,"Committed Use Discount","Hours","contract-154567","2024-10-01T00:00:00Z","2024-09-01T00:00:00Z","Oracle","USD",6783.103185,"Oracle"
"USD","{}","Other","Usage",2822.233698,"2024-08-18T00:00:00Z","ContractCommitmentDescription 2353",7608.998971,"Reserved Instance","Custom","contractcommitment-259903","2024-10-10T00:00:00Z","Canceled","Continuous","Negotiated","Quarterly","No Upfront",0.0,"2024-10-01T00:00:00Z","2024-09-01T00:00:00Z",9942.570604,"Reserved Instance","Hours","contract-308050","2024-10-01T00:00:00Z","2024-09-01T00:00:00Z","Google","USD",4738.928281,"Google"
"USD","{}","Entitlement","Spend",1204.611892,"2024-08-15T00:00:00Z","ContractCommitmentDescription 7574",383.664315,"Reserved Instance","Weekly","contractcommitment-547011","2024-10-10T00:00:00Z","Proposed","Continuous","Negotiated","One-Time","Partial Upfront",4072.971905,"2024-10-01T00:00:00Z","2024-09-01T00:00:00Z",3064.459465,"Committed Use Discount","Hours","contract-332548","2024-10-01T00:00:00Z","2024-09-01T00:00:00Z","AWS","USD",3361.778515,"AWS"
"USD","{}","Discount","Usage",1100.549494,"2024-08-30T00:00:00Z","ContractCommitmentDescription 6956",2805.559407,"Savings Plan","Annually","contractcommitment-358965","2024-10-09T00:00:00Z","Active","Continuous","Negotiated","One-Time","No Upfront",0.0,"2024-10-01T00:00:00Z","2024-09-01T00:00:00Z",7447.547042,"Reserved Instance","Hours","contract-594988","2024-10-01T00:00:00Z","2024-09-01T00:00:00Z","Oracle","USD",2801.593535,"Oracle"
"USD","{}","Availability","Usage",3043.566951,"2024-08-18T00:00:00Z","ContractCommitmentDescription 2587",NULL,"Committed Use Discount","Transactional","contractcommitment-907889","2024-10-03T00:00:00Z","Superseded","Continuous","Public","One-Time","All Upfront",1.0,"2024-10-01T00:00:00Z","2024-09-01T00:00:00Z",7429.3202,"Committed Use Discount","Hours","contract-734088","2024-10-01T00:00:00Z","2024-09-01T00:00:00Z","AWS","USD",3715.92285,"AWS"
"USD","{}","Discount","Spend",6295.586284,"2024-08-25T00:00:00Z","ContractCommitmentDescription 2971",410.389348,"Committed Use Discount","Monthly","contractcommitment-302299","2024-10-10T00:00:00Z","Canceled","Discontinuous","Negotiated","One-Time","All Upfront",1.0,"2024-10-01T00:00:00Z","2024-09-01T00:00:00Z",3014.764169,"Savings Plan","Hours","contract-659475","2024-10-01T00:00:00Z","2024-09-01T00:00:00Z","Google","USD",7207.694661,"Google"
"USD","{}","Availability","Usage",8949.130279,"2024-08-27T00:00:00Z","ContractCommitmentDescription 8347",NULL,"Reserved Instance","Annually","contractcommitment-170997","2024-10-04T00:00:00Z","Exhausted","Discontinuous","Negotiated","One-Time","All Upfront",1.0,"2024-10-01T00:00:00Z","2024-09-01T00:00:00Z",9674.869413,"Savings Plan","Hours","contract-693677","2024-10-01T00:00:00Z","2024-09-01T00:00:00Z","AWS","USD",607.933908,"AWS"
"USD","{}","Discount","Spend",4377.449434,"2024-08-19T00:00:00Z","ContractCommitmentDescription 9344",3841.504198,"Savings Plan","Annually","contractcommitment-736714","2024-10-08T00:00:00Z","Active","Continuous","Negotiated","One-Time","No Upfront",0.0,"2024-10-01T00:00:00Z","2024-09-01T00:00:00Z",5921.12755,"Reserved Instance","Hours","contract-577564","2024-10-01T00:00:00Z","2024-09-01T00:00:00Z","Microsoft","USD",5038.177647,"Microsoft"
"USD","{}","Availability","Spend",1711.090969,"2024-08-22T00:00:00Z","ContractCommitmentDescription 1747",NULL,"Savings Plan","Hourly","contractcommitment-770685","2024-10-04T00:00:00Z","Pending","Discontinuous","Negotiated","Quarterly","No Upfront",0.0,"2024-10-01T00:00:00Z","2024-09-01T00:00:00Z",2490.080743,"Reserved Instance","Hours","contract-221828","2024-10-01T00:00:00Z","2024-09-01T00:00:00Z","Google","USD",13.999615,"Google"
"USD","{}","Availability","Spend",4083.428822,"2024-08-12T00:00:00Z","ContractCommitmentDescription 5831",NULL,"Reserved Instance","Hourly","contractcommitment-963955","2024-10-06T00:00:00Z","Active","Continuous","Public","Monthly","Partial Upfront",9716.04705,"2024-10-01T00:00:00Z","2024-09-01T00:00:00Z",5373.886947,"Committed Use Discount","Hours","contract-857703","2024-10-01T00:00:00Z","2024-09-01T00:00:00Z","Google","USD",7457.69789,"Google"
"USD","{}","Entitlement","Usage",2206.390375,"2024-08-23T00:00:00Z","ContractCommitmentDescription 5403",2039.186327,"Committed Use Discount","Annually","contractcommitment-263201","2024-10-11T00:00:00Z","Exhausted","Continuous","Public","Quarterly","No Upfront",0.0,"2024-10-01T00:00:00Z","2024-09-01T00:00:00Z",936.910622,"Reserved Instance","Hours","contract-294015","2024-10-01T00:00:00Z","2024-09-01T00:00:00Z","Oracle","USD",8155.979876,"Oracle"
"USD","{}","Entitlement","Usage",210.473039,"2024-08-25T00:00:00Z","ContractCommitmentDescription 3669",8852.530433,"Savings Plan","Custom","contractcommitment-296972","2024-10-10T00:00:00Z","Proposed","Continuous","Negotiated","Semi-Annual","No Upfront",0.0,"2024-10-01T00:00:00Z","2024-09-01T00:00:00Z",6451.187579,"Savings Plan","Hours","contract-859490","2024-10-01T00:00:00Z","2024-09-01T00:00:00Z","Microsoft","USD",5267.7855,"Microsoft"
"USD","{}","Discount","Spend",8265.622483,"2024-08-12T00:00:00Z","ContractCommitmentDescription 1716",1321.79046,"Reserved Instance","Quarterly","contractcommitment-249564","2024-10-02T00:00:00Z","Canceled","Continuous","Negotiated","One-Time","All Upfront",1.0,"2024-10-01T00:00:00Z","2024-09-01T00:00:00Z",3383.899171,"Committed Use Discount","Hours","contract-312149","2024-10-01T00:00:00Z","2024-09-01T00:00:00Z","AWS","USD",1392.300984,"AWS"
"USD","{}","Entitlement","Spend",558.755066,"2024-08-26T00:00:00Z","ContractCommitmentDescription 5382",6274.85853,"Reserved Instance","Hourly","contractcommitment-964996","2024-10-05T00:00:00Z","Proposed","Continuous","Public","One-Time","All Upfront",1.0,"2024-10-01T00:00:00Z","2024-09-01T00:00:00Z",4152.846719,"Reserved Instance","Hours","contract-125166","2024-10-01T00:00:00Z","2024-09-01T00:00:00Z","Oracle","USD",2266.751411,"Oracle"
"USD","{}","Other","Spend",4918.205751,"2024-08-27T00:00:00Z","ContractCommitmentDescription 2804",2245.224573,"Savings Plan","Semi-Annually","contractcommitment-179995","2024-10-06T00:00:00Z","Expired","Discontinuous","Negotiated","Quarterly","No Upfront",0.0,"2024-10-01T00:00:00Z","2024-09-01T00:00:00Z",6045.06382,"Reserved Instance","Hours","contract-656249","2024-10-01T00:00:00Z","2024-09-01T00:00:00Z","Oracle","USD",3348.440647,"Oracle"
"USD","{}","Availability","Usage",8754.021682,"2024-08-18T00:00:00Z","ContractCommitmentDescription 5441",NULL,"Committed Use Discount","Semi-Annually","contractcommitment-378293","2024-10-03T00:00:00Z","Superseded","Continuous","Negotiated","One-Time","All Upfront",1.0,"2024-10-01T00:00:00Z","2024-09-01T00:00:00Z",1477.801829,"Savings Plan","Hours","contract-954222","2024-10-01T00:00:00Z","2024-09-01T00:00:00Z","Microsoft","USD",673.136347,"Microsoft"
"USD","{}","Entitlement","Spend",7675.354137,"2024-08-23T00:00:00Z","ContractCommitmentDescription 6777",3193.157799,"Savings Plan","Total Term","contractcommitment-827104","2024-10-03T00:00:00Z","Exhausted","Discontinuous","Negotiated","Custom","No Upfront",0.0,"2024-10-01T00:00:00Z","2024-09-01T00:00:00Z",5493.392609,"Committed Use Discount","Hours","contract-616530","2024-10-01T00:00:00Z","2024-09-01T00:00:00Z","Oracle","USD",5324.744324,"Oracle"
"USD","{}","Other","Spend",7030.933133,"2024-08-19T00:00:00Z","ContractCommitmentDescription 4853",3617.094308,"Reserved Instance","Hourly","contractcommitment-480002","2024-10-02T00:00:00Z","Expired","Discontinuous","Negotiated","One-Time","No Upfront",0.0,"2024-10-01T00:00:00Z","2024-09-01T00:00:00Z",3608.585361,"Reserved Instance","Hours","contract-582752","2024-10-01T00:00:00Z","2024-09-01T00:00:00Z","Microsoft","USD",1441.402423,"Microsoft"
"USD","{}","Entitlement","Spend",9620.519854,"2024-08-24T00:00:00Z","ContractCommitmentDescription 3344",3774.607832,"Reserved Instance","Annually","contractcommitment-489739","2024-10-04T00:00:00Z","Proposed","Continuous","Negotiated","One-Time","All Upfront",1.0,"2024-10-01T00:00:00Z","2024-09-01T00:00:00Z",301.857304,"Savings Plan","Hours","contract-182830","2024-10-01T00:00:00Z","2024-09-01T00:00:00Z","Oracle","USD",2450.458041,"Oracle"
"USD","{}","Other","Spend",7481.071243,"2024-08-13T00:00:00Z","ContractCommitmentDescription 5907",4701.845006,"Committed Use Discount","Semi-Annually","contractcommitment-565540","2024-10-07T00:00:00Z","Superseded","Continuous","Public","One-Time","No Upfront",0.0,"2024-10-01T00:00:00Z","2024-09-01T00:00:00Z",6424.542817,"Committed Use Discount","Hours","contract-627743","2024-10-01T00:00:00Z","2024-09-01T00:00:00Z","AWS","USD",1603.48788,"AWS"
"USD","{}","Availability","Usage",7093.528154,"2024-08-18T00:00:00Z","ContractCommitmentDescription 7941",NULL,"Savings Plan","Daily","contractcommitment-646833","2024-10-11T00:00:00Z","Exhausted","Continuous","Negotiated","One-Time","All Upfront",1.0,"2024-10-01T00:00:00Z","2024-09-01T00:00:00Z",3922.909586,"Committed Use Discount","Hours","contract-956223","2024-10-01T00:00:00Z","2024-09-01T00:00:00Z","Oracle","USD",6924.265956,"Oracle"
"USD","{}","Entitlement","Spend",8033.392606,"2024-08-21T00:00:00Z","ContractCommitmentDescription 7950",1947.305893,"Reserved Instance","Daily","contractcommitment-181588","2024-10-11T00:00:00Z","Active","Discontinuous","Negotiated","Monthly","Partial Upfront",1627.604033,"2024-10-01T00:00:00Z","2024-09-01T00:00:00Z",1064.645429,"Reserved Instance","Hours","contract-893270","2024-10-01T00:00:00Z","2024-09-01T00:00:00Z","Oracle","USD",9096.870147,"Oracle"
"USD","{}","Availability","Spend",9766.631467,"2024-08-14T00:00:00Z","ContractCommitmentDescription 1735",NULL,"Savings Plan","Hourly","contractcommitment-150382","2024-10-04T00:00:00Z","Active","Continuous","Public","One-Time","Partial Upfront",7516.7943,"2024-10-01T00:00:00Z","2024-09-01T00:00:00Z",9587.390229,"Committed Use Discount","Hours","contract-429748","2024-10-01T00:00:00Z","2024-09-01T00:00:00Z","Microsoft","USD",7518.422707,"Microsoft"
"USD","{}","Other","Spend",5021.771178,"2024-08-27T00:00:00Z","ContractCommitmentDescription 3460",236.853107,"Savings Plan","Total Term","contractcommitment-714841","2024-10-11T00:00:00Z","Superseded","Continuous","Public","Monthly","No Upfront",0.0,"2024-10-01T00:00:00Z","2024-09-01T00:00:00Z",787.528596,"Committed Use Discount","Hours","contract-853362","2024-10-01T00:00:00Z","2024-09-01T00:00:00Z","Google","USD",2315.700791,"Google"
"USD","{}","Availability","Usage",7853.518585,"2024-08-27T00:00:00Z","ContractCommitmentDescription 6554",NULL,"Committed Use Discount","Annually","contractcommitment-141956","2024-10-03T00:00:00Z","Canceled","Discontinuous","Negotiated","One-Time","All Upfront",1.0,"2024-10-01T00:00:00Z","2024-09-01T00:00:00Z",9580.156516,"Committed Use Discount","Hours","contract-202137","2024-10-01T00:00:00Z","2024-09-01T00:00:00Z","Microsoft","USD",8047.264443,"Microsoft"
"USD","{}","Discount","Usage",3137.187002,"2024-08-22T00:00:00Z","ContractCommitmentDescription 5843",1614.72485,"Savings Plan","Custom","contractcommitment-480977","2024-10-09T00:00:00Z","Active","Continuous","Negotiated","One-Time","All Upfront",1.0,"2024-10-01T00:00:00Z","2024-09-01T00:00:00Z",2579.440995,"Savings Plan","Hours","contract-900216","2024-10-01T00:00:00Z","2024-09-01T00:00:00Z","Microsoft","USD",8766.578692,"Microsoft"
"USD","{}","Availability","Usage",4009.392143,"2024-08-28T00:00:00Z","ContractCommitmentDescription 3113",NULL,"Committed Use Discount","Custom","contractcommitment-428881","2024-10-10T00:00:00Z","Active","Continuous","Public","Annual","Partial Upfront",2628.274327,"2024-10-01T00:00:00Z","2024-09-01T00:00:00Z",8755.364566,"Committed Use Discount","Hours","contract-750760","2024-10-01T00:00:00Z","2024-09-01T00:00:00Z","Microsoft","USD",9774.316374,"Microsoft"
"USD","{}","Discount","Usage",3758.216885,"2024-08-24T00:00:00Z","ContractCommitmentDescription 7541",8538.291907,"Reserved Instance","Annually","contractcommitment-584734","2024-10-09T00:00:00Z","Canceled","Continuous","Public","Semi-Annual","Partial Upfront",6424.844826,"2024-10-01T00:00:00Z","2024-09-01T00:00:00Z",9001.265155,"Savings Plan","Hours","contract-189991","2024-10-01T00:00:00Z","2024-09-01T00:00:00Z","AWS","USD",1802.733595,"AWS"
"USD","{}","Availability","Spend",3172.848623,"2024-08-19T00:00:00Z","ContractCommitmentDescription 8967",NULL,"Committed Use Discount","Total Term","contractcommitment-219879","2024-10-07T00:00:00Z","Active","Discontinuous","Negotiated","Annual","No Upfront",0.0,"2024-10-01T00:00:00Z","2024-09-01T00:00:00Z",1455.138001,"Reserved Instance","Hours","contract-695807","2024-10-01T00:00:00Z","2024-09-01T00:00:00Z","AWS","USD",313.23254,"AWS"
"USD","{}","Entitlement","Spend",2114.928876,"2024-08-30T00:00:00Z","ContractCommitmentDescription 1375",9526.450094,"Committed Use Discount","Annually","contractcommitment-382956","2024-10-06T00:00:00Z","Active","Continuous","Negotiated","Monthly","No Upfront",0.0,"2024-10-01T00:00:00Z","2024-09-01T00:00:00Z",817.091115,"Committed Use Discount","Hours","contract-540110","2024-10-01T00:00:00Z","2024-09-01T00:00:00Z","Oracle","USD",5247.77943,"Oracle"
"USD","{}","Availability","Usage",1645.332813,"2024-08-26T00:00:00Z","ContractCommitmentDescription 6722",NULL,"Savings Plan","Total Term","contractcommitment-661519","2024-10-01T00:00:00Z","Canceled","Continuous","Public","One-Time","All Upfront",1.0,"2024-10-01T00:00:00Z","2024-09-01T00:00:00Z",8230.156974,"Committed Use Discount","Hours","contract-181588","2024-10-01T00:00:00Z","2024-09-01T00:00:00Z","Google","USD",7227.236827,"Google"
"USD","{}","Entitlement","Usage",9338.193994,"2024-08-21T00:00:00Z","ContractCommitmentDescription 9182",8643.013486,"Reserved Instance","Annually","contractcommitment-375568","2024-10-11T00:00:00Z","Expired","Continuous","Public","One-Time","All Upfront",1.0,"2024-10-01T00:00:00Z","2024-09-01T00:00:00Z",9694.575114,"Reserved Instance","Hours","contract-329242","2024-10-01T00:00:00Z","2024-09-01T00:00:00Z","Microsoft","USD",7457.075415,"Microsoft"
"USD","{}","Other","Spend",3480.85554,"2024-08-18T00:00:00Z","ContractCommitmentDescription 4131",9717.445052,"Committed Use Discount","Hourly","contractcommitment-488241","2024-10-09T00:00:00Z","Superseded","Discontinuous","Negotiated","Quarterly","Partial Upfront",5020.852001,"2024-10-01T00:00:00Z","2024-09-01T00:00:00Z",8677.581483,"Committed Use Discount","Hours","contract-780433","2024-10-01T00:00:00Z","2024-09-01T00:00:00Z","Microsoft","USD",9990.481694,"Microsoft"
"USD","{}","Other","Usage",1133.799994,"2024-08-18T00:00:00Z","ContractCommitmentDescription 3880",4588.235649,"Savings Plan","Weekly","contractcommitment-679604","2024-10-06T00:00:00Z","Expired","Continuous","Public","Semi-Annual","Partial Upfront",8450.916086,"2024-10-01T00:00:00Z","2024-09-01T00:00:00Z",6885.506561,"Savings Plan","Hours","contract-836197","2024-10-01T00:00:00Z","2024-09-01T00:00:00Z","Oracle","USD",6203.764896,"Oracle"
"USD","{}","Discount","Usage",1036.753021,"2024-08-29T00:00:00Z","ContractCommitmentDescription 9924",997.020724,"Savings Plan","Transactional","contractcommitment-709467","2024-10-02T00:00:00Z","Superseded","Continuous","Public","Semi-Annual","No Upfront",0.0,"2024-10-01T00:00:00Z","2024-09-01T00:00:00Z",4546.298798,"Savings Plan","Hours","contract-305059","2024-10-01T00:00:00Z","2024-09-01T00:00:00Z","AWS","USD",8563.426321,"AWS"
"USD","{}","Other","Spend",9396.168096,"2024-08-20T00:00:00Z","ContractCommitmentDescription 4668",5075.60814,"Savings Plan","Quarterly","contractcommitment-422328","2024-10-08T00:00:00Z","Superseded","Discontinuous","Negotiated","One-Time","Partial Upfront",326.746107,"2024-10-01T00:00:00Z","2024-09-01T00:00:00Z",262.468171,"Savings Plan","Hours","contract-959868","2024-10-01T00:00:00Z","2024-09-01T00:00:00Z","AWS","USD",7412.454307,"AWS"
"USD","{}","Entitlement","Usage",1926.604034,"2024-08-21T00:00:00Z","ContractCommitmentDescription 7444",8285.498995,"Committed Use Discount","Annually","contractcommitment-235130","2024-10-03T00:00:00Z","Canceled","Discontinuous","Negotiated","Semi-Annual","Partial Upfront",5172.77078,"2024-10-01T00:00:00Z","2024-09-01T00:00:00Z",4374.01587,"Reserved Instance","Hours","contract-628751","2024-10-01T00:00:00Z","2024-09-01T00:00:00Z","Google","USD",1183.727282,"Google"
"USD","{}","Entitlement","Spend",932.65407,"2024-08-23T00:00:00Z","ContractCommitmentDescription 8166",115.381228,"Committed Use Discount","Weekly","contractcommitment-129169","2024-10-09T00:00:00Z","Expired","Continuous","Public","One-Time","All Upfront",1.0,"2024-10-01T00:00:00Z","2024-09-01T00:00:00Z",9834.141914,"Committed Use Discount","Hours","contract-295617","2024-10-01T00:00:00Z","2024-09-01T00:00:00Z","Oracle","USD",2397.218842,"Oracle"
"USD","{}","Other","Usage",6592.576955,"2024-08-22T00:00:00Z","ContractCommitmentDescription 5505",829.633693,"Reserved Instance","Hourly","contractcommitment-769396","2024-10-04T00:00:00Z","Expired","Continuous","Negotiated","One-Time","All Upfront",1.0,"2024-10-01T00:00:00Z","2024-09-01T00:00:00Z",1418.353862,"Savings Plan","Hours","contract-197283","2024-10-01T00:00:00Z","2024-09-01T00:00:00Z","Microsoft","USD",773.814283,"Microsoft"
"USD","{}","Discount","Usage",735.759697,"2024-08-25T00:00:00Z","ContractCommitmentDescription 2250",2102.959729,"Savings Plan","Annually","contractcommitment-428817","2024-10-07T00:00:00Z","Canceled","Discontinuous","Negotiated","Monthly","Partial Upfront",101.402916,"2024-10-01T00:00:00Z","2024-09-01T00:00:00Z",1786.770721,"Committed Use Discount","Hours","contract-222900","2024-10-01T00:00:00Z","2024-09-01T00:00:00Z","Google","USD",9759.158741,"Google"
"USD","{}","Discount","Spend",5217.485558,"2024-08-16T00:00:00Z","ContractCommitmentDescription 5169",9265.831792,"Reserved Instance","Custom","contractcommitment-130990","2024-10-10T00:00:00Z","Expired","Continuous","Negotiated","Monthly","Partial Upfront",1147.88457,"2024-10-01T00:00:00Z","2024-09-01T00:00:00Z",2169.577854,"Savings Plan","Hours","contract-330436","2024-10-01T00:00:00Z","2024-09-01T00:00:00Z","Google","USD",834.427605,"Google"
"USD","{}","Discount","Usage",7080.835741,"2024-08-23T00:00:00Z","ContractCommitmentDescription 5822",4670.437481,"Savings Plan","Annually","contractcommitment-637559","2024-10-05T00:00:00Z","Exhausted","Continuous","Public","Monthly","No Upfront",0.0,"2024-10-01T00:00:00Z","2024-09-01T00:00:00Z",8873.148912,"Savings Plan","Hours","contract-207892","2024-10-01T00:00:00Z","2024-09-01T00:00:00Z","Microsoft","USD",5836.482554,"Microsoft"
"USD","{}","Other","Usage",5963.29784,"2024-08-26T00:00:00Z","ContractCommitmentDescription 5451",8158.921996,"Committed Use Discount","Daily","contractcommitment-736795","2024-10-04T00:00:00Z","Exhausted","Discontinuous","Negotiated","Annual","Partial Upfront",3739.604868,"2024-10-01T00:00:00Z","2024-09-01T00:00:00Z",6326.984675,"Reserved Instance","Hours","contract-275373","2024-10-01T00:00:00Z","2024-09-01T00:00:00Z","Google","USD",8894.496861,"Google"
"USD","{}","Availability","Usage",299.399504,"2024-08-13T00:00:00Z","ContractCommitmentDescription 3947",NULL,"Savings Plan","Weekly","contractcommitment-475122","2024-10-07T00:00:00Z","Pending","Continuous","Negotiated","Custom","Partial Upfront",3719.642844,"2024-10-01T00:00:00Z","2024-09-01T00:00:00Z",7795.145535,"Reserved Instance","Hours","contract-434064","2024-10-01T00:00:00Z","2024-09-01T00:00:00Z","Google","USD",6882.92414,"Google"
"USD","{}","Entitlement","Spend",3855.908832,"2024-08-25T00:00:00Z","ContractCommitmentDescription 4476",5272.623615,"Reserved Instance","Transactional","contractcommitment-391554","2024-10-08T00:00:00Z","Canceled","Continuous","Public","Custom","Partial Upfront",3177.832947,"2024-10-01T00:00:00Z","2024-09-01T00:00:00Z",3201.21409,"Reserved Instance","Hours","contract-941718","2024-10-01T00:00:00Z","2024-09-01T00:00:00Z","Google","USD",4939.342625,"Google"
"USD","{}","Other","Spend",6014.306793,"2024-08-23T00:00:00Z","ContractCommitmentDescription 7272",2364.219172,"Reserved Instance","Quarterly","contractcommitment-118702","2024-10-07T00:00:00Z","Canceled","Continuous","Public","Quarterly","No Upfront",0.0,"2024-10-01T00:00:00Z","2024-09-01T00:00:00Z",4028.107899,"Committed Use Discount","Hours","contract-141020","2024-10-01T00:00:00Z","2024-09-01T00:00:00Z","AWS","USD",3373.898688,"AWS"
"USD","{}","Availability","Usage",3171.896618,"2024-08-29T00:00:00Z","ContractCommitmentDescription 6665",NULL,"Committed Use Discount","Semi-Annually","contractcommitment-617806","2024-10-08T00:00:00Z","Expired","Continuous","Public","One-Time","All Upfront",1.0,"2024-10-01T00:00:00Z","2024-09-01T00:00:00Z",4933.366243,"Committed Use Discount","Hours","contract-984028","2024-10-01T00:00:00Z","2024-09-01T00:00:00Z","AWS","USD",3739.060829,"AWS"
"USD","{}","Entitlement","Spend",9935.403714,"2024-08-31T00:00:00Z","ContractCommitmentDescription 8138",2263.412563,"Reserved Instance","Monthly","contractcommitment-859282","2024-10-04T00:00:00Z","Superseded","Discontinuous","Negotiated","Custom","No Upfront",0.0,"2024-10-01T00:00:00Z","2024-09-01T00:00:00Z",7849.440354,"Reserved Instance","Hours","contract-419071","2024-10-01T00:00:00Z","2024-09-01T00:00:00Z","AWS","USD",750.421752,"AWS"
"USD","{}","Entitlement","Spend",5834.532042,"2024-08-12T00:00:00Z","ContractCommitmentDescription 2964",1262.88707,"Reserved Instance","Custom","contractcommitment-991450","2024-10-07T00:00:00Z","Exhausted","Discontinuous","Negotiated","One-Time","All Upfront",1.0,"2024-10-01T00:00:00Z","2024-09-01T00:00:00Z",4779.26818,"Savings Plan","Hours","contract-437548","2024-10-01T00:00:00Z","2024-09-01T00:00:00Z","Google","USD",7726.439739,"Google"
"USD","{}","Discount","Usage",5585.152346,"2024-08-24T00:00:00Z","ContractCommitmentDescription 4971",6594.807777,"Committed Use Discount","Monthly","contractcommitment-828723","2024-10-02T00:00:00Z","Proposed","Continuous","Public","One-Time","No Upfront",0.0,"2024-10-01T00:00:00Z","2024-09-01T00:00:00Z",2161.354681,"Savings Plan","Hours","contract-611333","2024-10-01T00:00:00Z","2024-09-01T00:00:00Z","Oracle","USD",1045.34718,"Oracle"
"USD","{}","Availability","Usage",6552.893382,"2024-08-13T00:00:00Z","ContractCommitmentDescription 9265",NULL,"Reserved Instance","Monthly","contractcommitment-481308","2024-10-09T00:00:00Z","Exhausted","Discontinuous","Negotiated","Semi-Annual","No Upfront",0.0,"2024-10-01T00:00:00Z","2024-09-01T00:00:00Z",4230.939833,"Committed Use Discount","Hours","contract-705282","2024-10-01T00:00:00Z","2024-09-01T00:00:00Z","Microsoft","USD",6483.829625,"Microsoft"
"USD","{}","Discount","Usage",1870.29766,"2024-08-17T00:00:00Z","ContractCommitmentDescription 1468",4762.404238,"Committed Use Discount","Total Term","contractcommitment-469053","2024-10-02T00:00:00Z","Active","Continuous","Negotiated","Quarterly","Partial Upfront",2120.660257,"2024-10-01T00:00:00Z","2024-09-01T00:00:00Z",3969.280012,"Savings Plan","Hours","contract-449951","2024-10-01T00:00:00Z","2024-09-01T00:00:00Z","Microsoft","USD",531.570721,"Microsoft"
"USD","{}","Other","Usage",1939.316265,"2024-08-20T00:00:00Z","ContractCommitmentDescription 4103",4026.921032,"Committed Use Discount","Quarterly","contractcommitment-655286","2024-10-02T00:00:00Z","Expired","Discontinuous","Public","One-Time","All Upfront",1.0,"2024-10-01T00:00:00Z","2024-09-01T00:00:00Z",2489.44245,"Reserved Instance","Hours","contract-220783","2024-10-01T00:00:00Z","2024-09-01T00:00:00Z","Google","USD",531.37771,"Google"
"USD","{}","Discount","Usage",2264.650157,"2024-08-13T00:00:00Z","ContractCommitmentDescription 7628",3919.080898,"Reserved Instance","Monthly","contractcommitment-869575","2024-10-05T00:00:00Z","Superseded","Discontinuous","Public","Monthly","No Upfront",0.0,"2024-10-01T00:00:00Z","2024-09-01T00:00:00Z",3476.331132,"Savings Plan","Hours","contract-869531","2024-10-01T00:00:00Z","2024-09-01T00:00:00Z","AWS","USD",31.068705,"AWS"
"USD","{}","Availability","Spend",1702.32574,"2024-08-15T00:00:00Z","ContractCommitmentDescription 2137",NULL,"Savings Plan","Total Term","contractcommitment-248723","2024-10-10T00:00:00Z","Proposed","Discontinuous","Public","Quarterly","No Upfront",0.0,"2024-10-01T00:00:00Z","2024-09-01T00:00:00Z",2638.321883,"Reserved Instance","Hours","contract-812195","2024-10-01T00:00:00Z","2024-09-01T00:00:00Z","Microsoft","USD",7602.607522,"Microsoft"
"USD","{}","Discount","Usage",8732.185382,"2024-08-12T00:00:00Z","ContractCommitmentDescription 8742",1093.859974,"Reserved Instance","Custom","contractcommitment-813080","2024-10-06T00:00:00Z","Active","Continuous","Negotiated","Monthly","No Upfront",0.0,"2024-10-01T00:00:00Z","2024-09-01T00:00:00Z",8038.926179,"Savings Plan","Hours","contract-614496","2024-10-01T00:00:00Z","2024-09-01T00:00:00Z","AWS","USD",7348.150041,"AWS"
"USD","{}","Discount","Usage",3011.340328,"2024-08-16T00:00:00Z","ContractCommitmentDescription 6467",8913.724163,"Committed Use Discount","Custom","contractcommitment-607882","2024-10-05T00:00:00Z","Proposed","Discontinuous","Negotiated","Monthly","Partial Upfront",8562.655242,"2024-10-01T00:00:00Z","2024-09-01T00:00:00Z",6593.669131,"Reserved Instance","Hours","contract-622014","2024-10-01T00:00:00Z","2024-09-01T00:00:00Z","Google","USD",309.046749,"Google"
"USD","{}","Other","Spend",9654.530605,"2024-08-20T00:00:00Z","ContractCommitmentDescription 9927",8992.213824,"Savings Plan","Transactional","contractcommitment-283450","2024-10-04T00:00:00Z","Active","Discontinuous","Public","One-Time","All Upfront",1.0,"2024-10-01T00:00:00Z","2024-09-01T00:00:00Z",9939.437082,"Savings Plan","Hours","contract-143096","2024-10-01T00:00:00Z","2024-09-01T00:00:00Z","Oracle","USD",5795.168319,"Oracle"
"USD","{}","Availability","Usage",1101.905776,"2024-08-12T00:00:00Z","ContractCommitmentDescription 1136",NULL,"Committed Use Discount","Weekly","contractcommitment-588969","2024-10-02T00:00:00Z","Canceled","Continuous","Public","One-Time","All Upfront",1.0,"2024-10-01T00:00:00Z","2024-09-01T00:00:00Z",3036.455995,"Savings Plan","Hours","contract-938635","2024-10-01T00:00:00Z","2024-09-01T00:00:00Z","Google","USD",2947.267295,"Google"
"USD","{}","Discount","Spend",4883.664422,"2024-08-30T00:00:00Z","ContractCommitmentDescription 1083",4303.228285,"Committed Use Discount","Hourly","contractcommitment-152326","2024-10-04T00:00:00Z","Active","Continuous","Public","One-Time","All Upfront",1.0,"2024-10-01T00:00:00Z","2024-09-01T00:00:00Z",7688.853782,"Reserved Instance","Hours","contract-847841","2024-10-01T00:00:00Z","2024-09-01T00:00:00Z","Oracle","USD",2706.688951,"Oracle"
"USD","{}","Entitlement","Spend",4731.777678,"2024-08-18T00:00:00Z","ContractCommitmentDescription 6810",2487.285049,"Committed Use Discount","Annually","contractcommitment-543089","2024-10-10T00:00:00Z","Exhausted","Continuous","Public","One-Time","All Upfront",1.0,"2024-10-01T00:00:00Z","2024-09-01T00:00:00Z",5639.076116,"Committed Use Discount","Hours","contract-943453","2024-10-01T00:00:00Z","2024-09-01T00:00:00Z","Microsoft","USD",5781.674172,"Microsoft"
"USD","{}","Entitlement","Usage",3049.960962,"2024-08-23T00:00:00Z","ContractCommitmentDescription 5871",5666.650901,"Committed Use Discount","Total Term","contractcommitment-672344","2024-10-03T00:00:00Z","Pending","Discontinuous","Public","One-Time","No Upfront",0.0,"2024-10-01T00:00:00Z","2024-09-01T00:00:00Z",6941.333883,"Committed Use Discount","Hours","contract-591130","2024-10-01T00:00:00Z","2024-09-01T00:00:00Z","Microsoft","USD",3541.938471,"Microsoft"
"USD","{}","Discount","Usage",884.289872,"2024-08-18T00:00:00Z","ContractCommitmentDescription 3303",6152.085506,"Savings Plan","Monthly","contractcommitment-708512","2024-10-07T00:00:00Z","Expired","Discontinuous","Negotiated","One-Time","All Upfront",1.0,"2024-10-01T00:00:00Z","2024-09-01T00:00:00Z",8778.052352,"Reserved Instance","Hours","contract-232053","2024-10-01T00:00:00Z","2024-09-01T00:00:00Z","Oracle","USD",4029.42126,"Oracle"
"USD","{}","Discount","Spend",2701.748448,"2024-08-17T00:00:00Z","ContractCommitmentDescription 2753",3334.834545,"Reserved Instance","Quarterly","contractcommitment-692910","2024-10-09T00:00:00Z","Exhausted","Discontinuous","Negotiated","One-Time","All Upfront",1.0,"2024-10-01T00:00:00Z","2024-09-01T00:00:00Z",5108.208711,"Committed Use Discount","Hours","contract-835652","2024-10-01T00:00:00Z","2024-09-01T00:00:00Z","AWS","USD",2050.644496,"AWS"
"USD","{}","Entitlement","Usage",6282.394626,"2024-08-14T00:00:00Z","ContractCommitmentDescription 1105",8056.168443,"Committed Use Discount","Monthly","contractcommitment-220280","2024-10-08T00:00:00Z","Proposed","Continuous","Negotiated","Annual","No Upfront",0.0,"2024-10-01T00:00:00Z","2024-09-01T00:00:00Z",2472.06086,"Reserved Instance","Hours","contract-125854","2024-10-01T00:00:00Z","2024-09-01T00:00:00Z","Microsoft","USD",8327.264525,"Microsoft"
"USD","{}","Other","Usage",9826.962664,"2024-08-19T00:00:00Z","ContractCommitmentDescription 4849",8417.208034,"Committed Use Discount","Quarterly","contractcommitment-961600","2024-10-01T00:00:00Z","Expired","Discontinuous","Negotiated","Semi-Annual","No Upfront",0.0,"2024-10-01T00:00:00Z","2024-09-01T00:00:00Z",1848.07853,"Committed Use Discount","Hours","contract-279071","2024-10-01T00:00:00Z","2024-09-01T00:00:00Z","Oracle","USD",5115.14997,"Oracle"
"USD","{}","Discount","Usage",3673.394074,"2024-08-16T00:00:00Z","ContractCommitmentDescription 5508",3911.892204,"Committed Use Discount","Daily","contractcommitment-586501","2024-10-08T00:00:00Z","Exhausted","Discontinuous","Negotiated","One-Time","Partial Upfront",4570.822799,"2024-10-01T00:00:00Z","2024-09-01T00:00:00Z",5642.090841,"Reserved Instance","Hours","contract-135739","2024-10-01T00:00:00Z","2024-09-01T00:00:00Z","Microsoft","USD",6451.089878,"Microsoft"
"USD","{}","Other","Usage",91.200619,"2024-08-30T00:00:00Z","ContractCommitmentDescription 3593",3577.476628,"Committed Use Discount","Monthly","contractcommitment-465779","2024-10-06T00:00:00Z","Canceled","Discontinuous","Negotiated","One-Time","All Upfront",1.0,"2024-10-01T00:00:00Z","2024-09-01T00:00:00Z",6559.333855,"Committed Use Discount","Hours","contract-581801","2024-10-01T00:00:00Z","2024-09-01T00:00:00Z","Oracle","USD",7151.823331,"Oracle"
"USD","{}","Discount","Usage",3765.227345,"2024-08-23T00:00:00Z","ContractCommitmentDescription 8729",6058.41798,"Reserved Instance","Custom","contractcommitment-842916","2024-10-11T00:00:00Z","Expired","Discontinuous","Negotiated","Custom","Partial Upfront",5888.520997,"2024-10-01T00:00:00Z","2024-09-01T00:00:00Z",5807.247188,"Committed Use Discount","Hours","contract-170852","2024-10-01T00:00:00Z","2024-09-01T00:00:00Z","Microsoft","USD",449.291321,"Microsoft"
"USD","{}","Other","Usage",7599.092814,"2024-08-24T00:00:00Z","ContractCommitmentDescription 4876",1054.318093,"Reserved Instance","Annually","contractcommitment-892528","2024-10-02T00:00:00Z","Exhausted","Continuous","Negotiated","Annual","Partial Upfront",1144.737828,"2024-10-01T00:00:00Z","2024-09-01T00:00:00Z",8468.018528,"Reserved Instance","Hours","contract-900432","2024-10-01T00:00:00Z","2024-09-01T00:00:00Z","Microsoft","USD",3743.221134,"Microsoft"
"USD","{}","Other","Usage",1332.166418,"2024-08-26T00:00:00Z","ContractCommitmentDescription 4272",1957.179476,"Savings Plan","Total Term","contractcommitment-811824","2024-10-06T00:00:00Z","Active","Continuous","Negotiated","Custom","No Upfront",0.0,"2024-10-01T00:00:00Z","2024-09-01T00:00:00Z",5285.294489,"Reserved Instance","Hours","contract-710384","2024-10-01T00:00:00Z","2024-09-01T00:00:00Z","AWS","USD",242.43054,"AWS"
"USD","{}","Availability","Usage",5682.950284,"2024-08-25T00:00:00Z","ContractCommitmentDescription 2179",NULL,"Committed Use Discount","Transactional","contractcommitment-620277","2024-10-01T00:00:00Z","Pending","Continuous","Public","Annual","Partial Upfront",3564.851926,"2024-10-01T00:00:00Z","2024-09-01T00:00:00Z",8997.557577,"Reserved Instance","Hours","contract-560197","2024-10-01T00:00:00Z","2024-09-01T00:00:00Z","AWS","USD",4275.117489,"AWS"
"USD","{}","Availability","Spend",1179.274954,"2024-08-29T00:00:00Z","ContractCommitmentDescription 4777",NULL,"Committed Use Discount","Semi-Annually","contractcommitment-123637","2024-10-10T00:00:00Z","Pending","Discontinuous","Public","One-Time","All Upfront",1.0,"2024-10-01T00:00:00Z","2024-09-01T00:00:00Z",8724.425351,"Reserved Instance","Hours","contract-178409","2024-10-01T00:00:00Z","2024-09-01T00:00:00Z","Oracle","USD",5344.238101,"Oracle"
"USD","{}","Other","Spend",5459.416188,"2024-08-15T00:00:00Z","ContractCommitmentDescription 2816",5827.725118,"Savings Plan","Hourly","contractcommitment-133842","2024-10-10T00:00:00Z","Active","Discontinuous","Public","Monthly","Partial Upfront",8880.280313,"2024-10-01T00:00:00Z","2024-09-01T00:00:00Z",593.91969,"Reserved Instance","Hours","contract-956437","2024-10-01T00:00:00Z","2024-09-01T00:00:00Z","Microsoft","USD",7338.726694,"Microsoft"
"USD","{}","Discount","Usage",9810.560425,"2024-08-24T00:00:00Z","ContractCommitmentDescription 7819",5981.476287,"Committed Use Discount","Daily","contractcommitment-678211","2024-10-08T00:00:00Z","Exhausted","Continuous","Public","Custom","No Upfront",0.0,"2024-10-01T00:00:00Z","2024-09-01T00:00:00Z",4965.967201,"Reserved Instance","Hours","contract-552476","2024-10-01T00:00:00Z","2024-09-01T00:00:00Z","AWS","USD",4775.925897,"AWS"
"USD","{}","Other","Spend",5524.9596,"2024-08-31T00:00:00Z","ContractCommitmentDescription 1854",3871.2479,"Savings Plan","Weekly","contractcommitment-550592","2024-10-01T00:00:00Z","Canceled","Discontinuous","Negotiated","One-Time","Partial Upfront",1179.925568,"2024-10-01T00:00:00Z","2024-09-01T00:00:00Z",6156.532018,"Savings Plan","Hours","contract-303052","2024-10-01T00:00:00Z","2024-09-01T00:00:00Z","Microsoft","USD",3431.256371,"Microsoft"
"USD","{}","Discount","Spend",4130.654838,"2024-08-24T00:00:00Z","ContractCommitmentDescription 9785",5680.486116,"Reserved Instance","Monthly","contractcommitment-952095","2024-10-04T00:00:00Z","Proposed","Continuous","Negotiated","Monthly","Partial Upfront",1805.934778,"2024-10-01T00:00:00Z","2024-09-01T00:00:00Z",437.194281,"Savings Plan","Hours","contract-406616","2024-10-01T00:00:00Z","2024-09-01T00:00:00Z","AWS","USD",1297.162444,"AWS"
"USD","{}","Discount","Spend",2501.988555,"2024-08-16T00:00:00Z","ContractCommitmentDescription 9907",2058.609612,"Committed Use Discount","Semi-Annually","contractcommitment-330987","2024-10-11T00:00:00Z","Exhausted","Discontinuous","Public","Annual","Partial Upfront",8689.709429,"2024-10-01T00:00:00Z","2024-09-01T00:00:00Z",2442.057917,"Savings Plan","Hours","contract-831666","2024-10-01T00:00:00Z","2024-09-01T00:00:00Z","Oracle","USD",5414.191745,"Oracle"
"USD","{}","Other","Usage",784.460768,"2024-08-30T00:00:00Z","ContractCommitmentDescription 3246",8414.253516,"Committed Use Discount","Monthly","contractcommitment-419751","2024-10-06T00:00:00Z","Canceled","Continuous","Negotiated","One-Time","All Upfront",1.0,"2024-10-01T00:00:00Z","2024-09-01T00:00:00Z",1419.612321,"Reserved Instance","Hours","contract-781478","2024-10-01T00:00:00Z","2024-09-01T00:00:00Z","AWS","USD",7641.919811,"AWS"
"USD","{}","Availability","Usage",3004.128473,"2024-08-31T00:00:00Z","ContractCommitmentDescription 2384",NULL,"Committed Use Discount","Annually","contractcommitment-619419","2024-10-08T00:00:00Z","Proposed","Discontinuous","Public","Semi-Annual","No Upfront",0.0,"2024-10-01T00:00:00Z","2024-09-01T00:00:00Z",3793.269782,"Committed Use Discount","Hours","contract-658358","2024-10-01T00:00:00Z","2024-09-01T00:00:00Z","AWS","USD",522.596513,"AWS"
"USD","{}","Availability","Usage",8102.436867,"2024-08-30T00:00:00Z","ContractCommitmentDescription 4547",NULL,"Savings Plan","Custom","contractcommitment-555161","2024-10-09T00:00:00Z","Superseded","Discontinuous","Negotiated","One-Time","All Upfront",1.0,"2024-10-01T00:00:00Z","2024-09-01T00:00:00Z",7212.970252,"Committed Use Discount","Hours","contract-660737","2024-10-01T00:00:00Z","2024-09-01T00:00:00Z","Google","USD",4635.025369,"Google"
"USD","{}","Entitlement","Spend",9077.125938,"2024-08-26T00:00:00Z","ContractCommitmentDescription 5598",7995.889238,"Savings Plan","Daily","contractcommitment-362073","2024-10-07T00:00:00Z","Superseded","Discontinuous","Public","Annual","Partial Upfront",386.062087,"2024-10-01T00:00:00Z","2024-09-01T00:00:00Z",2742.698816,"Savings Plan","Hours","contract-920433","2024-10-01T00:00:00Z","2024-09-01T00:00:00Z","Google","USD",6530.311093,"Google"
"USD","{}","Availability","Usage",8475.926681,"2024-08-28T00:00:00Z","ContractCommitmentDescription 8271",NULL,"Savings Plan","Hourly","contractcommitment-589097","2024-10-05T00:00:00Z","Proposed","Discontinuous","Public","One-Time","All Upfront",1.0,"2024-10-01T00:00:00Z","2024-09-01T00:00:00Z",585.84836,"Reserved Instance","Hours","contract-739975","2024-10-01T00:00:00Z","2024-09-01T00:00:00Z","AWS","USD",5514.478707,"AWS"
"USD","{}","Availability","Usage",1272.224801,"2024-08-17T00:00:00Z","ContractCommitmentDescription 3858",NULL,"Committed Use Discount","Hourly","contractcommitment-343974","2024-10-03T00:00:00Z","Proposed","Continuous","Negotiated","One-Time","All Upfront",1.0,"2024-10-01T00:00:00Z","2024-09-01T00:00:00Z",5798.907155,"Reserved Instance","Hours","contract-163766","2024-10-01T00:00:00Z","2024-09-01T00:00:00Z","AWS","USD",9517.037922,"AWS"
"USD","{}","Discount","Spend",3497.296505,"2024-08-23T00:00:00Z","ContractCommitmentDescription 2269",5069.379393,"Reserved Instance","Transactional","contractcommitment-181212","2024-10-01T00:00:00Z","Pending","Continuous","Public","Annual","Partial Upfront",8291.37853,"2024-10-01T00:00:00Z","2024-09-01T00:00:00Z",6810.16262,"Reserved Instance","Hours","contract-396835","2024-10-01T00:00:00Z","2024-09-01T00:00:00Z","Google","USD",1430.794822,"Google"
"USD","{}","Availability","Usage",9424.795506,"2024-08-12T00:00:00Z","ContractCommitmentDescription 5817",NULL,"Reserved Instance","Semi-Annually","contractcommitment-146777","2024-10-06T00:00:00Z","Active","Continuous","Negotiated","One-Time","All Upfront",1.0,"2024-10-01T00:00:00Z","2024-09-01T00:00:00Z",3131.057658,"Committed Use Discount","Hours","contract-921524","2024-10-01T00:00:00Z","2024-09-01T00:00:00Z","Google","USD",5814.864987,"Google"
"USD","{}","Entitlement","Usage",7626.118362,"2024-08-25T00:00:00Z","ContractCommitmentDescription 2285",9551.793492,"Reserved Instance","Custom","contractcommitment-627953","2024-10-07T00:00:00Z","Expired","Discontinuous","Negotiated","Annual","No Upfront",0.0,"2024-10-01T00:00:00Z","2024-09-01T00:00:00Z",6591.977591,"Committed Use Discount","Hours","contract-432335","2024-10-01T00:00:00Z","2024-09-01T00:00:00Z","Google","USD",2691.827207,"Google"
"USD","{}","Entitlement","Usage",3148.163762,"2024-08-24T00:00:00Z","ContractCommitmentDescription 2890",6930.731329,"Savings Plan","Annually","contractcommitment-479459","2024-10-06T00:00:00Z","Proposed","Discontinuous","Negotiated","One-Time","All Upfront",1.0,"2024-10-01T00:00:00Z","2024-09-01T00:00:00Z",2303.498346,"Savings Plan","Hours","contract-696998","2024-10-01T00:00:00Z","2024-09-01T00:00:00Z","Google","USD",8278.211044,"Google"
"USD","{}","Entitlement","Usage",7958.55949,"2024-08-14T00:00:00Z","ContractCommitmentDescription 6596",3138.443389,"Reserved Instance","Annually","contractcommitment-541474","2024-10-04T00:00:00Z","Expired","Continuous","Public","Custom","No Upfront",0.0,"2024-10-01T00:00:00Z","2024-09-01T00:00:00Z",8764.05697,"Reserved Instance","Hours","contract-226656","2024-10-01T00:00:00Z","2024-09-01T00:00:00Z","Microsoft","USD",4186.256026,"Microsoft"
"USD","{}","Discount","Spend",9899.334838,"2024-08-28T00:00:00Z","ContractCommitmentDescription 3168",5148.970922,"Committed Use Discount","Annually","contractcommitment-542875","2024-10-03T00:00:00Z","Active","Continuous","Public","One-Time","All Upfront",1.0,"2024-10-01T00:00:00Z","2024-09-01T00:00:00Z",2933.918917,"Savings Plan","Hours","contract-720209","2024-10-01T00:00:00Z","2024-09-01T00:00:00Z","Oracle","USD",6087.574409,"Oracle"
"USD","{}","Other","Usage",7406.974795,"2024-08-30T00:00:00Z","ContractCommitmentDescription 8138",2892.911416,"Savings Plan","Weekly","contractcommitment-869070","2024-10-02T00:00:00Z","Pending","Continuous","Negotiated","One-Time","All Upfront",1.0,"2024-10-01T00:00:00Z","2024-09-01T00:00:00Z",6739.070911,"Savings Plan","Hours","contract-436002","2024-10-01T00:00:00Z","2024-09-01T00:00:00Z","AWS","USD",4385.87041,"AWS"
"USD","{}","Availability","Spend",5641.313383,"2024-08-28T00:00:00Z","ContractCommitmentDescription 9604",NULL,"Savings Plan","Quarterly","contractcommitment-438480","2024-10-04T00:00:00Z","Exhausted","Discontinuous","Negotiated","Monthly","No Upfront",0.0,"2024-10-01T00:00:00Z","2024-09-01T00:00:00Z",7346.257484,"Committed Use Discount","Hours","contract-551451","2024-10-01T00:00:00Z","2024-09-01T00:00:00Z","Google","USD",5191.349706,"Google"
"USD","{}","Discount","Usage",2738.485,"2024-08-28T00:00:00Z","ContractCommitmentDescription 8191",2236.33363,"Reserved Instance","Quarterly","contractcommitment-372031","2024-10-06T00:00:00Z","Expired","Continuous","Negotiated","Custom","Partial Upfront",1410.031251,"2024-10-01T00:00:00Z","2024-09-01T00:00:00Z",2068.431121,"Committed Use Discount","Hours","contract-128678","2024-10-01T00:00:00Z","2024-09-01T00:00:00Z","Google","USD",5983.915396,"Google"
"USD","{}","Other","Spend",3695.405588,"2024-08-14T00:00:00Z","ContractCommitmentDescription 5617",9418.059584,"Committed Use Discount","Annually","contractcommitment-867651","2024-10-09T00:00:00Z","Exhausted","Continuous","Public","Quarterly","No Upfront",0.0,"2024-10-01T00:00:00Z","2024-09-01T00:00:00Z",9191.836703,"Reserved Instance","Hours","contract-553263","2024-10-01T00:00:00Z","2024-09-01T00:00:00Z","AWS","USD",4932.555501,"AWS"
"USD","{}","Discount","Spend",7273.615902,"2024-08-27T00:00:00Z","ContractCommitmentDescription 6359",1567.271911,"Savings Plan","Quarterly","contractcommitment-575491","2024-10-05T00:00:00Z","Canceled","Continuous","Public","One-Time","Partial Upfront",1004.388029,"2024-10-01T00:00:00Z","2024-09-01T00:00:00Z",7051.036864,"Committed Use Discount","Hours","contract-299647","2024-10-01T00:00:00Z","2024-09-01T00:00:00Z","AWS","USD",8414.310408,"AWS"
"USD","{}","Other","Spend",6733.476311,"2024-08-31T00:00:00Z","ContractCommitmentDescription 5346",4701.154094,"Savings Plan","Weekly","contractcommitment-869194","2024-10-04T00:00:00Z","Exhausted","Discontinuous","Negotiated","One-Time","All Upfront",1.0,"2024-10-01T00:00:00Z","2024-09-01T00:00:00Z",9508.327582,"Committed Use Discount","Hours","contract-103353","2024-10-01T00:00:00Z","2024-09-01T00:00:00Z","AWS","USD",4343.187814,"AWS"
"USD","{}","Entitlement","Spend",4181.593484,"2024-08-14T00:00:00Z","ContractCommitmentDescription 5310",6133.782221,"Committed Use Discount","Custom","contractcommitment-346117","2024-10-10T00:00:00Z","Canceled","Discontinuous","Public","One-Time","All Upfront",1.0,"2024-10-01T00:00:00Z","2024-09-01T00:00:00Z",8778.896503,"Reserved Instance","Hours","contract-800423","2024-10-01T00:00:00Z","2024-09-01T00:00:00Z","Oracle","USD",4850.599504,"Oracle"
"USD","{}","Availability","Spend",2189.305284,"2024-08-12T00:00:00Z","ContractCommitmentDescription 5706",NULL,"Savings Plan","Semi-Annually","contractcommitment-359413","2024-10-06T00:00:00Z","Canceled","Discontinuous","Negotiated","Monthly","Partial Upfront",9563.155273,"2024-10-01T00:00:00Z","2024-09-01T00:00:00Z",6606.128597,"Savings Plan","Hours","contract-839056","2024-10-01T00:00:00Z","2024-09-01T00:00:00Z","Oracle","USD",1280.578656,"Oracle"
"USD","{}","Entitlement","Spend",2909.302359,"2024-08-16T00:00:00Z","ContractCommitmentDescription 9314",2151.061735,"Savings Plan","Hourly","contractcommitment-689569","2024-10-10T00:00:00Z","Superseded","Discontinuous","Public","Custom","Partial Upfront",4112.290844,"2024-10-01T00:00:00Z","2024-09-01T00:00:00Z",8090.305436,"Savings Plan","Hours","contract-373363","2024-10-01T00:00:00Z","2024-09-01T00:00:00Z","Oracle","USD",9123.687301,"Oracle"
"USD","{}","Discount","Usage",4476.363466,"2024-08-16T00:00:00Z","ContractCommitmentDescription 4625",5725.056967,"Reserved Instance","Transactional","contractcommitment-316217","2024-10-04T00:00:00Z","Superseded","Continuous","Public","One-Time","All Upfront",1.0,"2024-10-01T00:00:00Z","2024-09-01T00:00:00Z",9502.785632,"Reserved Instance","Hours","contract-194636","2024-10-01T00:00:00Z","2024-09-01T00:00:00Z","Google","USD",7804.335259,"Google"
"USD","{}","Discount","Spend",3620.977516,"2024-08-20T00:00:00Z","ContractCommitmentDescription 4251",9852.172968,"Committed Use Discount","Annually","contractcommitment-852689","2024-10-09T00:00:00Z","Pending","Discontinuous","Negotiated","Quarterly","Partial Upfront",4133.952798,"2024-10-01T00:00:00Z","2024-09-01T00:00:00Z",5529.5117,"Reserved Instance","Hours","contract-137827","2024-10-01T00:00:00Z","2024-09-01T00:00:00Z","Google","USD",8454.819621,"Google"
"USD","{}","Entitlement","Usage",3014.664354,"2024-08-15T00:00:00Z","ContractCommitmentDescription 4768",6315.555034,"Committed Use Discount","Monthly","contractcommitment-135418","2024-10-07T00:00:00Z","Active","Continuous","Public","Custom","Partial Upfront",1311.931895,"2024-10-01T00:00:00Z","2024-09-01T00:00:00Z",7405.257365,"Savings Plan","Hours","contract-180244","2024-10-01T00:00:00Z","2024-09-01T00:00:00Z","AWS","USD",738.902428,"AWS"
"USD","{}","Entitlement","Spend",7358.733981,"2024-08-31T00:00:00Z","ContractCommitmentDescription 7408",1942.840802,"Committed Use Discount","Quarterly","contractcommitment-922892","2024-10-01T00:00:00Z","Active","Discontinuous","Negotiated","Quarterly","Partial Upfront",4589.056388,"2024-10-01T00:00:00Z","2024-09-01T00:00:00Z",996.792187,"Committed Use Discount","Hours","contract-494873","2024-10-01T00:00:00Z","2024-09-01T00:00:00Z","Oracle","USD",2912.386539,"Oracle"
"USD","{}","Other","Usage",9076.657571,"2024-08-24T00:00:00Z","ContractCommitmentDescription 9736",5065.935049,"Savings Plan","Hourly","contractcommitment-621178","2024-10-07T00:00:00Z","Canceled","Discontinuous","Public","One-Time","All Upfront",1.0,"2024-10-01T00:00:00Z","2024-09-01T00:00:00Z",2240.608601,"Reserved Instance","Hours","contract-908667","2024-10-01T00:00:00Z","2024-09-01T00:00:00Z","AWS","USD",2321.155477,"AWS"
"USD","{}","Availability","Usage",1437.712596,"2024-08-16T00:00:00Z","ContractCommitmentDescription 2370",NULL,"Reserved Instance","Monthly","contractcommitment-613604","2024-10-10T00:00:00Z","Expired","Continuous","Negotiated","Monthly","Partial Upfront",6164.884704,"2024-10-01T00:00:00Z","2024-09-01T00:00:00Z",4735.146576,"Committed Use Discount","Hours","contract-161795","2024-10-01T00:00:00Z","2024-09-01T00:00:00Z","Google","USD",7674.08479,"Google"
"USD","{}","Discount","Usage",6889.976007,"2024-08-18T00:00:00Z","ContractCommitmentDescription 7660",8714.27916,"Savings Plan","Monthly","contractcommitment-891714","2024-10-05T00:00:00Z","Expired","Discontinuous","Public","One-Time","All Upfront",1.0,"2024-10-01T00:00:00Z","2024-09-01T00:00:00Z",4613.720306,"Savings Plan","Hours","contract-681757","2024-10-01T00:00:00Z","2024-09-01T00:00:00Z","Google","USD",8586.529101,"Google"
"USD","{}","Entitlement","Spend",1620.931143,"2024-08-28T00:00:00Z","ContractCommitmentDescription 2990",1661.969736,"Savings Plan","Daily","contractcommitment-140959","2024-10-07T00:00:00Z","Exhausted","Discontinuous","Negotiated","One-Time","All Upfront",1.0,"2024-10-01T00:00:00Z","2024-09-01T00:00:00Z",7489.934331,"Committed Use Discount","Hours","contract-518807","2024-10-01T00:00:00Z","2024-09-01T00:00:00Z","AWS","USD",92.585258,"AWS"
"USD","{}","Availability","Usage",5638.103832,"2024-08-18T00:00:00Z","ContractCommitmentDescription 3718",NULL,"Committed Use Discount","Monthly","contractcommitment-941811","2024-10-05T00:00:00Z","Expired","Discontinuous","Public","Semi-Annual","Partial Upfront",2106.17132,"2024-10-01T00:00:00Z","2024-09-01T00:00:00Z",3301.771725,"Committed Use Discount","Hours","contract-272216","2024-10-01T00:00:00Z","2024-09-01T00:00:00Z","AWS","USD",5243.784541,"AWS"
"USD","{}","Entitlement","Usage",670.480132,"2024-08-31T00:00:00Z","ContractCommitmentDescription 1091",3118.405096,"Reserved Instance","Monthly","contractcommitment-827759","2024-10-06T00:00:00Z","Proposed","Discontinuous","Public","One-Time","No Upfront",0.0,"2024-10-01T00:00:00Z","2024-09-01T00:00:00Z",5944.54461,"Reserved Instance","Hours","contract-767254","2024-10-01T00:00:00Z","2024-09-01T00:00:00Z","Oracle","USD",5591.560892,"Oracle"
"USD","{}","Availability","Usage",8207.544305,"2024-08-20T00:00:00Z","ContractCommitmentDescription 7982",NULL,"Savings Plan","Semi-Annually","contractcommitment-754836","2024-10-11T00:00:00Z","Superseded","Discontinuous","Public","One-Time","All Upfront",1.0,"2024-10-01T00:00:00Z","2024-09-01T00:00:00Z",2025.881117,"Committed Use Discount","Hours","contract-207978","2024-10-01T00:00:00Z","2024-09-01T00:00:00Z","Microsoft","USD",7306.580783,"Microsoft"
"USD","{}","Entitlement","Usage",3301.6019,"2024-08-26T00:00:00Z","ContractCommitmentDescription 5542",9666.588888,"Committed Use Discount","Custom","contractcommitment-800969","2024-10-05T00:00:00Z","Exhausted","Continuous","Negotiated","One-Time","No Upfront",0.0,"2024-10-01T00:00:00Z","2024-09-01T00:00:00Z",913.382689,"Committed Use Discount","Hours","contract-250295","2024-10-01T00:00:00Z","2024-09-01T00:00:00Z","Google","USD",1648.183873,"Google"
"USD","{}","Other","Usage",6648.422291,"2024-08-21T00:00:00Z","ContractCommitmentDescription 6359",3025.583215,"Reserved Instance","Monthly","contractcommitment-687354","2024-10-02T00:00:00Z","Exhausted","Discontinuous","Public","Custom","Partial Upfront",3549.91632,"2024-10-01T00:00:00Z","2024-09-01T00:00:00Z",8386.494258,"Savings Plan","Hours","contract-181998","2024-10-01T00:00:00Z","2024-09-01T00:00:00Z","AWS","USD",8832.856089,"AWS"
"USD","{}","Entitlement","Usage",5604.858655,"2024-08-26T00:00:00Z","ContractCommitmentDescription 9029",6950.997545,"Savings Plan","Daily","contractcommitment-685005","2024-10-11T00:00:00Z","Exhausted","Discontinuous","Negotiated","One-Time","Partial Upfront",8553.723132,"2024-10-01T00:00:00Z","2024-09-01T00:00:00Z",7707.447832,"Savings Plan","Hours","contract-324164","2024-10-01T00:00:00Z","2024-09-01T00:00:00Z","Microsoft","USD",6169.74194,"Microsoft"
"USD","{}","Discount","Spend",4420.805675,"2024-08-19T00:00:00Z","ContractCommitmentDescription 9618",1948.886067,"Committed Use Discount","Quarterly","contractcommitment-444406","2024-10-06T00:00:00Z","Proposed","Discontinuous","Public","Annual","No Upfront",0.0,"2024-10-01T00:00:00Z","2024-09-01T00:00:00Z",335.281912,"Savings Plan","Hours","contract-517641","2024-10-01T00:00:00Z","2024-09-01T00:00:00Z","Microsoft","USD",439.173877,"Microsoft"
"USD","{}","Discount","Usage",9972.315774,"2024-08-23T00:00:00Z","ContractCommitmentDescription 8446",4903.004853,"Savings Plan","Transactional","contractcommitment-946652","2024-10-11T00:00:00Z","Proposed","Continuous","Public","One-Time","All Upfront",1.0,"2024-10-01T00:00:00Z","2024-09-01T00:00:00Z",1531.917505,"Committed Use Discount","Hours","contract-992278","2024-10-01T00:00:00Z","2024-09-01T00:00:00Z","Google","USD",1316.482058,"Google"
"USD","{}","Discount","Usage",974.754606,"2024-08-28T00:00:00Z","ContractCommitmentDescription 9914",2774.781658,"Reserved Instance","Custom","contractcommitment-873276","2024-10-01T00:00:00Z","Proposed","Discontinuous","Public","Custom","No Upfront",0.0,"2024-10-01T00:00:00Z","2024-09-01T00:00:00Z",5868.474895,"Savings Plan","Hours","contract-114859","2024-10-01T00:00:00Z","2024-09-01T00:00:00Z","Oracle","USD",9405.451615,"Oracle"
"USD","{}","Entitlement","Spend",7289.570664,"2024-08-18T00:00:00Z","ContractCommitmentDescription 2375",1725.852299,"Reserved Instance","Quarterly","contractcommitment-738088","2024-10-11T00:00:00Z","Pending","Discontinuous","Negotiated","One-Time","All Upfront",1.0,"2024-10-01T00:00:00Z","2024-09-01T00:00:00Z",9410.899356,"Savings Plan","Hours","contract-687789","2024-10-01T00:00:00Z","2024-09-01T00:00:00Z","Oracle","USD",3506.847778,"Oracle"
"USD","{}","Other","Spend",1162.616902,"2024-08-17T00:00:00Z","ContractCommitmentDescription 2483",1825.009713,"Reserved Instance","Weekly","contractcommitment-432924","2024-10-10T00:00:00Z","Expired","Continuous","Negotiated","One-Time","No Upfront",0.0,"2024-10-01T00:00:00Z","2024-09-01T00:00:00Z",4603.490985,"Committed Use Discount","Hours","contract-422733","2024-10-01T00:00:00Z","2024-09-01T00:00:00Z","Google","USD",8373.083225,"Google"
"USD","{}","Availability","Spend",2789.633955,"2024-08-27T00:00:00Z","ContractCommitmentDescription 6169",NULL,"Reserved Instance","Quarterly","contractcommitment-308902","2024-10-05T00:00:00Z","Pending","Discontinuous","Public","Custom","Partial Upfront",2645.451433,"2024-10-01T00:00:00Z","2024-09-01T00:00:00Z",4898.856607,"Committed Use Discount","Hours","contract-465805","2024-10-01T00:00:00Z","2024-09-01T00:00:00Z","Microsoft","USD",7723.705444,"Microsoft"
"USD","{}","Entitlement","Spend",9937.556364,"2024-08-26T00:00:00Z","ContractCommitmentDescription 8108",3469.215307,"Committed Use Discount","Quarterly","contractcommitment-317523","2024-10-01T00:00:00Z","Active","Discontinuous","Negotiated","Annual","No Upfront",0.0,"2024-10-01T00:00:00Z","2024-09-01T00:00:00Z",4676.881974,"Reserved Instance","Hours","contract-642145","2024-10-01T00:00:00Z","2024-09-01T00:00:00Z","Oracle","USD",6583.321812,"Oracle"
"USD","{}","Availability","Usage",5637.694253,"2024-08-16T00:00:00Z","ContractCommitmentDescription 1554",NULL,"Reserved Instance","Semi-Annually","contractcommitment-108281","2024-10-03T00:00:00Z","Pending","Discontinuous","Public","Quarterly","Partial Upfront",6478.813134,"2024-10-01T00:00:00Z","2024-09-01T00:00:00Z",1002.076878,"Savings Plan","Hours","contract-270651","2024-10-01T00:00:00Z","2024-09-01T00:00:00Z","Microsoft","USD",4668.412324,"Microsoft"
"USD","{}","Other","Usage",4735.720741,"2024-08-31T00:00:00Z","ContractCommitmentDescription 4990",2525.747696,"Savings Plan","Custom","contractcommitment-454291","2024-10-08T00:00:00Z","Exhausted","Discontinuous","Public","One-Time","No Upfront",0.0,"2024-10-01T00:00:00Z","2024-09-01T00:00:00Z",9008.655245,"Committed Use Discount","Hours","contract-541435","2024-10-01T00:00:00Z","2024-09-01T00:00:00Z","Microsoft","USD",4258.942289,"Microsoft"
"USD","{}","Entitlement","Spend",9223.535977,"2024-08-13T00:00:00Z","ContractCommitmentDescription 9586",1984.621432,"Committed Use Discount","Weekly","contractcommitment-236200","2024-10-07T00:00:00Z","Canceled","Discontinuous","Negotiated","One-Time","Partial Upfront",7928.634417,"2024-10-01T00:00:00Z","2024-09-01T00:00:00Z",1414.609462,"Savings Plan","Hours","contract-515229","2024-10-01T00:00:00Z","2024-09-01T00:00:00Z","Google","USD",1653.42081,"Google"
"USD","{}","Availability","Spend",1845.936569,"2024-08-27T00:00:00Z","ContractCommitmentDescription 4331",NULL,"Committed Use Discount","Monthly","contractcommitment-261625","2024-10-04T00:00:00Z","Canceled","Discontinuous","Negotiated","Semi-Annual","No Upfront",0.0,"2024-10-01T00:00:00Z","2024-09-01T00:00:00Z",4708.006944,"Committed Use Discount","Hours","contract-832723","2024-10-01T00:00:00Z","2024-09-01T00:00:00Z","AWS","USD",2124.918767,"AWS"
"USD","{}","Other","Spend",3183.566985,"2024-08-19T00:00:00Z","ContractCommitmentDescription 3187",3998.835591,"Savings Plan","Quarterly","contractcommitment-959613","2024-10-08T00:00:00Z","Canceled","Discontinuous","Public","Annual","No Upfront",0.0,"2024-10-01T00:00:00Z","2024-09-01T00:00:00Z",6698.766778,"Committed Use Discount","Hours","contract-332463","2024-10-01T00:00:00Z","2024-09-01T00:00:00Z","Oracle","USD",8855.881289,"Oracle"
"USD","{}","Discount","Usage",9145.860007,"2024-08-24T00:00:00Z","ContractCommitmentDescription 4769",1380.799003,"Reserved Instance","Hourly","contractcommitment-321493","2024-10-06T00:00:00Z","Active","Discontinuous","Negotiated","Quarterly","Partial Upfront",6540.44935,"2024-10-01T00:00:00Z","2024-09-01T00:00:00Z",4257.1132,"Savings Plan","Hours","contract-505605","2024-10-01T00:00:00Z","2024-09-01T00:00:00Z","Microsoft","USD",6752.729328,"Microsoft"
"USD","{}","Entitlement","Usage",6823.397764,"2024-08-30T00:00:00Z","ContractCommitmentDescription 2743",4649.227024,"Reserved Instance","Semi-Annually","contractcommitment-819391","2024-10-05T00:00:00Z","Canceled","Continuous","Public","One-Time","No Upfront",0.0,"2024-10-01T00:00:00Z","2024-09-01T00:00:00Z",5746.822097,"Savings Plan","Hours","contract-112151","2024-10-01T00:00:00Z","2024-09-01T00:00:00Z","Oracle","USD",4861.393843,"Oracle"
"USD","{}","Availability","Spend",6036.360473,"2024-08-18T00:00:00Z","ContractCommitmentDescription 8377",NULL,"Savings Plan","Semi-Annually","contractcommitment-985174","2024-10-01T00:00:00Z","Expired","Discontinuous","Negotiated","Monthly","Partial Upfront",5317.116287,"2024-10-01T00:00:00Z","2024-09-01T00:00:00Z",3834.718233,"Committed Use Discount","Hours","contract-257692","2024-10-01T00:00:00Z","2024-09-01T00:00:00Z","Oracle","USD",69.567288,"Oracle"
"USD","{}","Other","Usage",485.435982,"2024-08-25T00:00:00Z","ContractCommitmentDescription 5615",398.444468,"Savings Plan","Total Term","contractcommitment-484936","2024-10-09T00:00:00Z","Proposed","Discontinuous","Public","Semi-Annual","Partial Upfront",6749.962814,"2024-10-01T00:00:00Z","2024-09-01T00:00:00Z",7668.33751,"Reserved Instance","Hours","contract-380216","2024-10-01T00:00:00Z","2024-09-01T00:00:00Z","Google","USD",1787.281803,"Google"
"USD","{}","Availability","Spend",5957.789057,"2024-08-18T00:00:00Z","ContractCommitmentDescription 6853",NULL,"Committed Use Discount","Annually","contractcommitment-360704","2024-10-01T00:00:00Z","Pending","Continuous","Negotiated","One-Time","All Upfront",1.0,"2024-10-01T00:00:00Z","2024-09-01T00:00:00Z",4934.502947,"Savings Plan","Hours","contract-580280","2024-10-01T00:00:00Z","2024-09-01T00:00:00Z","Google","USD",6889.91961,"Google"
"USD","{}","Discount","Usage",3727.953288,"2024-08-15T00:00:00Z","ContractCommitmentDescription 3404",6093.5349,"Committed Use Discount","Daily","contractcommitment-500464","2024-10-10T00:00:00Z","Expired","Continuous","Public","One-Time","All Upfront",1.0,"2024-10-01T00:00:00Z","2024-09-01T00:00:00Z",4007.39588,"Reserved Instance","Hours","contract-856646","2024-10-01T00:00:00Z","2024-09-01T00:00:00Z","Microsoft","USD",6528.954338,"Microsoft"
"USD","{}","Availability","Usage",6155.814716,"2024-08-18T00:00:00Z","ContractCommitmentDescription 9833",NULL,"Reserved Instance","Hourly","contractcommitment-492415","2024-10-02T00:00:00Z","Expired","Discontinuous","Negotiated","Semi-Annual","Partial Upfront",7468.697927,"2024-10-01T00:00:00Z","2024-09-01T00:00:00Z",7783.089741,"Savings Plan","Hours","contract-804055","2024-10-01T00:00:00Z","2024-09-01T00:00:00Z","AWS","USD",457.42181,"AWS"
"USD","{}","Discount","Usage",2071.363406,"2024-08-26T00:00:00Z","ContractCommitmentDescription 7788",6572.127873,"Savings Plan","Quarterly","contractcommitment-584904","2024-10-11T00:00:00Z","Expired","Discontinuous","Negotiated","Monthly","No Upfront",0.0,"2024-10-01T00:00:00Z","2024-09-01T00:00:00Z",3246.088342,"Reserved Instance","Hours","contract-863535","2024-10-01T00:00:00Z","2024-09-01T00:00:00Z","Oracle","USD",7120.336042,"Oracle"
"USD","{}","Other","Usage",9298.726958,"2024-08-13T00:00:00Z","ContractCommitmentDescription 1205",3429.507192,"Savings Plan","Semi-Annually","contractcommitment-962588","2024-10-07T00:00:00Z","Exhausted","Continuous","Public","Custom","Partial Upfront",2106.373946,"2024-10-01T00:00:00Z","2024-09-01T00:00:00Z",6977.253643,"Committed Use Discount","Hours","contract-368113","2024-10-01T00:00:00Z","2024-09-01T00:00:00Z","Oracle","USD",4029.382246,"Oracle"
"USD","{}","Entitlement","Usage",3040.327303,"2024-08-16T00:00:00Z","ContractCommitmentDescription 6166",4514.99184,"Savings Plan","Hourly","contractcommitment-263473","2024-10-09T00:00:00Z","Expired","Continuous","Public","Annual","Partial Upfront",4153.929948,"2024-10-01T00:00:00Z","2024-09-01T00:00:00Z",7649.401577,"Savings Plan","Hours","contract-346120","2024-10-01T00:00:00Z","2024-09-01T00:00:00Z","AWS","USD",3752.843359,"AWS"
"USD","{}","Other","Spend",2113.051712,"2024-08-19T00:00:00Z","ContractCommitmentDescription 2812",5707.450158,"Reserved Instance","Weekly","contractcommitment-904126","2024-10-10T00:00:00Z","Superseded","Discontinuous","Public","Quarterly","No Upfront",0.0,"2024-10-01T00:00:00Z","2024-09-01T00:00:00Z",5992.48538,"Savings Plan","Hours","contract-760891","2024-10-01T00:00:00Z","2024-09-01T00:00:00Z","Microsoft","USD",1056.387772,"Microsoft"
"USD","{}","Entitlement","Usage",4948.332143,"2024-08-15T00:00:00Z","ContractCommitmentDescription 8600",2862.834247,"Savings Plan","Weekly","contractcommitment-286255","2024-10-09T00:00:00Z","Exhausted","Discontinuous","Negotiated","Annual","Partial Upfront",7629.349043,"2024-10-01T00:00:00Z","2024-09-01T00:00:00Z",6561.906127,"Committed Use Discount","Hours","contract-501975","2024-10-01T00:00:00Z","2024-09-01T00:00:00Z","Google","USD",5801.578287,"Google"
"USD","{}","Discount","Spend",1385.720418,"2024-08-18T00:00:00Z","ContractCommitmentDescription 9247",9989.098838,"Committed Use Discount","Custom","contractcommitment-867712","2024-10-07T00:00:00Z","Exhausted","Continuous","Public","Annual","No Upfront",0.0,"2024-10-01T00:00:00Z","2024-09-01T00:00:00Z",6254.951244,"Committed Use Discount","Hours","contract-488283","2024-10-01T00:00:00Z","2024-09-01T00:00:00Z","Oracle","USD",227.195154,"Oracle"
"USD","{}","Other","Usage",7230.601078,"2024-08-14T00:00:00Z","ContractCommitmentDescription 4920",1752.109935,"Committed Use Discount","Monthly","contractcommitment-438400","2024-10-09T00:00:00Z","Pending","Discontinuous","Negotiated","One-Time","No Upfront",0.0,"2024-10-01T00:00:00Z","2024-09-01T00:00:00Z",4591.92926,"Committed Use Discount","Hours","contract-353633","2024-10-01T00:00:00Z","2024-09-01T00:00:00Z","Oracle","USD",7967.535569,"Oracle"
"USD","{}","Availability","Spend",2448.63454,"2024-08-15T00:00:00Z","ContractCommitmentDescription 2144",NULL,"Reserved Instance","Annually","contractcommitment-645015","2024-10-11T00:00:00Z","Exhausted","Discontinuous","Negotiated","Semi-Annual","Partial Upfront",8833.570385,"2024-10-01T00:00:00Z","2024-09-01T00:00:00Z",5373.414466,"Committed Use Discount","Hours","contract-849484","2024-10-01T00:00:00Z","2024-09-01T00:00:00Z","Oracle","USD",237.201261,"Oracle"
"USD","{}","Discount","Usage",3994.294384,"2024-08-30T00:00:00Z","ContractCommitmentDescription 9381",6292.681966,"Savings Plan","Annually","contractcommitment-925673","2024-10-05T00:00:00Z","Proposed","Continuous","Negotiated","One-Time","All Upfront",1.0,"2024-10-01T00:00:00Z","2024-09-01T00:00:00Z",1117.837334,"Reserved Instance","Hours","contract-532949","2024-10-01T00:00:00Z","2024-09-01T00:00:00Z","Oracle","USD",6565.369989,"Oracle"
"USD","{}","Discount","Usage",6420.355714,"2024-08-24T00:00:00Z","ContractCommitmentDescription 2213",4582.420208,"Committed Use Discount","Total Term","contractcommitment-889056","2024-10-08T00:00:00Z","Pending","Discontinuous","Public","One-Time","All Upfront",1.0,"2024-10-01T00:00:00Z","2024-09-01T00:00:00Z",7873.739485,"Committed Use Discount","Hours","contract-695833","2024-10-01T00:00:00Z","2024-09-01T00:00:00Z","Microsoft","USD",2752.989798,"Microsoft"
"USD","{}","Discount","Spend",8801.705939,"2024-08-27T00:00:00Z","ContractCommitmentDescription 6942",7138.031296,"Savings Plan","Weekly","contractcommitment-695213","2024-10-03T00:00:00Z","Canceled","Discontinuous","Public","Custom","Partial Upfront",6732.787139,"2024-10-01T00:00:00Z","2024-09-01T00:00:00Z",1544.412877,"Committed Use Discount","Hours","contract-253643","2024-10-01T00:00:00Z","2024-09-01T00:00:00Z","AWS","USD",6074.49422,"AWS"
"USD","{}","Entitlement","Usage",1483.633636,"2024-08-23T00:00:00Z","ContractCommitmentDescription 1197",2594.211725,"Committed Use Discount","Transactional","contractcommitment-881668","2024-10-11T00:00:00Z","Superseded","Discontinuous","Public","Annual","No Upfront",0.0,"2024-10-01T00:00:00Z","2024-09-01T00:00:00Z",6438.515198,"Committed Use Discount","Hours","contract-429563","2024-10-01T00:00:00Z","2024-09-01T00:00:00Z","Oracle","USD",5233.374191,"Oracle"
"USD","{}","Other","Spend",4839.984245,"2024-08-16T00:00:00Z","ContractCommitmentDescription 7223",142.325958,"Reserved Instance","Semi-Annually","contractcommitment-335746","2024-10-11T00:00:00Z","Active","Continuous","Negotiated","Monthly","Partial Upfront",6086.412354,"2024-10-01T00:00:00Z","2024-09-01T00:00:00Z",7287.618204,"Reserved Instance","Hours","contract-473818","2024-10-01T00:00:00Z","2024-09-01T00:00:00Z","Oracle","USD",4987.902452,"Oracle"
"USD","{}","Discount","Usage",6264.020286,"2024-08-15T00:00:00Z","ContractCommitmentDescription 6398",5074.165021,"Savings Plan","Transactional","contractcommitment-660730","2024-10-04T00:00:00Z","Superseded","Continuous","Negotiated","One-Time","All Upfront",1.0,"2024-10-01T00:00:00Z","2024-09-01T00:00:00Z",2446.922455,"Committed Use Discount","Hours","contract-823201","2024-10-01T00:00:00Z","2024-09-01T00:00:00Z","AWS","USD",9363.334376,"AWS"
"USD","{}","Availability","Usage",913.591962,"2024-08-24T00:00:00Z","ContractCommitmentDescription 4113",NULL,"Reserved Instance","Weekly","contractcommitment-647941","2024-10-08T00:00:00Z","Active","Continuous","Negotiated","Monthly","No Upfront",0.0,"2024-10-01T00:00:00Z","2024-09-01T00:00:00Z",5812.704375,"Savings Plan","Hours","contract-663015","2024-10-01T00:00:00Z","2024-09-01T00:00:00Z","Microsoft","USD",8816.407083,"Microsoft"
"USD","{}","Other","Spend",4418.980709,"2024-08-21T00:00:00Z","ContractCommitmentDescription 8799",1973.962419,"Committed Use Discount","Custom","contractcommitment-325437","2024-10-11T00:00:00Z","Expired","Discontinuous","Public","Annual","No Upfront",0.0,"2024-10-01T00:00:00Z","2024-09-01T00:00:00Z",8611.391031,"Reserved Instance","Hours","contract-915158","2024-10-01T00:00:00Z","2024-09-01T00:00:00Z","AWS","USD",6426.273524,"AWS"
"USD","{}","Availability","Usage",6311.281933,"2024-08-31T00:00:00Z","ContractCommitmentDescription 6384",NULL,"Committed Use Discount","Quarterly","contractcommitment-776624","2024-10-05T00:00:00Z","Active","Discontinuous","Negotiated","Quarterly","Partial Upfront",6778.425542,"2024-10-01T00:00:00Z","2024-09-01T00:00:00Z",5030.622803,"Committed Use Discount","Hours","contract-216884","2024-10-01T00:00:00Z","2024-09-01T00:00:00Z","Oracle","USD",9772.289973,"Oracle"
"USD","{}","Other","Usage",1631.308733,"2024-08-16T00:00:00Z","ContractCommitmentDescription 2074",7604.378121,"Committed Use Discount","Quarterly","contractcommitment-199161","2024-10-01T00:00:00Z","Superseded","Discontinuous","Public","One-Time","All Upfront",1.0,"2024-10-01T00:00:00Z","2024-09-01T00:00:00Z",1826.556712,"Reserved Instance","Hours","contract-323573","2024-10-01T00:00:00Z","2024-09-01T00:00:00Z","Microsoft","USD",3072.003387,"Microsoft"
"USD","{}","Availability","Spend",5710.084265,"2024-08-21T00:00:00Z","ContractCommitmentDescription 3532",NULL,"Reserved Instance","Annually","contractcommitment-923982","2024-10-09T00:00:00Z","Pending","Continuous","Negotiated","One-Time","All Upfront",1.0,"2024-10-01T00:00:00Z","2024-09-01T00:00:00Z",6534.906298,"Savings Plan","Hours","contract-339834","2024-10-01T00:00:00Z","2024-09-01T00:00:00Z","Google","USD",9328.435455,"Google"
"USD","{}","Availability","Usage",8292.312901,"2024-08-22T00:00:00Z","ContractCommitmentDescription 6166",NULL,"Savings Plan","Custom","contractcommitment-512658","2024-10-06T00:00:00Z","Superseded","Discontinuous","Negotiated","Semi-Annual","No Upfront",0.0,"2024-10-01T00:00:00Z","2024-09-01T00:00:00Z",3536.119584,"Reserved Instance","Hours","contract-904308","2024-10-01T00:00:00Z","2024-09-01T00:00:00Z","Oracle","USD",2742.073165,"Oracle"
"USD","{}","Availability","Spend",3218.457954,"2024-08-25T00:00:00Z","ContractCommitmentDescription 7265",NULL,"Committed Use Discount","Monthly","contractcommitment-936212","2024-10-11T00:00:00Z","Pending","Discontinuous","Public","One-Time","No Upfront",0.0,"2024-10-01T00:00:00Z","2024-09-01T00:00:00Z",3254.83037,"Savings Plan","Hours","contract-148234","2024-10-01T00:00:00Z","2024-09-01T00:00:00Z","Microsoft","USD",7812.279437,"Microsoft"
"USD","{}","Other","Spend",1014.39916,"2024-08-16T00:00:00Z","ContractCommitmentDescription 6614",2760.462205,"Savings Plan","Total Term","contractcommitment-398042","2024-10-04T00:00:00Z","Proposed","Discontinuous","Negotiated","Custom","No Upfront",0.0,"2024-10-01T00:00:00Z","2024-09-01T00:00:00Z",7752.429078,"Savings Plan","Hours","contract-257726","2024-10-01T00:00:00Z","2024-09-01T00:00:00Z","Oracle","USD",5898.083173,"Oracle"
"USD","{}","Availability","Usage",5566.744322,"2024-08-14T00:00:00Z","ContractCommitmentDescription 5774",NULL,"Reserved Instance","Daily","contractcommitment-924076","2024-10-02T00:00:00Z","Canceled","Discontinuous","Public","One-Time","All Upfront",1.0,"2024-10-01T00:00:00Z","2024-09-01T00:00:00Z",1841.40029,"Savings Plan","Hours","contract-583187","2024-10-01T00:00:00Z","2024-09-01T00:00:00Z","Microsoft","USD",3622.037942,"Microsoft"
"USD","{}","Discount","Spend",1191.904369,"2024-08-23T00:00:00Z","ContractCommitmentDescription 7730",4273.30929,"Savings Plan","Hourly","contractcommitment-972073","2024-10-05T00:00:00Z","Expired","Continuous","Public","One-Time","All Upfront",1.0,"2024-10-01T00:00:00Z","2024-09-01T00:00:00Z",320.840177,"Committed Use Discount","Hours","contract-928519","2024-10-01T00:00:00Z","2024-09-01T00:00:00Z","Microsoft","USD",5388.093925,"Microsoft"
"USD","{}","Discount","Spend",9742.275369,"2024-08-13T00:00:00Z","ContractCommitmentDescription 2840",5317.624372,"Committed Use Discount","Daily","contractcommitment-701804","2024-10-06T00:00:00Z","Exhausted","Continuous","Negotiated","Custom","Partial Upfront",8177.557683,"2024-10-01T00:00:00Z","2024-09-01T00:00:00Z",4657.151658,"Committed Use Discount","Hours","contract-782039","2024-10-01T00:00:00Z","2024-09-01T00:00:00Z","Google","USD",3304.294428,"Google"
"USD","{}","Other","Spend",4014.660684,"2024-08-13T00:00:00Z","ContractCommitmentDescription 5813",63.539566,"Savings Plan","Hourly","contractcommitment-108952","2024-10-06T00:00:00Z","Pending","Discontinuous","Public","Monthly","Partial Upfront",8555.746319,"2024-10-01T00:00:00Z","2024-09-01T00:00:00Z",5843.764817,"Savings Plan","Hours","contract-579989","2024-10-01T00:00:00Z","2024-09-01T00:00:00Z","Microsoft","USD",6536.127006,"Microsoft"
"USD","{}","Entitlement","Spend",2061.441713,"2024-08-13T00:00:00Z","ContractCommitmentDescription 3975",1008.964928,"Committed Use Discount","Custom","contractcommitment-985730","2024-10-06T00:00:00Z","Proposed","Continuous","Public","One-Time","Partial Upfront",8705.560514,"2024-10-01T00:00:00Z","2024-09-01T00:00:00Z",9284.655022,"Committed Use Discount","Hours","contract-311499","2024-10-01T00:00:00Z","2024-09-01T00:00:00Z","Microsoft","USD",3029.295069,"Microsoft"
"USD","{}","Discount","Spend",8776.375942,"2024-08-23T00:00:00Z","ContractCommitmentDescription 8203",1231.100994,"Savings Plan","Hourly","contractcommitment-565517","2024-10-04T00:00:00Z","Superseded","Continuous","Public","One-Time","Partial Upfront",4385.468543,"2024-10-01T00:00:00Z","2024-09-01T00:00:00Z",1986.377329,"Savings Plan","Hours","contract-197362","2024-10-01T00:00:00Z","2024-09-01T00:00:00Z","Oracle","USD",9692.437811,"Oracle"
"USD","{}","Availability","Usage",4151.278674,"2024-08-26T00:00:00Z","ContractCommitmentDescription 4446",NULL,"Committed Use Discount","Semi-Annually","contractcommitment-601197","2024-10-04T00:00:00Z","Active","Continuous","Public","One-Time","No Upfront",0.0,"2024-10-01T00:00:00Z","2024-09-01T00:00:00Z",4200.139523,"Reserved Instance","Hours","contract-477898","2024-10-01T00:00:00Z","2024-09-01T00:00:00Z","AWS","USD",9457.317837,"AWS"
"USD","{}","Discount","Usage",8759.418165,"2024-08-18T00:00:00Z","ContractCommitmentDescription 1259",9513.091442,"Savings Plan","Semi-Annually","contractcommitment-147573","2024-10-11T00:00:00Z","Pending","Continuous","Negotiated","Annual","No Upfront",0.0,"2024-10-01T00:00:00Z","2024-09-01T00:00:00Z",1557.583149,"Committed Use Discount","Hours","contract-899316","2024-10-01T00:00:00Z","2024-09-01T00:00:00Z","AWS","USD",389.90811,"AWS"
"USD","{}","Entitlement","Usage",1724.199889,"2024-08-22T00:00:00Z","ContractCommitmentDescription 9496",9653.001886,"Committed Use Discount","Weekly","contractcommitment-482801","2024-10-06T00:00:00Z","Proposed","Continuous","Negotiated","Semi-Annual","No Upfront",0.0,"2024-10-01T00:00:00Z","2024-09-01T00:00:00Z",6253.124876,"Savings Plan","Hours","contract-129861","2024-10-01T00:00:00Z","2024-09-01T00:00:00Z","Microsoft","USD",7832.688989,"Microsoft"
"USD","{}","Entitlement","Usage",464.994501,"2024-08-31T00:00:00Z","ContractCommitmentDescription 7177",7625.022948,"Committed Use Discount","Transactional","contractcommitment-277985","2024-10-08T00:00:00Z","Pending","Continuous","Negotiated","Quarterly","No Upfront",0.0,"2024-10-01T00:00:00Z","2024-09-01T00:00:00Z",9881.915083,"Reserved Instance","Hours","contract-586993","2024-10-01T00:00:00Z","2024-09-01T00:00:00Z","Google","USD",9833.687873,"Google"
"USD","{}","Other","Usage",8995.489918,"2024-08-27T00:00:00Z","ContractCommitmentDescription 5208",1281.986112,"Committed Use Discount","Transactional","contractcommitment-483341","2024-10-10T00:00:00Z","Expired","Continuous","Public","One-Time","All Upfront",1.0,"2024-10-01T00:00:00Z","2024-09-01T00:00:00Z",5712.395325,"Reserved Instance","Hours","contract-639737","2024-10-01T00:00:00Z","2024-09-01T00:00:00Z","Oracle","USD",1298.076123,"Oracle"
"USD","{}","Discount","Usage",2822.997785,"2024-08-24T00:00:00Z","ContractCommitmentDescription 2724",2497.787939,"Savings Plan","Weekly","contractcommitment-865492","2024-10-11T00:00:00Z","Canceled","Discontinuous","Public","Custom","Partial Upfront",6683.563634,"2024-10-01T00:00:00Z","2024-09-01T00:00:00Z",5199.169257,"Committed Use Discount","Hours","contract-896806","2024-10-01T00:00:00Z","2024-09-01T00:00:00Z","Microsoft","USD",8995.321328,"Microsoft"
"USD","{}","Discount","Usage",6318.802241,"2024-08-18T00:00:00Z","ContractCommitmentDescription 4242",9795.30619,"Reserved Instance","Weekly","contractcommitment-765458","2024-10-06T00:00:00Z","Proposed","Continuous","Negotiated","Semi-Annual","Partial Upfront",117.125107,"2024-10-01T00:00:00Z","2024-09-01T00:00:00Z",4807.763732,"Savings Plan","Hours","contract-759253","2024-10-01T00:00:00Z","2024-09-01T00:00:00Z","Google","USD",8695.25841,"Google"
"USD","{}","Availability","Usage",1178.191285,"2024-08-17T00:00:00Z","ContractCommitmentDescription 5576",NULL,"Committed Use Discount","Semi-Annually","contractcommitment-453637","2024-10-04T00:00:00Z","Pending","Discontinuous","Public","One-Time","All Upfront",1.0,"2024-10-01T00:00:00Z","2024-09-01T00:00:00Z",965.034117,"Savings Plan","Hours","contract-375632","2024-10-01T00:00:00Z","2024-09-01T00:00:00Z","Oracle","USD",631.177707,"Oracle"
"USD","{}","Entitlement","Spend",2271.250559,"2024-08-18T00:00:00Z","ContractCommitmentDescription 8494",8300.779545,"Reserved Instance","Transactional","contractcommitment-847315","2024-10-11T00:00:00Z","Active","Continuous","Public","Quarterly","Partial Upfront",4361.641076,"2024-10-01T00:00:00Z","2024-09-01T00:00:00Z",9843.116994,"Reserved Instance","Hours","contract-291482","2024-10-01T00:00:00Z","2024-09-01T00:00:00Z","Google","USD",3975.580992,"Google"
"USD","{}","Entitlement","Usage",5255.746886,"2024-08-27T00:00:00Z","ContractCommitmentDescription 3486",5628.830035,"Committed Use Discount","Transactional","contractcommitment-149278","2024-10-11T00:00:00Z","Superseded","Discontinuous","Negotiated","One-Time","All Upfront",1.0,"2024-10-01T00:00:00Z","2024-09-01T00:00:00Z",1587.497972,"Committed Use Discount","Hours","contract-765748","2024-10-01T00:00:00Z","2024-09-01T00:00:00Z","Microsoft","USD",6343.126212,"Microsoft"
"USD","{}","Entitlement","Usage",489.121821,"2024-08-27T00:00:00Z","ContractCommitmentDescription 7567",2964.964315,"Committed Use Discount","Annually","contractcommitment-599694","2024-10-09T00:00:00Z","Exhausted","Discontinuous","Negotiated","Custom","Partial Upfront",3.536126,"2024-10-01T00:00:00Z","2024-09-01T00:00:00Z",2513.29241,"Committed Use Discount","Hours","contract-318895","2024-10-01T00:00:00Z","2024-09-01T00:00:00Z","Microsoft","USD",9230.521525,"Microsoft"
"USD","{}","Other","Spend",7645.929305,"2024-08-30T00:00:00Z","ContractCommitmentDescription 4972",3912.382706,"Reserved Instance","Annually","contractcommitment-509992","2024-10-07T00:00:00Z","Expired","Continuous","Negotiated","Quarterly","No Upfront",0.0,"2024-10-01T00:00:00Z","2024-09-01T00:00:00Z",9490.500858,"Reserved Instance","Hours","contract-229469","2024-10-01T00:00:00Z","2024-09-01T00:00:00Z","AWS","USD",7259.789611,"AWS"
"USD","{}","Availability","Usage",107.690367,"2024-08-25T00:00:00Z","ContractCommitmentDescription 2921",NULL,"Committed Use Discount","Daily","contractcommitment-909142","2024-10-08T00:00:00Z","Canceled","Discontinuous","Negotiated","Custom","Partial Upfront",2988.222154,"2024-10-01T00:00:00Z","2024-09-01T00:00:00Z",1248.644929,"Committed Use Discount","Hours","contract-261141","2024-10-01T00:00:00Z","2024-09-01T00:00:00Z","Microsoft","USD",704.027331,"Microsoft"
"USD","{}","Discount","Usage",4259.105741,"2024-08-23T00:00:00Z","ContractCommitmentDescription 3759",8762.423225,"Committed Use Discount","Total Term","contractcommitment-895302","2024-10-01T00:00:00Z","Active","Continuous","Negotiated","One-Time","All Upfront",1.0,"2024-10-01T00:00:00Z","2024-09-01T00:00:00Z",5990.469818,"Savings Plan","Hours","contract-991253","2024-10-01T00:00:00Z","2024-09-01T00:00:00Z","Google","USD",6649.106107,"Google"
"USD","{}","Availability","Usage",6402.654239,"2024-08-18T00:00:00Z","ContractCommitmentDescription 6387",NULL,"Savings Plan","Semi-Annually","contractcommitment-187129","2024-10-01T00:00:00Z","Proposed","Continuous","Public","One-Time","All Upfront",1.0,"2024-10-01T00:00:00Z","2024-09-01T00:00:00Z",5910.844388,"Committed Use Discount","Hours","contract-209015","2024-10-01T00:00:00Z","2024-09-01T00:00:00Z","Oracle","USD",9973.02538,"Oracle"
"USD","{}","Other","Spend",6016.623088,"2024-08-14T00:00:00Z","ContractCommitmentDescription 2615",5756.255246,"Reserved Instance","Monthly","contractcommitment-478222","2024-10-10T00:00:00Z","Expired","Discontinuous","Public","One-Time","All Upfront",1.0,"2024-10-01T00:00:00Z","2024-09-01T00:00:00Z",6470.884739,"Savings Plan","Hours","contract-701195","2024-10-01T00:00:00Z","2024-09-01T00:00:00Z","Oracle","USD",8634.112665,"Oracle"
"USD","{}","Discount","Spend",5669.299974,"2024-08-19T00:00:00Z","ContractCommitmentDescription 1395",6305.212747,"Savings Plan","Daily","contractcommitment-406474","2024-10-11T00:00:00Z","Exhausted","Continuous","Public","Quarterly","Partial Upfront",8183.684325,"2024-10-01T00:00:00Z","2024-09-01T00:00:00Z",3440.497246,"Reserved Instance","Hours","contract-567672","2024-10-01T00:00:00Z","2024-09-01T00:00:00Z","AWS","USD",7837.098021,"AWS"
"USD","{}","Entitlement","Usage",7407.047704,"2024-08-17T00:00:00Z","ContractCommitmentDescription 6710",7809.682251,"Reserved Instance","Total Term","contractcommitment-998258","2024-10-11T00:00:00Z","Proposed","Discontinuous","Public","One-Time","All Upfront",1.0,"2024-10-01T00:00:00Z","2024-09-01T00:00:00Z",8362.356496,"Reserved Instance","Hours","contract-968937","2024-10-01T00:00:00Z","2024-09-01T00:00:00Z","Google","USD",3058.351658,"Google"
"USD","{}","Entitlement","Usage",2021.491175,"2024-08-19T00:00:00Z","ContractCommitmentDescription 8953",3505.939047,"Savings Plan","Semi-Annually","contractcommitment-891434","2024-10-06T00:00:00Z","Pending","Continuous","Public","One-Time","No Upfront",0.0,"2024-10-01T00:00:00Z","2024-09-01T00:00:00Z",3105.275848,"Committed Use Discount","Hours","contract-893531","2024-10-01T00:00:00Z","2024-09-01T00:00:00Z","AWS","USD",5599.212612,"AWS"
"USD","{}","Discount","Spend",7116.655677,"2024-08-19T00:00:00Z","ContractCommitmentDescription 7629",8522.0881,"Reserved Instance","Semi-Annually","contractcommitment-658710","2024-10-10T00:00:00Z","Active","Discontinuous","Negotiated","Semi-Annual","No Upfront",0.0,"2024-10-01T00:00:00Z","2024-09-01T00:00:00Z",7362.823547,"Savings Plan","Hours","contract-439566","2024-10-01T00:00:00Z","2024-09-01T00:00:00Z","Microsoft","USD",9994.38891,"Microsoft"
"USD","{}","Availability","Spend",4944.929274,"2024-08-30T00:00:00Z","ContractCommitmentDescription 4587",NULL,"Reserved Instance","Total Term","contractcommitment-779367","2024-10-04T00:00:00Z","Superseded","Continuous","Negotiated","One-Time","Partial Upfront",2436.802012,"2024-10-01T00:00:00Z","2024-09-01T00:00:00Z",207.739536,"Committed Use Discount","Hours","contract-978634","2024-10-01T00:00:00Z","2024-09-01T00:00:00Z","Oracle","USD",4389.498935,"Oracle"
"USD","{}","Other","Usage",7467.927803,"2024-08-18T00:00:00Z","ContractCommitmentDescription 6963",8034.260854,"Savings Plan","Annually","contractcommitment-488212","2024-10-03T00:00:00Z","Active","Continuous","Public","Annual","Partial Upfront",770.404485,"2024-10-01T00:00:00Z","2024-09-01T00:00:00Z",6931.990619,"Savings Plan","Hours","contract-934202","2024-10-01T00:00:00Z","2024-09-01T00:00:00Z","Microsoft","USD",5382.75425,"Microsoft"
"USD","{}","Availability","Spend",8072.535681,"2024-08-28T00:00:00Z","ContractCommitmentDescription 4732",NULL,"Committed Use Discount","Transactional","contractcommitment-960962","2024-10-09T00:00:00Z","Pending","Discontinuous","Public","Annual","No Upfront",0.0,"2024-10-01T00:00:00Z","2024-09-01T00:00:00Z",4378.709532,"Committed Use Discount","Hours","contract-167798","2024-10-01T00:00:00Z","2024-09-01T00:00:00Z","Microsoft","USD",9531.640112,"Microsoft"
"USD","{}","Discount","Usage",4766.264473,"2024-08-31T00:00:00Z","ContractCommitmentDescription 3422",637.768334,"Savings Plan","Daily","contractcommitment-853788","2024-10-09T00:00:00Z","Active","Discontinuous","Negotiated","One-Time","All Upfront",1.0,"2024-10-01T00:00:00Z","2024-09-01T00:00:00Z",7042.178196,"Reserved Instance","Hours","contract-325657","2024-10-01T00:00:00Z","2024-09-01T00:00:00Z","Microsoft","USD",6618.008275,"Microsoft"
"USD","{}","Entitlement","Usage",1442.330686,"2024-08-14T00:00:00Z","ContractCommitmentDescription 9841",9801.78555,"Committed Use Discount","Semi-Annually","contractcommitment-107104","2024-10-11T00:00:00Z","Expired","Continuous","Public","Annual","No Upfront",0.0,"2024-10-01T00:00:00Z","2024-09-01T00:00:00Z",710.133956,"Reserved Instance","Hours","contract-533807","2024-10-01T00:00:00Z","2024-09-01T00:00:00Z","Google","USD",7303.803426,"Google"
"USD","{}","Discount","Usage",7286.671185,"2024-08-24T00:00:00Z","ContractCommitmentDescription 6436",891.05726,"Savings Plan","Custom","contractcommitment-834976","2024-10-10T00:00:00Z","Canceled","Discontinuous","Public","One-Time","All Upfront",1.0,"2024-10-01T00:00:00Z","2024-09-01T00:00:00Z",8472.655441,"Reserved Instance","Hours","contract-426312","2024-10-01T00:00:00Z","2024-09-01T00:00:00Z","Microsoft","USD",3551.56952,"Microsoft"
"USD","{}","Availability","Usage",2006.07294,"2024-08-23T00:00:00Z","ContractCommitmentDescription 6754",NULL,"Committed Use Discount","Daily","contractcommitment-456222","2024-10-08T00:00:00Z","Exhausted","Continuous","Public","One-Time","All Upfront",1.0,"2024-10-01T00:00:00Z","2024-09-01T00:00:00Z",5571.283852,"Committed Use Discount","Hours","contract-200128","2024-10-01T00:00:00Z","2024-09-01T00:00:00Z","Oracle","USD",1685.131118,"Oracle"
"USD","{}","Discount","Usage",8593.586241,"2024-08-31T00:00:00Z","ContractCommitmentDescription 3824",1884.820956,"Committed Use Discount","Total Term","contractcommitment-290617","2024-10-06T00:00:00Z","Expired","Continuous","Public","One-Time","All Upfront",1.0,"2024-10-01T00:00:00Z","2024-09-01T00:00:00Z",5997.183053,"Committed Use Discount","Hours","contract-562104","2024-10-01T00:00:00Z","2024-09-01T00:00:00Z","AWS","USD",7063.67566,"AWS"
"USD","{}","Discount","Spend",8072.048346,"2024-08-15T00:00:00Z","ContractCommitmentDescription 6106",9350.325114,"Reserved Instance","Semi-Annually","contractcommitment-816211","2024-10-03T00:00:00Z","Pending","Continuous","Negotiated","Semi-Annual","No Upfront",0.0,"2024-10-01T00:00:00Z","2024-09-01T00:00:00Z",9973.419056,"Savings Plan","Hours","contract-790474","2024-10-01T00:00:00Z","2024-09-01T00:00:00Z","Microsoft","USD",5479.804339,"Microsoft"
"USD","{}","Availability","Spend",3656.935106,"2024-08-17T00:00:00Z","ContractCommitmentDescription 4923",NULL,"Savings Plan","Monthly","contractcommitment-932625","2024-10-02T00:00:00Z","Exhausted","Continuous","Public","One-Time","Partial Upfront",8109.073627,"2024-10-01T00:00:00Z","2024-09-01T00:00:00Z",9096.680631,"Committed Use Discount","Hours","contract-988955","2024-10-01T00:00:00Z","2024-09-01T00:00:00Z","Oracle","USD",5198.438025,"Oracle"
"USD","{}","Other","Spend",2825.615579,"2024-08-15T00:00:00Z","ContractCommitmentDescription 3219",4479.045701,"Reserved Instance","Quarterly","contractcommitment-756764","2024-10-10T00:00:00Z","Exhausted","Discontinuous","Public","Semi-Annual","No Upfront",0.0,"2024-10-01T00:00:00Z","2024-09-01T00:00:00Z",4912.394069,"Savings Plan","Hours","contract-739278","2024-10-01T00:00:00Z","2024-09-01T00:00:00Z","Google","USD",3888.08655,"Google"
"USD","{}","Discount","Spend",9467.798553,"2024-08-22T00:00:00Z","ContractCommitmentDescription 6031",8920.925378,"Committed Use Discount","Custom","contractcommitment-669153","2024-10-11T00:00:00Z","Pending","Discontinuous","Negotiated","Annual","No Upfront",0.0,"2024-10-01T00:00:00Z","2024-09-01T00:00:00Z",3029.459222,"Reserved Instance","Hours","contract-663886","2024-10-01T00:00:00Z","2024-09-01T00:00:00Z","Oracle","USD",524.352552,"Oracle"
"USD","{}","Availability","Spend",9106.621013,"2024-08-15T00:00:00Z","ContractCommitmentDescription 2616",NULL,"Reserved Instance","Monthly","contractcommitment-847016","2024-10-09T00:00:00Z","Active","Continuous","Negotiated","Semi-Annual","No Upfront",0.0,"2024-10-01T00:00:00Z","2024-09-01T00:00:00Z",6130.170451,"Reserved Instance","Hours","contract-316037","2024-10-01T00:00:00Z","2024-09-01T00:00:00Z","Oracle","USD",9003.20699,"Oracle"
"USD","{}","Availability","Spend",9870.854943,"2024-08-22T00:00:00Z","ContractCommitmentDescription 4741",NULL,"Savings Plan","Hourly","contractcommitment-263503","2024-10-01T00:00:00Z","Pending","Continuous","Public","One-Time","All Upfront",1.0,"2024-10-01T00:00:00Z","2024-09-01T00:00:00Z",8637.43379,"Committed Use Discount","Hours","contract-314828","2024-10-01T00:00:00Z","2024-09-01T00:00:00Z","AWS","USD",9402.727923,"AWS"
"USD","{}","Other","Usage",8426.34245,"2024-08-18T00:00:00Z","ContractCommitmentDescription 4104",8167.246415,"Savings Plan","Quarterly","contractcommitment-729281","2024-10-01T00:00:00Z","Proposed","Discontinuous","Negotiated","Custom","Partial Upfront",1288.882469,"2024-10-01T00:00:00Z","2024-09-01T00:00:00Z",6894.993724,"Reserved Instance","Hours","contract-220878","2024-10-01T00:00:00Z","2024-09-01T00:00:00Z","Google","USD",1589.238338,"Google"
"USD","{}","Entitlement","Usage",9553.172043,"2024-08-29T00:00:00Z","ContractCommitmentDescription 7524",2848.067845,"Savings Plan","Quarterly","contractcommitment-997065","2024-10-03T00:00:00Z","Expired","Discontinuous","Negotiated","One-Time","Partial Upfront",8228.774807,"2024-10-01T00:00:00Z","2024-09-01T00:00:00Z",8840.265587,"Reserved Instance","Hours","contract-310541","2024-10-01T00:00:00Z","2024-09-01T00:00:00Z","Oracle","USD",1271.1503,"Oracle"
"USD","{}","Entitlement","Spend",8330.947339,"2024-08-16T00:00:00Z","ContractCommitmentDescription 4022",836.080295,"Committed Use Discount","Daily","contractcommitment-353495","2024-10-08T00:00:00Z","Exhausted","Discontinuous","Public","Custom","No Upfront",0.0,"2024-10-01T00:00:00Z","2024-09-01T00:00:00Z",7691.265646,"Committed Use Discount","Hours","contract-904037","2024-10-01T00:00:00Z","2024-09-01T00:00:00Z","AWS","USD",9745.076015,"AWS"
"USD","{}","Entitlement","Usage",8594.875556,"2024-08-21T00:00:00Z","ContractCommitmentDescription 5109",9218.39775,"Savings Plan","Total Term","contractcommitment-310396","2024-10-01T00:00:00Z","Canceled","Continuous","Public","Semi-Annual","No Upfront",0.0,"2024-10-01T00:00:00Z","2024-09-01T00:00:00Z",5055.945967,"Reserved Instance","Hours","contract-757681","2024-10-01T00:00:00Z","2024-09-01T00:00:00Z","Microsoft","USD",1943.390916,"Microsoft"
"USD","{}","Availability","Spend",1433.634501,"2024-08-31T00:00:00Z","ContractCommitmentDescription 6202",NULL,"Committed Use Discount","Daily","contractcommitment-529836","2024-10-08T00:00:00Z","Expired","Continuous","Negotiated","Custom","Partial Upfront",3703.721467,"2024-10-01T00:00:00Z","2024-09-01T00:00:00Z",1434.864767,"Reserved Instance","Hours","contract-106188","2024-10-01T00:00:00Z","2024-09-01T00:00:00Z","Oracle","USD",3812.133894,"Oracle"
"USD","{}","Discount","Spend",197.933588,"2024-08-19T00:00:00Z","ContractCommitmentDescription 8805",9372.109366,"Committed Use Discount","Annually","contractcommitment-396189","2024-10-10T00:00:00Z","Canceled","Discontinuous","Public","Custom","No Upfront",0.0,"2024-10-01T00:00:00Z","2024-09-01T00:00:00Z",6126.085017,"Savings Plan","Hours","contract-602403","2024-10-01T00:00:00Z","2024-09-01T00:00:00Z","AWS","USD",9194.265224,"AWS"
"USD","{}","Entitlement","Usage",6370.932142,"2024-08-17T00:00:00Z","ContractCommitmentDescription 3856",9630.396885,"Savings Plan","Quarterly","contractcommitment-268104","2024-10-09T00:00:00Z","Active","Continuous","Public","Quarterly","No Upfront",0.0,"2024-10-01T00:00:00Z","2024-09-01T00:00:00Z",4103.714504,"Committed Use Discount","Hours","contract-521769","2024-10-01T00:00:00Z","2024-09-01T00:00:00Z","Microsoft","USD",1250.242206,"Microsoft"
"USD","{}","Other","Usage",4438.928884,"2024-08-25T00:00:00Z","ContractCommitmentDescription 7364",4635.171545,"Savings Plan","Semi-Annually","contractcommitment-797694","2024-10-07T00:00:00Z","Exhausted","Continuous","Negotiated","Monthly","No Upfront",0.0,"2024-10-01T00:00:00Z","2024-09-01T00:00:00Z",5683.865934,"Committed Use Discount","Hours","contract-585884","2024-10-01T00:00:00Z","2024-09-01T00:00:00Z","Google","USD",5482.055162,"Google"
"USD","{}","Other","Spend",4702.324503,"2024-08-20T00:00:00Z","ContractCommitmentDescription 9893",6522.37441,"Savings Plan","Custom","contractcommitment-532136","2024-10-11T00:00:00Z","Proposed","Continuous","Negotiated","One-Time","All Upfront",1.0,"2024-10-01T00:00:00Z","2024-09-01T00:00:00Z",6596.514611,"Committed Use Discount","Hours","contract-289074","2024-10-01T00:00:00Z","2024-09-01T00:00:00Z","Oracle","USD",9431.992802,"Oracle"
"USD","{}","Entitlement","Usage",9836.325552,"2024-08-25T00:00:00Z","ContractCommitmentDescription 3553",6412.381411,"Committed Use Discount","Monthly","contractcommitment-258002","2024-10-07T00:00:00Z","Exhausted","Discontinuous","Public","One-Time","All Upfront",1.0,"2024-10-01T00:00:00Z","2024-09-01T00:00:00Z",9312.524683,"Savings Plan","Hours","contract-871036","2024-10-01T00:00:00Z","2024-09-01T00:00:00Z","AWS","USD",6280.856198,"AWS"
"USD","{}","Discount","Spend",3315.086354,"2024-08-28T00:00:00Z","ContractCommitmentDescription 2473",3132.938812,"Savings Plan","Monthly","contractcommitment-879704","2024-10-02T00:00:00Z","Pending","Continuous","Public","One-Time","Partial Upfront",6232.31686,"2024-10-01T00:00:00Z","2024-09-01T00:00:00Z",3155.000328,"Savings Plan","Hours","contract-455069","2024-10-01T00:00:00Z","2024-09-01T00:00:00Z","AWS","USD",7036.032168,"AWS"
"USD","{}","Entitlement","Spend",4151.858696,"2024-08-22T00:00:00Z","ContractCommitmentDescription 9721",9102.314906,"Savings Plan","Weekly","contractcommitment-688947","2024-10-02T00:00:00Z","Expired","Discontinuous","Public","Custom","No Upfront",0.0,"2024-10-01T00:00:00Z","2024-09-01T00:00:00Z",6638.6909,"Reserved Instance","Hours","contract-201784","2024-10-01T00:00:00Z","2024-09-01T00:00:00Z","Google","USD",7556.735131,"Google"
"USD","{}","Entitlement","Spend",5861.753724,"2024-08-19T00:00:00Z","ContractCommitmentDescription 6937",9309.421811,"Committed Use Discount","Custom","contractcommitment-290666","2024-10-08T00:00:00Z","Exhausted","Continuous","Public","One-Time","All Upfront",1.0,"2024-10-01T00:00:00Z","2024-09-01T00:00:00Z",3397.7665,"Reserved Instance","Hours","contract-172236","2024-10-01T00:00:00Z","2024-09-01T00:00:00Z","Microsoft","USD",1772.354702,"Microsoft"
"USD","{}","Entitlement","Usage",2923.49463,"2024-08-19T00:00:00Z","ContractCommitmentDescription 2361",3547.1185,"Savings Plan","Hourly","contractcommitment-752069","2024-10-03T00:00:00Z","Expired","Discontinuous","Negotiated","Quarterly","Partial Upfront",1920.23147,"2024-10-01T00:00:00Z","2024-09-01T00:00:00Z",2802.458404,"Committed Use Discount","Hours","contract-613392","2024-10-01T00:00:00Z","2024-09-01T00:00:00Z","Google","USD",3185.67551,"Google"
"USD","{}","Availability","Usage",4489.310682,"2024-08-30T00:00:00Z","ContractCommitmentDescription 8093",NULL,"Savings Plan","Total Term","contractcommitment-791442","2024-10-11T00:00:00Z","Proposed","Discontinuous","Negotiated","One-Time","All Upfront",1.0,"2024-10-01T00:00:00Z","2024-09-01T00:00:00Z",5736.526029,"Savings Plan","Hours","contract-309340","2024-10-01T00:00:00Z","2024-09-01T00:00:00Z","Microsoft","USD",9045.348202,"Microsoft"
"USD","{}","Other","Usage",3667.938993,"2024-08-19T00:00:00Z","ContractCommitmentDescription 9398",8536.26661,"Savings Plan","Annually","contractcommitment-841637","2024-10-01T00:00:00Z","Active","Continuous","Public","Custom","Partial Upfront",5523.826494,"2024-10-01T00:00:00Z","2024-09-01T00:00:00Z",4888.304195,"Savings Plan","Hours","contract-571727","2024-10-01T00:00:00Z","2024-09-01T00:00:00Z","Oracle","USD",9187.761148,"Oracle"
"USD","{}","Entitlement","Spend",2429.610273,"2024-08-21T00:00:00Z","ContractCommitmentDescription 3901",3733.882909,"Reserved Instance","Custom","contractcommitment-940388","2024-10-09T00:00:00Z","Pending","Continuous","Negotiated","One-Time","All Upfront",1.0,"2024-10-01T00:00:00Z","2024-09-01T00:00:00Z",8069.862451,"Committed Use Discount","Hours","contract-263833","2024-10-01T00:00:00Z","2024-09-01T00:00:00Z","AWS","USD",5827.549147,"AWS"
"USD","{}","Discount","Spend",7041.476305,"2024-08-21T00:00:00Z","ContractCommitmentDescription 4268",9180.021714,"Reserved Instance","Weekly","contractcommitment-196158","2024-10-11T00:00:00Z","Canceled","Continuous","Negotiated","One-Time","All Upfront",1.0,"2024-10-01T00:00:00Z","2024-09-01T00:00:00Z",499.986315,"Reserved Instance","Hours","contract-435968","2024-10-01T00:00:00Z","2024-09-01T00:00:00Z","Oracle","USD",6254.517401,"Oracle"
"USD","{}","Entitlement","Usage",2880.634944,"2024-08-16T00:00:00Z","ContractCommitmentDescription 2003",4425.163283,"Committed Use Discount","Hourly","contractcommitment-183422","2024-10-04T00:00:00Z","Pending","Continuous","Public","One-Time","All Upfront",1.0,"2024-10-01T00:00:00Z","2024-09-01T00:00:00Z",1893.455885,"Reserved Instance","Hours","contract-297340","2024-10-01T00:00:00Z","2024-09-01T00:00:00Z","Microsoft","USD",1870.480541,"Microsoft"
"USD","{}","Availability","Usage",5066.544536,"2024-08-24T00:00:00Z","ContractCommitmentDescription 5676",NULL,"Savings Plan","Semi-Annually","contractcommitment-871168","2024-10-03T00:00:00Z","Pending","Continuous","Public","Quarterly","No Upfront",0.0,"2024-10-01T00:00:00Z","2024-09-01T00:00:00Z",627.829767,"Savings Plan","Hours","contract-749954","2024-10-01T00:00:00Z","2024-09-01T00:00:00Z","Google","USD",7556.501241,"Google"
"USD","{}","Discount","Usage",5881.386233,"2024-08-29T00:00:00Z","ContractCommitmentDescription 6922",6980.759776,"Committed Use Discount","Daily","contractcommitment-696850","2024-10-11T00:00:00Z","Active","Discontinuous","Public","One-Time","All Upfront",1.0,"2024-10-01T00:00:00Z","2024-09-01T00:00:00Z",3704.433925,"Savings Plan","Hours","contract-428702","2024-10-01T00:00:00Z","2024-09-01T00:00:00Z","Oracle","USD",5459.169,"Oracle"
"USD","{}","Availability","Usage",4649.448162,"2024-08-24T00:00:00Z","ContractCommitmentDescription 8563",NULL,"Savings Plan","Total Term","contractcommitment-586950","2024-10-10T00:00:00Z","Exhausted","Continuous","Negotiated","Custom","Partial Upfront",4195.971634,"2024-10-01T00:00:00Z","2024-09-01T00:00:00Z",244.798204,"Reserved Instance","Hours","contract-499987","2024-10-01T00:00:00Z","2024-09-01T00:00:00Z","Microsoft","USD",9897.621339,"Microsoft"
"USD","{}","Entitlement","Spend",5929.371636,"2024-08-19T00:00:00Z","ContractCommitmentDescription 4013",2169.937871,"Reserved Instance","Annually","contractcommitment-595230","2024-10-06T00:00:00Z","Pending","Discontinuous","Public","Monthly","No Upfront",0.0,"2024-10-01T00:00:00Z","2024-09-01T00:00:00Z",1583.163388,"Committed Use Discount","Hours","contract-338801","2024-10-01T00:00:00Z","2024-09-01T00:00:00Z","Microsoft","USD",1899.46059,"Microsoft"
"USD","{}","Discount","Usage",9614.394166,"2024-08-18T00:00:00Z","ContractCommitmentDescription 2096",9529.503161,"Committed Use Discount","Total Term","contractcommitment-737343","2024-10-07T00:00:00Z","Active","Continuous","Negotiated","Annual","Partial Upfront",8036.220462,"2024-10-01T00:00:00Z","2024-09-01T00:00:00Z",4163.454137,"Reserved Instance","Hours","contract-762184","2024-10-01T00:00:00Z","2024-09-01T00:00:00Z","Oracle","USD",1586.023967,"Oracle"
"USD","{}","Entitlement","Usage",3410.972411,"2024-08-12T00:00:00Z","ContractCommitmentDescription 7117",8071.242846,"Reserved Instance","Semi-Annually","contractcommitment-692789","2024-10-07T00:00:00Z","Exhausted","Continuous","Negotiated","Semi-Annual","Partial Upfront",4170.005787,"2024-10-01T00:00:00Z","2024-09-01T00:00:00Z",2094.559889,"Savings Plan","Hours","contract-427718","2024-10-01T00:00:00Z","2024-09-01T00:00:00Z","Google","USD",6338.71428,"Google"
"USD","{}","Availability","Spend",9018.558124,"2024-08-23T00:00:00Z","ContractCommitmentDescription 6272",NULL,"Committed Use Discount","Monthly","contractcommitment-842501","2024-10-09T00:00:00Z","Expired","Continuous","Negotiated","One-Time","All Upfront",1.0,"2024-10-01T00:00:00Z","2024-09-01T00:00:00Z",193.972909,"Committed Use Discount","Hours","contract-502803","2024-10-01T00:00:00Z","2024-09-01T00:00:00Z","Oracle","USD",7501.923229,"Oracle"
"USD","{}","Availability","Spend",4494.849249,"2024-08-29T00:00:00Z","ContractCommitmentDescription 4165",NULL,"Savings Plan","Weekly","contractcommitment-481453","2024-10-09T00:00:00Z","Superseded","Continuous","Public","Monthly","No Upfront",0.0,"2024-10-01T00:00:00Z","2024-09-01T00:00:00Z",3272.143778,"Committed Use Discount","Hours","contract-689171","2024-10-01T00:00:00Z","2024-09-01T00:00:00Z","Google","USD",1461.201965,"Google"
"USD","{}","Entitlement","Spend",9577.256957,"2024-08-21T00:00:00Z","ContractCommitmentDescription 2972",2956.195752,"Reserved Instance","Monthly","contractcommitment-648931","2024-10-08T00:00:00Z","Superseded","Discontinuous","Negotiated","Semi-Annual","Partial Upfront",7006.460936,"2024-10-01T00:00:00Z","2024-09-01T00:00:00Z",8527.010084,"Savings Plan","Hours","contract-314161","2024-10-01T00:00:00Z","2024-09-01T00:00:00Z","Google","USD",1440.596007,"Google"
"USD","{}","Availability","Usage",7757.969045,"2024-08-31T00:00:00Z","ContractCommitmentDescription 3418",NULL,"Savings Plan","Transactional","contractcommitment-264603","2024-10-11T00:00:00Z","Expired","Discontinuous","Public","One-Time","Partial Upfront",4559.432363,"2024-10-01T00:00:00Z","2024-09-01T00:00:00Z",1977.806889,"Committed Use Discount","Hours","contract-398595","2024-10-01T00:00:00Z","2024-09-01T00:00:00Z","AWS","USD",1629.01093,"AWS"
"USD","{}","Availability","Usage",3688.219945,"2024-08-21T00:00:00Z","ContractCommitmentDescription 6165",NULL,"Savings Plan","Transactional","contractcommitment-126702","2024-10-01T00:00:00Z","Canceled","Discontinuous","Public","Semi-Annual","No Upfront",0.0,"2024-10-01T00:00:00Z","2024-09-01T00:00:00Z",8360.733223,"Reserved Instance","Hours","contract-439753","2024-10-01T00:00:00Z","2024-09-01T00:00:00Z","Microsoft","USD",5656.16889,"Microsoft"
"USD","{}","Discount","Spend",1399.114367,"2024-08-15T00:00:00Z","ContractCommitmentDescription 2675",5227.805835,"Committed Use Discount","Monthly","contractcommitment-196321","2024-10-01T00:00:00Z","Superseded","Discontinuous","Public","Quarterly","No Upfront",0.0,"2024-10-01T00:00:00Z","2024-09-01T00:00:00Z",7508.506929,"Savings Plan","Hours","contract-671590","2024-10-01T00:00:00Z","2024-09-01T00:00:00Z","AWS","USD",621.504525,"AWS"
"USD","{}","Entitlement","Usage",1590.604567,"2024-08-19T00:00:00Z","ContractCommitmentDescription 5272",2273.961547,"Reserved Instance","Transactional","contractcommitment-125401","2024-10-03T00:00:00Z","Proposed","Continuous","Public","One-Time","No Upfront",0.0,"2024-10-01T00:00:00Z","2024-09-01T00:00:00Z",2326.656502,"Reserved Instance","Hours","contract-624900","2024-10-01T00:00:00Z","2024-09-01T00:00:00Z","Oracle","USD",3194.59016,"Oracle"
"USD","{}","Other","Spend",6696.420738,"2024-08-19T00:00:00Z","ContractCommitmentDescription 7798",5500.310813,"Reserved Instance","Monthly","contractcommitment-718312","2024-10-01T00:00:00Z","Proposed","Continuous","Negotiated","Annual","Partial Upfront",71.523737,"2024-10-01T00:00:00Z","2024-09-01T00:00:00Z",7018.242112,"Committed Use Discount","Hours","contract-633881","2024-10-01T00:00:00Z","2024-09-01T00:00:00Z","Oracle","USD",8985.789704,"Oracle"
"USD","{}","Discount","Usage",2656.467226,"2024-08-19T00:00:00Z","ContractCommitmentDescription 7132",5108.796238,"Reserved Instance","Monthly","contractcommitment-890806","2024-10-04T00:00:00Z","Expired","Discontinuous","Public","Monthly","Partial Upfront",8979.281281,"2024-10-01T00:00:00Z","2024-09-01T00:00:00Z",3926.324406,"Committed Use Discount","Hours","contract-573589","2024-10-01T00:00:00Z","2024-09-01T00:00:00Z","Microsoft","USD",288.174782,"Microsoft"
"USD","{}","Other","Spend",7428.134079,"2024-08-25T00:00:00Z","ContractCommitmentDescription 4368",2001.426351,"Committed Use Discount","Quarterly","contractcommitment-973390","2024-10-03T00:00:00Z","Canceled","Continuous","Public","Quarterly","Partial Upfront",543.675545,"2024-10-01T00:00:00Z","2024-09-01T00:00:00Z",6261.176335,"Committed Use Discount","Hours","contract-327337","2024-10-01T00:00:00Z","2024-09-01T00:00:00Z","Oracle","USD",5110.993834,"Oracle"
"USD","{}","Entitlement","Usage",9467.95074,"2024-08-31T00:00:00Z","ContractCommitmentDescription 7366",7199.692751,"Savings Plan","Annually","contractcommitment-731046","2024-10-04T00:00:00Z","Superseded","Continuous","Public","One-Time","All Upfront",1.0,"2024-10-01T00:00:00Z","2024-09-01T00:00:00Z",7950.031756,"Committed Use Discount","Hours","contract-181447","2024-10-01T00:00:00Z","2024-09-01T00:00:00Z","Google","USD",6163.703137,"Google"
"USD","{}","Availability","Spend",3034.465495,"2024-08-31T00:00:00Z","ContractCommitmentDescription 7249",NULL,"Reserved Instance","Daily","contractcommitment-156138","2024-10-10T00:00:00Z","Active","Continuous","Negotiated","One-Time","All Upfront",1.0,"2024-10-01T00:00:00Z","2024-09-01T00:00:00Z",760.995021,"Savings Plan","Hours","contract-411919","2024-10-01T00:00:00Z","2024-09-01T00:00:00Z","AWS","USD",7704.436856,"AWS"
"USD","{}","Entitlement","Spend",9194.063592,"2024-08-22T00:00:00Z","ContractCommitmentDescription 1497",8802.905674,"Savings Plan","Weekly","contractcommitment-115040","2024-10-03T00:00:00Z","Proposed","Continuous","Negotiated","One-Time","All Upfront",1.0,"2024-10-01T00:00:00Z","2024-09-01T00:00:00Z",2731.34554,"Reserved Instance","Hours","contract-166357","2024-10-01T00:00:00Z","2024-09-01T00:00:00Z","AWS","USD",7314.340226,"AWS"
"USD","{}","Other","Spend",371.611677,"2024-08-25T00:00:00Z","ContractCommitmentDescription 8085",8304.512163,"Savings Plan","Weekly","contractcommitment-113913","2024-10-02T00:00:00Z","Expired","Continuous","Negotiated","One-Time","All Upfront",1.0,"2024-10-01T00:00:00Z","2024-09-01T00:00:00Z",4791.711807,"Savings Plan","Hours","contract-803848","2024-10-01T00:00:00Z","2024-09-01T00:00:00Z","Microsoft","USD",2719.624412,"Microsoft"
"USD","{}","Discount","Usage",5589.443963,"2024-08-24T00:00:00Z","ContractCommitmentDescription 9004",7919.637727,"Committed Use Discount","Hourly","contractcommitment-400434","2024-10-08T00:00:00Z","Active","Continuous","Public","Semi-Annual","Partial Upfront",5445.907426,"2024-10-01T00:00:00Z","2024-09-01T00:00:00Z",3732.674618,"Savings Plan","Hours","contract-252773","2024-10-01T00:00:00Z","2024-09-01T00:00:00Z","Microsoft","USD",3207.112382,"Microsoft"
"USD","{}","Availability","Usage",9835.127916,"2024-08-18T00:00:00Z","ContractCommitmentDescription 5791",NULL,"Committed Use Discount","Total Term","contractcommitment-808534","2024-10-03T00:00:00Z","Expired","Discontinuous","Public","Semi-Annual","No Upfront",0.0,"2024-10-01T00:00:00Z","2024-09-01T00:00:00Z",8847.723464,"Savings Plan","Hours","contract-776818","2024-10-01T00:00:00Z","2024-09-01T00:00:00Z","Google","USD",4665.551741,"Google"
"USD","{}","Entitlement","Usage",5402.110415,"2024-08-30T00:00:00Z","ContractCommitmentDescription 3612",8510.978579,"Committed Use Discount","Weekly","contractcommitment-955908","2024-10-06T00:00:00Z","Superseded","Continuous","Public","One-Time","Partial Upfront",8807.230153,"2024-10-01T00:00:00Z","2024-09-01T00:00:00Z",9905.039333,"Committed Use Discount","Hours","contract-644807","2024-10-01T00:00:00Z","2024-09-01T00:00:00Z","Microsoft","USD",1038.15314,"Microsoft"
"USD","{}","Entitlement","Usage",4891.799921,"2024-08-23T00:00:00Z","ContractCommitmentDescription 6332",7318.546983,"Savings Plan","Transactional","contractcommitment-514146","2024-10-09T00:00:00Z","Expired","Discontinuous","Negotiated","Annual","Partial Upfront",7498.263151,"2024-10-01T00:00:00Z","2024-09-01T00:00:00Z",6878.00942,"Reserved Instance","Hours","contract-771580","2024-10-01T00:00:00Z","2024-09-01T00:00:00Z","AWS","USD",6439.022679,"AWS"
"USD","{}","Other","Spend",9158.436959,"2024-08-25T00:00:00Z","ContractCommitmentDescription 6022",2418.333497,"Savings Plan","Quarterly","contractcommitment-965318","2024-10-01T00:00:00Z","Pending","Continuous","Negotiated","One-Time","No Upfront",0.0,"2024-10-01T00:00:00Z","2024-09-01T00:00:00Z",1210.755349,"Reserved Instance","Hours","contract-170277","2024-10-01T00:00:00Z","2024-09-01T00:00:00Z","Microsoft","USD",2534.339015,"Microsoft"
"USD","{}","Availability","Usage",3877.473129,"2024-08-18T00:00:00Z","ContractCommitmentDescription 4415",NULL,"Committed Use Discount","Custom","contractcommitment-601680","2024-10-06T00:00:00Z","Canceled","Continuous","Public","One-Time","Partial Upfront",3196.318474,"2024-10-01T00:00:00Z","2024-09-01T00:00:00Z",310.403202,"Committed Use Discount","Hours","contract-936587","2024-10-01T00:00:00Z","2024-09-01T00:00:00Z","AWS","USD",3837.552723,"AWS"
"USD","{}","Other","Spend",3799.672949,"2024-08-18T00:00:00Z","ContractCommitmentDescription 8986",7590.494745,"Reserved Instance","Total Term","contractcommitment-364405","2024-10-10T00:00:00Z","Expired","Continuous","Negotiated","One-Time","All Upfront",1.0,"2024-10-01T00:00:00Z","2024-09-01T00:00:00Z",6312.988171,"Reserved Instance","Hours","contract-498302","2024-10-01T00:00:00Z","2024-09-01T00:00:00Z","AWS","USD",7490.522216,"AWS"
"USD","{}","Availability","Usage",2165.553541,"2024-08-12T00:00:00Z","ContractCommitmentDescription 7727",NULL,"Committed Use Discount","Weekly","contractcommitment-722255","2024-10-08T00:00:00Z","Superseded","Continuous","Public","One-Time","All Upfront",1.0,"2024-10-01T00:00:00Z","2024-09-01T00:00:00Z",2747.411482,"Committed Use Discount","Hours","contract-940231","2024-10-01T00:00:00Z","2024-09-01T00:00:00Z","Microsoft","USD",9249.80473,"Microsoft"
"USD","{}","Other","Spend",9022.617448,"2024-08-23T00:00:00Z","ContractCommitmentDescription 5806",8535.550621,"Reserved Instance","Quarterly","contractcommitment-730320","2024-10-10T00:00:00Z","Active","Discontinuous","Negotiated","Custom","No Upfront",0.0,"2024-10-01T00:00:00Z","2024-09-01T00:00:00Z",768.206507,"Savings Plan","Hours","contract-361140","2024-10-01T00:00:00Z","2024-09-01T00:00:00Z","AWS","USD",56.924998,"AWS"
"USD","{}","Entitlement","Usage",8655.655882,"2024-08-19T00:00:00Z","ContractCommitmentDescription 9083",2287.325242,"Savings Plan","Daily","contractcommitment-206470","2024-10-01T00:00:00Z","Pending","Continuous","Negotiated","One-Time","All Upfront",1.0,"2024-10-01T00:00:00Z","2024-09-01T00:00:00Z",4380.972944,"Savings Plan","Hours","contract-121535","2024-10-01T00:00:00Z","2024-09-01T00:00:00Z","Microsoft","USD",7084.088067,"Microsoft"
"USD","{}","Discount","Usage",4362.911251,"2024-08-14T00:00:00Z","ContractCommitmentDescription 7918",669.385498,"Reserved Instance","Quarterly","contractcommitment-796990","2024-10-02T00:00:00Z","Active","Discontinuous","Public","Annual","No Upfront",0.0,"2024-10-01T00:00:00Z","2024-09-01T00:00:00Z",8755.329783,"Reserved Instance","Hours","contract-269864","2024-10-01T00:00:00Z","2024-09-01T00:00:00Z","Google","USD",863.775281,"Google"
"USD","{}","Availability","Usage",668.188853,"2024-08-25T00:00:00Z","ContractCommitmentDescription 4039",NULL,"Reserved Instance","Transactional","contractcommitment-141686","2024-10-08T00:00:00Z","Pending","Continuous","Negotiated","Quarterly","No Upfront",0.0,"2024-10-01T00:00:00Z","2024-09-01T00:00:00Z",3907.097579,"Savings Plan","Hours","contract-634979","2024-10-01T00:00:00Z","2024-09-01T00:00:00Z","Microsoft","USD",7880.870924,"Microsoft"
"USD","{}","Discount","Usage",8803.84645,"2024-08-15T00:00:00Z","ContractCommitmentDescription 3245",3195.291975,"Reserved Instance","Total Term","contractcommitment-940145","2024-10-11T00:00:00Z","Pending","Continuous","Public","Semi-Annual","Partial Upfront",2141.224898,"2024-10-01T00:00:00Z","2024-09-01T00:00:00Z",1724.179714,"Committed Use Discount","Hours","contract-942918","2024-10-01T00:00:00Z","2024-09-01T00:00:00Z","AWS","USD",709.185388,"AWS"
"USD","{}","Discount","Spend",2470.678212,"2024-08-15T00:00:00Z","ContractCommitmentDescription 7774",8397.709476,"Savings Plan","Monthly","contractcommitment-968195","2024-10-03T00:00:00Z","Active","Discontinuous","Negotiated","Semi-Annual","No Upfront",0.0,"2024-10-01T00:00:00Z","2024-09-01T00:00:00Z",7806.319996,"Reserved Instance","Hours","contract-804282","2024-10-01T00:00:00Z","2024-09-01T00:00:00Z","Microsoft","USD",7264.952505,"Microsoft"
"USD","{}","Entitlement","Usage",6148.957755,"2024-08-19T00:00:00Z","ContractCommitmentDescription 9348",8887.441412,"Committed Use Discount","Weekly","contractcommitment-353063","2024-10-08T00:00:00Z","Expired","Discontinuous","Public","One-Time","Partial Upfront",5998.217838,"2024-10-01T00:00:00Z","2024-09-01T00:00:00Z",4173.164373,"Committed Use Discount","Hours","contract-838694","2024-10-01T00:00:00Z","2024-09-01T00:00:00Z","Google","USD",8916.504664,"Google"
"USD","{}","Availability","Usage",6501.668603,"2024-08-30T00:00:00Z","ContractCommitmentDescription 6594",NULL,"Committed Use Discount","Custom","contractcommitment-442976","2024-10-06T00:00:00Z","Active","Discontinuous","Public","One-Time","All Upfront",1.0,"2024-10-01T00:00:00Z","2024-09-01T00:00:00Z",5601.876819,"Committed Use Discount","Hours","contract-592126","2024-10-01T00:00:00Z","2024-09-01T00:00:00Z","Microsoft","USD",3370.752565,"Microsoft"
"USD","{}","Discount","Usage",6291.213726,"2024-08-21T00:00:00Z","ContractCommitmentDescription 5444",8747.515178,"Committed Use Discount","Transactional","contractcommitment-338909","2024-10-09T00:00:00Z","Active","Discontinuous","Negotiated","Annual","No Upfront",0.0,"2024-10-01T00:00:00Z","2024-09-01T00:00:00Z",3063.476323,"Savings Plan","Hours","contract-808942","2024-10-01T00:00:00Z","2024-09-01T00:00:00Z","Oracle","USD",4115.392437,"Oracle"
"USD","{}","Entitlement","Usage",1899.660504,"2024-08-12T00:00:00Z","ContractCommitmentDescription 6922",7126.210372,"Committed Use Discount","Semi-Annually","contractcommitment-314396","2024-10-07T00:00:00Z","Superseded","Discontinuous","Negotiated","One-Time","All Upfront",1.0,"2024-10-01T00:00:00Z","2024-09-01T00:00:00Z",2914.611149,"Reserved Instance","Hours","contract-727186","2024-10-01T00:00:00Z","2024-09-01T00:00:00Z","Google","USD",7899.45026,"Google"
"USD","{}","Entitlement","Usage",4843.43318,"2024-08-26T00:00:00Z","ContractCommitmentDescription 5435",9324.839157,"Savings Plan","Transactional","contractcommitment-457983","2024-10-11T00:00:00Z","Pending","Discontinuous","Negotiated","Quarterly","No Upfront",0.0,"2024-10-01T00:00:00Z","2024-09-01T00:00:00Z",8131.14528,"Savings Plan","Hours","contract-169778","2024-10-01T00:00:00Z","2024-09-01T00:00:00Z","Google","USD",1889.280886,"Google"
"USD","{}","Availability","Usage",1991.900151,"2024-08-16T00:00:00Z","ContractCommitmentDescription 1835",NULL,"Committed Use Discount","Total Term","contractcommitment-724187","2024-10-08T00:00:00Z","Proposed","Discontinuous","Public","Semi-Annual","Partial Upfront",1194.447736,"2024-10-01T00:00:00Z","2024-09-01T00:00:00Z",1811.04728,"Savings Plan","Hours","contract-143027","2024-10-01T00:00:00Z","2024-09-01T00:00:00Z","Google","USD",8471.74712,"Google"
"USD","{}","Entitlement","Spend",9257.478099,"2024-08-28T00:00:00Z","ContractCommitmentDescription 7934",2048.9274,"Committed Use Discount","Custom","contractcommitment-162788","2024-10-09T00:00:00Z","Proposed","Continuous","Public","One-Time","All Upfront",1.0,"2024-10-01T00:00:00Z","2024-09-01T00:00:00Z",4298.026431,"Reserved Instance","Hours","contract-748347","2024-10-01T00:00:00Z","2024-09-01T00:00:00Z","Google","USD",6036.612956,"Google"
"USD","{}","Discount","Usage",7623.51224,"2024-08-14T00:00:00Z","ContractCommitmentDescription 3815",8057.10308,"Savings Plan","Monthly","contractcommitment-668025","2024-10-06T00:00:00Z","Expired","Continuous","Negotiated","One-Time","All Upfront",1.0,"2024-10-01T00:00:00Z","2024-09-01T00:00:00Z",9786.724968,"Savings Plan","Hours","contract-230614","2024-10-01T00:00:00Z","2024-09-01T00:00:00Z","Google","USD",956.836585,"Google"
"USD","{}","Entitlement","Spend",9176.255332,"2024-08-24T00:00:00Z","ContractCommitmentDescription 5578",1073.869094,"Reserved Instance","Quarterly","contractcommitment-556333","2024-10-04T00:00:00Z","Expired","Discontinuous","Public","Monthly","No Upfront",0.0,"2024-10-01T00:00:00Z","2024-09-01T00:00:00Z",819.971368,"Committed Use Discount","Hours","contract-564023","2024-10-01T00:00:00Z","2024-09-01T00:00:00Z","Oracle","USD",1503.855343,"Oracle"
"USD","{}","Availability","Spend",8818.063041,"2024-08-12T00:00:00Z","ContractCommitmentDescription 9053",NULL,"Committed Use Discount","Semi-Annually","contractcommitment-437725","2024-10-07T00:00:00Z","Proposed","Discontinuous","Public","One-Time","All Upfront",1.0,"2024-10-01T00:00:00Z","2024-09-01T00:00:00Z",1445.157357,"Reserved Instance","Hours","contract-276560","2024-10-01T00:00:00Z","2024-09-01T00:00:00Z","Oracle","USD",7880.699516,"Oracle"
"USD","{}","Availability","Spend",7149.33785,"2024-08-25T00:00:00Z","ContractCommitmentDescription 4782",NULL,"Savings Plan","Hourly","contractcommitment-819839","2024-10-06T00:00:00Z","Expired","Continuous","Negotiated","One-Time","All Upfront",1.0,"2024-10-01T00:00:00Z","2024-09-01T00:00:00Z",3888.698784,"Savings Plan","Hours","contract-499476","2024-10-01T00:00:00Z","2024-09-01T00:00:00Z","Microsoft","USD",204.94122,"Microsoft"
"USD","{}","Availability","Usage",2285.568362,"2024-08-17T00:00:00Z","ContractCommitmentDescription 7006",NULL,"Savings Plan","Total Term","contractcommitment-265777","2024-10-07T00:00:00Z","Pending","Continuous","Negotiated","One-Time","Partial Upfront",3645.718399,"2024-10-01T00:00:00Z","2024-09-01T00:00:00Z",7607.102411,"Reserved Instance","Hours","contract-196864","2024-10-01T00:00:00Z","2024-09-01T00:00:00Z","Oracle","USD",6154.499553,"Oracle"
"USD","{}","Other","Spend",2931.528102,"2024-08-23T00:00:00Z","ContractCommitmentDescription 8141",2785.134604,"Reserved Instance","Monthly","contractcommitment-529354","2024-10-02T00:00:00Z","Active","Continuous","Negotiated","Monthly","No Upfront",0.0,"2024-10-01T00:00:00Z","2024-09-01T00:00:00Z",5726.090495,"Committed Use Discount","Hours","contract-402244","2024-10-01T00:00:00Z","2024-09-01T00:00:00Z","AWS","USD",5479.385515,"AWS"
"USD","{}","Discount","Spend",7728.363134,"2024-08-26T00:00:00Z","ContractCommitmentDescription 5408",8172.897606,"Reserved Instance","Transactional","contractcommitment-230167","2024-10-04T00:00:00Z","Superseded","Discontinuous","Public","Custom","No Upfront",0.0,"2024-10-01T00:00:00Z","2024-09-01T00:00:00Z",9321.501045,"Reserved Instance","Hours","contract-441288","2024-10-01T00:00:00Z","2024-09-01T00:00:00Z","Oracle","USD",8554.073287,"Oracle"
"USD","{}","Discount","Usage",1349.491042,"2024-08-15T00:00:00Z","ContractCommitmentDescription 1792",4690.668893,"Reserved Instance","Monthly","contractcommitment-738550","2024-10-01T00:00:00Z","Superseded","Discontinuous","Public","Semi-Annual","No Upfront",0.0,"2024-10-01T00:00:00Z","2024-09-01T00:00:00Z",7102.091842,"Committed Use Discount","Hours","contract-269960","2024-10-01T00:00:00Z","2024-09-01T00:00:00Z","Google","USD",6401.361198,"Google"
"USD","{}","Availability","Usage",5288.93052,"2024-08-29T00:00:00Z","ContractCommitmentDescription 9027",NULL,"Savings Plan","Transactional","contractcommitment-667771","2024-10-07T00:00:00Z","Canceled","Discontinuous","Public","One-Time","All Upfront",1.0,"2024-10-01T00:00:00Z","2024-09-01T00:00:00Z",6055.171607,"Committed Use Discount","Hours","contract-888142","2024-10-01T00:00:00Z","2024-09-01T00:00:00Z","AWS","USD",2514.29815,"AWS"
"USD","{}","Discount","Spend",734.17072,"2024-08-26T00:00:00Z","ContractCommitmentDescription 7021",8419.460155,"Reserved Instance","Custom","contractcommitment-532446","2024-10-09T00:00:00Z","Exhausted","Discontinuous","Public","Quarterly","No Upfront",0.0,"2024-10-01T00:00:00Z","2024-09-01T00:00:00Z",1987.028476,"Reserved Instance","Hours","contract-556694","2024-10-01T00:00:00Z","2024-09-01T00:00:00Z","Oracle","USD",7750.720578,"Oracle"
"USD","{}","Availability","Usage",2444.917794,"2024-08-17T00:00:00Z","ContractCommitmentDescription 1268",NULL,"Savings Plan","Quarterly","contractcommitment-610421","2024-10-10T00:00:00Z","Exhausted","Discontinuous","Public","Quarterly","No Upfront",0.0,"2024-10-01T00:00:00Z","2024-09-01T00:00:00Z",4158.000272,"Reserved Instance","Hours","contract-252607","2024-10-01T00:00:00Z","2024-09-01T00:00:00Z","Microsoft","USD",8970.388669,"Microsoft"
"USD","{}","Other","Usage",8870.465283,"2024-08-22T00:00:00Z","ContractCommitmentDescription 8100",781.234771,"Savings Plan","Semi-Annually","contractcommitment-960979","2024-10-06T00:00:00Z","Expired","Discontinuous","Negotiated","Semi-Annual","No Upfront",0.0,"2024-10-01T00:00:00Z","2024-09-01T00:00:00Z",1934.793019,"Committed Use Discount","Hours","contract-111593","2024-10-01T00:00:00Z","2024-09-01T00:00:00Z","AWS","USD",9920.995616,"AWS"
"USD","{}","Entitlement","Usage",241.398472,"2024-08-14T00:00:00Z","ContractCommitmentDescription 7609",3340.409309,"Committed Use Discount","Total Term","contractcommitment-463778","2024-10-05T00:00:00Z","Expired","Discontinuous","Public","Quarterly","No Upfront",0.0,"2024-10-01T00:00:00Z","2024-09-01T00:00:00Z",5856.211642,"Savings Plan","Hours","contract-554461","2024-10-01T00:00:00Z","2024-09-01T00:00:00Z","Microsoft","USD",7636.396476,"Microsoft"
"USD","{}","Entitlement","Usage",3301.52062,"2024-08-14T00:00:00Z","ContractCommitmentDescription 8206",7314.498329,"Committed Use Discount","Quarterly","contractcommitment-250944","2024-10-10T00:00:00Z","Pending","Continuous","Negotiated","Annual","Partial Upfront",2757.598266,"2024-10-01T00:00:00Z","2024-09-01T00:00:00Z",2202.37546,"Reserved Instance","Hours","contract-112703","2024-10-01T00:00:00Z","2024-09-01T00:00:00Z","AWS","USD",9535.596604,"AWS"
"USD","{}","Entitlement","Usage",5470.559714,"2024-08-18T00:00:00Z","ContractCommitmentDescription 5180",9904.262939,"Reserved Instance","Hourly","contractcommitment-169445","2024-10-10T00:00:00Z","Pending","Continuous","Public","Custom","Partial Upfront",7870.121529,"2024-10-01T00:00:00Z","2024-09-01T00:00:00Z",2190.944513,"Reserved Instance","Hours","contract-219786","2024-10-01T00:00:00Z","2024-09-01T00:00:00Z","Microsoft","USD",799.695303,"Microsoft"
"USD","{}","Availability","Usage",6315.245231,"2024-08-21T00:00:00Z","ContractCommitmentDescription 6349",NULL,"Committed Use Discount","Custom","contractcommitment-645310","2024-10-10T00:00:00Z","Canceled","Discontinuous","Negotiated","Monthly","No Upfront",0.0,"2024-10-01T00:00:00Z","2024-09-01T00:00:00Z",2721.885318,"Committed Use Discount","Hours","contract-623107","2024-10-01T00:00:00Z","2024-09-01T00:00:00Z","Oracle","USD",9727.611447,"Oracle"
"USD","{}","Discount","Spend",5550.14083,"2024-08-30T00:00:00Z","ContractCommitmentDescription 4587",8807.461557,"Reserved Instance","Total Term","contractcommitment-260702","2024-10-10T00:00:00Z","Proposed","Discontinuous","Public","Custom","Partial Upfront",4192.915303,"2024-10-01T00:00:00Z","2024-09-01T00:00:00Z",3312.131338,"Reserved Instance","Hours","contract-270336","2024-10-01T00:00:00Z","2024-09-01T00:00:00Z","Oracle","USD",6230.581439,"Oracle"
"USD","{}","Other","Spend",4142.228996,"2024-08-21T00:00:00Z","ContractCommitmentDescription 1501",3337.858538,"Savings Plan","Daily","contractcommitment-422969","2024-10-01T00:00:00Z","Pending","Discontinuous","Public","One-Time","All Upfront",1.0,"2024-10-01T00:00:00Z","2024-09-01T00:00:00Z",4301.056329,"Reserved Instance","Hours","contract-355051","2024-10-01T00:00:00Z","2024-09-01T00:00:00Z","AWS","USD",6105.727241,"AWS"
"USD","{}","Other","Spend",1006.59833,"2024-08-21T00:00:00Z","ContractCommitmentDescription 2348",7961.942981,"Reserved Instance","Weekly","contractcommitment-666619","2024-10-03T00:00:00Z","Exhausted","Discontinuous","Negotiated","One-Time","All Upfront",1.0,"2024-10-01T00:00:00Z","2024-09-01T00:00:00Z",513.577908,"Savings Plan","Hours","contract-134272","2024-10-01T00:00:00Z","2024-09-01T00:00:00Z","Microsoft","USD",1334.833003,"Microsoft"
"USD","{}","Discount","Spend",8928.797268,"2024-08-20T00:00:00Z","ContractCommitmentDescription 6409",999.713096,"Committed Use Discount","Daily","contractcommitment-141433","2024-10-11T00:00:00Z","Expired","Continuous","Negotiated","Monthly","Partial Upfront",8241.90922,"2024-10-01T00:00:00Z","2024-09-01T00:00:00Z",4903.600894,"Savings Plan","Hours","contract-745330","2024-10-01T00:00:00Z","2024-09-01T00:00:00Z","Google","USD",8368.498275,"Google"
"USD","{}","Other","Usage",1573.940414,"2024-08-12T00:00:00Z","ContractCommitmentDescription 9435",961.201898,"Committed Use Discount","Monthly","contractcommitment-822502","2024-10-05T00:00:00Z","Active","Continuous","Public","One-Time","All Upfront",1.0,"2024-10-01T00:00:00Z","2024-09-01T00:00:00Z",4726.603092,"Savings Plan","Hours","contract-633595","2024-10-01T00:00:00Z","2024-09-01T00:00:00Z","AWS","USD",3063.98759,"AWS"
"USD","{}","Availability","Spend",2406.812792,"2024-08-18T00:00:00Z","ContractCommitmentDescription 3436",NULL,"Reserved Instance","Daily","contractcommitment-161601","2024-10-04T00:00:00Z","Expired","Continuous","Negotiated","One-Time","Partial Upfront",1261.097427,"2024-10-01T00:00:00Z","2024-09-01T00:00:00Z",7227.697303,"Savings Plan","Hours","contract-821132","2024-10-01T00:00:00Z","2024-09-01T00:00:00Z","Oracle","USD",3199.503912,"Oracle"
"USD","{}","Availability","Spend",8955.896383,"2024-08-16T00:00:00Z","ContractCommitmentDescription 1554",NULL,"Savings Plan","Monthly","contractcommitment-461848","2024-10-07T00:00:00Z","Proposed","Continuous","Negotiated","Quarterly","Partial Upfront",1865.62492,"2024-10-01T00:00:00Z","2024-09-01T00:00:00Z",4976.169278,"Committed Use Discount","Hours","contract-921794","2024-10-01T00:00:00Z","2024-09-01T00:00:00Z","Microsoft","USD",7091.417302,"Microsoft"
"USD","{}","Other","Usage",9580.651143,"2024-08-17T00:00:00Z","ContractCommitmentDescription 4014",74.387034,"Reserved Instance","Quarterly","contractcommitment-535998","2024-10-03T00:00:00Z","Proposed","Discontinuous","Public","Monthly","No Upfront",0.0,"2024-10-01T00:00:00Z","2024-09-01T00:00:00Z",2400.233784,"Committed Use Discount","Hours","contract-391359","2024-10-01T00:00:00Z","2024-09-01T00:00:00Z","Google","USD",9073.068962,"Google"
"USD","{}","Availability","Usage",8002.086253,"2024-08-18T00:00:00Z","ContractCommitmentDescription 7111",NULL,"Reserved Instance","Total Term","contractcommitment-909047","2024-10-01T00:00:00Z","Superseded","Continuous","Negotiated","Monthly","Partial Upfront",6803.557102,"2024-10-01T00:00:00Z","2024-09-01T00:00:00Z",8577.740843,"Committed Use Discount","Hours","contract-386728","2024-10-01T00:00:00Z","2024-09-01T00:00:00Z","Microsoft","USD",5308.690994,"Microsoft"
"USD","{}","Availability","Usage",445.136598,"2024-08-18T00:00:00Z","ContractCommitmentDescription 6449",NULL,"Committed Use Discount","Daily","contractcommitment-597567","2024-10-01T00:00:00Z","Superseded","Discontinuous","Public","One-Time","All Upfront",1.0,"2024-10-01T00:00:00Z","2024-09-01T00:00:00Z",3151.795479,"Committed Use Discount","Hours","contract-571095","2024-10-01T00:00:00Z","2024-09-01T00:00:00Z","Microsoft","USD",2647.005044,"Microsoft"
"USD","{}","Other","Usage",42.850191,"2024-08-24T00:00:00Z","ContractCommitmentDescription 4755",405.441465,"Savings Plan","Monthly","contractcommitment-516263","2024-10-11T00:00:00Z","Proposed","Discontinuous","Negotiated","One-Time","Partial Upfront",5352.576361,"2024-10-01T00:00:00Z","2024-09-01T00:00:00Z",8994.938921,"Savings Plan","Hours","contract-626124","2024-10-01T00:00:00Z","2024-09-01T00:00:00Z","AWS","USD",8685.459268,"AWS"
"USD","{}","Entitlement","Usage",7796.747991,"2024-08-12T00:00:00Z","ContractCommitmentDescription 4847",9256.291538,"Savings Plan","Transactional","contractcommitment-860973","2024-10-11T00:00:00Z","Active","Continuous","Negotiated","One-Time","All Upfront",1.0,"2024-10-01T00:00:00Z","2024-09-01T00:00:00Z",3287.748296,"Reserved Instance","Hours","contract-121695","2024-10-01T00:00:00Z","2024-09-01T00:00:00Z","Google","USD",994.599397,"Google"
"USD","{}","Availability","Usage",1618.614711,"2024-08-26T00:00:00Z","ContractCommitmentDescription 7986",NULL,"Reserved Instance","Semi-Annually","contractcommitment-202345","2024-10-11T00:00:00Z","Superseded","Discontinuous","Public","One-Time","All Upfront",1.0,"2024-10-01T00:00:00Z","2024-09-01T00:00:00Z",685.897699,"Reserved Instance","Hours","contract-994467","2024-10-01T00:00:00Z","2024-09-01T00:00:00Z","Google","USD",9371.02817,"Google"
"USD","{}","Other","Usage",1214.390434,"2024-08-29T00:00:00Z","ContractCommitmentDescription 9758",4652.972259,"Reserved Instance","Total Term","contractcommitment-800447","2024-10-05T00:00:00Z","Expired","Discontinuous","Negotiated","Quarterly","No Upfront",0.0,"2024-10-01T00:00:00Z","2024-09-01T00:00:00Z",3878.806815,"Reserved Instance","Hours","contract-362433","2024-10-01T00:00:00Z","2024-09-01T00:00:00Z","Microsoft","USD",7253.152431,"Microsoft"
"USD","{}","Entitlement","Spend",4786.903559,"2024-08-29T00:00:00Z","ContractCommitmentDescription 6757",297.891076,"Savings Plan","Annually","contractcommitment-208600","2024-10-03T00:00:00Z","Superseded","Discontinuous","Negotiated","Monthly","No Upfront",0.0,"2024-10-01T00:00:00Z","2024-09-01T00:00:00Z",4834.23127,"Committed Use Discount","Hours","contract-880823","2024-10-01T00:00:00Z","2024-09-01T00:00:00Z","AWS","USD",2267.511996,"AWS"
"USD","{}","Availability","Spend",8999.705318,"2024-08-14T00:00:00Z","ContractCommitmentDescription 1596",NULL,"Reserved Instance","Custom","contractcommitment-472686","2024-10-08T00:00:00Z","Proposed","Discontinuous","Public","One-Time","All Upfront",1.0,"2024-10-01T00:00:00Z","2024-09-01T00:00:00Z",9695.837298,"Savings Plan","Hours","contract-240592","2024-10-01T00:00:00Z","2024-09-01T00:00:00Z","Oracle","USD",8430.223845,"Oracle"
"USD","{}","Availability","Spend",6249.465481,"2024-08-13T00:00:00Z","ContractCommitmentDescription 1532",NULL,"Committed Use Discount","Semi-Annually","contractcommitment-357989","2024-10-03T00:00:00Z","Active","Discontinuous","Public","One-Time","No Upfront",0.0,"2024-10-01T00:00:00Z","2024-09-01T00:00:00Z",3002.051165,"Reserved Instance","Hours","contract-955316","2024-10-01T00:00:00Z","2024-09-01T00:00:00Z","AWS","USD",3795.811608,"AWS"
"USD","{}","Availability","Spend",4982.870468,"2024-08-23T00:00:00Z","ContractCommitmentDescription 5912",NULL,"Reserved Instance","Quarterly","contractcommitment-443674","2024-10-06T00:00:00Z","Pending","Continuous","Negotiated","One-Time","All Upfront",1.0,"2024-10-01T00:00:00Z","2024-09-01T00:00:00Z",1001.226184,"Reserved Instance","Hours","contract-377033","2024-10-01T00:00:00Z","2024-09-01T00:00:00Z","Microsoft","USD",7679.987798,"Microsoft"
"USD","{}","Discount","Spend",490.78705,"2024-08-28T00:00:00Z","ContractCommitmentDescription 6103",8414.671925,"Committed Use Discount","Transactional","contractcommitment-183532","2024-10-03T00:00:00Z","Superseded","Discontinuous","Public","One-Time","Partial Upfront",7523.019309,"2024-10-01T00:00:00Z","2024-09-01T00:00:00Z",407.374301,"Savings Plan","Hours","contract-789855","2024-10-01T00:00:00Z","2024-09-01T00:00:00Z","Google","USD",3332.665508,"Google"
"USD","{}","Discount","Spend",8914.023748,"2024-08-27T00:00:00Z","ContractCommitmentDescription 1696",4692.231179,"Savings Plan","Annually","contractcommitment-668290","2024-10-02T00:00:00Z","Proposed","Discontinuous","Negotiated","One-Time","All Upfront",1.0,"2024-10-01T00:00:00Z","2024-09-01T00:00:00Z",2475.757679,"Savings Plan","Hours","contract-294122","2024-10-01T00:00:00Z","2024-09-01T00:00:00Z","AWS","USD",6484.857568,"AWS"
"USD","{}","Entitlement","Spend",7378.616702,"2024-08-31T00:00:00Z","ContractCommitmentDescription 9350",2385.865375,"Savings Plan","Hourly","contractcommitment-814511","2024-10-08T00:00:00Z","Expired","Discontinuous","Negotiated","One-Time","All Upfront",1.0,"2024-10-01T00:00:00Z","2024-09-01T00:00:00Z",4297.231153,"Committed Use Discount","Hours","contract-301821","2024-10-01T00:00:00Z","2024-09-01T00:00:00Z","AWS","USD",8250.253761,"AWS"
"USD","{}","Other","Usage",2693.602387,"2024-08-20T00:00:00Z","ContractCommitmentDescription 3042",7069.043623,"Savings Plan","Custom","contractcommitment-621852","2024-10-03T00:00:00Z","Proposed","Continuous","Public","Annual","No Upfront",0.0,"2024-10-01T00:00:00Z","2024-09-01T00:00:00Z",6912.99961,"Committed Use Discount","Hours","contract-954008","2024-10-01T00:00:00Z","2024-09-01T00:00:00Z","Google","USD",6408.205597,"Google"
"USD","{}","Entitlement","Spend",7312.524846,"2024-08-24T00:00:00Z","ContractCommitmentDescription 7467",1329.620701,"Reserved Instance","Quarterly","contractcommitment-218083","2024-10-03T00:00:00Z","Expired","Continuous","Negotiated","Custom","No Upfront",0.0,"2024-10-01T00:00:00Z","2024-09-01T00:00:00Z",137.599216,"Reserved Instance","Hours","contract-316356","2024-10-01T00:00:00Z","2024-09-01T00:00:00Z","AWS","USD",4470.745038,"AWS"
"USD","{}","Other","Usage",4434.117724,"2024-08-28T00:00:00Z","ContractCommitmentDescription 4302",8577.56232,"Reserved Instance","Monthly","contractcommitment-508117","2024-10-06T00:00:00Z","Active","Continuous","Negotiated","Semi-Annual","Partial Upfront",9491.430094,"2024-10-01T00:00:00Z","2024-09-01T00:00:00Z",4374.508191,"Savings Plan","Hours","contract-554341","2024-10-01T00:00:00Z","2024-09-01T00:00:00Z","Microsoft","USD",4635.825094,"Microsoft"
"USD","{}","Entitlement","Usage",1104.16486,"2024-08-30T00:00:00Z","ContractCommitmentDescription 5705",1406.978613,"Savings Plan","Weekly","contractcommitment-546853","2024-10-08T00:00:00Z","Superseded","Continuous","Public","Annual","No Upfront",0.0,"2024-10-01T00:00:00Z","2024-09-01T00:00:00Z",3478.429787,"Committed Use Discount","Hours","contract-571170","2024-10-01T00:00:00Z","2024-09-01T00:00:00Z","AWS","USD",2009.240068,"AWS"
"USD","{}","Other","Spend",4381.292902,"2024-08-16T00:00:00Z","ContractCommitmentDescription 3187",171.457736,"Reserved Instance","Total Term","contractcommitment-503263","2024-10-07T00:00:00Z","Pending","Continuous","Negotiated","One-Time","All Upfront",1.0,"2024-10-01T00:00:00Z","2024-09-01T00:00:00Z",2548.111803,"Reserved Instance","Hours","contract-790271","2024-10-01T00:00:00Z","2024-09-01T00:00:00Z","Google","USD",5164.805263,"Google"
"USD","{}","Discount","Spend",8987.756691,"2024-08-19T00:00:00Z","ContractCommitmentDescription 5130",8097.101543,"Committed Use Discount","Transactional","contractcommitment-997423","2024-10-01T00:00:00Z","Expired","Continuous","Public","Annual","No Upfront",0.0,"2024-10-01T00:00:00Z","2024-09-01T00:00:00Z",195.700402,"Committed Use Discount","Hours","contract-695539","2024-10-01T00:00:00Z","2024-09-01T00:00:00Z","Google","USD",3412.962556,"Google"
"USD","{}","Availability","Usage",2511.677123,"2024-08-25T00:00:00Z","ContractCommitmentDescription 5455",NULL,"Committed Use Discount","Annually","contractcommitment-802374","2024-10-03T00:00:00Z","Superseded","Discontinuous","Negotiated","Semi-Annual","Partial Upfront",6246.192246,"2024-10-01T00:00:00Z","2024-09-01T00:00:00Z",8902.570698,"Savings Plan","Hours","contract-999464","2024-10-01T00:00:00Z","2024-09-01T00:00:00Z","Oracle","USD",3361.479741,"Oracle"
"USD","{}","Entitlement","Usage",9575.017956,"2024-08-24T00:00:00Z","ContractCommitmentDescription 1269",6897.292962,"Reserved Instance","Custom","contractcommitment-243650","2024-10-09T00:00:00Z","Pending","Discontinuous","Negotiated","Monthly","Partial Upfront",4123.59875,"2024-10-01T00:00:00Z","2024-09-01T00:00:00Z",9959.560539,"Reserved Instance","Hours","contract-814039","2024-10-01T00:00:00Z","2024-09-01T00:00:00Z","Oracle","USD",9897.74592,"Oracle"
"USD","{}","Availability","Spend",366.158654,"2024-08-27T00:00:00Z","ContractCommitmentDescription 1191",NULL,"Savings Plan","Daily","contractcommitment-394032","2024-10-04T00:00:00Z","Canceled","Discontinuous","Negotiated","One-Time","Partial Upfront",9235.671627,"2024-10-01T00:00:00Z","2024-09-01T00:00:00Z",6117.740357,"Reserved Instance","Hours","contract-929527","2024-10-01T00:00:00Z","2024-09-01T00:00:00Z","Oracle","USD",5983.234684,"Oracle"
"USD","{}","Entitlement","Spend",9262.282166,"2024-08-30T00:00:00Z","ContractCommitmentDescription 9020",8170.654177,"Reserved Instance","Annually","contractcommitment-446810","2024-10-08T00:00:00Z","Proposed","Continuous","Negotiated","Annual","Partial Upfront",0.929119,"2024-10-01T00:00:00Z","2024-09-01T00:00:00Z",6963.79083,"Savings Plan","Hours","contract-683309","2024-10-01T00:00:00Z","2024-09-01T00:00:00Z","Microsoft","USD",6959.390056,"Microsoft"
"USD","{}","Availability","Spend",1720.682295,"2024-08-28T00:00:00Z","ContractCommitmentDescription 3571",NULL,"Reserved Instance","Weekly","contractcommitment-305369","2024-10-11T00:00:00Z","Superseded","Continuous","Negotiated","Monthly","Partial Upfront",4608.551194,"2024-10-01T00:00:00Z","2024-09-01T00:00:00Z",6616.612706,"Reserved Instance","Hours","contract-133020","2024-10-01T00:00:00Z","2024-09-01T00:00:00Z","AWS","USD",1178.762296,"AWS"
"USD","{}","Other","Spend",6879.171287,"2024-08-20T00:00:00Z","ContractCommitmentDescription 3606",4737.300528,"Reserved Instance","Weekly","contractcommitment-492729","2024-10-11T00:00:00Z","Proposed","Continuous","Public","One-Time","No Upfront",0.0,"2024-10-01T00:00:00Z","2024-09-01T00:00:00Z",2117.851755,"Reserved Instance","Hours","contract-213707","2024-10-01T00:00:00Z","2024-09-01T00:00:00Z","Microsoft","USD",4346.184599,"Microsoft"
"USD","{}","Availability","Usage",1573.971572,"2024-08-23T00:00:00Z","ContractCommitmentDescription 9730",NULL,"Reserved Instance","Total Term","contractcommitment-545525","2024-10-09T00:00:00Z","Pending","Discontinuous","Public","Quarterly","Partial Upfront",6062.813119,"2024-10-01T00:00:00Z","2024-09-01T00:00:00Z",9262.131135,"Reserved Instance","Hours","contract-525529","2024-10-01T00:00:00Z","2024-09-01T00:00:00Z","Microsoft","USD",2955.342187,"Microsoft"
"USD","{}","Entitlement","Spend",2297.378237,"2024-08-29T00:00:00Z","ContractCommitmentDescription 9741",9495.626156,"Reserved Instance","Transactional","contractcommitment-602605","2024-10-10T00:00:00Z","Exhausted","Continuous","Negotiated","Annual","No Upfront",0.0,"2024-10-01T00:00:00Z","2024-09-01T00:00:00Z",2318.00428,"Reserved Instance","Hours","contract-153223","2024-10-01T00:00:00Z","2024-09-01T00:00:00Z","Oracle","USD",5084.159811,"Oracle"
"USD","{}","Availability","Spend",2596.582194,"2024-08-24T00:00:00Z","ContractCommitmentDescription 6440",NULL,"Reserved Instance","Hourly","contractcommitment-548497","2024-10-09T00:00:00Z","Exhausted","Continuous","Negotiated","One-Time","All Upfront",1.0,"2024-10-01T00:00:00Z","2024-09-01T00:00:00Z",5179.550659,"Committed Use Discount","Hours","contract-174905","2024-10-01T00:00:00Z","2024-09-01T00:00:00Z","AWS","USD",4221.224094,"AWS"
"USD","{}","Availability","Usage",299.601185,"2024-08-21T00:00:00Z","ContractCommitmentDescription 1188",NULL,"Committed Use Discount","Hourly","contractcommitment-948924","2024-10-08T00:00:00Z","Canceled","Continuous","Negotiated","Quarterly","No Upfront",0.0,"2024-10-01T00:00:00Z","2024-09-01T00:00:00Z",8079.721379,"Committed Use Discount","Hours","contract-186646","2024-10-01T00:00:00Z","2024-09-01T00:00:00Z","AWS","USD",6879.564016,"AWS"
"USD","{}","Availability","Spend",7874.657857,"2024-08-28T00:00:00Z","ContractCommitmentDescription 1423",NULL,"Savings Plan","Semi-Annually","contractcommitment-497457","2024-10-08T00:00:00Z","Canceled","Continuous","Public","Quarterly","Partial Upfront",1592.744521,"2024-10-01T00:00:00Z","2024-09-01T00:00:00Z",5457.752333,"Reserved Instance","Hours","contract-599938","2024-10-01T00:00:00Z","2024-09-01T00:00:00Z","Oracle","USD",2871.838025,"Oracle"
"USD","{}","Discount","Usage",3794.452583,"2024-08-27T00:00:00Z","ContractCommitmentDescription 1661",5071.43687,"Savings Plan","Hourly","contractcommitment-146290","2024-10-03T00:00:00Z","Expired","Continuous","Negotiated","Custom","Partial Upfront",8857.927713,"2024-10-01T00:00:00Z","2024-09-01T00:00:00Z",3778.957378,"Committed Use Discount","Hours","contract-192996","2024-10-01T00:00:00Z","2024-09-01T00:00:00Z","AWS","USD",3614.66741,"AWS"
"USD","{}","Discount","Spend",4129.723992,"2024-08-15T00:00:00Z","ContractCommitmentDescription 5414",5116.825717,"Savings Plan","Semi-Annually","contractcommitment-793448","2024-10-03T00:00:00Z","Proposed","Discontinuous","Public","One-Time","All Upfront",1.0,"2024-10-01T00:00:00Z","2024-09-01T00:00:00Z",418.731537,"Committed Use Discount","Hours","contract-755377","2024-10-01T00:00:00Z","2024-09-01T00:00:00Z","Google","USD",4697.692249,"Google"
"USD","{}","Other","Usage",7865.232229,"2024-08-25T00:00:00Z","ContractCommitmentDescription 1278",7723.664762,"Committed Use Discount","Transactional","contractcommitment-293741","2024-10-04T00:00:00Z","Pending","Continuous","Negotiated","Quarterly","No Upfront",0.0,"2024-10-01T00:00:00Z","2024-09-01T00:00:00Z",8652.51328,"Savings Plan","Hours","contract-230300","2024-10-01T00:00:00Z","2024-09-01T00:00:00Z","Oracle","USD",8902.049851,"Oracle"
"USD","{}","Entitlement","Usage",4984.472236,"2024-08-23T00:00:00Z","ContractCommitmentDescription 5079",5156.633496,"Savings Plan","Monthly","contractcommitment-653985","2024-10-11T00:00:00Z","Canceled","Continuous","Public","Quarterly","No Upfront",0.0,"2024-10-01T00:00:00Z","2024-09-01T00:00:00Z",655.305545,"Committed Use Discount","Hours","contract-749146","2024-10-01T00:00:00Z","2024-09-01T00:00:00Z","AWS","USD",6779.030434,"AWS"
"USD","{}","Availability","Spend",207.093749,"2024-08-15T00:00:00Z","ContractCommitmentDescription 7877",NULL,"Reserved Instance","Semi-Annually","contractcommitment-857333","2024-10-10T00:00:00Z","Canceled","Discontinuous","Negotiated","One-Time","Partial Upfront",9607.736526,"2024-10-01T00:00:00Z","2024-09-01T00:00:00Z",2518.499276,"Savings Plan","Hours","contract-961968","2024-10-01T00:00:00Z","2024-09-01T00:00:00Z","Microsoft","USD",3901.840917,"Microsoft"
"USD","{}","Discount","Spend",4032.791837,"2024-08-26T00:00:00Z","ContractCommitmentDescription 4753",7211.241251,"Savings Plan","Semi-Annually","contractcommitment-669868","2024-10-06T00:00:00Z","Canceled","Continuous","Public","One-Time","All Upfront",1.0,"2024-10-01T00:00:00Z","2024-09-01T00:00:00Z",846.068596,"Savings Plan","Hours","contract-531165","2024-10-01T00:00:00Z","2024-09-01T00:00:00Z","Oracle","USD",7920.937708,"Oracle"
"USD","{}","Discount","Spend",7307.800733,"2024-08-15T00:00:00Z","ContractCommitmentDescription 7035",2414.433923,"Committed Use Discount","Transactional","contractcommitment-643945","2024-10-10T00:00:00Z","Pending","Discontinuous","Public","Custom","No Upfront",0.0,"2024-10-01T00:00:00Z","2024-09-01T00:00:00Z",8317.533634,"Reserved Instance","Hours","contract-139364","2024-10-01T00:00:00Z","2024-09-01T00:00:00Z","Google","USD",2896.961919,"Google"
"USD","{}","Entitlement","Usage",1943.289178,"2024-08-22T00:00:00Z","ContractCommitmentDescription 9621",2577.170922,"Savings Plan","Daily","contractcommitment-513893","2024-10-04T00:00:00Z","Canceled","Continuous","Negotiated","One-Time","No Upfront",0.0,"2024-10-01T00:00:00Z","2024-09-01T00:00:00Z",5998.551879,"Committed Use Discount","Hours","contract-856287","2024-10-01T00:00:00Z","2024-09-01T00:00:00Z","AWS","USD",8785.965352,"AWS"
"USD","{}","Entitlement","Spend",6308.735958,"2024-08-14T00:00:00Z","ContractCommitmentDescription 4243",4925.810562,"Reserved Instance","Annually","contractcommitment-775312","2024-10-01T00:00:00Z","Active","Continuous","Negotiated","Semi-Annual","No Upfront",0.0,"2024-10-01T00:00:00Z","2024-09-01T00:00:00Z",9562.105915,"Committed Use Discount","Hours","contract-620792","2024-10-01T00:00:00Z","2024-09-01T00:00:00Z","AWS","USD",7583.983538,"AWS"
"USD","{}","Other","Spend",106.719428,"2024-08-19T00:00:00Z","ContractCommitmentDescription 4028",2087.035538,"Reserved Instance","Hourly","contractcommitment-714560","2024-10-02T00:00:00Z","Proposed","Discontinuous","Public","One-Time","All Upfront",1.0,"2024-10-01T00:00:00Z","2024-09-01T00:00:00Z",5971.966648,"Reserved Instance","Hours","contract-821836","2024-10-01T00:00:00Z","2024-09-01T00:00:00Z","Google","USD",3772.911231,"Google"
"USD","{}","Discount","Usage",9166.72118,"2024-08-16T00:00:00Z","ContractCommitmentDescription 4501",3917.6141,"Committed Use Discount","Semi-Annually","contractcommitment-240431","2024-10-05T00:00:00Z","Proposed","Continuous","Public","Annual","No Upfront",0.0,"2024-10-01T00:00:00Z","2024-09-01T00:00:00Z",8708.415965,"Committed Use Discount","Hours","contract-214143","2024-10-01T00:00:00Z","2024-09-01T00:00:00Z","Oracle","USD",5392.293281,"Oracle"
"USD","{}","Availability","Spend",5865.570839,"2024-08-24T00:00:00Z","ContractCommitmentDescription 7672",NULL,"Committed Use Discount","Weekly","contractcommitment-326057","2024-10-07T00:00:00Z","Expired","Continuous","Negotiated","Monthly","Partial Upfront",2750.196631,"2024-10-01T00:00:00Z","2024-09-01T00:00:00Z",3376.946853,"Reserved Instance","Hours","contract-367541","2024-10-01T00:00:00Z","2024-09-01T00:00:00Z","Microsoft","USD",9337.778765,"Microsoft"
"USD","{}","Discount","Usage",6304.779576,"2024-08-27T00:00:00Z","ContractCommitmentDescription 6529",2376.486547,"Savings Plan","Annually","contractcommitment-556519","2024-10-09T00:00:00Z","Superseded","Continuous","Negotiated","One-Time","All Upfront",1.0,"2024-10-01T00:00:00Z","2024-09-01T00:00:00Z",7803.067628,"Reserved Instance","Hours","contract-302310","2024-10-01T00:00:00Z","2024-09-01T00:00:00Z","Google","USD",8748.290911,"Google"
"USD","{}","Other","Spend",8181.723049,"2024-08-15T00:00:00Z","ContractCommitmentDescription 1446",3862.841215,"Committed Use Discount","Total Term","contractcommitment-176209","2024-10-04T00:00:00Z","Active","Continuous","Negotiated","Monthly","No Upfront",0.0,"2024-10-01T00:00:00Z","2024-09-01T00:00:00Z",3405.334007,"Reserved Instance","Hours","contract-633804","2024-10-01T00:00:00Z","2024-09-01T00:00:00Z","AWS","USD",5502.913906,"AWS"
"USD","{}","Other","Usage",7630.519834,"2024-08-13T00:00:00Z","ContractCommitmentDescription 3336",6211.786658,"Committed Use Discount","Quarterly","contractcommitment-404507","2024-10-02T00:00:00Z","Canceled","Continuous","Negotiated","Monthly","Partial Upfront",8963.604983,"2024-10-01T00:00:00Z","2024-09-01T00:00:00Z",49.590155,"Committed Use Discount","Hours","contract-918144","2024-10-01T00:00:00Z","2024-09-01T00:00:00Z","Oracle","USD",1940.691869,"Oracle"
"USD","{}","Entitlement","Usage",461.205781,"2024-08-24T00:00:00Z","ContractCommitmentDescription 4829",6451.355768,"Committed Use Discount","Daily","contractcommitment-155994","2024-10-08T00:00:00Z","Proposed","Discontinuous","Public","One-Time","All Upfront",1.0,"2024-10-01T00:00:00Z","2024-09-01T00:00:00Z",8222.568635,"Committed Use Discount","Hours","contract-691881","2024-10-01T00:00:00Z","2024-09-01T00:00:00Z","Google","USD",5808.436253,"Google"
"USD","{}","Discount","Usage",9918.94098,"2024-08-22T00:00:00Z","ContractCommitmentDescription 3713",4028.550666,"Committed Use Discount","Custom","contractcommitment-754076","2024-10-05T00:00:00Z","Canceled","Discontinuous","Public","Custom","Partial Upfront",8302.821856,"2024-10-01T00:00:00Z","2024-09-01T00:00:00Z",6417.493195,"Committed Use Discount","Hours","contract-194009","2024-10-01T00:00:00Z","2024-09-01T00:00:00Z","AWS","USD",8891.513834,"AWS"
"USD","{}","Other","Spend",1469.318519,"2024-08-27T00:00:00Z","ContractCommitmentDescription 2686",2944.07502,"Committed Use Discount","Quarterly","contractcommitment-697144","2024-10-09T00:00:00Z","Expired","Continuous","Negotiated","Monthly","No Upfront",0.0,"2024-10-01T00:00:00Z","2024-09-01T00:00:00Z",7803.349704,"Reserved Instance","Hours","contract-918443","2024-10-01T00:00:00Z","2024-09-01T00:00:00Z","Google","USD",1412.922202,"Google"
"USD","{}","Other","Spend",9900.226486,"2024-08-19T00:00:00Z","ContractCommitmentDescription 8749",1550.008163,"Committed Use Discount","Daily","contractcommitment-579389","2024-10-10T00:00:00Z","Superseded","Discontinuous","Negotiated","Custom","Partial Upfront",1739.146244,"2024-10-01T00:00:00Z","2024-09-01T00:00:00Z",2159.068533,"Committed Use Discount","Hours","contract-645252","2024-10-01T00:00:00Z","2024-09-01T00:00:00Z","Oracle","USD",6067.310737,"Oracle"
"USD","{}","Entitlement","Spend",8359.712498,"2024-08-12T00:00:00Z","ContractCommitmentDescription 5664",8280.136064,"Savings Plan","Annually","contractcommitment-795817","2024-10-06T00:00:00Z","Proposed","Continuous","Public","Quarterly","No Upfront",0.0,"2024-10-01T00:00:00Z","2024-09-01T00:00:00Z",8489.717304,"Reserved Instance","Hours","contract-719196","2024-10-01T00:00:00Z","2024-09-01T00:00:00Z","Google","USD",7631.052685,"Google"
"USD","{}","Other","Usage",3447.174237,"2024-08-18T00:00:00Z","ContractCommitmentDescription 2192",9234.614211,"Reserved Instance","Hourly","contractcommitment-689083","2024-10-11T00:00:00Z","Exhausted","Discontinuous","Negotiated","One-Time","All Upfront",1.0,"2024-10-01T00:00:00Z","2024-09-01T00:00:00Z",7664.910048,"Committed Use Discount","Hours","contract-699268","2024-10-01T00:00:00Z","2024-09-01T00:00:00Z","Microsoft","USD",3368.524908,"Microsoft"
"USD","{}","Entitlement","Spend",5876.112118,"2024-08-23T00:00:00Z","ContractCommitmentDescription 6091",8497.635388,"Savings Plan","Hourly","contractcommitment-996151","2024-10-04T00:00:00Z","Proposed","Continuous","Public","Monthly","No Upfront",0.0,"2024-10-01T00:00:00Z","2024-09-01T00:00:00Z",8522.077539,"Savings Plan","Hours","contract-508196","2024-10-01T00:00:00Z","2024-09-01T00:00:00Z","AWS","USD",626.049638,"AWS"
"USD","{}","Discount","Spend",6683.15047,"2024-08-28T00:00:00Z","ContractCommitmentDescription 6486",8235.605431,"Reserved Instance","Hourly","contractcommitment-169439","2024-10-07T00:00:00Z","Exhausted","Continuous","Public","One-Time","Partial Upfront",6298.620224,"2024-10-01T00:00:00Z","2024-09-01T00:00:00Z",731.628005,"Committed Use Discount","Hours","contract-156962","2024-10-01T00:00:00Z","2024-09-01T00:00:00Z","AWS","USD",4531.369016,"AWS"
"USD","{}","Other","Spend",502.991731,"2024-08-15T00:00:00Z","ContractCommitmentDescription 7035",2205.107707,"Savings Plan","Quarterly","contractcommitment-117634","2024-10-04T00:00:00Z","Exhausted","Discontinuous","Public","Annual","Partial Upfront",3907.379669,"2024-10-01T00:00:00Z","2024-09-01T00:00:00Z",581.81999,"Savings Plan","Hours","contract-861288","2024-10-01T00:00:00Z","2024-09-01T00:00:00Z","Microsoft","USD",4032.192287,"Microsoft"
"USD","{}","Discount","Spend",7458.630195,"2024-08-27T00:00:00Z","ContractCommitmentDescription 9062",7249.881672,"Savings Plan","Annually","contractcommitment-150011","2024-10-10T00:00:00Z","Pending","Continuous","Public","One-Time","Partial Upfront",9365.744779,"2024-10-01T00:00:00Z","2024-09-01T00:00:00Z",6746.324192,"Savings Plan","Hours","contract-304753","2024-10-01T00:00:00Z","2024-09-01T00:00:00Z","Oracle","USD",1984.392494,"Oracle"
"USD","{}","Availability","Spend",2026.185717,"2024-08-24T00:00:00Z","ContractCommitmentDescription 7575",NULL,"Committed Use Discount","Daily","contractcommitment-586806","2024-10-02T00:00:00Z","Proposed","Continuous","Negotiated","Custom","No Upfront",0.0,"2024-10-01T00:00:00Z","2024-09-01T00:00:00Z",1633.828133,"Savings Plan","Hours","contract-329502","2024-10-01T00:00:00Z","2024-09-01T00:00:00Z","Oracle","USD",7503.376784,"Oracle"
"USD","{}","Other","Usage",5461.127875,"2024-08-15T00:00:00Z","ContractCommitmentDescription 6651",3759.811083,"Reserved Instance","Monthly","contractcommitment-569226","2024-10-11T00:00:00Z","Proposed","Discontinuous","Public","One-Time","All Upfront",1.0,"2024-10-01T00:00:00Z","2024-09-01T00:00:00Z",9612.378342,"Committed Use Discount","Hours","contract-150106","2024-10-01T00:00:00Z","2024-09-01T00:00:00Z","Microsoft","USD",1408.511316,"Microsoft"
"USD","{}","Other","Usage",2847.606241,"2024-08-22T00:00:00Z","ContractCommitmentDescription 1866",2365.075085,"Reserved Instance","Quarterly","contractcommitment-972415","2024-10-09T00:00:00Z","Proposed","Discontinuous","Public","Annual","No Upfront",0.0,"2024-10-01T00:00:00Z","2024-09-01T00:00:00Z",9050.427933,"Committed Use Discount","Hours","contract-799689","2024-10-01T00:00:00Z","2024-09-01T00:00:00Z","Oracle","USD",5133.907882,"Oracle"
"USD","{}","Discount","Usage",8942.662315,"2024-08-29T00:00:00Z","ContractCommitmentDescription 9785",8273.227824,"Reserved Instance","Monthly","contractcommitment-373781","2024-10-01T00:00:00Z","Expired","Discontinuous","Negotiated","One-Time","All Upfront",1.0,"2024-10-01T00:00:00Z","2024-09-01T00:00:00Z",8297.474048,"Committed Use Discount","Hours","contract-345224","2024-10-01T00:00:00Z","2024-09-01T00:00:00Z","Microsoft","USD",7578.784557,"Microsoft"
"USD","{}","Entitlement","Usage",4084.251674,"2024-08-14T00:00:00Z","ContractCommitmentDescription 6545",2289.082898,"Savings Plan","Hourly","contractcommitment-616765","2024-10-04T00:00:00Z","Superseded","Discontinuous","Public","Custom","No Upfront",0.0,"2024-10-01T00:00:00Z","2024-09-01T00:00:00Z",7001.115461,"Savings Plan","Hours","contract-347411","2024-10-01T00:00:00Z","2024-09-01T00:00:00Z","Microsoft","USD",9003.125161,"Microsoft"
"USD","{}","Entitlement","Spend",6589.105415,"2024-08-31T00:00:00Z","ContractCommitmentDescription 3800",1804.489734,"Committed Use Discount","Semi-Annually","contractcommitment-443818","2024-10-06T00:00:00Z","Canceled","Continuous","Negotiated","One-Time","All Upfront",1.0,"2024-10-01T00:00:00Z","2024-09-01T00:00:00Z",3660.404981,"Savings Plan","Hours","contract-569009","2024-10-01T00:00:00Z","2024-09-01T00:00:00Z","Microsoft","USD",9370.587625,"Microsoft"
"USD","{}","Discount","Spend",727.532803,"2024-08-19T00:00:00Z","ContractCommitmentDescription 3273",3273.925451,"Savings Plan","Total Term","contractcommitment-891636","2024-10-10T00:00:00Z","Expired","Continuous","Public","Monthly","Partial Upfront",6234.369994,"2024-10-01T00:00:00Z","2024-09-01T00:00:00Z",5418.576396,"Committed Use Discount","Hours","contract-266028","2024-10-01T00:00:00Z","2024-09-01T00:00:00Z","Google","USD",1268.74081,"Google"
"USD","{}","Entitlement","Usage",9750.09335,"2024-08-21T00:00:00Z","ContractCommitmentDescription 5108",5073.61233,"Savings Plan","Weekly","contractcommitment-412619","2024-10-01T00:00:00Z","Expired","Discontinuous","Negotiated","Custom","No Upfront",0.0,"2024-10-01T00:00:00Z","2024-09-01T00:00:00Z",4518.636586,"Committed Use Discount","Hours","contract-580127","2024-10-01T00:00:00Z","2024-09-01T00:00:00Z","AWS","USD",9624.299914,"AWS"
"USD","{}","Entitlement","Usage",4475.791707,"2024-08-17T00:00:00Z","ContractCommitmentDescription 8825",1959.887485,"Committed Use Discount","Weekly","contractcommitment-127491","2024-10-02T00:00:00Z","Expired","Discontinuous","Public","Semi-Annual","No Upfront",0.0,"2024-10-01T00:00:00Z","2024-09-01T00:00:00Z",634.810904,"Committed Use Discount","Hours","contract-618938","2024-10-01T00:00:00Z","2024-09-01T00:00:00Z","AWS","USD",6104.319284,"AWS"
"USD","{}","Other","Usage",7185.397435,"2024-08-19T00:00:00Z","ContractCommitmentDescription 3521",8370.450052,"Reserved Instance","Semi-Annually","contractcommitment-641187","2024-10-09T00:00:00Z","Expired","Continuous","Public","Custom","No Upfront",0.0,"2024-10-01T00:00:00Z","2024-09-01T00:00:00Z",5321.406671,"Committed Use Discount","Hours","contract-100686","2024-10-01T00:00:00Z","2024-09-01T00:00:00Z","Oracle","USD",3985.936541,"Oracle"
"USD","{}","Availability","Spend",6635.701127,"2024-08-24T00:00:00Z","ContractCommitmentDescription 6904",NULL,"Savings Plan","Annually","contractcommitment-863036","2024-10-06T00:00:00Z","Expired","Discontinuous","Public","Annual","No Upfront",0.0,"2024-10-01T00:00:00Z","2024-09-01T00:00:00Z",1248.254789,"Savings Plan","Hours","contract-284452","2024-10-01T00:00:00Z","2024-09-01T00:00:00Z","Microsoft","USD",7783.790808,"Microsoft"
"USD","{}","Other","Usage",5935.949191,"2024-08-20T00:00:00Z","ContractCommitmentDescription 4213",1403.541591,"Committed Use Discount","Quarterly","contractcommitment-294708","2024-10-05T00:00:00Z","Canceled","Continuous","Negotiated","One-Time","All Upfront",1.0,"2024-10-01T00:00:00Z","2024-09-01T00:00:00Z",8467.431163,"Savings Plan","Hours","contract-304019","2024-10-01T00:00:00Z","2024-09-01T00:00:00Z","Google","USD",5461.820883,"Google"
"USD","{}","Discount","Usage",1866.017918,"2024-08-21T00:00:00Z","ContractCommitmentDescription 6535",7224.208414,"Savings Plan","Weekly","contractcommitment-460029","2024-10-07T00:00:00Z","Exhausted","Continuous","Negotiated","One-Time","All Upfront",1.0,"2024-10-01T00:00:00Z","2024-09-01T00:00:00Z",6945.976781,"Savings Plan","Hours","contract-737468","2024-10-01T00:00:00Z","2024-09-01T00:00:00Z","AWS","USD",7816.825784,"AWS"
"USD","{}","Other","Usage",3658.042179,"2024-08-28T00:00:00Z","ContractCommitmentDescription 9022",5189.349894,"Savings Plan","Transactional","contractcommitment-440133","2024-10-04T00:00:00Z","Proposed","Discontinuous","Public","Custom","Partial Upfront",8248.619904,"2024-10-01T00:00:00Z","2024-09-01T00:00:00Z",2242.067084,"Reserved Instance","Hours","contract-758639","2024-10-01T00:00:00Z","2024-09-01T00:00:00Z","Google","USD",6231.802934,"Google"
"USD","{}","Entitlement","Spend",1991.478169,"2024-08-28T00:00:00Z","ContractCommitmentDescription 6465",5819.769594,"Savings Plan","Hourly","contractcommitment-190188","2024-10-08T00:00:00Z","Superseded","Discontinuous","Negotiated","Semi-Annual","Partial Upfront",882.072547,"2024-10-01T00:00:00Z","2024-09-01T00:00:00Z",2936.499898,"Reserved Instance","Hours","contract-967800","2024-10-01T00:00:00Z","2024-09-01T00:00:00Z","AWS","USD",3277.661443,"AWS"
"USD","{}","Entitlement","Usage",4758.556316,"2024-08-25T00:00:00Z","ContractCommitmentDescription 9593",973.778906,"Savings Plan","Total Term","contractcommitment-992924","2024-10-03T00:00:00Z","Active","Continuous","Negotiated","Annual","Partial Upfront",9527.306024,"2024-10-01T00:00:00Z","2024-09-01T00:00:00Z",1496.864982,"Committed Use Discount","Hours","contract-397249","2024-10-01T00:00:00Z","2024-09-01T00:00:00Z","AWS","USD",9503.867907,"AWS"
"USD","{}","Other","Spend",6960.788711,"2024-08-30T00:00:00Z","ContractCommitmentDescription 9580",4728.877139,"Reserved Instance","Custom","contractcommitment-868083","2024-10-06T00:00:00Z","Superseded","Continuous","Public","One-Time","Partial Upfront",3609.865914,"2024-10-01T00:00:00Z","2024-09-01T00:00:00Z",2350.099373,"Committed Use Discount","Hours","contract-684900","2024-10-01T00:00:00Z","2024-09-01T00:00:00Z","AWS","USD",8564.533946,"AWS"
"USD","{}","Other","Usage",583.691594,"2024-08-19T00:00:00Z","ContractCommitmentDescription 6315",8640.344201,"Committed Use Discount","Transactional","contractcommitment-535696","2024-10-03T00:00:00Z","Superseded","Discontinuous","Public","Quarterly","Partial Upfront",8625.926835,"2024-10-01T00:00:00Z","2024-09-01T00:00:00Z",1382.190622,"Committed Use Discount","Hours","contract-634992","2024-10-01T00:00:00Z","2024-09-01T00:00:00Z","Google","USD",3372.853323,"Google"
"USD","{}","Other","Usage",7966.024493,"2024-08-14T00:00:00Z","ContractCommitmentDescription 6199",7876.077869,"Committed Use Discount","Quarterly","contractcommitment-286410","2024-10-11T00:00:00Z","Expired","Continuous","Public","Annual","No Upfront",0.0,"2024-10-01T00:00:00Z","2024-09-01T00:00:00Z",8124.178849,"Savings Plan","Hours","contract-126629","2024-10-01T00:00:00Z","2024-09-01T00:00:00Z","Google","USD",1361.252735,"Google"
"USD","{}","Availability","Spend",5863.313276,"2024-08-30T00:00:00Z","ContractCommitmentDescription 4802",NULL,"Reserved Instance","Weekly","contractcommitment-773867","2024-10-01T00:00:00Z","Superseded","Continuous","Public","Quarterly","No Upfront",0.0,"2024-10-01T00:00:00Z","2024-09-01T00:00:00Z",3239.765938,"Savings Plan","Hours","contract-647133","2024-10-01T00:00:00Z","2024-09-01T00:00:00Z","AWS","USD",2040.912705,"AWS"
"USD","{}","Availability","Usage",8511.221224,"2024-08-14T00:00:00Z","ContractCommitmentDescription 9598",NULL,"Savings Plan","Custom","contractcommitment-750077","2024-10-03T00:00:00Z","Canceled","Discontinuous","Negotiated","One-Time","All Upfront",1.0,"2024-10-01T00:00:00Z","2024-09-01T00:00:00Z",2220.855163,"Savings Plan","Hours","contract-854304","2024-10-01T00:00:00Z","2024-09-01T00:00:00Z","Oracle","USD",9494.57506,"Oracle"
"USD","{}","Entitlement","Usage",2879.132644,"2024-08-27T00:00:00Z","ContractCommitmentDescription 2140",5258.276628,"Reserved Instance","Transactional","contractcommitment-946965","2024-10-01T00:00:00Z","Superseded","Continuous","Negotiated","Monthly","No Upfront",0.0,"2024-10-01T00:00:00Z","2024-09-01T00:00:00Z",6065.792378,"Committed Use Discount","Hours","contract-757364","2024-10-01T00:00:00Z","2024-09-01T00:00:00Z","Oracle","USD",3048.694478,"Oracle"
"USD","{}","Entitlement","Usage",2623.903713,"2024-08-30T00:00:00Z","ContractCommitmentDescription 3623",2039.57034,"Committed Use Discount","Total Term","contractcommitment-461766","2024-10-07T00:00:00Z","Proposed","Continuous","Public","One-Time","All Upfront",1.0,"2024-10-01T00:00:00Z","2024-09-01T00:00:00Z",6651.573066,"Reserved Instance","Hours","contract-467093","2024-10-01T00:00:00Z","2024-09-01T00:00:00Z","AWS","USD",4800.795798,"AWS"
"USD","{}","Availability","Usage",1356.666414,"2024-08-23T00:00:00Z","ContractCommitmentDescription 3535",NULL,"Reserved Instance","Semi-Annually","contractcommitment-249365","2024-10-06T00:00:00Z","Expired","Continuous","Public","One-Time","All Upfront",1.0,"2024-10-01T00:00:00Z","2024-09-01T00:00:00Z",7295.562558,"Savings Plan","Hours","contract-676060","2024-10-01T00:00:00Z","2024-09-01T00:00:00Z","Google","USD",8690.303578,"Google"
"USD","{}","Discount","Usage",6874.828429,"2024-08-28T00:00:00Z","ContractCommitmentDescription 4249",4428.983091,"Committed Use Discount","Monthly","contractcommitment-691905","2024-10-11T00:00:00Z","Canceled","Continuous","Negotiated","Quarterly","No Upfront",0.0,"2024-10-01T00:00:00Z","2024-09-01T00:00:00Z",5766.480711,"Committed Use Discount","Hours","contract-876989","2024-10-01T00:00:00Z","2024-09-01T00:00:00Z","Oracle","USD",4119.402757,"Oracle"
"USD","{}","Discount","Usage",2362.720635,"2024-08-28T00:00:00Z","ContractCommitmentDescription 3357",2364.547245,"Reserved Instance","Semi-Annually","contractcommitment-785055","2024-10-07T00:00:00Z","Active","Continuous","Negotiated","One-Time","All Upfront",1.0,"2024-10-01T00:00:00Z","2024-09-01T00:00:00Z",2667.782636,"Reserved Instance","Hours","contract-859993","2024-10-01T00:00:00Z","2024-09-01T00:00:00Z","Microsoft","USD",6446.064894,"Microsoft"
"USD","{}","Entitlement","Spend",5710.437174,"2024-08-24T00:00:00Z","ContractCommitmentDescription 5276",8654.331733,"Committed Use Discount","Total Term","contractcommitment-740903","2024-10-03T00:00:00Z","Canceled","Continuous","Negotiated","One-Time","All Upfront",1.0,"2024-10-01T00:00:00Z","2024-09-01T00:00:00Z",8606.142371,"Savings Plan","Hours","contract-295868","2024-10-01T00:00:00Z","2024-09-01T00:00:00Z","Oracle","USD",5710.432095,"Oracle"
"USD","{}","Entitlement","Usage",7597.456316,"2024-08-29T00:00:00Z","ContractCommitmentDescription 9154",7187.646189,"Reserved Instance","Total Term","contractcommitment-842306","2024-10-03T00:00:00Z","Superseded","Discontinuous","Negotiated","One-Time","All Upfront",1.0,"2024-10-01T00:00:00Z","2024-09-01T00:00:00Z",5189.449135,"Reserved Instance","Hours","contract-129442","2024-10-01T00:00:00Z","2024-09-01T00:00:00Z","Oracle","USD",8123.207664,"Oracle"
"USD","{}","Discount","Spend",1732.663292,"2024-08-27T00:00:00Z","ContractCommitmentDescription 1728",2653.115672,"Committed Use Discount","Total Term","contractcommitment-736045","2024-10-06T00:00:00Z","Superseded","Discontinuous","Public","One-Time","All Upfront",1.0,"2024-10-01T00:00:00Z","2024-09-01T00:00:00Z",7399.811202,"Committed Use Discount","Hours","contract-799764","2024-10-01T00:00:00Z","2024-09-01T00:00:00Z","AWS","USD",5143.345547,"AWS"
"USD","{}","Discount","Spend",2019.951941,"2024-08-24T00:00:00Z","ContractCommitmentDescription 5556",9779.898472,"Reserved Instance","Annually","contractcommitment-776758","2024-10-11T00:00:00Z","Proposed","Discontinuous","Negotiated","Semi-Annual","No Upfront",0.0,"2024-10-01T00:00:00Z","2024-09-01T00:00:00Z",8718.252269,"Reserved Instance","Hours","contract-123950","2024-10-01T00:00:00Z","2024-09-01T00:00:00Z","Microsoft","USD",7789.448287,"Microsoft"
"USD","{}","Availability","Spend",4779.687395,"2024-08-13T00:00:00Z","ContractCommitmentDescription 9378",NULL,"Committed Use Discount","Monthly","contractcommitment-105151","2024-10-06T00:00:00Z","Expired","Discontinuous","Public","One-Time","No Upfront",0.0,"2024-10-01T00:00:00Z","2024-09-01T00:00:00Z",4998.65242,"Committed Use Discount","Hours","contract-252236","2024-10-01T00:00:00Z","2024-09-01T00:00:00Z","Microsoft","USD",3978.195045,"Microsoft"
"USD","{}","Discount","Usage",4101.115127,"2024-08-27T00:00:00Z","ContractCommitmentDescription 3287",535.03462,"Committed Use Discount","Daily","contractcommitment-221565","2024-10-02T00:00:00Z","Proposed","Discontinuous","Public","One-Time","No Upfront",0.0,"2024-10-01T00:00:00Z","2024-09-01T00:00:00Z",418.511191,"Committed Use Discount","Hours","contract-568179","2024-10-01T00:00:00Z","2024-09-01T00:00:00Z","Microsoft","USD",1359.867731,"Microsoft"
"USD","{}","Entitlement","Spend",2936.122237,"2024-08-15T00:00:00Z","ContractCommitmentDescription 4153",4314.485519,"Savings Plan","Monthly","contractcommitment-662192","2024-10-08T00:00:00Z","Proposed","Continuous","Public","One-Time","All Upfront",1.0,"2024-10-01T00:00:00Z","2024-09-01T00:00:00Z",7766.487563,"Reserved Instance","Hours","contract-901489","2024-10-01T00:00:00Z","2024-09-01T00:00:00Z","Google","USD",7850.010118,"Google"
"USD","{}","Other","Spend",9219.289894,"2024-08-28T00:00:00Z","ContractCommitmentDescription 1143",5764.295508,"Savings Plan","Weekly","contractcommitment-257420","2024-10-02T00:00:00Z","Expired","Discontinuous","Public","Monthly","No Upfront",0.0,"2024-10-01T00:00:00Z","2024-09-01T00:00:00Z",5914.012134,"Committed Use Discount","Hours","contract-466975","2024-10-01T00:00:00Z","2024-09-01T00:00:00Z","Microsoft","USD",7215.74205,"Microsoft"
"USD","{}","Availability","Spend",7792.188949,"2024-08-31T00:00:00Z","ContractCommitmentDescription 9135",NULL,"Reserved Instance","Monthly","contractcommitment-575774","2024-10-04T00:00:00Z","Proposed","Continuous","Public","Monthly","Partial Upfront",9351.688501,"2024-10-01T00:00:00Z","2024-09-01T00:00:00Z",5496.949727,"Committed Use Discount","Hours","contract-506185","2024-10-01T00:00:00Z","2024-09-01T00:00:00Z","AWS","USD",3069.451583,"AWS"
"USD","{}","Entitlement","Spend",1408.458277,"2024-08-25T00:00:00Z","ContractCommitmentDescription 8894",9301.85229,"Savings Plan","Daily","contractcommitment-479398","2024-10-01T00:00:00Z","Expired","Continuous","Public","One-Time","All Upfront",1.0,"2024-10-01T00:00:00Z","2024-09-01T00:00:00Z",603.089643,"Committed Use Discount","Hours","contract-564639","2024-10-01T00:00:00Z","2024-09-01T00:00:00Z","Microsoft","USD",7188.409844,"Microsoft"
"USD","{}","Other","Spend",1299.876059,"2024-08-18T00:00:00Z","ContractCommitmentDescription 5610",5310.472,"Reserved Instance","Semi-Annually","contractcommitment-434952","2024-10-07T00:00:00Z","Active","Continuous","Negotiated","One-Time","All Upfront",1.0,"2024-10-01T00:00:00Z","2024-09-01T00:00:00Z",2854.557934,"Reserved Instance","Hours","contract-230751","2024-10-01T00:00:00Z","2024-09-01T00:00:00Z","AWS","USD",168.601395,"AWS"
"USD","{}","Other","Usage",4231.891326,"2024-08-19T00:00:00Z","ContractCommitmentDescription 6050",6229.064097,"Savings Plan","Total Term","contractcommitment-718788","2024-10-08T00:00:00Z","Canceled","Discontinuous","Public","Quarterly","Partial Upfront",8435.053093,"2024-10-01T00:00:00Z","2024-09-01T00:00:00Z",9457.701537,"Savings Plan","Hours","contract-982459","2024-10-01T00:00:00Z","2024-09-01T00:00:00Z","Google","USD",1064.250256,"Google"
"USD","{}","Discount","Spend",7691.568741,"2024-08-17T00:00:00Z","ContractCommitmentDescription 9424",1226.368177,"Reserved Instance","Hourly","contractcommitment-945253","2024-10-07T00:00:00Z","Canceled","Discontinuous","Negotiated","One-Time","Partial Upfront",3986.383399,"2024-10-01T00:00:00Z","2024-09-01T00:00:00Z",7634.442444,"Reserved Instance","Hours","contract-269737","2024-10-01T00:00:00Z","2024-09-01T00:00:00Z","Google","USD",4238.052779,"Google"
"USD","{}","Availability","Usage",1074.021544,"2024-08-14T00:00:00Z","ContractCommitmentDescription 1499",NULL,"Reserved Instance","Semi-Annually","contractcommitment-838516","2024-10-01T00:00:00Z","Proposed","Discontinuous","Negotiated","One-Time","All Upfront",1.0,"2024-10-01T00:00:00Z","2024-09-01T00:00:00Z",4529.631294,"Reserved Instance","Hours","contract-584385","2024-10-01T00:00:00Z","2024-09-01T00:00:00Z","AWS","USD",7126.21251,"AWS"
"USD","{}","Availability","Usage",3002.365693,"2024-08-29T00:00:00Z","ContractCommitmentDescription 7563",NULL,"Committed Use Discount","Monthly","contractcommitment-125994","2024-10-01T00:00:00Z","Proposed","Discontinuous","Negotiated","One-Time","All Upfront",1.0,"2024-10-01T00:00:00Z","2024-09-01T00:00:00Z",6763.661307,"Savings Plan","Hours","contract-837576","2024-10-01T00:00:00Z","2024-09-01T00:00:00Z","Google","USD",4294.849157,"Google"
"USD","{}","Discount","Usage",1989.64797,"2024-08-16T00:00:00Z","ContractCommitmentDescription 4282",6069.626913,"Reserved Instance","Total Term","contractcommitment-366570","2024-10-01T00:00:00Z","Superseded","Discontinuous","Public","Semi-Annual","No Upfront",0.0,"2024-10-01T00:00:00Z","2024-09-01T00:00:00Z",5851.471876,"Committed Use Discount","Hours","contract-971044","2024-10-01T00:00:00Z","2024-09-01T00:00:00Z","Google","USD",1382.220216,"Google"
"USD","{}","Other","Usage",4255.635448,"2024-08-31T00:00:00Z","ContractCommitmentDescription 6088",9650.809491,"Committed Use Discount","Custom","contractcommitment-126144","2024-10-01T00:00:00Z","Superseded","Continuous","Negotiated","One-Time","Partial Upfront",5885.142869,"2024-10-01T00:00:00Z","2024-09-01T00:00:00Z",6665.365284,"Reserved Instance","Hours","contract-139165","2024-10-01T00:00:00Z","2024-09-01T00:00:00Z","Oracle","USD",196.478572,"Oracle"
"USD","{}","Discount","Usage",5741.688535,"2024-08-13T00:00:00Z","ContractCommitmentDescription 6161",2492.905234,"Committed Use Discount","Daily","contractcommitment-432048","2024-10-04T00:00:00Z","Superseded","Continuous","Negotiated","One-Time","All Upfront",1.0,"2024-10-01T00:00:00Z","2024-09-01T00:00:00Z",378.978089,"Committed Use Discount","Hours","contract-777992","2024-10-01T00:00:00Z","2024-09-01T00:00:00Z","Google","USD",8301.309541,"Google"
"USD","{}","Entitlement","Spend",1986.637821,"2024-08-19T00:00:00Z","ContractCommitmentDescription 8192",6851.55713,"Savings Plan","Annually","contractcommitment-732277","2024-10-10T00:00:00Z","Expired","Discontinuous","Negotiated","Semi-Annual","Partial Upfront",9554.52048,"2024-10-01T00:00:00Z","2024-09-01T00:00:00Z",1484.398634,"Savings Plan","Hours","contract-151489","2024-10-01T00:00:00Z","2024-09-01T00:00:00Z","Oracle","USD",4850.213936,"Oracle"
"USD","{}","Other","Spend",2109.354193,"2024-08-24T00:00:00Z","ContractCommitmentDescription 9444",6697.315022,"Committed Use Discount","Quarterly","contractcommitment-711177","2024-10-04T00:00:00Z","Expired","Continuous","Public","One-Time","No Upfront",0.0,"2024-10-01T00:00:00Z","2024-09-01T00:00:00Z",9110.708405,"Reserved Instance","Hours","contract-989319","2024-10-01T00:00:00Z","2024-09-01T00:00:00Z","Google","USD",9880.451482,"Google"
"USD","{}","Other","Spend",1056.911877,"2024-08-31T00:00:00Z","ContractCommitmentDescription 7729",549.224678,"Reserved Instance","Hourly","contractcommitment-761467","2024-10-04T00:00:00Z","Superseded","Discontinuous","Negotiated","Annual","No Upfront",0.0,"2024-10-01T00:00:00Z","2024-09-01T00:00:00Z",6843.461596,"Committed Use Discount","Hours","contract-724399","2024-10-01T00:00:00Z","2024-09-01T00:00:00Z","Microsoft","USD",5044.567651,"Microsoft"
"USD","{}","Discount","Usage",9278.033723,"2024-08-27T00:00:00Z","ContractCommitmentDescription 9326",305.35786,"Reserved Instance","Transactional","contractcommitment-518383","2024-10-02T00:00:00Z","Active","Discontinuous","Negotiated","Monthly","No Upfront",0.0,"2024-10-01T00:00:00Z","2024-09-01T00:00:00Z",8801.773331,"Savings Plan","Hours","contract-638071","2024-10-01T00:00:00Z","2024-09-01T00:00:00Z","Oracle","USD",7374.4557,"Oracle"
"USD","{}","Other","Spend",5390.997542,"2024-08-13T00:00:00Z","ContractCommitmentDescription 2011",8118.702846,"Savings Plan","Transactional","contractcommitment-149096","2024-10-08T00:00:00Z","Exhausted","Discontinuous","Public","One-Time","All Upfront",1.0,"2024-10-01T00:00:00Z","2024-09-01T00:00:00Z",8425.926207,"Reserved Instance","Hours","contract-690798","2024-10-01T00:00:00Z","2024-09-01T00:00:00Z","Microsoft","USD",851.280339,"Microsoft"
"USD","{}","Other","Usage",7914.632869,"2024-08-29T00:00:00Z","ContractCommitmentDescription 7938",5596.889101,"Committed Use Discount","Weekly","contractcommitment-585867","2024-10-11T00:00:00Z","Canceled","Discontinuous","Public","One-Time","All Upfront",1.0,"2024-10-01T00:00:00Z","2024-09-01T00:00:00Z",431.346937,"Savings Plan","Hours","contract-848035","2024-10-01T00:00:00Z","2024-09-01T00:00:00Z","Oracle","USD",1179.139857,"Oracle"
"USD","{}","Other","Spend",4943.554766,"2024-08-13T00:00:00Z","ContractCommitmentDescription 5065",1770.292855,"Savings Plan","Transactional","contractcommitment-685302","2024-10-07T00:00:00Z","Pending","Discontinuous","Public","Quarterly","No Upfront",0.0,"2024-10-01T00:00:00Z","2024-09-01T00:00:00Z",4602.394967,"Committed Use Discount","Hours","contract-290552","2024-10-01T00:00:00Z","2024-09-01T00:00:00Z","AWS","USD",2928.498733,"AWS"
"USD","{}","Other","Usage",5467.984397,"2024-08-12T00:00:00Z","ContractCommitmentDescription 5338",9355.565057,"Savings Plan","Hourly","contractcommitment-378548","2024-10-07T00:00:00Z","Exhausted","Discontinuous","Negotiated","One-Time","Partial Upfront",116.152477,"2024-10-01T00:00:00Z","2024-09-01T00:00:00Z",5608.331437,"Reserved Instance","Hours","contract-249253","2024-10-01T00:00:00Z","2024-09-01T00:00:00Z","AWS","USD",1598.072423,"AWS"
"USD","{}","Entitlement","Spend",5025.32847,"2024-08-13T00:00:00Z","ContractCommitmentDescription 4637",2659.182216,"Savings Plan","Transactional","contractcommitment-830530","2024-10-04T00:00:00Z","Expired","Continuous","Negotiated","Semi-Annual","No Upfront",0.0,"2024-10-01T00:00:00Z","2024-09-01T00:00:00Z",3951.885214,"Reserved Instance","Hours","contract-566799","2024-10-01T00:00:00Z","2024-09-01T00:00:00Z","Google","USD",6019.424615,"Google"
"USD","{}","Discount","Usage",738.530473,"2024-08-18T00:00:00Z","ContractCommitmentDescription 2850",5864.979393,"Committed Use Discount","Monthly","contractcommitment-475125","2024-10-01T00:00:00Z","Canceled","Continuous","Negotiated","Custom","Partial Upfront",1079.604643,"2024-10-01T00:00:00Z","2024-09-01T00:00:00Z",2133.437952,"Committed Use Discount","Hours","contract-100445","2024-10-01T00:00:00Z","2024-09-01T00:00:00Z","AWS","USD",3417.290165,"AWS"
"USD","{}","Discount","Usage",3324.50716,"2024-08-30T00:00:00Z","ContractCommitmentDescription 1359",9100.097579,"Savings Plan","Quarterly","contractcommitment-886931","2024-10-05T00:00:00Z","Active","Discontinuous","Negotiated","Quarterly","No Upfront",0.0,"2024-10-01T00:00:00Z","2024-09-01T00:00:00Z",4289.177233,"Committed Use Discount","Hours","contract-302635","2024-10-01T00:00:00Z","2024-09-01T00:00:00Z","Microsoft","USD",6970.1455,"Microsoft"
"USD","{}","Discount","Usage",7556.05502,"2024-08-31T00:00:00Z","ContractCommitmentDescription 8933",8965.757036,"Committed Use Discount","Daily","contractcommitment-909919","2024-10-10T00:00:00Z","Expired","Continuous","Public","One-Time","All Upfront",1.0,"2024-10-01T00:00:00Z","2024-09-01T00:00:00Z",5466.211634,"Reserved Instance","Hours","contract-667323","2024-10-01T00:00:00Z","2024-09-01T00:00:00Z","Google","USD",9564.261057,"Google"
"USD","{}","Discount","Usage",796.194557,"2024-08-19T00:00:00Z","ContractCommitmentDescription 5437",4136.994743,"Reserved Instance","Monthly","contractcommitment-980525","2024-10-08T00:00:00Z","Active","Continuous","Public","Custom","Partial Upfront",9471.849297,"2024-10-01T00:00:00Z","2024-09-01T00:00:00Z",5459.150182,"Committed Use Discount","Hours","contract-747397","2024-10-01T00:00:00Z","2024-09-01T00:00:00Z","AWS","USD",8047.663489,"AWS"
"USD","{}","Other","Usage",9303.097912,"2024-08-13T00:00:00Z","ContractCommitmentDescription 7244",5672.21398,"Committed Use Discount","Daily","contractcommitment-443226","2024-10-07T00:00:00Z","Active","Discontinuous","Public","Custom","No Upfront",0.0,"2024-10-01T00:00:00Z","2024-09-01T00:00:00Z",6136.971052,"Committed Use Discount","Hours","contract-161434","2024-10-01T00:00:00Z","2024-09-01T00:00:00Z","Microsoft","USD",8448.184854,"Microsoft"
"USD","{}","Discount","Usage",1133.885165,"2024-08-20T00:00:00Z","ContractCommitmentDescription 8773",786.063256,"Committed Use Discount","Hourly","contractcommitment-338099","2024-10-04T00:00:00Z","Superseded","Discontinuous","Negotiated","Semi-Annual","Partial Upfront",2485.528693,"2024-10-01T00:00:00Z","2024-09-01T00:00:00Z",9758.642294,"Committed Use Discount","Hours","contract-204866","2024-10-01T00:00:00Z","2024-09-01T00:00:00Z","Oracle","USD",5146.677835,"Oracle"
"USD","{}","Other","Usage",76.783303,"2024-08-21T00:00:00Z","ContractCommitmentDescription 1405",5941.17393,"Committed Use Discount","Custom","contractcommitment-415760","2024-10-06T00:00:00Z","Superseded","Continuous","Public","One-Time","All Upfront",1.0,"2024-10-01T00:00:00Z","2024-09-01T00:00:00Z",469.583071,"Savings Plan","Hours","contract-815557","2024-10-01T00:00:00Z","2024-09-01T00:00:00Z","Google","USD",8651.839068,"Google"
"USD","{}","Availability","Usage",2621.307981,"2024-08-18T00:00:00Z","ContractCommitmentDescription 1235",NULL,"Savings Plan","Semi-Annually","contractcommitment-544167","2024-10-08T00:00:00Z","Superseded","Discontinuous","Public","Semi-Annual","Partial Upfront",5375.179566,"2024-10-01T00:00:00Z","2024-09-01T00:00:00Z",291.842041,"Savings Plan","Hours","contract-905312","2024-10-01T00:00:00Z","2024-09-01T00:00:00Z","Oracle","USD",3189.322573,"Oracle"
"USD","{}","Other","Spend",2425.166358,"2024-08-25T00:00:00Z","ContractCommitmentDescription 7054",2580.885425,"Savings Plan","Annually","contractcommitment-921327","2024-10-09T00:00:00Z","Pending","Continuous","Public","One-Time","All Upfront",1.0,"2024-10-01T00:00:00Z","2024-09-01T00:00:00Z",1083.986938,"Committed Use Discount","Hours","contract-732973","2024-10-01T00:00:00Z","2024-09-01T00:00:00Z","Microsoft","USD",6082.401451,"Microsoft"
"USD","{}","Entitlement","Spend",1749.07909,"2024-08-30T00:00:00Z","ContractCommitmentDescription 5818",1810.439524,"Savings Plan","Annually","contractcommitment-601601","2024-10-01T00:00:00Z","Canceled","Discontinuous","Public","Semi-Annual","No Upfront",0.0,"2024-10-01T00:00:00Z","2024-09-01T00:00:00Z",6132.731294,"Savings Plan","Hours","contract-208691","2024-10-01T00:00:00Z","2024-09-01T00:00:00Z","Microsoft","USD",790.650783,"Microsoft"
"USD","{}","Availability","Usage",9933.735062,"2024-08-28T00:00:00Z","ContractCommitmentDescription 1100",NULL,"Committed Use Discount","Hourly","contractcommitment-213610","2024-10-02T00:00:00Z","Exhausted","Discontinuous","Public","Custom","Partial Upfront",9916.369659,"2024-10-01T00:00:00Z","2024-09-01T00:00:00Z",1278.521508,"Reserved Instance","Hours","contract-705908","2024-10-01T00:00:00Z","2024-09-01T00:00:00Z","Google","USD",5955.243921,"Google"
"USD","{}","Entitlement","Usage",7925.283183,"2024-08-17T00:00:00Z","ContractCommitmentDescription 3688",6385.940523,"Savings Plan","Daily","contractcommitment-254428","2024-10-01T00:00:00Z","Canceled","Continuous","Negotiated","One-Time","No Upfront",0.0,"2024-10-01T00:00:00Z","2024-09-01T00:00:00Z",2288.075666,"Savings Plan","Hours","contract-339050","2024-10-01T00:00:00Z","2024-09-01T00:00:00Z","Google","USD",4300.83717,"Google"
"USD","{}","Availability","Spend",3684.957846,"2024-08-14T00:00:00Z","ContractCommitmentDescription 5337",NULL,"Reserved Instance","Quarterly","contractcommitment-234130","2024-10-01T00:00:00Z","Proposed","Continuous","Public","Quarterly","Partial Upfront",7969.159093,"2024-10-01T00:00:00Z","2024-09-01T00:00:00Z",9799.482595,"Savings Plan","Hours","contract-132962","2024-10-01T00:00:00Z","2024-09-01T00:00:00Z","Oracle","USD",6758.206334,"Oracle"
"USD","{}","Other","Usage",7397.675153,"2024-08-23T00:00:00Z","ContractCommitmentDescription 4224",8455.099455,"Reserved Instance","Daily","contractcommitment-246741","2024-10-05T00:00:00Z","Pending","Continuous","Public","One-Time","All Upfront",1.0,"2024-10-01T00:00:00Z","2024-09-01T00:00:00Z",7364.789824,"Savings Plan","Hours","contract-572645","2024-10-01T00:00:00Z","2024-09-01T00:00:00Z","Oracle","USD",4383.883618,"Oracle"
"USD","{}","Entitlement","Usage",1697.210374,"2024-08-25T00:00:00Z","ContractCommitmentDescription 4139",8676.098349,"Committed Use Discount","Transactional","contractcommitment-497941","2024-10-04T00:00:00Z","Canceled","Continuous","Negotiated","Semi-Annual","Partial Upfront",7142.167763,"2024-10-01T00:00:00Z","2024-09-01T00:00:00Z",6550.547968,"Reserved Instance","Hours","contract-736213","2024-10-01T00:00:00Z","2024-09-01T00:00:00Z","Oracle","USD",7840.381666,"Oracle"
"USD","{}","Entitlement","Spend",3866.13001,"2024-08-30T00:00:00Z","ContractCommitmentDescription 4760",3249.997103,"Committed Use Discount","Transactional","contractcommitment-970049","2024-10-05T00:00:00Z","Pending","Discontinuous","Negotiated","Quarterly","No Upfront",0.0,"2024-10-01T00:00:00Z","2024-09-01T00:00:00Z",118.153023,"Committed Use Discount","Hours","contract-639704","2024-10-01T00:00:00Z","2024-09-01T00:00:00Z","Microsoft","USD",691.235789,"Microsoft"
"USD","{}","Discount","Usage",3453.403785,"2024-08-17T00:00:00Z","ContractCommitmentDescription 3822",2788.54141,"Savings Plan","Semi-Annually","contractcommitment-374362","2024-10-08T00:00:00Z","Active","Discontinuous","Negotiated","Annual","No Upfront",0.0,"2024-10-01T00:00:00Z","2024-09-01T00:00:00Z",8790.081841,"Committed Use Discount","Hours","contract-598190","2024-10-01T00:00:00Z","2024-09-01T00:00:00Z","Oracle","USD",6027.674051,"Oracle"
"USD","{}","Availability","Spend",6436.493888,"2024-08-17T00:00:00Z","ContractCommitmentDescription 3020",NULL,"Savings Plan","Transactional","contractcommitment-637387","2024-10-09T00:00:00Z","Canceled","Discontinuous","Public","One-Time","All Upfront",1.0,"2024-10-01T00:00:00Z","2024-09-01T00:00:00Z",9881.719916,"Committed Use Discount","Hours","contract-914126","2024-10-01T00:00:00Z","2024-09-01T00:00:00Z","Microsoft","USD",1550.035543,"Microsoft"
"USD","{}","Entitlement","Usage",1046.541279,"2024-08-22T00:00:00Z","ContractCommitmentDescription 8363",6810.237403,"Savings Plan","Annually","contractcommitment-343847","2024-10-06T00:00:00Z","Proposed","Continuous","Public","Custom","Partial Upfront",1750.29548,"2024-10-01T00:00:00Z","2024-09-01T00:00:00Z",1322.011717,"Reserved Instance","Hours","contract-721168","2024-10-01T00:00:00Z","2024-09-01T00:00:00Z","AWS","USD",4495.304612,"AWS"
"USD","{}","Discount","Usage",300.835624,"2024-08-24T00:00:00Z","ContractCommitmentDescription 3574",9437.014601,"Committed Use Discount","Monthly","contractcommitment-280777","2024-10-10T00:00:00Z","Expired","Continuous","Negotiated","Monthly","No Upfront",0.0,"2024-10-01T00:00:00Z","2024-09-01T00:00:00Z",8162.143314,"Reserved Instance","Hours","contract-341192","2024-10-01T00:00:00Z","2024-09-01T00:00:00Z","Microsoft","USD",1757.291473,"Microsoft"
"USD","{}","Other","Usage",3794.024223,"2024-08-31T00:00:00Z","ContractCommitmentDescription 1742",9100.407513,"Committed Use Discount","Custom","contractcommitment-804090","2024-10-02T00:00:00Z","Superseded","Discontinuous","Public","One-Time","No Upfront",0.0,"2024-10-01T00:00:00Z","2024-09-01T00:00:00Z",8178.298644,"Reserved Instance","Hours","contract-502355","2024-10-01T00:00:00Z","2024-09-01T00:00:00Z","AWS","USD",7968.595854,"AWS"
"USD","{}","Availability","Spend",6411.53283,"2024-08-30T00:00:00Z","ContractCommitmentDescription 2393",NULL,"Reserved Instance","Total Term","contractcommitment-389788","2024-10-04T00:00:00Z","Exhausted","Continuous","Negotiated","Quarterly","Partial Upfront",4086.680402,"2024-10-01T00:00:00Z","2024-09-01T00:00:00Z",9824.41996,"Savings Plan","Hours","contract-136563","2024-10-01T00:00:00Z","2024-09-01T00:00:00Z","Google","USD",36.499143,"Google"
"USD","{}","Availability","Usage",9434.584106,"2024-08-17T00:00:00Z","ContractCommitmentDescription 7212",NULL,"Reserved Instance","Semi-Annually","contractcommitment-120494","2024-10-07T00:00:00Z","Canceled","Continuous","Public","One-Time","All Upfront",1.0,"2024-10-01T00:00:00Z","2024-09-01T00:00:00Z",2686.725489,"Reserved Instance","Hours","contract-778748","2024-10-01T00:00:00Z","2024-09-01T00:00:00Z","AWS","USD",3929.873773,"AWS"
"USD","{}","Entitlement","Usage",15.85646,"2024-08-22T00:00:00Z","ContractCommitmentDescription 8323",5416.538441,"Reserved Instance","Annually","contractcommitment-743949","2024-10-02T00:00:00Z","Superseded","Discontinuous","Public","One-Time","All Upfront",1.0,"2024-10-01T00:00:00Z","2024-09-01T00:00:00Z",3672.842515,"Committed Use Discount","Hours","contract-550779","2024-10-01T00:00:00Z","2024-09-01T00:00:00Z","Google","USD",4196.904193,"Google"
"USD","{}","Other","Spend",3884.142757,"2024-08-22T00:00:00Z","ContractCommitmentDescription 8522",7849.116401,"Committed Use Discount","Monthly","contractcommitment-666163","2024-10-09T00:00:00Z","Exhausted","Continuous","Public","One-Time","All Upfront",1.0,"2024-10-01T00:00:00Z","2024-09-01T00:00:00Z",4852.950706,"Committed Use Discount","Hours","contract-481770","2024-10-01T00:00:00Z","2024-09-01T00:00:00Z","Microsoft","USD",306.348754,"Microsoft"
"USD","{}","Other","Usage",233.736313,"2024-08-26T00:00:00Z","ContractCommitmentDescription 4878",1265.041979,"Reserved Instance","Weekly","contractcommitment-552578","2024-10-06T00:00:00Z","Canceled","Discontinuous","Public","One-Time","All Upfront",1.0,"2024-10-01T00:00:00Z","2024-09-01T00:00:00Z",8310.370138,"Reserved Instance","Hours","contract-115406","2024-10-01T00:00:00Z","2024-09-01T00:00:00Z","Oracle","USD",3027.256726,"Oracle"
"USD","{}","Entitlement","Spend",7839.650844,"2024-08-14T00:00:00Z","ContractCommitmentDescription 6918",3356.144019,"Savings Plan","Daily","contractcommitment-582943","2024-10-01T00:00:00Z","Exhausted","Discontinuous","Public","Custom","No Upfront",0.0,"2024-10-01T00:00:00Z","2024-09-01T00:00:00Z",1379.697434,"Savings Plan","Hours","contract-731371","2024-10-01T00:00:00Z","2024-09-01T00:00:00Z","AWS","USD",1848.78221,"AWS"
"USD","{}","Availability","Spend",6085.516715,"2024-08-28T00:00:00Z","ContractCommitmentDescription 7599",NULL,"Savings Plan","Quarterly","contractcommitment-285625","2024-10-09T00:00:00Z","Pending","Continuous","Public","One-Time","All Upfront",1.0,"2024-10-01T00:00:00Z","2024-09-01T00:00:00Z",4492.791001,"Committed Use Discount","Hours","contract-856029","2024-10-01T00:00:00Z","2024-09-01T00:00:00Z","AWS","USD",7314.11281,"AWS"
"USD","{}","Availability","Usage",4861.065658,"2024-08-27T00:00:00Z","ContractCommitmentDescription 1743",NULL,"Committed Use Discount","Weekly","contractcommitment-103026","2024-10-02T00:00:00Z","Superseded","Continuous","Negotiated","Quarterly","Partial Upfront",8305.045366,"2024-10-01T00:00:00Z","2024-09-01T00:00:00Z",7103.066189,"Reserved Instance","Hours","contract-166447","2024-10-01T00:00:00Z","2024-09-01T00:00:00Z","Google","USD",6321.182653,"Google"
"USD","{}","Other","Spend",2112.721192,"2024-08-21T00:00:00Z","ContractCommitmentDescription 3228",2784.461293,"Savings Plan","Weekly","contractcommitment-627537","2024-10-07T00:00:00Z","Pending","Discontinuous","Public","One-Time","No Upfront",0.0,"2024-10-01T00:00:00Z","2024-09-01T00:00:00Z",5201.706488,"Committed Use Discount","Hours","contract-268734","2024-10-01T00:00:00Z","2024-09-01T00:00:00Z","Microsoft","USD",6888.473053,"Microsoft"
"USD","{}","Discount","Usage",9415.975134,"2024-08-24T00:00:00Z","ContractCommitmentDescription 9884",9241.95982,"Savings Plan","Hourly","contractcommitment-604858","2024-10-02T00:00:00Z","Proposed","Continuous","Public","One-Time","All Upfront",1.0,"2024-10-01T00:00:00Z","2024-09-01T00:00:00Z",9487.913702,"Reserved Instance","Hours","contract-702261","2024-10-01T00:00:00Z","2024-09-01T00:00:00Z","Oracle","USD",3718.015028,"Oracle"
"USD","{}","Discount","Usage",1859.297784,"2024-08-12T00:00:00Z","ContractCommitmentDescription 2324",7475.315323,"Reserved Instance","Semi-Annually","contractcommitment-338459","2024-10-03T00:00:00Z","Superseded","Discontinuous","Negotiated","Annual","No Upfront",0.0,"2024-10-01T00:00:00Z","2024-09-01T00:00:00Z",328.280439,"Reserved Instance","Hours","contract-722485","2024-10-01T00:00:00Z","2024-09-01T00:00:00Z","AWS","USD",3139.10102,"AWS"
"USD","{}","Discount","Usage",5617.743784,"2024-08-31T00:00:00Z","ContractCommitmentDescription 6361",6991.268418,"Reserved Instance","Weekly","contractcommitment-936185","2024-10-08T00:00:00Z","Expired","Discontinuous","Public","One-Time","All Upfront",1.0,"2024-10-01T00:00:00Z","2024-09-01T00:00:00Z",8652.04512,"Savings Plan","Hours","contract-237893","2024-10-01T00:00:00Z","2024-09-01T00:00:00Z","AWS","USD",5951.779355,"AWS"
"USD","{}","Discount","Spend",9774.042105,"2024-08-16T00:00:00Z","ContractCommitmentDescription 4312",8047.73482,"Committed Use Discount","Daily","contractcommitment-323574","2024-10-02T00:00:00Z","Superseded","Continuous","Negotiated","Quarterly","Partial Upfront",454.039362,"2024-10-01T00:00:00Z","2024-09-01T00:00:00Z",3517.950086,"Committed Use Discount","Hours","contract-332552","2024-10-01T00:00:00Z","2024-09-01T00:00:00Z","Google","USD",6846.023663,"Google"
"USD","{}","Availability","Usage",2560.335809,"2024-08-17T00:00:00Z","ContractCommitmentDescription 4964",NULL,"Reserved Instance","Annually","contractcommitment-655682","2024-10-05T00:00:00Z","Proposed","Discontinuous","Public","Annual","Partial Upfront",389.177929,"2024-10-01T00:00:00Z","2024-09-01T00:00:00Z",4292.669255,"Reserved Instance","Hours","contract-329668","2024-10-01T00:00:00Z","2024-09-01T00:00:00Z","AWS","USD",9897.26437,"AWS"
"USD","{}","Availability","Spend",3179.194912,"2024-08-22T00:00:00Z","ContractCommitmentDescription 4733",NULL,"Committed Use Discount","Quarterly","contractcommitment-525608","2024-10-09T00:00:00Z","Pending","Continuous","Public","Quarterly","No Upfront",0.0,"2024-10-01T00:00:00Z","2024-09-01T00:00:00Z",4443.335006,"Savings Plan","Hours","contract-512586","2024-10-01T00:00:00Z","2024-09-01T00:00:00Z","Google","USD",3601.060841,"Google"
"USD","{}","Entitlement","Spend",5645.710467,"2024-08-20T00:00:00Z","ContractCommitmentDescription 1159",5940.666201,"Committed Use Discount","Semi-Annually","contractcommitment-902852","2024-10-02T00:00:00Z","Active","Continuous","Negotiated","One-Time","All Upfront",1.0,"2024-10-01T00:00:00Z","2024-09-01T00:00:00Z",7306.198703,"Committed Use Discount","Hours","contract-344916","2024-10-01T00:00:00Z","2024-09-01T00:00:00Z","Google","USD",997.298729,"Google"
"USD","{}","Discount","Spend",1423.242117,"2024-08-28T00:00:00Z","ContractCommitmentDescription 5832",7041.596021,"Savings Plan","Annually","contractcommitment-156605","2024-10-08T00:00:00Z","Canceled","Continuous","Negotiated","Custom","No Upfront",0.0,"2024-10-01T00:00:00Z","2024-09-01T00:00:00Z",6209.825081,"Reserved Instance","Hours","contract-957287","2024-10-01T00:00:00Z","2024-09-01T00:00:00Z","AWS","USD",9199.17121,"AWS"
"USD","{}","Discount","Spend",1822.408843,"2024-08-29T00:00:00Z","ContractCommitmentDescription 6140",7849.33573,"Committed Use Discount","Semi-Annually","contractcommitment-162412","2024-10-11T00:00:00Z","Proposed","Continuous","Public","Custom","No Upfront",0.0,"2024-10-01T00:00:00Z","2024-09-01T00:00:00Z",1109.937976,"Reserved Instance","Hours","contract-463881","2024-10-01T00:00:00Z","2024-09-01T00:00:00Z","Google","USD",9666.12412,"Google"
"USD","{}","Discount","Usage",2825.195495,"2024-08-17T00:00:00Z","ContractCommitmentDescription 9066",998.930616,"Savings Plan","Monthly","contractcommitment-985548","2024-10-11T00:00:00Z","Pending","Discontinuous","Negotiated","One-Time","All Upfront",1.0,"2024-10-01T00:00:00Z","2024-09-01T00:00:00Z",6740.714041,"Committed Use Discount","Hours","contract-341801","2024-10-01T00:00:00Z","2024-09-01T00:00:00Z","Google","USD",6664.270666,"Google"
"USD","{}","Entitlement","Usage",7728.61352,"2024-08-30T00:00:00Z","ContractCommitmentDescription 1199",2032.634369,"Committed Use Discount","Daily","contractcommitment-103150","2024-10-01T00:00:00Z","Active","Discontinuous","Negotiated","One-Time","No Upfront",0.0,"2024-10-01T00:00:00Z","2024-09-01T00:00:00Z",5064.822853,"Committed Use Discount","Hours","contract-167538","2024-10-01T00:00:00Z","2024-09-01T00:00:00Z","AWS","USD",720.086511,"AWS"
"USD","{}","Availability","Spend",9598.443549,"2024-08-12T00:00:00Z","ContractCommitmentDescription 6884",NULL,"Reserved Instance","Semi-Annually","contractcommitment-819349","2024-10-02T00:00:00Z","Expired","Discontinuous","Negotiated","One-Time","Partial Upfront",3879.223471,"2024-10-01T00:00:00Z","2024-09-01T00:00:00Z",332.576637,"Savings Plan","Hours","contract-697053","2024-10-01T00:00:00Z","2024-09-01T00:00:00Z","Google","USD",9405.702172,"Google"
"USD","{}","Discount","Spend",5467.353194,"2024-08-31T00:00:00Z","ContractCommitmentDescription 8196",4775.006493,"Reserved Instance","Monthly","contractcommitment-602249","2024-10-07T00:00:00Z","Expired","Discontinuous","Negotiated","Custom","No Upfront",0.0,"2024-10-01T00:00:00Z","2024-09-01T00:00:00Z",5702.759985,"Savings Plan","Hours","contract-709278","2024-10-01T00:00:00Z","2024-09-01T00:00:00Z","AWS","USD",6988.892776,"AWS"
"USD","{}","Other","Usage",3769.769502,"2024-08-24T00:00:00Z","ContractCommitmentDescription 3575",3341.742778,"Reserved Instance","Monthly","contractcommitment-268485","2024-10-01T00:00:00Z","Canceled","Discontinuous","Negotiated","One-Time","Partial Upfront",2125.165685,"2024-10-01T00:00:00Z","2024-09-01T00:00:00Z",3794.829422,"Savings Plan","Hours","contract-510164","2024-10-01T00:00:00Z","2024-09-01T00:00:00Z","Google","USD",1836.448929,"Google"
"USD","{}","Discount","Spend",6614.914607,"2024-08-17T00:00:00Z","ContractCommitmentDescription 3448",2188.351362,"Reserved Instance","Quarterly","contractcommitment-447110","2024-10-09T00:00:00Z","Superseded","Continuous","Negotiated","One-Time","All Upfront",1.0,"2024-10-01T00:00:00Z","2024-09-01T00:00:00Z",5713.176805,"Committed Use Discount","Hours","contract-979682","2024-10-01T00:00:00Z","2024-09-01T00:00:00Z","AWS","USD",6767.668951,"AWS"
"USD","{}","Other","Usage",2429.757194,"2024-08-24T00:00:00Z","ContractCommitmentDescription 3481",8863.984488,"Reserved Instance","Daily","contractcommitment-502680","2024-10-01T00:00:00Z","Exhausted","Discontinuous","Negotiated","One-Time","All Upfront",1.0,"2024-10-01T00:00:00Z","2024-09-01T00:00:00Z",2815.898873,"Committed Use Discount","Hours","contract-578715","2024-10-01T00:00:00Z","2024-09-01T00:00:00Z","Google","USD",3340.829965,"Google"
"USD","{}","Entitlement","Usage",3116.848705,"2024-08-21T00:00:00Z","ContractCommitmentDescription 7475",464.262085,"Reserved Instance","Annually","contractcommitment-803632","2024-10-10T00:00:00Z","Superseded","Continuous","Negotiated","Custom","No Upfront",0.0,"2024-10-01T00:00:00Z","2024-09-01T00:00:00Z",3537.231201,"Reserved Instance","Hours","contract-368261","2024-10-01T00:00:00Z","2024-09-01T00:00:00Z","Oracle","USD",4619.437455,"Oracle"
"USD","{}","Other","Spend",908.341095,"2024-08-31T00:00:00Z","ContractCommitmentDescription 6640",8418.537241,"Reserved Instance","Transactional","contractcommitment-106416","2024-10-10T00:00:00Z","Pending","Continuous","Public","Custom","No Upfront",0.0,"2024-10-01T00:00:00Z","2024-09-01T00:00:00Z",7952.616931,"Committed Use Discount","Hours","contract-170805","2024-10-01T00:00:00Z","2024-09-01T00:00:00Z","Oracle","USD",3525.716432,"Oracle"
"USD","{}","Discount","Usage",5655.433915,"2024-08-15T00:00:00Z","ContractCommitmentDescription 8106",1064.160077,"Reserved Instance","Transactional","contractcommitment-557735","2024-10-10T00:00:00Z","Pending","Discontinuous","Public","One-Time","All Upfront",1.0,"2024-10-01T00:00:00Z","2024-09-01T00:00:00Z",5885.41261,"Savings Plan","Hours","contract-823797","2024-10-01T00:00:00Z","2024-09-01T00:00:00Z","AWS","USD",9728.1206,"AWS"
"USD","{}","Discount","Spend",7504.124566,"2024-08-28T00:00:00Z","ContractCommitmentDescription 6565",9171.678516,"Savings Plan","Transactional","contractcommitment-902777","2024-10-07T00:00:00Z","Superseded","Continuous","Negotiated","Annual","Partial Upfront",6086.564879,"2024-10-01T00:00:00Z","2024-09-01T00:00:00Z",1545.732059,"Committed Use Discount","Hours","contract-280751","2024-10-01T00:00:00Z","2024-09-01T00:00:00Z","Microsoft","USD",8037.058227,"Microsoft"
"USD","{}","Discount","Spend",1681.213582,"2024-08-21T00:00:00Z","ContractCommitmentDescription 8811",1625.135765,"Reserved Instance","Weekly","contractcommitment-677974","2024-10-05T00:00:00Z","Pending","Discontinuous","Negotiated","Custom","No Upfront",0.0,"2024-10-01T00:00:00Z","2024-09-01T00:00:00Z",9455.143746,"Reserved Instance","Hours","contract-192988","2024-10-01T00:00:00Z","2024-09-01T00:00:00Z","Google","USD",2774.243078,"Google"
"USD","{}","Entitlement","Spend",660.389917,"2024-08-23T00:00:00Z","ContractCommitmentDescription 6896",5772.74327,"Committed Use Discount","Monthly","contractcommitment-835157","2024-10-11T00:00:00Z","Proposed","Continuous","Negotiated","Monthly","No Upfront",0.0,"2024-10-01T00:00:00Z","2024-09-01T00:00:00Z",9786.755297,"Savings Plan","Hours","contract-329656","2024-10-01T00:00:00Z","2024-09-01T00:00:00Z","Oracle","USD",8523.753072,"Oracle"
"USD","{}","Discount","Spend",3729.307109,"2024-08-17T00:00:00Z","ContractCommitmentDescription 4177",414.288334,"Reserved Instance","Transactional","contractcommitment-198080","2024-10-08T00:00:00Z","Exhausted","Discontinuous","Negotiated","Semi-Annual","Partial Upfront",3958.72885,"2024-10-01T00:00:00Z","2024-09-01T00:00:00Z",28.858385,"Reserved Instance","Hours","contract-849991","2024-10-01T00:00:00Z","2024-09-01T00:00:00Z","Microsoft","USD",7930.471941,"Microsoft"
"USD","{}","Other","Spend",6111.052449,"2024-08-17T00:00:00Z","ContractCommitmentDescription 4674",1320.191679,"Reserved Instance","Hourly","contractcommitment-783421","2024-10-08T00:00:00Z","Pending","Continuous","Public","One-Time","All Upfront",1.0,"2024-10-01T00:00:00Z","2024-09-01T00:00:00Z",740.275343,"Savings Plan","Hours","contract-737658","2024-10-01T00:00:00Z","2024-09-01T00:00:00Z","Microsoft","USD",408.766334,"Microsoft"
"USD","{}","Discount","Usage",2479.414854,"2024-08-13T00:00:00Z","ContractCommitmentDescription 9867",8211.779615,"Reserved Instance","Custom","contractcommitment-505903","2024-10-09T00:00:00Z","Exhausted","Continuous","Negotiated","Annual","No Upfront",0.0,"2024-10-01T00:00:00Z","2024-09-01T00:00:00Z",2030.240591,"Reserved Instance","Hours","contract-610497","2024-10-01T00:00:00Z","2024-09-01T00:00:00Z","Microsoft","USD",139.921047,"Microsoft"
"USD","{}","Other","Usage",4605.045762,"2024-08-20T00:00:00Z","ContractCommitmentDescription 1664",3831.64713,"Committed Use Discount","Annually","contractcommitment-260402","2024-10-07T00:00:00Z","Proposed","Discontinuous","Public","Quarterly","No Upfront",0.0,"2024-10-01T00:00:00Z","2024-09-01T00:00:00Z",2869.397236,"Savings Plan","Hours","contract-787894","2024-10-01T00:00:00Z","2024-09-01T00:00:00Z","AWS","USD",361.777428,"AWS"
"USD","{}","Entitlement","Spend",5675.528826,"2024-08-19T00:00:00Z","ContractCommitmentDescription 6632",85.361399,"Committed Use Discount","Custom","contractcommitment-495238","2024-10-04T00:00:00Z","Pending","Discontinuous","Negotiated","Monthly","No Upfront",0.0,"2024-10-01T00:00:00Z","2024-09-01T00:00:00Z",4338.398791,"Reserved Instance","Hours","contract-409872","2024-10-01T00:00:00Z","2024-09-01T00:00:00Z","Oracle","USD",9686.574723,"Oracle"
"USD","{}","Availability","Usage",2665.550535,"2024-08-25T00:00:00Z","ContractCommitmentDescription 3478",NULL,"Committed Use Discount","Transactional","contractcommitment-767137","2024-10-07T00:00:00Z","Proposed","Discontinuous","Negotiated","One-Time","All Upfront",1.0,"2024-10-01T00:00:00Z","2024-09-01T00:00:00Z",1475.189078,"Reserved Instance","Hours","contract-960525","2024-10-01T00:00:00Z","2024-09-01T00:00:00Z","Google","USD",7112.157798,"Google"
"USD","{}","Availability","Spend",8873.615573,"2024-08-23T00:00:00Z","ContractCommitmentDescription 5615",NULL,"Reserved Instance","Semi-Annually","contractcommitment-799096","2024-10-04T00:00:00Z","Proposed","Discontinuous","Negotiated","Monthly","No Upfront",0.0,"2024-10-01T00:00:00Z","2024-09-01T00:00:00Z",2023.068812,"Reserved Instance","Hours","contract-181315","2024-10-01T00:00:00Z","2024-09-01T00:00:00Z","Oracle","USD",786.855795,"Oracle"
"USD","{}","Availability","Usage",3697.94934,"2024-08-15T00:00:00Z","ContractCommitmentDescription 8649",NULL,"Savings Plan","Custom","contractcommitment-807935","2024-10-08T00:00:00Z","Active","Discontinuous","Public","Semi-Annual","Partial Upfront",5868.26516,"2024-10-01T00:00:00Z","2024-09-01T00:00:00Z",8949.144909,"Savings Plan","Hours","contract-309052","2024-10-01T00:00:00Z","2024-09-01T00:00:00Z","Google","USD",3604.926092,"Google"
"USD","{}","Availability","Usage",3866.592268,"2024-08-18T00:00:00Z","ContractCommitmentDescription 9237",NULL,"Reserved Instance","Annually","contractcommitment-318755","2024-10-06T00:00:00Z","Active","Continuous","Negotiated","Monthly","Partial Upfront",2855.507088,"2024-10-01T00:00:00Z","2024-09-01T00:00:00Z",221.260081,"Committed Use Discount","Hours","contract-700505","2024-10-01T00:00:00Z","2024-09-01T00:00:00Z","Microsoft","USD",3320.404211,"Microsoft"
"USD","{}","Other","Spend",3230.965047,"2024-08-15T00:00:00Z","ContractCommitmentDescription 7081",5757.165803,"Savings Plan","Quarterly","contractcommitment-985249","2024-10-02T00:00:00Z","Exhausted","Continuous","Negotiated","Monthly","No Upfront",0.0,"2024-10-01T00:00:00Z","2024-09-01T00:00:00Z",9808.374068,"Reserved Instance","Hours","contract-485815","2024-10-01T00:00:00Z","2024-09-01T00:00:00Z","Google","USD",7769.196385,"Google"
"USD","{}","Availability","Spend",9976.962482,"2024-08-23T00:00:00Z","ContractCommitmentDescription 5338",NULL,"Committed Use Discount","Monthly","contractcommitment-359850","2024-10-03T00:00:00Z","Superseded","Continuous","Public","One-Time","Partial Upfront",7767.515504,"2024-10-01T00:00:00Z","2024-09-01T00:00:00Z",8861.30894,"Reserved Instance","Hours","contract-574800","2024-10-01T00:00:00Z","2024-09-01T00:00:00Z","AWS","USD",5665.712462,"AWS"
"USD","{}","Discount","Spend",5341.579068,"2024-08-17T00:00:00Z","ContractCommitmentDescription 2998",4956.824179,"Committed Use Discount","Semi-Annually","contractcommitment-275124","2024-10-04T00:00:00Z","Pending","Continuous","Negotiated","One-Time","All Upfront",1.0,"2024-10-01T00:00:00Z","2024-09-01T00:00:00Z",923.780867,"Committed Use Discount","Hours","contract-433799","2024-10-01T00:00:00Z","2024-09-01T00:00:00Z","Microsoft","USD",1564.184145,"Microsoft"
"USD","{}","Other","Usage",2670.592878,"2024-08-23T00:00:00Z","ContractCommitmentDescription 9160",486.094289,"Savings Plan","Monthly","contractcommitment-774041","2024-10-03T00:00:00Z","Pending","Continuous","Public","One-Time","All Upfront",1.0,"2024-10-01T00:00:00Z","2024-09-01T00:00:00Z",2225.643985,"Savings Plan","Hours","contract-574969","2024-10-01T00:00:00Z","2024-09-01T00:00:00Z","Google","USD",1320.568813,"Google"
"USD","{}","Entitlement","Spend",4680.305794,"2024-08-19T00:00:00Z","ContractCommitmentDescription 2826",2786.573463,"Reserved Instance","Hourly","contractcommitment-900264","2024-10-11T00:00:00Z","Canceled","Discontinuous","Negotiated","One-Time","All Upfront",1.0,"2024-10-01T00:00:00Z","2024-09-01T00:00:00Z",9275.715719,"Savings Plan","Hours","contract-780606","2024-10-01T00:00:00Z","2024-09-01T00:00:00Z","Oracle","USD",5191.439961,"Oracle"
"USD","{}","Entitlement","Spend",657.125809,"2024-08-30T00:00:00Z","ContractCommitmentDescription 4052",3197.886084,"Committed Use Discount","Monthly","contractcommitment-225740","2024-10-01T00:00:00Z","Exhausted","Continuous","Public","One-Time","All Upfront",1.0,"2024-10-01T00:00:00Z","2024-09-01T00:00:00Z",1234.178973,"Reserved Instance","Hours","contract-654787","2024-10-01T00:00:00Z","2024-09-01T00:00:00Z","AWS","USD",8061.229857,"AWS"
"USD","{}","Discount","Spend",3780.834572,"2024-08-16T00:00:00Z","ContractCommitmentDescription 6666",3510.644265,"Reserved Instance","Transactional","contractcommitment-913239","2024-10-03T00:00:00Z","Exhausted","Continuous","Negotiated","One-Time","All Upfront",1.0,"2024-10-01T00:00:00Z","2024-09-01T00:00:00Z",7262.543487,"Savings Plan","Hours","contract-460678","2024-10-01T00:00:00Z","2024-09-01T00:00:00Z","AWS","USD",1278.205195,"AWS"
"USD","{}","Entitlement","Spend",1507.762867,"2024-08-12T00:00:00Z","ContractCommitmentDescription 8253",2268.394358,"Committed Use Discount","Monthly","contractcommitment-647579","2024-10-06T00:00:00Z","Expired","Continuous","Negotiated","Quarterly","Partial Upfront",8528.640976,"2024-10-01T00:00:00Z","2024-09-01T00:00:00Z",6911.898903,"Reserved Instance","Hours","contract-336455","2024-10-01T00:00:00Z","2024-09-01T00:00:00Z","Google","USD",1292.026581,"Google"
"USD","{}","Discount","Usage",3970.960162,"2024-08-18T00:00:00Z","ContractCommitmentDescription 1802",5512.270777,"Savings Plan","Hourly","contractcommitment-636294","2024-10-02T00:00:00Z","Pending","Discontinuous","Public","One-Time","All Upfront",1.0,"2024-10-01T00:00:00Z","2024-09-01T00:00:00Z",8297.649015,"Reserved Instance","Hours","contract-140448","2024-10-01T00:00:00Z","2024-09-01T00:00:00Z","Oracle","USD",986.70289,"Oracle"
"USD","{}","Availability","Spend",8929.484186,"2024-08-28T00:00:00Z","ContractCommitmentDescription 3996",NULL,"Savings Plan","Annually","contractcommitment-841816","2024-10-03T00:00:00Z","Superseded","Discontinuous","Public","Semi-Annual","Partial Upfront",2003.041157,"2024-10-01T00:00:00Z","2024-09-01T00:00:00Z",4426.162225,"Savings Plan","Hours","contract-252199","2024-10-01T00:00:00Z","2024-09-01T00:00:00Z","Oracle","USD",2098.201884,"Oracle"
"USD","{}","Discount","Spend",7543.813184,"2024-08-27T00:00:00Z","ContractCommitmentDescription 5784",2537.56307,"Reserved Instance","Semi-Annually","contractcommitment-687426","2024-10-03T00:00:00Z","Canceled","Continuous","Negotiated","One-Time","All Upfront",1.0,"2024-10-01T00:00:00Z","2024-09-01T00:00:00Z",4050.273751,"Savings Plan","Hours","contract-960936","2024-10-01T00:00:00Z","2024-09-01T00:00:00Z","Microsoft","USD",8884.278507,"Microsoft"
"USD","{}","Entitlement","Usage",8644.932493,"2024-08-25T00:00:00Z","ContractCommitmentDescription 5008",666.69098,"Committed Use Discount","Daily","contractcommitment-657394","2024-10-06T00:00:00Z","Proposed","Discontinuous","Public","Custom","Partial Upfront",2757.7971,"2024-10-01T00:00:00Z","2024-09-01T00:00:00Z",8276.731538,"Reserved Instance","Hours","contract-801499","2024-10-01T00:00:00Z","2024-09-01T00:00:00Z","Google","USD",3152.553084,"Google"
"USD","{}","Entitlement","Spend",8884.786342,"2024-08-28T00:00:00Z","ContractCommitmentDescription 2175",2197.515426,"Savings Plan","Weekly","contractcommitment-520785","2024-10-11T00:00:00Z","Canceled","Continuous","Public","Custom","Partial Upfront",2292.386038,"2024-10-01T00:00:00Z","2024-09-01T00:00:00Z",8281.719366,"Savings Plan","Hours","contract-504872","2024-10-01T00:00:00Z","2024-09-01T00:00:00Z","Google","USD",632.575476,"Google"
"USD","{}","Availability","Spend",7992.821647,"2024-08-16T00:00:00Z","ContractCommitmentDescription 2102",NULL,"Savings Plan","Quarterly","contractcommitment-175519","2024-10-01T00:00:00Z","Proposed","Discontinuous","Public","Semi-Annual","Partial Upfront",169.069884,"2024-10-01T00:00:00Z","2024-09-01T00:00:00Z",9333.452185,"Reserved Instance","Hours","contract-721202","2024-10-01T00:00:00Z","2024-09-01T00:00:00Z","Google","USD",9847.659261,"Google"
"USD","{}","Entitlement","Spend",4771.603778,"2024-08-17T00:00:00Z","ContractCommitmentDescription 1008",8112.034733,"Reserved Instance","Quarterly","contractcommitment-276923","2024-10-09T00:00:00Z","Exhausted","Continuous","Negotiated","One-Time","All Upfront",1.0,"2024-10-01T00:00:00Z","2024-09-01T00:00:00Z",4961.304076,"Reserved Instance","Hours","contract-256941","2024-10-01T00:00:00Z","2024-09-01T00:00:00Z","Google","USD",3074.809989,"Google"
"USD","{}","Other","Usage",5319.803027,"2024-08-13T00:00:00Z","ContractCommitmentDescription 8436",4059.834408,"Committed Use Discount","Transactional","contractcommitment-597619","2024-10-04T00:00:00Z","Pending","Continuous","Negotiated","Semi-Annual","Partial Upfront",8931.963629,"2024-10-01T00:00:00Z","2024-09-01T00:00:00Z",2313.242039,"Committed Use Discount","Hours","contract-238256","2024-10-01T00:00:00Z","2024-09-01T00:00:00Z","Microsoft","USD",4378.491093,"Microsoft"
"USD","{}","Other","Usage",3524.168747,"2024-08-31T00:00:00Z","ContractCommitmentDescription 4407",9407.046186,"Committed Use Discount","Custom","contractcommitment-832203","2024-10-08T00:00:00Z","Canceled","Discontinuous","Negotiated","One-Time","All Upfront",1.0,"2024-10-01T00:00:00Z","2024-09-01T00:00:00Z",7699.63394,"Savings Plan","Hours","contract-297526","2024-10-01T00:00:00Z","2024-09-01T00:00:00Z","Oracle","USD",308.772099,"Oracle"
"USD","{}","Discount","Spend",1210.513829,"2024-08-26T00:00:00Z","ContractCommitmentDescription 2134",3519.72847,"Reserved Instance","Semi-Annually","contractcommitment-609911","2024-10-04T00:00:00Z","Superseded","Discontinuous","Public","One-Time","All Upfront",1.0,"2024-10-01T00:00:00Z","2024-09-01T00:00:00Z",7995.408991,"Savings Plan","Hours","contract-107222","2024-10-01T00:00:00Z","2024-09-01T00:00:00Z","Google","USD",7109.664459,"Google"
"USD","{}","Other","Usage",3091.868277,"2024-08-27T00:00:00Z","ContractCommitmentDescription 8131",4964.118034,"Savings Plan","Custom","contractcommitment-569579","2024-10-07T00:00:00Z","Expired","Discontinuous","Public","One-Time","Partial Upfront",8162.157402,"2024-10-01T00:00:00Z","2024-09-01T00:00:00Z",3856.569222,"Savings Plan","Hours","contract-824174","2024-10-01T00:00:00Z","2024-09-01T00:00:00Z","AWS","USD",9906.077015,"AWS"
"USD","{}","Entitlement","Usage",3147.347249,"2024-08-21T00:00:00Z","ContractCommitmentDescription 4614",4702.597722,"Reserved Instance","Custom","contractcommitment-875018","2024-10-01T00:00:00Z","Exhausted","Discontinuous","Public","Annual","No Upfront",0.0,"2024-10-01T00:00:00Z","2024-09-01T00:00:00Z",4413.794285,"Reserved Instance","Hours","contract-244025","2024-10-01T00:00:00Z","2024-09-01T00:00:00Z","Google","USD",5693.097613,"Google"
"USD","{}","Availability","Usage",7190.158442,"2024-08-24T00:00:00Z","ContractCommitmentDescription 3936",NULL,"Reserved Instance","Weekly","contractcommitment-654713","2024-10-06T00:00:00Z","Pending","Discontinuous","Public","Custom","No Upfront",0.0,"2024-10-01T00:00:00Z","2024-09-01T00:00:00Z",2347.707375,"Reserved Instance","Hours","contract-743911","2024-10-01T00:00:00Z","2024-09-01T00:00:00Z","Oracle","USD",2899.808877,"Oracle"
"USD","{}","Other","Usage",2480.136774,"2024-08-12T00:00:00Z","ContractCommitmentDescription 6413",7537.192498,"Savings Plan","Monthly","contractcommitment-422323","2024-10-07T00:00:00Z","Canceled","Discontinuous","Negotiated","One-Time","All Upfront",1.0,"2024-10-01T00:00:00Z","2024-09-01T00:00:00Z",5693.854759,"Committed Use Discount","Hours","contract-889558","2024-10-01T00:00:00Z","2024-09-01T00:00:00Z","Google","USD",6074.609551,"Google"
"USD","{}","Entitlement","Usage",8770.734251,"2024-08-23T00:00:00Z","ContractCommitmentDescription 5322",171.761999,"Committed Use Discount","Transactional","contractcommitment-279660","2024-10-10T00:00:00Z","Pending","Continuous","Negotiated","Annual","Partial Upfront",5005.042584,"2024-10-01T00:00:00Z","2024-09-01T00:00:00Z",1283.037037,"Committed Use Discount","Hours","contract-858693","2024-10-01T00:00:00Z","2024-09-01T00:00:00Z","Google","USD",9351.792575,"Google"
"USD","{}","Discount","Usage",1290.887599,"2024-08-28T00:00:00Z","ContractCommitmentDescription 3839",1151.43529,"Savings Plan","Hourly","contractcommitment-602194","2024-10-04T00:00:00Z","Active","Discontinuous","Public","Monthly","Partial Upfront",6302.972563,"2024-10-01T00:00:00Z","2024-09-01T00:00:00Z",7843.690098,"Savings Plan","Hours","contract-595575","2024-10-01T00:00:00Z","2024-09-01T00:00:00Z","Google","USD",8003.52913,"Google"
"USD","{}","Discount","Usage",2781.376657,"2024-08-27T00:00:00Z","ContractCommitmentDescription 8091",8482.565679,"Savings Plan","Daily","contractcommitment-255589","2024-10-01T00:00:00Z","Canceled","Continuous","Negotiated","One-Time","No Upfront",0.0,"2024-10-01T00:00:00Z","2024-09-01T00:00:00Z",8746.416074,"Reserved Instance","Hours","contract-916615","2024-10-01T00:00:00Z","2024-09-01T00:00:00Z","Microsoft","USD",1147.987411,"Microsoft"
"USD","{}","Other","Spend",3307.673676,"2024-08-21T00:00:00Z","ContractCommitmentDescription 6527",6280.044442,"Savings Plan","Hourly","contractcommitment-682355","2024-10-07T00:00:00Z","Exhausted","Continuous","Negotiated","One-Time","Partial Upfront",7058.162716,"2024-10-01T00:00:00Z","2024-09-01T00:00:00Z",5525.504745,"Reserved Instance","Hours","contract-829560","2024-10-01T00:00:00Z","2024-09-01T00:00:00Z","Oracle","USD",3272.56079,"Oracle"
"USD","{}","Availability","Spend",8850.180075,"2024-08-24T00:00:00Z","ContractCommitmentDescription 5859",NULL,"Reserved Instance","Annually","contractcommitment-265225","2024-10-02T00:00:00Z","Canceled","Continuous","Negotiated","Monthly","No Upfront",0.0,"2024-10-01T00:00:00Z","2024-09-01T00:00:00Z",2927.550911,"Savings Plan","Hours","contract-318011","2024-10-01T00:00:00Z","2024-09-01T00:00:00Z","Oracle","USD",6560.232796,"Oracle"
"USD","{}","Other","Usage",7814.309509,"2024-08-22T00:00:00Z","ContractCommitmentDescription 9851",8311.951088,"Reserved Instance","Transactional","contractcommitment-929916","2024-10-04T00:00:00Z","Canceled","Discontinuous","Negotiated","Annual","Partial Upfront",3814.290967,"2024-10-01T00:00:00Z","2024-09-01T00:00:00Z",5825.667006,"Reserved Instance","Hours","contract-943807","2024-10-01T00:00:00Z","2024-09-01T00:00:00Z","AWS","USD",6538.185931,"AWS"
"USD","{}","Availability","Spend",9935.469928,"2024-08-17T00:00:00Z","ContractCommitmentDescription 5949",NULL,"Savings Plan","Hourly","contractcommitment-262703","2024-10-05T00:00:00Z","Pending","Discontinuous","Negotiated","Monthly","No Upfront",0.0,"2024-10-01T00:00:00Z","2024-09-01T00:00:00Z",6095.0195,"Savings Plan","Hours","contract-509829","2024-10-01T00:00:00Z","2024-09-01T00:00:00Z","Oracle","USD",3383.404552,"Oracle"
"USD","{}","Entitlement","Spend",6236.084833,"2024-08-21T00:00:00Z","ContractCommitmentDescription 4830",93.192766,"Reserved Instance","Weekly","contractcommitment-446228","2024-10-03T00:00:00Z","Exhausted","Continuous","Negotiated","Monthly","No Upfront",0.0,"2024-10-01T00:00:00Z","2024-09-01T00:00:00Z",2194.595873,"Savings Plan","Hours","contract-591201","2024-10-01T00:00:00Z","2024-09-01T00:00:00Z","Oracle","USD",4409.732079,"Oracle"
"USD","{}","Other","Usage",1419.944523,"2024-08-18T00:00:00Z","ContractCommitmentDescription 8837",6096.725137,"Savings Plan","Semi-Annually","contractcommitment-361224","2024-10-08T00:00:00Z","Canceled","Continuous","Negotiated","One-Time","All Upfront",1.0,"2024-10-01T00:00:00Z","2024-09-01T00:00:00Z",560.500404,"Reserved Instance","Hours","contract-870405","2024-10-01T00:00:00Z","2024-09-01T00:00:00Z","AWS","USD",5817.212057,"AWS"
"USD","{}","Entitlement","Usage",7167.388716,"2024-08-16T00:00:00Z","ContractCommitmentDescription 3159",466.667125,"Committed Use Discount","Quarterly","contractcommitment-580722","2024-10-03T00:00:00Z","Proposed","Continuous","Negotiated","One-Time","All Upfront",1.0,"2024-10-01T00:00:00Z","2024-09-01T00:00:00Z",1634.065856,"Reserved Instance","Hours","contract-154650","2024-10-01T00:00:00Z","2024-09-01T00:00:00Z","Google","USD",8810.800416,"Google"
"USD","{}","Other","Spend",8316.970461,"2024-08-17T00:00:00Z","ContractCommitmentDescription 8803",6421.931135,"Committed Use Discount","Total Term","contractcommitment-436713","2024-10-07T00:00:00Z","Superseded","Discontinuous","Public","One-Time","All Upfront",1.0,"2024-10-01T00:00:00Z","2024-09-01T00:00:00Z",6007.202114,"Reserved Instance","Hours","contract-152477","2024-10-01T00:00:00Z","2024-09-01T00:00:00Z","AWS","USD",3863.173452,"AWS"
"USD","{}","Other","Spend",3394.783996,"2024-08-14T00:00:00Z","ContractCommitmentDescription 2050",1798.787129,"Savings Plan","Custom","contractcommitment-142051","2024-10-08T00:00:00Z","Superseded","Discontinuous","Public","One-Time","All Upfront",1.0,"2024-10-01T00:00:00Z","2024-09-01T00:00:00Z",2547.224605,"Committed Use Discount","Hours","contract-359423","2024-10-01T00:00:00Z","2024-09-01T00:00:00Z","Microsoft","USD",4854.67786,"Microsoft"
"USD","{}","Discount","Spend",845.363296,"2024-08-17T00:00:00Z","ContractCommitmentDescription 1772",1192.258114,"Savings Plan","Transactional","contractcommitment-144002","2024-10-10T00:00:00Z","Pending","Discontinuous","Public","One-Time","All Upfront",1.0,"2024-10-01T00:00:00Z","2024-09-01T00:00:00Z",9163.307837,"Reserved Instance","Hours","contract-996593","2024-10-01T00:00:00Z","2024-09-01T00:00:00Z","Microsoft","USD",494.837527,"Microsoft"
"USD","{}","Entitlement","Usage",1035.690053,"2024-08-22T00:00:00Z","ContractCommitmentDescription 5125",6944.449272,"Reserved Instance","Custom","contractcommitment-433803","2024-10-01T00:00:00Z","Canceled","Continuous","Public","One-Time","No Upfront",0.0,"2024-10-01T00:00:00Z","2024-09-01T00:00:00Z",9053.160361,"Savings Plan","Hours","contract-361906","2024-10-01T00:00:00Z","2024-09-01T00:00:00Z","Oracle","USD",2203.120333,"Oracle"
"USD","{}","Availability","Spend",1443.419614,"2024-08-26T00:00:00Z","ContractCommitmentDescription 7155",NULL,"Committed Use Discount","Semi-Annually","contractcommitment-818378","2024-10-03T00:00:00Z","Superseded","Discontinuous","Public","Monthly","No Upfront",0.0,"2024-10-01T00:00:00Z","2024-09-01T00:00:00Z",15.07727,"Committed Use Discount","Hours","contract-312186","2024-10-01T00:00:00Z","2024-09-01T00:00:00Z","Oracle","USD",9761.619738,"Oracle"
"USD","{}","Other","Usage",117.435699,"2024-08-22T00:00:00Z","ContractCommitmentDescription 8612",208.095596,"Reserved Instance","Hourly","contractcommitment-492367","2024-10-08T00:00:00Z","Expired","Discontinuous","Public","One-Time","All Upfront",1.0,"2024-10-01T00:00:00Z","2024-09-01T00:00:00Z",3132.218062,"Committed Use Discount","Hours","contract-620969","2024-10-01T00:00:00Z","2024-09-01T00:00:00Z","Google","USD",2573.786573,"Google"
"USD","{}","Availability","Usage",2331.714576,"2024-08-19T00:00:00Z","ContractCommitmentDescription 4030",NULL,"Savings Plan","Total Term","contractcommitment-434397","2024-10-07T00:00:00Z","Superseded","Continuous","Negotiated","One-Time","All Upfront",1.0,"2024-10-01T00:00:00Z","2024-09-01T00:00:00Z",4183.608598,"Savings Plan","Hours","contract-669100","2024-10-01T00:00:00Z","2024-09-01T00:00:00Z","Microsoft","USD",837.149556,"Microsoft"
"USD","{}","Entitlement","Spend",5925.291649,"2024-08-31T00:00:00Z","ContractCommitmentDescription 2917",713.358695,"Savings Plan","Monthly","contractcommitment-144083","2024-10-11T00:00:00Z","Pending","Discontinuous","Public","One-Time","All Upfront",1.0,"2024-10-01T00:00:00Z","2024-09-01T00:00:00Z",2325.913864,"Reserved Instance","Hours","contract-800842","2024-10-01T00:00:00Z","2024-09-01T00:00:00Z","Microsoft","USD",7202.015505,"Microsoft"
"USD","{}","Availability","Spend",427.453997,"2024-08-18T00:00:00Z","ContractCommitmentDescription 7176",NULL,"Committed Use Discount","Quarterly","contractcommitment-753789","2024-10-03T00:00:00Z","Expired","Continuous","Public","One-Time","No Upfront",0.0,"2024-10-01T00:00:00Z","2024-09-01T00:00:00Z",1069.691496,"Committed Use Discount","Hours","contract-897214","2024-10-01T00:00:00Z","2024-09-01T00:00:00Z","Microsoft","USD",8513.332608,"Microsoft"
"USD","{}","Entitlement","Spend",8189.220476,"2024-08-23T00:00:00Z","ContractCommitmentDescription 2371",1767.802227,"Reserved Instance","Daily","contractcommitment-969097","2024-10-10T00:00:00Z","Pending","Continuous","Public","Custom","Partial Upfront",5113.617976,"2024-10-01T00:00:00Z","2024-09-01T00:00:00Z",9116.965226,"Reserved Instance","Hours","contract-664476","2024-10-01T00:00:00Z","2024-09-01T00:00:00Z","AWS","USD",1536.537027,"AWS"
"USD","{}","Other","Usage",8936.294988,"2024-08-14T00:00:00Z","ContractCommitmentDescription 2703",7635.759159,"Reserved Instance","Transactional","contractcommitment-442587","2024-10-07T00:00:00Z","Active","Continuous","Public","Quarterly","Partial Upfront",7500.766004,"2024-10-01T00:00:00Z","2024-09-01T00:00:00Z",8371.716726,"Committed Use Discount","Hours","contract-144648","2024-10-01T00:00:00Z","2024-09-01T00:00:00Z","Oracle","USD",7946.124627,"Oracle"
"USD","{}","Other","Spend",8319.083029,"2024-08-13T00:00:00Z","ContractCommitmentDescription 9532",3272.92232,"Committed Use Discount","Annually","contractcommitment-768787","2024-10-09T00:00:00Z","Exhausted","Discontinuous","Public","Custom","Partial Upfront",7750.70792,"2024-10-01T00:00:00Z","2024-09-01T00:00:00Z",1187.51955,"Savings Plan","Hours","contract-328287","2024-10-01T00:00:00Z","2024-09-01T00:00:00Z","Microsoft","USD",2961.942975,"Microsoft"
"USD","{}","Other","Spend",1790.456777,"2024-08-28T00:00:00Z","ContractCommitmentDescription 4167",1830.217318,"Savings Plan","Daily","contractcommitment-147680","2024-10-10T00:00:00Z","Active","Continuous","Public","Annual","No Upfront",0.0,"2024-10-01T00:00:00Z","2024-09-01T00:00:00Z",1127.678996,"Committed Use Discount","Hours","contract-635906","2024-10-01T00:00:00Z","2024-09-01T00:00:00Z","Microsoft","USD",9170.365772,"Microsoft"
"USD","{}","Entitlement","Usage",5881.275133,"2024-08-29T00:00:00Z","ContractCommitmentDescription 5549",5753.673143,"Committed Use Discount","Daily","contractcommitment-783344","2024-10-08T00:00:00Z","Pending","Continuous","Negotiated","One-Time","All Upfront",1.0,"2024-10-01T00:00:00Z","2024-09-01T00:00:00Z",2193.40167,"Savings Plan","Hours","contract-529728","2024-10-01T00:00:00Z","2024-09-01T00:00:00Z","AWS","USD",209.367703,"AWS"
"USD","{}","Entitlement","Spend",5392.413686,"2024-08-31T00:00:00Z","ContractCommitmentDescription 4168",5439.718246,"Reserved Instance","Daily","contractcommitment-104035","2024-10-01T00:00:00Z","Active","Continuous","Public","Monthly","Partial Upfront",2442.717916,"2024-10-01T00:00:00Z","2024-09-01T00:00:00Z",5294.601612,"Reserved Instance","Hours","contract-472536","2024-10-01T00:00:00Z","2024-09-01T00:00:00Z","Microsoft","USD",5531.50726,"Microsoft"
"USD","{}","Discount","Spend",4511.018649,"2024-08-18T00:00:00Z","ContractCommitmentDescription 9748",6975.064757,"Reserved Instance","Total Term","contractcommitment-893023","2024-10-10T00:00:00Z","Exhausted","Continuous","Negotiated","One-Time","All Upfront",1.0,"2024-10-01T00:00:00Z","2024-09-01T00:00:00Z",2068.09125,"Committed Use Discount","Hours","contract-805875","2024-10-01T00:00:00Z","2024-09-01T00:00:00Z","Microsoft","USD",7896.037838,"Microsoft"
"USD","{}","Discount","Usage",6349.99738,"2024-08-25T00:00:00Z","ContractCommitmentDescription 9885",9130.509556,"Savings Plan","Weekly","contractcommitment-516965","2024-10-08T00:00:00Z","Exhausted","Continuous","Negotiated","One-Time","All Upfront",1.0,"2024-10-01T00:00:00Z","2024-09-01T00:00:00Z",7769.714826,"Reserved Instance","Hours","contract-299095","2024-10-01T00:00:00Z","2024-09-01T00:00:00Z","Microsoft","USD",1550.525402,"Microsoft"
"USD","{}","Discount","Spend",3493.276156,"2024-08-25T00:00:00Z","ContractCommitmentDescription 4061",4610.866065,"Committed Use Discount","Daily","contractcommitment-654020","2024-10-04T00:00:00Z","Exhausted","Discontinuous","Negotiated","Semi-Annual","Partial Upfront",4930.083333,"2024-10-01T00:00:00Z","2024-09-01T00:00:00Z",949.719224,"Reserved Instance","Hours","contract-892217","2024-10-01T00:00:00Z","2024-09-01T00:00:00Z","Microsoft","USD",6291.496659,"Microsoft"
"USD","{}","Discount","Usage",2473.622841,"2024-08-13T00:00:00Z","ContractCommitmentDescription 2229",6211.699108,"Savings Plan","Custom","contractcommitment-566191","2024-10-03T00:00:00Z","Exhausted","Continuous","Public","One-Time","All Upfront",1.0,"2024-10-01T00:00:00Z","2024-09-01T00:00:00Z",9699.369862,"Savings Plan","Hours","contract-774498","2024-10-01T00:00:00Z","2024-09-01T00:00:00Z","Google","USD",2469.498183,"Google"
"USD","{}","Discount","Spend",7014.952033,"2024-08-20T00:00:00Z","ContractCommitmentDescription 7174",3686.39452,"Savings Plan","Transactional","contractcommitment-503148","2024-10-11T00:00:00Z","Superseded","Continuous","Public","Annual","No Upfront",0.0,"2024-10-01T00:00:00Z","2024-09-01T00:00:00Z",4482.173711,"Savings Plan","Hours","contract-721990","2024-10-01T00:00:00Z","2024-09-01T00:00:00Z","Google","USD",5655.044011,"Google"
"USD","{}","Availability","Usage",6282.745796,"2024-08-21T00:00:00Z","ContractCommitmentDescription 1147",NULL,"Committed Use Discount","Quarterly","contractcommitment-243134","2024-10-06T00:00:00Z","Expired","Continuous","Public","One-Time","All Upfront",1.0,"2024-10-01T00:00:00Z","2024-09-01T00:00:00Z",7648.321809,"Savings Plan","Hours","contract-718938","2024-10-01T00:00:00Z","2024-09-01T00:00:00Z","Microsoft","USD",9884.62761,"Microsoft"
"USD","{}","Other","Usage",215.936867,"2024-08-29T00:00:00Z","ContractCommitmentDescription 1063",5532.457961,"Committed Use Discount","Total Term","contractcommitment-421906","2024-10-08T00:00:00Z","Canceled","Discontinuous","Public","Annual","Partial Upfront",6855.839313,"2024-10-01T00:00:00Z","2024-09-01T00:00:00Z",8506.082264,"Savings Plan","Hours","contract-389196","2024-10-01T00:00:00Z","2024-09-01T00:00:00Z","Google","USD",752.679702,"Google"
"USD","{}","Other","Usage",2425.31868,"2024-08-12T00:00:00Z","ContractCommitmentDescription 8509",5189.875509,"Committed Use Discount","Semi-Annually","contractcommitment-316277","2024-10-09T00:00:00Z","Exhausted","Continuous","Public","One-Time","All Upfront",1.0,"2024-10-01T00:00:00Z","2024-09-01T00:00:00Z",2652.210987,"Savings Plan","Hours","contract-930823","2024-10-01T00:00:00Z","2024-09-01T00:00:00Z","Microsoft","USD",6049.280105,"Microsoft"
"USD","{}","Discount","Spend",3984.715874,"2024-08-31T00:00:00Z","ContractCommitmentDescription 8515",390.845194,"Savings Plan","Quarterly","contractcommitment-679733","2024-10-06T00:00:00Z","Expired","Continuous","Negotiated","Annual","No Upfront",0.0,"2024-10-01T00:00:00Z","2024-09-01T00:00:00Z",8335.638214,"Savings Plan","Hours","contract-209444","2024-10-01T00:00:00Z","2024-09-01T00:00:00Z","Oracle","USD",7701.724412,"Oracle"
"USD","{}","Entitlement","Spend",3298.800177,"2024-08-14T00:00:00Z","ContractCommitmentDescription 5999",6667.572917,"Committed Use Discount","Transactional","contractcommitment-348471","2024-10-09T00:00:00Z","Expired","Discontinuous","Public","Custom","No Upfront",0.0,"2024-10-01T00:00:00Z","2024-09-01T00:00:00Z",4159.940406,"Reserved Instance","Hours","contract-256633","2024-10-01T00:00:00Z","2024-09-01T00:00:00Z","AWS","USD",9254.543406,"AWS"
"USD","{}","Entitlement","Spend",6796.570446,"2024-08-20T00:00:00Z","ContractCommitmentDescription 7395",7597.722909,"Savings Plan","Daily","contractcommitment-720939","2024-10-01T00:00:00Z","Superseded","Discontinuous","Negotiated","One-Time","Partial Upfront",3874.025665,"2024-10-01T00:00:00Z","2024-09-01T00:00:00Z",970.914033,"Savings Plan","Hours","contract-965565","2024-10-01T00:00:00Z","2024-09-01T00:00:00Z","Oracle","USD",4382.749198,"Oracle"
"USD","{}","Other","Spend",6536.276945,"2024-08-18T00:00:00Z","ContractCommitmentDescription 9696",4721.040887,"Savings Plan","Hourly","contractcommitment-132747","2024-10-08T00:00:00Z","Proposed","Continuous","Public","One-Time","All Upfront",1.0,"2024-10-01T00:00:00Z","2024-09-01T00:00:00Z",2309.261953,"Savings Plan","Hours","contract-364309","2024-10-01T00:00:00Z","2024-09-01T00:00:00Z","Google","USD",1315.267056,"Google"
"USD","{}","Availability","Usage",5586.260922,"2024-08-19T00:00:00Z","ContractCommitmentDescription 7567",NULL,"Savings Plan","Weekly","contractcommitment-415499","2024-10-08T00:00:00Z","Proposed","Discontinuous","Negotiated","Monthly","No Upfront",0.0,"2024-10-01T00:00:00Z","2024-09-01T00:00:00Z",3441.929937,"Committed Use Discount","Hours","contract-600890","2024-10-01T00:00:00Z","2024-09-01T00:00:00Z","AWS","USD",1369.270184,"AWS"
"USD","{}","Discount","Usage",2359.118403,"2024-08-26T00:00:00Z","ContractCommitmentDescription 5831",4395.768254,"Reserved Instance","Quarterly","contractcommitment-623138","2024-10-03T00:00:00Z","Active","Discontinuous","Public","One-Time","All Upfront",1.0,"2024-10-01T00:00:00Z","2024-09-01T00:00:00Z",7854.673663,"Savings Plan","Hours","contract-729965","2024-10-01T00:00:00Z","2024-09-01T00:00:00Z","Oracle","USD",4370.734045,"Oracle"
"USD","{}","Availability","Spend",4890.989127,"2024-08-28T00:00:00Z","ContractCommitmentDescription 2340",NULL,"Savings Plan","Semi-Annually","contractcommitment-864049","2024-10-04T00:00:00Z","Active","Continuous","Negotiated","One-Time","All Upfront",1.0,"2024-10-01T00:00:00Z","2024-09-01T00:00:00Z",8994.70818,"Reserved Instance","Hours","contract-877018","2024-10-01T00:00:00Z","2024-09-01T00:00:00Z","Microsoft","USD",2491.368532,"Microsoft"
"USD","{}","Other","Spend",9231.357111,"2024-08-26T00:00:00Z","ContractCommitmentDescription 3345",6333.073301,"Savings Plan","Total Term","contractcommitment-264681","2024-10-02T00:00:00Z","Exhausted","Discontinuous","Negotiated","Annual","Partial Upfront",5556.850532,"2024-10-01T00:00:00Z","2024-09-01T00:00:00Z",7123.654982,"Savings Plan","Hours","contract-279274","2024-10-01T00:00:00Z","2024-09-01T00:00:00Z","Microsoft","USD",1809.446408,"Microsoft"
"USD","{}","Availability","Spend",4060.80217,"2024-08-26T00:00:00Z","ContractCommitmentDescription 9230",NULL,"Savings Plan","Custom","contractcommitment-188115","2024-10-11T00:00:00Z","Exhausted","Continuous","Negotiated","Quarterly","No Upfront",0.0,"2024-10-01T00:00:00Z","2024-09-01T00:00:00Z",6367.32072,"Savings Plan","Hours","contract-728397","2024-10-01T00:00:00Z","2024-09-01T00:00:00Z","Google","USD",927.461405,"Google"
"USD","{}","Entitlement","Usage",6386.285738,"2024-08-17T00:00:00Z","ContractCommitmentDescription 6842",7723.772611,"Savings Plan","Total Term","contractcommitment-654617","2024-10-05T00:00:00Z","Canceled","Discontinuous","Negotiated","Semi-Annual","No Upfront",0.0,"2024-10-01T00:00:00Z","2024-09-01T00:00:00Z",3002.802558,"Committed Use Discount","Hours","contract-309126","2024-10-01T00:00:00Z","2024-09-01T00:00:00Z","Oracle","USD",2599.574722,"Oracle"
"USD","{}","Discount","Spend",1952.357227,"2024-08-30T00:00:00Z","ContractCommitmentDescription 9681",2177.732395,"Reserved Instance","Daily","contractcommitment-821819","2024-10-06T00:00:00Z","Pending","Continuous","Negotiated","Semi-Annual","No Upfront",0.0,"2024-10-01T00:00:00Z","2024-09-01T00:00:00Z",5060.275982,"Reserved Instance","Hours","contract-469755","2024-10-01T00:00:00Z","2024-09-01T00:00:00Z","Microsoft","USD",7944.038896,"Microsoft"
"USD","{}","Availability","Usage",1839.544871,"2024-08-14T00:00:00Z","ContractCommitmentDescription 2025",NULL,"Reserved Instance","Total Term","contractcommitment-825100","2024-10-08T00:00:00Z","Active","Discontinuous","Public","Custom","No Upfront",0.0,"2024-10-01T00:00:00Z","2024-09-01T00:00:00Z",7289.38544,"Savings Plan","Hours","contract-152431","2024-10-01T00:00:00Z","2024-09-01T00:00:00Z","Oracle","USD",1015.271657,"Oracle"
"USD","{}","Availability","Usage",8693.565308,"2024-08-20T00:00:00Z","ContractCommitmentDescription 9135",NULL,"Savings Plan","Total Term","contractcommitment-878365","2024-10-07T00:00:00Z","Exhausted","Continuous","Public","Annual","No Upfront",0.0,"2024-10-01T00:00:00Z","2024-09-01T00:00:00Z",2244.838939,"Savings Plan","Hours","contract-716206","2024-10-01T00:00:00Z","2024-09-01T00:00:00Z","AWS","USD",6046.012161,"AWS"
"USD","{}","Availability","Spend",6095.913841,"2024-08-19T00:00:00Z","ContractCommitmentDescription 1475",NULL,"Reserved Instance","Hourly","contractcommitment-658121","2024-10-11T00:00:00Z","Expired","Discontinuous","Public","One-Time","All Upfront",1.0,"2024-10-01T00:00:00Z","2024-09-01T00:00:00Z",9059.208425,"Committed Use Discount","Hours","contract-271678","2024-10-01T00:00:00Z","2024-09-01T00:00:00Z","Google","USD",951.996647,"Google"
"USD","{}","Availability","Usage",1702.011872,"2024-08-14T00:00:00Z","ContractCommitmentDescription 5830",NULL,"Committed Use Discount","Transactional","contractcommitment-914197","2024-10-10T00:00:00Z","Expired","Discontinuous","Public","Annual","Partial Upfront",4380.404217,"2024-10-01T00:00:00Z","2024-09-01T00:00:00Z",5610.400059,"Savings Plan","Hours","contract-444555","2024-10-01T00:00:00Z","2024-09-01T00:00:00Z","AWS","USD",6351.094448,"AWS"
"USD","{}","Discount","Spend",1791.50113,"2024-08-15T00:00:00Z","ContractCommitmentDescription 2170",4411.07383,"Committed Use Discount","Total Term","contractcommitment-866643","2024-10-03T00:00:00Z","Expired","Continuous","Negotiated","One-Time","All Upfront",1.0,"2024-10-01T00:00:00Z","2024-09-01T00:00:00Z",6392.977507,"Savings Plan","Hours","contract-584570","2024-10-01T00:00:00Z","2024-09-01T00:00:00Z","Google","USD",143.887097,"Google"
"USD","{}","Availability","Spend",7899.075617,"2024-08-13T00:00:00Z","ContractCommitmentDescription 4376",NULL,"Reserved Instance","Transactional","contractcommitment-510222","2024-10-09T00:00:00Z","Expired","Continuous","Negotiated","One-Time","All Upfront",1.0,"2024-10-01T00:00:00Z","2024-09-01T00:00:00Z",296.849103,"Committed Use Discount","Hours","contract-458318","2024-10-01T00:00:00Z","2024-09-01T00:00:00Z","Google","USD",7519.85501,"Google"
"USD","{}","Other","Spend",2751.022424,"2024-08-29T00:00:00Z","ContractCommitmentDescription 6514",5764.377416,"Reserved Instance","Custom","contractcommitment-788590","2024-10-10T00:00:00Z","Superseded","Continuous","Negotiated","Semi-Annual","Partial Upfront",5770.921934,"2024-10-01T00:00:00Z","2024-09-01T00:00:00Z",3704.065257,"Reserved Instance","Hours","contract-543504","2024-10-01T00:00:00Z","2024-09-01T00:00:00Z","AWS","USD",5852.01116,"AWS"
"USD","{}","Discount","Usage",9611.848053,"2024-08-20T00:00:00Z","ContractCommitmentDescription 1194",7688.02202,"Committed Use Discount","Semi-Annually","contractcommitment-304638","2024-10-02T00:00:00Z","Pending","Discontinuous","Negotiated","One-Time","All Upfront",1.0,"2024-10-01T00:00:00Z","2024-09-01T00:00:00Z",5756.73269,"Committed Use Discount","Hours","contract-110942","2024-10-01T00:00:00Z","2024-09-01T00:00:00Z","Microsoft","USD",2486.197871,"Microsoft"
"USD","{}","Availability","Usage",1212.62582,"2024-08-13T00:00:00Z","ContractCommitmentDescription 7989",NULL,"Reserved Instance","Transactional","contractcommitment-444027","2024-10-08T00:00:00Z","Superseded","Continuous","Negotiated","One-Time","Partial Upfront",3277.402748,"2024-10-01T00:00:00Z","2024-09-01T00:00:00Z",8793.196092,"Savings Plan","Hours","contract-849347","2024-10-01T00:00:00Z","2024-09-01T00:00:00Z","Microsoft","USD",4610.385389,"Microsoft"
"USD","{}","Entitlement","Usage",7575.259984,"2024-08-29T00:00:00Z","ContractCommitmentDescription 3291",9150.126088,"Reserved Instance","Monthly","contractcommitment-823734","2024-10-06T00:00:00Z","Active","Discontinuous","Negotiated","Monthly","Partial Upfront",2419.944912,"2024-10-01T00:00:00Z","2024-09-01T00:00:00Z",6186.819528,"Committed Use Discount","Hours","contract-757070","2024-10-01T00:00:00Z","2024-09-01T00:00:00Z","Oracle","USD",3338.63404,"Oracle"
"USD","{}","Availability","Usage",6656.591315,"2024-08-18T00:00:00Z","ContractCommitmentDescription 2408",NULL,"Savings Plan","Annually","contractcommitment-351038","2024-10-02T00:00:00Z","Expired","Discontinuous","Negotiated","Quarterly","Partial Upfront",7898.539072,"2024-10-01T00:00:00Z","2024-09-01T00:00:00Z",1156.90165,"Savings Plan","Hours","contract-358053","2024-10-01T00:00:00Z","2024-09-01T00:00:00Z","Google","USD",3928.873834,"Google"
"USD","{}","Other","Spend",4569.357338,"2024-08-27T00:00:00Z","ContractCommitmentDescription 3595",5447.022736,"Savings Plan","Annually","contractcommitment-529768","2024-10-09T00:00:00Z","Proposed","Discontinuous","Negotiated","Quarterly","No Upfront",0.0,"2024-10-01T00:00:00Z","2024-09-01T00:00:00Z",3777.109892,"Savings Plan","Hours","contract-172024","2024-10-01T00:00:00Z","2024-09-01T00:00:00Z","AWS","USD",8170.002155,"AWS"
"USD","{}","Other","Usage",6346.059955,"2024-08-29T00:00:00Z","ContractCommitmentDescription 4354",3347.621078,"Committed Use Discount","Quarterly","contractcommitment-529491","2024-10-01T00:00:00Z","Superseded","Discontinuous","Negotiated","Quarterly","No Upfront",0.0,"2024-10-01T00:00:00Z","2024-09-01T00:00:00Z",6692.788196,"Committed Use Discount","Hours","contract-241944","2024-10-01T00:00:00Z","2024-09-01T00:00:00Z","Oracle","USD",4904.149546,"Oracle"
"USD","{}","Other","Spend",4222.206781,"2024-08-31T00:00:00Z","ContractCommitmentDescription 9341",8723.624803,"Savings Plan","Quarterly","contractcommitment-809290","2024-10-05T00:00:00Z","Active","Discontinuous","Negotiated","One-Time","All Upfront",1.0,"2024-10-01T00:00:00Z","2024-09-01T00:00:00Z",3169.885262,"Reserved Instance","Hours","contract-703292","2024-10-01T00:00:00Z","2024-09-01T00:00:00Z","Microsoft","USD",4117.614446,"Microsoft"
"USD","{}","Discount","Spend",1731.332131,"2024-08-18T00:00:00Z","ContractCommitmentDescription 9791",7635.313709,"Savings Plan","Custom","contractcommitment-633879","2024-10-08T00:00:00Z","Exhausted","Discontinuous","Public","Quarterly","No Upfront",0.0,"2024-10-01T00:00:00Z","2024-09-01T00:00:00Z",2371.294858,"Savings Plan","Hours","contract-884981","2024-10-01T00:00:00Z","2024-09-01T00:00:00Z","AWS","USD",8927.566517,"AWS"
"USD","{}","Entitlement","Spend",6418.034953,"2024-08-16T00:00:00Z","ContractCommitmentDescription 7960",8060.440984,"Committed Use Discount","Daily","contractcommitment-927154","2024-10-02T00:00:00Z","Proposed","Discontinuous","Public","Custom","No Upfront",0.0,"2024-10-01T00:00:00Z","2024-09-01T00:00:00Z",9471.11027,"Committed Use Discount","Hours","contract-896924","2024-10-01T00:00:00Z","2024-09-01T00:00:00Z","Microsoft","USD",5227.174528,"Microsoft"
"USD","{}","Other","Usage",6518.995743,"2024-08-15T00:00:00Z","ContractCommitmentDescription 6884",9618.005791,"Reserved Instance","Monthly","contractcommitment-324866","2024-10-08T00:00:00Z","Exhausted","Discontinuous","Public","Semi-Annual","No Upfront",0.0,"2024-10-01T00:00:00Z","2024-09-01T00:00:00Z",942.930895,"Committed Use Discount","Hours","contract-734433","2024-10-01T00:00:00Z","2024-09-01T00:00:00Z","AWS","USD",124.56377,"AWS"
"USD","{}","Other","Spend",1862.897094,"2024-08-20T00:00:00Z","ContractCommitmentDescription 3092",3958.980004,"Savings Plan","Quarterly","contractcommitment-925779","2024-10-04T00:00:00Z","Pending","Continuous","Public","One-Time","All Upfront",1.0,"2024-10-01T00:00:00Z","2024-09-01T00:00:00Z",8623.564457,"Reserved Instance","Hours","contract-740903","2024-10-01T00:00:00Z","2024-09-01T00:00:00Z","AWS","USD",348.502079,"AWS"
"USD","{}","Availability","Usage",662.847535,"2024-08-17T00:00:00Z","ContractCommitmentDescription 1927",NULL,"Savings Plan","Custom","contractcommitment-979614","2024-10-08T00:00:00Z","Canceled","Discontinuous","Negotiated","Annual","No Upfront",0.0,"2024-10-01T00:00:00Z","2024-09-01T00:00:00Z",3712.314144,"Reserved Instance","Hours","contract-162387","2024-10-01T00:00:00Z","2024-09-01T00:00:00Z","Google","USD",6213.841549,"Google"
"USD","{}","Availability","Usage",281.612768,"2024-08-28T00:00:00Z","ContractCommitmentDescription 8776",NULL,"Savings Plan","Quarterly","contractcommitment-702235","2024-10-11T00:00:00Z","Exhausted","Continuous","Negotiated","Monthly","Partial Upfront",781.286209,"2024-10-01T00:00:00Z","2024-09-01T00:00:00Z",4960.089165,"Savings Plan","Hours","contract-294534","2024-10-01T00:00:00Z","2024-09-01T00:00:00Z","Google","USD",2896.126063,"Google"
"USD","{}","Discount","Spend",354.460343,"2024-08-25T00:00:00Z","ContractCommitmentDescription 6004",3825.719098,"Savings Plan","Daily","contractcommitment-820940","2024-10-03T00:00:00Z","Exhausted","Continuous","Negotiated","Semi-Annual","No Upfront",0.0,"2024-10-01T00:00:00Z","2024-09-01T00:00:00Z",3993.56294,"Committed Use Discount","Hours","contract-158815","2024-10-01T00:00:00Z","2024-09-01T00:00:00Z","Google","USD",9342.501158,"Google"
"USD","{}","Entitlement","Usage",8932.625115,"2024-08-30T00:00:00Z","ContractCommitmentDescription 7784",7214.417021,"Reserved Instance","Custom","contractcommitment-477897","2024-10-01T00:00:00Z","Pending","Discontinuous","Negotiated","One-Time","Partial Upfront",4648.463389,"2024-10-01T00:00:00Z","2024-09-01T00:00:00Z",6049.151965,"Reserved Instance","Hours","contract-200432","2024-10-01T00:00:00Z","2024-09-01T00:00:00Z","Microsoft","USD",4949.328247,"Microsoft"
"USD","{}","Other","Spend",6153.359373,"2024-08-21T00:00:00Z","ContractCommitmentDescription 2465",1895.065587,"Reserved Instance","Total Term","contractcommitment-280003","2024-10-10T00:00:00Z","Pending","Continuous","Negotiated","One-Time","All Upfront",1.0,"2024-10-01T00:00:00Z","2024-09-01T00:00:00Z",5663.716275,"Committed Use Discount","Hours","contract-595571","2024-10-01T00:00:00Z","2024-09-01T00:00:00Z","Microsoft","USD",8845.995,"Microsoft"
"USD","{}","Discount","Usage",3162.133535,"2024-08-16T00:00:00Z","ContractCommitmentDescription 5576",7434.815124,"Reserved Instance","Total Term","contractcommitment-216349","2024-10-03T00:00:00Z","Expired","Continuous","Negotiated","Semi-Annual","No Upfront",0.0,"2024-10-01T00:00:00Z","2024-09-01T00:00:00Z",3063.932526,"Savings Plan","Hours","contract-251728","2024-10-01T00:00:00Z","2024-09-01T00:00:00Z","Oracle","USD",8250.525611,"Oracle"
"USD","{}","Entitlement","Spend",6479.457944,"2024-08-22T00:00:00Z","ContractCommitmentDescription 1252",1440.707322,"Reserved Instance","Monthly","contractcommitment-716261","2024-10-03T00:00:00Z","Active","Continuous","Negotiated","One-Time","All Upfront",1.0,"2024-10-01T00:00:00Z","2024-09-01T00:00:00Z",5833.410417,"Savings Plan","Hours","contract-936591","2024-10-01T00:00:00Z","2024-09-01T00:00:00Z","Google","USD",8425.700551,"Google"
"USD","{}","Entitlement","Usage",6415.527957,"2024-08-19T00:00:00Z","ContractCommitmentDescription 6785",3158.062703,"Reserved Instance","Weekly","contractcommitment-593171","2024-10-10T00:00:00Z","Exhausted","Continuous","Public","Annual","Partial Upfront",7202.000958,"2024-10-01T00:00:00Z","2024-09-01T00:00:00Z",241.064427,"Committed Use Discount","Hours","contract-383480","2024-10-01T00:00:00Z","2024-09-01T00:00:00Z","Microsoft","USD",9480.185981,"Microsoft"
"USD","{}","Other","Spend",1314.13237,"2024-08-13T00:00:00Z","ContractCommitmentDescription 2741",5749.724632,"Reserved Instance","Semi-Annually","contractcommitment-663110","2024-10-09T00:00:00Z","Expired","Continuous","Negotiated","One-Time","All Upfront",1.0,"2024-10-01T00:00:00Z","2024-09-01T00:00:00Z",9933.677223,"Committed Use Discount","Hours","contract-868089","2024-10-01T00:00:00Z","2024-09-01T00:00:00Z","Google","USD",6066.503063,"Google"
"USD","{}","Other","Spend",2138.939087,"2024-08-23T00:00:00Z","ContractCommitmentDescription 7215",9991.272692,"Reserved Instance","Transactional","contractcommitment-651046","2024-10-08T00:00:00Z","Active","Discontinuous","Public","Quarterly","No Upfront",0.0,"2024-10-01T00:00:00Z","2024-09-01T00:00:00Z",2307.212758,"Committed Use Discount","Hours","contract-691978","2024-10-01T00:00:00Z","2024-09-01T00:00:00Z","Oracle","USD",1095.3546,"Oracle"
"USD","{}","Entitlement","Spend",4371.832185,"2024-08-16T00:00:00Z","ContractCommitmentDescription 1714",503.519059,"Committed Use Discount","Transactional","contractcommitment-963900","2024-10-05T00:00:00Z","Superseded","Continuous","Public","One-Time","All Upfront",1.0,"2024-10-01T00:00:00Z","2024-09-01T00:00:00Z",8336.057231,"Savings Plan","Hours","contract-392135","2024-10-01T00:00:00Z","2024-09-01T00:00:00Z","AWS","USD",5403.324386,"AWS"
"USD","{}","Entitlement","Spend",2240.014417,"2024-08-23T00:00:00Z","ContractCommitmentDescription 9647",4102.184275,"Savings Plan","Annually","contractcommitment-296599","2024-10-08T00:00:00Z","Pending","Continuous","Negotiated","One-Time","No Upfront",0.0,"2024-10-01T00:00:00Z","2024-09-01T00:00:00Z",7268.528155,"Committed Use Discount","Hours","contract-115251","2024-10-01T00:00:00Z","2024-09-01T00:00:00Z","Oracle","USD",3592.796169,"Oracle"
"USD","{}","Discount","Spend",181.737061,"2024-08-31T00:00:00Z","ContractCommitmentDescription 9503",3769.033644,"Savings Plan","Annually","contractcommitment-575463","2024-10-04T00:00:00Z","Pending","Continuous","Negotiated","One-Time","All Upfront",1.0,"2024-10-01T00:00:00Z","2024-09-01T00:00:00Z",7681.179477,"Committed Use Discount","Hours","contract-227211","2024-10-01T00:00:00Z","2024-09-01T00:00:00Z","Google","USD",2521.22567,"Google"
"USD","{}","Other","Spend",8203.99979,"2024-08-31T00:00:00Z","ContractCommitmentDescription 3275",6855.109818,"Reserved Instance","Total Term","contractcommitment-878215","2024-10-01T00:00:00Z","Superseded","Discontinuous","Negotiated","Semi-Annual","No Upfront",0.0,"2024-10-01T00:00:00Z","2024-09-01T00:00:00Z",7330.552588,"Savings Plan","Hours","contract-983577","2024-10-01T00:00:00Z","2024-09-01T00:00:00Z","Oracle","USD",9509.548775,"Oracle"
"USD","{}","Discount","Spend",230.576688,"2024-08-16T00:00:00Z","ContractCommitmentDescription 9438",2773.300237,"Reserved Instance","Monthly","contractcommitment-555671","2024-10-05T00:00:00Z","Proposed","Continuous","Negotiated","Semi-Annual","No Upfront",0.0,"2024-10-01T00:00:00Z","2024-09-01T00:00:00Z",5233.913726,"Reserved Instance","Hours","contract-196958","2024-10-01T00:00:00Z","2024-09-01T00:00:00Z","Oracle","USD",6621.528015,"Oracle"
"USD","{}","Availability","Spend",9727.784024,"2024-08-23T00:00:00Z","ContractCommitmentDescription 4098",NULL,"Committed Use Discount","Hourly","contractcommitment-171736","2024-10-06T00:00:00Z","Active","Continuous","Public","Monthly","Partial Upfront",4128.729434,"2024-10-01T00:00:00Z","2024-09-01T00:00:00Z",299.713272,"Savings Plan","Hours","contract-702673","2024-10-01T00:00:00Z","2024-09-01T00:00:00Z","Google","USD",6072.095603,"Google"
"USD","{}","Other","Usage",1482.698449,"2024-08-22T00:00:00Z","ContractCommitmentDescription 1879",954.905306,"Committed Use Discount","Weekly","contractcommitment-379966","2024-10-10T00:00:00Z","Canceled","Continuous","Negotiated","One-Time","All Upfront",1.0,"2024-10-01T00:00:00Z","2024-09-01T00:00:00Z",6887.183302,"Reserved Instance","Hours","contract-784319","2024-10-01T00:00:00Z","2024-09-01T00:00:00Z","Google","USD",2224.922069,"Google"
"USD","{}","Other","Spend",336.806963,"2024-08-12T00:00:00Z","ContractCommitmentDescription 6679",5007.971144,"Reserved Instance","Total Term","contractcommitment-374810","2024-10-05T00:00:00Z","Canceled","Discontinuous","Negotiated","Semi-Annual","No Upfront",0.0,"2024-10-01T00:00:00Z","2024-09-01T00:00:00Z",3585.110056,"Reserved Instance","Hours","contract-426708","2024-10-01T00:00:00Z","2024-09-01T00:00:00Z","Oracle","USD",1597.694304,"Oracle"
"USD","{}","Availability","Spend",1594.703616,"2024-08-20T00:00:00Z","ContractCommitmentDescription 2551",NULL,"Committed Use Discount","Weekly","contractcommitment-678457","2024-10-08T00:00:00Z","Canceled","Discontinuous","Negotiated","Annual","No Upfront",0.0,"2024-10-01T00:00:00Z","2024-09-01T00:00:00Z",9382.681107,"Committed Use Discount","Hours","contract-924497","2024-10-01T00:00:00Z","2024-09-01T00:00:00Z","Microsoft","USD",6315.466685,"Microsoft"
"USD","{}","Other","Spend",8833.695354,"2024-08-20T00:00:00Z","ContractCommitmentDescription 1996",4646.482661,"Reserved Instance","Monthly","contractcommitment-158071","2024-10-10T00:00:00Z","Active","Discontinuous","Public","One-Time","No Upfront",0.0,"2024-10-01T00:00:00Z","2024-09-01T00:00:00Z",5615.576002,"Committed Use Discount","Hours","contract-580542","2024-10-01T00:00:00Z","2024-09-01T00:00:00Z","Google","USD",866.659211,"Google"
"USD","{}","Other","Spend",3508.474833,"2024-08-26T00:00:00Z","ContractCommitmentDescription 3049",293.650676,"Savings Plan","Transactional","contractcommitment-850078","2024-10-04T00:00:00Z","Active","Continuous","Public","Custom","Partial Upfront",4352.262002,"2024-10-01T00:00:00Z","2024-09-01T00:00:00Z",3251.023011,"Committed Use Discount","Hours","contract-427215","2024-10-01T00:00:00Z","2024-09-01T00:00:00Z","AWS","USD",3818.356672,"AWS"
"USD","{}","Other","Usage",9875.757487,"2024-08-22T00:00:00Z","ContractCommitmentDescription 5912",3828.193532,"Reserved Instance","Daily","contractcommitment-752255","2024-10-11T00:00:00Z","Proposed","Discontinuous","Negotiated","One-Time","Partial Upfront",4992.205852,"2024-10-01T00:00:00Z","2024-09-01T00:00:00Z",7435.216889,"Committed Use Discount","Hours","contract-867441","2024-10-01T00:00:00Z","2024-09-01T00:00:00Z","AWS","USD",3091.276474,"AWS"
"USD","{}","Other","Spend",4911.690354,"2024-08-23T00:00:00Z","ContractCommitmentDescription 7714",5347.58055,"Reserved Instance","Semi-Annually","contractcommitment-893627","2024-10-04T00:00:00Z","Proposed","Continuous","Public","Custom","No Upfront",0.0,"2024-10-01T00:00:00Z","2024-09-01T00:00:00Z",9868.656323,"Committed Use Discount","Hours","contract-988462","2024-10-01T00:00:00Z","2024-09-01T00:00:00Z","Microsoft","USD",4183.055438,"Microsoft"
"USD","{}","Availability","Spend",9563.926676,"2024-08-20T00:00:00Z","ContractCommitmentDescription 8240",NULL,"Savings Plan","Transactional","contractcommitment-563468","2024-10-07T00:00:00Z","Expired","Discontinuous","Public","Semi-Annual","Partial Upfront",8298.693305,"2024-10-01T00:00:00Z","2024-09-01T00:00:00Z",6623.914626,"Committed Use Discount","Hours","contract-770157","2024-10-01T00:00:00Z","2024-09-01T00:00:00Z","Oracle","USD",2076.934901,"Oracle"
"USD","{}","Availability","Usage",9934.217207,"2024-08-30T00:00:00Z","ContractCommitmentDescription 3385",NULL,"Savings Plan","Quarterly","contractcommitment-951123","2024-10-07T00:00:00Z","Pending","Discontinuous","Negotiated","One-Time","All Upfront",1.0,"2024-10-01T00:00:00Z","2024-09-01T00:00:00Z",7389.207017,"Savings Plan","Hours","contract-259761","2024-10-01T00:00:00Z","2024-09-01T00:00:00Z","AWS","USD",9474.742793,"AWS"
"USD","{}","Availability","Spend",3569.172044,"2024-08-29T00:00:00Z","ContractCommitmentDescription 3819",NULL,"Savings Plan","Quarterly","contractcommitment-939940","2024-10-06T00:00:00Z","Active","Continuous","Negotiated","One-Time","All Upfront",1.0,"2024-10-01T00:00:00Z","2024-09-01T00:00:00Z",4930.576218,"Reserved Instance","Hours","contract-677168","2024-10-01T00:00:00Z","2024-09-01T00:00:00Z","Microsoft","USD",803.078527,"Microsoft"
"USD","{}","Other","Spend",3067.230003,"2024-08-17T00:00:00Z","ContractCommitmentDescription 6527",6771.682172,"Savings Plan","Transactional","contractcommitment-627108","2024-10-04T00:00:00Z","Superseded","Continuous","Negotiated","One-Time","All Upfront",1.0,"2024-10-01T00:00:00Z","2024-09-01T00:00:00Z",8013.707505,"Committed Use Discount","Hours","contract-524832","2024-10-01T00:00:00Z","2024-09-01T00:00:00Z","Microsoft","USD",4051.516075,"Microsoft"
"USD","{}","Entitlement","Spend",1609.978662,"2024-08-20T00:00:00Z","ContractCommitmentDescription 7079",3110.020846,"Committed Use Discount","Quarterly","contractcommitment-186257","2024-10-02T00:00:00Z","Superseded","Continuous","Negotiated","One-Time","No Upfront",0.0,"2024-10-01T00:00:00Z","2024-09-01T00:00:00Z",509.577044,"Committed Use Discount","Hours","contract-544474","2024-10-01T00:00:00Z","2024-09-01T00:00:00Z","AWS","USD",41.912855,"AWS"
"USD","{}","Other","Spend",9874.542881,"2024-08-16T00:00:00Z","ContractCommitmentDescription 4319",1631.556605,"Committed Use Discount","Monthly","contractcommitment-210136","2024-10-03T00:00:00Z","Expired","Discontinuous","Negotiated","One-Time","No Upfront",0.0,"2024-10-01T00:00:00Z","2024-09-01T00:00:00Z",324.337329,"Reserved Instance","Hours","contract-412280","2024-10-01T00:00:00Z","2024-09-01T00:00:00Z","Microsoft","USD",9189.835857,"Microsoft"
"USD","{}","Other","Spend",5896.940069,"2024-08-28T00:00:00Z","ContractCommitmentDescription 8645",7619.275872,"Committed Use Discount","Annually","contractcommitment-147801","2024-10-04T00:00:00Z","Superseded","Continuous","Public","Monthly","Partial Upfront",6837.429085,"2024-10-01T00:00:00Z","2024-09-01T00:00:00Z",6168.390138,"Reserved Instance","Hours","contract-370921","2024-10-01T00:00:00Z","2024-09-01T00:00:00Z","Oracle","USD",985.221757,"Oracle"
"USD","{}","Discount","Spend",770.413146,"2024-08-17T00:00:00Z","ContractCommitmentDescription 8168",3407.261165,"Savings Plan","Transactional","contractcommitment-273695","2024-10-09T00:00:00Z","Canceled","Continuous","Negotiated","Semi-Annual","No Upfront",0.0,"2024-10-01T00:00:00Z","2024-09-01T00:00:00Z",6759.95714,"Savings Plan","Hours","contract-880850","2024-10-01T00:00:00Z","2024-09-01T00:00:00Z","Google","USD",34.631153,"Google"
"USD","{}","Entitlement","Usage",1119.511123,"2024-08-17T00:00:00Z","ContractCommitmentDescription 7807",1057.836222,"Reserved Instance","Transactional","contractcommitment-823789","2024-10-10T00:00:00Z","Expired","Continuous","Public","Monthly","No Upfront",0.0,"2024-10-01T00:00:00Z","2024-09-01T00:00:00Z",6768.461063,"Committed Use Discount","Hours","contract-363522","2024-10-01T00:00:00Z","2024-09-01T00:00:00Z","Microsoft","USD",4811.217747,"Microsoft"
"USD","{}","Entitlement","Spend",4474.086976,"2024-08-14T00:00:00Z","ContractCommitmentDescription 7868",5596.581985,"Reserved Instance","Hourly","contractcommitment-290904","2024-10-04T00:00:00Z","Superseded","Discontinuous","Negotiated","One-Time","All Upfront",1.0,"2024-10-01T00:00:00Z","2024-09-01T00:00:00Z",3663.364037,"Savings Plan","Hours","contract-624813","2024-10-01T00:00:00Z","2024-09-01T00:00:00Z","AWS","USD",314.77824,"AWS"
"USD","{}","Entitlement","Spend",8763.389617,"2024-08-23T00:00:00Z","ContractCommitmentDescription 4051",1622.692642,"Reserved Instance","Annually","contractcommitment-713501","2024-10-11T00:00:00Z","Proposed","Discontinuous","Public","Annual","Partial Upfront",8469.159339,"2024-10-01T00:00:00Z","2024-09-01T00:00:00Z",2595.815986,"Committed Use Discount","Hours","contract-120890","2024-10-01T00:00:00Z","2024-09-01T00:00:00Z","Microsoft","USD",3889.335454,"Microsoft"
"USD","{}","Discount","Spend",5780.641872,"2024-08-20T00:00:00Z","ContractCommitmentDescription 6974",6969.81458,"Reserved Instance","Daily","contractcommitment-437488","2024-10-02T00:00:00Z","Proposed","Continuous","Public","Quarterly","No Upfront",0.0,"2024-10-01T00:00:00Z","2024-09-01T00:00:00Z",44.118202,"Reserved Instance","Hours","contract-307224","2024-10-01T00:00:00Z","2024-09-01T00:00:00Z","Oracle","USD",3639.786768,"Oracle"
"USD","{}","Discount","Spend",5778.873051,"2024-08-26T00:00:00Z","ContractCommitmentDescription 5727",5418.293093,"Savings Plan","Transactional","contractcommitment-169162","2024-10-05T00:00:00Z","Pending","Continuous","Negotiated","Quarterly","No Upfront",0.0,"2024-10-01T00:00:00Z","2024-09-01T00:00:00Z",6006.870181,"Reserved Instance","Hours","contract-431761","2024-10-01T00:00:00Z","2024-09-01T00:00:00Z","Google","USD",8581.516536,"Google"
"USD","{}","Other","Usage",7196.951536,"2024-08-27T00:00:00Z","ContractCommitmentDescription 7359",6982.858873,"Savings Plan","Monthly","contractcommitment-342313","2024-10-02T00:00:00Z","Canceled","Discontinuous","Negotiated","One-Time","All Upfront",1.0,"2024-10-01T00:00:00Z","2024-09-01T00:00:00Z",31.402657,"Reserved Instance","Hours","contract-898023","2024-10-01T00:00:00Z","2024-09-01T00:00:00Z","AWS","USD",2761.372843,"AWS"
"USD","{}","Other","Spend",3200.572988,"2024-08-18T00:00:00Z","ContractCommitmentDescription 5043",5518.095295,"Savings Plan","Daily","contractcommitment-243461","2024-10-05T00:00:00Z","Expired","Continuous","Public","Semi-Annual","Partial Upfront",8071.800031,"2024-10-01T00:00:00Z","2024-09-01T00:00:00Z",1339.864078,"Committed Use Discount","Hours","contract-902241","2024-10-01T00:00:00Z","2024-09-01T00:00:00Z","Oracle","USD",5627.87231,"Oracle"
"USD","{}","Other","Spend",7624.272307,"2024-08-21T00:00:00Z","ContractCommitmentDescription 8567",1607.761549,"Committed Use Discount","Annually","contractcommitment-119776","2024-10-06T00:00:00Z","Pending","Discontinuous","Public","One-Time","All Upfront",1.0,"2024-10-01T00:00:00Z","2024-09-01T00:00:00Z",3698.117194,"Savings Plan","Hours","contract-910721","2024-10-01T00:00:00Z","2024-09-01T00:00:00Z","AWS","USD",4625.75983,"AWS"
"USD","{}","Discount","Spend",4606.925637,"2024-08-30T00:00:00Z","ContractCommitmentDescription 2001",8269.100673,"Savings Plan","Daily","contractcommitment-479221","2024-10-06T00:00:00Z","Exhausted","Discontinuous","Public","One-Time","All Upfront",1.0,"2024-10-01T00:00:00Z","2024-09-01T00:00:00Z",4811.544393,"Committed Use Discount","Hours","contract-327030","2024-10-01T00:00:00Z","2024-09-01T00:00:00Z","Microsoft","USD",977.02626,"Microsoft"
"USD","{}","Entitlement","Usage",2965.068506,"2024-08-22T00:00:00Z","ContractCommitmentDescription 2194",8405.366264,"Committed Use Discount","Semi-Annually","contractcommitment-839956","2024-10-04T00:00:00Z","Exhausted","Continuous","Public","One-Time","No Upfront",0.0,"2024-10-01T00:00:00Z","2024-09-01T00:00:00Z",3323.307876,"Savings Plan","Hours","contract-522394","2024-10-01T00:00:00Z","2024-09-01T00:00:00Z","Google","USD",9812.651735,"Google"
