"BilledCost","BillingAccountId","BillingCurrency","BillingPeriodEnd","BillingPeriodStart","ChargeCategory","InvoiceDetailCreated","InvoiceDetailDescription","InvoiceDetailGrain","InvoiceDetailId","InvoiceDetailLastUpdated","InvoiceId","InvoiceIssueDate","InvoiceIssueStatus","InvoiceIssuerName","PaymentCurrency","PaymentCurrencyBilledCost","PaymentCurrencyInvoiceDetailId","PaymentDueDate","PaymentTerms","PurchaseOrderNumber","ReferenceInvoiceId"
1395.379285,"billingaccount-207473","USD","2024-10-01T00:00:00Z","2024-09-01T00:00:00Z","Adjustment","2024-08-31T00:00:00Z","InvoiceDetailDescription 2424","{}","invoicedetail-719176","2024-10-05T00:00:00Z","invoice-542417","2024-10-03T00:00:00Z","Open","AWS","USD",297.972194,"invoicedetail-719176","2024-10-17T00:00:00Z","Net 30","PO-343962","referenceinvoice-629903"
2204.40622,"billingaccount-717889","USD","2024-10-01T00:00:00Z","2024-09-01T00:00:00Z","Tax","2024-08-14T00:00:00Z","InvoiceDetailDescription 1106","{}","invoicedetail-895667","2024-10-04T00:00:00Z","invoice-944962","2024-10-06T00:00:00Z","Open","AWS","USD",6981.39395,"invoicedetail-895667","2024-10-26T00:00:00Z","Net 60","PO-391369","referenceinvoice-263032"
967.163768,"billingaccount-988662","USD","2024-10-01T00:00:00Z","2024-09-01T00:00:00Z","Tax","2024-08-21T00:00:00Z","InvoiceDetailDescription 5333","{}","invoicedetail-946335","2024-10-02T00:00:00Z","invoice-145561","2024-10-02T00:00:00Z","Voided","Microsoft","USD",4594.248797,"invoicedetail-946335","2024-10-21T00:00:00Z","Net 30","PO-496922","referenceinvoice-182627"
7045.718362,"billingaccount-148050","USD","2024-10-01T00:00:00Z","2024-09-01T00:00:00Z","Purchase","2024-08-12T00:00:00Z","InvoiceDetailDescription 5741","{}","invoicedetail-183667","2024-10-06T00:00:00Z","invoice-996865","2024-10-06T00:00:00Z","Open","Google","USD",8664.836668,"invoicedetail-183667","2024-10-19T00:00:00Z","Net 60","PO-391476","referenceinvoice-575435"
6701.751744,"billingaccount-835911","USD","2024-10-01T00:00:00Z","2024-09-01T00:00:00Z","Usage","2024-08-26T00:00:00Z","InvoiceDetailDescription 3803","{}","invoicedetail-660086","2024-10-06T00:00:00Z","invoice-864544","2024-10-04T00:00:00Z","Open","Google","USD",1634.024938,"invoicedetail-660086","2024-10-17T00:00:00Z","Net 60","PO-383060","referenceinvoice-771088"
8050.458008,"billingaccount-520651","USD","2024-10-01T00:00:00Z","2024-09-01T00:00:00Z","Tax","2024-08-21T00:00:00Z","InvoiceDetailDescription 2084","{}","invoicedetail-321231","2024-10-01T00:00:00Z","invoice-694731","2024-10-03T00:00:00Z","Voided","Microsoft","USD",3146.778808,"invoicedetail-321231","2024-10-11T00:00:00Z","Due on receipt","PO-623481","referenceinvoice-514850"
7449.889821,"billingaccount-665158","USD","2024-10-01T00:00:00Z","2024-09-01T00:00:00Z","Tax","2024-08-27T00:00:00Z","InvoiceDetailDescription 8019","{}","invoicedetail-711878","2024-10-05T00:00:00Z","invoice-518801","2024-10-03T00:00:00Z","Issued","Oracle","USD",2193.207592,"invoicedetail-711878","2024-10-17T00:00:00Z","Net 30","PO-634277","referenceinvoice-617488"
1599.820017,"billingaccount-813536","USD","2024-10-01T00:00:00Z","2024-09-01T00:00:00Z","Credit","2024-08-30T00:00:00Z","InvoiceDetailDescription 2040","{}","invoicedetail-503457","2024-10-02T00:00:00Z","invoice-500156","2024-10-03T00:00:00Z","Voided","AWS","USD",9961.213802,"invoicedetail-503457","2024-10-30T00:00:00Z","Due on receipt","PO-363626","referenceinvoice-680099"
7685.987327,"billingaccount-456699","USD","2024-10-01T00:00:00Z","2024-09-01T00:00:00Z","Usage","2024-08-28T00:00:00Z","InvoiceDetailDescription 5808","{}","invoicedetail-555884","2024-10-11T00:00:00Z","invoice-265840","2024-10-06T00:00:00Z","Issued","AWS","USD",32.453161,"invoicedetail-555884","2024-10-21T00:00:00Z","Due on receipt","PO-854639","referenceinvoice-376183"
5076.62882,"billingaccount-308573","USD","2024-10-01T00:00:00Z","2024-09-01T00:00:00Z","Purchase","2024-08-15T00:00:00Z","InvoiceDetailDescription 7126","{}","invoicedetail-899550","2024-10-02T00:00:00Z","invoice-269396","2024-10-04T00:00:00Z","Voided","Microsoft","USD",9534.997477,"invoicedetail-899550","2024-10-31T00:00:00Z","Due on receipt","PO-100599","referenceinvoice-728038"
8787.218778,"billingaccount-972064","USD","2024-10-01T00:00:00Z","2024-09-01T00:00:00Z","Tax","2024-08-16T00:00:00Z","InvoiceDetailDescription 4923","{}","invoicedetail-160738","2024-10-01T00:00:00Z","invoice-352572","2024-10-02T00:00:00Z","Voided","Google","USD",9469.494453,"invoicedetail-160738","2024-10-20T00:00:00Z","Net 30","PO-867460","referenceinvoice-609597"
4752.823781,"billingaccount-676510","USD","2024-10-01T00:00:00Z","2024-09-01T00:00:00Z","Purchase","2024-08-14T00:00:00Z","InvoiceDetailDescription 5342","{}","invoicedetail-653306","2024-10-03T00:00:00Z","invoice-736059","2024-10-03T00:00:00Z","Issued","AWS","USD",9643.62906,"invoicedetail-653306","2024-10-31T00:00:00Z","Due on receipt","PO-891952","referenceinvoice-865388"
8996.140846,"billingaccount-573417","USD","2024-10-01T00:00:00Z","2024-09-01T00:00:00Z","Usage","2024-08-22T00:00:00Z","InvoiceDetailDescription 5061","{}","invoicedetail-335612","2024-10-07T00:00:00Z","invoice-167136","2024-10-04T00:00:00Z","Issued","Microsoft","USD",210.3426,"invoicedetail-335612","2024-10-25T00:00:00Z","Due on receipt","PO-341292","referenceinvoice-717024"
674.003281,"billingaccount-132938","USD","2024-10-01T00:00:00Z","2024-09-01T00:00:00Z","Tax","2024-08-31T00:00:00Z","InvoiceDetailDescription 2160","{}","invoicedetail-639131","2024-10-02T00:00:00Z","invoice-349565","2024-10-02T00:00:00Z","Issued","Microsoft","USD",6689.777783,"invoicedetail-639131","2024-10-16T00:00:00Z","Net 30","PO-665427","referenceinvoice-238739"
943.257965,"billingaccount-790993","USD","2024-10-01T00:00:00Z","2024-09-01T00:00:00Z","Credit","2024-08-24T00:00:00Z","InvoiceDetailDescription 6804","{}","invoicedetail-544154","2024-10-08T00:00:00Z","invoice-531071","2024-10-05T00:00:00Z","Issued","Oracle","USD",8638.367484,"invoicedetail-544154","2024-10-18T00:00:00Z","Net 30","PO-806073","referenceinvoice-785197"
2486.563339,"billingaccount-299448","USD","2024-10-01T00:00:00Z","2024-09-01T00:00:00Z","Adjustment","2024-08-30T00:00:00Z","InvoiceDetailDescription 8350","{}","invoicedetail-246991","2024-10-07T00:00:00Z","invoice-542374","2024-10-04T00:00:00Z","Open","AWS","USD",2785.451447,"invoicedetail-246991","2024-10-14T00:00:00Z","Net 30","PO-179046","referenceinvoice-564656"
9689.962573,"billingaccount-890170","USD","2024-10-01T00:00:00Z","2024-09-01T00:00:00Z","Purchase","2024-08-30T00:00:00Z","InvoiceDetailDescription 3724","{}","invoicedetail-526156","2024-10-11T00:00:00Z","invoice-609231","2024-10-06T00:00:00Z","Issued","AWS","USD",2137.472992,"invoicedetail-526156","2024-10-13T00:00:00Z","Net 60","PO-161483","referenceinvoice-272634"
2852.492289,"billingaccount-830429","USD","2024-10-01T00:00:00Z","2024-09-01T00:00:00Z","Adjustment","2024-08-31T00:00:00Z","InvoiceDetailDescription 8973","{}","invoicedetail-262316","2024-10-07T00:00:00Z","invoice-299122","2024-10-04T00:00:00Z","Issued","Oracle","USD",2177.008984,"invoicedetail-262316","2024-10-25T00:00:00Z","Net 30","PO-707314","referenceinvoice-871476"
4767.885171,"billingaccount-994141","USD","2024-10-01T00:00:00Z","2024-09-01T00:00:00Z","Adjustment","2024-08-21T00:00:00Z","InvoiceDetailDescription 3579","{}","invoicedetail-159642","2024-10-01T00:00:00Z","invoice-632496","2024-10-02T00:00:00Z","Open","AWS","USD",8513.425453,"invoicedetail-159642","2024-10-27T00:00:00Z","Net 30","PO-723939","referenceinvoice-171262"
5789.190575,"billingaccount-141672","USD","2024-10-01T00:00:00Z","2024-09-01T00:00:00Z","Adjustment","2024-08-19T00:00:00Z","InvoiceDetailDescription 2343","{}","invoicedetail-539589","2024-10-02T00:00:00Z","invoice-789305","2024-10-06T00:00:00Z","Voided","Microsoft","USD",5652.269238,"invoicedetail-539589","2024-10-20T00:00:00Z","Net 60","PO-373432","referenceinvoice-314181"
6716.90223,"billingaccount-414569","USD","2024-10-01T00:00:00Z","2024-09-01T00:00:00Z","Credit","2024-08-24T00:00:00Z","InvoiceDetailDescription 6180","{}","invoicedetail-888387","2024-10-05T00:00:00Z","invoice-176066","2024-10-05T00:00:00Z","Open","Google","USD",4582.855226,"invoicedetail-888387","2024-10-16T00:00:00Z","Due on receipt","PO-204837","referenceinvoice-176819"
8808.641737,"billingaccount-356150","USD","2024-10-01T00:00:00Z","2024-09-01T00:00:00Z","Tax","2024-08-15T00:00:00Z","InvoiceDetailDescription 5669","{}","invoicedetail-265409","2024-10-05T00:00:00Z","invoice-559469","2024-10-03T00:00:00Z","Voided","Microsoft","USD",7035.399251,"invoicedetail-265409","2024-10-21T00:00:00Z","Due on receipt","PO-946305","referenceinvoice-785743"
2644.659215,"billingaccount-212235","USD","2024-10-01T00:00:00Z","2024-09-01T00:00:00Z","Adjustment","2024-08-14T00:00:00Z","InvoiceDetailDescription 3546","{}","invoicedetail-385577","2024-10-05T00:00:00Z","invoice-395442","2024-10-02T00:00:00Z","Voided","AWS","USD",2106.296548,"invoicedetail-385577","2024-10-13T00:00:00Z","Net 60","PO-313487","referenceinvoice-820892"
922.984677,"billingaccount-544151","USD","2024-10-01T00:00:00Z","2024-09-01T00:00:00Z","Tax","2024-08-15T00:00:00Z","InvoiceDetailDescription 1722","{}","invoicedetail-103717","2024-10-08T00:00:00Z","invoice-449759","2024-10-04T00:00:00Z","Open","Google","USD",6371.133773,"invoicedetail-103717","2024-10-12T00:00:00Z","Net 60","PO-269430","referenceinvoice-877236"
1118.738806,"billingaccount-824586","USD","2024-10-01T00:00:00Z","2024-09-01T00:00:00Z","Purchase","2024-08-14T00:00:00Z","InvoiceDetailDescription 9938","{}","invoicedetail-137778","2024-10-07T00:00:00Z","invoice-975136","2024-10-06T00:00:00Z","Issued","Oracle","USD",5825.095665,"invoicedetail-137778","2024-10-13T00:00:00Z","Net 30","PO-550664","referenceinvoice-233636"
2100.765383,"billingaccount-361650","USD","2024-10-01T00:00:00Z","2024-09-01T00:00:00Z","Usage","2024-08-22T00:00:00Z","InvoiceDetailDescription 6794","{}","invoicedetail-918011","2024-10-06T00:00:00Z","invoice-687080","2024-10-02T00:00:00Z","Issued","AWS","USD",9738.370226,"invoicedetail-918011","2024-10-20T00:00:00Z","Due on receipt","PO-262060","referenceinvoice-348237"
7365.644718,"billingaccount-448321","USD","2024-10-01T00:00:00Z","2024-09-01T00:00:00Z","Credit","2024-08-26T00:00:00Z","InvoiceDetailDescription 5065","{}","invoicedetail-379766","2024-10-07T00:00:00Z","invoice-266931","2024-10-02T00:00:00Z","Voided","Microsoft","USD",1080.956264,"invoicedetail-379766","2024-10-14T00:00:00Z","Net 30","PO-593554","referenceinvoice-333238"
2229.235472,"billingaccount-792094","USD","2024-10-01T00:00:00Z","2024-09-01T00:00:00Z","Purchase","2024-08-17T00:00:00Z","InvoiceDetailDescription 7528","{}","invoicedetail-444207","2024-10-06T00:00:00Z","invoice-392136","2024-10-04T00:00:00Z","Open","Microsoft","USD",9668.89104,"invoicedetail-444207","2024-10-18T00:00:00Z","Net 60","PO-468203","referenceinvoice-772642"
8770.384116,"billingaccount-373903","USD","2024-10-01T00:00:00Z","2024-09-01T00:00:00Z","Purchase","2024-08-14T00:00:00Z","InvoiceDetailDescription 5349","{}","invoicedetail-140115","2024-10-06T00:00:00Z","invoice-213668","2024-10-02T00:00:00Z","Voided","Oracle","USD",4345.637586,"invoicedetail-140115","2024-10-12T00:00:00Z","Due on receipt","PO-924629","referenceinvoice-428914"
8995.047329,"billingaccount-299312","USD","2024-10-01T00:00:00Z","2024-09-01T00:00:00Z","Tax","2024-08-12T00:00:00Z","InvoiceDetailDescription 1727","{}","invoicedetail-843215","2024-10-09T00:00:00Z","invoice-557239","2024-10-02T00:00:00Z","Open","Oracle","USD",5199.203486,"invoicedetail-843215","2024-10-21T00:00:00Z","Due on receipt","PO-820221","referenceinvoice-854377"
9207.708562,"billingaccount-753425","USD","2024-10-01T00:00:00Z","2024-09-01T00:00:00Z","Tax","2024-08-20T00:00:00Z","InvoiceDetailDescription 3041","{}","invoicedetail-854717","2024-10-07T00:00:00Z","invoice-414910","2024-10-02T00:00:00Z","Voided","Microsoft","USD",3092.846622,"invoicedetail-854717","2024-10-30T00:00:00Z","Net 60","PO-442027","referenceinvoice-521947"
6649.294342,"billingaccount-497562","USD","2024-10-01T00:00:00Z","2024-09-01T00:00:00Z","Purchase","2024-08-14T00:00:00Z","InvoiceDetailDescription 5930","{}","invoicedetail-525800","2024-10-03T00:00:00Z","invoice-674553","2024-10-03T00:00:00Z","Open","Google","USD",3038.749493,"invoicedetail-525800","2024-10-23T00:00:00Z","Net 30","PO-550770","referenceinvoice-923927"
2137.01401,"billingaccount-596171","USD","2024-10-01T00:00:00Z","2024-09-01T00:00:00Z","Purchase","2024-08-17T00:00:00Z","InvoiceDetailDescription 2389","{}","invoicedetail-397571","2024-10-08T00:00:00Z","invoice-640490","2024-10-05T00:00:00Z","Voided","Google","USD",6329.408558,"invoicedetail-397571","2024-11-02T00:00:00Z","Net 60","PO-197923","referenceinvoice-958179"
244.253877,"billingaccount-356736","USD","2024-10-01T00:00:00Z","2024-09-01T00:00:00Z","Credit","2024-08-22T00:00:00Z","InvoiceDetailDescription 2193","{}","invoicedetail-577538","2024-10-04T00:00:00Z","invoice-534572","2024-10-03T00:00:00Z","Voided","Microsoft","USD",5756.708994,"invoicedetail-577538","2024-10-14T00:00:00Z","Due on receipt","PO-830180","referenceinvoice-502630"
6876.224131,"billingaccount-887443","USD","2024-10-01T00:00:00Z","2024-09-01T00:00:00Z","Usage","2024-08-19T00:00:00Z","InvoiceDetailDescription 7965","{}","invoicedetail-329471","2024-10-04T00:00:00Z","invoice-284430","2024-10-03T00:00:00Z","Voided","Oracle","USD",5179.577504,"invoicedetail-329471","2024-10-30T00:00:00Z","Net 30","PO-684482","referenceinvoice-361303"
5311.318859,"billingaccount-686075","USD","2024-10-01T00:00:00Z","2024-09-01T00:00:00Z","Adjustment","2024-08-17T00:00:00Z","InvoiceDetailDescription 6198","{}","invoicedetail-891937","2024-10-03T00:00:00Z","invoice-564071","2024-10-05T00:00:00Z","Voided","AWS","USD",8150.065073,"invoicedetail-891937","2024-11-02T00:00:00Z","Due on receipt","PO-547470","referenceinvoice-970914"
7517.767865,"billingaccount-980660","USD","2024-10-01T00:00:00Z","2024-09-01T00:00:00Z","Tax","2024-08-26T00:00:00Z","InvoiceDetailDescription 9540","{}","invoicedetail-608136","2024-10-08T00:00:00Z","invoice-757193","2024-10-05T00:00:00Z","Open","Oracle","USD",2745.974469,"invoicedetail-608136","2024-10-20T00:00:00Z","Net 30","PO-848206","referenceinvoice-399607"
805.776577,"billingaccount-258157","USD","2024-10-01T00:00:00Z","2024-09-01T00:00:00Z","Purchase","2024-08-23T00:00:00Z","InvoiceDetailDescription 7275","{}","invoicedetail-827659","2024-10-06T00:00:00Z","invoice-260227","2024-10-04T00:00:00Z","Voided","Microsoft","USD",2139.528771,"invoicedetail-827659","2024-10-28T00:00:00Z","Net 60","PO-527398","referenceinvoice-446954"
3894.768127,"billingaccount-907189","USD","2024-10-01T00:00:00Z","2024-09-01T00:00:00Z","Adjustment","2024-08-18T00:00:00Z","InvoiceDetailDescription 1320","{}","invoicedetail-998348","2024-10-01T00:00:00Z","invoice-902784","2024-10-03T00:00:00Z","Voided","Oracle","USD",3803.810289,"invoicedetail-998348","2024-10-23T00:00:00Z","Net 30","PO-468845","referenceinvoice-413118"
8978.113474,"billingaccount-611945","USD","2024-10-01T00:00:00Z","2024-09-01T00:00:00Z","Purchase","2024-08-18T00:00:00Z","InvoiceDetailDescription 5471","{}","invoicedetail-557007","2024-10-09T00:00:00Z","invoice-609232","2024-10-06T00:00:00Z","Open","Oracle","USD",3888.572032,"invoicedetail-557007","2024-11-01T00:00:00Z","Due on receipt","PO-812131","referenceinvoice-936912"
5341.236295,"billingaccount-513160","USD","2024-10-01T00:00:00Z","2024-09-01T00:00:00Z","Adjustment","2024-08-26T00:00:00Z","InvoiceDetailDescription 1444","{}","invoicedetail-188025","2024-10-08T00:00:00Z","invoice-773971","2024-10-03T00:00:00Z","Issued","Oracle","USD",1356.994872,"invoicedetail-188025","2024-10-29T00:00:00Z","Net 60","PO-290556","referenceinvoice-152727"
3268.458049,"billingaccount-898207","USD","2024-10-01T00:00:00Z","2024-09-01T00:00:00Z","Credit","2024-08-19T00:00:00Z","InvoiceDetailDescription 5558","{}","invoicedetail-888539","2024-10-06T00:00:00Z","invoice-972335","2024-10-03T00:00:00Z","Issued","Google","USD",2522.715318,"invoicedetail-888539","2024-10-24T00:00:00Z","Net 30","PO-593152","referenceinvoice-120324"
402.581375,"billingaccount-132537","USD","2024-10-01T00:00:00Z","2024-09-01T00:00:00Z","Purchase","2024-08-20T00:00:00Z","InvoiceDetailDescription 4266","{}","invoicedetail-979995","2024-10-04T00:00:00Z","invoice-121369","2024-10-02T00:00:00Z","Voided","AWS","USD",1523.823458,"invoicedetail-979995","2024-10-29T00:00:00Z","Net 30","PO-596564","referenceinvoice-801978"
2562.436966,"billingaccount-486814","USD","2024-10-01T00:00:00Z","2024-09-01T00:00:00Z","Purchase","2024-08-13T00:00:00Z","InvoiceDetailDescription 2876","{}","invoicedetail-915573","2024-10-04T00:00:00Z","invoice-959099","2024-10-05T00:00:00Z","Open","AWS","USD",9647.20773,"invoicedetail-915573","2024-11-03T00:00:00Z","Net 30","PO-706794","referenceinvoice-126925"
9414.705985,"billingaccount-307963","USD","2024-10-01T00:00:00Z","2024-09-01T00:00:00Z","Usage","2024-08-13T00:00:00Z","InvoiceDetailDescription 4978","{}","invoicedetail-206851","2024-10-11T00:00:00Z","invoice-831059","2024-10-05T00:00:00Z","Issued","Google","USD",8502.932391,"invoicedetail-206851","2024-10-24T00:00:00Z","Due on receipt","PO-944657","referenceinvoice-226935"
3705.708762,"billingaccount-630538","USD","2024-10-01T00:00:00Z","2024-09-01T00:00:00Z","Tax","2024-08-20T00:00:00Z","InvoiceDetailDescription 1207","{}","invoicedetail-990844","2024-10-09T00:00:00Z","invoice-540463","2024-10-05T00:00:00Z","Issued","AWS","USD",1055.388706,"invoicedetail-990844","2024-11-02T00:00:00Z","Net 60","PO-766459","referenceinvoice-968962"
5217.467469,"billingaccount-782054","USD","2024-10-01T00:00:00Z","2024-09-01T00:00:00Z","Tax","2024-08-27T00:00:00Z","InvoiceDetailDescription 9817","{}","invoicedetail-912270","2024-10-07T00:00:00Z","invoice-606983","2024-10-03T00:00:00Z","Issued","Oracle","USD",4355.74493,"invoicedetail-912270","2024-11-02T00:00:00Z","Due on receipt","PO-721254","referenceinvoice-381433"
2438.634392,"billingaccount-587282","USD","2024-10-01T00:00:00Z","2024-09-01T00:00:00Z","Adjustment","2024-08-24T00:00:00Z","InvoiceDetailDescription 7209","{}","invoicedetail-452737","2024-10-02T00:00:00Z","invoice-130094","2024-10-04T00:00:00Z","Issued","Google","USD",8509.528363,"invoicedetail-452737","2024-10-25T00:00:00Z","Net 30","PO-611233","referenceinvoice-322423"
7011.837503,"billingaccount-389688","USD","2024-10-01T00:00:00Z","2024-09-01T00:00:00Z","Adjustment","2024-08-23T00:00:00Z","InvoiceDetailDescription 1166","{}","invoicedetail-641722","2024-10-06T00:00:00Z","invoice-300337","2024-10-04T00:00:00Z","Open","Google","USD",2413.560504,"invoicedetail-641722","2024-10-30T00:00:00Z","Net 60","PO-612311","referenceinvoice-682144"
7929.328681,"billingaccount-197573","USD","2024-10-01T00:00:00Z","2024-09-01T00:00:00Z","Tax","2024-08-16T00:00:00Z","InvoiceDetailDescription 4630","{}","invoicedetail-524045","2024-10-11T00:00:00Z","invoice-825391","2024-10-05T00:00:00Z","Open","Microsoft","USD",3062.060301,"invoicedetail-524045","2024-10-26T00:00:00Z","Due on receipt","PO-486945","referenceinvoice-596249"
7028.549422,"billingaccount-384076","USD","2024-10-01T00:00:00Z","2024-09-01T00:00:00Z","Tax","2024-08-18T00:00:00Z","InvoiceDetailDescription 5118","{}","invoicedetail-341736","2024-10-09T00:00:00Z","invoice-226516","2024-10-04T00:00:00Z","Voided","Google","USD",1925.842935,"invoicedetail-341736","2024-10-22T00:00:00Z","Net 30","PO-878967","referenceinvoice-661894"
7245.850011,"billingaccount-897135","USD","2024-10-01T00:00:00Z","2024-09-01T00:00:00Z","Adjustment","2024-08-25T00:00:00Z","InvoiceDetailDescription 5636","{}","invoicedetail-205409","2024-10-04T00:00:00Z","invoice-973074","2024-10-05T00:00:00Z","Open","Microsoft","USD",2962.464633,"invoicedetail-205409","2024-10-20T00:00:00Z","Net 60","PO-288158","referenceinvoice-416950"
9742.949311,"billingaccount-680238","USD","2024-10-01T00:00:00Z","2024-09-01T00:00:00Z","Tax","2024-08-14T00:00:00Z","InvoiceDetailDescription 3068","{}","invoicedetail-768854","2024-10-03T00:00:00Z","invoice-889359","2024-10-04T00:00:00Z","Issued","AWS","USD",1025.876468,"invoicedetail-768854","2024-10-12T00:00:00Z","Net 30","PO-701949","referenceinvoice-398151"
9654.976431,"billingaccount-364742","USD","2024-10-01T00:00:00Z","2024-09-01T00:00:00Z","Credit","2024-08-16T00:00:00Z","InvoiceDetailDescription 2869","{}","invoicedetail-962050","2024-10-08T00:00:00Z","invoice-168517","2024-10-04T00:00:00Z","Issued","Oracle","USD",4917.465603,"invoicedetail-962050","2024-10-16T00:00:00Z","Due on receipt","PO-760021","referenceinvoice-819796"
851.809084,"billingaccount-360247","USD","2024-10-01T00:00:00Z","2024-09-01T00:00:00Z","Usage","2024-08-27T00:00:00Z","InvoiceDetailDescription 7818","{}","invoicedetail-735770","2024-10-03T00:00:00Z","invoice-725084","2024-10-06T00:00:00Z","Voided","AWS","USD",2256.871371,"invoicedetail-735770","2024-10-22T00:00:00Z","Due on receipt","PO-498855","referenceinvoice-572398"
5686.294706,"billingaccount-163156","USD","2024-10-01T00:00:00Z","2024-09-01T00:00:00Z","Adjustment","2024-08-22T00:00:00Z","InvoiceDetailDescription 2625","{}","invoicedetail-899787","2024-10-10T00:00:00Z","invoice-317881","2024-10-05T00:00:00Z","Voided","Oracle","USD",2110.251953,"invoicedetail-899787","2024-10-21T00:00:00Z","Due on receipt","PO-185131","referenceinvoice-264686"
26.757226,"billingaccount-572387","USD","2024-10-01T00:00:00Z","2024-09-01T00:00:00Z","Adjustment","2024-08-26T00:00:00Z","InvoiceDetailDescription 8699","{}","invoicedetail-405407","2024-10-09T00:00:00Z","invoice-134225","2024-10-02T00:00:00Z","Open","Microsoft","USD",2881.048896,"invoicedetail-405407","2024-10-14T00:00:00Z","Net 60","PO-837135","referenceinvoice-576086"
8039.056803,"billingaccount-307428","USD","2024-10-01T00:00:00Z","2024-09-01T00:00:00Z","Credit","2024-08-24T00:00:00Z","InvoiceDetailDescription 2880","{}","invoicedetail-671015","2024-10-05T00:00:00Z","invoice-335729","2024-10-06T00:00:00Z","Voided","AWS","USD",1489.894011,"invoicedetail-671015","2024-11-03T00:00:00Z","Net 60","PO-966785","referenceinvoice-249145"
7489.577221,"billingaccount-696856","USD","2024-10-01T00:00:00Z","2024-09-01T00:00:00Z","Tax","2024-08-30T00:00:00Z","InvoiceDetailDescription 8195","{}","invoicedetail-230394","2024-10-03T00:00:00Z","invoice-591465","2024-10-04T00:00:00Z","Voided","AWS","USD",3040.911905,"invoicedetail-230394","2024-10-30T00:00:00Z","Net 60","PO-385470","referenceinvoice-624783"
8894.228893,"billingaccount-870214","USD","2024-10-01T00:00:00Z","2024-09-01T00:00:00Z","Tax","2024-08-17T00:00:00Z","InvoiceDetailDescription 5102","{}","invoicedetail-127121","2024-10-02T00:00:00Z","invoice-195763","2024-10-06T00:00:00Z","Open","Oracle","USD",9619.111022,"invoicedetail-127121","2024-10-14T00:00:00Z","Due on receipt","PO-715643","referenceinvoice-121753"
5189.63841,"billingaccount-563711","USD","2024-10-01T00:00:00Z","2024-09-01T00:00:00Z","Tax","2024-08-13T00:00:00Z","InvoiceDetailDescription 3973","{}","invoicedetail-713762","2024-10-01T00:00:00Z","invoice-557058","2024-10-03T00:00:00Z","Voided","Google","USD",8142.449445,"invoicedetail-713762","2024-10-25T00:00:00Z","Net 30","PO-592841","referenceinvoice-464863"
3298.036636,"billingaccount-827369","USD","2024-10-01T00:00:00Z","2024-09-01T00:00:00Z","Credit","2024-08-21T00:00:00Z","InvoiceDetailDescription 5722","{}","invoicedetail-794769","2024-10-06T00:00:00Z","invoice-519904","2024-10-02T00:00:00Z","Voided","Oracle","USD",366.971303,"invoicedetail-794769","2024-10-14T00:00:00Z","Net 30","PO-429795","referenceinvoice-364659"
6576.603865,"billingaccount-668950","USD","2024-10-01T00:00:00Z","2024-09-01T00:00:00Z","Credit","2024-08-28T00:00:00Z","InvoiceDetailDescription 7770","{}","invoicedetail-156837","2024-10-07T00:00:00Z","invoice-296694","2024-10-06T00:00:00Z","Voided","Google","USD",3617.793592,"invoicedetail-156837","2024-10-13T00:00:00Z","Net 60","PO-755788","referenceinvoice-563513"
9276.727608,"billingaccount-559398","USD","2024-10-01T00:00:00Z","2024-09-01T00:00:00Z","Credit","2024-08-25T00:00:00Z","InvoiceDetailDescription 2989","{}","invoicedetail-130271","2024-10-05T00:00:00Z","invoice-760626","2024-10-06T00:00:00Z","Voided","AWS","USD",7993.137333,"invoicedetail-130271","2024-10-17T00:00:00Z","Due on receipt","PO-266071","referenceinvoice-425845"
9922.571394,"billingaccount-218972","USD","2024-10-01T00:00:00Z","2024-09-01T00:00:00Z","Credit","2024-08-14T00:00:00Z","InvoiceDetailDescription 2924","{}","invoicedetail-779172","2024-10-07T00:00:00Z","invoice-972565","2024-10-02T00:00:00Z","Open","AWS","USD",4983.755047,"invoicedetail-779172","2024-10-16T00:00:00Z","Due on receipt","PO-406039","referenceinvoice-633590"
4567.864727,"billingaccount-251668","USD","2024-10-01T00:00:00Z","2024-09-01T00:00:00Z","Credit","2024-08-18T00:00:00Z","InvoiceDetailDescription 4122","{}","invoicedetail-728492","2024-10-08T00:00:00Z","invoice-632929","2024-10-05T00:00:00Z","Voided","Google","USD",8793.262551,"invoicedetail-728492","2024-10-19T00:00:00Z","Net 30","PO-389666","referenceinvoice-910208"
2828.389833,"billingaccount-413058","USD","2024-10-01T00:00:00Z","2024-09-01T00:00:00Z","Adjustment","2024-08-21T00:00:00Z","InvoiceDetailDescription 9022","{}","invoicedetail-255813","2024-10-09T00:00:00Z","invoice-568238","2024-10-04T00:00:00Z","Voided","Oracle","USD",4843.413856,"invoicedetail-255813","2024-10-11T00:00:00Z","Net 60","PO-678727","referenceinvoice-899929"
2388.055442,"billingaccount-501574","USD","2024-10-01T00:00:00Z","2024-09-01T00:00:00Z","Purchase","2024-08-17T00:00:00Z","InvoiceDetailDescription 7730","{}","invoicedetail-145767","2024-10-06T00:00:00Z","invoice-433632","2024-10-03T00:00:00Z","Voided","Oracle","USD",4729.762502,"invoicedetail-145767","2024-11-01T00:00:00Z","Net 60","PO-504832","referenceinvoice-795928"
9653.535902,"billingaccount-448121","USD","2024-10-01T00:00:00Z","2024-09-01T00:00:00Z","Usage","2024-08-16T00:00:00Z","InvoiceDetailDescription 8213","{}","invoicedetail-204555","2024-10-01T00:00:00Z","invoice-651499","2024-10-03T00:00:00Z","Issued","Microsoft","USD",153.475979,"invoicedetail-204555","2024-10-26T00:00:00Z","Net 30","PO-529893","referenceinvoice-786587"
6232.594005,"billingaccount-516791","USD","2024-10-01T00:00:00Z","2024-09-01T00:00:00Z","Usage","2024-08-29T00:00:00Z","InvoiceDetailDescription 6383","{}","invoicedetail-993744","2024-10-08T00:00:00Z","invoice-807115","2024-10-04T00:00:00Z","Voided","Microsoft","USD",3800.093975,"invoicedetail-993744","2024-10-21T00:00:00Z","Net 60","PO-757246","referenceinvoice-853629"
2347.702431,"billingaccount-817644","USD","2024-10-01T00:00:00Z","2024-09-01T00:00:00Z","Tax","2024-08-14T00:00:00Z","InvoiceDetailDescription 4727","{}","invoicedetail-883041","2024-10-01T00:00:00Z","invoice-194769","2024-10-06T00:00:00Z","Issued","Oracle","USD",9783.377282,"invoicedetail-883041","2024-10-15T00:00:00Z","Due on receipt","PO-838083","referenceinvoice-205389"
3243.746668,"billingaccount-158845","USD","2024-10-01T00:00:00Z","2024-09-01T00:00:00Z","Tax","2024-08-26T00:00:00Z","InvoiceDetailDescription 6873","{}","invoicedetail-493049","2024-10-05T00:00:00Z","invoice-551607","2024-10-02T00:00:00Z","Open","Oracle","USD",2441.974322,"invoicedetail-493049","2024-10-10T00:00:00Z","Net 60","PO-693418","referenceinvoice-814919"
8708.395986,"billingaccount-749813","USD","2024-10-01T00:00:00Z","2024-09-01T00:00:00Z","Purchase","2024-08-26T00:00:00Z","InvoiceDetailDescription 9153","{}","invoicedetail-711484","2024-10-03T00:00:00Z","invoice-250069","2024-10-02T00:00:00Z","Open","Microsoft","USD",4611.499134,"invoicedetail-711484","2024-10-28T00:00:00Z","Net 60","PO-581894","referenceinvoice-367729"
738.619003,"billingaccount-462351","USD","2024-10-01T00:00:00Z","2024-09-01T00:00:00Z","Adjustment","2024-08-17T00:00:00Z","InvoiceDetailDescription 5901","{}","invoicedetail-769975","2024-10-05T00:00:00Z","invoice-544920","2024-10-06T00:00:00Z","Voided","AWS","USD",2500.982244,"invoicedetail-769975","2024-10-18T00:00:00Z","Net 60","PO-308894","referenceinvoice-503380"
3589.591576,"billingaccount-410244","USD","2024-10-01T00:00:00Z","2024-09-01T00:00:00Z","Tax","2024-08-28T00:00:00Z","InvoiceDetailDescription 1359","{}","invoicedetail-970357","2024-10-04T00:00:00Z","invoice-790203","2024-10-05T00:00:00Z","Issued","Oracle","USD",2744.803802,"invoicedetail-970357","2024-10-30T00:00:00Z","Due on receipt","PO-819112","referenceinvoice-916118"
6070.649982,"billingaccount-469435","USD","2024-10-01T00:00:00Z","2024-09-01T00:00:00Z","Purchase","2024-08-12T00:00:00Z","InvoiceDetailDescription 4115","{}","invoicedetail-751051","2024-10-08T00:00:00Z","invoice-362801","2024-10-04T00:00:00Z","Voided","AWS","USD",7555.773237,"invoicedetail-751051","2024-10-18T00:00:00Z","Due on receipt","PO-813928","referenceinvoice-979060"
7886.10484,"billingaccount-134985","USD","2024-10-01T00:00:00Z","2024-09-01T00:00:00Z","Adjustment","2024-08-28T00:00:00Z","InvoiceDetailDescription 6977","{}","invoicedetail-867934","2024-10-11T00:00:00Z","invoice-237795","2024-10-02T00:00:00Z","Open","Microsoft","USD",9096.278123,"invoicedetail-867934","2024-10-18T00:00:00Z","Net 60","PO-883790","referenceinvoice-535686"
5308.523737,"billingaccount-385765","USD","2024-10-01T00:00:00Z","2024-09-01T00:00:00Z","Purchase","2024-08-25T00:00:00Z","InvoiceDetailDescription 5210","{}","invoicedetail-964749","2024-10-03T00:00:00Z","invoice-605254","2024-10-06T00:00:00Z","Issued","Microsoft","USD",7465.593507,"invoicedetail-964749","2024-10-24T00:00:00Z","Net 60","PO-943298","referenceinvoice-220764"
7242.167121,"billingaccount-516716","USD","2024-10-01T00:00:00Z","2024-09-01T00:00:00Z","Adjustment","2024-08-29T00:00:00Z","InvoiceDetailDescription 6992","{}","invoicedetail-194689","2024-10-03T00:00:00Z","invoice-929090","2024-10-03T00:00:00Z","Issued","Oracle","USD",139.186551,"invoicedetail-194689","2024-10-31T00:00:00Z","Due on receipt","PO-229592","referenceinvoice-576877"
9402.918918,"billingaccount-213609","USD","2024-10-01T00:00:00Z","2024-09-01T00:00:00Z","Purchase","2024-08-23T00:00:00Z","InvoiceDetailDescription 8724","{}","invoicedetail-126240","2024-10-10T00:00:00Z","invoice-749641","2024-10-05T00:00:00Z","Voided","Google","USD",3280.062818,"invoicedetail-126240","2024-11-01T00:00:00Z","Due on receipt","PO-332120","referenceinvoice-779112"
1397.770125,"billingaccount-139019","USD","2024-10-01T00:00:00Z","2024-09-01T00:00:00Z","Tax","2024-08-17T00:00:00Z","InvoiceDetailDescription 9071","{}","invoicedetail-221761","2024-10-05T00:00:00Z","invoice-201913","2024-10-05T00:00:00Z","Open","AWS","USD",8872.593085,"invoicedetail-221761","2024-10-15T00:00:00Z","Net 30","PO-507524","referenceinvoice-575679"
7265.991506,"billingaccount-535037","USD","2024-10-01T00:00:00Z","2024-09-01T00:00:00Z","Usage","2024-08-14T00:00:00Z","InvoiceDetailDescription 9017","{}","invoicedetail-745558","2024-10-07T00:00:00Z","invoice-527940","2024-10-06T00:00:00Z","Issued","Google","USD",327.162869,"invoicedetail-745558","2024-11-05T00:00:00Z","Net 60","PO-327823","referenceinvoice-564920"
3673.349585,"billingaccount-776149","USD","2024-10-01T00:00:00Z","2024-09-01T00:00:00Z","Tax","2024-08-24T00:00:00Z","InvoiceDetailDescription 1992","{}","invoicedetail-517479","2024-10-06T00:00:00Z","invoice-389282","2024-10-02T00:00:00Z","Open","Oracle","USD",9682.068759,"invoicedetail-517479","2024-10-30T00:00:00Z","Net 60","PO-196126","referenceinvoice-794963"
2435.688972,"billingaccount-232040","USD","2024-10-01T00:00:00Z","2024-09-01T00:00:00Z","Adjustment","2024-08-12T00:00:00Z","InvoiceDetailDescription 4362","{}","invoicedetail-171942","2024-10-01T00:00:00Z","invoice-970127","2024-10-02T00:00:00Z","Voided","Microsoft","USD",2071.573703,"invoicedetail-171942","2024-10-19T00:00:00Z","Net 30","PO-952547","referenceinvoice-344316"
8584.061264,"billingaccount-251716","USD","2024-10-01T00:00:00Z","2024-09-01T00:00:00Z","Purchase","2024-08-27T00:00:00Z","InvoiceDetailDescription 9850","{}","invoicedetail-362829","2024-10-10T00:00:00Z","invoice-937302","2024-10-02T00:00:00Z","Open","Google","USD",1099.263479,"invoicedetail-362829","2024-10-17T00:00:00Z","Net 30","PO-238205","referenceinvoice-115582"
1742.462014,"billingaccount-154944","USD","2024-10-01T00:00:00Z","2024-09-01T00:00:00Z","Purchase","2024-08-24T00:00:00Z","InvoiceDetailDescription 7897","{}","invoicedetail-651640","2024-10-10T00:00:00Z","invoice-219169","2024-10-04T00:00:00Z","Voided","Google","USD",635.580381,"invoicedetail-651640","2024-10-11T00:00:00Z","Net 60","PO-915809","referenceinvoice-479625"
433.650369,"billingaccount-921273","USD","2024-10-01T00:00:00Z","2024-09-01T00:00:00Z","Adjustment","2024-08-17T00:00:00Z","InvoiceDetailDescription 5941","{}","invoicedetail-580292","2024-10-09T00:00:00Z","invoice-774591","2024-10-03T00:00:00Z","Open","AWS","USD",608.254075,"invoicedetail-580292","2024-10-29T00:00:00Z","Net 60","PO-988456","referenceinvoice-521126"
8992.667651,"billingaccount-437758","USD","2024-10-01T00:00:00Z","2024-09-01T00:00:00Z","Adjustment","2024-08-28T00:00:00Z","InvoiceDetailDescription 3430","{}","invoicedetail-168872","2024-10-08T00:00:00Z","invoice-232321","2024-10-05T00:00:00Z","Issued","Oracle","USD",6243.174943,"invoicedetail-168872","2024-10-14T00:00:00Z","Due on receipt","PO-674993","referenceinvoice-846746"
4537.154176,"billingaccount-734836","USD","2024-10-01T00:00:00Z","2024-09-01T00:00:00Z","Credit","2024-08-19T00:00:00Z","InvoiceDetailDescription 2624","{}","invoicedetail-931621","2024-10-10T00:00:00Z","invoice-835869","2024-10-06T00:00:00Z","Open","Google","USD",8527.927373,"invoicedetail-931621","2024-10-22T00:00:00Z","Due on receipt","PO-906315","referenceinvoice-678116"
3389.316188,"billingaccount-575528","USD","2024-10-01T00:00:00Z","2024-09-01T00:00:00Z","Credit","2024-08-18T00:00:00Z","InvoiceDetailDescription 7815","{}","invoicedetail-865054","2024-10-08T00:00:00Z","invoice-199704","2024-10-03T00:00:00Z","Issued","Microsoft","USD",4267.640063,"invoicedetail-865054","2024-10-23T00:00:00Z","Due on receipt","PO-367271","referenceinvoice-492483"
932.301017,"billingaccount-201255","USD","2024-10-01T00:00:00Z","2024-09-01T00:00:00Z","Tax","2024-08-16T00:00:00Z","InvoiceDetailDescription 3131","{}","invoicedetail-683397","2024-10-02T00:00:00Z","invoice-162894","2024-10-02T00:00:00Z","Voided","Microsoft","USD",9566.246238,"invoicedetail-683397","2024-10-11T00:00:00Z","Due on receipt","PO-445658","referenceinvoice-802559"
514.4608,"billingaccount-401601","USD","2024-10-01T00:00:00Z","2024-09-01T00:00:00Z","Adjustment","2024-08-18T00:00:00Z","InvoiceDetailDescription 6119","{}","invoicedetail-468727","2024-10-06T00:00:00Z","invoice-208633","2024-10-05T00:00:00Z","Voided","AWS","USD",5074.12547,"invoicedetail-468727","2024-11-04T00:00:00Z","Net 30","PO-788637","referenceinvoice-605612"
1148.853135,"billingaccount-392099","USD","2024-10-01T00:00:00Z","2024-09-01T00:00:00Z","Adjustment","2024-08-28T00:00:00Z","InvoiceDetailDescription 4705","{}","invoicedetail-946432","2024-10-06T00:00:00Z","invoice-549956","2024-10-06T00:00:00Z","Voided","Microsoft","USD",9745.466021,"invoicedetail-946432","2024-10-24T00:00:00Z","Due on receipt","PO-743378","referenceinvoice-807764"
1804.16072,"billingaccount-836833","USD","2024-10-01T00:00:00Z","2024-09-01T00:00:00Z","Tax","2024-08-12T00:00:00Z","InvoiceDetailDescription 6567","{}","invoicedetail-468074","2024-10-11T00:00:00Z","invoice-106402","2024-10-04T00:00:00Z","Open","AWS","USD",8698.627065,"invoicedetail-468074","2024-10-11T00:00:00Z","Due on receipt","PO-789275","referenceinvoice-520252"
7461.11762,"billingaccount-325583","USD","2024-10-01T00:00:00Z","2024-09-01T00:00:00Z","Credit","2024-08-27T00:00:00Z","InvoiceDetailDescription 7878","{}","invoicedetail-575682","2024-10-11T00:00:00Z","invoice-457455","2024-10-02T00:00:00Z","Open","AWS","USD",3700.530925,"invoicedetail-575682","2024-10-11T00:00:00Z","Due on receipt","PO-440140","referenceinvoice-914571"
497.624924,"billingaccount-185544","USD","2024-10-01T00:00:00Z","2024-09-01T00:00:00Z","Tax","2024-08-30T00:00:00Z","InvoiceDetailDescription 8259","{}","invoicedetail-794093","2024-10-03T00:00:00Z","invoice-544611","2024-10-03T00:00:00Z","Issued","AWS","USD",6070.760074,"invoicedetail-794093","2024-10-29T00:00:00Z","Net 60","PO-386436","referenceinvoice-326040"
6782.178929,"billingaccount-721946","USD","2024-10-01T00:00:00Z","2024-09-01T00:00:00Z","Credit","2024-08-20T00:00:00Z","InvoiceDetailDescription 9633","{}","invoicedetail-799539","2024-10-07T00:00:00Z","invoice-423401","2024-10-02T00:00:00Z","Open","AWS","USD",2205.184355,"invoicedetail-799539","2024-10-18T00:00:00Z","Due on receipt","PO-157443","referenceinvoice-108060"
2894.471312,"billingaccount-225812","USD","2024-10-01T00:00:00Z","2024-09-01T00:00:00Z","Usage","2024-08-22T00:00:00Z","InvoiceDetailDescription 9149","{}","invoicedetail-883301","2024-10-04T00:00:00Z","invoice-551574","2024-10-03T00:00:00Z","Open","Microsoft","USD",1291.857018,"invoicedetail-883301","2024-10-18T00:00:00Z","Due on receipt","PO-837852","referenceinvoice-341288"
187.415366,"billingaccount-181644","USD","2024-10-01T00:00:00Z","2024-09-01T00:00:00Z","Tax","2024-08-29T00:00:00Z","InvoiceDetailDescription 8033","{}","invoicedetail-701253","2024-10-07T00:00:00Z","invoice-524068","2024-10-02T00:00:00Z","Voided","Google","USD",6401.41669,"invoicedetail-701253","2024-10-22T00:00:00Z","Net 60","PO-220768","referenceinvoice-524707"
8320.259131,"billingaccount-479430","USD","2024-10-01T00:00:00Z","2024-09-01T00:00:00Z","Usage","2024-08-21T00:00:00Z","InvoiceDetailDescription 8155","{}","invoicedetail-985506","2024-10-03T00:00:00Z","invoice-211005","2024-10-06T00:00:00Z","Open","AWS","USD",4356.765269,"invoicedetail-985506","2024-10-27T00:00:00Z","Net 60","PO-649414","referenceinvoice-182467"
7791.178686,"billingaccount-180089","USD","2024-10-01T00:00:00Z","2024-09-01T00:00:00Z","Adjustment","2024-08-22T00:00:00Z","InvoiceDetailDescription 2868","{}","invoicedetail-656379","2024-10-06T00:00:00Z","invoice-634723","2024-10-03T00:00:00Z","Open","Oracle","USD",9059.227316,"invoicedetail-656379","2024-10-20T00:00:00Z","Net 60","PO-468154","referenceinvoice-862712"
1972.718028,"billingaccount-731661","USD","2024-10-01T00:00:00Z","2024-09-01T00:00:00Z","Purchase","2024-08-24T00:00:00Z","InvoiceDetailDescription 2234","{}","invoicedetail-285751","2024-10-02T00:00:00Z","invoice-910389","2024-10-03T00:00:00Z","Voided","Microsoft","USD",4941.17025,"invoicedetail-285751","2024-10-18T00:00:00Z","Due on receipt","PO-896788","referenceinvoice-707616"
8642.468748,"billingaccount-757685","USD","2024-10-01T00:00:00Z","2024-09-01T00:00:00Z","Tax","2024-08-13T00:00:00Z","InvoiceDetailDescription 3473","{}","invoicedetail-561124","2024-10-11T00:00:00Z","invoice-171603","2024-10-06T00:00:00Z","Issued","Oracle","USD",4422.080638,"invoicedetail-561124","2024-10-23T00:00:00Z","Net 60","PO-935012","referenceinvoice-388016"
4617.424864,"billingaccount-139434","USD","2024-10-01T00:00:00Z","2024-09-01T00:00:00Z","Usage","2024-08-20T00:00:00Z","InvoiceDetailDescription 7041","{}","invoicedetail-972097","2024-10-09T00:00:00Z","invoice-401022","2024-10-02T00:00:00Z","Open","AWS","USD",6446.664696,"invoicedetail-972097","2024-10-18T00:00:00Z","Net 30","PO-744883","referenceinvoice-722937"
8958.767656,"billingaccount-571579","USD","2024-10-01T00:00:00Z","2024-09-01T00:00:00Z","Adjustment","2024-08-17T00:00:00Z","InvoiceDetailDescription 4084","{}","invoicedetail-437145","2024-10-10T00:00:00Z","invoice-734394","2024-10-06T00:00:00Z","Issued","Oracle","USD",5013.673019,"invoicedetail-437145","2024-11-05T00:00:00Z","Net 30","PO-572407","referenceinvoice-208529"
2477.437236,"billingaccount-559022","USD","2024-10-01T00:00:00Z","2024-09-01T00:00:00Z","Credit","2024-08-29T00:00:00Z","InvoiceDetailDescription 9586","{}","invoicedetail-648141","2024-10-09T00:00:00Z","invoice-739427","2024-10-03T00:00:00Z","Open","Google","USD",3638.979597,"invoicedetail-648141","2024-10-11T00:00:00Z","Net 60","PO-506235","referenceinvoice-528625"
3296.907551,"billingaccount-685066","USD","2024-10-01T00:00:00Z","2024-09-01T00:00:00Z","Credit","2024-08-12T00:00:00Z","InvoiceDetailDescription 5655","{}","invoicedetail-364236","2024-10-01T00:00:00Z","invoice-858889","2024-10-04T00:00:00Z","Voided","Google","USD",9644.100287,"invoicedetail-364236","2024-10-13T00:00:00Z","Due on receipt","PO-257677","referenceinvoice-449555"
3102.317376,"billingaccount-787923","USD","2024-10-01T00:00:00Z","2024-09-01T00:00:00Z","Credit","2024-08-13T00:00:00Z","InvoiceDetailDescription 3112","{}","invoicedetail-723945","2024-10-11T00:00:00Z","invoice-843266","2024-10-03T00:00:00Z","Open","AWS","USD",3095.818874,"invoicedetail-723945","2024-10-21T00:00:00Z","Net 60","PO-774751","referenceinvoice-930117"
6460.248207,"billingaccount-543973","USD","2024-10-01T00:00:00Z","2024-09-01T00:00:00Z","Adjustment","2024-08-27T00:00:00Z","InvoiceDetailDescription 6928","{}","invoicedetail-119116","2024-10-11T00:00:00Z","invoice-480211","2024-10-06T00:00:00Z","Issued","Google","USD",1802.629229,"invoicedetail-119116","2024-10-15T00:00:00Z","Net 30","PO-458332","referenceinvoice-903373"
771.650843,"billingaccount-985447","USD","2024-10-01T00:00:00Z","2024-09-01T00:00:00Z","Usage","2024-08-25T00:00:00Z","InvoiceDetailDescription 9317","{}","invoicedetail-908320","2024-10-04T00:00:00Z","invoice-665990","2024-10-03T00:00:00Z","Voided","Oracle","USD",8836.821655,"invoicedetail-908320","2024-10-14T00:00:00Z","Net 30","PO-794083","referenceinvoice-453123"
1808.459672,"billingaccount-826501","USD","2024-10-01T00:00:00Z","2024-09-01T00:00:00Z","Adjustment","2024-08-12T00:00:00Z","InvoiceDetailDescription 3712","{}","invoicedetail-856215","2024-10-07T00:00:00Z","invoice-558933","2024-10-03T00:00:00Z","Open","Microsoft","USD",4108.586115,"invoicedetail-856215","2024-10-15T00:00:00Z","Due on receipt","PO-854540","referenceinvoice-349068"
5340.111497,"billingaccount-424500","USD","2024-10-01T00:00:00Z","2024-09-01T00:00:00Z","Credit","2024-08-12T00:00:00Z","InvoiceDetailDescription 4178","{}","invoicedetail-485709","2024-10-05T00:00:00Z","invoice-811256","2024-10-05T00:00:00Z","Voided","Oracle","USD",9844.397935,"invoicedetail-485709","2024-10-19T00:00:00Z","Net 60","PO-906814","referenceinvoice-395459"
8168.912396,"billingaccount-940181","USD","2024-10-01T00:00:00Z","2024-09-01T00:00:00Z","Adjustment","2024-08-15T00:00:00Z","InvoiceDetailDescription 3267","{}","invoicedetail-362147","2024-10-09T00:00:00Z","invoice-154714","2024-10-05T00:00:00Z","Voided","Oracle","USD",4805.906555,"invoicedetail-362147","2024-10-17T00:00:00Z","Net 60","PO-681478","referenceinvoice-207573"
4493.192204,"billingaccount-638289","USD","2024-10-01T00:00:00Z","2024-09-01T00:00:00Z","Purchase","2024-08-22T00:00:00Z","InvoiceDetailDescription 8167","{}","invoicedetail-196168","2024-10-02T00:00:00Z","invoice-332823","2024-10-03T00:00:00Z","Issued","AWS","USD",8846.297737,"invoicedetail-196168","2024-10-18T00:00:00Z","Net 30","PO-535050","referenceinvoice-155843"
9945.253512,"billingaccount-493124","USD","2024-10-01T00:00:00Z","2024-09-01T00:00:00Z","Purchase","2024-08-15T00:00:00Z","InvoiceDetailDescription 1461","{}","invoicedetail-434165","2024-10-06T00:00:00Z","invoice-203896","2024-10-03T00:00:00Z","Voided","Oracle","USD",6499.606843,"invoicedetail-434165","2024-10-22T00:00:00Z","Net 30","PO-244283","referenceinvoice-140163"
6153.482572,"billingaccount-183074","USD","2024-10-01T00:00:00Z","2024-09-01T00:00:00Z","Usage","2024-08-16T00:00:00Z","InvoiceDetailDescription 5193","{}","invoicedetail-326130","2024-10-03T00:00:00Z","invoice-975522","2024-10-05T00:00:00Z","Open","Google","USD",5488.042454,"invoicedetail-326130","2024-10-26T00:00:00Z","Due on receipt","PO-738457","referenceinvoice-653408"
1218.483452,"billingaccount-350021","USD","2024-10-01T00:00:00Z","2024-09-01T00:00:00Z","Credit","2024-08-28T00:00:00Z","InvoiceDetailDescription 8489","{}","invoicedetail-165858","2024-10-05T00:00:00Z","invoice-216242","2024-10-03T00:00:00Z","Issued","Oracle","USD",5967.390428,"invoicedetail-165858","2024-10-19T00:00:00Z","Net 30","PO-762652","referenceinvoice-640410"
6148.095828,"billingaccount-352249","USD","2024-10-01T00:00:00Z","2024-09-01T00:00:00Z","Adjustment","2024-08-27T00:00:00Z","InvoiceDetailDescription 7825","{}","invoicedetail-296412","2024-10-05T00:00:00Z","invoice-796643","2024-10-05T00:00:00Z","Voided","Microsoft","USD",856.13955,"invoicedetail-296412","2024-10-12T00:00:00Z","Net 60","PO-170966","referenceinvoice-651613"
3868.813215,"billingaccount-491435","USD","2024-10-01T00:00:00Z","2024-09-01T00:00:00Z","Tax","2024-08-19T00:00:00Z","InvoiceDetailDescription 1266","{}","invoicedetail-474440","2024-10-08T00:00:00Z","invoice-926823","2024-10-02T00:00:00Z","Open","AWS","USD",3448.024932,"invoicedetail-474440","2024-10-29T00:00:00Z","Due on receipt","PO-789023","referenceinvoice-758775"
3522.990461,"billingaccount-454992","USD","2024-10-01T00:00:00Z","2024-09-01T00:00:00Z","Purchase","2024-08-13T00:00:00Z","InvoiceDetailDescription 8612","{}","invoicedetail-829168","2024-10-06T00:00:00Z","invoice-601776","2024-10-03T00:00:00Z","Voided","AWS","USD",1822.779984,"invoicedetail-829168","2024-10-11T00:00:00Z","Net 30","PO-166165","referenceinvoice-850827"
7911.092132,"billingaccount-143941","USD","2024-10-01T00:00:00Z","2024-09-01T00:00:00Z","Tax","2024-08-30T00:00:00Z","InvoiceDetailDescription 6080","{}","invoicedetail-640418","2024-10-05T00:00:00Z","invoice-517568","2024-10-03T00:00:00Z","Voided","Oracle","USD",4733.997677,"invoicedetail-640418","2024-10-11T00:00:00Z","Net 30","PO-889882","referenceinvoice-778324"
3319.246864,"billingaccount-230521","USD","2024-10-01T00:00:00Z","2024-09-01T00:00:00Z","Tax","2024-08-22T00:00:00Z","InvoiceDetailDescription 8159","{}","invoicedetail-519453","2024-10-06T00:00:00Z","invoice-879414","2024-10-02T00:00:00Z","Issued","Microsoft","USD",8946.37495,"invoicedetail-519453","2024-10-29T00:00:00Z","Net 60","PO-455505","referenceinvoice-295892"
8011.480874,"billingaccount-862400","USD","2024-10-01T00:00:00Z","2024-09-01T00:00:00Z","Credit","2024-08-16T00:00:00Z","InvoiceDetailDescription 2293","{}","invoicedetail-551524","2024-10-06T00:00:00Z","invoice-731718","2024-10-06T00:00:00Z","Open","Oracle","USD",5454.743973,"invoicedetail-551524","2024-10-21T00:00:00Z","Net 60","PO-207581","referenceinvoice-183958"
7176.629113,"billingaccount-274739","USD","2024-10-01T00:00:00Z","2024-09-01T00:00:00Z","Credit","2024-08-22T00:00:00Z","InvoiceDetailDescription 6759","{}","invoicedetail-568849","2024-10-05T00:00:00Z","invoice-144412","2024-10-05T00:00:00Z","Voided","Google","USD",8700.371751,"invoicedetail-568849","2024-10-31T00:00:00Z","Net 60","PO-744718","referenceinvoice-556068"
5130.860195,"billingaccount-886325","USD","2024-10-01T00:00:00Z","2024-09-01T00:00:00Z","Purchase","2024-08-30T00:00:00Z","InvoiceDetailDescription 1510","{}","invoicedetail-249715","2024-10-02T00:00:00Z","invoice-989894","2024-10-05T00:00:00Z","Voided","Google","USD",6780.88872,"invoicedetail-249715","2024-10-23T00:00:00Z","Net 60","PO-136489","referenceinvoice-232361"
3828.544017,"billingaccount-694799","USD","2024-10-01T00:00:00Z","2024-09-01T00:00:00Z","Usage","2024-08-24T00:00:00Z","InvoiceDetailDescription 3513","{}","invoicedetail-812048","2024-10-11T00:00:00Z","invoice-571778","2024-10-04T00:00:00Z","Issued","AWS","USD",3720.133785,"invoicedetail-812048","2024-10-22T00:00:00Z","Net 30","PO-701800","referenceinvoice-244383"
9605.200523,"billingaccount-127172","USD","2024-10-01T00:00:00Z","2024-09-01T00:00:00Z","Purchase","2024-08-19T00:00:00Z","InvoiceDetailDescription 9176","{}","invoicedetail-642895","2024-10-06T00:00:00Z","invoice-505785","2024-10-04T00:00:00Z","Voided","Google","USD",1177.609955,"invoicedetail-642895","2024-10-18T00:00:00Z","Net 60","PO-838237","referenceinvoice-567951"
1226.374219,"billingaccount-994253","USD","2024-10-01T00:00:00Z","2024-09-01T00:00:00Z","Usage","2024-08-12T00:00:00Z","InvoiceDetailDescription 8406","{}","invoicedetail-281043","2024-10-05T00:00:00Z","invoice-848022","2024-10-05T00:00:00Z","Issued","Microsoft","USD",9972.62404,"invoicedetail-281043","2024-10-18T00:00:00Z","Due on receipt","PO-986593","referenceinvoice-435112"
8913.316824,"billingaccount-992717","USD","2024-10-01T00:00:00Z","2024-09-01T00:00:00Z","Purchase","2024-08-29T00:00:00Z","InvoiceDetailDescription 3852","{}","invoicedetail-932250","2024-10-09T00:00:00Z","invoice-479052","2024-10-06T00:00:00Z","Voided","Google","USD",2242.416152,"invoicedetail-932250","2024-10-22T00:00:00Z","Net 30","PO-930541","referenceinvoice-245622"
5722.774071,"billingaccount-590110","USD","2024-10-01T00:00:00Z","2024-09-01T00:00:00Z","Adjustment","2024-08-16T00:00:00Z","InvoiceDetailDescription 3126","{}","invoicedetail-741674","2024-10-01T00:00:00Z","invoice-190403","2024-10-04T00:00:00Z","Open","Microsoft","USD",3092.907175,"invoicedetail-741674","2024-10-28T00:00:00Z","Due on receipt","PO-853789","referenceinvoice-601916"
9723.797315,"billingaccount-773540","USD","2024-10-01T00:00:00Z","2024-09-01T00:00:00Z","Usage","2024-08-18T00:00:00Z","InvoiceDetailDescription 8372","{}","invoicedetail-588461","2024-10-10T00:00:00Z","invoice-813145","2024-10-02T00:00:00Z","Voided","Oracle","USD",3445.147807,"invoicedetail-588461","2024-10-13T00:00:00Z","Due on receipt","PO-770872","referenceinvoice-716338"
8313.908065,"billingaccount-643269","USD","2024-10-01T00:00:00Z","2024-09-01T00:00:00Z","Purchase","2024-08-27T00:00:00Z","InvoiceDetailDescription 5982","{}","invoicedetail-272655","2024-10-07T00:00:00Z","invoice-269834","2024-10-06T00:00:00Z","Issued","Microsoft","USD",9347.378366,"invoicedetail-272655","2024-10-14T00:00:00Z","Net 30","PO-462831","referenceinvoice-644103"
9563.51627,"billingaccount-387782","USD","2024-10-01T00:00:00Z","2024-09-01T00:00:00Z","Purchase","2024-08-29T00:00:00Z","InvoiceDetailDescription 5961","{}","invoicedetail-744274","2024-10-05T00:00:00Z","invoice-659392","2024-10-03T00:00:00Z","Open","Google","USD",5025.731447,"invoicedetail-744274","2024-10-30T00:00:00Z","Net 30","PO-720556","referenceinvoice-708851"
9020.008937,"billingaccount-454019","USD","2024-10-01T00:00:00Z","2024-09-01T00:00:00Z","Adjustment","2024-08-26T00:00:00Z","InvoiceDetailDescription 1674","{}","invoicedetail-965322","2024-10-11T00:00:00Z","invoice-129751","2024-10-06T00:00:00Z","Open","Microsoft","USD",454.618033,"invoicedetail-965322","2024-11-05T00:00:00Z","Due on receipt","PO-908475","referenceinvoice-704788"
6389.911922,"billingaccount-622230","USD","2024-10-01T00:00:00Z","2024-09-01T00:00:00Z","Adjustment","2024-08-25T00:00:00Z","InvoiceDetailDescription 5745","{}","invoicedetail-773088","2024-10-10T00:00:00Z","invoice-416768","2024-10-05T00:00:00Z","Issued","Google","USD",2448.779106,"invoicedetail-773088","2024-10-31T00:00:00Z","Due on receipt","PO-525818","referenceinvoice-411882"
4156.217462,"billingaccount-587002","USD","2024-10-01T00:00:00Z","2024-09-01T00:00:00Z","Purchase","2024-08-29T00:00:00Z","InvoiceDetailDescription 6573","{}","invoicedetail-736129","2024-10-01T00:00:00Z","invoice-250647","2024-10-03T00:00:00Z","Issued","Oracle","USD",8614.850768,"invoicedetail-736129","2024-10-24T00:00:00Z","Net 60","PO-869864","referenceinvoice-462147"
1061.839336,"billingaccount-353480","USD","2024-10-01T00:00:00Z","2024-09-01T00:00:00Z","Credit","2024-08-27T00:00:00Z","InvoiceDetailDescription 3007","{}","invoicedetail-380464","2024-10-06T00:00:00Z","invoice-571435","2024-10-06T00:00:00Z","Open","Oracle","USD",1408.77635,"invoicedetail-380464","2024-10-30T00:00:00Z","Net 30","PO-404309","referenceinvoice-502810"
7211.284288,"billingaccount-299055","USD","2024-10-01T00:00:00Z","2024-09-01T00:00:00Z","Purchase","2024-08-24T00:00:00Z","InvoiceDetailDescription 9163","{}","invoicedetail-639728","2024-10-03T00:00:00Z","invoice-589491","2024-10-04T00:00:00Z","Issued","Oracle","USD",8790.756636,"invoicedetail-639728","2024-10-29T00:00:00Z","Net 60","PO-124302","referenceinvoice-194423"
5833.44112,"billingaccount-151021","USD","2024-10-01T00:00:00Z","2024-09-01T00:00:00Z","Usage","2024-08-15T00:00:00Z","InvoiceDetailDescription 5609","{}","invoicedetail-618934","2024-10-08T00:00:00Z","invoice-726543","2024-10-03T00:00:00Z","Voided","Oracle","USD",6725.206038,"invoicedetail-618934","2024-10-16T00:00:00Z","Net 60","PO-662761","referenceinvoice-108574"
3657.776398,"billingaccount-522842","USD","2024-10-01T00:00:00Z","2024-09-01T00:00:00Z","Tax","2024-08-18T00:00:00Z","InvoiceDetailDescription 1741","{}","invoicedetail-520040","2024-10-03T00:00:00Z","invoice-153642","2024-10-04T00:00:00Z","Voided","AWS","USD",5618.168652,"invoicedetail-520040","2024-11-03T00:00:00Z","Net 60","PO-680096","referenceinvoice-402620"
2797.206776,"billingaccount-753516","USD","2024-10-01T00:00:00Z","2024-09-01T00:00:00Z","Adjustment","2024-08-19T00:00:00Z","InvoiceDetailDescription 2946","{}","invoicedetail-234913","2024-10-09T00:00:00Z","invoice-201377","2024-10-05T00:00:00Z","Issued","AWS","USD",3731.983363,"invoicedetail-234913","2024-10-29T00:00:00Z","Net 60","PO-684929","referenceinvoice-483366"
5000.779036,"billingaccount-147504","USD","2024-10-01T00:00:00Z","2024-09-01T00:00:00Z","Usage","2024-08-25T00:00:00Z","InvoiceDetailDescription 3245","{}","invoicedetail-848255","2024-10-10T00:00:00Z","invoice-449218","2024-10-06T00:00:00Z","Issued","Microsoft","USD",5193.327103,"invoicedetail-848255","2024-10-25T00:00:00Z","Net 30","PO-735710","referenceinvoice-640546"
3929.545879,"billingaccount-746447","USD","2024-10-01T00:00:00Z","2024-09-01T00:00:00Z","Tax","2024-08-21T00:00:00Z","InvoiceDetailDescription 6511","{}","invoicedetail-631958","2024-10-10T00:00:00Z","invoice-968524","2024-10-04T00:00:00Z","Voided","Microsoft","USD",5323.398299,"invoicedetail-631958","2024-10-16T00:00:00Z","Due on receipt","PO-690268","referenceinvoice-414353"
1096.045895,"billingaccount-536774","USD","2024-10-01T00:00:00Z","2024-09-01T00:00:00Z","Adjustment","2024-08-31T00:00:00Z","InvoiceDetailDescription 6040","{}","invoicedetail-935457","2024-10-06T00:00:00Z","invoice-860557","2024-10-04T00:00:00Z","Voided","Oracle","USD",6292.604806,"invoicedetail-935457","2024-11-01T00:00:00Z","Due on receipt","PO-597643","referenceinvoice-378428"
5242.323326,"billingaccount-856215","USD","2024-10-01T00:00:00Z","2024-09-01T00:00:00Z","Adjustment","2024-08-30T00:00:00Z","InvoiceDetailDescription 7229","{}","invoicedetail-254954","2024-10-10T00:00:00Z","invoice-961574","2024-10-05T00:00:00Z","Voided","Microsoft","USD",2421.965601,"invoicedetail-254954","2024-10-17T00:00:00Z","Due on receipt","PO-834549","referenceinvoice-215233"
1514.312581,"billingaccount-824042","USD","2024-10-01T00:00:00Z","2024-09-01T00:00:00Z","Purchase","2024-08-31T00:00:00Z","InvoiceDetailDescription 7723","{}","invoicedetail-626195","2024-10-08T00:00:00Z","invoice-912617","2024-10-04T00:00:00Z","Voided","Microsoft","USD",9205.209499,"invoicedetail-626195","2024-10-24T00:00:00Z","Due on receipt","PO-862736","referenceinvoice-165306"
9981.228684,"billingaccount-601608","USD","2024-10-01T00:00:00Z","2024-09-01T00:00:00Z","Adjustment","2024-08-15T00:00:00Z","InvoiceDetailDescription 7173","{}","invoicedetail-428993","2024-10-04T00:00:00Z","invoice-281594","2024-10-06T00:00:00Z","Issued","Microsoft","USD",9121.241609,"invoicedetail-428993","2024-10-23T00:00:00Z","Net 60","PO-672808","referenceinvoice-471496"
2790.063959,"billingaccount-412999","USD","2024-10-01T00:00:00Z","2024-09-01T00:00:00Z","Purchase","2024-08-12T00:00:00Z","InvoiceDetailDescription 5876","{}","invoicedetail-908634","2024-10-08T00:00:00Z","invoice-403042","2024-10-03T00:00:00Z","Voided","Google","USD",2072.777949,"invoicedetail-908634","2024-10-17T00:00:00Z","Due on receipt","PO-612756","referenceinvoice-432441"
1218.741057,"billingaccount-809489","USD","2024-10-01T00:00:00Z","2024-09-01T00:00:00Z","Adjustment","2024-08-20T00:00:00Z","InvoiceDetailDescription 7220","{}","invoicedetail-513697","2024-10-09T00:00:00Z","invoice-958130","2024-10-04T00:00:00Z","Issued","Oracle","USD",9546.088634,"invoicedetail-513697","2024-10-20T00:00:00Z","Net 30","PO-404561","referenceinvoice-144109"
2564.439755,"billingaccount-602351","USD","2024-10-01T00:00:00Z","2024-09-01T00:00:00Z","Purchase","2024-08-29T00:00:00Z","InvoiceDetailDescription 4310","{}","invoicedetail-968170","2024-10-06T00:00:00Z","invoice-664739","2024-10-05T00:00:00Z","Issued","Google","USD",9330.239338,"invoicedetail-968170","2024-11-01T00:00:00Z","Due on receipt","PO-384815","referenceinvoice-243941"
507.6543,"billingaccount-656837","USD","2024-10-01T00:00:00Z","2024-09-01T00:00:00Z","Purchase","2024-08-12T00:00:00Z","InvoiceDetailDescription 4814","{}","invoicedetail-155040","2024-10-10T00:00:00Z","invoice-205065","2024-10-03T00:00:00Z","Issued","AWS","USD",3302.936235,"invoicedetail-155040","2024-10-17T00:00:00Z","Net 60","PO-205428","referenceinvoice-814281"
6528.927977,"billingaccount-598807","USD","2024-10-01T00:00:00Z","2024-09-01T00:00:00Z","Credit","2024-08-31T00:00:00Z","InvoiceDetailDescription 4267","{}","invoicedetail-892630","2024-10-09T00:00:00Z","invoice-401198","2024-10-03T00:00:00Z","Issued","Microsoft","USD",2854.153413,"invoicedetail-892630","2024-10-23T00:00:00Z","Net 30","PO-906066","referenceinvoice-193806"
8822.449732,"billingaccount-284327","USD","2024-10-01T00:00:00Z","2024-09-01T00:00:00Z","Usage","2024-08-14T00:00:00Z","InvoiceDetailDescription 7504","{}","invoicedetail-926236","2024-10-01T00:00:00Z","invoice-619447","2024-10-03T00:00:00Z","Open","Microsoft","USD",9366.087448,"invoicedetail-926236","2024-10-23T00:00:00Z","Net 60","PO-139286","referenceinvoice-109717"
2845.616524,"billingaccount-772464","USD","2024-10-01T00:00:00Z","2024-09-01T00:00:00Z","Adjustment","2024-08-13T00:00:00Z","InvoiceDetailDescription 9590","{}","invoicedetail-617904","2024-10-10T00:00:00Z","invoice-240718","2024-10-02T00:00:00Z","Voided","Google","USD",4680.20769,"invoicedetail-617904","2024-10-19T00:00:00Z","Net 30","PO-948102","referenceinvoice-218118"
1861.990691,"billingaccount-872399","USD","2024-10-01T00:00:00Z","2024-09-01T00:00:00Z","Tax","2024-08-26T00:00:00Z","InvoiceDetailDescription 5833","{}","invoicedetail-695361","2024-10-08T00:00:00Z","invoice-807160","2024-10-04T00:00:00Z","Open","Google","USD",1754.949138,"invoicedetail-695361","2024-11-02T00:00:00Z","Due on receipt","PO-525187","referenceinvoice-967161"
6692.558534,"billingaccount-293757","USD","2024-10-01T00:00:00Z","2024-09-01T00:00:00Z","Purchase","2024-08-15T00:00:00Z","InvoiceDetailDescription 8822","{}","invoicedetail-439320","2024-10-06T00:00:00Z","invoice-360096","2024-10-02T00:00:00Z","Open","Oracle","USD",2607.852771,"invoicedetail-439320","2024-10-21T00:00:00Z","Net 30","PO-568436","referenceinvoice-890371"
5728.773476,"billingaccount-374258","USD","2024-10-01T00:00:00Z","2024-09-01T00:00:00Z","Tax","2024-08-21T00:00:00Z","InvoiceDetailDescription 4871","{}","invoicedetail-165142","2024-10-05T00:00:00Z","invoice-800224","2024-10-06T00:00:00Z","Open","Google","USD",4653.949909,"invoicedetail-165142","2024-11-05T00:00:00Z","Net 30","PO-525110","referenceinvoice-819400"
6146.254481,"billingaccount-329772","USD","2024-10-01T00:00:00Z","2024-09-01T00:00:00Z","Purchase","2024-08-28T00:00:00Z","InvoiceDetailDescription 8834","{}","invoicedetail-260626","2024-10-11T00:00:00Z","invoice-577079","2024-10-04T00:00:00Z","Voided","Google","USD",9888.379619,"invoicedetail-260626","2024-10-22T00:00:00Z","Net 60","PO-536045","referenceinvoice-836038"
6803.419199,"billingaccount-724756","USD","2024-10-01T00:00:00Z","2024-09-01T00:00:00Z","Usage","2024-08-14T00:00:00Z","InvoiceDetailDescription 9609","{}","invoicedetail-568449","2024-10-11T00:00:00Z","invoice-653829","2024-10-03T00:00:00Z","Voided","Oracle","USD",3617.848685,"invoicedetail-568449","2024-10-17T00:00:00Z","Due on receipt","PO-217659","referenceinvoice-164758"
3281.176377,"billingaccount-645617","USD","2024-10-01T00:00:00Z","2024-09-01T00:00:00Z","Credit","2024-08-13T00:00:00Z","InvoiceDetailDescription 2904","{}","invoicedetail-813341","2024-10-09T00:00:00Z","invoice-315379","2024-10-03T00:00:00Z","Voided","Microsoft","USD",5831.476784,"invoicedetail-813341","2024-10-15T00:00:00Z","Net 30","PO-635167","referenceinvoice-567122"
4567.984757,"billingaccount-160541","USD","2024-10-01T00:00:00Z","2024-09-01T00:00:00Z","Adjustment","2024-08-17T00:00:00Z","InvoiceDetailDescription 8575","{}","invoicedetail-805448","2024-10-03T00:00:00Z","invoice-946112","2024-10-06T00:00:00Z","Issued","AWS","USD",7232.800798,"invoicedetail-805448","2024-10-26T00:00:00Z","Net 60","PO-366817","referenceinvoice-956113"
4236.973848,"billingaccount-834406","USD","2024-10-01T00:00:00Z","2024-09-01T00:00:00Z","Usage","2024-08-25T00:00:00Z","InvoiceDetailDescription 9866","{}","invoicedetail-163182","2024-10-10T00:00:00Z","invoice-172371","2024-10-02T00:00:00Z","Issued","AWS","USD",317.34871,"invoicedetail-163182","2024-10-10T00:00:00Z","Net 60","PO-288724","referenceinvoice-906325"
8696.202853,"billingaccount-495833","USD","2024-10-01T00:00:00Z","2024-09-01T00:00:00Z","Credit","2024-08-18T00:00:00Z","InvoiceDetailDescription 2314","{}","invoicedetail-815894","2024-10-06T00:00:00Z","invoice-793939","2024-10-05T00:00:00Z","Voided","Microsoft","USD",1329.898063,"invoicedetail-815894","2024-10-26T00:00:00Z","Net 60","PO-224395","referenceinvoice-287143"
7561.794149,"billingaccount-412856","USD","2024-10-01T00:00:00Z","2024-09-01T00:00:00Z","Credit","2024-08-15T00:00:00Z","InvoiceDetailDescription 9920","{}","invoicedetail-544730","2024-10-03T00:00:00Z","invoice-657772","2024-10-03T00:00:00Z","Issued","Oracle","USD",8233.604374,"invoicedetail-544730","2024-10-10T00:00:00Z","Net 30","PO-583000","referenceinvoice-462974"
8094.781835,"billingaccount-539605","USD","2024-10-01T00:00:00Z","2024-09-01T00:00:00Z","Adjustment","2024-08-23T00:00:00Z","InvoiceDetailDescription 1256","{}","invoicedetail-352356","2024-10-04T00:00:00Z","invoice-316092","2024-10-02T00:00:00Z","Open","Microsoft","USD",1008.967131,"invoicedetail-352356","2024-10-10T00:00:00Z","Net 30","PO-568127","referenceinvoice-726822"
2343.392785,"billingaccount-327823","USD","2024-10-01T00:00:00Z","2024-09-01T00:00:00Z","Usage","2024-08-24T00:00:00Z","InvoiceDetailDescription 3295","{}","invoicedetail-628373","2024-10-01T00:00:00Z","invoice-403314","2024-10-05T00:00:00Z","Open","AWS","USD",8157.862568,"invoicedetail-628373","2024-10-26T00:00:00Z","Due on receipt","PO-704095","referenceinvoice-434394"
5212.510543,"billingaccount-533649","USD","2024-10-01T00:00:00Z","2024-09-01T00:00:00Z","Tax","2024-08-24T00:00:00Z","InvoiceDetailDescription 5508","{}","invoicedetail-163918","2024-10-05T00:00:00Z","invoice-683761","2024-10-03T00:00:00Z","Voided","Google","USD",8797.13891,"invoicedetail-163918","2024-10-31T00:00:00Z","Net 30","PO-756401","referenceinvoice-811721"
9415.864098,"billingaccount-803953","USD","2024-10-01T00:00:00Z","2024-09-01T00:00:00Z","Credit","2024-08-14T00:00:00Z","InvoiceDetailDescription 9592","{}","invoicedetail-434217","2024-10-08T00:00:00Z","invoice-830132","2024-10-02T00:00:00Z","Issued","Oracle","USD",4082.591768,"invoicedetail-434217","2024-10-20T00:00:00Z","Net 60","PO-494747","referenceinvoice-292811"
1443.517492,"billingaccount-585517","USD","2024-10-01T00:00:00Z","2024-09-01T00:00:00Z","Usage","2024-08-24T00:00:00Z","InvoiceDetailDescription 7761","{}","invoicedetail-536740","2024-10-04T00:00:00Z","invoice-684357","2024-10-04T00:00:00Z","Voided","Oracle","USD",1340.927511,"invoicedetail-536740","2024-11-02T00:00:00Z","Net 30","PO-367382","referenceinvoice-313214"
5356.355363,"billingaccount-969695","USD","2024-10-01T00:00:00Z","2024-09-01T00:00:00Z","Purchase","2024-08-29T00:00:00Z","InvoiceDetailDescription 1844","{}","invoicedetail-381502","2024-10-08T00:00:00Z","invoice-495489","2024-10-04T00:00:00Z","Voided","Google","USD",6049.694464,"invoicedetail-381502","2024-10-13T00:00:00Z","Net 30","PO-176319","referenceinvoice-297303"
9570.197605,"billingaccount-116078","USD","2024-10-01T00:00:00Z","2024-09-01T00:00:00Z","Purchase","2024-08-16T00:00:00Z","InvoiceDetailDescription 4113","{}","invoicedetail-877493","2024-10-04T00:00:00Z","invoice-223014","2024-10-04T00:00:00Z","Voided","Microsoft","USD",9995.72007,"invoicedetail-877493","2024-10-20T00:00:00Z","Net 60","PO-354377","referenceinvoice-829417"
7755.138821,"billingaccount-499152","USD","2024-10-01T00:00:00Z","2024-09-01T00:00:00Z","Credit","2024-08-19T00:00:00Z","InvoiceDetailDescription 9743","{}","invoicedetail-780233","2024-10-04T00:00:00Z","invoice-476710","2024-10-06T00:00:00Z","Issued","Microsoft","USD",2615.616274,"invoicedetail-780233","2024-10-23T00:00:00Z","Due on receipt","PO-621433","referenceinvoice-588640"
3129.220189,"billingaccount-147936","USD","2024-10-01T00:00:00Z","2024-09-01T00:00:00Z","Adjustment","2024-08-16T00:00:00Z","InvoiceDetailDescription 4625","{}","invoicedetail-877259","2024-10-06T00:00:00Z","invoice-253011","2024-10-03T00:00:00Z","Open","AWS","USD",2607.741099,"invoicedetail-877259","2024-10-21T00:00:00Z","Due on receipt","PO-707275","referenceinvoice-854987"
2300.18626,"billingaccount-697467","USD","2024-10-01T00:00:00Z","2024-09-01T00:00:00Z","Purchase","2024-08-22T00:00:00Z","InvoiceDetailDescription 9180","{}","invoicedetail-677390","2024-10-03T00:00:00Z","invoice-786406","2024-10-03T00:00:00Z","Voided","Oracle","USD",3375.64284,"invoicedetail-677390","2024-10-20T00:00:00Z","Net 60","PO-858705","referenceinvoice-772865"
1399.585286,"billingaccount-673095","USD","2024-10-01T00:00:00Z","2024-09-01T00:00:00Z","Credit","2024-08-17T00:00:00Z","InvoiceDetailDescription 4015","{}","invoicedetail-668471","2024-10-03T00:00:00Z","invoice-772985","2024-10-04T00:00:00Z","Open","Oracle","USD",5239.444154,"invoicedetail-668471","2024-10-16T00:00:00Z","Net 30","PO-957730","referenceinvoice-800674"
2314.333921,"billingaccount-841521","USD","2024-10-01T00:00:00Z","2024-09-01T00:00:00Z","Purchase","2024-08-31T00:00:00Z","InvoiceDetailDescription 1149","{}","invoicedetail-329344","2024-10-07T00:00:00Z","invoice-630299","2024-10-03T00:00:00Z","Issued","AWS","USD",3732.006927,"invoicedetail-329344","2024-10-30T00:00:00Z","Due on receipt","PO-768706","referenceinvoice-799143"
5516.435609,"billingaccount-112426","USD","2024-10-01T00:00:00Z","2024-09-01T00:00:00Z","Usage","2024-08-16T00:00:00Z","InvoiceDetailDescription 9673","{}","invoicedetail-857273","2024-10-01T00:00:00Z","invoice-388086","2024-10-02T00:00:00Z","Voided","Oracle","USD",9774.793482,"invoicedetail-857273","2024-10-26T00:00:00Z","Net 30","PO-626611","referenceinvoice-952657"
1488.974857,"billingaccount-301255","USD","2024-10-01T00:00:00Z","2024-09-01T00:00:00Z","Adjustment","2024-08-26T00:00:00Z","InvoiceDetailDescription 9625","{}","invoicedetail-364679","2024-10-02T00:00:00Z","invoice-954814","2024-10-02T00:00:00Z","Issued","Oracle","USD",2673.247367,"invoicedetail-364679","2024-10-25T00:00:00Z","Net 60","PO-182857","referenceinvoice-491172"
2258.572526,"billingaccount-817269","USD","2024-10-01T00:00:00Z","2024-09-01T00:00:00Z","Usage","2024-08-17T00:00:00Z","InvoiceDetailDescription 1519","{}","invoicedetail-198042","2024-10-10T00:00:00Z","invoice-524965","2024-10-03T00:00:00Z","Issued","Oracle","USD",3771.695685,"invoicedetail-198042","2024-11-01T00:00:00Z","Net 60","PO-158840","referenceinvoice-767678"
6449.072419,"billingaccount-447362","USD","2024-10-01T00:00:00Z","2024-09-01T00:00:00Z","Adjustment","2024-08-26T00:00:00Z","InvoiceDetailDescription 2562","{}","invoicedetail-653815","2024-10-02T00:00:00Z","invoice-144618","2024-10-05T00:00:00Z","Open","AWS","USD",2114.170559,"invoicedetail-653815","2024-10-25T00:00:00Z","Due on receipt","PO-694316","referenceinvoice-598598"
5635.09864,"billingaccount-134500","USD","2024-10-01T00:00:00Z","2024-09-01T00:00:00Z","Purchase","2024-08-30T00:00:00Z","InvoiceDetailDescription 6152","{}","invoicedetail-116418","2024-10-02T00:00:00Z","invoice-317221","2024-10-04T00:00:00Z","Voided","Google","USD",1441.915613,"invoicedetail-116418","2024-10-28T00:00:00Z","Due on receipt","PO-960778","referenceinvoice-517643"
5666.959199,"billingaccount-990704","USD","2024-10-01T00:00:00Z","2024-09-01T00:00:00Z","Credit","2024-08-22T00:00:00Z","InvoiceDetailDescription 9856","{}","invoicedetail-447843","2024-10-03T00:00:00Z","invoice-502491","2024-10-06T00:00:00Z","Voided","AWS","USD",1399.505942,"invoicedetail-447843","2024-10-20T00:00:00Z","Due on receipt","PO-859340","referenceinvoice-182237"
8386.746576,"billingaccount-457137","USD","2024-10-01T00:00:00Z","2024-09-01T00:00:00Z","Adjustment","2024-08-30T00:00:00Z","InvoiceDetailDescription 7499","{}","invoicedetail-911131","2024-10-02T00:00:00Z","invoice-442230","2024-10-05T00:00:00Z","Open","Google","USD",6341.229474,"invoicedetail-911131","2024-10-19T00:00:00Z","Net 60","PO-614435","referenceinvoice-339220"
6796.948581,"billingaccount-792764","USD","2024-10-01T00:00:00Z","2024-09-01T00:00:00Z","Credit","2024-08-14T00:00:00Z","InvoiceDetailDescription 2404","{}","invoicedetail-909676","2024-10-07T00:00:00Z","invoice-748665","2024-10-05T00:00:00Z","Issued","Google","USD",7980.551738,"invoicedetail-909676","2024-10-17T00:00:00Z","Due on receipt","PO-177077","referenceinvoice-186023"
3896.219754,"billingaccount-478221","USD","2024-10-01T00:00:00Z","2024-09-01T00:00:00Z","Usage","2024-08-27T00:00:00Z","InvoiceDetailDescription 2499","{}","invoicedetail-105447","2024-10-07T00:00:00Z","invoice-423241","2024-10-03T00:00:00Z","Issued","Google","USD",3599.174973,"invoicedetail-105447","2024-11-02T00:00:00Z","Net 60","PO-207197","referenceinvoice-238943"
5547.400006,"billingaccount-527865","USD","2024-10-01T00:00:00Z","2024-09-01T00:00:00Z","Usage","2024-08-26T00:00:00Z","InvoiceDetailDescription 1430","{}","invoicedetail-193972","2024-10-07T00:00:00Z","invoice-471106","2024-10-05T00:00:00Z","Voided","AWS","USD",930.642605,"invoicedetail-193972","2024-10-29T00:00:00Z","Due on receipt","PO-922543","referenceinvoice-440189"
7791.691056,"billingaccount-860053","USD","2024-10-01T00:00:00Z","2024-09-01T00:00:00Z","Adjustment","2024-08-31T00:00:00Z","InvoiceDetailDescription 4977","{}","invoicedetail-699743","2024-10-05T00:00:00Z","invoice-646417","2024-10-05T00:00:00Z","Open","Oracle","USD",6853.159918,"invoicedetail-699743","2024-10-24T00:00:00Z","Net 30","PO-245584","referenceinvoice-381981"
1672.074008,"billingaccount-389366","USD","2024-10-01T00:00:00Z","2024-09-01T00:00:00Z","Credit","2024-08-23T00:00:00Z","InvoiceDetailDescription 5911","{}","invoicedetail-607753","2024-10-08T00:00:00Z","invoice-920685","2024-10-03T00:00:00Z","Open","Google","USD",3611.249123,"invoicedetail-607753","2024-10-12T00:00:00Z","Net 30","PO-855917","referenceinvoice-755395"
1069.723676,"billingaccount-419457","USD","2024-10-01T00:00:00Z","2024-09-01T00:00:00Z","Usage","2024-08-12T00:00:00Z","InvoiceDetailDescription 7483","{}","invoicedetail-448354","2024-10-10T00:00:00Z","invoice-982495","2024-10-03T00:00:00Z","Voided","Oracle","USD",3798.899561,"invoicedetail-448354","2024-10-24T00:00:00Z","Net 60","PO-561607","referenceinvoice-450996"
6032.112684,"billingaccount-829066","USD","2024-10-01T00:00:00Z","2024-09-01T00:00:00Z","Purchase","2024-08-12T00:00:00Z","InvoiceDetailDescription 8848","{}","invoicedetail-429445","2024-10-03T00:00:00Z","invoice-286266","2024-10-04T00:00:00Z","Issued","Oracle","USD",9687.252217,"invoicedetail-429445","2024-10-21T00:00:00Z","Net 60","PO-870571","referenceinvoice-828716"
2803.001465,"billingaccount-924040","USD","2024-10-01T00:00:00Z","2024-09-01T00:00:00Z","Credit","2024-08-13T00:00:00Z","InvoiceDetailDescription 6980","{}","invoicedetail-219420","2024-10-04T00:00:00Z","invoice-691240","2024-10-04T00:00:00Z","Open","Oracle","USD",5922.270343,"invoicedetail-219420","2024-10-23T00:00:00Z","Due on receipt","PO-288667","referenceinvoice-814827"
8312.818087,"billingaccount-172518","USD","2024-10-01T00:00:00Z","2024-09-01T00:00:00Z","Credit","2024-08-17T00:00:00Z","InvoiceDetailDescription 9180","{}","invoicedetail-245939","2024-10-04T00:00:00Z","invoice-764100","2024-10-05T00:00:00Z","Issued","AWS","USD",2420.211677,"invoicedetail-245939","2024-10-21T00:00:00Z","Due on receipt","PO-261630","referenceinvoice-849979"
4792.346998,"billingaccount-520274","USD","2024-10-01T00:00:00Z","2024-09-01T00:00:00Z","Adjustment","2024-08-19T00:00:00Z","InvoiceDetailDescription 9300","{}","invoicedetail-825309","2024-10-02T00:00:00Z","invoice-538620","2024-10-05T00:00:00Z","Voided","Oracle","USD",367.651641,"invoicedetail-825309","2024-10-31T00:00:00Z","Net 60","PO-835716","referenceinvoice-951755"
6469.99848,"billingaccount-146448","USD","2024-10-01T00:00:00Z","2024-09-01T00:00:00Z","Adjustment","2024-08-28T00:00:00Z","InvoiceDetailDescription 7547","{}","invoicedetail-889245","2024-10-04T00:00:00Z","invoice-447704","2024-10-04T00:00:00Z","Issued","AWS","USD",1059.445516,"invoicedetail-889245","2024-10-16T00:00:00Z","Net 30","PO-371306","referenceinvoice-332785"
7723.422325,"billingaccount-717181","USD","2024-10-01T00:00:00Z","2024-09-01T00:00:00Z","Adjustment","2024-08-17T00:00:00Z","InvoiceDetailDescription 3469","{}","invoicedetail-461724","2024-10-06T00:00:00Z","invoice-125755","2024-10-05T00:00:00Z","Issued","Microsoft","USD",1045.49358,"invoicedetail-461724","2024-10-26T00:00:00Z","Net 60","PO-190025","referenceinvoice-221707"
7842.699975,"billingaccount-646428","USD","2024-10-01T00:00:00Z","2024-09-01T00:00:00Z","Credit","2024-08-20T00:00:00Z","InvoiceDetailDescription 6706","{}","invoicedetail-599292","2024-10-05T00:00:00Z","invoice-202365","2024-10-04T00:00:00Z","Issued","Microsoft","USD",7219.939433,"invoicedetail-599292","2024-10-25T00:00:00Z","Net 60","PO-434400","referenceinvoice-170437"
6479.699173,"billingaccount-810032","USD","2024-10-01T00:00:00Z","2024-09-01T00:00:00Z","Purchase","2024-08-30T00:00:00Z","InvoiceDetailDescription 4996","{}","invoicedetail-641058","2024-10-02T00:00:00Z","invoice-282927","2024-10-02T00:00:00Z","Voided","Google","USD",1601.357112,"invoicedetail-641058","2024-10-19T00:00:00Z","Due on receipt","PO-547080","referenceinvoice-584498"
6404.788767,"billingaccount-553125","USD","2024-10-01T00:00:00Z","2024-09-01T00:00:00Z","Credit","2024-08-19T00:00:00Z","InvoiceDetailDescription 1478","{}","invoicedetail-873207","2024-10-11T00:00:00Z","invoice-743937","2024-10-03T00:00:00Z","Open","Microsoft","USD",4495.750114,"invoicedetail-873207","2024-10-15T00:00:00Z","Net 60","PO-507723","referenceinvoice-104666"
1017.520487,"billingaccount-662968","USD","2024-10-01T00:00:00Z","2024-09-01T00:00:00Z","Purchase","2024-08-25T00:00:00Z","InvoiceDetailDescription 6993","{}","invoicedetail-441819","2024-10-05T00:00:00Z","invoice-306647","2024-10-02T00:00:00Z","Issued","Microsoft","USD",1139.549707,"invoicedetail-441819","2024-10-27T00:00:00Z","Due on receipt","PO-613261","referenceinvoice-653349"
5870.047146,"billingaccount-464825","USD","2024-10-01T00:00:00Z","2024-09-01T00:00:00Z","Tax","2024-08-12T00:00:00Z","InvoiceDetailDescription 8501","{}","invoicedetail-747351","2024-10-07T00:00:00Z","invoice-280908","2024-10-06T00:00:00Z","Voided","Google","USD",7059.883609,"invoicedetail-747351","2024-10-25T00:00:00Z","Net 60","PO-744333","referenceinvoice-718836"
3053.800025,"billingaccount-291936","USD","2024-10-01T00:00:00Z","2024-09-01T00:00:00Z","Tax","2024-08-27T00:00:00Z","InvoiceDetailDescription 3316","{}","invoicedetail-635638","2024-10-06T00:00:00Z","invoice-507333","2024-10-02T00:00:00Z","Issued","AWS","USD",5964.258174,"invoicedetail-635638","2024-10-16T00:00:00Z","Due on receipt","PO-502349","referenceinvoice-543588"
9191.609967,"billingaccount-281649","USD","2024-10-01T00:00:00Z","2024-09-01T00:00:00Z","Adjustment","2024-08-16T00:00:00Z","InvoiceDetailDescription 3733","{}","invoicedetail-613426","2024-10-11T00:00:00Z","invoice-402865","2024-10-06T00:00:00Z","Open","Microsoft","USD",1870.9858,"invoicedetail-613426","2024-11-04T00:00:00Z","Net 60","PO-749498","referenceinvoice-156215"
8152.159407,"billingaccount-688861","USD","2024-10-01T00:00:00Z","2024-09-01T00:00:00Z","Adjustment","2024-08-31T00:00:00Z","InvoiceDetailDescription 9109","{}","invoicedetail-529008","2024-10-08T00:00:00Z","invoice-817956","2024-10-03T00:00:00Z","Issued","Google","USD",4156.304353,"invoicedetail-529008","2024-10-16T00:00:00Z","Net 60","PO-612438","referenceinvoice-275377"
326.950869,"billingaccount-335765","USD","2024-10-01T00:00:00Z","2024-09-01T00:00:00Z","Adjustment","2024-08-13T00:00:00Z","InvoiceDetailDescription 5729","{}","invoicedetail-276379","2024-10-01T00:00:00Z","invoice-918665","2024-10-03T00:00:00Z","Issued","AWS","USD",5656.504612,"invoicedetail-276379","2024-10-19T00:00:00Z","Net 60","PO-676429","referenceinvoice-635618"
8232.82808,"billingaccount-484682","USD","2024-10-01T00:00:00Z","2024-09-01T00:00:00Z","Adjustment","2024-08-13T00:00:00Z","InvoiceDetailDescription 1681","{}","invoicedetail-896922","2024-10-02T00:00:00Z","invoice-853905","2024-10-04T00:00:00Z","Issued","AWS","USD",5463.532747,"invoicedetail-896922","2024-10-28T00:00:00Z","Net 60","PO-207391","referenceinvoice-871740"
3485.769768,"billingaccount-956401","USD","2024-10-01T00:00:00Z","2024-09-01T00:00:00Z","Usage","2024-08-22T00:00:00Z","InvoiceDetailDescription 8193","{}","invoicedetail-223088","2024-10-01T00:00:00Z","invoice-913308","2024-10-05T00:00:00Z","Open","Microsoft","USD",2098.781676,"invoicedetail-223088","2024-10-20T00:00:00Z","Due on receipt","PO-716482","referenceinvoice-822608"
6161.511998,"billingaccount-922974","USD","2024-10-01T00:00:00Z","2024-09-01T00:00:00Z","Purchase","2024-08-12T00:00:00Z","InvoiceDetailDescription 4390","{}","invoicedetail-944565","2024-10-11T00:00:00Z","invoice-162241","2024-10-05T00:00:00Z","Voided","Google","USD",3508.15479,"invoicedetail-944565","2024-10-17T00:00:00Z","Net 60","PO-725850","referenceinvoice-664939"
2673.430663,"billingaccount-999695","USD","2024-10-01T00:00:00Z","2024-09-01T00:00:00Z","Adjustment","2024-08-21T00:00:00Z","InvoiceDetailDescription 2560","{}","invoicedetail-242175","2024-10-05T00:00:00Z","invoice-886530","2024-10-04T00:00:00Z","Issued","Microsoft","USD",9187.687118,"invoicedetail-242175","2024-10-29T00:00:00Z","Net 60","PO-787757","referenceinvoice-233051"
7614.735875,"billingaccount-809083","USD","2024-10-01T00:00:00Z","2024-09-01T00:00:00Z","Credit","2024-08-24T00:00:00Z","InvoiceDetailDescription 9019","{}","invoicedetail-249077","2024-10-03T00:00:00Z","invoice-705474","2024-10-04T00:00:00Z","Voided","Microsoft","USD",2687.171521,"invoicedetail-249077","2024-10-18T00:00:00Z","Net 60","PO-493396","referenceinvoice-573947"
2782.256879,"billingaccount-486999","USD","2024-10-01T00:00:00Z","2024-09-01T00:00:00Z","Credit","2024-08-29T00:00:00Z","InvoiceDetailDescription 8996","{}","invoicedetail-443187","2024-10-07T00:00:00Z","invoice-710224","2024-10-06T00:00:00Z","Open","AWS","USD",8689.077629,"invoicedetail-443187","2024-11-05T00:00:00Z","Due on receipt","PO-197666","referenceinvoice-866437"
2178.29935,"billingaccount-550513","USD","2024-10-01T00:00:00Z","2024-09-01T00:00:00Z","Purchase","2024-08-20T00:00:00Z","InvoiceDetailDescription 9105","{}","invoicedetail-381581","2024-10-02T00:00:00Z","invoice-438548","2024-10-06T00:00:00Z","Issued","Oracle","USD",3377.551552,"invoicedetail-381581","2024-10-25T00:00:00Z","Due on receipt","PO-236937","referenceinvoice-693643"
995.747419,"billingaccount-921967","USD","2024-10-01T00:00:00Z","2024-09-01T00:00:00Z","Credit","2024-08-21T00:00:00Z","InvoiceDetailDescription 1266","{}","invoicedetail-230272","2024-10-11T00:00:00Z","invoice-999312","2024-10-02T00:00:00Z","Open","Oracle","USD",4412.859489,"invoicedetail-230272","2024-10-10T00:00:00Z","Net 30","PO-548580","referenceinvoice-312146"
6545.879644,"billingaccount-362552","USD","2024-10-01T00:00:00Z","2024-09-01T00:00:00Z","Usage","2024-08-22T00:00:00Z","InvoiceDetailDescription 7092","{}","invoicedetail-796787","2024-10-03T00:00:00Z","invoice-780432","2024-10-04T00:00:00Z","Open","Microsoft","USD",517.87275,"invoicedetail-796787","2024-10-13T00:00:00Z","Due on receipt","PO-420349","referenceinvoice-861253"
951.83678,"billingaccount-323788","USD","2024-10-01T00:00:00Z","2024-09-01T00:00:00Z","Credit","2024-08-18T00:00:00Z","InvoiceDetailDescription 2276","{}","invoicedetail-239145","2024-10-11T00:00:00Z","invoice-722518","2024-10-02T00:00:00Z","Open","Microsoft","USD",5194.442546,"invoicedetail-239145","2024-10-31T00:00:00Z","Net 60","PO-109738","referenceinvoice-108454"
708.283054,"billingaccount-501677","USD","2024-10-01T00:00:00Z","2024-09-01T00:00:00Z","Usage","2024-08-28T00:00:00Z","InvoiceDetailDescription 2678","{}","invoicedetail-208214","2024-10-07T00:00:00Z","invoice-428572","2024-10-03T00:00:00Z","Issued","Google","USD",8809.88995,"invoicedetail-208214","2024-10-25T00:00:00Z","Net 30","PO-501312","referenceinvoice-911032"
84.74742,"billingaccount-781595","USD","2024-10-01T00:00:00Z","2024-09-01T00:00:00Z","Purchase","2024-08-27T00:00:00Z","InvoiceDetailDescription 8210","{}","invoicedetail-468247","2024-10-02T00:00:00Z","invoice-857524","2024-10-06T00:00:00Z","Open","Microsoft","USD",6280.800383,"invoicedetail-468247","2024-10-31T00:00:00Z","Net 30","PO-531709","referenceinvoice-746002"
7524.456465,"billingaccount-718213","USD","2024-10-01T00:00:00Z","2024-09-01T00:00:00Z","Credit","2024-08-25T00:00:00Z","InvoiceDetailDescription 6759","{}","invoicedetail-550246","2024-10-02T00:00:00Z","invoice-429780","2024-10-02T00:00:00Z","Open","Oracle","USD",2477.86375,"invoicedetail-550246","2024-10-13T00:00:00Z","Due on receipt","PO-188341","referenceinvoice-360221"
5177.491278,"billingaccount-634273","USD","2024-10-01T00:00:00Z","2024-09-01T00:00:00Z","Purchase","2024-08-31T00:00:00Z","InvoiceDetailDescription 7418","{}","invoicedetail-409898","2024-10-11T00:00:00Z","invoice-777558","2024-10-04T00:00:00Z","Open","Google","USD",7838.015996,"invoicedetail-409898","2024-10-17T00:00:00Z","Net 30","PO-618927","referenceinvoice-504630"
5282.865009,"billingaccount-112653","USD","2024-10-01T00:00:00Z","2024-09-01T00:00:00Z","Tax","2024-08-24T00:00:00Z","InvoiceDetailDescription 6185","{}","invoicedetail-238394","2024-10-08T00:00:00Z","invoice-505629","2024-10-06T00:00:00Z","Voided","AWS","USD",4208.635343,"invoicedetail-238394","2024-10-15T00:00:00Z","Due on receipt","PO-816116","referenceinvoice-281162"
137.934257,"billingaccount-326222","USD","2024-10-01T00:00:00Z","2024-09-01T00:00:00Z","Usage","2024-08-29T00:00:00Z","InvoiceDetailDescription 1990","{}","invoicedetail-927630","2024-10-01T00:00:00Z","invoice-517307","2024-10-06T00:00:00Z","Voided","Oracle","USD",2864.878001,"invoicedetail-927630","2024-10-15T00:00:00Z","Due on receipt","PO-625387","referenceinvoice-904373"
5365.648161,"billingaccount-745972","USD","2024-10-01T00:00:00Z","2024-09-01T00:00:00Z","Purchase","2024-08-18T00:00:00Z","InvoiceDetailDescription 5546","{}","invoicedetail-187657","2024-10-07T00:00:00Z","invoice-424960","2024-10-02T00:00:00Z","Open","Oracle","USD",5113.046983,"invoicedetail-187657","2024-10-29T00:00:00Z","Net 30","PO-947312","referenceinvoice-262924"
6986.758816,"billingaccount-865416","USD","2024-10-01T00:00:00Z","2024-09-01T00:00:00Z","Purchase","2024-08-19T00:00:00Z","InvoiceDetailDescription 1948","{}","invoicedetail-356355","2024-10-10T00:00:00Z","invoice-190400","2024-10-02T00:00:00Z","Issued","Google","USD",1159.865815,"invoicedetail-356355","2024-10-18T00:00:00Z","Due on receipt","PO-738407","referenceinvoice-157701"
1372.117974,"billingaccount-111901","USD","2024-10-01T00:00:00Z","2024-09-01T00:00:00Z","Purchase","2024-08-26T00:00:00Z","InvoiceDetailDescription 9133","{}","invoicedetail-463546","2024-10-02T00:00:00Z","invoice-648410","2024-10-02T00:00:00Z","Voided","Google","USD",7829.871015,"invoicedetail-463546","2024-10-31T00:00:00Z","Due on receipt","PO-371840","referenceinvoice-275073"
3350.110263,"billingaccount-550179","USD","2024-10-01T00:00:00Z","2024-09-01T00:00:00Z","Tax","2024-08-27T00:00:00Z","InvoiceDetailDescription 9582","{}","invoicedetail-166974","2024-10-05T00:00:00Z","invoice-375722","2024-10-02T00:00:00Z","Voided","Google","USD",9750.505878,"invoicedetail-166974","2024-10-09T00:00:00Z","Due on receipt","PO-180813","referenceinvoice-620248"
8593.597827,"billingaccount-274987","USD","2024-10-01T00:00:00Z","2024-09-01T00:00:00Z","Tax","2024-08-15T00:00:00Z","InvoiceDetailDescription 3577","{}","invoicedetail-367508","2024-10-06T00:00:00Z","invoice-910894","2024-10-02T00:00:00Z","Open","Oracle","USD",8942.684201,"invoicedetail-367508","2024-10-24T00:00:00Z","Due on receipt","PO-857888","referenceinvoice-220936"
2445.514504,"billingaccount-594681","USD","2024-10-01T00:00:00Z","2024-09-01T00:00:00Z","Tax","2024-08-15T00:00:00Z","InvoiceDetailDescription 7274","{}","invoicedetail-257375","2024-10-01T00:00:00Z","invoice-287654","2024-10-02T00:00:00Z","Open","Microsoft","USD",5528.647885,"invoicedetail-257375","2024-10-09T00:00:00Z","Due on receipt","PO-876644","referenceinvoice-787554"
9158.547649,"billingaccount-435476","USD","2024-10-01T00:00:00Z","2024-09-01T00:00:00Z","Tax","2024-08-24T00:00:00Z","InvoiceDetailDescription 2276","{}","invoicedetail-699298","2024-10-06T00:00:00Z","invoice-490917","2024-10-03T00:00:00Z","Open","Oracle","USD",5020.409426,"invoicedetail-699298","2024-10-23T00:00:00Z","Net 30","PO-288056","referenceinvoice-334026"
7735.274795,"billingaccount-425790","USD","2024-10-01T00:00:00Z","2024-09-01T00:00:00Z","Tax","2024-08-19T00:00:00Z","InvoiceDetailDescription 2415","{}","invoicedetail-679958","2024-10-02T00:00:00Z","invoice-578933","2024-10-05T00:00:00Z","Open","AWS","USD",3689.193592,"invoicedetail-679958","2024-10-21T00:00:00Z","Net 60","PO-691194","referenceinvoice-922615"
5916.90935,"billingaccount-617326","USD","2024-10-01T00:00:00Z","2024-09-01T00:00:00Z","Purchase","2024-08-12T00:00:00Z","InvoiceDetailDescription 9954","{}","invoicedetail-897423","2024-10-04T00:00:00Z","invoice-934638","2024-10-05T00:00:00Z","Open","Google","USD",1505.663768,"invoicedetail-897423","2024-10-23T00:00:00Z","Net 60","PO-125071","referenceinvoice-344315"
3762.748305,"billingaccount-873935","USD","2024-10-01T00:00:00Z","2024-09-01T00:00:00Z","Tax","2024-08-31T00:00:00Z","InvoiceDetailDescription 2703","{}","invoicedetail-315161","2024-10-06T00:00:00Z","invoice-655550","2024-10-02T00:00:00Z","Open","Google","USD",4198.15842,"invoicedetail-315161","2024-10-30T00:00:00Z","Net 30","PO-249289","referenceinvoice-846221"
4130.568035,"billingaccount-490586","USD","2024-10-01T00:00:00Z","2024-09-01T00:00:00Z","Credit","2024-08-29T00:00:00Z","InvoiceDetailDescription 2391","{}","invoicedetail-708982","2024-10-01T00:00:00Z","invoice-200219","2024-10-03T00:00:00Z","Voided","Google","USD",1335.138503,"invoicedetail-708982","2024-10-26T00:00:00Z","Net 60","PO-178465","referenceinvoice-720647"
2916.760241,"billingaccount-992247","USD","2024-10-01T00:00:00Z","2024-09-01T00:00:00Z","Tax","2024-08-18T00:00:00Z","InvoiceDetailDescription 7438","{}","invoicedetail-834764","2024-10-11T00:00:00Z","invoice-972310","2024-10-03T00:00:00Z","Voided","AWS","USD",3262.515688,"invoicedetail-834764","2024-10-17T00:00:00Z","Net 60","PO-385166","referenceinvoice-344959"
1554.105513,"billingaccount-272359","USD","2024-10-01T00:00:00Z","2024-09-01T00:00:00Z","Credit","2024-08-25T00:00:00Z","InvoiceDetailDescription 8635","{}","invoicedetail-429287","2024-10-03T00:00:00Z","invoice-526259","2024-10-06T00:00:00Z","Open","AWS","USD",5359.245491,"invoicedetail-429287","2024-10-16T00:00:00Z","Net 30","PO-573869","referenceinvoice-423284"
8075.969047,"billingaccount-418992","USD","2024-10-01T00:00:00Z","2024-09-01T00:00:00Z","Adjustment","2024-08-23T00:00:00Z","InvoiceDetailDescription 1660","{}","invoicedetail-325465","2024-10-02T00:00:00Z","invoice-976530","2024-10-02T00:00:00Z","Issued","Oracle","USD",1483.237974,"invoicedetail-325465","2024-10-14T00:00:00Z","Due on receipt","PO-360276","referenceinvoice-473023"
8200.896158,"billingaccount-282313","USD","2024-10-01T00:00:00Z","2024-09-01T00:00:00Z","Usage","2024-08-15T00:00:00Z","InvoiceDetailDescription 7625","{}","invoicedetail-996114","2024-10-01T00:00:00Z","invoice-574167","2024-10-04T00:00:00Z","Voided","Oracle","USD",7480.784472,"invoicedetail-996114","2024-10-19T00:00:00Z","Net 30","PO-199326","referenceinvoice-584487"
8303.723319,"billingaccount-333086","USD","2024-10-01T00:00:00Z","2024-09-01T00:00:00Z","Purchase","2024-08-27T00:00:00Z","InvoiceDetailDescription 4246","{}","invoicedetail-963684","2024-10-02T00:00:00Z","invoice-520040","2024-10-02T00:00:00Z","Issued","AWS","USD",6862.85262,"invoicedetail-963684","2024-10-10T00:00:00Z","Due on receipt","PO-188121","referenceinvoice-710610"
9024.960819,"billingaccount-564971","USD","2024-10-01T00:00:00Z","2024-09-01T00:00:00Z","Purchase","2024-08-29T00:00:00Z","InvoiceDetailDescription 2506","{}","invoicedetail-988432","2024-10-01T00:00:00Z","invoice-969642","2024-10-02T00:00:00Z","Issued","Google","USD",1225.276593,"invoicedetail-988432","2024-10-15T00:00:00Z","Net 60","PO-153097","referenceinvoice-276149"
6832.129168,"billingaccount-281201","USD","2024-10-01T00:00:00Z","2024-09-01T00:00:00Z","Tax","2024-08-19T00:00:00Z","InvoiceDetailDescription 4517","{}","invoicedetail-296242","2024-10-08T00:00:00Z","invoice-388339","2024-10-02T00:00:00Z","Issued","Oracle","USD",4460.114306,"invoicedetail-296242","2024-10-21T00:00:00Z","Net 30","PO-136332","referenceinvoice-743937"
4790.3093,"billingaccount-191982","USD","2024-10-01T00:00:00Z","2024-09-01T00:00:00Z","Tax","2024-08-22T00:00:00Z","InvoiceDetailDescription 7275","{}","invoicedetail-243902","2024-10-08T00:00:00Z","invoice-539599","2024-10-05T00:00:00Z","Open","Microsoft","USD",6426.525256,"invoicedetail-243902","2024-10-29T00:00:00Z","Due on receipt","PO-361250","referenceinvoice-761393"
7814.351058,"billingaccount-460745","USD","2024-10-01T00:00:00Z","2024-09-01T00:00:00Z","Adjustment","2024-08-19T00:00:00Z","InvoiceDetailDescription 9231","{}","invoicedetail-437226","2024-10-06T00:00:00Z","invoice-507247","2024-10-05T00:00:00Z","Issued","AWS","USD",1798.158737,"invoicedetail-437226","2024-10-29T00:00:00Z","Net 60","PO-726121","referenceinvoice-329659"
3574.328927,"billingaccount-712356","USD","2024-10-01T00:00:00Z","2024-09-01T00:00:00Z","Purchase","2024-08-23T00:00:00Z","InvoiceDetailDescription 3615","{}","invoicedetail-204998","2024-10-01T00:00:00Z","invoice-359896","2024-10-05T00:00:00Z","Voided","AWS","USD",2411.527952,"invoicedetail-204998","2024-10-28T00:00:00Z","Due on receipt","PO-955937","referenceinvoice-929672"
9352.060321,"billingaccount-986278","USD","2024-10-01T00:00:00Z","2024-09-01T00:00:00Z","Purchase","2024-08-24T00:00:00Z","InvoiceDetailDescription 3885","{}","invoicedetail-348041","2024-10-10T00:00:00Z","invoice-721301","2024-10-05T00:00:00Z","Issued","AWS","USD",8062.102254,"invoicedetail-348041","2024-10-23T00:00:00Z","Due on receipt","PO-476211","referenceinvoice-720298"
5631.088909,"billingaccount-297377","USD","2024-10-01T00:00:00Z","2024-09-01T00:00:00Z","Credit","2024-08-20T00:00:00Z","InvoiceDetailDescription 9882","{}","invoicedetail-424065","2024-10-10T00:00:00Z","invoice-284084","2024-10-06T00:00:00Z","Issued","AWS","USD",379.637412,"invoicedetail-424065","2024-10-17T00:00:00Z","Net 30","PO-343923","referenceinvoice-730889"
3317.339936,"billingaccount-743966","USD","2024-10-01T00:00:00Z","2024-09-01T00:00:00Z","Purchase","2024-08-31T00:00:00Z","InvoiceDetailDescription 3137","{}","invoicedetail-457311","2024-10-09T00:00:00Z","invoice-851763","2024-10-05T00:00:00Z","Open","Microsoft","USD",9187.807873,"invoicedetail-457311","2024-10-12T00:00:00Z","Net 60","PO-162448","referenceinvoice-122977"
8606.694666,"billingaccount-176054","USD","2024-10-01T00:00:00Z","2024-09-01T00:00:00Z","Tax","2024-08-13T00:00:00Z","InvoiceDetailDescription 7481","{}","invoicedetail-714483","2024-10-03T00:00:00Z","invoice-205939","2024-10-02T00:00:00Z","Issued","Microsoft","USD",3017.651537,"invoicedetail-714483","2024-10-25T00:00:00Z","Net 30","PO-265154","referenceinvoice-867926"
7071.829212,"billingaccount-689275","USD","2024-10-01T00:00:00Z","2024-09-01T00:00:00Z","Adjustment","2024-08-16T00:00:00Z","InvoiceDetailDescription 6846","{}","invoicedetail-334081","2024-10-11T00:00:00Z","invoice-797860","2024-10-04T00:00:00Z","Voided","Oracle","USD",8144.542364,"invoicedetail-334081","2024-10-16T00:00:00Z","Net 60","PO-421727","referenceinvoice-869649"
9486.981598,"billingaccount-510623","USD","2024-10-01T00:00:00Z","2024-09-01T00:00:00Z","Adjustment","2024-08-27T00:00:00Z","InvoiceDetailDescription 1530","{}","invoicedetail-290926","2024-10-03T00:00:00Z","invoice-731650","2024-10-02T00:00:00Z","Issued","Google","USD",9210.382164,"invoicedetail-290926","2024-10-31T00:00:00Z","Due on receipt","PO-331625","referenceinvoice-770718"
778.066385,"billingaccount-463656","USD","2024-10-01T00:00:00Z","2024-09-01T00:00:00Z","Tax","2024-08-16T00:00:00Z","InvoiceDetailDescription 3750","{}","invoicedetail-767090","2024-10-03T00:00:00Z","invoice-193035","2024-10-04T00:00:00Z","Voided","AWS","USD",6700.245711,"invoicedetail-767090","2024-11-03T00:00:00Z","Due on receipt","PO-452058","referenceinvoice-568325"
677.947801,"billingaccount-369125","USD","2024-10-01T00:00:00Z","2024-09-01T00:00:00Z","Usage","2024-08-23T00:00:00Z","InvoiceDetailDescription 1020","{}","invoicedetail-150486","2024-10-04T00:00:00Z","invoice-504684","2024-10-03T00:00:00Z","Issued","AWS","USD",7325.844945,"invoicedetail-150486","2024-11-01T00:00:00Z","Net 30","PO-534130","referenceinvoice-617033"
8288.069776,"billingaccount-927043","USD","2024-10-01T00:00:00Z","2024-09-01T00:00:00Z","Adjustment","2024-08-20T00:00:00Z","InvoiceDetailDescription 4695","{}","invoicedetail-270557","2024-10-09T00:00:00Z","invoice-573209","2024-10-05T00:00:00Z","Open","Oracle","USD",7991.945658,"invoicedetail-270557","2024-10-15T00:00:00Z","Net 30","PO-409234","referenceinvoice-121053"
1701.052032,"billingaccount-493696","USD","2024-10-01T00:00:00Z","2024-09-01T00:00:00Z","Purchase","2024-08-23T00:00:00Z","InvoiceDetailDescription 2228","{}","invoicedetail-673619","2024-10-02T00:00:00Z","invoice-197627","2024-10-02T00:00:00Z","Issued","Google","USD",5940.305441,"invoicedetail-673619","2024-10-19T00:00:00Z","Due on receipt","PO-606186","referenceinvoice-838726"
8897.532704,"billingaccount-264735","USD","2024-10-01T00:00:00Z","2024-09-01T00:00:00Z","Usage","2024-08-18T00:00:00Z","InvoiceDetailDescription 2659","{}","invoicedetail-447177","2024-10-11T00:00:00Z","invoice-315535","2024-10-03T00:00:00Z","Open","AWS","USD",4092.798658,"invoicedetail-447177","2024-10-29T00:00:00Z","Due on receipt","PO-857111","referenceinvoice-865433"
496.35443,"billingaccount-699544","USD","2024-10-01T00:00:00Z","2024-09-01T00:00:00Z","Adjustment","2024-08-22T00:00:00Z","InvoiceDetailDescription 9043","{}","invoicedetail-261050","2024-10-05T00:00:00Z","invoice-157152","2024-10-03T00:00:00Z","Issued","Google","USD",38.155722,"invoicedetail-261050","2024-10-13T00:00:00Z","Net 30","PO-408857","referenceinvoice-963918"
1708.321917,"billingaccount-405986","USD","2024-10-01T00:00:00Z","2024-09-01T00:00:00Z","Usage","2024-08-25T00:00:00Z","InvoiceDetailDescription 8758","{}","invoicedetail-984756","2024-10-02T00:00:00Z","invoice-221119","2024-10-02T00:00:00Z","Issued","Oracle","USD",7848.765731,"invoicedetail-984756","2024-10-15T00:00:00Z","Net 60","PO-612855","referenceinvoice-793150"
1848.812205,"billingaccount-499974","USD","2024-10-01T00:00:00Z","2024-09-01T00:00:00Z","Tax","2024-08-29T00:00:00Z","InvoiceDetailDescription 4056","{}","invoicedetail-567429","2024-10-11T00:00:00Z","invoice-146784","2024-10-06T00:00:00Z","Issued","Google","USD",4397.404229,"invoicedetail-567429","2024-10-25T00:00:00Z","Net 60","PO-337232","referenceinvoice-977740"
6674.684591,"billingaccount-189870","USD","2024-10-01T00:00:00Z","2024-09-01T00:00:00Z","Tax","2024-08-13T00:00:00Z","InvoiceDetailDescription 9871","{}","invoicedetail-534096","2024-10-01T00:00:00Z","invoice-893202","2024-10-03T00:00:00Z","Voided","Google","USD",2275.127586,"invoicedetail-534096","2024-11-01T00:00:00Z","Net 30","PO-981639","referenceinvoice-505910"
8816.538694,"billingaccount-599397","USD","2024-10-01T00:00:00Z","2024-09-01T00:00:00Z","Tax","2024-08-14T00:00:00Z","InvoiceDetailDescription 2293","{}","invoicedetail-513982","2024-10-11T00:00:00Z","invoice-995420","2024-10-05T00:00:00Z","Voided","Oracle","USD",347.284936,"invoicedetail-513982","2024-10-30T00:00:00Z","Due on receipt","PO-641922","referenceinvoice-939333"
9721.648783,"billingaccount-947732","USD","2024-10-01T00:00:00Z","2024-09-01T00:00:00Z","Purchase","2024-08-28T00:00:00Z","InvoiceDetailDescription 3067","{}","invoicedetail-144748","2024-10-08T00:00:00Z","invoice-543940","2024-10-03T00:00:00Z","Open","Microsoft","USD",9882.799363,"invoicedetail-144748","2024-10-15T00:00:00Z","Net 60","PO-311727","referenceinvoice-962520"
9141.739369,"billingaccount-170267","USD","2024-10-01T00:00:00Z","2024-09-01T00:00:00Z","Usage","2024-08-12T00:00:00Z","InvoiceDetailDescription 7358","{}","invoicedetail-683390","2024-10-05T00:00:00Z","invoice-516656","2024-10-04T00:00:00Z","Voided","Microsoft","USD",3261.268054,"invoicedetail-683390","2024-11-03T00:00:00Z","Net 60","PO-644932","referenceinvoice-580412"
1125.188426,"billingaccount-256911","USD","2024-10-01T00:00:00Z","2024-09-01T00:00:00Z","Purchase","2024-08-12T00:00:00Z","InvoiceDetailDescription 2641","{}","invoicedetail-210766","2024-10-10T00:00:00Z","invoice-690016","2024-10-06T00:00:00Z","Open","AWS","USD",7857.456303,"invoicedetail-210766","2024-10-26T00:00:00Z","Due on receipt","PO-460572","referenceinvoice-530849"
6089.62152,"billingaccount-139285","USD","2024-10-01T00:00:00Z","2024-09-01T00:00:00Z","Purchase","2024-08-19T00:00:00Z","InvoiceDetailDescription 5512","{}","invoicedetail-522548","2024-10-11T00:00:00Z","invoice-250840","2024-10-05T00:00:00Z","Voided","Google","USD",6086.552641,"invoicedetail-522548","2024-10-30T00:00:00Z","Due on receipt","PO-521233","referenceinvoice-140666"
4752.181912,"billingaccount-381631","USD","2024-10-01T00:00:00Z","2024-09-01T00:00:00Z","Tax","2024-08-21T00:00:00Z","InvoiceDetailDescription 1331","{}","invoicedetail-454278","2024-10-04T00:00:00Z","invoice-957091","2024-10-02T00:00:00Z","Issued","Oracle","USD",3109.492978,"invoicedetail-454278","2024-11-01T00:00:00Z","Net 60","PO-999924","referenceinvoice-830000"
4431.106133,"billingaccount-965938","USD","2024-10-01T00:00:00Z","2024-09-01T00:00:00Z","Tax","2024-08-24T00:00:00Z","InvoiceDetailDescription 5414","{}","invoicedetail-864201","2024-10-03T00:00:00Z","invoice-537017","2024-10-04T00:00:00Z","Voided","AWS","USD",6455.548114,"invoicedetail-864201","2024-11-03T00:00:00Z","Net 30","PO-563173","referenceinvoice-321659"
5152.697026,"billingaccount-266694","USD","2024-10-01T00:00:00Z","2024-09-01T00:00:00Z","Usage","2024-08-16T00:00:00Z","InvoiceDetailDescription 6097","{}","invoicedetail-844037","2024-10-09T00:00:00Z","invoice-631413","2024-10-04T00:00:00Z","Issued","Oracle","USD",1356.49821,"invoicedetail-844037","2024-10-12T00:00:00Z","Due on receipt","PO-696296","referenceinvoice-130354"
330.710445,"billingaccount-153015","USD","2024-10-01T00:00:00Z","2024-09-01T00:00:00Z","Tax","2024-08-25T00:00:00Z","InvoiceDetailDescription 4262","{}","invoicedetail-387286","2024-10-04T00:00:00Z","invoice-486244","2024-10-02T00:00:00Z","Issued","Microsoft","USD",5051.263749,"invoicedetail-387286","2024-10-16T00:00:00Z","Due on receipt","PO-229890","referenceinvoice-814263"
4461.034326,"billingaccount-597635","USD","2024-10-01T00:00:00Z","2024-09-01T00:00:00Z","Adjustment","2024-08-24T00:00:00Z","InvoiceDetailDescription 6730","{}","invoicedetail-460971","2024-10-06T00:00:00Z","invoice-271456","2024-10-05T00:00:00Z","Issued","AWS","USD",7489.611345,"invoicedetail-460971","2024-10-31T00:00:00Z","Due on receipt","PO-194782","referenceinvoice-398916"
7798.301351,"billingaccount-324729","USD","2024-10-01T00:00:00Z","2024-09-01T00:00:00Z","Purchase","2024-08-19T00:00:00Z","InvoiceDetailDescription 4688","{}","invoicedetail-810614","2024-10-01T00:00:00Z","invoice-316773","2024-10-03T00:00:00Z","Issued","AWS","USD",6515.873329,"invoicedetail-810614","2024-10-28T00:00:00Z","Due on receipt","PO-121026","referenceinvoice-918207"
8008.648083,"billingaccount-334639","USD","2024-10-01T00:00:00Z","2024-09-01T00:00:00Z","Tax","2024-08-16T00:00:00Z","InvoiceDetailDescription 6004","{}","invoicedetail-847362","2024-10-03T00:00:00Z","invoice-843826","2024-10-03T00:00:00Z","Voided","AWS","USD",2753.785582,"invoicedetail-847362","2024-10-29T00:00:00Z","Net 60","PO-992952","referenceinvoice-465648"
6771.961564,"billingaccount-964352","USD","2024-10-01T00:00:00Z","2024-09-01T00:00:00Z","Adjustment","2024-08-23T00:00:00Z","InvoiceDetailDescription 7506","{}","invoicedetail-712879","2024-10-04T00:00:00Z","invoice-207282","2024-10-05T00:00:00Z","Open","Oracle","USD",5115.137175,"invoicedetail-712879","2024-10-21T00:00:00Z","Due on receipt","PO-984247","referenceinvoice-980152"
2826.768778,"billingaccount-817659","USD","2024-10-01T00:00:00Z","2024-09-01T00:00:00Z","Usage","2024-08-14T00:00:00Z","InvoiceDetailDescription 8892","{}","invoicedetail-166938","2024-10-11T00:00:00Z","invoice-452618","2024-10-06T00:00:00Z","Issued","Google","USD",6405.947456,"invoicedetail-166938","2024-11-01T00:00:00Z","Net 60","PO-373832","referenceinvoice-787991"
8996.870447,"billingaccount-944554","USD","2024-10-01T00:00:00Z","2024-09-01T00:00:00Z","Adjustment","2024-08-25T00:00:00Z","InvoiceDetailDescription 7620","{}","invoicedetail-792616","2024-10-03T00:00:00Z","invoice-435109","2024-10-06T00:00:00Z","Voided","Google","USD",1399.295086,"invoicedetail-792616","2024-10-20T00:00:00Z","Net 30","PO-787237","referenceinvoice-621533"
7367.320957,"billingaccount-711344","USD","2024-10-01T00:00:00Z","2024-09-01T00:00:00Z","Adjustment","2024-08-23T00:00:00Z","InvoiceDetailDescription 4111","{}","invoicedetail-459836","2024-10-07T00:00:00Z","invoice-861842","2024-10-05T00:00:00Z","Voided","Google","USD",2223.63194,"invoicedetail-459836","2024-10-24T00:00:00Z","Due on receipt","PO-769320","referenceinvoice-923024"
8406.386946,"billingaccount-685365","USD","2024-10-01T00:00:00Z","2024-09-01T00:00:00Z","Purchase","2024-08-20T00:00:00Z","InvoiceDetailDescription 5813","{}","invoicedetail-202344","2024-10-09T00:00:00Z","invoice-593649","2024-10-04T00:00:00Z","Open","Oracle","USD",7409.188916,"invoicedetail-202344","2024-10-16T00:00:00Z","Due on receipt","PO-947609","referenceinvoice-686187"
3552.833961,"billingaccount-880360","USD","2024-10-01T00:00:00Z","2024-09-01T00:00:00Z","Tax","2024-08-21T00:00:00Z","InvoiceDetailDescription 7889","{}","invoicedetail-926372","2024-10-11T00:00:00Z","invoice-447411","2024-10-02T00:00:00Z","Issued","Microsoft","USD",2605.592354,"invoicedetail-926372","2024-10-16T00:00:00Z","Net 60","PO-586288","referenceinvoice-992562"
9443.00984,"billingaccount-174675","USD","2024-10-01T00:00:00Z","2024-09-01T00:00:00Z","Credit","2024-08-16T00:00:00Z","InvoiceDetailDescription 4187","{}","invoicedetail-624788","2024-10-01T00:00:00Z","invoice-225636","2024-10-06T00:00:00Z","Voided","AWS","USD",3816.692198,"invoicedetail-624788","2024-10-31T00:00:00Z","Net 60","PO-533174","referenceinvoice-156688"
9871.915994,"billingaccount-579798","USD","2024-10-01T00:00:00Z","2024-09-01T00:00:00Z","Purchase","2024-08-27T00:00:00Z","InvoiceDetailDescription 6183","{}","invoicedetail-850432","2024-10-04T00:00:00Z","invoice-289117","2024-10-04T00:00:00Z","Open","Microsoft","USD",4875.808457,"invoicedetail-850432","2024-10-24T00:00:00Z","Due on receipt","PO-285413","referenceinvoice-428638"
7611.932812,"billingaccount-276795","USD","2024-10-01T00:00:00Z","2024-09-01T00:00:00Z","Adjustment","2024-08-31T00:00:00Z","InvoiceDetailDescription 3595","{}","invoicedetail-613358","2024-10-08T00:00:00Z","invoice-923353","2024-10-04T00:00:00Z","Open","AWS","USD",1294.059576,"invoicedetail-613358","2024-10-17T00:00:00Z","Net 60","PO-764259","referenceinvoice-550268"
377.253185,"billingaccount-309100","USD","2024-10-01T00:00:00Z","2024-09-01T00:00:00Z","Tax","2024-08-18T00:00:00Z","InvoiceDetailDescription 1230","{}","invoicedetail-437864","2024-10-08T00:00:00Z","invoice-893612","2024-10-05T00:00:00Z","Voided","Oracle","USD",1905.767099,"invoicedetail-437864","2024-10-12T00:00:00Z","Due on receipt","PO-104324","referenceinvoice-757128"
1027.082233,"billingaccount-627786","USD","2024-10-01T00:00:00Z","2024-09-01T00:00:00Z","Adjustment","2024-08-24T00:00:00Z","InvoiceDetailDescription 6015","{}","invoicedetail-275133","2024-10-06T00:00:00Z","invoice-168458","2024-10-04T00:00:00Z","Open","Microsoft","USD",2982.022535,"invoicedetail-275133","2024-10-15T00:00:00Z","Net 60","PO-578073","referenceinvoice-863187"
9961.389147,"billingaccount-613989","USD","2024-10-01T00:00:00Z","2024-09-01T00:00:00Z","Tax","2024-08-18T00:00:00Z","InvoiceDetailDescription 4087","{}","invoicedetail-272892","2024-10-11T00:00:00Z","invoice-951452","2024-10-03T00:00:00Z","Issued","Google","USD",191.247331,"invoicedetail-272892","2024-10-20T00:00:00Z","Net 30","PO-862491","referenceinvoice-237579"
1231.619818,"billingaccount-845652","USD","2024-10-01T00:00:00Z","2024-09-01T00:00:00Z","Usage","2024-08-31T00:00:00Z","InvoiceDetailDescription 7147","{}","invoicedetail-771425","2024-10-10T00:00:00Z","invoice-368214","2024-10-06T00:00:00Z","Voided","Microsoft","USD",6231.347773,"invoicedetail-771425","2024-10-18T00:00:00Z","Due on receipt","PO-150290","referenceinvoice-794125"
4443.142889,"billingaccount-229598","USD","2024-10-01T00:00:00Z","2024-09-01T00:00:00Z","Adjustment","2024-08-31T00:00:00Z","InvoiceDetailDescription 5140","{}","invoicedetail-597440","2024-10-01T00:00:00Z","invoice-835962","2024-10-02T00:00:00Z","Open","AWS","USD",2054.949157,"invoicedetail-597440","2024-10-22T00:00:00Z","Due on receipt","PO-760929","referenceinvoice-109756"
5203.092342,"billingaccount-753050","USD","2024-10-01T00:00:00Z","2024-09-01T00:00:00Z","Adjustment","2024-08-18T00:00:00Z","InvoiceDetailDescription 3247","{}","invoicedetail-539170","2024-10-11T00:00:00Z","invoice-971002","2024-10-02T00:00:00Z","Open","Google","USD",5115.847865,"invoicedetail-539170","2024-10-30T00:00:00Z","Due on receipt","PO-223453","referenceinvoice-396439"
1997.493861,"billingaccount-375769","USD","2024-10-01T00:00:00Z","2024-09-01T00:00:00Z","Adjustment","2024-08-28T00:00:00Z","InvoiceDetailDescription 4304","{}","invoicedetail-475308","2024-10-08T00:00:00Z","invoice-837606","2024-10-03T00:00:00Z","Issued","AWS","USD",2953.51201,"invoicedetail-475308","2024-10-29T00:00:00Z","Net 30","PO-674765","referenceinvoice-620465"
127.494013,"billingaccount-193326","USD","2024-10-01T00:00:00Z","2024-09-01T00:00:00Z","Usage","2024-08-16T00:00:00Z","InvoiceDetailDescription 9095","{}","invoicedetail-256389","2024-10-06T00:00:00Z","invoice-194458","2024-10-03T00:00:00Z","Voided","Microsoft","USD",750.482136,"invoicedetail-256389","2024-10-10T00:00:00Z","Due on receipt","PO-206210","referenceinvoice-368322"
500.801958,"billingaccount-952679","USD","2024-10-01T00:00:00Z","2024-09-01T00:00:00Z","Purchase","2024-08-17T00:00:00Z","InvoiceDetailDescription 1646","{}","invoicedetail-993647","2024-10-05T00:00:00Z","invoice-404681","2024-10-04T00:00:00Z","Issued","Microsoft","USD",8015.961027,"invoicedetail-993647","2024-10-25T00:00:00Z","Net 60","PO-546688","referenceinvoice-874415"
6633.550275,"billingaccount-278795","USD","2024-10-01T00:00:00Z","2024-09-01T00:00:00Z","Tax","2024-08-28T00:00:00Z","InvoiceDetailDescription 6857","{}","invoicedetail-558976","2024-10-01T00:00:00Z","invoice-752011","2024-10-02T00:00:00Z","Issued","AWS","USD",8784.755374,"invoicedetail-558976","2024-10-13T00:00:00Z","Net 30","PO-490722","referenceinvoice-954551"
9623.099301,"billingaccount-385037","USD","2024-10-01T00:00:00Z","2024-09-01T00:00:00Z","Credit","2024-08-26T00:00:00Z","InvoiceDetailDescription 8835","{}","invoicedetail-938754","2024-10-02T00:00:00Z","invoice-542226","2024-10-05T00:00:00Z","Voided","Google","USD",8861.238867,"invoicedetail-938754","2024-10-24T00:00:00Z","Net 30","PO-218548","referenceinvoice-238948"
4826.748505,"billingaccount-696580","USD","2024-10-01T00:00:00Z","2024-09-01T00:00:00Z","Credit","2024-08-26T00:00:00Z","InvoiceDetailDescription 3969","{}","invoicedetail-741018","2024-10-02T00:00:00Z","invoice-498197","2024-10-05T00:00:00Z","Issued","AWS","USD",6113.584193,"invoicedetail-741018","2024-10-30T00:00:00Z","Due on receipt","PO-979269","referenceinvoice-862606"
4406.878803,"billingaccount-166412","USD","2024-10-01T00:00:00Z","2024-09-01T00:00:00Z","Tax","2024-08-16T00:00:00Z","InvoiceDetailDescription 6148","{}","invoicedetail-112960","2024-10-08T00:00:00Z","invoice-838793","2024-10-02T00:00:00Z","Voided","Microsoft","USD",5248.17912,"invoicedetail-112960","2024-10-22T00:00:00Z","Due on receipt","PO-704660","referenceinvoice-858931"
7005.801843,"billingaccount-199868","USD","2024-10-01T00:00:00Z","2024-09-01T00:00:00Z","Credit","2024-08-21T00:00:00Z","InvoiceDetailDescription 5072","{}","invoicedetail-605339","2024-10-09T00:00:00Z","invoice-462544","2024-10-06T00:00:00Z","Voided","Microsoft","USD",6762.955684,"invoicedetail-605339","2024-11-04T00:00:00Z","Net 60","PO-255875","referenceinvoice-979789"
8488.455748,"billingaccount-993251","USD","2024-10-01T00:00:00Z","2024-09-01T00:00:00Z","Credit","2024-08-31T00:00:00Z","InvoiceDetailDescription 3709","{}","invoicedetail-178501","2024-10-11T00:00:00Z","invoice-887931","2024-10-03T00:00:00Z","Issued","AWS","USD",3206.338155,"invoicedetail-178501","2024-10-26T00:00:00Z","Net 60","PO-391668","referenceinvoice-152796"
8171.033057,"billingaccount-182659","USD","2024-10-01T00:00:00Z","2024-09-01T00:00:00Z","Credit","2024-08-14T00:00:00Z","InvoiceDetailDescription 8277","{}","invoicedetail-940183","2024-10-11T00:00:00Z","invoice-700870","2024-10-05T00:00:00Z","Issued","Microsoft","USD",880.198617,"invoicedetail-940183","2024-10-24T00:00:00Z","Net 60","PO-568784","referenceinvoice-431414"
4034.39659,"billingaccount-137572","USD","2024-10-01T00:00:00Z","2024-09-01T00:00:00Z","Adjustment","2024-08-16T00:00:00Z","InvoiceDetailDescription 9996","{}","invoicedetail-100177","2024-10-11T00:00:00Z","invoice-966028","2024-10-02T00:00:00Z","Open","AWS","USD",7917.832852,"invoicedetail-100177","2024-10-12T00:00:00Z","Due on receipt","PO-768507","referenceinvoice-419394"
8165.886866,"billingaccount-985331","USD","2024-10-01T00:00:00Z","2024-09-01T00:00:00Z","Credit","2024-08-17T00:00:00Z","InvoiceDetailDescription 6439","{}","invoicedetail-687360","2024-10-06T00:00:00Z","invoice-904694","2024-10-04T00:00:00Z","Voided","Microsoft","USD",5999.511516,"invoicedetail-687360","2024-10-12T00:00:00Z","Due on receipt","PO-789089","referenceinvoice-480941"
3413.571146,"billingaccount-970196","USD","2024-10-01T00:00:00Z","2024-09-01T00:00:00Z","Tax","2024-08-28T00:00:00Z","InvoiceDetailDescription 9973","{}","invoicedetail-647341","2024-10-02T00:00:00Z","invoice-492052","2024-10-03T00:00:00Z","Voided","Oracle","USD",1063.222292,"invoicedetail-647341","2024-10-10T00:00:00Z","Net 30","PO-616342","referenceinvoice-247271"
1875.434005,"billingaccount-993590","USD","2024-10-01T00:00:00Z","2024-09-01T00:00:00Z","Credit","2024-08-28T00:00:00Z","InvoiceDetailDescription 4532","{}","invoicedetail-579247","2024-10-05T00:00:00Z","invoice-964607","2024-10-06T00:00:00Z","Open","Oracle","USD",7167.879145,"invoicedetail-579247","2024-10-19T00:00:00Z","Net 30","PO-893928","referenceinvoice-534603"
6584.56695,"billingaccount-628689","USD","2024-10-01T00:00:00Z","2024-09-01T00:00:00Z","Purchase","2024-08-13T00:00:00Z","InvoiceDetailDescription 9172","{}","invoicedetail-104548","2024-10-02T00:00:00Z","invoice-656127","2024-10-05T00:00:00Z","Voided","AWS","USD",485.716056,"invoicedetail-104548","2024-10-26T00:00:00Z","Net 60","PO-979562","referenceinvoice-713543"
7304.946617,"billingaccount-234618","USD","2024-10-01T00:00:00Z","2024-09-01T00:00:00Z","Usage","2024-08-15T00:00:00Z","InvoiceDetailDescription 7347","{}","invoicedetail-789461","2024-10-03T00:00:00Z","invoice-729718","2024-10-06T00:00:00Z","Voided","Oracle","USD",8826.958636,"invoicedetail-789461","2024-10-18T00:00:00Z","Due on receipt","PO-503348","referenceinvoice-539001"
4528.457061,"billingaccount-239850","USD","2024-10-01T00:00:00Z","2024-09-01T00:00:00Z","Purchase","2024-08-23T00:00:00Z","InvoiceDetailDescription 7762","{}","invoicedetail-731792","2024-10-07T00:00:00Z","invoice-834018","2024-10-04T00:00:00Z","Voided","Microsoft","USD",5122.946225,"invoicedetail-731792","2024-10-20T00:00:00Z","Due on receipt","PO-674416","referenceinvoice-429159"
2905.794955,"billingaccount-462066","USD","2024-10-01T00:00:00Z","2024-09-01T00:00:00Z","Purchase","2024-08-25T00:00:00Z","InvoiceDetailDescription 3913","{}","invoicedetail-628370","2024-10-04T00:00:00Z","invoice-668843","2024-10-06T00:00:00Z","Voided","Microsoft","USD",6368.774349,"invoicedetail-628370","2024-11-04T00:00:00Z","Due on receipt","PO-221011","referenceinvoice-897730"
9426.736509,"billingaccount-844618","USD","2024-10-01T00:00:00Z","2024-09-01T00:00:00Z","Credit","2024-08-14T00:00:00Z","InvoiceDetailDescription 9747","{}","invoicedetail-399817","2024-10-08T00:00:00Z","invoice-988459","2024-10-06T00:00:00Z","Issued","Google","USD",8083.047793,"invoicedetail-399817","2024-10-31T00:00:00Z","Due on receipt","PO-211642","referenceinvoice-126499"
2669.782694,"billingaccount-923690","USD","2024-10-01T00:00:00Z","2024-09-01T00:00:00Z","Purchase","2024-08-27T00:00:00Z","InvoiceDetailDescription 5695","{}","invoicedetail-816586","2024-10-01T00:00:00Z","invoice-362732","2024-10-02T00:00:00Z","Open","Oracle","USD",8393.818145,"invoicedetail-816586","2024-10-15T00:00:00Z","Due on receipt","PO-922458","referenceinvoice-409477"
1024.800063,"billingaccount-808340","USD","2024-10-01T00:00:00Z","2024-09-01T00:00:00Z","Adjustment","2024-08-14T00:00:00Z","InvoiceDetailDescription 4675","{}","invoicedetail-878476","2024-10-01T00:00:00Z","invoice-778553","2024-10-04T00:00:00Z","Voided","Microsoft","USD",3888.866621,"invoicedetail-878476","2024-10-25T00:00:00Z","Due on receipt","PO-922405","referenceinvoice-935540"
9567.0197,"billingaccount-818430","USD","2024-10-01T00:00:00Z","2024-09-01T00:00:00Z","Tax","2024-08-30T00:00:00Z","InvoiceDetailDescription 1881","{}","invoicedetail-113595","2024-10-07T00:00:00Z","invoice-879794","2024-10-05T00:00:00Z","Issued","Google","USD",2030.872227,"invoicedetail-113595","2024-10-25T00:00:00Z","Net 60","PO-970300","referenceinvoice-336504"
7761.467451,"billingaccount-302897","USD","2024-10-01T00:00:00Z","2024-09-01T00:00:00Z","Tax","2024-08-13T00:00:00Z","InvoiceDetailDescription 8353","{}","invoicedetail-286044","2024-10-09T00:00:00Z","invoice-815819","2024-10-06T00:00:00Z","Open","Google","USD",1869.765815,"invoicedetail-286044","2024-10-19T00:00:00Z","Net 30","PO-870786","referenceinvoice-638807"
5565.986206,"billingaccount-236384","USD","2024-10-01T00:00:00Z","2024-09-01T00:00:00Z","Purchase","2024-08-19T00:00:00Z","InvoiceDetailDescription 5178","{}","invoicedetail-105919","2024-10-01T00:00:00Z","invoice-446620","2024-10-05T00:00:00Z","Issued","AWS","USD",7096.892963,"invoicedetail-105919","2024-10-20T00:00:00Z","Net 30","PO-141880","referenceinvoice-261169"
3011.548183,"billingaccount-928278","USD","2024-10-01T00:00:00Z","2024-09-01T00:00:00Z","Adjustment","2024-08-12T00:00:00Z","InvoiceDetailDescription 6866","{}","invoicedetail-176421","2024-10-01T00:00:00Z","invoice-922116","2024-10-06T00:00:00Z","Voided","Google","USD",3178.590054,"invoicedetail-176421","2024-11-03T00:00:00Z","Net 30","PO-292800","referenceinvoice-645895"
5370.359525,"billingaccount-196411","USD","2024-10-01T00:00:00Z","2024-09-01T00:00:00Z","Tax","2024-08-15T00:00:00Z","InvoiceDetailDescription 4624","{}","invoicedetail-323717","2024-10-03T00:00:00Z","invoice-795556","2024-10-05T00:00:00Z","Issued","AWS","USD",3310.665366,"invoicedetail-323717","2024-10-29T00:00:00Z","Net 60","PO-329056","referenceinvoice-889216"
6689.38468,"billingaccount-567315","USD","2024-10-01T00:00:00Z","2024-09-01T00:00:00Z","Purchase","2024-08-14T00:00:00Z","InvoiceDetailDescription 4994","{}","invoicedetail-141814","2024-10-11T00:00:00Z","invoice-815706","2024-10-02T00:00:00Z","Issued","Oracle","USD",3813.726076,"invoicedetail-141814","2024-10-12T00:00:00Z","Net 30","PO-504620","referenceinvoice-369054"
8028.167375,"billingaccount-567200","USD","2024-10-01T00:00:00Z","2024-09-01T00:00:00Z","Credit","2024-08-31T00:00:00Z","InvoiceDetailDescription 1718","{}","invoicedetail-410833","2024-10-09T00:00:00Z","invoice-783176","2024-10-04T00:00:00Z","Open","Google","USD",3203.127571,"invoicedetail-410833","2024-10-27T00:00:00Z","Net 30","PO-200617","referenceinvoice-275526"
4242.094519,"billingaccount-208975","USD","2024-10-01T00:00:00Z","2024-09-01T00:00:00Z","Purchase","2024-08-29T00:00:00Z","InvoiceDetailDescription 9810","{}","invoicedetail-969005","2024-10-04T00:00:00Z","invoice-836879","2024-10-03T00:00:00Z","Voided","AWS","USD",7752.067405,"invoicedetail-969005","2024-10-31T00:00:00Z","Due on receipt","PO-956429","referenceinvoice-175623"
875.208979,"billingaccount-156904","USD","2024-10-01T00:00:00Z","2024-09-01T00:00:00Z","Purchase","2024-08-31T00:00:00Z","InvoiceDetailDescription 5127","{}","invoicedetail-685193","2024-10-08T00:00:00Z","invoice-173863","2024-10-04T00:00:00Z","Voided","Microsoft","USD",8216.193186,"invoicedetail-685193","2024-10-12T00:00:00Z","Net 60","PO-527433","referenceinvoice-506881"
3895.018672,"billingaccount-224052","USD","2024-10-01T00:00:00Z","2024-09-01T00:00:00Z","Adjustment","2024-08-19T00:00:00Z","InvoiceDetailDescription 1096","{}","invoicedetail-772580","2024-10-07T00:00:00Z","invoice-855274","2024-10-04T00:00:00Z","Voided","Oracle","USD",632.375908,"invoicedetail-772580","2024-10-11T00:00:00Z","Due on receipt","PO-714054","referenceinvoice-147727"
7868.918977,"billingaccount-415989","USD","2024-10-01T00:00:00Z","2024-09-01T00:00:00Z","Adjustment","2024-08-20T00:00:00Z","InvoiceDetailDescription 2417","{}","invoicedetail-395192","2024-10-09T00:00:00Z","invoice-902448","2024-10-02T00:00:00Z","Issued","AWS","USD",3814.135745,"invoicedetail-395192","2024-10-18T00:00:00Z","Due on receipt","PO-132316","referenceinvoice-597012"
3909.925654,"billingaccount-936223","USD","2024-10-01T00:00:00Z","2024-09-01T00:00:00Z","Adjustment","2024-08-14T00:00:00Z","InvoiceDetailDescription 5832","{}","invoicedetail-764845","2024-10-04T00:00:00Z","invoice-251074","2024-10-03T00:00:00Z","Issued","Microsoft","USD",6772.890455,"invoicedetail-764845","2024-11-02T00:00:00Z","Due on receipt","PO-779414","referenceinvoice-491255"
417.731405,"billingaccount-700538","USD","2024-10-01T00:00:00Z","2024-09-01T00:00:00Z","Adjustment","2024-08-14T00:00:00Z","InvoiceDetailDescription 7456","{}","invoicedetail-663244","2024-10-09T00:00:00Z","invoice-674122","2024-10-03T00:00:00Z","Open","AWS","USD",3046.911523,"invoicedetail-663244","2024-10-13T00:00:00Z","Due on receipt","PO-877446","referenceinvoice-861200"
1609.543576,"billingaccount-331512","USD","2024-10-01T00:00:00Z","2024-09-01T00:00:00Z","Adjustment","2024-08-25T00:00:00Z","InvoiceDetailDescription 5140","{}","invoicedetail-303765","2024-10-07T00:00:00Z","invoice-220190","2024-10-06T00:00:00Z","Open","Google","USD",6709.779114,"invoicedetail-303765","2024-10-17T00:00:00Z","Due on receipt","PO-993650","referenceinvoice-157030"
673.627574,"billingaccount-202972","USD","2024-10-01T00:00:00Z","2024-09-01T00:00:00Z","Purchase","2024-08-14T00:00:00Z","InvoiceDetailDescription 8982","{}","invoicedetail-446922","2024-10-02T00:00:00Z","invoice-474486","2024-10-04T00:00:00Z","Open","Oracle","USD",6712.955658,"invoicedetail-446922","2024-11-01T00:00:00Z","Net 30","PO-204904","referenceinvoice-398987"
3283.460782,"billingaccount-791454","USD","2024-10-01T00:00:00Z","2024-09-01T00:00:00Z","Tax","2024-08-25T00:00:00Z","InvoiceDetailDescription 3496","{}","invoicedetail-693024","2024-10-06T00:00:00Z","invoice-694397","2024-10-05T00:00:00Z","Issued","AWS","USD",8076.997646,"invoicedetail-693024","2024-10-26T00:00:00Z","Net 60","PO-276831","referenceinvoice-105066"
8401.100588,"billingaccount-240829","USD","2024-10-01T00:00:00Z","2024-09-01T00:00:00Z","Tax","2024-08-24T00:00:00Z","InvoiceDetailDescription 8863","{}","invoicedetail-585331","2024-10-04T00:00:00Z","invoice-566991","2024-10-05T00:00:00Z","Issued","Google","USD",7747.669615,"invoicedetail-585331","2024-10-20T00:00:00Z","Net 60","PO-678469","referenceinvoice-214119"
8912.970389,"billingaccount-305973","USD","2024-10-01T00:00:00Z","2024-09-01T00:00:00Z","Tax","2024-08-12T00:00:00Z","InvoiceDetailDescription 2252","{}","invoicedetail-862760","2024-10-02T00:00:00Z","invoice-179062","2024-10-04T00:00:00Z","Open","Microsoft","USD",8495.872729,"invoicedetail-862760","2024-10-15T00:00:00Z","Due on receipt","PO-132709","referenceinvoice-952117"
2606.163214,"billingaccount-665892","USD","2024-10-01T00:00:00Z","2024-09-01T00:00:00Z","Credit","2024-08-13T00:00:00Z","InvoiceDetailDescription 3435","{}","invoicedetail-483588","2024-10-04T00:00:00Z","invoice-511564","2024-10-02T00:00:00Z","Open","Oracle","USD",8914.375437,"invoicedetail-483588","2024-10-26T00:00:00Z","Due on receipt","PO-868844","referenceinvoice-998801"
905.540243,"billingaccount-481540","USD","2024-10-01T00:00:00Z","2024-09-01T00:00:00Z","Adjustment","2024-08-27T00:00:00Z","InvoiceDetailDescription 1173","{}","invoicedetail-794868","2024-10-08T00:00:00Z","invoice-350484","2024-10-06T00:00:00Z","Voided","Google","USD",6841.616568,"invoicedetail-794868","2024-10-29T00:00:00Z","Due on receipt","PO-247189","referenceinvoice-567896"
8721.951542,"billingaccount-253300","USD","2024-10-01T00:00:00Z","2024-09-01T00:00:00Z","Credit","2024-08-26T00:00:00Z","InvoiceDetailDescription 6878","{}","invoicedetail-142383","2024-10-10T00:00:00Z","invoice-329448","2024-10-06T00:00:00Z","Issued","Microsoft","USD",2317.499076,"invoicedetail-142383","2024-11-03T00:00:00Z","Net 60","PO-487380","referenceinvoice-345386"
4696.74229,"billingaccount-576728","USD","2024-10-01T00:00:00Z","2024-09-01T00:00:00Z","Usage","2024-08-25T00:00:00Z","InvoiceDetailDescription 1653","{}","invoicedetail-780027","2024-10-09T00:00:00Z","invoice-439813","2024-10-04T00:00:00Z","Open","AWS","USD",7037.362528,"invoicedetail-780027","2024-10-23T00:00:00Z","Due on receipt","PO-764343","referenceinvoice-969948"
1738.498164,"billingaccount-785428","USD","2024-10-01T00:00:00Z","2024-09-01T00:00:00Z","Credit","2024-08-23T00:00:00Z","InvoiceDetailDescription 6985","{}","invoicedetail-716225","2024-10-10T00:00:00Z","invoice-785073","2024-10-06T00:00:00Z","Open","Google","USD",5166.628976,"invoicedetail-716225","2024-10-31T00:00:00Z","Net 60","PO-333726","referenceinvoice-641455"
8871.719435,"billingaccount-106918","USD","2024-10-01T00:00:00Z","2024-09-01T00:00:00Z","Adjustment","2024-08-20T00:00:00Z","InvoiceDetailDescription 3276","{}","invoicedetail-561267","2024-10-06T00:00:00Z","invoice-273650","2024-10-05T00:00:00Z","Open","Oracle","USD",770.882257,"invoicedetail-561267","2024-10-27T00:00:00Z","Due on receipt","PO-394450","referenceinvoice-321791"
7173.027085,"billingaccount-224078","USD","2024-10-01T00:00:00Z","2024-09-01T00:00:00Z","Purchase","2024-08-26T00:00:00Z","InvoiceDetailDescription 7793","{}","invoicedetail-950576","2024-10-03T00:00:00Z","invoice-446265","2024-10-04T00:00:00Z","Voided","Microsoft","USD",1133.386976,"invoicedetail-950576","2024-10-30T00:00:00Z","Due on receipt","PO-602073","referenceinvoice-602290"
2436.703074,"billingaccount-234097","USD","2024-10-01T00:00:00Z","2024-09-01T00:00:00Z","Adjustment","2024-08-13T00:00:00Z","InvoiceDetailDescription 3639","{}","invoicedetail-241268","2024-10-03T00:00:00Z","invoice-760120","2024-10-05T00:00:00Z","Voided","Microsoft","USD",391.908652,"invoicedetail-241268","2024-10-12T00:00:00Z","Due on receipt","PO-253999","referenceinvoice-158627"
5993.575228,"billingaccount-690982","USD","2024-10-01T00:00:00Z","2024-09-01T00:00:00Z","Usage","2024-08-23T00:00:00Z","InvoiceDetailDescription 5644","{}","invoicedetail-189913","2024-10-03T00:00:00Z","invoice-327114","2024-10-06T00:00:00Z","Issued","Microsoft","USD",6065.258979,"invoicedetail-189913","2024-10-25T00:00:00Z","Net 60","PO-605065","referenceinvoice-278852"
8204.531801,"billingaccount-290719","USD","2024-10-01T00:00:00Z","2024-09-01T00:00:00Z","Adjustment","2024-08-18T00:00:00Z","InvoiceDetailDescription 9369","{}","invoicedetail-377370","2024-10-10T00:00:00Z","invoice-275868","2024-10-03T00:00:00Z","Voided","Microsoft","USD",6855.911638,"invoicedetail-377370","2024-10-28T00:00:00Z","Net 60","PO-725510","referenceinvoice-719284"
1085.701139,"billingaccount-312177","USD","2024-10-01T00:00:00Z","2024-09-01T00:00:00Z","Adjustment","2024-08-24T00:00:00Z","InvoiceDetailDescription 9263","{}","invoicedetail-817611","2024-10-07T00:00:00Z","invoice-540186","2024-10-05T00:00:00Z","Open","AWS","USD",6055.110179,"invoicedetail-817611","2024-10-16T00:00:00Z","Net 30","PO-598985","referenceinvoice-744610"
4822.409351,"billingaccount-236659","USD","2024-10-01T00:00:00Z","2024-09-01T00:00:00Z","Adjustment","2024-08-14T00:00:00Z","InvoiceDetailDescription 9835","{}","invoicedetail-967719","2024-10-09T00:00:00Z","invoice-101258","2024-10-02T00:00:00Z","Voided","AWS","USD",6492.317351,"invoicedetail-967719","2024-10-11T00:00:00Z","Due on receipt","PO-541119","referenceinvoice-488368"
7895.555852,"billingaccount-499755","USD","2024-10-01T00:00:00Z","2024-09-01T00:00:00Z","Tax","2024-08-15T00:00:00Z","InvoiceDetailDescription 2600","{}","invoicedetail-546157","2024-10-07T00:00:00Z","invoice-240386","2024-10-03T00:00:00Z","Issued","AWS","USD",4771.41237,"invoicedetail-546157","2024-10-25T00:00:00Z","Net 30","PO-187889","referenceinvoice-397026"
7436.456814,"billingaccount-107459","USD","2024-10-01T00:00:00Z","2024-09-01T00:00:00Z","Adjustment","2024-08-23T00:00:00Z","InvoiceDetailDescription 9561","{}","invoicedetail-223552","2024-10-04T00:00:00Z","invoice-645009","2024-10-02T00:00:00Z","Open","Oracle","USD",3750.298817,"invoicedetail-223552","2024-10-31T00:00:00Z","Net 30","PO-821175","referenceinvoice-943356"
4260.715891,"billingaccount-713805","USD","2024-10-01T00:00:00Z","2024-09-01T00:00:00Z","Tax","2024-08-18T00:00:00Z","InvoiceDetailDescription 5281","{}","invoicedetail-996508","2024-10-06T00:00:00Z","invoice-662146","2024-10-02T00:00:00Z","Issued","Google","USD",5646.702376,"invoicedetail-996508","2024-10-13T00:00:00Z","Due on receipt","PO-388946","referenceinvoice-813666"
4824.67757,"billingaccount-488196","USD","2024-10-01T00:00:00Z","2024-09-01T00:00:00Z","Adjustment","2024-08-25T00:00:00Z","InvoiceDetailDescription 8925","{}","invoicedetail-366105","2024-10-07T00:00:00Z","invoice-421549","2024-10-06T00:00:00Z","Voided","Oracle","USD",3443.563042,"invoicedetail-366105","2024-10-30T00:00:00Z","Due on receipt","PO-517469","referenceinvoice-871523"
9492.451784,"billingaccount-205149","USD","2024-10-01T00:00:00Z","2024-09-01T00:00:00Z","Purchase","2024-08-28T00:00:00Z","InvoiceDetailDescription 9328","{}","invoicedetail-520018","2024-10-04T00:00:00Z","invoice-924265","2024-10-05T00:00:00Z","Issued","Microsoft","USD",8008.537334,"invoicedetail-520018","2024-11-03T00:00:00Z","Due on receipt","PO-830917","referenceinvoice-817817"
8232.554655,"billingaccount-594580","USD","2024-10-01T00:00:00Z","2024-09-01T00:00:00Z","Adjustment","2024-08-26T00:00:00Z","InvoiceDetailDescription 8133","{}","invoicedetail-192422","2024-10-07T00:00:00Z","invoice-167193","2024-10-02T00:00:00Z","Issued","AWS","USD",2217.702446,"invoicedetail-192422","2024-10-11T00:00:00Z","Net 30","PO-738613","referenceinvoice-139589"
7116.058317,"billingaccount-726495","USD","2024-10-01T00:00:00Z","2024-09-01T00:00:00Z","Usage","2024-08-19T00:00:00Z","InvoiceDetailDescription 3871","{}","invoicedetail-771394","2024-10-10T00:00:00Z","invoice-618382","2024-10-06T00:00:00Z","Issued","Oracle","USD",107.103974,"invoicedetail-771394","2024-10-22T00:00:00Z","Due on receipt","PO-942960","referenceinvoice-643323"
5158.136316,"billingaccount-342924","USD","2024-10-01T00:00:00Z","2024-09-01T00:00:00Z","Adjustment","2024-08-25T00:00:00Z","InvoiceDetailDescription 3776","{}","invoicedetail-806765","2024-10-01T00:00:00Z","invoice-137812","2024-10-06T00:00:00Z","Issued","Google","USD",2392.566253,"invoicedetail-806765","2024-10-29T00:00:00Z","Net 30","PO-265092","referenceinvoice-191061"
5860.801652,"billingaccount-642892","USD","2024-10-01T00:00:00Z","2024-09-01T00:00:00Z","Usage","2024-08-19T00:00:00Z","InvoiceDetailDescription 2124","{}","invoicedetail-194545","2024-10-06T00:00:00Z","invoice-676289","2024-10-05T00:00:00Z","Issued","Google","USD",7261.387097,"invoicedetail-194545","2024-10-24T00:00:00Z","Due on receipt","PO-711248","referenceinvoice-465004"
4547.590087,"billingaccount-523579","USD","2024-10-01T00:00:00Z","2024-09-01T00:00:00Z","Adjustment","2024-08-23T00:00:00Z","InvoiceDetailDescription 1076","{}","invoicedetail-373791","2024-10-04T00:00:00Z","invoice-283537","2024-10-06T00:00:00Z","Issued","Google","USD",5062.380963,"invoicedetail-373791","2024-10-19T00:00:00Z","Due on receipt","PO-175902","referenceinvoice-627611"
8761.130462,"billingaccount-952646","USD","2024-10-01T00:00:00Z","2024-09-01T00:00:00Z","Adjustment","2024-08-21T00:00:00Z","InvoiceDetailDescription 5098","{}","invoicedetail-827912","2024-10-02T00:00:00Z","invoice-564276","2024-10-06T00:00:00Z","Issued","Google","USD",5631.686038,"invoicedetail-827912","2024-10-21T00:00:00Z","Net 30","PO-894268","referenceinvoice-456160"
1162.683014,"billingaccount-170835","USD","2024-10-01T00:00:00Z","2024-09-01T00:00:00Z","Credit","2024-08-17T00:00:00Z","InvoiceDetailDescription 4610","{}","invoicedetail-809794","2024-10-10T00:00:00Z","invoice-835236","2024-10-02T00:00:00Z","Open","Oracle","USD",8001.613938,"invoicedetail-809794","2024-10-24T00:00:00Z","Net 60","PO-470248","referenceinvoice-641593"
3989.306366,"billingaccount-885161","USD","2024-10-01T00:00:00Z","2024-09-01T00:00:00Z","Tax","2024-08-23T00:00:00Z","InvoiceDetailDescription 2245","{}","invoicedetail-681489","2024-10-04T00:00:00Z","invoice-287155","2024-10-04T00:00:00Z","Issued","AWS","USD",3138.727796,"invoicedetail-681489","2024-10-13T00:00:00Z","Net 30","PO-701581","referenceinvoice-382146"
7354.290652,"billingaccount-378297","USD","2024-10-01T00:00:00Z","2024-09-01T00:00:00Z","Purchase","2024-08-25T00:00:00Z","InvoiceDetailDescription 4755","{}","invoicedetail-312616","2024-10-08T00:00:00Z","invoice-975498","2024-10-03T00:00:00Z","Open","Microsoft","USD",8363.3471,"invoicedetail-312616","2024-10-17T00:00:00Z","Net 60","PO-263573","referenceinvoice-916776"
66.236762,"billingaccount-998723","USD","2024-10-01T00:00:00Z","2024-09-01T00:00:00Z","Adjustment","2024-08-28T00:00:00Z","InvoiceDetailDescription 1692","{}","invoicedetail-989203","2024-10-02T00:00:00Z","invoice-605719","2024-10-05T00:00:00Z","Issued","AWS","USD",6206.674748,"invoicedetail-989203","2024-10-31T00:00:00Z","Net 60","PO-702427","referenceinvoice-388078"
2220.927831,"billingaccount-704677","USD","2024-10-01T00:00:00Z","2024-09-01T00:00:00Z","Purchase","2024-08-26T00:00:00Z","InvoiceDetailDescription 1887","{}","invoicedetail-651273","2024-10-09T00:00:00Z","invoice-938095","2024-10-04T00:00:00Z","Issued","Oracle","USD",4783.200766,"invoicedetail-651273","2024-10-23T00:00:00Z","Due on receipt","PO-134144","referenceinvoice-626883"
9765.071952,"billingaccount-832162","USD","2024-10-01T00:00:00Z","2024-09-01T00:00:00Z","Adjustment","2024-08-19T00:00:00Z","InvoiceDetailDescription 8537","{}","invoicedetail-430984","2024-10-11T00:00:00Z","invoice-822689","2024-10-03T00:00:00Z","Open","Google","USD",118.199786,"invoicedetail-430984","2024-10-24T00:00:00Z","Net 30","PO-497859","referenceinvoice-709231"
1871.52442,"billingaccount-375617","USD","2024-10-01T00:00:00Z","2024-09-01T00:00:00Z","Purchase","2024-08-21T00:00:00Z","InvoiceDetailDescription 5413","{}","invoicedetail-594241","2024-10-06T00:00:00Z","invoice-742865","2024-10-06T00:00:00Z","Issued","AWS","USD",3659.241511,"invoicedetail-594241","2024-10-21T00:00:00Z","Net 60","PO-544536","referenceinvoice-320759"
4507.289915,"billingaccount-699166","USD","2024-10-01T00:00:00Z","2024-09-01T00:00:00Z","Purchase","2024-08-20T00:00:00Z","InvoiceDetailDescription 4744","{}","invoicedetail-953740","2024-10-06T00:00:00Z","invoice-204721","2024-10-05T00:00:00Z","Voided","Oracle","USD",2699.491069,"invoicedetail-953740","2024-10-20T00:00:00Z","Net 30","PO-682316","referenceinvoice-553214"
8056.683616,"billingaccount-285186","USD","2024-10-01T00:00:00Z","2024-09-01T00:00:00Z","Credit","2024-08-25T00:00:00Z","InvoiceDetailDescription 9185","{}","invoicedetail-241003","2024-10-03T00:00:00Z","invoice-990649","2024-10-03T00:00:00Z","Voided","Oracle","USD",5170.069749,"invoicedetail-241003","2024-10-25T00:00:00Z","Due on receipt","PO-431064","referenceinvoice-923481"
477.093041,"billingaccount-203782","USD","2024-10-01T00:00:00Z","2024-09-01T00:00:00Z","Purchase","2024-08-22T00:00:00Z","InvoiceDetailDescription 1983","{}","invoicedetail-325933","2024-10-05T00:00:00Z","invoice-953350","2024-10-06T00:00:00Z","Issued","Oracle","USD",4765.394244,"invoicedetail-325933","2024-10-31T00:00:00Z","Due on receipt","PO-200979","referenceinvoice-571706"
5574.914882,"billingaccount-949363","USD","2024-10-01T00:00:00Z","2024-09-01T00:00:00Z","Tax","2024-08-23T00:00:00Z","InvoiceDetailDescription 6638","{}","invoicedetail-120798","2024-10-06T00:00:00Z","invoice-531762","2024-10-04T00:00:00Z","Open","Google","USD",3510.904898,"invoicedetail-120798","2024-10-28T00:00:00Z","Due on receipt","PO-734992","referenceinvoice-308622"
5104.445255,"billingaccount-912378","USD","2024-10-01T00:00:00Z","2024-09-01T00:00:00Z","Credit","2024-08-22T00:00:00Z","InvoiceDetailDescription 2284","{}","invoicedetail-499581","2024-10-06T00:00:00Z","invoice-743473","2024-10-04T00:00:00Z","Issued","Microsoft","USD",4637.520807,"invoicedetail-499581","2024-11-01T00:00:00Z","Net 30","PO-275715","referenceinvoice-771697"
4047.727201,"billingaccount-174809","USD","2024-10-01T00:00:00Z","2024-09-01T00:00:00Z","Usage","2024-08-18T00:00:00Z","InvoiceDetailDescription 3654","{}","invoicedetail-460317","2024-10-11T00:00:00Z","invoice-339303","2024-10-06T00:00:00Z","Issued","Google","USD",3168.782417,"invoicedetail-460317","2024-10-31T00:00:00Z","Net 60","PO-844943","referenceinvoice-380465"
5869.197735,"billingaccount-572161","USD","2024-10-01T00:00:00Z","2024-09-01T00:00:00Z","Credit","2024-08-23T00:00:00Z","InvoiceDetailDescription 3741","{}","invoicedetail-292818","2024-10-08T00:00:00Z","invoice-995706","2024-10-04T00:00:00Z","Open","Oracle","USD",1250.399107,"invoicedetail-292818","2024-11-03T00:00:00Z","Net 30","PO-794180","referenceinvoice-363871"
955.53719,"billingaccount-596171","USD","2024-10-01T00:00:00Z","2024-09-01T00:00:00Z","Adjustment","2024-08-25T00:00:00Z","InvoiceDetailDescription 1881","{}","invoicedetail-127645","2024-10-03T00:00:00Z","invoice-908382","2024-10-05T00:00:00Z","Issued","AWS","USD",5239.827913,"invoicedetail-127645","2024-10-15T00:00:00Z","Net 30","PO-208976","referenceinvoice-375201"
2293.559555,"billingaccount-873422","USD","2024-10-01T00:00:00Z","2024-09-01T00:00:00Z","Tax","2024-08-29T00:00:00Z","InvoiceDetailDescription 8260","{}","invoicedetail-756912","2024-10-11T00:00:00Z","invoice-232552","2024-10-05T00:00:00Z","Open","Microsoft","USD",5267.423379,"invoicedetail-756912","2024-10-21T00:00:00Z","Net 30","PO-129959","referenceinvoice-136862"
9348.575717,"billingaccount-675191","USD","2024-10-01T00:00:00Z","2024-09-01T00:00:00Z","Credit","2024-08-21T00:00:00Z","InvoiceDetailDescription 3213","{}","invoicedetail-831510","2024-10-08T00:00:00Z","invoice-665484","2024-10-05T00:00:00Z","Open","Google","USD",5908.309266,"invoicedetail-831510","2024-10-29T00:00:00Z","Net 60","PO-761701","referenceinvoice-885290"
9089.231517,"billingaccount-605048","USD","2024-10-01T00:00:00Z","2024-09-01T00:00:00Z","Adjustment","2024-08-15T00:00:00Z","InvoiceDetailDescription 4721","{}","invoicedetail-943797","2024-10-11T00:00:00Z","invoice-193904","2024-10-06T00:00:00Z","Issued","Oracle","USD",3078.681854,"invoicedetail-943797","2024-10-22T00:00:00Z","Net 60","PO-372427","referenceinvoice-263281"
3438.849172,"billingaccount-591989","USD","2024-10-01T00:00:00Z","2024-09-01T00:00:00Z","Adjustment","2024-08-31T00:00:00Z","InvoiceDetailDescription 1136","{}","invoicedetail-821179","2024-10-01T00:00:00Z","invoice-615827","2024-10-06T00:00:00Z","Issued","Google","USD",2996.10518,"invoicedetail-821179","2024-10-17T00:00:00Z","Net 60","PO-936726","referenceinvoice-407151"
4117.358691,"billingaccount-687783","USD","2024-10-01T00:00:00Z","2024-09-01T00:00:00Z","Credit","2024-08-31T00:00:00Z","InvoiceDetailDescription 7467","{}","invoicedetail-362035","2024-10-09T00:00:00Z","invoice-271200","2024-10-04T00:00:00Z","Voided","Microsoft","USD",7371.178541,"invoicedetail-362035","2024-10-17T00:00:00Z","Net 60","PO-968668","referenceinvoice-496737"
2395.618149,"billingaccount-901676","USD","2024-10-01T00:00:00Z","2024-09-01T00:00:00Z","Adjustment","2024-08-23T00:00:00Z","InvoiceDetailDescription 5454","{}","invoicedetail-398505","2024-10-02T00:00:00Z","invoice-779956","2024-10-05T00:00:00Z","Voided","Microsoft","USD",5319.44266,"invoicedetail-398505","2024-11-01T00:00:00Z","Net 60","PO-532961","referenceinvoice-297132"
6368.927095,"billingaccount-747736","USD","2024-10-01T00:00:00Z","2024-09-01T00:00:00Z","Credit","2024-08-26T00:00:00Z","InvoiceDetailDescription 5458","{}","invoicedetail-834498","2024-10-03T00:00:00Z","invoice-753004","2024-10-04T00:00:00Z","Issued","AWS","USD",1877.894425,"invoicedetail-834498","2024-10-14T00:00:00Z","Net 30","PO-259540","referenceinvoice-152042"
1250.392028,"billingaccount-559713","USD","2024-10-01T00:00:00Z","2024-09-01T00:00:00Z","Usage","2024-08-26T00:00:00Z","InvoiceDetailDescription 4814","{}","invoicedetail-194578","2024-10-02T00:00:00Z","invoice-258003","2024-10-04T00:00:00Z","Open","AWS","USD",4935.795532,"invoicedetail-194578","2024-10-19T00:00:00Z","Net 60","PO-540656","referenceinvoice-426711"
802.230972,"billingaccount-887029","USD","2024-10-01T00:00:00Z","2024-09-01T00:00:00Z","Purchase","2024-08-20T00:00:00Z","InvoiceDetailDescription 1918","{}","invoicedetail-379449","2024-10-08T00:00:00Z","invoice-913331","2024-10-02T00:00:00Z","Issued","Oracle","USD",713.846947,"invoicedetail-379449","2024-10-19T00:00:00Z","Net 60","PO-290425","referenceinvoice-301528"
2489.623605,"billingaccount-908688","USD","2024-10-01T00:00:00Z","2024-09-01T00:00:00Z","Credit","2024-08-19T00:00:00Z","InvoiceDetailDescription 5049","{}","invoicedetail-873449","2024-10-01T00:00:00Z","invoice-135138","2024-10-02T00:00:00Z","Open","Google","USD",4608.346353,"invoicedetail-873449","2024-10-31T00:00:00Z","Net 30","PO-646453","referenceinvoice-798359"
1586.114364,"billingaccount-863611","USD","2024-10-01T00:00:00Z","2024-09-01T00:00:00Z","Usage","2024-08-16T00:00:00Z","InvoiceDetailDescription 9534","{}","invoicedetail-228074","2024-10-07T00:00:00Z","invoice-365617","2024-10-04T00:00:00Z","Issued","Microsoft","USD",6385.20012,"invoicedetail-228074","2024-10-21T00:00:00Z","Net 30","PO-477934","referenceinvoice-154617"
150.677053,"billingaccount-932978","USD","2024-10-01T00:00:00Z","2024-09-01T00:00:00Z","Tax","2024-08-28T00:00:00Z","InvoiceDetailDescription 2960","{}","invoicedetail-515035","2024-10-04T00:00:00Z","invoice-927477","2024-10-05T00:00:00Z","Open","Microsoft","USD",89.298559,"invoicedetail-515035","2024-10-22T00:00:00Z","Net 30","PO-709303","referenceinvoice-921533"
2487.222564,"billingaccount-624203","USD","2024-10-01T00:00:00Z","2024-09-01T00:00:00Z","Usage","2024-08-12T00:00:00Z","InvoiceDetailDescription 6544","{}","invoicedetail-896456","2024-10-03T00:00:00Z","invoice-755498","2024-10-04T00:00:00Z","Open","Oracle","USD",597.751316,"invoicedetail-896456","2024-10-13T00:00:00Z","Due on receipt","PO-261395","referenceinvoice-835395"
9816.75711,"billingaccount-926867","USD","2024-10-01T00:00:00Z","2024-09-01T00:00:00Z","Tax","2024-08-27T00:00:00Z","InvoiceDetailDescription 8187","{}","invoicedetail-868804","2024-10-08T00:00:00Z","invoice-302338","2024-10-03T00:00:00Z","Open","AWS","USD",6892.499803,"invoicedetail-868804","2024-10-20T00:00:00Z","Net 60","PO-859587","referenceinvoice-241276"
2947.145964,"billingaccount-830897","USD","2024-10-01T00:00:00Z","2024-09-01T00:00:00Z","Credit","2024-08-30T00:00:00Z","InvoiceDetailDescription 4109","{}","invoicedetail-694229","2024-10-08T00:00:00Z","invoice-295692","2024-10-05T00:00:00Z","Voided","Google","USD",3476.64679,"invoicedetail-694229","2024-10-29T00:00:00Z","Due on receipt","PO-591147","referenceinvoice-388698"
2956.726612,"billingaccount-376141","USD","2024-10-01T00:00:00Z","2024-09-01T00:00:00Z","Adjustment","2024-08-29T00:00:00Z","InvoiceDetailDescription 7014","{}","invoicedetail-576136","2024-10-09T00:00:00Z","invoice-100754","2024-10-03T00:00:00Z","Voided","Microsoft","USD",5059.577329,"invoicedetail-576136","2024-10-24T00:00:00Z","Due on receipt","PO-294546","referenceinvoice-119629"
633.417566,"billingaccount-665136","USD","2024-10-01T00:00:00Z","2024-09-01T00:00:00Z","Credit","2024-08-12T00:00:00Z","InvoiceDetailDescription 4110","{}","invoicedetail-649526","2024-10-04T00:00:00Z","invoice-816412","2024-10-04T00:00:00Z","Issued","Google","USD",7657.340955,"invoicedetail-649526","2024-11-03T00:00:00Z","Net 30","PO-742818","referenceinvoice-396882"
962.562973,"billingaccount-790897","USD","2024-10-01T00:00:00Z","2024-09-01T00:00:00Z","Usage","2024-08-18T00:00:00Z","InvoiceDetailDescription 1717","{}","invoicedetail-975763","2024-10-11T00:00:00Z","invoice-236078","2024-10-04T00:00:00Z","Open","Google","USD",8734.927776,"invoicedetail-975763","2024-10-14T00:00:00Z","Net 30","PO-212255","referenceinvoice-608947"
8362.995266,"billingaccount-789880","USD","2024-10-01T00:00:00Z","2024-09-01T00:00:00Z","Credit","2024-08-28T00:00:00Z","InvoiceDetailDescription 9615","{}","invoicedetail-754280","2024-10-01T00:00:00Z","invoice-835381","2024-10-06T00:00:00Z","Voided","Microsoft","USD",2559.385303,"invoicedetail-754280","2024-11-02T00:00:00Z","Net 60","PO-331444","referenceinvoice-735388"
4680.591434,"billingaccount-769952","USD","2024-10-01T00:00:00Z","2024-09-01T00:00:00Z","Usage","2024-08-31T00:00:00Z","InvoiceDetailDescription 6913","{}","invoicedetail-685126","2024-10-04T00:00:00Z","invoice-879592","2024-10-05T00:00:00Z","Issued","AWS","USD",8220.265163,"invoicedetail-685126","2024-10-14T00:00:00Z","Due on receipt","PO-161132","referenceinvoice-963652"
779.353749,"billingaccount-326387","USD","2024-10-01T00:00:00Z","2024-09-01T00:00:00Z","Adjustment","2024-08-15T00:00:00Z","InvoiceDetailDescription 2591","{}","invoicedetail-206142","2024-10-01T00:00:00Z","invoice-860397","2024-10-02T00:00:00Z","Open","Google","USD",5316.610514,"invoicedetail-206142","2024-10-18T00:00:00Z","Net 30","PO-302500","referenceinvoice-651752"
7491.94358,"billingaccount-535352","USD","2024-10-01T00:00:00Z","2024-09-01T00:00:00Z","Usage","2024-08-13T00:00:00Z","InvoiceDetailDescription 6864","{}","invoicedetail-807256","2024-10-11T00:00:00Z","invoice-581003","2024-10-03T00:00:00Z","Voided","Microsoft","USD",6652.423548,"invoicedetail-807256","2024-10-27T00:00:00Z","Net 30","PO-274912","referenceinvoice-930956"
6575.31881,"billingaccount-659835","USD","2024-10-01T00:00:00Z","2024-09-01T00:00:00Z","Adjustment","2024-08-14T00:00:00Z","InvoiceDetailDescription 8258","{}","invoicedetail-469438","2024-10-07T00:00:00Z","invoice-430463","2024-10-06T00:00:00Z","Voided","Microsoft","USD",9914.629906,"invoicedetail-469438","2024-10-23T00:00:00Z","Net 60","PO-985893","referenceinvoice-489776"
5631.447028,"billingaccount-324319","USD","2024-10-01T00:00:00Z","2024-09-01T00:00:00Z","Credit","2024-08-18T00:00:00Z","InvoiceDetailDescription 5162","{}","invoicedetail-477496","2024-10-06T00:00:00Z","invoice-574379","2024-10-06T00:00:00Z","Issued","Oracle","USD",9598.244309,"invoicedetail-477496","2024-10-20T00:00:00Z","Net 30","PO-861594","referenceinvoice-136346"
9934.120096,"billingaccount-416503","USD","2024-10-01T00:00:00Z","2024-09-01T00:00:00Z","Usage","2024-08-12T00:00:00Z","InvoiceDetailDescription 5920","{}","invoicedetail-332665","2024-10-01T00:00:00Z","invoice-325258","2024-10-06T00:00:00Z","Issued","Google","USD",217.013715,"invoicedetail-332665","2024-10-17T00:00:00Z","Due on receipt","PO-962283","referenceinvoice-389362"
1561.071063,"billingaccount-377860","USD","2024-10-01T00:00:00Z","2024-09-01T00:00:00Z","Tax","2024-08-28T00:00:00Z","InvoiceDetailDescription 5093","{}","invoicedetail-344312","2024-10-01T00:00:00Z","invoice-368691","2024-10-05T00:00:00Z","Issued","Microsoft","USD",919.051213,"invoicedetail-344312","2024-10-23T00:00:00Z","Net 60","PO-696707","referenceinvoice-327999"
8257.052444,"billingaccount-823092","USD","2024-10-01T00:00:00Z","2024-09-01T00:00:00Z","Adjustment","2024-08-21T00:00:00Z","InvoiceDetailDescription 2562","{}","invoicedetail-724145","2024-10-08T00:00:00Z","invoice-773452","2024-10-03T00:00:00Z","Issued","AWS","USD",373.715962,"invoicedetail-724145","2024-10-25T00:00:00Z","Due on receipt","PO-500080","referenceinvoice-182289"
9302.460839,"billingaccount-226395","USD","2024-10-01T00:00:00Z","2024-09-01T00:00:00Z","Purchase","2024-08-21T00:00:00Z","InvoiceDetailDescription 1187","{}","invoicedetail-764678","2024-10-06T00:00:00Z","invoice-915182","2024-10-05T00:00:00Z","Voided","AWS","USD",3824.869622,"invoicedetail-764678","2024-10-25T00:00:00Z","Net 60","PO-649855","referenceinvoice-143182"
5024.016104,"billingaccount-331522","USD","2024-10-01T00:00:00Z","2024-09-01T00:00:00Z","Purchase","2024-08-14T00:00:00Z","InvoiceDetailDescription 1827","{}","invoicedetail-806357","2024-10-10T00:00:00Z","invoice-867115","2024-10-03T00:00:00Z","Issued","Google","USD",9710.402447,"invoicedetail-806357","2024-10-20T00:00:00Z","Due on receipt","PO-703198","referenceinvoice-629247"
1480.124007,"billingaccount-452497","USD","2024-10-01T00:00:00Z","2024-09-01T00:00:00Z","Usage","2024-08-24T00:00:00Z","InvoiceDetailDescription 8796","{}","invoicedetail-699198","2024-10-07T00:00:00Z","invoice-881519","2024-10-04T00:00:00Z","Open","AWS","USD",5481.52405,"invoicedetail-699198","2024-10-23T00:00:00Z","Net 60","PO-189211","referenceinvoice-517885"
1981.085277,"billingaccount-514521","USD","2024-10-01T00:00:00Z","2024-09-01T00:00:00Z","Adjustment","2024-08-27T00:00:00Z","InvoiceDetailDescription 4212","{}","invoicedetail-688426","2024-10-03T00:00:00Z","invoice-745919","2024-10-05T00:00:00Z","Voided","Oracle","USD",5242.477823,"invoicedetail-688426","2024-10-29T00:00:00Z","Net 30","PO-175124","referenceinvoice-379190"
1125.298714,"billingaccount-533672","USD","2024-10-01T00:00:00Z","2024-09-01T00:00:00Z","Credit","2024-08-21T00:00:00Z","InvoiceDetailDescription 6984","{}","invoicedetail-465227","2024-10-11T00:00:00Z","invoice-299742","2024-10-06T00:00:00Z","Issued","Oracle","USD",3445.249095,"invoicedetail-465227","2024-10-15T00:00:00Z","Due on receipt","PO-125382","referenceinvoice-907069"
6231.821563,"billingaccount-561859","USD","2024-10-01T00:00:00Z","2024-09-01T00:00:00Z","Usage","2024-08-26T00:00:00Z","InvoiceDetailDescription 4825","{}","invoicedetail-309385","2024-10-06T00:00:00Z","invoice-818651","2024-10-06T00:00:00Z","Issued","Google","USD",1559.912172,"invoicedetail-309385","2024-10-27T00:00:00Z","Due on receipt","PO-994188","referenceinvoice-189982"
8687.523516,"billingaccount-959972","USD","2024-10-01T00:00:00Z","2024-09-01T00:00:00Z","Tax","2024-08-30T00:00:00Z","InvoiceDetailDescription 1225","{}","invoicedetail-459946","2024-10-04T00:00:00Z","invoice-827497","2024-10-06T00:00:00Z","Open","AWS","USD",3051.180501,"invoicedetail-459946","2024-10-17T00:00:00Z","Net 60","PO-123853","referenceinvoice-447997"
5232.658815,"billingaccount-371222","USD","2024-10-01T00:00:00Z","2024-09-01T00:00:00Z","Adjustment","2024-08-14T00:00:00Z","InvoiceDetailDescription 8913","{}","invoicedetail-753306","2024-10-04T00:00:00Z","invoice-865380","2024-10-03T00:00:00Z","Open","Microsoft","USD",6950.711436,"invoicedetail-753306","2024-10-27T00:00:00Z","Due on receipt","PO-119281","referenceinvoice-494900"
2006.96057,"billingaccount-830361","USD","2024-10-01T00:00:00Z","2024-09-01T00:00:00Z","Adjustment","2024-08-23T00:00:00Z","InvoiceDetailDescription 5444","{}","invoicedetail-155663","2024-10-03T00:00:00Z","invoice-587546","2024-10-02T00:00:00Z","Voided","AWS","USD",9451.764823,"invoicedetail-155663","2024-10-18T00:00:00Z","Net 30","PO-507523","referenceinvoice-792451"
8674.104429,"billingaccount-780956","USD","2024-10-01T00:00:00Z","2024-09-01T00:00:00Z","Credit","2024-08-20T00:00:00Z","InvoiceDetailDescription 4787","{}","invoicedetail-499194","2024-10-02T00:00:00Z","invoice-633243","2024-10-02T00:00:00Z","Voided","Google","USD",996.037118,"invoicedetail-499194","2024-10-18T00:00:00Z","Net 60","PO-608205","referenceinvoice-726111"
5606.875414,"billingaccount-847078","USD","2024-10-01T00:00:00Z","2024-09-01T00:00:00Z","Usage","2024-08-26T00:00:00Z","InvoiceDetailDescription 1651","{}","invoicedetail-359409","2024-10-04T00:00:00Z","invoice-655132","2024-10-06T00:00:00Z","Issued","AWS","USD",3335.696346,"invoicedetail-359409","2024-10-27T00:00:00Z","Net 60","PO-880550","referenceinvoice-264631"
6252.309703,"billingaccount-347678","USD","2024-10-01T00:00:00Z","2024-09-01T00:00:00Z","Adjustment","2024-08-20T00:00:00Z","InvoiceDetailDescription 5519","{}","invoicedetail-951331","2024-10-11T00:00:00Z","invoice-165021","2024-10-04T00:00:00Z","Voided","AWS","USD",2576.793647,"invoicedetail-951331","2024-10-22T00:00:00Z","Net 60","PO-954441","referenceinvoice-130897"
6569.317589,"billingaccount-192059","USD","2024-10-01T00:00:00Z","2024-09-01T00:00:00Z","Credit","2024-08-24T00:00:00Z","InvoiceDetailDescription 9531","{}","invoicedetail-810929","2024-10-03T00:00:00Z","invoice-742198","2024-10-04T00:00:00Z","Voided","Google","USD",6865.233125,"invoicedetail-810929","2024-10-23T00:00:00Z","Net 60","PO-352036","referenceinvoice-700727"
4491.691853,"billingaccount-238173","USD","2024-10-01T00:00:00Z","2024-09-01T00:00:00Z","Purchase","2024-08-18T00:00:00Z","InvoiceDetailDescription 3270","{}","invoicedetail-709254","2024-10-05T00:00:00Z","invoice-667650","2024-10-06T00:00:00Z","Voided","Microsoft","USD",8001.050592,"invoicedetail-709254","2024-10-23T00:00:00Z","Net 30","PO-424008","referenceinvoice-821978"
3174.962108,"billingaccount-684413","USD","2024-10-01T00:00:00Z","2024-09-01T00:00:00Z","Adjustment","2024-08-18T00:00:00Z","InvoiceDetailDescription 2939","{}","invoicedetail-293079","2024-10-03T00:00:00Z","invoice-433025","2024-10-06T00:00:00Z","Open","Microsoft","USD",7270.795333,"invoicedetail-293079","2024-10-18T00:00:00Z","Net 60","PO-534152","referenceinvoice-531228"
7791.07885,"billingaccount-211957","USD","2024-10-01T00:00:00Z","2024-09-01T00:00:00Z","Purchase","2024-08-17T00:00:00Z","InvoiceDetailDescription 4026","{}","invoicedetail-127470","2024-10-11T00:00:00Z","invoice-899484","2024-10-04T00:00:00Z","Voided","Google","USD",6169.465055,"invoicedetail-127470","2024-10-15T00:00:00Z","Due on receipt","PO-694587","referenceinvoice-742108"
260.844928,"billingaccount-183336","USD","2024-10-01T00:00:00Z","2024-09-01T00:00:00Z","Credit","2024-08-12T00:00:00Z","InvoiceDetailDescription 3196","{}","invoicedetail-626725","2024-10-04T00:00:00Z","invoice-987240","2024-10-03T00:00:00Z","Voided","Microsoft","USD",4687.634983,"invoicedetail-626725","2024-10-31T00:00:00Z","Due on receipt","PO-492124","referenceinvoice-292913"
1932.598295,"billingaccount-133795","USD","2024-10-01T00:00:00Z","2024-09-01T00:00:00Z","Credit","2024-08-16T00:00:00Z","InvoiceDetailDescription 1245","{}","invoicedetail-382967","2024-10-08T00:00:00Z","invoice-533108","2024-10-03T00:00:00Z","Open","Oracle","USD",7423.666617,"invoicedetail-382967","2024-10-15T00:00:00Z","Net 30","PO-894586","referenceinvoice-314498"
6878.627041,"billingaccount-579770","USD","2024-10-01T00:00:00Z","2024-09-01T00:00:00Z","Purchase","2024-08-26T00:00:00Z","InvoiceDetailDescription 8005","{}","invoicedetail-524533","2024-10-08T00:00:00Z","invoice-913920","2024-10-06T00:00:00Z","Open","AWS","USD",6079.299579,"invoicedetail-524533","2024-10-28T00:00:00Z","Net 60","PO-855185","referenceinvoice-428096"
5252.305317,"billingaccount-838315","USD","2024-10-01T00:00:00Z","2024-09-01T00:00:00Z","Usage","2024-08-12T00:00:00Z","InvoiceDetailDescription 9530","{}","invoicedetail-214626","2024-10-10T00:00:00Z","invoice-573546","2024-10-06T00:00:00Z","Issued","Oracle","USD",8270.101017,"invoicedetail-214626","2024-10-30T00:00:00Z","Net 30","PO-357657","referenceinvoice-643899"
7651.598724,"billingaccount-151690","USD","2024-10-01T00:00:00Z","2024-09-01T00:00:00Z","Purchase","2024-08-30T00:00:00Z","InvoiceDetailDescription 5770","{}","invoicedetail-560905","2024-10-09T00:00:00Z","invoice-517375","2024-10-05T00:00:00Z","Issued","Oracle","USD",7736.770125,"invoicedetail-560905","2024-10-28T00:00:00Z","Net 60","PO-583757","referenceinvoice-274573"
5169.696503,"billingaccount-249149","USD","2024-10-01T00:00:00Z","2024-09-01T00:00:00Z","Credit","2024-08-22T00:00:00Z","InvoiceDetailDescription 8400","{}","invoicedetail-194834","2024-10-10T00:00:00Z","invoice-857750","2024-10-02T00:00:00Z","Voided","Oracle","USD",1131.715862,"invoicedetail-194834","2024-10-31T00:00:00Z","Due on receipt","PO-829928","referenceinvoice-672949"
249.121128,"billingaccount-575718","USD","2024-10-01T00:00:00Z","2024-09-01T00:00:00Z","Adjustment","2024-08-19T00:00:00Z","InvoiceDetailDescription 4308","{}","invoicedetail-576769","2024-10-07T00:00:00Z","invoice-194560","2024-10-04T00:00:00Z","Issued","Microsoft","USD",3240.747801,"invoicedetail-576769","2024-10-25T00:00:00Z","Due on receipt","PO-846030","referenceinvoice-935176"
4493.98418,"billingaccount-480573","USD","2024-10-01T00:00:00Z","2024-09-01T00:00:00Z","Usage","2024-08-28T00:00:00Z","InvoiceDetailDescription 9582","{}","invoicedetail-841635","2024-10-02T00:00:00Z","invoice-502744","2024-10-02T00:00:00Z","Voided","Microsoft","USD",7910.665942,"invoicedetail-841635","2024-10-31T00:00:00Z","Due on receipt","PO-741804","referenceinvoice-267666"
9122.527788,"billingaccount-692960","USD","2024-10-01T00:00:00Z","2024-09-01T00:00:00Z","Purchase","2024-08-14T00:00:00Z","InvoiceDetailDescription 3656","{}","invoicedetail-251631","2024-10-07T00:00:00Z","invoice-287555","2024-10-02T00:00:00Z","Voided","Oracle","USD",513.104902,"invoicedetail-251631","2024-10-14T00:00:00Z","Net 60","PO-424553","referenceinvoice-865630"
8985.419134,"billingaccount-312705","USD","2024-10-01T00:00:00Z","2024-09-01T00:00:00Z","Usage","2024-08-22T00:00:00Z","InvoiceDetailDescription 5146","{}","invoicedetail-112800","2024-10-11T00:00:00Z","invoice-580921","2024-10-03T00:00:00Z","Issued","Oracle","USD",8554.110564,"invoicedetail-112800","2024-10-13T00:00:00Z","Due on receipt","PO-946677","referenceinvoice-106029"
4757.119898,"billingaccount-530074","USD","2024-10-01T00:00:00Z","2024-09-01T00:00:00Z","Credit","2024-08-24T00:00:00Z","InvoiceDetailDescription 2300","{}","invoicedetail-730421","2024-10-04T00:00:00Z","invoice-729252","2024-10-06T00:00:00Z","Open","Oracle","USD",2447.131714,"invoicedetail-730421","2024-11-03T00:00:00Z","Due on receipt","PO-391622","referenceinvoice-749871"
6532.768782,"billingaccount-138504","USD","2024-10-01T00:00:00Z","2024-09-01T00:00:00Z","Purchase","2024-08-30T00:00:00Z","InvoiceDetailDescription 1531","{}","invoicedetail-799396","2024-10-03T00:00:00Z","invoice-706174","2024-10-03T00:00:00Z","Voided","Microsoft","USD",2984.415466,"invoicedetail-799396","2024-10-11T00:00:00Z","Net 30","PO-151413","referenceinvoice-214176"
6609.246112,"billingaccount-833842","USD","2024-10-01T00:00:00Z","2024-09-01T00:00:00Z","Adjustment","2024-08-26T00:00:00Z","InvoiceDetailDescription 3906","{}","invoicedetail-577456","2024-10-03T00:00:00Z","invoice-885734","2024-10-04T00:00:00Z","Voided","Oracle","USD",3601.886476,"invoicedetail-577456","2024-10-30T00:00:00Z","Net 30","PO-197649","referenceinvoice-905843"
7584.419878,"billingaccount-984274","USD","2024-10-01T00:00:00Z","2024-09-01T00:00:00Z","Adjustment","2024-08-21T00:00:00Z","InvoiceDetailDescription 2063","{}","invoicedetail-407057","2024-10-06T00:00:00Z","invoice-593687","2024-10-05T00:00:00Z","Open","Google","USD",1220.2323,"invoicedetail-407057","2024-10-14T00:00:00Z","Net 60","PO-445200","referenceinvoice-652654"
581.845873,"billingaccount-699121","USD","2024-10-01T00:00:00Z","2024-09-01T00:00:00Z","Adjustment","2024-08-15T00:00:00Z","InvoiceDetailDescription 2436","{}","invoicedetail-607157","2024-10-04T00:00:00Z","invoice-859246","2024-10-03T00:00:00Z","Voided","Oracle","USD",6047.780211,"invoicedetail-607157","2024-10-29T00:00:00Z","Due on receipt","PO-401137","referenceinvoice-547798"
3538.533444,"billingaccount-236014","USD","2024-10-01T00:00:00Z","2024-09-01T00:00:00Z","Adjustment","2024-08-23T00:00:00Z","InvoiceDetailDescription 9132","{}","invoicedetail-644951","2024-10-09T00:00:00Z","invoice-864605","2024-10-06T00:00:00Z","Voided","Google","USD",4977.411143,"invoicedetail-644951","2024-11-01T00:00:00Z","Net 30","PO-739008","referenceinvoice-344026"
4648.856344,"billingaccount-935434","USD","2024-10-01T00:00:00Z","2024-09-01T00:00:00Z","Usage","2024-08-25T00:00:00Z","InvoiceDetailDescription 4396","{}","invoicedetail-938403","2024-10-01T00:00:00Z","invoice-745197","2024-10-02T00:00:00Z","Issued","Google","USD",4140.411395,"invoicedetail-938403","2024-10-09T00:00:00Z","Net 60","PO-466634","referenceinvoice-687638"
2816.267033,"billingaccount-928580","USD","2024-10-01T00:00:00Z","2024-09-01T00:00:00Z","Usage","2024-08-31T00:00:00Z","InvoiceDetailDescription 6042","{}","invoicedetail-414870","2024-10-11T00:00:00Z","invoice-631302","2024-10-03T00:00:00Z","Voided","Microsoft","USD",3239.238394,"invoicedetail-414870","2024-11-01T00:00:00Z","Net 30","PO-219366","referenceinvoice-819150"
9601.128253,"billingaccount-972460","USD","2024-10-01T00:00:00Z","2024-09-01T00:00:00Z","Purchase","2024-08-21T00:00:00Z","InvoiceDetailDescription 4178","{}","invoicedetail-446569","2024-10-07T00:00:00Z","invoice-974329","2024-10-06T00:00:00Z","Issued","Google","USD",9222.797653,"invoicedetail-446569","2024-11-01T00:00:00Z","Net 60","PO-597549","referenceinvoice-935981"
4606.179363,"billingaccount-663051","USD","2024-10-01T00:00:00Z","2024-09-01T00:00:00Z","Tax","2024-08-27T00:00:00Z","InvoiceDetailDescription 8577","{}","invoicedetail-922072","2024-10-08T00:00:00Z","invoice-953715","2024-10-03T00:00:00Z","Issued","AWS","USD",9277.899768,"invoicedetail-922072","2024-10-30T00:00:00Z","Net 30","PO-975671","referenceinvoice-646384"
5358.854757,"billingaccount-318379","USD","2024-10-01T00:00:00Z","2024-09-01T00:00:00Z","Adjustment","2024-08-13T00:00:00Z","InvoiceDetailDescription 6434","{}","invoicedetail-938373","2024-10-11T00:00:00Z","invoice-934438","2024-10-04T00:00:00Z","Issued","Google","USD",662.130413,"invoicedetail-938373","2024-10-28T00:00:00Z","Net 30","PO-394083","referenceinvoice-981578"
5709.816412,"billingaccount-508489","USD","2024-10-01T00:00:00Z","2024-09-01T00:00:00Z","Purchase","2024-08-21T00:00:00Z","InvoiceDetailDescription 2914","{}","invoicedetail-920347","2024-10-07T00:00:00Z","invoice-888047","2024-10-06T00:00:00Z","Issued","AWS","USD",7052.66184,"invoicedetail-920347","2024-10-18T00:00:00Z","Net 60","PO-844321","referenceinvoice-133164"
3715.835769,"billingaccount-969749","USD","2024-10-01T00:00:00Z","2024-09-01T00:00:00Z","Tax","2024-08-18T00:00:00Z","InvoiceDetailDescription 4541","{}","invoicedetail-650607","2024-10-02T00:00:00Z","invoice-417003","2024-10-05T00:00:00Z","Open","Google","USD",1122.312723,"invoicedetail-650607","2024-10-19T00:00:00Z","Net 30","PO-915572","referenceinvoice-311915"
9049.558006,"billingaccount-261562","USD","2024-10-01T00:00:00Z","2024-09-01T00:00:00Z","Purchase","2024-08-17T00:00:00Z","InvoiceDetailDescription 6572","{}","invoicedetail-606957","2024-10-09T00:00:00Z","invoice-868020","2024-10-02T00:00:00Z","Voided","AWS","USD",3103.587089,"invoicedetail-606957","2024-10-24T00:00:00Z","Net 60","PO-250255","referenceinvoice-906859"
7245.706323,"billingaccount-581682","USD","2024-10-01T00:00:00Z","2024-09-01T00:00:00Z","Credit","2024-08-15T00:00:00Z","InvoiceDetailDescription 9558","{}","invoicedetail-221462","2024-10-11T00:00:00Z","invoice-104309","2024-10-03T00:00:00Z","Issued","AWS","USD",9323.37344,"invoicedetail-221462","2024-10-16T00:00:00Z","Due on receipt","PO-989322","referenceinvoice-723155"
5205.777121,"billingaccount-790995","USD","2024-10-01T00:00:00Z","2024-09-01T00:00:00Z","Tax","2024-08-21T00:00:00Z","InvoiceDetailDescription 1368","{}","invoicedetail-705615","2024-10-08T00:00:00Z","invoice-895338","2024-10-02T00:00:00Z","Issued","AWS","USD",6388.50852,"invoicedetail-705615","2024-10-12T00:00:00Z","Net 30","PO-436467","referenceinvoice-310297"
7727.870974,"billingaccount-803724","USD","2024-10-01T00:00:00Z","2024-09-01T00:00:00Z","Usage","2024-08-22T00:00:00Z","InvoiceDetailDescription 5467","{}","invoicedetail-256574","2024-10-05T00:00:00Z","invoice-265146","2024-10-06T00:00:00Z","Issued","Microsoft","USD",1144.603939,"invoicedetail-256574","2024-10-23T00:00:00Z","Due on receipt","PO-686810","referenceinvoice-639031"
3184.849119,"billingaccount-248433","USD","2024-10-01T00:00:00Z","2024-09-01T00:00:00Z","Tax","2024-08-25T00:00:00Z","InvoiceDetailDescription 5011","{}","invoicedetail-279594","2024-10-09T00:00:00Z","invoice-174703","2024-10-04T00:00:00Z","Issued","AWS","USD",6132.628835,"invoicedetail-279594","2024-10-28T00:00:00Z","Net 60","PO-666836","referenceinvoice-565198"
504.560106,"billingaccount-502233","USD","2024-10-01T00:00:00Z","2024-09-01T00:00:00Z","Usage","2024-08-27T00:00:00Z","InvoiceDetailDescription 2410","{}","invoicedetail-547181","2024-10-01T00:00:00Z","invoice-510954","2024-10-05T00:00:00Z","Open","AWS","USD",7046.775937,"invoicedetail-547181","2024-11-02T00:00:00Z","Due on receipt","PO-760047","referenceinvoice-976792"
8174.41979,"billingaccount-847528","USD","2024-10-01T00:00:00Z","2024-09-01T00:00:00Z","Adjustment","2024-08-12T00:00:00Z","InvoiceDetailDescription 2286","{}","invoicedetail-892453","2024-10-06T00:00:00Z","invoice-901561","2024-10-04T00:00:00Z","Issued","Oracle","USD",5677.893023,"invoicedetail-892453","2024-10-21T00:00:00Z","Net 30","PO-952336","referenceinvoice-941325"
6444.1861,"billingaccount-903726","USD","2024-10-01T00:00:00Z","2024-09-01T00:00:00Z","Credit","2024-08-28T00:00:00Z","InvoiceDetailDescription 8709","{}","invoicedetail-342948","2024-10-08T00:00:00Z","invoice-334665","2024-10-04T00:00:00Z","Open","Oracle","USD",8610.962771,"invoicedetail-342948","2024-11-01T00:00:00Z","Due on receipt","PO-370587","referenceinvoice-481104"
4532.830677,"billingaccount-131734","USD","2024-10-01T00:00:00Z","2024-09-01T00:00:00Z","Usage","2024-08-26T00:00:00Z","InvoiceDetailDescription 8787","{}","invoicedetail-218370","2024-10-11T00:00:00Z","invoice-468512","2024-10-04T00:00:00Z","Issued","Oracle","USD",4612.416837,"invoicedetail-218370","2024-10-21T00:00:00Z","Net 30","PO-395968","referenceinvoice-905245"
1029.322103,"billingaccount-957266","USD","2024-10-01T00:00:00Z","2024-09-01T00:00:00Z","Usage","2024-08-12T00:00:00Z","InvoiceDetailDescription 6339","{}","invoicedetail-683165","2024-10-10T00:00:00Z","invoice-780999","2024-10-03T00:00:00Z","Open","Google","USD",7924.309395,"invoicedetail-683165","2024-10-26T00:00:00Z","Due on receipt","PO-583367","referenceinvoice-520286"
1590.202896,"billingaccount-605806","USD","2024-10-01T00:00:00Z","2024-09-01T00:00:00Z","Credit","2024-08-24T00:00:00Z","InvoiceDetailDescription 2082","{}","invoicedetail-457264","2024-10-10T00:00:00Z","invoice-318353","2024-10-03T00:00:00Z","Voided","Oracle","USD",5909.70199,"invoicedetail-457264","2024-10-27T00:00:00Z","Net 60","PO-694764","referenceinvoice-925571"
6696.051961,"billingaccount-875282","USD","2024-10-01T00:00:00Z","2024-09-01T00:00:00Z","Adjustment","2024-08-14T00:00:00Z","InvoiceDetailDescription 8972","{}","invoicedetail-219876","2024-10-04T00:00:00Z","invoice-720928","2024-10-03T00:00:00Z","Voided","Google","USD",4629.084343,"invoicedetail-219876","2024-10-31T00:00:00Z","Due on receipt","PO-202397","referenceinvoice-961953"
5982.591816,"billingaccount-818807","USD","2024-10-01T00:00:00Z","2024-09-01T00:00:00Z","Adjustment","2024-08-26T00:00:00Z","InvoiceDetailDescription 7208","{}","invoicedetail-443312","2024-10-05T00:00:00Z","invoice-618306","2024-10-05T00:00:00Z","Voided","Oracle","USD",6601.64759,"invoicedetail-443312","2024-10-14T00:00:00Z","Net 30","PO-328182","referenceinvoice-956721"
6608.813938,"billingaccount-574978","USD","2024-10-01T00:00:00Z","2024-09-01T00:00:00Z","Adjustment","2024-08-13T00:00:00Z","InvoiceDetailDescription 5775","{}","invoicedetail-508926","2024-10-11T00:00:00Z","invoice-745474","2024-10-02T00:00:00Z","Voided","Microsoft","USD",4471.597686,"invoicedetail-508926","2024-10-13T00:00:00Z","Net 30","PO-814622","referenceinvoice-431976"
7177.912219,"billingaccount-460987","USD","2024-10-01T00:00:00Z","2024-09-01T00:00:00Z","Usage","2024-08-13T00:00:00Z","InvoiceDetailDescription 1133","{}","invoicedetail-741194","2024-10-11T00:00:00Z","invoice-635218","2024-10-04T00:00:00Z","Issued","Google","USD",8476.367453,"invoicedetail-741194","2024-10-24T00:00:00Z","Net 60","PO-165442","referenceinvoice-487158"
8612.478396,"billingaccount-132699","USD","2024-10-01T00:00:00Z","2024-09-01T00:00:00Z","Purchase","2024-08-31T00:00:00Z","InvoiceDetailDescription 8073","{}","invoicedetail-836333","2024-10-09T00:00:00Z","invoice-718831","2024-10-04T00:00:00Z","Issued","AWS","USD",6252.143034,"invoicedetail-836333","2024-10-14T00:00:00Z","Due on receipt","PO-501384","referenceinvoice-525756"
1734.101063,"billingaccount-245824","USD","2024-10-01T00:00:00Z","2024-09-01T00:00:00Z","Purchase","2024-08-18T00:00:00Z","InvoiceDetailDescription 7301","{}","invoicedetail-984293","2024-10-09T00:00:00Z","invoice-477789","2024-10-03T00:00:00Z","Issued","Oracle","USD",1542.672909,"invoicedetail-984293","2024-10-31T00:00:00Z","Due on receipt","PO-231647","referenceinvoice-240800"
7213.392324,"billingaccount-610343","USD","2024-10-01T00:00:00Z","2024-09-01T00:00:00Z","Credit","2024-08-29T00:00:00Z","InvoiceDetailDescription 3224","{}","invoicedetail-188776","2024-10-11T00:00:00Z","invoice-243885","2024-10-02T00:00:00Z","Voided","AWS","USD",8059.416146,"invoicedetail-188776","2024-10-13T00:00:00Z","Net 60","PO-927251","referenceinvoice-829169"
4241.246846,"billingaccount-959907","USD","2024-10-01T00:00:00Z","2024-09-01T00:00:00Z","Credit","2024-08-12T00:00:00Z","InvoiceDetailDescription 7303","{}","invoicedetail-472566","2024-10-03T00:00:00Z","invoice-336706","2024-10-05T00:00:00Z","Open","Oracle","USD",4247.718573,"invoicedetail-472566","2024-10-28T00:00:00Z","Net 30","PO-706012","referenceinvoice-622355"
5763.523531,"billingaccount-135087","USD","2024-10-01T00:00:00Z","2024-09-01T00:00:00Z","Usage","2024-08-15T00:00:00Z","InvoiceDetailDescription 8917","{}","invoicedetail-839122","2024-10-05T00:00:00Z","invoice-486482","2024-10-05T00:00:00Z","Open","Microsoft","USD",5802.687815,"invoicedetail-839122","2024-10-29T00:00:00Z","Due on receipt","PO-183952","referenceinvoice-248989"
8899.154783,"billingaccount-192742","USD","2024-10-01T00:00:00Z","2024-09-01T00:00:00Z","Purchase","2024-08-17T00:00:00Z","InvoiceDetailDescription 8740","{}","invoicedetail-761297","2024-10-09T00:00:00Z","invoice-877714","2024-10-02T00:00:00Z","Voided","Google","USD",9604.11047,"invoicedetail-761297","2024-10-25T00:00:00Z","Net 30","PO-817303","referenceinvoice-764469"
7785.271332,"billingaccount-591644","USD","2024-10-01T00:00:00Z","2024-09-01T00:00:00Z","Credit","2024-08-12T00:00:00Z","InvoiceDetailDescription 9399","{}","invoicedetail-592025","2024-10-01T00:00:00Z","invoice-701846","2024-10-04T00:00:00Z","Voided","Google","USD",3315.139891,"invoicedetail-592025","2024-10-28T00:00:00Z","Net 60","PO-936997","referenceinvoice-408929"
3040.708432,"billingaccount-923154","USD","2024-10-01T00:00:00Z","2024-09-01T00:00:00Z","Adjustment","2024-08-26T00:00:00Z","InvoiceDetailDescription 5267","{}","invoicedetail-164401","2024-10-01T00:00:00Z","invoice-759868","2024-10-06T00:00:00Z","Issued","Google","USD",5781.410871,"invoicedetail-164401","2024-11-05T00:00:00Z","Due on receipt","PO-154127","referenceinvoice-788201"
825.101668,"billingaccount-630155","USD","2024-10-01T00:00:00Z","2024-09-01T00:00:00Z","Usage","2024-08-12T00:00:00Z","InvoiceDetailDescription 5552","{}","invoicedetail-364294","2024-10-01T00:00:00Z","invoice-238976","2024-10-04T00:00:00Z","Voided","Google","USD",2809.719315,"invoicedetail-364294","2024-10-26T00:00:00Z","Net 60","PO-114892","referenceinvoice-877444"
1511.356135,"billingaccount-568349","USD","2024-10-01T00:00:00Z","2024-09-01T00:00:00Z","Tax","2024-08-12T00:00:00Z","InvoiceDetailDescription 3873","{}","invoicedetail-373943","2024-10-03T00:00:00Z","invoice-920539","2024-10-06T00:00:00Z","Voided","AWS","USD",2361.958808,"invoicedetail-373943","2024-11-05T00:00:00Z","Net 30","PO-938202","referenceinvoice-653007"
9339.418547,"billingaccount-261638","USD","2024-10-01T00:00:00Z","2024-09-01T00:00:00Z","Credit","2024-08-21T00:00:00Z","InvoiceDetailDescription 7765","{}","invoicedetail-907789","2024-10-02T00:00:00Z","invoice-501779","2024-10-03T00:00:00Z","Open","AWS","USD",6606.672886,"invoicedetail-907789","2024-10-29T00:00:00Z","Due on receipt","PO-768545","referenceinvoice-275409"
2643.954959,"billingaccount-959340","USD","2024-10-01T00:00:00Z","2024-09-01T00:00:00Z","Usage","2024-08-13T00:00:00Z","InvoiceDetailDescription 1860","{}","invoicedetail-275741","2024-10-06T00:00:00Z","invoice-586554","2024-10-02T00:00:00Z","Issued","Microsoft","USD",4762.319423,"invoicedetail-275741","2024-10-29T00:00:00Z","Net 60","PO-882395","referenceinvoice-888977"
2626.251515,"billingaccount-656208","USD","2024-10-01T00:00:00Z","2024-09-01T00:00:00Z","Credit","2024-08-19T00:00:00Z","InvoiceDetailDescription 1194","{}","invoicedetail-402820","2024-10-11T00:00:00Z","invoice-936039","2024-10-05T00:00:00Z","Issued","Microsoft","USD",3820.040947,"invoicedetail-402820","2024-10-27T00:00:00Z","Net 60","PO-656011","referenceinvoice-816047"
6104.85568,"billingaccount-783740","USD","2024-10-01T00:00:00Z","2024-09-01T00:00:00Z","Tax","2024-08-28T00:00:00Z","InvoiceDetailDescription 6488","{}","invoicedetail-383457","2024-10-09T00:00:00Z","invoice-380061","2024-10-04T00:00:00Z","Open","AWS","USD",2553.439189,"invoicedetail-383457","2024-10-24T00:00:00Z","Due on receipt","PO-510154","referenceinvoice-583507"
6777.181602,"billingaccount-288656","USD","2024-10-01T00:00:00Z","2024-09-01T00:00:00Z","Tax","2024-08-13T00:00:00Z","InvoiceDetailDescription 9972","{}","invoicedetail-111091","2024-10-04T00:00:00Z","invoice-805483","2024-10-06T00:00:00Z","Open","Microsoft","USD",8316.894998,"invoicedetail-111091","2024-10-23T00:00:00Z","Net 30","PO-531225","referenceinvoice-202444"
2832.970191,"billingaccount-302458","USD","2024-10-01T00:00:00Z","2024-09-01T00:00:00Z","Usage","2024-08-17T00:00:00Z","InvoiceDetailDescription 1388","{}","invoicedetail-749485","2024-10-06T00:00:00Z","invoice-196407","2024-10-03T00:00:00Z","Open","AWS","USD",9385.054677,"invoicedetail-749485","2024-11-02T00:00:00Z","Due on receipt","PO-976042","referenceinvoice-327357"
3759.584401,"billingaccount-900962","USD","2024-10-01T00:00:00Z","2024-09-01T00:00:00Z","Adjustment","2024-08-28T00:00:00Z","InvoiceDetailDescription 4027","{}","invoicedetail-216229","2024-10-02T00:00:00Z","invoice-829445","2024-10-06T00:00:00Z","Open","AWS","USD",2533.357389,"invoicedetail-216229","2024-10-17T00:00:00Z","Net 60","PO-792561","referenceinvoice-179392"
1619.660316,"billingaccount-177591","USD","2024-10-01T00:00:00Z","2024-09-01T00:00:00Z","Tax","2024-08-23T00:00:00Z","InvoiceDetailDescription 2022","{}","invoicedetail-501393","2024-10-07T00:00:00Z","invoice-507466","2024-10-04T00:00:00Z","Issued","Oracle","USD",9959.585671,"invoicedetail-501393","2024-10-19T00:00:00Z","Net 60","PO-952283","referenceinvoice-377521"
6103.01885,"billingaccount-287110","USD","2024-10-01T00:00:00Z","2024-09-01T00:00:00Z","Credit","2024-08-17T00:00:00Z","InvoiceDetailDescription 2776","{}","invoicedetail-250861","2024-10-02T00:00:00Z","invoice-666893","2024-10-05T00:00:00Z","Issued","Microsoft","USD",2183.864982,"invoicedetail-250861","2024-10-18T00:00:00Z","Due on receipt","PO-211410","referenceinvoice-563031"
5713.445598,"billingaccount-362769","USD","2024-10-01T00:00:00Z","2024-09-01T00:00:00Z","Credit","2024-08-28T00:00:00Z","InvoiceDetailDescription 1307","{}","invoicedetail-621877","2024-10-01T00:00:00Z","invoice-256085","2024-10-02T00:00:00Z","Voided","Google","USD",6403.352693,"invoicedetail-621877","2024-10-11T00:00:00Z","Net 30","PO-796889","referenceinvoice-509451"
37.037545,"billingaccount-841978","USD","2024-10-01T00:00:00Z","2024-09-01T00:00:00Z","Credit","2024-08-27T00:00:00Z","InvoiceDetailDescription 8833","{}","invoicedetail-557239","2024-10-06T00:00:00Z","invoice-523533","2024-10-05T00:00:00Z","Voided","Google","USD",7809.37037,"invoicedetail-557239","2024-10-30T00:00:00Z","Net 30","PO-666366","referenceinvoice-336817"
5353.040765,"billingaccount-476353","USD","2024-10-01T00:00:00Z","2024-09-01T00:00:00Z","Tax","2024-08-19T00:00:00Z","InvoiceDetailDescription 5961","{}","invoicedetail-520075","2024-10-08T00:00:00Z","invoice-157875","2024-10-02T00:00:00Z","Voided","AWS","USD",9970.157963,"invoicedetail-520075","2024-10-27T00:00:00Z","Due on receipt","PO-195071","referenceinvoice-483102"
2031.204714,"billingaccount-681409","USD","2024-10-01T00:00:00Z","2024-09-01T00:00:00Z","Usage","2024-08-29T00:00:00Z","InvoiceDetailDescription 7294","{}","invoicedetail-792829","2024-10-08T00:00:00Z","invoice-300281","2024-10-04T00:00:00Z","Issued","Google","USD",6958.822786,"invoicedetail-792829","2024-10-31T00:00:00Z","Net 30","PO-761249","referenceinvoice-822303"
1894.644956,"billingaccount-137432","USD","2024-10-01T00:00:00Z","2024-09-01T00:00:00Z","Purchase","2024-08-16T00:00:00Z","InvoiceDetailDescription 1415","{}","invoicedetail-854701","2024-10-02T00:00:00Z","invoice-721748","2024-10-05T00:00:00Z","Open","Google","USD",4892.325505,"invoicedetail-854701","2024-11-04T00:00:00Z","Net 30","PO-931247","referenceinvoice-666809"
370.426799,"billingaccount-158777","USD","2024-10-01T00:00:00Z","2024-09-01T00:00:00Z","Tax","2024-08-16T00:00:00Z","InvoiceDetailDescription 1701","{}","invoicedetail-525205","2024-10-09T00:00:00Z","invoice-223928","2024-10-05T00:00:00Z","Open","Google","USD",8071.037058,"invoicedetail-525205","2024-10-12T00:00:00Z","Due on receipt","PO-648530","referenceinvoice-580636"
7354.597236,"billingaccount-612643","USD","2024-10-01T00:00:00Z","2024-09-01T00:00:00Z","Usage","2024-08-13T00:00:00Z","InvoiceDetailDescription 8720","{}","invoicedetail-748410","2024-10-04T00:00:00Z","invoice-148026","2024-10-02T00:00:00Z","Open","Microsoft","USD",7012.968112,"invoicedetail-748410","2024-10-10T00:00:00Z","Net 30","PO-115063","referenceinvoice-280616"
1706.893879,"billingaccount-719752","USD","2024-10-01T00:00:00Z","2024-09-01T00:00:00Z","Usage","2024-08-22T00:00:00Z","InvoiceDetailDescription 2742","{}","invoicedetail-219726","2024-10-02T00:00:00Z","invoice-621292","2024-10-05T00:00:00Z","Voided","AWS","USD",7991.752223,"invoicedetail-219726","2024-10-31T00:00:00Z","Net 30","PO-166175","referenceinvoice-943530"
1208.024396,"billingaccount-817318","USD","2024-10-01T00:00:00Z","2024-09-01T00:00:00Z","Adjustment","2024-08-18T00:00:00Z","InvoiceDetailDescription 9943","{}","invoicedetail-244000","2024-10-06T00:00:00Z","invoice-437211","2024-10-05T00:00:00Z","Open","Microsoft","USD",7642.278824,"invoicedetail-244000","2024-10-22T00:00:00Z","Due on receipt","PO-281873","referenceinvoice-451801"
1680.508531,"billingaccount-487896","USD","2024-10-01T00:00:00Z","2024-09-01T00:00:00Z","Adjustment","2024-08-28T00:00:00Z","InvoiceDetailDescription 3703","{}","invoicedetail-559969","2024-10-05T00:00:00Z","invoice-355479","2024-10-03T00:00:00Z","Voided","AWS","USD",406.988944,"invoicedetail-559969","2024-10-23T00:00:00Z","Net 30","PO-929478","referenceinvoice-988528"
63.495786,"billingaccount-288128","USD","2024-10-01T00:00:00Z","2024-09-01T00:00:00Z","Usage","2024-08-26T00:00:00Z","InvoiceDetailDescription 5648","{}","invoicedetail-536440","2024-10-01T00:00:00Z","invoice-827191","2024-10-05T00:00:00Z","Issued","Oracle","USD",6923.583308,"invoicedetail-536440","2024-10-14T00:00:00Z","Net 30","PO-250038","referenceinvoice-770905"
9380.896104,"billingaccount-740195","USD","2024-10-01T00:00:00Z","2024-09-01T00:00:00Z","Usage","2024-08-15T00:00:00Z","InvoiceDetailDescription 3949","{}","invoicedetail-852037","2024-10-08T00:00:00Z","invoice-624170","2024-10-05T00:00:00Z","Voided","Google","USD",9502.980641,"invoicedetail-852037","2024-10-19T00:00:00Z","Due on receipt","PO-966630","referenceinvoice-920597"
2356.390073,"billingaccount-223215","USD","2024-10-01T00:00:00Z","2024-09-01T00:00:00Z","Adjustment","2024-08-20T00:00:00Z","InvoiceDetailDescription 2567","{}","invoicedetail-748985","2024-10-07T00:00:00Z","invoice-479481","2024-10-02T00:00:00Z","Voided","Google","USD",5075.407566,"invoicedetail-748985","2024-10-26T00:00:00Z","Net 60","PO-907750","referenceinvoice-756895"
7966.129716,"billingaccount-818530","USD","2024-10-01T00:00:00Z","2024-09-01T00:00:00Z","Credit","2024-08-23T00:00:00Z","InvoiceDetailDescription 9151","{}","invoicedetail-284888","2024-10-01T00:00:00Z","invoice-267520","2024-10-03T00:00:00Z","Voided","Microsoft","USD",9226.730395,"invoicedetail-284888","2024-10-13T00:00:00Z","Net 30","PO-776185","referenceinvoice-481884"
6168.193505,"billingaccount-895248","USD","2024-10-01T00:00:00Z","2024-09-01T00:00:00Z","Credit","2024-08-25T00:00:00Z","InvoiceDetailDescription 1709","{}","invoicedetail-209493","2024-10-07T00:00:00Z","invoice-876383","2024-10-04T00:00:00Z","Open","Google","USD",9248.613457,"invoicedetail-209493","2024-10-21T00:00:00Z","Net 30","PO-265722","referenceinvoice-923648"
8950.791749,"billingaccount-856445","USD","2024-10-01T00:00:00Z","2024-09-01T00:00:00Z","Credit","2024-08-16T00:00:00Z","InvoiceDetailDescription 6340","{}","invoicedetail-539422","2024-10-09T00:00:00Z","invoice-308405","2024-10-02T00:00:00Z","Voided","AWS","USD",6768.525459,"invoicedetail-539422","2024-10-11T00:00:00Z","Net 60","PO-341238","referenceinvoice-916814"
7377.47866,"billingaccount-309668","USD","2024-10-01T00:00:00Z","2024-09-01T00:00:00Z","Credit","2024-08-21T00:00:00Z","InvoiceDetailDescription 4615","{}","invoicedetail-177101","2024-10-04T00:00:00Z","invoice-593869","2024-10-02T00:00:00Z","Voided","AWS","USD",4844.077159,"invoicedetail-177101","2024-10-16T00:00:00Z","Net 60","PO-251981","referenceinvoice-326665"
4577.40193,"billingaccount-303586","USD","2024-10-01T00:00:00Z","2024-09-01T00:00:00Z","Tax","2024-08-26T00:00:00Z","InvoiceDetailDescription 5418","{}","invoicedetail-312033","2024-10-07T00:00:00Z","invoice-452207","2024-10-04T00:00:00Z","Open","Oracle","USD",320.945955,"invoicedetail-312033","2024-10-15T00:00:00Z","Due on receipt","PO-162549","referenceinvoice-394234"
1712.013167,"billingaccount-460265","USD","2024-10-01T00:00:00Z","2024-09-01T00:00:00Z","Purchase","2024-08-28T00:00:00Z","InvoiceDetailDescription 5835","{}","invoicedetail-732958","2024-10-08T00:00:00Z","invoice-264404","2024-10-05T00:00:00Z","Voided","Microsoft","USD",9527.601422,"invoicedetail-732958","2024-10-25T00:00:00Z","Net 30","PO-706204","referenceinvoice-679606"
8621.990531,"billingaccount-326956","USD","2024-10-01T00:00:00Z","2024-09-01T00:00:00Z","Adjustment","2024-08-29T00:00:00Z","InvoiceDetailDescription 8757","{}","invoicedetail-977646","2024-10-07T00:00:00Z","invoice-585242","2024-10-06T00:00:00Z","Issued","Microsoft","USD",145.03857,"invoicedetail-977646","2024-10-28T00:00:00Z","Net 60","PO-871939","referenceinvoice-358635"
8918.226281,"billingaccount-720517","USD","2024-10-01T00:00:00Z","2024-09-01T00:00:00Z","Purchase","2024-08-21T00:00:00Z","InvoiceDetailDescription 1083","{}","invoicedetail-538065","2024-10-07T00:00:00Z","invoice-146372","2024-10-06T00:00:00Z","Open","Microsoft","USD",9912.735035,"invoicedetail-538065","2024-10-20T00:00:00Z","Due on receipt","PO-905942","referenceinvoice-628709"
8097.165212,"billingaccount-830494","USD","2024-10-01T00:00:00Z","2024-09-01T00:00:00Z","Usage","2024-08-18T00:00:00Z","InvoiceDetailDescription 8412","{}","invoicedetail-619344","2024-10-09T00:00:00Z","invoice-352194","2024-10-05T00:00:00Z","Open","AWS","USD",5584.869664,"invoicedetail-619344","2024-10-27T00:00:00Z","Net 30","PO-826830","referenceinvoice-867333"
2390.62396,"billingaccount-195136","USD","2024-10-01T00:00:00Z","2024-09-01T00:00:00Z","Usage","2024-08-25T00:00:00Z","InvoiceDetailDescription 8860","{}","invoicedetail-801534","2024-10-03T00:00:00Z","invoice-419644","2024-10-04T00:00:00Z","Open","Oracle","USD",7033.044879,"invoicedetail-801534","2024-10-20T00:00:00Z","Due on receipt","PO-883586","referenceinvoice-712011"
4053.603723,"billingaccount-928226","USD","2024-10-01T00:00:00Z","2024-09-01T00:00:00Z","Tax","2024-08-17T00:00:00Z","InvoiceDetailDescription 8607","{}","invoicedetail-838094","2024-10-08T00:00:00Z","invoice-764170","2024-10-03T00:00:00Z","Open","AWS","USD",8603.82651,"invoicedetail-838094","2024-11-01T00:00:00Z","Net 30","PO-503575","referenceinvoice-824304"
7528.88011,"billingaccount-831963","USD","2024-10-01T00:00:00Z","2024-09-01T00:00:00Z","Adjustment","2024-08-15T00:00:00Z","InvoiceDetailDescription 9887","{}","invoicedetail-703171","2024-10-01T00:00:00Z","invoice-933071","2024-10-04T00:00:00Z","Open","Google","USD",7876.918441,"invoicedetail-703171","2024-10-24T00:00:00Z","Net 30","PO-750594","referenceinvoice-452001"
1109.665437,"billingaccount-483349","USD","2024-10-01T00:00:00Z","2024-09-01T00:00:00Z","Credit","2024-08-15T00:00:00Z","InvoiceDetailDescription 1669","{}","invoicedetail-483329","2024-10-11T00:00:00Z","invoice-484232","2024-10-04T00:00:00Z","Open","AWS","USD",6481.726584,"invoicedetail-483329","2024-10-12T00:00:00Z","Due on receipt","PO-170260","referenceinvoice-687997"
1135.576788,"billingaccount-601736","USD","2024-10-01T00:00:00Z","2024-09-01T00:00:00Z","Adjustment","2024-08-27T00:00:00Z","InvoiceDetailDescription 4437","{}","invoicedetail-889759","2024-10-06T00:00:00Z","invoice-881206","2024-10-03T00:00:00Z","Open","Microsoft","USD",3204.638165,"invoicedetail-889759","2024-10-27T00:00:00Z","Net 60","PO-628027","referenceinvoice-813269"
3452.265818,"billingaccount-609845","USD","2024-10-01T00:00:00Z","2024-09-01T00:00:00Z","Adjustment","2024-08-23T00:00:00Z","InvoiceDetailDescription 9629","{}","invoicedetail-969856","2024-10-01T00:00:00Z","invoice-228670","2024-10-02T00:00:00Z","Issued","Oracle","USD",7098.252887,"invoicedetail-969856","2024-10-20T00:00:00Z","Due on receipt","PO-965472","referenceinvoice-658739"
9453.653223,"billingaccount-948083","USD","2024-10-01T00:00:00Z","2024-09-01T00:00:00Z","Usage","2024-08-17T00:00:00Z","InvoiceDetailDescription 4085","{}","invoicedetail-580115","2024-10-10T00:00:00Z","invoice-191549","2024-10-04T00:00:00Z","Open","Google","USD",3906.825028,"invoicedetail-580115","2024-11-01T00:00:00Z","Net 30","PO-402380","referenceinvoice-180685"
1479.54043,"billingaccount-257808","USD","2024-10-01T00:00:00Z","2024-09-01T00:00:00Z","Purchase","2024-08-26T00:00:00Z","InvoiceDetailDescription 9530","{}","invoicedetail-757746","2024-10-05T00:00:00Z","invoice-123792","2024-10-02T00:00:00Z","Issued","AWS","USD",4165.366588,"invoicedetail-757746","2024-10-31T00:00:00Z","Due on receipt","PO-667735","referenceinvoice-238440"
6446.844415,"billingaccount-405677","USD","2024-10-01T00:00:00Z","2024-09-01T00:00:00Z","Purchase","2024-08-20T00:00:00Z","InvoiceDetailDescription 2031","{}","invoicedetail-123107","2024-10-07T00:00:00Z","invoice-940946","2024-10-05T00:00:00Z","Open","Oracle","USD",8349.475186,"invoicedetail-123107","2024-11-04T00:00:00Z","Due on receipt","PO-775987","referenceinvoice-452192"
5933.572551,"billingaccount-830714","USD","2024-10-01T00:00:00Z","2024-09-01T00:00:00Z","Adjustment","2024-08-13T00:00:00Z","InvoiceDetailDescription 9986","{}","invoicedetail-566885","2024-10-06T00:00:00Z","invoice-580255","2024-10-04T00:00:00Z","Issued","Oracle","USD",5672.516609,"invoicedetail-566885","2024-10-26T00:00:00Z","Net 60","PO-280079","referenceinvoice-927607"
7697.497371,"billingaccount-149617","USD","2024-10-01T00:00:00Z","2024-09-01T00:00:00Z","Purchase","2024-08-24T00:00:00Z","InvoiceDetailDescription 6785","{}","invoicedetail-398196","2024-10-08T00:00:00Z","invoice-578073","2024-10-04T00:00:00Z","Open","Google","USD",6186.302299,"invoicedetail-398196","2024-10-20T00:00:00Z","Net 30","PO-846389","referenceinvoice-661320"
2379.053244,"billingaccount-143150","USD","2024-10-01T00:00:00Z","2024-09-01T00:00:00Z","Tax","2024-08-26T00:00:00Z","InvoiceDetailDescription 3072","{}","invoicedetail-562305","2024-10-03T00:00:00Z","invoice-373056","2024-10-03T00:00:00Z","Issued","Google","USD",1844.965831,"invoicedetail-562305","2024-10-15T00:00:00Z","Due on receipt","PO-841484","referenceinvoice-136374"
5398.665963,"billingaccount-270495","USD","2024-10-01T00:00:00Z","2024-09-01T00:00:00Z","Adjustment","2024-08-20T00:00:00Z","InvoiceDetailDescription 5940","{}","invoicedetail-227391","2024-10-03T00:00:00Z","invoice-126135","2024-10-04T00:00:00Z","Issued","Google","USD",9310.689159,"invoicedetail-227391","2024-10-25T00:00:00Z","Net 30","PO-580290","referenceinvoice-435772"
6472.43952,"billingaccount-409913","USD","2024-10-01T00:00:00Z","2024-09-01T00:00:00Z","Credit","2024-08-31T00:00:00Z","InvoiceDetailDescription 5748","{}","invoicedetail-890795","2024-10-09T00:00:00Z","invoice-701596","2024-10-06T00:00:00Z","Voided","Microsoft","USD",1470.834747,"invoicedetail-890795","2024-10-23T00:00:00Z","Due on receipt","PO-863933","referenceinvoice-563581"
6780.08337,"billingaccount-222553","USD","2024-10-01T00:00:00Z","2024-09-01T00:00:00Z","Tax","2024-08-28T00:00:00Z","InvoiceDetailDescription 1406","{}","invoicedetail-521139","2024-10-08T00:00:00Z","invoice-747518","2024-10-02T00:00:00Z","Open","Google","USD",4459.726912,"invoicedetail-521139","2024-10-13T00:00:00Z","Net 30","PO-442220","referenceinvoice-157706"
1957.156734,"billingaccount-187649","USD","2024-10-01T00:00:00Z","2024-09-01T00:00:00Z","Adjustment","2024-08-13T00:00:00Z","InvoiceDetailDescription 8298","{}","invoicedetail-809952","2024-10-09T00:00:00Z","invoice-804179","2024-10-03T00:00:00Z","Open","Microsoft","USD",9758.395069,"invoicedetail-809952","2024-10-18T00:00:00Z","Net 60","PO-303895","referenceinvoice-614290"
9084.469502,"billingaccount-478603","USD","2024-10-01T00:00:00Z","2024-09-01T00:00:00Z","Credit","2024-08-12T00:00:00Z","InvoiceDetailDescription 3423","{}","invoicedetail-850742","2024-10-10T00:00:00Z","invoice-995278","2024-10-06T00:00:00Z","Issued","Google","USD",3696.299671,"invoicedetail-850742","2024-10-14T00:00:00Z","Net 60","PO-112782","referenceinvoice-398477"
875.986309,"billingaccount-863209","USD","2024-10-01T00:00:00Z","2024-09-01T00:00:00Z","Credit","2024-08-20T00:00:00Z","InvoiceDetailDescription 7809","{}","invoicedetail-942725","2024-10-05T00:00:00Z","invoice-563999","2024-10-05T00:00:00Z","Issued","Google","USD",1637.903437,"invoicedetail-942725","2024-10-29T00:00:00Z","Due on receipt","PO-544420","referenceinvoice-863998"
1436.392829,"billingaccount-417960","USD","2024-10-01T00:00:00Z","2024-09-01T00:00:00Z","Credit","2024-08-27T00:00:00Z","InvoiceDetailDescription 9606","{}","invoicedetail-451709","2024-10-10T00:00:00Z","invoice-169327","2024-10-06T00:00:00Z","Voided","Oracle","USD",7561.140535,"invoicedetail-451709","2024-10-15T00:00:00Z","Net 30","PO-106940","referenceinvoice-529350"
7102.470068,"billingaccount-891930","USD","2024-10-01T00:00:00Z","2024-09-01T00:00:00Z","Purchase","2024-08-18T00:00:00Z","InvoiceDetailDescription 4264","{}","invoicedetail-295041","2024-10-03T00:00:00Z","invoice-972712","2024-10-06T00:00:00Z","Issued","Google","USD",2894.631665,"invoicedetail-295041","2024-10-27T00:00:00Z","Net 60","PO-144284","referenceinvoice-962767"
7398.560231,"billingaccount-335426","USD","2024-10-01T00:00:00Z","2024-09-01T00:00:00Z","Usage","2024-08-13T00:00:00Z","InvoiceDetailDescription 1040","{}","invoicedetail-261505","2024-10-05T00:00:00Z","invoice-375436","2024-10-05T00:00:00Z","Issued","Google","USD",9560.265961,"invoicedetail-261505","2024-10-29T00:00:00Z","Due on receipt","PO-595495","referenceinvoice-230208"
6447.858456,"billingaccount-129824","USD","2024-10-01T00:00:00Z","2024-09-01T00:00:00Z","Usage","2024-08-18T00:00:00Z","InvoiceDetailDescription 5541","{}","invoicedetail-617000","2024-10-03T00:00:00Z","invoice-169966","2024-10-05T00:00:00Z","Voided","Google","USD",7455.655736,"invoicedetail-617000","2024-11-03T00:00:00Z","Due on receipt","PO-603825","referenceinvoice-693047"
8182.807946,"billingaccount-491330","USD","2024-10-01T00:00:00Z","2024-09-01T00:00:00Z","Adjustment","2024-08-23T00:00:00Z","InvoiceDetailDescription 1287","{}","invoicedetail-986340","2024-10-11T00:00:00Z","invoice-372144","2024-10-05T00:00:00Z","Open","Oracle","USD",5816.544969,"invoicedetail-986340","2024-11-03T00:00:00Z","Net 30","PO-435209","referenceinvoice-583439"
3611.634479,"billingaccount-767153","USD","2024-10-01T00:00:00Z","2024-09-01T00:00:00Z","Tax","2024-08-20T00:00:00Z","InvoiceDetailDescription 1798","{}","invoicedetail-403936","2024-10-03T00:00:00Z","invoice-405831","2024-10-02T00:00:00Z","Voided","Microsoft","USD",6389.465253,"invoicedetail-403936","2024-10-17T00:00:00Z","Net 30","PO-638828","referenceinvoice-303229"
3226.068606,"billingaccount-431570","USD","2024-10-01T00:00:00Z","2024-09-01T00:00:00Z","Tax","2024-08-28T00:00:00Z","InvoiceDetailDescription 5447","{}","invoicedetail-818739","2024-10-10T00:00:00Z","invoice-831871","2024-10-03T00:00:00Z","Voided","Microsoft","USD",3625.226773,"invoicedetail-818739","2024-10-27T00:00:00Z","Due on receipt","PO-708222","referenceinvoice-468710"
3730.141951,"billingaccount-608453","USD","2024-10-01T00:00:00Z","2024-09-01T00:00:00Z","Credit","2024-08-31T00:00:00Z","InvoiceDetailDescription 6575","{}","invoicedetail-270948","2024-10-03T00:00:00Z","invoice-207392","2024-10-06T00:00:00Z","Open","Microsoft","USD",1545.549147,"invoicedetail-270948","2024-10-22T00:00:00Z","Net 30","PO-971968","referenceinvoice-297569"
8188.447441,"billingaccount-118223","USD","2024-10-01T00:00:00Z","2024-09-01T00:00:00Z","Credit","2024-08-18T00:00:00Z","InvoiceDetailDescription 6705","{}","invoicedetail-426708","2024-10-08T00:00:00Z","invoice-824619","2024-10-02T00:00:00Z","Issued","AWS","USD",1390.139819,"invoicedetail-426708","2024-10-12T00:00:00Z","Net 60","PO-726680","referenceinvoice-648532"
8145.741084,"billingaccount-333159","USD","2024-10-01T00:00:00Z","2024-09-01T00:00:00Z","Purchase","2024-08-26T00:00:00Z","InvoiceDetailDescription 3332","{}","invoicedetail-821469","2024-10-05T00:00:00Z","invoice-337580","2024-10-02T00:00:00Z","Issued","Google","USD",1253.441811,"invoicedetail-821469","2024-11-01T00:00:00Z","Net 30","PO-182423","referenceinvoice-545440"
425.169408,"billingaccount-213054","USD","2024-10-01T00:00:00Z","2024-09-01T00:00:00Z","Usage","2024-08-29T00:00:00Z","InvoiceDetailDescription 9412","{}","invoicedetail-721990","2024-10-01T00:00:00Z","invoice-162144","2024-10-05T00:00:00Z","Issued","AWS","USD",1189.22218,"invoicedetail-721990","2024-10-25T00:00:00Z","Net 60","PO-145383","referenceinvoice-169465"
2054.011866,"billingaccount-309740","USD","2024-10-01T00:00:00Z","2024-09-01T00:00:00Z","Purchase","2024-08-31T00:00:00Z","InvoiceDetailDescription 6759","{}","invoicedetail-130680","2024-10-02T00:00:00Z","invoice-195189","2024-10-02T00:00:00Z","Open","Google","USD",8458.615225,"invoicedetail-130680","2024-10-28T00:00:00Z","Net 60","PO-707913","referenceinvoice-464733"
5049.092291,"billingaccount-171656","USD","2024-10-01T00:00:00Z","2024-09-01T00:00:00Z","Usage","2024-08-26T00:00:00Z","InvoiceDetailDescription 1229","{}","invoicedetail-654527","2024-10-09T00:00:00Z","invoice-327538","2024-10-06T00:00:00Z","Voided","Google","USD",1915.475202,"invoicedetail-654527","2024-10-20T00:00:00Z","Net 60","PO-280117","referenceinvoice-890645"
4747.155038,"billingaccount-832045","USD","2024-10-01T00:00:00Z","2024-09-01T00:00:00Z","Adjustment","2024-08-28T00:00:00Z","InvoiceDetailDescription 4033","{}","invoicedetail-561023","2024-10-04T00:00:00Z","invoice-806242","2024-10-06T00:00:00Z","Open","AWS","USD",1808.485376,"invoicedetail-561023","2024-11-04T00:00:00Z","Net 60","PO-498055","referenceinvoice-544692"
7614.094465,"billingaccount-429546","USD","2024-10-01T00:00:00Z","2024-09-01T00:00:00Z","Usage","2024-08-15T00:00:00Z","InvoiceDetailDescription 8633","{}","invoicedetail-215674","2024-10-04T00:00:00Z","invoice-644973","2024-10-05T00:00:00Z","Open","Microsoft","USD",4958.160204,"invoicedetail-215674","2024-10-15T00:00:00Z","Net 60","PO-838963","referenceinvoice-402274"
3847.811169,"billingaccount-579142","USD","2024-10-01T00:00:00Z","2024-09-01T00:00:00Z","Adjustment","2024-08-29T00:00:00Z","InvoiceDetailDescription 6111","{}","invoicedetail-820420","2024-10-06T00:00:00Z","invoice-981946","2024-10-05T00:00:00Z","Issued","AWS","USD",2258.734297,"invoicedetail-820420","2024-10-15T00:00:00Z","Net 60","PO-404704","referenceinvoice-996915"
3674.413948,"billingaccount-113406","USD","2024-10-01T00:00:00Z","2024-09-01T00:00:00Z","Credit","2024-08-25T00:00:00Z","InvoiceDetailDescription 2723","{}","invoicedetail-515623","2024-10-02T00:00:00Z","invoice-559337","2024-10-05T00:00:00Z","Voided","Oracle","USD",6585.482633,"invoicedetail-515623","2024-11-02T00:00:00Z","Net 30","PO-225008","referenceinvoice-250331"
9252.903155,"billingaccount-276919","USD","2024-10-01T00:00:00Z","2024-09-01T00:00:00Z","Usage","2024-08-19T00:00:00Z","InvoiceDetailDescription 6959","{}","invoicedetail-308757","2024-10-10T00:00:00Z","invoice-455081","2024-10-02T00:00:00Z","Open","Oracle","USD",5949.608299,"invoicedetail-308757","2024-11-01T00:00:00Z","Net 60","PO-228725","referenceinvoice-344181"
2729.727906,"billingaccount-927843","USD","2024-10-01T00:00:00Z","2024-09-01T00:00:00Z","Credit","2024-08-16T00:00:00Z","InvoiceDetailDescription 6834","{}","invoicedetail-598940","2024-10-05T00:00:00Z","invoice-799061","2024-10-06T00:00:00Z","Voided","Oracle","USD",9501.388178,"invoicedetail-598940","2024-10-31T00:00:00Z","Net 60","PO-636256","referenceinvoice-392438"
4893.413819,"billingaccount-342034","USD","2024-10-01T00:00:00Z","2024-09-01T00:00:00Z","Purchase","2024-08-17T00:00:00Z","InvoiceDetailDescription 1486","{}","invoicedetail-204441","2024-10-02T00:00:00Z","invoice-873637","2024-10-02T00:00:00Z","Open","Microsoft","USD",8303.124686,"invoicedetail-204441","2024-10-17T00:00:00Z","Net 60","PO-811047","referenceinvoice-128048"
3027.526112,"billingaccount-753506","USD","2024-10-01T00:00:00Z","2024-09-01T00:00:00Z","Usage","2024-08-19T00:00:00Z","InvoiceDetailDescription 2253","{}","invoicedetail-793193","2024-10-10T00:00:00Z","invoice-888119","2024-10-04T00:00:00Z","Voided","Microsoft","USD",7675.721086,"invoicedetail-793193","2024-10-15T00:00:00Z","Net 60","PO-311740","referenceinvoice-407823"
3436.156497,"billingaccount-666785","USD","2024-10-01T00:00:00Z","2024-09-01T00:00:00Z","Adjustment","2024-08-16T00:00:00Z","InvoiceDetailDescription 1289","{}","invoicedetail-901075","2024-10-09T00:00:00Z","invoice-133133","2024-10-04T00:00:00Z","Issued","Oracle","USD",8801.25671,"invoicedetail-901075","2024-10-28T00:00:00Z","Net 30","PO-502265","referenceinvoice-571980"
328.597961,"billingaccount-683707","USD","2024-10-01T00:00:00Z","2024-09-01T00:00:00Z","Tax","2024-08-19T00:00:00Z","InvoiceDetailDescription 3689","{}","invoicedetail-615353","2024-10-08T00:00:00Z","invoice-551601","2024-10-05T00:00:00Z","Open","Google","USD",3124.596753,"invoicedetail-615353","2024-10-13T00:00:00Z","Net 60","PO-611133","referenceinvoice-901123"
5537.838987,"billingaccount-665593","USD","2024-10-01T00:00:00Z","2024-09-01T00:00:00Z","Adjustment","2024-08-13T00:00:00Z","InvoiceDetailDescription 8697","{}","invoicedetail-599028","2024-10-11T00:00:00Z","invoice-689567","2024-10-05T00:00:00Z","Open","AWS","USD",5066.850488,"invoicedetail-599028","2024-11-02T00:00:00Z","Net 60","PO-376185","referenceinvoice-618721"
3204.827835,"billingaccount-129514","USD","2024-10-01T00:00:00Z","2024-09-01T00:00:00Z","Adjustment","2024-08-12T00:00:00Z","InvoiceDetailDescription 1739","{}","invoicedetail-234425","2024-10-11T00:00:00Z","invoice-977589","2024-10-04T00:00:00Z","Issued","Oracle","USD",3488.767878,"invoicedetail-234425","2024-10-20T00:00:00Z","Due on receipt","PO-712333","referenceinvoice-128206"
9919.455227,"billingaccount-531939","USD","2024-10-01T00:00:00Z","2024-09-01T00:00:00Z","Tax","2024-08-19T00:00:00Z","InvoiceDetailDescription 1924","{}","invoicedetail-793360","2024-10-02T00:00:00Z","invoice-356092","2024-10-05T00:00:00Z","Open","Google","USD",2346.220884,"invoicedetail-793360","2024-10-23T00:00:00Z","Net 60","PO-721314","referenceinvoice-189067"
197.119902,"billingaccount-441958","USD","2024-10-01T00:00:00Z","2024-09-01T00:00:00Z","Usage","2024-08-22T00:00:00Z","InvoiceDetailDescription 8551","{}","invoicedetail-789719","2024-10-02T00:00:00Z","invoice-542995","2024-10-04T00:00:00Z","Voided","AWS","USD",5147.598229,"invoicedetail-789719","2024-10-16T00:00:00Z","Net 60","PO-379570","referenceinvoice-121393"
5703.535407,"billingaccount-438083","USD","2024-10-01T00:00:00Z","2024-09-01T00:00:00Z","Adjustment","2024-08-13T00:00:00Z","InvoiceDetailDescription 2601","{}","invoicedetail-947591","2024-10-01T00:00:00Z","invoice-612081","2024-10-04T00:00:00Z","Open","Oracle","USD",6908.639645,"invoicedetail-947591","2024-10-23T00:00:00Z","Net 30","PO-452287","referenceinvoice-620860"
9694.277528,"billingaccount-311559","USD","2024-10-01T00:00:00Z","2024-09-01T00:00:00Z","Credit","2024-08-26T00:00:00Z","InvoiceDetailDescription 2234","{}","invoicedetail-981202","2024-10-10T00:00:00Z","invoice-991640","2024-10-04T00:00:00Z","Voided","Google","USD",2140.801049,"invoicedetail-981202","2024-10-22T00:00:00Z","Net 60","PO-149840","referenceinvoice-411762"
8441.86884,"billingaccount-199335","USD","2024-10-01T00:00:00Z","2024-09-01T00:00:00Z","Adjustment","2024-08-24T00:00:00Z","InvoiceDetailDescription 6518","{}","invoicedetail-386643","2024-10-10T00:00:00Z","invoice-170537","2024-10-02T00:00:00Z","Voided","Oracle","USD",8011.856715,"invoicedetail-386643","2024-10-31T00:00:00Z","Net 60","PO-547852","referenceinvoice-319927"
8041.267119,"billingaccount-553939","USD","2024-10-01T00:00:00Z","2024-09-01T00:00:00Z","Adjustment","2024-08-29T00:00:00Z","InvoiceDetailDescription 6133","{}","invoicedetail-309795","2024-10-11T00:00:00Z","invoice-534439","2024-10-04T00:00:00Z","Issued","Google","USD",2512.647929,"invoicedetail-309795","2024-10-27T00:00:00Z","Due on receipt","PO-575244","referenceinvoice-804181"
5768.432952,"billingaccount-323297","USD","2024-10-01T00:00:00Z","2024-09-01T00:00:00Z","Credit","2024-08-31T00:00:00Z","InvoiceDetailDescription 5389","{}","invoicedetail-768914","2024-10-11T00:00:00Z","invoice-658596","2024-10-06T00:00:00Z","Voided","Microsoft","USD",8527.746481,"invoicedetail-768914","2024-10-18T00:00:00Z","Net 60","PO-693616","referenceinvoice-861911"
1477.436888,"billingaccount-257782","USD","2024-10-01T00:00:00Z","2024-09-01T00:00:00Z","Tax","2024-08-15T00:00:00Z","InvoiceDetailDescription 8133","{}","invoicedetail-530189","2024-10-04T00:00:00Z","invoice-434132","2024-10-04T00:00:00Z","Open","AWS","USD",6339.274884,"invoicedetail-530189","2024-10-25T00:00:00Z","Net 60","PO-379901","referenceinvoice-963723"
4058.659392,"billingaccount-219074","USD","2024-10-01T00:00:00Z","2024-09-01T00:00:00Z","Purchase","2024-08-26T00:00:00Z","InvoiceDetailDescription 4144","{}","invoicedetail-129049","2024-10-05T00:00:00Z","invoice-357516","2024-10-06T00:00:00Z","Issued","Google","USD",4641.597009,"invoicedetail-129049","2024-10-20T00:00:00Z","Due on receipt","PO-557318","referenceinvoice-542519"
291.418676,"billingaccount-928028","USD","2024-10-01T00:00:00Z","2024-09-01T00:00:00Z","Tax","2024-08-25T00:00:00Z","InvoiceDetailDescription 3883","{}","invoicedetail-775591","2024-10-03T00:00:00Z","invoice-993933","2024-10-04T00:00:00Z","Open","AWS","USD",9637.868905,"invoicedetail-775591","2024-10-15T00:00:00Z","Net 60","PO-920231","referenceinvoice-120875"
8671.717797,"billingaccount-526777","USD","2024-10-01T00:00:00Z","2024-09-01T00:00:00Z","Tax","2024-08-29T00:00:00Z","InvoiceDetailDescription 2479","{}","invoicedetail-516174","2024-10-06T00:00:00Z","invoice-980605","2024-10-06T00:00:00Z","Voided","AWS","USD",8427.502672,"invoicedetail-516174","2024-10-22T00:00:00Z","Net 30","PO-217369","referenceinvoice-698708"
2518.080584,"billingaccount-194632","USD","2024-10-01T00:00:00Z","2024-09-01T00:00:00Z","Purchase","2024-08-15T00:00:00Z","InvoiceDetailDescription 3003","{}","invoicedetail-910749","2024-10-11T00:00:00Z","invoice-945872","2024-10-06T00:00:00Z","Issued","AWS","USD",3292.85911,"invoicedetail-910749","2024-10-29T00:00:00Z","Due on receipt","PO-873048","referenceinvoice-508892"
1751.542554,"billingaccount-387883","USD","2024-10-01T00:00:00Z","2024-09-01T00:00:00Z","Credit","2024-08-18T00:00:00Z","InvoiceDetailDescription 7690","{}","invoicedetail-366659","2024-10-04T00:00:00Z","invoice-718115","2024-10-03T00:00:00Z","Open","Microsoft","USD",4903.585802,"invoicedetail-366659","2024-10-13T00:00:00Z","Net 60","PO-833602","referenceinvoice-218448"
2463.466895,"billingaccount-391224","USD","2024-10-01T00:00:00Z","2024-09-01T00:00:00Z","Purchase","2024-08-14T00:00:00Z","InvoiceDetailDescription 6947","{}","invoicedetail-598306","2024-10-07T00:00:00Z","invoice-850435","2024-10-05T00:00:00Z","Issued","Google","USD",8213.653662,"invoicedetail-598306","2024-11-02T00:00:00Z","Net 30","PO-776748","referenceinvoice-735242"
5527.279033,"billingaccount-424291","USD","2024-10-01T00:00:00Z","2024-09-01T00:00:00Z","Tax","2024-08-30T00:00:00Z","InvoiceDetailDescription 2999","{}","invoicedetail-660894","2024-10-11T00:00:00Z","invoice-347864","2024-10-03T00:00:00Z","Issued","AWS","USD",3884.710149,"invoicedetail-660894","2024-10-18T00:00:00Z","Net 60","PO-367946","referenceinvoice-415504"
9158.908012,"billingaccount-762021","USD","2024-10-01T00:00:00Z","2024-09-01T00:00:00Z","Tax","2024-08-24T00:00:00Z","InvoiceDetailDescription 7656","{}","invoicedetail-927659","2024-10-05T00:00:00Z","invoice-135527","2024-10-03T00:00:00Z","Issued","AWS","USD",8664.445883,"invoicedetail-927659","2024-10-15T00:00:00Z","Net 60","PO-593975","referenceinvoice-872739"
6984.821875,"billingaccount-630930","USD","2024-10-01T00:00:00Z","2024-09-01T00:00:00Z","Usage","2024-08-21T00:00:00Z","InvoiceDetailDescription 6764","{}","invoicedetail-541314","2024-10-07T00:00:00Z","invoice-731364","2024-10-02T00:00:00Z","Voided","Oracle","USD",8134.280484,"invoicedetail-541314","2024-10-14T00:00:00Z","Due on receipt","PO-442641","referenceinvoice-575279"
4434.04971,"billingaccount-772240","USD","2024-10-01T00:00:00Z","2024-09-01T00:00:00Z","Purchase","2024-08-30T00:00:00Z","InvoiceDetailDescription 1050","{}","invoicedetail-520124","2024-10-11T00:00:00Z","invoice-309794","2024-10-03T00:00:00Z","Voided","AWS","USD",3055.475378,"invoicedetail-520124","2024-10-30T00:00:00Z","Due on receipt","PO-186226","referenceinvoice-216211"
6857.533783,"billingaccount-931145","USD","2024-10-01T00:00:00Z","2024-09-01T00:00:00Z","Tax","2024-08-24T00:00:00Z","InvoiceDetailDescription 8397","{}","invoicedetail-601602","2024-10-09T00:00:00Z","invoice-870883","2024-10-03T00:00:00Z","Open","Microsoft","USD",2606.798796,"invoicedetail-601602","2024-10-29T00:00:00Z","Due on receipt","PO-721826","referenceinvoice-966929"
3675.995632,"billingaccount-512608","USD","2024-10-01T00:00:00Z","2024-09-01T00:00:00Z","Credit","2024-08-22T00:00:00Z","InvoiceDetailDescription 4677","{}","invoicedetail-121741","2024-10-04T00:00:00Z","invoice-124085","2024-10-02T00:00:00Z","Voided","Google","USD",6471.066893,"invoicedetail-121741","2024-10-22T00:00:00Z","Due on receipt","PO-339816","referenceinvoice-193298"
4010.349111,"billingaccount-549737","USD","2024-10-01T00:00:00Z","2024-09-01T00:00:00Z","Adjustment","2024-08-25T00:00:00Z","InvoiceDetailDescription 5262","{}","invoicedetail-256501","2024-10-05T00:00:00Z","invoice-193387","2024-10-03T00:00:00Z","Issued","Oracle","USD",1701.228838,"invoicedetail-256501","2024-10-11T00:00:00Z","Due on receipt","PO-223050","referenceinvoice-114800"
2244.839498,"billingaccount-313013","USD","2024-10-01T00:00:00Z","2024-09-01T00:00:00Z","Purchase","2024-08-17T00:00:00Z","InvoiceDetailDescription 5361","{}","invoicedetail-401950","2024-10-11T00:00:00Z","invoice-882702","2024-10-05T00:00:00Z","Issued","Oracle","USD",3820.735151,"invoicedetail-401950","2024-10-15T00:00:00Z","Net 60","PO-997935","referenceinvoice-316642"
1803.698719,"billingaccount-930958","USD","2024-10-01T00:00:00Z","2024-09-01T00:00:00Z","Purchase","2024-08-22T00:00:00Z","InvoiceDetailDescription 1471","{}","invoicedetail-404289","2024-10-11T00:00:00Z","invoice-374516","2024-10-03T00:00:00Z","Open","Microsoft","USD",6176.802401,"invoicedetail-404289","2024-10-23T00:00:00Z","Net 30","PO-487593","referenceinvoice-711218"
8714.434752,"billingaccount-826687","USD","2024-10-01T00:00:00Z","2024-09-01T00:00:00Z","Credit","2024-08-29T00:00:00Z","InvoiceDetailDescription 4476","{}","invoicedetail-847986","2024-10-01T00:00:00Z","invoice-502124","2024-10-05T00:00:00Z","Voided","Oracle","USD",4232.909511,"invoicedetail-847986","2024-10-16T00:00:00Z","Due on receipt","PO-368672","referenceinvoice-176604"
9310.646075,"billingaccount-593808","USD","2024-10-01T00:00:00Z","2024-09-01T00:00:00Z","Tax","2024-08-14T00:00:00Z","InvoiceDetailDescription 1745","{}","invoicedetail-105621","2024-10-01T00:00:00Z","invoice-365978","2024-10-02T00:00:00Z","Voided","AWS","USD",6196.578769,"invoicedetail-105621","2024-10-19T00:00:00Z","Net 60","PO-513869","referenceinvoice-803869"
1793.722232,"billingaccount-278117","USD","2024-10-01T00:00:00Z","2024-09-01T00:00:00Z","Adjustment","2024-08-27T00:00:00Z","InvoiceDetailDescription 9074","{}","invoicedetail-455652","2024-10-09T00:00:00Z","invoice-590822","2024-10-02T00:00:00Z","Open","Google","USD",896.479809,"invoicedetail-455652","2024-10-27T00:00:00Z","Due on receipt","PO-656189","referenceinvoice-553959"
9785.16602,"billingaccount-623460","USD","2024-10-01T00:00:00Z","2024-09-01T00:00:00Z","Tax","2024-08-23T00:00:00Z","InvoiceDetailDescription 6907","{}","invoicedetail-550977","2024-10-02T00:00:00Z","invoice-396668","2024-10-04T00:00:00Z","Issued","Microsoft","USD",6129.315706,"invoicedetail-550977","2024-10-12T00:00:00Z","Net 60","PO-642085","referenceinvoice-428215"
5556.747083,"billingaccount-789354","USD","2024-10-01T00:00:00Z","2024-09-01T00:00:00Z","Credit","2024-08-26T00:00:00Z","InvoiceDetailDescription 1871","{}","invoicedetail-298096","2024-10-06T00:00:00Z","invoice-255840","2024-10-05T00:00:00Z","Open","Oracle","USD",2298.605456,"invoicedetail-298096","2024-10-16T00:00:00Z","Net 30","PO-593090","referenceinvoice-372864"
407.917085,"billingaccount-473838","USD","2024-10-01T00:00:00Z","2024-09-01T00:00:00Z","Adjustment","2024-08-17T00:00:00Z","InvoiceDetailDescription 8949","{}","invoicedetail-579995","2024-10-07T00:00:00Z","invoice-616935","2024-10-02T00:00:00Z","Open","Microsoft","USD",8458.383509,"invoicedetail-579995","2024-10-24T00:00:00Z","Net 30","PO-229660","referenceinvoice-466586"
7499.366515,"billingaccount-962529","USD","2024-10-01T00:00:00Z","2024-09-01T00:00:00Z","Tax","2024-08-25T00:00:00Z","InvoiceDetailDescription 4479","{}","invoicedetail-711893","2024-10-05T00:00:00Z","invoice-104326","2024-10-03T00:00:00Z","Voided","AWS","USD",7668.476296,"invoicedetail-711893","2024-10-15T00:00:00Z","Net 30","PO-536646","referenceinvoice-180567"
259.621686,"billingaccount-814407","USD","2024-10-01T00:00:00Z","2024-09-01T00:00:00Z","Usage","2024-08-16T00:00:00Z","InvoiceDetailDescription 7458","{}","invoicedetail-491704","2024-10-11T00:00:00Z","invoice-719014","2024-10-02T00:00:00Z","Open","Microsoft","USD",8369.772086,"invoicedetail-491704","2024-10-19T00:00:00Z","Net 30","PO-130277","referenceinvoice-185000"
6580.063031,"billingaccount-445429","USD","2024-10-01T00:00:00Z","2024-09-01T00:00:00Z","Usage","2024-08-16T00:00:00Z","InvoiceDetailDescription 8423","{}","invoicedetail-440698","2024-10-08T00:00:00Z","invoice-867080","2024-10-04T00:00:00Z","Voided","Oracle","USD",9068.783667,"invoicedetail-440698","2024-10-30T00:00:00Z","Due on receipt","PO-235602","referenceinvoice-321634"
707.24089,"billingaccount-731548","USD","2024-10-01T00:00:00Z","2024-09-01T00:00:00Z","Credit","2024-08-22T00:00:00Z","InvoiceDetailDescription 2516","{}","invoicedetail-518233","2024-10-06T00:00:00Z","invoice-367558","2024-10-02T00:00:00Z","Open","AWS","USD",2400.801328,"invoicedetail-518233","2024-11-01T00:00:00Z","Net 60","PO-193520","referenceinvoice-121508"
6471.680012,"billingaccount-785836","USD","2024-10-01T00:00:00Z","2024-09-01T00:00:00Z","Purchase","2024-08-26T00:00:00Z","InvoiceDetailDescription 2975","{}","invoicedetail-413048","2024-10-07T00:00:00Z","invoice-614688","2024-10-05T00:00:00Z","Issued","Microsoft","USD",7358.892844,"invoicedetail-413048","2024-10-21T00:00:00Z","Net 60","PO-818234","referenceinvoice-732829"
5126.532257,"billingaccount-613406","USD","2024-10-01T00:00:00Z","2024-09-01T00:00:00Z","Credit","2024-08-20T00:00:00Z","InvoiceDetailDescription 7358","{}","invoicedetail-599583","2024-10-11T00:00:00Z","invoice-381521","2024-10-02T00:00:00Z","Voided","Microsoft","USD",6003.407495,"invoicedetail-599583","2024-10-20T00:00:00Z","Net 30","PO-893237","referenceinvoice-543061"
4260.170988,"billingaccount-142402","USD","2024-10-01T00:00:00Z","2024-09-01T00:00:00Z","Adjustment","2024-08-12T00:00:00Z","InvoiceDetailDescription 6599","{}","invoicedetail-586041","2024-10-03T00:00:00Z","invoice-809298","2024-10-05T00:00:00Z","Open","Google","USD",6476.106173,"invoicedetail-586041","2024-11-01T00:00:00Z","Due on receipt","PO-262602","referenceinvoice-619383"
9072.077111,"billingaccount-600811","USD","2024-10-01T00:00:00Z","2024-09-01T00:00:00Z","Tax","2024-08-22T00:00:00Z","InvoiceDetailDescription 3434","{}","invoicedetail-233997","2024-10-08T00:00:00Z","invoice-817555","2024-10-05T00:00:00Z","Issued","AWS","USD",8415.379543,"invoicedetail-233997","2024-10-14T00:00:00Z","Due on receipt","PO-548509","referenceinvoice-409834"
1076.321714,"billingaccount-545554","USD","2024-10-01T00:00:00Z","2024-09-01T00:00:00Z","Credit","2024-08-14T00:00:00Z","InvoiceDetailDescription 2548","{}","invoicedetail-587227","2024-10-02T00:00:00Z","invoice-792956","2024-10-02T00:00:00Z","Voided","AWS","USD",5684.782104,"invoicedetail-587227","2024-10-25T00:00:00Z","Net 60","PO-472724","referenceinvoice-367240"
6615.783234,"billingaccount-288274","USD","2024-10-01T00:00:00Z","2024-09-01T00:00:00Z","Purchase","2024-08-15T00:00:00Z","InvoiceDetailDescription 7438","{}","invoicedetail-147457","2024-10-01T00:00:00Z","invoice-187336","2024-10-02T00:00:00Z","Issued","AWS","USD",8767.553471,"invoicedetail-147457","2024-11-01T00:00:00Z","Net 60","PO-429196","referenceinvoice-715732"
9667.196268,"billingaccount-949352","USD","2024-10-01T00:00:00Z","2024-09-01T00:00:00Z","Purchase","2024-08-17T00:00:00Z","InvoiceDetailDescription 4458","{}","invoicedetail-294078","2024-10-10T00:00:00Z","invoice-182020","2024-10-04T00:00:00Z","Voided","Oracle","USD",9821.861878,"invoicedetail-294078","2024-10-21T00:00:00Z","Net 60","PO-806120","referenceinvoice-211495"
1166.782604,"billingaccount-280077","USD","2024-10-01T00:00:00Z","2024-09-01T00:00:00Z","Credit","2024-08-14T00:00:00Z","InvoiceDetailDescription 8539","{}","invoicedetail-825411","2024-10-01T00:00:00Z","invoice-524769","2024-10-02T00:00:00Z","Voided","Oracle","USD",9658.038076,"invoicedetail-825411","2024-10-21T00:00:00Z","Due on receipt","PO-861173","referenceinvoice-610365"
6738.031429,"billingaccount-823825","USD","2024-10-01T00:00:00Z","2024-09-01T00:00:00Z","Credit","2024-08-12T00:00:00Z","InvoiceDetailDescription 5958","{}","invoicedetail-191892","2024-10-10T00:00:00Z","invoice-231165","2024-10-04T00:00:00Z","Open","Google","USD",138.75918,"invoicedetail-191892","2024-11-02T00:00:00Z","Net 30","PO-955604","referenceinvoice-116656"
1451.541904,"billingaccount-353524","USD","2024-10-01T00:00:00Z","2024-09-01T00:00:00Z","Credit","2024-08-31T00:00:00Z","InvoiceDetailDescription 9824","{}","invoicedetail-300188","2024-10-04T00:00:00Z","invoice-190275","2024-10-05T00:00:00Z","Issued","Microsoft","USD",7697.211464,"invoicedetail-300188","2024-11-01T00:00:00Z","Net 30","PO-597013","referenceinvoice-542372"
7025.981057,"billingaccount-608608","USD","2024-10-01T00:00:00Z","2024-09-01T00:00:00Z","Credit","2024-08-28T00:00:00Z","InvoiceDetailDescription 1321","{}","invoicedetail-571351","2024-10-03T00:00:00Z","invoice-713654","2024-10-03T00:00:00Z","Open","AWS","USD",2013.3842,"invoicedetail-571351","2024-11-02T00:00:00Z","Due on receipt","PO-969742","referenceinvoice-974343"
6304.098803,"billingaccount-847732","USD","2024-10-01T00:00:00Z","2024-09-01T00:00:00Z","Credit","2024-08-30T00:00:00Z","InvoiceDetailDescription 7810","{}","invoicedetail-989838","2024-10-06T00:00:00Z","invoice-619782","2024-10-02T00:00:00Z","Voided","Oracle","USD",5786.612674,"invoicedetail-989838","2024-10-12T00:00:00Z","Due on receipt","PO-681230","referenceinvoice-404899"
5910.392756,"billingaccount-741199","USD","2024-10-01T00:00:00Z","2024-09-01T00:00:00Z","Credit","2024-08-16T00:00:00Z","InvoiceDetailDescription 4799","{}","invoicedetail-848987","2024-10-07T00:00:00Z","invoice-163653","2024-10-05T00:00:00Z","Voided","AWS","USD",190.19659,"invoicedetail-848987","2024-10-28T00:00:00Z","Due on receipt","PO-431192","referenceinvoice-680130"
1169.407405,"billingaccount-752944","USD","2024-10-01T00:00:00Z","2024-09-01T00:00:00Z","Tax","2024-08-23T00:00:00Z","InvoiceDetailDescription 8345","{}","invoicedetail-831396","2024-10-11T00:00:00Z","invoice-557420","2024-10-05T00:00:00Z","Open","AWS","USD",1613.334364,"invoicedetail-831396","2024-10-27T00:00:00Z","Due on receipt","PO-301537","referenceinvoice-592034"
5876.587101,"billingaccount-818247","USD","2024-10-01T00:00:00Z","2024-09-01T00:00:00Z","Tax","2024-08-17T00:00:00Z","InvoiceDetailDescription 8675","{}","invoicedetail-237529","2024-10-04T00:00:00Z","invoice-407645","2024-10-06T00:00:00Z","Voided","Google","USD",7113.851859,"invoicedetail-237529","2024-10-20T00:00:00Z","Net 60","PO-973548","referenceinvoice-805804"
2824.572153,"billingaccount-885650","USD","2024-10-01T00:00:00Z","2024-09-01T00:00:00Z","Usage","2024-08-16T00:00:00Z","InvoiceDetailDescription 8911","{}","invoicedetail-235367","2024-10-03T00:00:00Z","invoice-281708","2024-10-06T00:00:00Z","Open","Google","USD",1563.140944,"invoicedetail-235367","2024-10-19T00:00:00Z","Net 60","PO-205805","referenceinvoice-932026"
5568.305108,"billingaccount-119011","USD","2024-10-01T00:00:00Z","2024-09-01T00:00:00Z","Tax","2024-08-16T00:00:00Z","InvoiceDetailDescription 5273","{}","invoicedetail-474387","2024-10-05T00:00:00Z","invoice-809810","2024-10-03T00:00:00Z","Open","Oracle","USD",1747.14795,"invoicedetail-474387","2024-10-16T00:00:00Z","Due on receipt","PO-133522","referenceinvoice-946007"
2266.90256,"billingaccount-689280","USD","2024-10-01T00:00:00Z","2024-09-01T00:00:00Z","Purchase","2024-08-21T00:00:00Z","InvoiceDetailDescription 8968","{}","invoicedetail-370346","2024-10-07T00:00:00Z","invoice-456855","2024-10-02T00:00:00Z","Issued","AWS","USD",7693.739015,"invoicedetail-370346","2024-10-28T00:00:00Z","Due on receipt","PO-380484","referenceinvoice-258522"
9746.597566,"billingaccount-919621","USD","2024-10-01T00:00:00Z","2024-09-01T00:00:00Z","Adjustment","2024-08-30T00:00:00Z","InvoiceDetailDescription 2669","{}","invoicedetail-963617","2024-10-08T00:00:00Z","invoice-689795","2024-10-05T00:00:00Z","Open","AWS","USD",5073.057272,"invoicedetail-963617","2024-10-15T00:00:00Z","Net 30","PO-760525","referenceinvoice-223794"
4415.179101,"billingaccount-630471","USD","2024-10-01T00:00:00Z","2024-09-01T00:00:00Z","Credit","2024-08-20T00:00:00Z","InvoiceDetailDescription 2626","{}","invoicedetail-261790","2024-10-03T00:00:00Z","invoice-778526","2024-10-04T00:00:00Z","Issued","Microsoft","USD",3346.075253,"invoicedetail-261790","2024-11-02T00:00:00Z","Net 30","PO-228957","referenceinvoice-989816"
8348.133699,"billingaccount-596672","USD","2024-10-01T00:00:00Z","2024-09-01T00:00:00Z","Tax","2024-08-17T00:00:00Z","InvoiceDetailDescription 5698","{}","invoicedetail-629554","2024-10-07T00:00:00Z","invoice-279581","2024-10-02T00:00:00Z","Open","Microsoft","USD",2660.156293,"invoicedetail-629554","2024-10-16T00:00:00Z","Due on receipt","PO-891512","referenceinvoice-535168"
7872.157412,"billingaccount-244697","USD","2024-10-01T00:00:00Z","2024-09-01T00:00:00Z","Credit","2024-08-24T00:00:00Z","InvoiceDetailDescription 7773","{}","invoicedetail-529191","2024-10-03T00:00:00Z","invoice-581037","2024-10-06T00:00:00Z","Voided","Google","USD",7946.073464,"invoicedetail-529191","2024-10-26T00:00:00Z","Net 60","PO-131208","referenceinvoice-564077"
3383.036279,"billingaccount-521161","USD","2024-10-01T00:00:00Z","2024-09-01T00:00:00Z","Purchase","2024-08-31T00:00:00Z","InvoiceDetailDescription 8111","{}","invoicedetail-164454","2024-10-09T00:00:00Z","invoice-512369","2024-10-02T00:00:00Z","Open","Microsoft","USD",6601.761723,"invoicedetail-164454","2024-10-11T00:00:00Z","Due on receipt","PO-258284","referenceinvoice-702466"
8857.828504,"billingaccount-834831","USD","2024-10-01T00:00:00Z","2024-09-01T00:00:00Z","Adjustment","2024-08-15T00:00:00Z","InvoiceDetailDescription 5986","{}","invoicedetail-856601","2024-10-05T00:00:00Z","invoice-878774","2024-10-05T00:00:00Z","Issued","AWS","USD",9092.308532,"invoicedetail-856601","2024-10-24T00:00:00Z","Net 30","PO-967176","referenceinvoice-393371"
6243.596806,"billingaccount-748216","USD","2024-10-01T00:00:00Z","2024-09-01T00:00:00Z","Credit","2024-08-19T00:00:00Z","InvoiceDetailDescription 6656","{}","invoicedetail-951266","2024-10-08T00:00:00Z","invoice-919528","2024-10-03T00:00:00Z","Voided","Microsoft","USD",4045.057057,"invoicedetail-951266","2024-10-27T00:00:00Z","Net 30","PO-416178","referenceinvoice-188374"
7188.805397,"billingaccount-232126","USD","2024-10-01T00:00:00Z","2024-09-01T00:00:00Z","Adjustment","2024-08-14T00:00:00Z","InvoiceDetailDescription 9860","{}","invoicedetail-397719","2024-10-06T00:00:00Z","invoice-324116","2024-10-05T00:00:00Z","Open","AWS","USD",5116.716068,"invoicedetail-397719","2024-11-04T00:00:00Z","Net 60","PO-646660","referenceinvoice-457259"
2586.901802,"billingaccount-972655","USD","2024-10-01T00:00:00Z","2024-09-01T00:00:00Z","Tax","2024-08-31T00:00:00Z","InvoiceDetailDescription 7926","{}","invoicedetail-629818","2024-10-01T00:00:00Z","invoice-215806","2024-10-06T00:00:00Z","Voided","Microsoft","USD",599.457386,"invoicedetail-629818","2024-10-31T00:00:00Z","Net 60","PO-372374","referenceinvoice-757446"
2979.611127,"billingaccount-872652","USD","2024-10-01T00:00:00Z","2024-09-01T00:00:00Z","Usage","2024-08-28T00:00:00Z","InvoiceDetailDescription 8424","{}","invoicedetail-455446","2024-10-01T00:00:00Z","invoice-347565","2024-10-02T00:00:00Z","Voided","Google","USD",9890.000789,"invoicedetail-455446","2024-10-23T00:00:00Z","Due on receipt","PO-849361","referenceinvoice-758237"
7847.892628,"billingaccount-849579","USD","2024-10-01T00:00:00Z","2024-09-01T00:00:00Z","Adjustment","2024-08-20T00:00:00Z","InvoiceDetailDescription 3293","{}","invoicedetail-849051","2024-10-05T00:00:00Z","invoice-496011","2024-10-04T00:00:00Z","Voided","Microsoft","USD",7375.123221,"invoicedetail-849051","2024-11-01T00:00:00Z","Net 30","PO-443772","referenceinvoice-641538"
7116.404207,"billingaccount-968679","USD","2024-10-01T00:00:00Z","2024-09-01T00:00:00Z","Credit","2024-08-20T00:00:00Z","InvoiceDetailDescription 2342","{}","invoicedetail-196729","2024-10-08T00:00:00Z","invoice-165214","2024-10-02T00:00:00Z","Issued","Microsoft","USD",8885.092968,"invoicedetail-196729","2024-10-13T00:00:00Z","Net 60","PO-325217","referenceinvoice-567836"
5882.394579,"billingaccount-644153","USD","2024-10-01T00:00:00Z","2024-09-01T00:00:00Z","Credit","2024-08-20T00:00:00Z","InvoiceDetailDescription 5320","{}","invoicedetail-712686","2024-10-11T00:00:00Z","invoice-623058","2024-10-06T00:00:00Z","Voided","AWS","USD",4234.22195,"invoicedetail-712686","2024-10-25T00:00:00Z","Net 60","PO-822487","referenceinvoice-613321"
4847.644024,"billingaccount-579946","USD","2024-10-01T00:00:00Z","2024-09-01T00:00:00Z","Purchase","2024-08-26T00:00:00Z","InvoiceDetailDescription 9408","{}","invoicedetail-654844","2024-10-03T00:00:00Z","invoice-223792","2024-10-06T00:00:00Z","Voided","Oracle","USD",2126.42539,"invoicedetail-654844","2024-10-17T00:00:00Z","Net 60","PO-134191","referenceinvoice-882758"
8523.177982,"billingaccount-215695","USD","2024-10-01T00:00:00Z","2024-09-01T00:00:00Z","Usage","2024-08-14T00:00:00Z","InvoiceDetailDescription 7055","{}","invoicedetail-699538","2024-10-06T00:00:00Z","invoice-403657","2024-10-02T00:00:00Z","Open","Microsoft","USD",5227.774989,"invoicedetail-699538","2024-10-28T00:00:00Z","Net 30","PO-489511","referenceinvoice-419736"
7912.037011,"billingaccount-249044","USD","2024-10-01T00:00:00Z","2024-09-01T00:00:00Z","Adjustment","2024-08-22T00:00:00Z","InvoiceDetailDescription 7910","{}","invoicedetail-151014","2024-10-05T00:00:00Z","invoice-419987","2024-10-05T00:00:00Z","Issued","Google","USD",2155.814557,"invoicedetail-151014","2024-10-12T00:00:00Z","Due on receipt","PO-612537","referenceinvoice-102187"
4175.751543,"billingaccount-700896","USD","2024-10-01T00:00:00Z","2024-09-01T00:00:00Z","Tax","2024-08-14T00:00:00Z","InvoiceDetailDescription 8411","{}","invoicedetail-454233","2024-10-06T00:00:00Z","invoice-919304","2024-10-02T00:00:00Z","Issued","AWS","USD",4752.275484,"invoicedetail-454233","2024-10-10T00:00:00Z","Due on receipt","PO-974180","referenceinvoice-735132"
6672.207449,"billingaccount-256219","USD","2024-10-01T00:00:00Z","2024-09-01T00:00:00Z","Tax","2024-08-27T00:00:00Z","InvoiceDetailDescription 2463","{}","invoicedetail-938663","2024-10-09T00:00:00Z","invoice-755119","2024-10-05T00:00:00Z","Voided","Microsoft","USD",6235.89474,"invoicedetail-938663","2024-10-26T00:00:00Z","Net 60","PO-344131","referenceinvoice-514603"
2773.750994,"billingaccount-192830","USD","2024-10-01T00:00:00Z","2024-09-01T00:00:00Z","Purchase","2024-08-14T00:00:00Z","InvoiceDetailDescription 1406","{}","invoicedetail-699780","2024-10-01T00:00:00Z","invoice-760717","2024-10-05T00:00:00Z","Voided","Google","USD",3088.480797,"invoicedetail-699780","2024-11-04T00:00:00Z","Due on receipt","PO-229794","referenceinvoice-775192"
7576.151643,"billingaccount-697944","USD","2024-10-01T00:00:00Z","2024-09-01T00:00:00Z","Adjustment","2024-08-25T00:00:00Z","InvoiceDetailDescription 4103","{}","invoicedetail-887017","2024-10-10T00:00:00Z","invoice-598949","2024-10-06T00:00:00Z","Voided","AWS","USD",8968.642802,"invoicedetail-887017","2024-10-31T00:00:00Z","Net 30","PO-790229","referenceinvoice-657695"
8296.905511,"billingaccount-979668","USD","2024-10-01T00:00:00Z","2024-09-01T00:00:00Z","Adjustment","2024-08-31T00:00:00Z","InvoiceDetailDescription 8278","{}","invoicedetail-188759","2024-10-05T00:00:00Z","invoice-946118","2024-10-03T00:00:00Z","Voided","Microsoft","USD",6068.548211,"invoicedetail-188759","2024-10-17T00:00:00Z","Net 60","PO-717499","referenceinvoice-147168"
4149.364235,"billingaccount-653545","USD","2024-10-01T00:00:00Z","2024-09-01T00:00:00Z","Tax","2024-08-31T00:00:00Z","InvoiceDetailDescription 7258","{}","invoicedetail-369670","2024-10-06T00:00:00Z","invoice-195446","2024-10-05T00:00:00Z","Open","Oracle","USD",9797.861136,"invoicedetail-369670","2024-10-17T00:00:00Z","Due on receipt","PO-276324","referenceinvoice-399212"
3067.942184,"billingaccount-527060","USD","2024-10-01T00:00:00Z","2024-09-01T00:00:00Z","Purchase","2024-08-26T00:00:00Z","InvoiceDetailDescription 1965","{}","invoicedetail-744324","2024-10-05T00:00:00Z","invoice-441092","2024-10-02T00:00:00Z","Open","Microsoft","USD",271.711924,"invoicedetail-744324","2024-10-13T00:00:00Z","Net 30","PO-412501","referenceinvoice-508881"
2579.3429,"billingaccount-967949","USD","2024-10-01T00:00:00Z","2024-09-01T00:00:00Z","Usage","2024-08-21T00:00:00Z","InvoiceDetailDescription 1849","{}","invoicedetail-312398","2024-10-03T00:00:00Z","invoice-351262","2024-10-05T00:00:00Z","Voided","AWS","USD",5860.290768,"invoicedetail-312398","2024-10-22T00:00:00Z","Net 60","PO-633328","referenceinvoice-888938"
4648.235332,"billingaccount-526850","USD","2024-10-01T00:00:00Z","2024-09-01T00:00:00Z","Usage","2024-08-28T00:00:00Z","InvoiceDetailDescription 8932","{}","invoicedetail-130310","2024-10-05T00:00:00Z","invoice-527288","2024-10-02T00:00:00Z","Voided","Oracle","USD",2337.404558,"invoicedetail-130310","2024-10-19T00:00:00Z","Net 30","PO-382234","referenceinvoice-680990"
5682.456375,"billingaccount-567646","USD","2024-10-01T00:00:00Z","2024-09-01T00:00:00Z","Usage","2024-08-24T00:00:00Z","InvoiceDetailDescription 9199","{}","invoicedetail-313340","2024-10-09T00:00:00Z","invoice-920910","2024-10-03T00:00:00Z","Open","AWS","USD",3733.052205,"invoicedetail-313340","2024-10-19T00:00:00Z","Net 30","PO-920011","referenceinvoice-357070"
8126.437177,"billingaccount-969659","USD","2024-10-01T00:00:00Z","2024-09-01T00:00:00Z","Adjustment","2024-08-14T00:00:00Z","InvoiceDetailDescription 5739","{}","invoicedetail-784781","2024-10-08T00:00:00Z","invoice-275512","2024-10-02T00:00:00Z","Open","Oracle","USD",601.750309,"invoicedetail-784781","2024-10-09T00:00:00Z","Net 60","PO-386578","referenceinvoice-726909"
8406.841942,"billingaccount-394976","USD","2024-10-01T00:00:00Z","2024-09-01T00:00:00Z","Usage","2024-08-19T00:00:00Z","InvoiceDetailDescription 3644","{}","invoicedetail-875089","2024-10-06T00:00:00Z","invoice-660033","2024-10-03T00:00:00Z","Voided","Google","USD",699.352197,"invoicedetail-875089","2024-10-28T00:00:00Z","Net 30","PO-514507","referenceinvoice-832356"
2108.501763,"billingaccount-629342","USD","2024-10-01T00:00:00Z","2024-09-01T00:00:00Z","Tax","2024-08-27T00:00:00Z","InvoiceDetailDescription 6613","{}","invoicedetail-766023","2024-10-09T00:00:00Z","invoice-374056","2024-10-04T00:00:00Z","Voided","AWS","USD",4527.180811,"invoicedetail-766023","2024-10-24T00:00:00Z","Net 30","PO-794447","referenceinvoice-437262"
158.746162,"billingaccount-825452","USD","2024-10-01T00:00:00Z","2024-09-01T00:00:00Z","Purchase","2024-08-25T00:00:00Z","InvoiceDetailDescription 1033","{}","invoicedetail-738359","2024-10-08T00:00:00Z","invoice-599676","2024-10-06T00:00:00Z","Open","Google","USD",9014.44994,"invoicedetail-738359","2024-10-23T00:00:00Z","Due on receipt","PO-281965","referenceinvoice-533232"
6512.664711,"billingaccount-664814","USD","2024-10-01T00:00:00Z","2024-09-01T00:00:00Z","Usage","2024-08-19T00:00:00Z","InvoiceDetailDescription 8293","{}","invoicedetail-804900","2024-10-09T00:00:00Z","invoice-229410","2024-10-02T00:00:00Z","Issued","Oracle","USD",9720.390276,"invoicedetail-804900","2024-10-29T00:00:00Z","Net 60","PO-967661","referenceinvoice-730520"
4626.925317,"billingaccount-302365","USD","2024-10-01T00:00:00Z","2024-09-01T00:00:00Z","Credit","2024-08-19T00:00:00Z","InvoiceDetailDescription 1153","{}","invoicedetail-332281","2024-10-03T00:00:00Z","invoice-879243","2024-10-02T00:00:00Z","Open","Google","USD",7584.209985,"invoicedetail-332281","2024-10-12T00:00:00Z","Due on receipt","PO-843647","referenceinvoice-475202"
2211.476805,"billingaccount-617795","USD","2024-10-01T00:00:00Z","2024-09-01T00:00:00Z","Tax","2024-08-29T00:00:00Z","InvoiceDetailDescription 1602","{}","invoicedetail-394394","2024-10-10T00:00:00Z","invoice-616777","2024-10-04T00:00:00Z","Voided","Microsoft","USD",7069.680065,"invoicedetail-394394","2024-11-02T00:00:00Z","Net 30","PO-107482","referenceinvoice-305611"
4940.113214,"billingaccount-678588","USD","2024-10-01T00:00:00Z","2024-09-01T00:00:00Z","Purchase","2024-08-28T00:00:00Z","InvoiceDetailDescription 3875","{}","invoicedetail-168535","2024-10-05T00:00:00Z","invoice-716735","2024-10-06T00:00:00Z","Open","Oracle","USD",7459.734385,"invoicedetail-168535","2024-10-29T00:00:00Z","Net 30","PO-372235","referenceinvoice-697586"
231.17505,"billingaccount-826648","USD","2024-10-01T00:00:00Z","2024-09-01T00:00:00Z","Adjustment","2024-08-15T00:00:00Z","InvoiceDetailDescription 5143","{}","invoicedetail-813745","2024-10-05T00:00:00Z","invoice-687324","2024-10-03T00:00:00Z","Issued","Microsoft","USD",19.549648,"invoicedetail-813745","2024-10-31T00:00:00Z","Net 60","PO-772101","referenceinvoice-805796"
1217.176965,"billingaccount-643471","USD","2024-10-01T00:00:00Z","2024-09-01T00:00:00Z","Credit","2024-08-21T00:00:00Z","InvoiceDetailDescription 9119","{}","invoicedetail-479030","2024-10-07T00:00:00Z","invoice-642383","2024-10-05T00:00:00Z","Open","AWS","USD",8838.024417,"invoicedetail-479030","2024-10-20T00:00:00Z","Net 30","PO-149246","referenceinvoice-391433"
3918.588847,"billingaccount-450964","USD","2024-10-01T00:00:00Z","2024-09-01T00:00:00Z","Usage","2024-08-14T00:00:00Z","InvoiceDetailDescription 1415","{}","invoicedetail-873266","2024-10-08T00:00:00Z","invoice-336588","2024-10-04T00:00:00Z","Voided","Oracle","USD",4238.202569,"invoicedetail-873266","2024-10-11T00:00:00Z","Net 30","PO-362127","referenceinvoice-306440"
6252.94701,"billingaccount-129226","USD","2024-10-01T00:00:00Z","2024-09-01T00:00:00Z","Credit","2024-08-21T00:00:00Z","InvoiceDetailDescription 8077","{}","invoicedetail-947311","2024-10-05T00:00:00Z","invoice-125190","2024-10-02T00:00:00Z","Voided","Microsoft","USD",7972.209053,"invoicedetail-947311","2024-10-29T00:00:00Z","Net 60","PO-981336","referenceinvoice-362573"
8325.175125,"billingaccount-961545","USD","2024-10-01T00:00:00Z","2024-09-01T00:00:00Z","Tax","2024-08-28T00:00:00Z","InvoiceDetailDescription 9514","{}","invoicedetail-932685","2024-10-08T00:00:00Z","invoice-348243","2024-10-03T00:00:00Z","Open","Microsoft","USD",7757.494718,"invoicedetail-932685","2024-10-20T00:00:00Z","Due on receipt","PO-559831","referenceinvoice-901215"
9745.255788,"billingaccount-134963","USD","2024-10-01T00:00:00Z","2024-09-01T00:00:00Z","Credit","2024-08-17T00:00:00Z","InvoiceDetailDescription 6132","{}","invoicedetail-988869","2024-10-10T00:00:00Z","invoice-827044","2024-10-02T00:00:00Z","Open","AWS","USD",7826.462398,"invoicedetail-988869","2024-10-11T00:00:00Z","Net 30","PO-941363","referenceinvoice-563385"
1018.275818,"billingaccount-158500","USD","2024-10-01T00:00:00Z","2024-09-01T00:00:00Z","Adjustment","2024-08-22T00:00:00Z","InvoiceDetailDescription 1855","{}","invoicedetail-409242","2024-10-10T00:00:00Z","invoice-991215","2024-10-05T00:00:00Z","Issued","AWS","USD",4016.83063,"invoicedetail-409242","2024-10-14T00:00:00Z","Due on receipt","PO-888490","referenceinvoice-531077"
4534.112467,"billingaccount-586758","USD","2024-10-01T00:00:00Z","2024-09-01T00:00:00Z","Credit","2024-08-12T00:00:00Z","InvoiceDetailDescription 2659","{}","invoicedetail-456113","2024-10-11T00:00:00Z","invoice-782540","2024-10-06T00:00:00Z","Voided","Microsoft","USD",7829.291375,"invoicedetail-456113","2024-10-13T00:00:00Z","Net 60","PO-642337","referenceinvoice-444136"
7132.993942,"billingaccount-721686","USD","2024-10-01T00:00:00Z","2024-09-01T00:00:00Z","Purchase","2024-08-28T00:00:00Z","InvoiceDetailDescription 3064","{}","invoicedetail-768324","2024-10-02T00:00:00Z","invoice-633618","2024-10-02T00:00:00Z","Issued","Microsoft","USD",3553.912149,"invoicedetail-768324","2024-10-28T00:00:00Z","Net 60","PO-859822","referenceinvoice-751009"
604.911829,"billingaccount-426806","USD","2024-10-01T00:00:00Z","2024-09-01T00:00:00Z","Adjustment","2024-08-26T00:00:00Z","InvoiceDetailDescription 8140","{}","invoicedetail-638051","2024-10-04T00:00:00Z","invoice-783362","2024-10-03T00:00:00Z","Issued","Oracle","USD",3111.882402,"invoicedetail-638051","2024-10-11T00:00:00Z","Due on receipt","PO-913166","referenceinvoice-252698"
2910.639448,"billingaccount-108474","USD","2024-10-01T00:00:00Z","2024-09-01T00:00:00Z","Adjustment","2024-08-16T00:00:00Z","InvoiceDetailDescription 3369","{}","invoicedetail-160101","2024-10-05T00:00:00Z","invoice-348918","2024-10-06T00:00:00Z","Voided","Microsoft","USD",8191.83788,"invoicedetail-160101","2024-10-23T00:00:00Z","Due on receipt","PO-157259","referenceinvoice-542563"
3415.519237,"billingaccount-800302","USD","2024-10-01T00:00:00Z","2024-09-01T00:00:00Z","Credit","2024-08-25T00:00:00Z","InvoiceDetailDescription 8657","{}","invoicedetail-728896","2024-10-04T00:00:00Z","invoice-826048","2024-10-03T00:00:00Z","Issued","Google","USD",8520.086823,"invoicedetail-728896","2024-10-12T00:00:00Z","Due on receipt","PO-451965","referenceinvoice-746030"
4543.02094,"billingaccount-927527","USD","2024-10-01T00:00:00Z","2024-09-01T00:00:00Z","Usage","2024-08-18T00:00:00Z","InvoiceDetailDescription 9125","{}","invoicedetail-330063","2024-10-06T00:00:00Z","invoice-103876","2024-10-03T00:00:00Z","Voided","Google","USD",2230.250887,"invoicedetail-330063","2024-10-13T00:00:00Z","Net 30","PO-589199","referenceinvoice-754227"
3759.118036,"billingaccount-519758","USD","2024-10-01T00:00:00Z","2024-09-01T00:00:00Z","Purchase","2024-08-24T00:00:00Z","InvoiceDetailDescription 1110","{}","invoicedetail-480441","2024-10-08T00:00:00Z","invoice-110372","2024-10-04T00:00:00Z","Open","Microsoft","USD",3578.866648,"invoicedetail-480441","2024-11-03T00:00:00Z","Due on receipt","PO-220784","referenceinvoice-249319"
439.048259,"billingaccount-131127","USD","2024-10-01T00:00:00Z","2024-09-01T00:00:00Z","Purchase","2024-08-17T00:00:00Z","InvoiceDetailDescription 4241","{}","invoicedetail-397901","2024-10-04T00:00:00Z","invoice-282605","2024-10-06T00:00:00Z","Open","Google","USD",8853.822296,"invoicedetail-397901","2024-10-24T00:00:00Z","Due on receipt","PO-282750","referenceinvoice-456324"
8428.814207,"billingaccount-206105","USD","2024-10-01T00:00:00Z","2024-09-01T00:00:00Z","Usage","2024-08-26T00:00:00Z","InvoiceDetailDescription 3248","{}","invoicedetail-497329","2024-10-04T00:00:00Z","invoice-786680","2024-10-02T00:00:00Z","Open","Microsoft","USD",3383.832793,"invoicedetail-497329","2024-10-14T00:00:00Z","Net 30","PO-419891","referenceinvoice-578364"
9771.01846,"billingaccount-753476","USD","2024-10-01T00:00:00Z","2024-09-01T00:00:00Z","Credit","2024-08-20T00:00:00Z","InvoiceDetailDescription 2071","{}","invoicedetail-224249","2024-10-06T00:00:00Z","invoice-251448","2024-10-03T00:00:00Z","Open","Microsoft","USD",7948.981165,"invoicedetail-224249","2024-10-26T00:00:00Z","Net 30","PO-658424","referenceinvoice-496566"
2445.496389,"billingaccount-148439","USD","2024-10-01T00:00:00Z","2024-09-01T00:00:00Z","Adjustment","2024-08-21T00:00:00Z","InvoiceDetailDescription 4098","{}","invoicedetail-995940","2024-10-10T00:00:00Z","invoice-661479","2024-10-05T00:00:00Z","Issued","Google","USD",7895.877894,"invoicedetail-995940","2024-11-01T00:00:00Z","Net 60","PO-359178","referenceinvoice-155846"
2092.375735,"billingaccount-185362","USD","2024-10-01T00:00:00Z","2024-09-01T00:00:00Z","Credit","2024-08-27T00:00:00Z","InvoiceDetailDescription 2062","{}","invoicedetail-275566","2024-10-09T00:00:00Z","invoice-633320","2024-10-06T00:00:00Z","Issued","Google","USD",7513.08038,"invoicedetail-275566","2024-10-28T00:00:00Z","Due on receipt","PO-887623","referenceinvoice-633891"
3218.231329,"billingaccount-492040","USD","2024-10-01T00:00:00Z","2024-09-01T00:00:00Z","Adjustment","2024-08-16T00:00:00Z","InvoiceDetailDescription 8918","{}","invoicedetail-850413","2024-10-09T00:00:00Z","invoice-618827","2024-10-05T00:00:00Z","Issued","Google","USD",2683.354585,"invoicedetail-850413","2024-10-17T00:00:00Z","Net 60","PO-769102","referenceinvoice-929029"
8631.682637,"billingaccount-515131","USD","2024-10-01T00:00:00Z","2024-09-01T00:00:00Z","Purchase","2024-08-25T00:00:00Z","InvoiceDetailDescription 6013","{}","invoicedetail-545668","2024-10-04T00:00:00Z","invoice-495400","2024-10-03T00:00:00Z","Voided","AWS","USD",1572.093363,"invoicedetail-545668","2024-10-24T00:00:00Z","Net 60","PO-366893","referenceinvoice-677295"
5188.207206,"billingaccount-341358","USD","2024-10-01T00:00:00Z","2024-09-01T00:00:00Z","Adjustment","2024-08-27T00:00:00Z","InvoiceDetailDescription 1674","{}","invoicedetail-587853","2024-10-02T00:00:00Z","invoice-637145","2024-10-04T00:00:00Z","Voided","AWS","USD",3363.739805,"invoicedetail-587853","2024-10-25T00:00:00Z","Net 60","PO-590262","referenceinvoice-553515"
3823.709266,"billingaccount-288288","USD","2024-10-01T00:00:00Z","2024-09-01T00:00:00Z","Credit","2024-08-20T00:00:00Z","InvoiceDetailDescription 4830","{}","invoicedetail-378527","2024-10-08T00:00:00Z","invoice-776703","2024-10-04T00:00:00Z","Open","Oracle","USD",3590.929352,"invoicedetail-378527","2024-10-19T00:00:00Z","Net 30","PO-408824","referenceinvoice-983533"
713.486773,"billingaccount-140140","USD","2024-10-01T00:00:00Z","2024-09-01T00:00:00Z","Adjustment","2024-08-23T00:00:00Z","InvoiceDetailDescription 4281","{}","invoicedetail-449970","2024-10-04T00:00:00Z","invoice-306198","2024-10-02T00:00:00Z","Voided","AWS","USD",3292.412926,"invoicedetail-449970","2024-10-12T00:00:00Z","Net 60","PO-881410","referenceinvoice-955181"
7398.210059,"billingaccount-373820","USD","2024-10-01T00:00:00Z","2024-09-01T00:00:00Z","Usage","2024-08-25T00:00:00Z","InvoiceDetailDescription 5906","{}","invoicedetail-395536","2024-10-10T00:00:00Z","invoice-962253","2024-10-03T00:00:00Z","Issued","Google","USD",7831.282541,"invoicedetail-395536","2024-11-01T00:00:00Z","Net 60","PO-525468","referenceinvoice-961784"
8654.661208,"billingaccount-338633","USD","2024-10-01T00:00:00Z","2024-09-01T00:00:00Z","Purchase","2024-08-16T00:00:00Z","InvoiceDetailDescription 4438","{}","invoicedetail-597484","2024-10-11T00:00:00Z","invoice-345076","2024-10-06T00:00:00Z","Voided","AWS","USD",5870.036392,"invoicedetail-597484","2024-10-17T00:00:00Z","Due on receipt","PO-894423","referenceinvoice-591507"
4287.929741,"billingaccount-831844","USD","2024-10-01T00:00:00Z","2024-09-01T00:00:00Z","Credit","2024-08-21T00:00:00Z","InvoiceDetailDescription 4433","{}","invoicedetail-559990","2024-10-02T00:00:00Z","invoice-571829","2024-10-04T00:00:00Z","Voided","Oracle","USD",301.040737,"invoicedetail-559990","2024-10-17T00:00:00Z","Net 30","PO-705561","referenceinvoice-234580"
2254.906402,"billingaccount-546399","USD","2024-10-01T00:00:00Z","2024-09-01T00:00:00Z","Credit","2024-08-31T00:00:00Z","InvoiceDetailDescription 9808","{}","invoicedetail-414192","2024-10-08T00:00:00Z","invoice-441919","2024-10-04T00:00:00Z","Voided","Google","USD",232.398403,"invoicedetail-414192","2024-10-21T00:00:00Z","Net 30","PO-245893","referenceinvoice-261156"
5738.787343,"billingaccount-509873","USD","2024-10-01T00:00:00Z","2024-09-01T00:00:00Z","Credit","2024-08-13T00:00:00Z","InvoiceDetailDescription 4345","{}","invoicedetail-509611","2024-10-11T00:00:00Z","invoice-166803","2024-10-06T00:00:00Z","Voided","Google","USD",3864.338412,"invoicedetail-509611","2024-11-01T00:00:00Z","Net 60","PO-213915","referenceinvoice-444815"
6748.855379,"billingaccount-286264","USD","2024-10-01T00:00:00Z","2024-09-01T00:00:00Z","Usage","2024-08-22T00:00:00Z","InvoiceDetailDescription 9005","{}","invoicedetail-128142","2024-10-02T00:00:00Z","invoice-295760","2024-10-03T00:00:00Z","Open","Oracle","USD",694.910356,"invoicedetail-128142","2024-10-13T00:00:00Z","Net 60","PO-397604","referenceinvoice-315893"
4546.636869,"billingaccount-486559","USD","2024-10-01T00:00:00Z","2024-09-01T00:00:00Z","Adjustment","2024-08-22T00:00:00Z","InvoiceDetailDescription 1180","{}","invoicedetail-280172","2024-10-11T00:00:00Z","invoice-442645","2024-10-06T00:00:00Z","Issued","Microsoft","USD",3911.05273,"invoicedetail-280172","2024-10-15T00:00:00Z","Net 30","PO-235410","referenceinvoice-662511"
1299.322834,"billingaccount-315667","USD","2024-10-01T00:00:00Z","2024-09-01T00:00:00Z","Tax","2024-08-16T00:00:00Z","InvoiceDetailDescription 8081","{}","invoicedetail-957626","2024-10-02T00:00:00Z","invoice-844144","2024-10-05T00:00:00Z","Voided","Oracle","USD",4747.800243,"invoicedetail-957626","2024-10-18T00:00:00Z","Due on receipt","PO-703027","referenceinvoice-425387"
2017.027289,"billingaccount-249623","USD","2024-10-01T00:00:00Z","2024-09-01T00:00:00Z","Credit","2024-08-15T00:00:00Z","InvoiceDetailDescription 2048","{}","invoicedetail-964637","2024-10-11T00:00:00Z","invoice-518630","2024-10-05T00:00:00Z","Voided","Microsoft","USD",8075.658325,"invoicedetail-964637","2024-10-20T00:00:00Z","Due on receipt","PO-444867","referenceinvoice-696879"
7372.907109,"billingaccount-401897","USD","2024-10-01T00:00:00Z","2024-09-01T00:00:00Z","Credit","2024-08-17T00:00:00Z","InvoiceDetailDescription 6681","{}","invoicedetail-834335","2024-10-08T00:00:00Z","invoice-983571","2024-10-06T00:00:00Z","Voided","Oracle","USD",7923.467852,"invoicedetail-834335","2024-10-14T00:00:00Z","Net 60","PO-742805","referenceinvoice-963428"
7332.439529,"billingaccount-580067","USD","2024-10-01T00:00:00Z","2024-09-01T00:00:00Z","Credit","2024-08-18T00:00:00Z","InvoiceDetailDescription 4005","{}","invoicedetail-832453","2024-10-04T00:00:00Z","invoice-696236","2024-10-03T00:00:00Z","Open","Microsoft","USD",3935.513176,"invoicedetail-832453","2024-10-29T00:00:00Z","Net 30","PO-351338","referenceinvoice-265603"
7265.377546,"billingaccount-327808","USD","2024-10-01T00:00:00Z","2024-09-01T00:00:00Z","Credit","2024-08-14T00:00:00Z","InvoiceDetailDescription 7738","{}","invoicedetail-898868","2024-10-05T00:00:00Z","invoice-679677","2024-10-02T00:00:00Z","Open","Google","USD",9953.163815,"invoicedetail-898868","2024-10-31T00:00:00Z","Net 30","PO-892091","referenceinvoice-210335"
2073.720955,"billingaccount-146803","USD","2024-10-01T00:00:00Z","2024-09-01T00:00:00Z","Credit","2024-08-18T00:00:00Z","InvoiceDetailDescription 1437","{}","invoicedetail-176751","2024-10-08T00:00:00Z","invoice-769900","2024-10-03T00:00:00Z","Voided","Google","USD",6756.220665,"invoicedetail-176751","2024-10-18T00:00:00Z","Net 60","PO-499670","referenceinvoice-460351"
2506.057331,"billingaccount-843544","USD","2024-10-01T00:00:00Z","2024-09-01T00:00:00Z","Purchase","2024-08-25T00:00:00Z","InvoiceDetailDescription 6359","{}","invoicedetail-802855","2024-10-07T00:00:00Z","invoice-885043","2024-10-02T00:00:00Z","Issued","Oracle","USD",4847.592373,"invoicedetail-802855","2024-10-09T00:00:00Z","Net 30","PO-186558","referenceinvoice-675069"
8415.625331,"billingaccount-278875","USD","2024-10-01T00:00:00Z","2024-09-01T00:00:00Z","Usage","2024-08-17T00:00:00Z","InvoiceDetailDescription 2646","{}","invoicedetail-285846","2024-10-03T00:00:00Z","invoice-408433","2024-10-05T00:00:00Z","Open","Microsoft","USD",5346.538331,"invoicedetail-285846","2024-10-20T00:00:00Z","Net 60","PO-276636","referenceinvoice-181354"
1779.402287,"billingaccount-849115","USD","2024-10-01T00:00:00Z","2024-09-01T00:00:00Z","Usage","2024-08-23T00:00:00Z","InvoiceDetailDescription 9721","{}","invoicedetail-326667","2024-10-03T00:00:00Z","invoice-563531","2024-10-05T00:00:00Z","Voided","AWS","USD",477.560225,"invoicedetail-326667","2024-10-23T00:00:00Z","Due on receipt","PO-950931","referenceinvoice-648273"
5982.053504,"billingaccount-151028","USD","2024-10-01T00:00:00Z","2024-09-01T00:00:00Z","Credit","2024-08-19T00:00:00Z","InvoiceDetailDescription 4305","{}","invoicedetail-361829","2024-10-05T00:00:00Z","invoice-492843","2024-10-05T00:00:00Z","Open","AWS","USD",1999.856911,"invoicedetail-361829","2024-10-13T00:00:00Z","Net 30","PO-542166","referenceinvoice-129301"
9587.452552,"billingaccount-201295","USD","2024-10-01T00:00:00Z","2024-09-01T00:00:00Z","Purchase","2024-08-21T00:00:00Z","InvoiceDetailDescription 3736","{}","invoicedetail-146150","2024-10-04T00:00:00Z","invoice-535872","2024-10-02T00:00:00Z","Voided","AWS","USD",1076.838286,"invoicedetail-146150","2024-10-16T00:00:00Z","Net 60","PO-438354","referenceinvoice-689356"
9389.23228,"billingaccount-226672","USD","2024-10-01T00:00:00Z","2024-09-01T00:00:00Z","Purchase","2024-08-12T00:00:00Z","InvoiceDetailDescription 4502","{}","invoicedetail-211028","2024-10-04T00:00:00Z","invoice-473897","2024-10-06T00:00:00Z","Issued","Microsoft","USD",1736.215578,"invoicedetail-211028","2024-10-25T00:00:00Z","Net 60","PO-785761","referenceinvoice-431601"
660.162841,"billingaccount-954678","USD","2024-10-01T00:00:00Z","2024-09-01T00:00:00Z","Tax","2024-08-19T00:00:00Z","InvoiceDetailDescription 7045","{}","invoicedetail-146073","2024-10-04T00:00:00Z","invoice-170601","2024-10-05T00:00:00Z","Open","AWS","USD",4110.968359,"invoicedetail-146073","2024-10-19T00:00:00Z","Due on receipt","PO-623843","referenceinvoice-206759"
9814.158949,"billingaccount-830139","USD","2024-10-01T00:00:00Z","2024-09-01T00:00:00Z","Credit","2024-08-23T00:00:00Z","InvoiceDetailDescription 3177","{}","invoicedetail-448176","2024-10-02T00:00:00Z","invoice-283847","2024-10-06T00:00:00Z","Voided","Microsoft","USD",7617.16283,"invoicedetail-448176","2024-10-23T00:00:00Z","Due on receipt","PO-433412","referenceinvoice-992919"
9121.03255,"billingaccount-570717","USD","2024-10-01T00:00:00Z","2024-09-01T00:00:00Z","Credit","2024-08-29T00:00:00Z","InvoiceDetailDescription 9372","{}","invoicedetail-771709","2024-10-06T00:00:00Z","invoice-877848","2024-10-02T00:00:00Z","Open","Oracle","USD",5034.200444,"invoicedetail-771709","2024-10-28T00:00:00Z","Due on receipt","PO-113937","referenceinvoice-343904"
7379.132839,"billingaccount-894029","USD","2024-10-01T00:00:00Z","2024-09-01T00:00:00Z","Purchase","2024-08-12T00:00:00Z","InvoiceDetailDescription 2300","{}","invoicedetail-162833","2024-10-02T00:00:00Z","invoice-244237","2024-10-04T00:00:00Z","Issued","AWS","USD",4987.264819,"invoicedetail-162833","2024-10-18T00:00:00Z","Net 30","PO-259038","referenceinvoice-494000"
7392.55636,"billingaccount-444656","USD","2024-10-01T00:00:00Z","2024-09-01T00:00:00Z","Purchase","2024-08-30T00:00:00Z","InvoiceDetailDescription 5556","{}","invoicedetail-432963","2024-10-04T00:00:00Z","invoice-774865","2024-10-06T00:00:00Z","Open","Microsoft","USD",5208.728596,"invoicedetail-432963","2024-10-27T00:00:00Z","Net 60","PO-779525","referenceinvoice-952188"
2422.489837,"billingaccount-665509","USD","2024-10-01T00:00:00Z","2024-09-01T00:00:00Z","Usage","2024-08-31T00:00:00Z","InvoiceDetailDescription 5068","{}","invoicedetail-940383","2024-10-04T00:00:00Z","invoice-820738","2024-10-04T00:00:00Z","Voided","Google","USD",7195.022197,"invoicedetail-940383","2024-10-21T00:00:00Z","Due on receipt","PO-500016","referenceinvoice-646802"
8698.667399,"billingaccount-173384","USD","2024-10-01T00:00:00Z","2024-09-01T00:00:00Z","Purchase","2024-08-26T00:00:00Z","InvoiceDetailDescription 1853","{}","invoicedetail-765181","2024-10-08T00:00:00Z","invoice-248407","2024-10-02T00:00:00Z","Open","Google","USD",1255.609996,"invoicedetail-765181","2024-10-11T00:00:00Z","Net 30","PO-721418","referenceinvoice-675507"
7249.891048,"billingaccount-426592","USD","2024-10-01T00:00:00Z","2024-09-01T00:00:00Z","Purchase","2024-08-24T00:00:00Z","InvoiceDetailDescription 4236","{}","invoicedetail-356822","2024-10-09T00:00:00Z","invoice-544613","2024-10-02T00:00:00Z","Open","Microsoft","USD",6058.512349,"invoicedetail-356822","2024-10-22T00:00:00Z","Net 60","PO-399214","referenceinvoice-704422"
9510.131923,"billingaccount-477048","USD","2024-10-01T00:00:00Z","2024-09-01T00:00:00Z","Credit","2024-08-25T00:00:00Z","InvoiceDetailDescription 7188","{}","invoicedetail-275915","2024-10-05T00:00:00Z","invoice-593578","2024-10-05T00:00:00Z","Issued","Oracle","USD",4226.972573,"invoicedetail-275915","2024-10-14T00:00:00Z","Due on receipt","PO-870627","referenceinvoice-554484"
8540.422103,"billingaccount-895720","USD","2024-10-01T00:00:00Z","2024-09-01T00:00:00Z","Tax","2024-08-16T00:00:00Z","InvoiceDetailDescription 9801","{}","invoicedetail-260221","2024-10-01T00:00:00Z","invoice-679707","2024-10-05T00:00:00Z","Voided","Microsoft","USD",1756.993179,"invoicedetail-260221","2024-10-25T00:00:00Z","Net 60","PO-586173","referenceinvoice-420704"
4808.443343,"billingaccount-449421","USD","2024-10-01T00:00:00Z","2024-09-01T00:00:00Z","Purchase","2024-08-22T00:00:00Z","InvoiceDetailDescription 8688","{}","invoicedetail-305222","2024-10-07T00:00:00Z","invoice-262240","2024-10-06T00:00:00Z","Open","Oracle","USD",41.805507,"invoicedetail-305222","2024-11-01T00:00:00Z","Due on receipt","PO-865847","referenceinvoice-860579"
9704.926367,"billingaccount-491270","USD","2024-10-01T00:00:00Z","2024-09-01T00:00:00Z","Credit","2024-08-16T00:00:00Z","InvoiceDetailDescription 9020","{}","invoicedetail-422763","2024-10-07T00:00:00Z","invoice-772188","2024-10-05T00:00:00Z","Voided","Google","USD",712.343559,"invoicedetail-422763","2024-10-24T00:00:00Z","Net 30","PO-230524","referenceinvoice-503519"
3485.786878,"billingaccount-843575","USD","2024-10-01T00:00:00Z","2024-09-01T00:00:00Z","Credit","2024-08-25T00:00:00Z","InvoiceDetailDescription 7032","{}","invoicedetail-830286","2024-10-07T00:00:00Z","invoice-160507","2024-10-04T00:00:00Z","Voided","Microsoft","USD",3853.331575,"invoicedetail-830286","2024-11-03T00:00:00Z","Net 60","PO-871399","referenceinvoice-358779"
7065.589553,"billingaccount-129628","USD","2024-10-01T00:00:00Z","2024-09-01T00:00:00Z","Purchase","2024-08-16T00:00:00Z","InvoiceDetailDescription 5281","{}","invoicedetail-734845","2024-10-01T00:00:00Z","invoice-577595","2024-10-04T00:00:00Z","Voided","Microsoft","USD",1473.673899,"invoicedetail-734845","2024-10-31T00:00:00Z","Net 30","PO-731399","referenceinvoice-706435"
7116.094672,"billingaccount-503017","USD","2024-10-01T00:00:00Z","2024-09-01T00:00:00Z","Credit","2024-08-31T00:00:00Z","InvoiceDetailDescription 2316","{}","invoicedetail-643725","2024-10-02T00:00:00Z","invoice-297995","2024-10-02T00:00:00Z","Issued","Microsoft","USD",1658.236074,"invoicedetail-643725","2024-10-29T00:00:00Z","Net 60","PO-365154","referenceinvoice-825443"
3079.788665,"billingaccount-531603","USD","2024-10-01T00:00:00Z","2024-09-01T00:00:00Z","Usage","2024-08-15T00:00:00Z","InvoiceDetailDescription 2790","{}","invoicedetail-767083","2024-10-09T00:00:00Z","invoice-700426","2024-10-05T00:00:00Z","Issued","Google","USD",8142.280217,"invoicedetail-767083","2024-10-30T00:00:00Z","Net 60","PO-885100","referenceinvoice-319703"
15.785776,"billingaccount-173234","USD","2024-10-01T00:00:00Z","2024-09-01T00:00:00Z","Credit","2024-08-22T00:00:00Z","InvoiceDetailDescription 9600","{}","invoicedetail-537090","2024-10-01T00:00:00Z","invoice-786315","2024-10-03T00:00:00Z","Issued","Oracle","USD",7330.422359,"invoicedetail-537090","2024-10-25T00:00:00Z","Net 30","PO-284970","referenceinvoice-492850"
5026.137527,"billingaccount-215593","USD","2024-10-01T00:00:00Z","2024-09-01T00:00:00Z","Credit","2024-08-27T00:00:00Z","InvoiceDetailDescription 4482","{}","invoicedetail-294655","2024-10-04T00:00:00Z","invoice-310701","2024-10-05T00:00:00Z","Open","Microsoft","USD",7499.157353,"invoicedetail-294655","2024-10-17T00:00:00Z","Net 30","PO-371950","referenceinvoice-528649"
2931.255854,"billingaccount-496077","USD","2024-10-01T00:00:00Z","2024-09-01T00:00:00Z","Usage","2024-08-12T00:00:00Z","InvoiceDetailDescription 5534","{}","invoicedetail-167384","2024-10-02T00:00:00Z","invoice-458772","2024-10-03T00:00:00Z","Open","Oracle","USD",5856.464001,"invoicedetail-167384","2024-10-12T00:00:00Z","Net 60","PO-608763","referenceinvoice-805486"
6653.222783,"billingaccount-927543","USD","2024-10-01T00:00:00Z","2024-09-01T00:00:00Z","Usage","2024-08-31T00:00:00Z","InvoiceDetailDescription 2586","{}","invoicedetail-321321","2024-10-01T00:00:00Z","invoice-647707","2024-10-04T00:00:00Z","Open","AWS","USD",3756.658033,"invoicedetail-321321","2024-10-11T00:00:00Z","Due on receipt","PO-898347","referenceinvoice-378749"
3365.502013,"billingaccount-814982","USD","2024-10-01T00:00:00Z","2024-09-01T00:00:00Z","Tax","2024-08-16T00:00:00Z","InvoiceDetailDescription 6164","{}","invoicedetail-956526","2024-10-06T00:00:00Z","invoice-351235","2024-10-06T00:00:00Z","Issued","Oracle","USD",6650.782853,"invoicedetail-956526","2024-10-26T00:00:00Z","Net 60","PO-740479","referenceinvoice-160022"
8705.415107,"billingaccount-521326","USD","2024-10-01T00:00:00Z","2024-09-01T00:00:00Z","Purchase","2024-08-21T00:00:00Z","InvoiceDetailDescription 1420","{}","invoicedetail-731147","2024-10-02T00:00:00Z","invoice-228864","2024-10-02T00:00:00Z","Voided","Google","USD",2794.675302,"invoicedetail-731147","2024-10-23T00:00:00Z","Due on receipt","PO-887941","referenceinvoice-954643"
6588.761052,"billingaccount-598282","USD","2024-10-01T00:00:00Z","2024-09-01T00:00:00Z","Adjustment","2024-08-20T00:00:00Z","InvoiceDetailDescription 7768","{}","invoicedetail-792299","2024-10-08T00:00:00Z","invoice-297064","2024-10-06T00:00:00Z","Open","Microsoft","USD",9861.814055,"invoicedetail-792299","2024-11-03T00:00:00Z","Net 60","PO-117438","referenceinvoice-764563"
6067.630163,"billingaccount-519603","USD","2024-10-01T00:00:00Z","2024-09-01T00:00:00Z","Adjustment","2024-08-30T00:00:00Z","InvoiceDetailDescription 2333","{}","invoicedetail-465254","2024-10-06T00:00:00Z","invoice-548702","2024-10-05T00:00:00Z","Issued","Google","USD",9868.714635,"invoicedetail-465254","2024-10-19T00:00:00Z","Due on receipt","PO-205335","referenceinvoice-869946"
1431.614449,"billingaccount-645316","USD","2024-10-01T00:00:00Z","2024-09-01T00:00:00Z","Adjustment","2024-08-22T00:00:00Z","InvoiceDetailDescription 9267","{}","invoicedetail-133287","2024-10-10T00:00:00Z","invoice-234072","2024-10-03T00:00:00Z","Issued","Oracle","USD",7968.207604,"invoicedetail-133287","2024-11-01T00:00:00Z","Net 60","PO-972786","referenceinvoice-805756"
6626.421104,"billingaccount-352603","USD","2024-10-01T00:00:00Z","2024-09-01T00:00:00Z","Purchase","2024-08-26T00:00:00Z","InvoiceDetailDescription 4467","{}","invoicedetail-278711","2024-10-08T00:00:00Z","invoice-889842","2024-10-02T00:00:00Z","Voided","Oracle","USD",6999.090023,"invoicedetail-278711","2024-10-24T00:00:00Z","Net 30","PO-556018","referenceinvoice-850534"
2203.76035,"billingaccount-370143","USD","2024-10-01T00:00:00Z","2024-09-01T00:00:00Z","Credit","2024-08-26T00:00:00Z","InvoiceDetailDescription 3016","{}","invoicedetail-797802","2024-10-06T00:00:00Z","invoice-242350","2024-10-05T00:00:00Z","Voided","AWS","USD",6335.481906,"invoicedetail-797802","2024-10-20T00:00:00Z","Net 60","PO-194835","referenceinvoice-934184"
6439.865406,"billingaccount-495323","USD","2024-10-01T00:00:00Z","2024-09-01T00:00:00Z","Credit","2024-08-24T00:00:00Z","InvoiceDetailDescription 8159","{}","invoicedetail-947718","2024-10-10T00:00:00Z","invoice-344703","2024-10-06T00:00:00Z","Open","Google","USD",2590.939486,"invoicedetail-947718","2024-10-15T00:00:00Z","Net 60","PO-191939","referenceinvoice-216793"
9420.076766,"billingaccount-700665","USD","2024-10-01T00:00:00Z","2024-09-01T00:00:00Z","Tax","2024-08-21T00:00:00Z","InvoiceDetailDescription 3087","{}","invoicedetail-994781","2024-10-10T00:00:00Z","invoice-428594","2024-10-03T00:00:00Z","Issued","AWS","USD",5769.168417,"invoicedetail-994781","2024-11-02T00:00:00Z","Net 30","PO-425896","referenceinvoice-164891"
7975.181392,"billingaccount-935259","USD","2024-10-01T00:00:00Z","2024-09-01T00:00:00Z","Purchase","2024-08-19T00:00:00Z","InvoiceDetailDescription 9515","{}","invoicedetail-795984","2024-10-07T00:00:00Z","invoice-730841","2024-10-04T00:00:00Z","Voided","Microsoft","USD",2221.415572,"invoicedetail-795984","2024-10-22T00:00:00Z","Net 60","PO-109634","referenceinvoice-664441"
4998.32665,"billingaccount-577924","USD","2024-10-01T00:00:00Z","2024-09-01T00:00:00Z","Purchase","2024-08-21T00:00:00Z","InvoiceDetailDescription 5643","{}","invoicedetail-252956","2024-10-03T00:00:00Z","invoice-883349","2024-10-04T00:00:00Z","Voided","Oracle","USD",8491.2747,"invoicedetail-252956","2024-10-18T00:00:00Z","Due on receipt","PO-136012","referenceinvoice-727971"
9968.486044,"billingaccount-840842","USD","2024-10-01T00:00:00Z","2024-09-01T00:00:00Z","Adjustment","2024-08-22T00:00:00Z","InvoiceDetailDescription 8836","{}","invoicedetail-761732","2024-10-09T00:00:00Z","invoice-968941","2024-10-02T00:00:00Z","Open","Google","USD",4950.255252,"invoicedetail-761732","2024-10-17T00:00:00Z","Due on receipt","PO-495007","referenceinvoice-161669"
7357.255746,"billingaccount-913735","USD","2024-10-01T00:00:00Z","2024-09-01T00:00:00Z","Purchase","2024-08-27T00:00:00Z","InvoiceDetailDescription 8987","{}","invoicedetail-862729","2024-10-04T00:00:00Z","invoice-510840","2024-10-03T00:00:00Z","Issued","Google","USD",9843.895422,"invoicedetail-862729","2024-11-01T00:00:00Z","Due on receipt","PO-989735","referenceinvoice-266926"
6778.986862,"billingaccount-465226","USD","2024-10-01T00:00:00Z","2024-09-01T00:00:00Z","Credit","2024-08-14T00:00:00Z","InvoiceDetailDescription 7407","{}","invoicedetail-175312","2024-10-07T00:00:00Z","invoice-653485","2024-10-04T00:00:00Z","Voided","AWS","USD",2830.3987,"invoicedetail-175312","2024-10-24T00:00:00Z","Due on receipt","PO-304568","referenceinvoice-835165"
8658.554316,"billingaccount-156752","USD","2024-10-01T00:00:00Z","2024-09-01T00:00:00Z","Tax","2024-08-28T00:00:00Z","InvoiceDetailDescription 8496","{}","invoicedetail-786433","2024-10-03T00:00:00Z","invoice-271646","2024-10-04T00:00:00Z","Voided","Oracle","USD",1375.609595,"invoicedetail-786433","2024-10-29T00:00:00Z","Due on receipt","PO-605876","referenceinvoice-405221"
6512.379945,"billingaccount-479821","USD","2024-10-01T00:00:00Z","2024-09-01T00:00:00Z","Adjustment","2024-08-25T00:00:00Z","InvoiceDetailDescription 2670","{}","invoicedetail-811267","2024-10-04T00:00:00Z","invoice-923655","2024-10-03T00:00:00Z","Open","Microsoft","USD",3765.557926,"invoicedetail-811267","2024-11-02T00:00:00Z","Net 60","PO-812449","referenceinvoice-982544"
1796.328794,"billingaccount-155021","USD","2024-10-01T00:00:00Z","2024-09-01T00:00:00Z","Usage","2024-08-30T00:00:00Z","InvoiceDetailDescription 9444","{}","invoicedetail-781676","2024-10-02T00:00:00Z","invoice-454928","2024-10-04T00:00:00Z","Voided","Microsoft","USD",4338.214395,"invoicedetail-781676","2024-10-26T00:00:00Z","Net 30","PO-757428","referenceinvoice-857649"
3966.447971,"billingaccount-417393","USD","2024-10-01T00:00:00Z","2024-09-01T00:00:00Z","Adjustment","2024-08-24T00:00:00Z","InvoiceDetailDescription 3826","{}","invoicedetail-784507","2024-10-01T00:00:00Z","invoice-881399","2024-10-02T00:00:00Z","Issued","Oracle","USD",7758.498094,"invoicedetail-784507","2024-10-16T00:00:00Z","Due on receipt","PO-790507","referenceinvoice-193964"
116.024175,"billingaccount-222292","USD","2024-10-01T00:00:00Z","2024-09-01T00:00:00Z","Usage","2024-08-19T00:00:00Z","InvoiceDetailDescription 2999","{}","invoicedetail-612982","2024-10-05T00:00:00Z","invoice-772566","2024-10-05T00:00:00Z","Voided","Oracle","USD",9084.784501,"invoicedetail-612982","2024-10-23T00:00:00Z","Net 30","PO-124145","referenceinvoice-715357"
3839.598781,"billingaccount-775908","USD","2024-10-01T00:00:00Z","2024-09-01T00:00:00Z","Credit","2024-08-23T00:00:00Z","InvoiceDetailDescription 5888","{}","invoicedetail-699180","2024-10-02T00:00:00Z","invoice-231319","2024-10-06T00:00:00Z","Open","Oracle","USD",3252.289747,"invoicedetail-699180","2024-10-18T00:00:00Z","Due on receipt","PO-933853","referenceinvoice-663621"
8174.628432,"billingaccount-921532","USD","2024-10-01T00:00:00Z","2024-09-01T00:00:00Z","Adjustment","2024-08-19T00:00:00Z","InvoiceDetailDescription 9004","{}","invoicedetail-167037","2024-10-01T00:00:00Z","invoice-644107","2024-10-05T00:00:00Z","Voided","Microsoft","USD",5389.817857,"invoicedetail-167037","2024-10-29T00:00:00Z","Due on receipt","PO-230117","referenceinvoice-890110"
1799.375564,"billingaccount-681667","USD","2024-10-01T00:00:00Z","2024-09-01T00:00:00Z","Credit","2024-08-28T00:00:00Z","InvoiceDetailDescription 6149","{}","invoicedetail-229022","2024-10-03T00:00:00Z","invoice-141044","2024-10-06T00:00:00Z","Open","Microsoft","USD",5750.810296,"invoicedetail-229022","2024-11-04T00:00:00Z","Due on receipt","PO-269041","referenceinvoice-192086"
2985.779223,"billingaccount-670873","USD","2024-10-01T00:00:00Z","2024-09-01T00:00:00Z","Purchase","2024-08-30T00:00:00Z","InvoiceDetailDescription 7931","{}","invoicedetail-790130","2024-10-02T00:00:00Z","invoice-100089","2024-10-02T00:00:00Z","Open","Google","USD",3005.999777,"invoicedetail-790130","2024-10-25T00:00:00Z","Due on receipt","PO-920827","referenceinvoice-407648"
3129.360491,"billingaccount-469221","USD","2024-10-01T00:00:00Z","2024-09-01T00:00:00Z","Adjustment","2024-08-27T00:00:00Z","InvoiceDetailDescription 9818","{}","invoicedetail-635392","2024-10-10T00:00:00Z","invoice-320032","2024-10-05T00:00:00Z","Voided","Oracle","USD",990.091314,"invoicedetail-635392","2024-11-03T00:00:00Z","Net 30","PO-348617","referenceinvoice-138518"
6021.44387,"billingaccount-326534","USD","2024-10-01T00:00:00Z","2024-09-01T00:00:00Z","Adjustment","2024-08-27T00:00:00Z","InvoiceDetailDescription 6882","{}","invoicedetail-390870","2024-10-05T00:00:00Z","invoice-234733","2024-10-03T00:00:00Z","Voided","Microsoft","USD",6223.127426,"invoicedetail-390870","2024-10-14T00:00:00Z","Net 30","PO-676558","referenceinvoice-367352"
4560.67749,"billingaccount-366526","USD","2024-10-01T00:00:00Z","2024-09-01T00:00:00Z","Credit","2024-08-19T00:00:00Z","InvoiceDetailDescription 3346","{}","invoicedetail-661936","2024-10-11T00:00:00Z","invoice-313660","2024-10-03T00:00:00Z","Open","Google","USD",6295.682023,"invoicedetail-661936","2024-10-22T00:00:00Z","Net 60","PO-763874","referenceinvoice-830650"
1640.43072,"billingaccount-961476","USD","2024-10-01T00:00:00Z","2024-09-01T00:00:00Z","Purchase","2024-08-20T00:00:00Z","InvoiceDetailDescription 6183","{}","invoicedetail-926051","2024-10-10T00:00:00Z","invoice-554691","2024-10-06T00:00:00Z","Issued","Microsoft","USD",259.098631,"invoicedetail-926051","2024-11-01T00:00:00Z","Due on receipt","PO-359520","referenceinvoice-181290"
5483.687848,"billingaccount-169163","USD","2024-10-01T00:00:00Z","2024-09-01T00:00:00Z","Tax","2024-08-28T00:00:00Z","InvoiceDetailDescription 2457","{}","invoicedetail-480443","2024-10-09T00:00:00Z","invoice-449718","2024-10-02T00:00:00Z","Issued","Google","USD",1463.296329,"invoicedetail-480443","2024-10-30T00:00:00Z","Net 30","PO-386939","referenceinvoice-110342"
7827.336187,"billingaccount-229502","USD","2024-10-01T00:00:00Z","2024-09-01T00:00:00Z","Purchase","2024-08-19T00:00:00Z","InvoiceDetailDescription 9625","{}","invoicedetail-863706","2024-10-04T00:00:00Z","invoice-421440","2024-10-05T00:00:00Z","Voided","AWS","USD",8213.432491,"invoicedetail-863706","2024-10-15T00:00:00Z","Net 60","PO-200181","referenceinvoice-654654"
6074.669443,"billingaccount-150293","USD","2024-10-01T00:00:00Z","2024-09-01T00:00:00Z","Purchase","2024-08-13T00:00:00Z","InvoiceDetailDescription 6210","{}","invoicedetail-888395","2024-10-05T00:00:00Z","invoice-508486","2024-10-06T00:00:00Z","Open","Google","USD",3451.728881,"invoicedetail-888395","2024-10-21T00:00:00Z","Due on receipt","PO-810737","referenceinvoice-927061"
94.974688,"billingaccount-638512","USD","2024-10-01T00:00:00Z","2024-09-01T00:00:00Z","Purchase","2024-08-16T00:00:00Z","InvoiceDetailDescription 3070","{}","invoicedetail-249600","2024-10-10T00:00:00Z","invoice-497201","2024-10-03T00:00:00Z","Voided","Oracle","USD",7354.223748,"invoicedetail-249600","2024-10-18T00:00:00Z","Net 30","PO-860657","referenceinvoice-770242"
7067.867626,"billingaccount-291999","USD","2024-10-01T00:00:00Z","2024-09-01T00:00:00Z","Credit","2024-08-24T00:00:00Z","InvoiceDetailDescription 6799","{}","invoicedetail-937255","2024-10-11T00:00:00Z","invoice-591431","2024-10-06T00:00:00Z","Voided","Google","USD",2868.196612,"invoicedetail-937255","2024-10-26T00:00:00Z","Net 60","PO-645883","referenceinvoice-853367"
4065.147845,"billingaccount-427928","USD","2024-10-01T00:00:00Z","2024-09-01T00:00:00Z","Usage","2024-08-22T00:00:00Z","InvoiceDetailDescription 2302","{}","invoicedetail-180418","2024-10-11T00:00:00Z","invoice-865411","2024-10-02T00:00:00Z","Open","Microsoft","USD",9448.669485,"invoicedetail-180418","2024-10-18T00:00:00Z","Net 30","PO-703263","referenceinvoice-160200"
9621.663313,"billingaccount-544579","USD","2024-10-01T00:00:00Z","2024-09-01T00:00:00Z","Adjustment","2024-08-22T00:00:00Z","InvoiceDetailDescription 3235","{}","invoicedetail-602955","2024-10-09T00:00:00Z","invoice-621986","2024-10-05T00:00:00Z","Voided","AWS","USD",6851.218641,"invoicedetail-602955","2024-10-12T00:00:00Z","Due on receipt","PO-658271","referenceinvoice-831782"
9108.864056,"billingaccount-882150","USD","2024-10-01T00:00:00Z","2024-09-01T00:00:00Z","Usage","2024-08-19T00:00:00Z","InvoiceDetailDescription 7962","{}","invoicedetail-836720","2024-10-01T00:00:00Z","invoice-660280","2024-10-06T00:00:00Z","Voided","AWS","USD",3450.60626,"invoicedetail-836720","2024-10-19T00:00:00Z","Due on receipt","PO-793291","referenceinvoice-963359"
9301.853618,"billingaccount-900808","USD","2024-10-01T00:00:00Z","2024-09-01T00:00:00Z","Adjustment","2024-08-12T00:00:00Z","InvoiceDetailDescription 4687","{}","invoicedetail-283305","2024-10-08T00:00:00Z","invoice-178771","2024-10-03T00:00:00Z","Issued","AWS","USD",8394.089351,"invoicedetail-283305","2024-10-31T00:00:00Z","Due on receipt","PO-470453","referenceinvoice-153379"
9697.284036,"billingaccount-454375","USD","2024-10-01T00:00:00Z","2024-09-01T00:00:00Z","Purchase","2024-08-16T00:00:00Z","InvoiceDetailDescription 9832","{}","invoicedetail-992104","2024-10-07T00:00:00Z","invoice-903643","2024-10-03T00:00:00Z","Open","Oracle","USD",2900.647394,"invoicedetail-992104","2024-10-21T00:00:00Z","Net 60","PO-407804","referenceinvoice-377611"
2174.631948,"billingaccount-419626","USD","2024-10-01T00:00:00Z","2024-09-01T00:00:00Z","Adjustment","2024-08-31T00:00:00Z","InvoiceDetailDescription 1580","{}","invoicedetail-585550","2024-10-11T00:00:00Z","invoice-747756","2024-10-06T00:00:00Z","Issued","Microsoft","USD",574.967292,"invoicedetail-585550","2024-10-25T00:00:00Z","Net 30","PO-745430","referenceinvoice-582716"
3497.216991,"billingaccount-857526","USD","2024-10-01T00:00:00Z","2024-09-01T00:00:00Z","Purchase","2024-08-22T00:00:00Z","InvoiceDetailDescription 7587","{}","invoicedetail-471754","2024-10-06T00:00:00Z","invoice-109294","2024-10-02T00:00:00Z","Open","Google","USD",4308.038167,"invoicedetail-471754","2024-10-09T00:00:00Z","Net 30","PO-188860","referenceinvoice-654797"
1556.304005,"billingaccount-788530","USD","2024-10-01T00:00:00Z","2024-09-01T00:00:00Z","Tax","2024-08-18T00:00:00Z","InvoiceDetailDescription 4704","{}","invoicedetail-593563","2024-10-02T00:00:00Z","invoice-514563","2024-10-05T00:00:00Z","Issued","Microsoft","USD",2992.849526,"invoicedetail-593563","2024-10-12T00:00:00Z","Net 60","PO-291031","referenceinvoice-662484"
1398.744013,"billingaccount-883381","USD","2024-10-01T00:00:00Z","2024-09-01T00:00:00Z","Credit","2024-08-28T00:00:00Z","InvoiceDetailDescription 1095","{}","invoicedetail-476687","2024-10-08T00:00:00Z","invoice-843670","2024-10-05T00:00:00Z","Open","Google","USD",1106.656431,"invoicedetail-476687","2024-10-17T00:00:00Z","Net 60","PO-142211","referenceinvoice-240173"
6662.048191,"billingaccount-602577","USD","2024-10-01T00:00:00Z","2024-09-01T00:00:00Z","Tax","2024-08-18T00:00:00Z","InvoiceDetailDescription 2946","{}","invoicedetail-541550","2024-10-06T00:00:00Z","invoice-612824","2024-10-02T00:00:00Z","Voided","Oracle","USD",4955.67596,"invoicedetail-541550","2024-10-14T00:00:00Z","Due on receipt","PO-849019","referenceinvoice-233624"
1097.32784,"billingaccount-213119","USD","2024-10-01T00:00:00Z","2024-09-01T00:00:00Z","Usage","2024-08-19T00:00:00Z","InvoiceDetailDescription 3066","{}","invoicedetail-263097","2024-10-09T00:00:00Z","invoice-460836","2024-10-05T00:00:00Z","Voided","Google","USD",136.489553,"invoicedetail-263097","2024-10-16T00:00:00Z","Due on receipt","PO-347993","referenceinvoice-154567"
4801.930136,"billingaccount-395932","USD","2024-10-01T00:00:00Z","2024-09-01T00:00:00Z","Credit","2024-08-18T00:00:00Z","InvoiceDetailDescription 2353","{}","invoicedetail-897861","2024-10-10T00:00:00Z","invoice-549788","2024-10-02T00:00:00Z","Open","Google","USD",6176.131603,"invoicedetail-897861","2024-10-22T00:00:00Z","Due on receipt","PO-636073","referenceinvoice-295937"
2473.543708,"billingaccount-960471","USD","2024-10-01T00:00:00Z","2024-09-01T00:00:00Z","Credit","2024-08-23T00:00:00Z","InvoiceDetailDescription 4250","{}","invoicedetail-596912","2024-10-02T00:00:00Z","invoice-840777","2024-10-04T00:00:00Z","Open","Microsoft","USD",7011.44954,"invoicedetail-596912","2024-11-02T00:00:00Z","Due on receipt","PO-740785","referenceinvoice-289989"
1204.611892,"billingaccount-520775","USD","2024-10-01T00:00:00Z","2024-09-01T00:00:00Z","Usage","2024-08-13T00:00:00Z","InvoiceDetailDescription 5486","{}","invoicedetail-301512","2024-10-11T00:00:00Z","invoice-253311","2024-10-03T00:00:00Z","Issued","Microsoft","USD",176.613451,"invoicedetail-301512","2024-10-17T00:00:00Z","Net 30","PO-195352","referenceinvoice-153430"
6333.099751,"billingaccount-342669","USD","2024-10-01T00:00:00Z","2024-09-01T00:00:00Z","Purchase","2024-08-18T00:00:00Z","InvoiceDetailDescription 6507","{}","invoicedetail-546772","2024-10-09T00:00:00Z","invoice-602472","2024-10-04T00:00:00Z","Open","Oracle","USD",5098.636927,"invoicedetail-546772","2024-11-02T00:00:00Z","Due on receipt","PO-154164","referenceinvoice-419071"
7115.855993,"billingaccount-358965","USD","2024-10-01T00:00:00Z","2024-09-01T00:00:00Z","Tax","2024-08-23T00:00:00Z","InvoiceDetailDescription 1779","{}","invoicedetail-290580","2024-10-06T00:00:00Z","invoice-142875","2024-10-04T00:00:00Z","Open","AWS","USD",521.30637,"invoicedetail-290580","2024-10-22T00:00:00Z","Due on receipt","PO-437263","referenceinvoice-322274"
4309.075265,"billingaccount-364516","USD","2024-10-01T00:00:00Z","2024-09-01T00:00:00Z","Credit","2024-08-16T00:00:00Z","InvoiceDetailDescription 6956","{}","invoicedetail-450520","2024-10-05T00:00:00Z","invoice-419141","2024-10-06T00:00:00Z","Open","Google","USD",968.87221,"invoicedetail-450520","2024-10-16T00:00:00Z","Net 30","PO-816137","referenceinvoice-678570"
7788.083076,"billingaccount-654552","USD","2024-10-01T00:00:00Z","2024-09-01T00:00:00Z","Adjustment","2024-08-21T00:00:00Z","InvoiceDetailDescription 7088","{}","invoicedetail-349825","2024-10-06T00:00:00Z","invoice-781834","2024-10-04T00:00:00Z","Issued","Microsoft","USD",2100.333019,"invoicedetail-349825","2024-11-03T00:00:00Z","Net 60","PO-191468","referenceinvoice-211532"
9683.301815,"billingaccount-786141","USD","2024-10-01T00:00:00Z","2024-09-01T00:00:00Z","Purchase","2024-08-12T00:00:00Z","InvoiceDetailDescription 4160","{}","invoicedetail-838889","2024-10-02T00:00:00Z","invoice-567423","2024-10-02T00:00:00Z","Open","Microsoft","USD",748.796012,"invoicedetail-838889","2024-10-27T00:00:00Z","Due on receipt","PO-749079","referenceinvoice-459554"
1536.723528,"billingaccount-234041","USD","2024-10-01T00:00:00Z","2024-09-01T00:00:00Z","Purchase","2024-08-16T00:00:00Z","InvoiceDetailDescription 7851","{}","invoicedetail-677236","2024-10-04T00:00:00Z","invoice-846169","2024-10-06T00:00:00Z","Issued","Google","USD",8915.86653,"invoicedetail-677236","2024-11-05T00:00:00Z","Due on receipt","PO-464211","referenceinvoice-483791"
4190.041611,"billingaccount-628345","USD","2024-10-01T00:00:00Z","2024-09-01T00:00:00Z","Usage","2024-08-28T00:00:00Z","InvoiceDetailDescription 3735","{}","invoicedetail-728258","2024-10-07T00:00:00Z","invoice-387465","2024-10-02T00:00:00Z","Voided","Oracle","USD",9674.869413,"invoicedetail-728258","2024-10-24T00:00:00Z","Net 60","PO-147652","referenceinvoice-693677"
5324.698528,"billingaccount-638430","USD","2024-10-01T00:00:00Z","2024-09-01T00:00:00Z","Usage","2024-08-25T00:00:00Z","InvoiceDetailDescription 3711","{}","invoicedetail-559008","2024-10-07T00:00:00Z","invoice-887195","2024-10-05T00:00:00Z","Voided","AWS","USD",3841.504198,"invoicedetail-559008","2024-11-02T00:00:00Z","Net 60","PO-520320","referenceinvoice-736714"
5718.979777,"billingaccount-720875","USD","2024-10-01T00:00:00Z","2024-09-01T00:00:00Z","Usage","2024-08-25T00:00:00Z","InvoiceDetailDescription 9401","{}","invoicedetail-577564","2024-10-03T00:00:00Z","invoice-628291","2024-10-02T00:00:00Z","Voided","Google","USD",7205.791662,"invoicedetail-577564","2024-10-14T00:00:00Z","Net 60","PO-418148","referenceinvoice-993884"
1711.090969,"billingaccount-147828","USD","2024-10-01T00:00:00Z","2024-09-01T00:00:00Z","Adjustment","2024-08-22T00:00:00Z","InvoiceDetailDescription 4902","{}","invoicedetail-406019","2024-10-05T00:00:00Z","invoice-140989","2024-10-06T00:00:00Z","Voided","Microsoft","USD",1481.394763,"invoicedetail-406019","2024-10-16T00:00:00Z","Net 60","PO-239430","referenceinvoice-383571"
13.999615,"billingaccount-464340","USD","2024-10-01T00:00:00Z","2024-09-01T00:00:00Z","Adjustment","2024-08-24T00:00:00Z","InvoiceDetailDescription 7047","{}","invoicedetail-440327","2024-10-04T00:00:00Z","invoice-187289","2024-10-06T00:00:00Z","Voided","AWS","USD",8839.863878,"invoicedetail-440327","2024-10-16T00:00:00Z","Net 60","PO-857155","referenceinvoice-240101"
6259.553046,"billingaccount-110913","USD","2024-10-01T00:00:00Z","2024-09-01T00:00:00Z","Tax","2024-08-12T00:00:00Z","InvoiceDetailDescription 4592","{}","invoicedetail-865960","2024-10-05T00:00:00Z","invoice-393276","2024-10-04T00:00:00Z","Open","Oracle","USD",2559.872119,"invoicedetail-865960","2024-10-12T00:00:00Z","Net 30","PO-663492","referenceinvoice-789247"
6343.055412,"billingaccount-677637","USD","2024-10-01T00:00:00Z","2024-09-01T00:00:00Z","Purchase","2024-08-19T00:00:00Z","InvoiceDetailDescription 8244","{}","invoicedetail-331356","2024-10-11T00:00:00Z","invoice-440014","2024-10-04T00:00:00Z","Issued","AWS","USD",2039.186327,"invoicedetail-331356","2024-10-31T00:00:00Z","Due on receipt","PO-946969","referenceinvoice-999910"
7262.861239,"billingaccount-486547","USD","2024-10-01T00:00:00Z","2024-09-01T00:00:00Z","Purchase","2024-08-27T00:00:00Z","InvoiceDetailDescription 8848","{}","invoicedetail-198242","2024-10-08T00:00:00Z","invoice-620052","2024-10-03T00:00:00Z","Open","Oracle","USD",4593.901126,"invoicedetail-198242","2024-11-02T00:00:00Z","Net 30","PO-298033","referenceinvoice-697329"
3101.602209,"billingaccount-286367","USD","2024-10-01T00:00:00Z","2024-09-01T00:00:00Z","Credit","2024-08-26T00:00:00Z","InvoiceDetailDescription 4077","{}","invoicedetail-172827","2024-10-11T00:00:00Z","invoice-250494","2024-10-04T00:00:00Z","Open","Oracle","USD",4263.950307,"invoicedetail-172827","2024-10-11T00:00:00Z","Net 60","PO-776456","referenceinvoice-522056"
997.299431,"billingaccount-502643","USD","2024-10-01T00:00:00Z","2024-09-01T00:00:00Z","Usage","2024-08-15T00:00:00Z","InvoiceDetailDescription 2802","{}","invoicedetail-966713","2024-10-03T00:00:00Z","invoice-114210","2024-10-02T00:00:00Z","Voided","AWS","USD",9346.777353,"invoicedetail-966713","2024-10-28T00:00:00Z","Net 30","PO-360406","referenceinvoice-907526"
7924.004344,"billingaccount-109852","USD","2024-10-01T00:00:00Z","2024-09-01T00:00:00Z","Usage","2024-08-23T00:00:00Z","InvoiceDetailDescription 9886","{}","invoicedetail-871889","2024-10-03T00:00:00Z","invoice-958002","2024-10-06T00:00:00Z","Issued","AWS","USD",8527.202137,"invoicedetail-871889","2024-10-13T00:00:00Z","Net 30","PO-312149","referenceinvoice-245993"
3317.563197,"billingaccount-262018","USD","2024-10-01T00:00:00Z","2024-09-01T00:00:00Z","Purchase","2024-08-13T00:00:00Z","InvoiceDetailDescription 1915","{}","invoicedetail-669928","2024-10-08T00:00:00Z","invoice-825657","2024-10-03T00:00:00Z","Issued","Oracle","USD",6274.85853,"invoicedetail-669928","2024-10-19T00:00:00Z","Net 30","PO-122238","referenceinvoice-964996"
5115.424163,"billingaccount-977116","USD","2024-10-01T00:00:00Z","2024-09-01T00:00:00Z","Credit","2024-08-28T00:00:00Z","InvoiceDetailDescription 3323","{}","invoicedetail-101269","2024-10-09T00:00:00Z","invoice-335208","2024-10-04T00:00:00Z","Open","AWS","USD",2266.751411,"invoicedetail-101269","2024-10-14T00:00:00Z","Net 60","PO-254535","referenceinvoice-470472"
8842.239135,"billingaccount-962752","USD","2024-10-01T00:00:00Z","2024-09-01T00:00:00Z","Usage","2024-08-24T00:00:00Z","InvoiceDetailDescription 9057","{}","invoicedetail-277795","2024-10-11T00:00:00Z","invoice-215485","2024-10-05T00:00:00Z","Open","Google","USD",1017.362547,"invoicedetail-277795","2024-11-02T00:00:00Z","Net 60","PO-474664","referenceinvoice-179995"
6045.06382,"billingaccount-286717","USD","2024-10-01T00:00:00Z","2024-09-01T00:00:00Z","Credit","2024-08-28T00:00:00Z","InvoiceDetailDescription 9691","{}","invoicedetail-451109","2024-10-06T00:00:00Z","invoice-728738","2024-10-02T00:00:00Z","Open","Google","USD",6794.333117,"invoicedetail-451109","2024-10-10T00:00:00Z","Net 30","PO-799686","referenceinvoice-820540"
2710.932785,"billingaccount-623502","USD","2024-10-01T00:00:00Z","2024-09-01T00:00:00Z","Tax","2024-08-12T00:00:00Z","InvoiceDetailDescription 5348","{}","invoicedetail-950100","2024-10-05T00:00:00Z","invoice-845859","2024-10-04T00:00:00Z","Open","Google","USD",7888.561264,"invoicedetail-950100","2024-10-14T00:00:00Z","Net 30","PO-915565","referenceinvoice-787712"
7213.434636,"billingaccount-923704","USD","2024-10-01T00:00:00Z","2024-09-01T00:00:00Z","Credit","2024-08-21T00:00:00Z","InvoiceDetailDescription 2102","{}","invoicedetail-218661","2024-10-03T00:00:00Z","invoice-705912","2024-10-05T00:00:00Z","Issued","Microsoft","USD",9595.853144,"invoicedetail-218661","2024-10-26T00:00:00Z","Net 60","PO-251695","referenceinvoice-194840"
3193.157799,"billingaccount-544420","USD","2024-10-01T00:00:00Z","2024-09-01T00:00:00Z","Credit","2024-08-27T00:00:00Z","InvoiceDetailDescription 7782","{}","invoicedetail-730973","2024-10-03T00:00:00Z","invoice-932046","2024-10-05T00:00:00Z","Voided","Google","USD",3334.651451,"invoicedetail-730973","2024-10-23T00:00:00Z","Due on receipt","PO-357853","referenceinvoice-501798"
4926.014061,"billingaccount-662259","USD","2024-10-01T00:00:00Z","2024-09-01T00:00:00Z","Purchase","2024-08-14T00:00:00Z","InvoiceDetailDescription 7301","{}","invoicedetail-187679","2024-10-08T00:00:00Z","invoice-709184","2024-10-06T00:00:00Z","Voided","Oracle","USD",4218.407611,"invoicedetail-187679","2024-10-30T00:00:00Z","Due on receipt","PO-914316","referenceinvoice-827186"
2032.796666,"billingaccount-991913","USD","2024-10-01T00:00:00Z","2024-09-01T00:00:00Z","Usage","2024-08-29T00:00:00Z","InvoiceDetailDescription 6937","{}","invoicedetail-685498","2024-10-04T00:00:00Z","invoice-596947","2024-10-04T00:00:00Z","Open","Microsoft","USD",9209.041008,"invoicedetail-685498","2024-10-11T00:00:00Z","Net 30","PO-466317","referenceinvoice-478387"
9718.196014,"billingaccount-541531","USD","2024-10-01T00:00:00Z","2024-09-01T00:00:00Z","Purchase","2024-08-22T00:00:00Z","InvoiceDetailDescription 4452","{}","invoicedetail-968034","2024-10-08T00:00:00Z","invoice-335496","2024-10-03T00:00:00Z","Open","Microsoft","USD",7469.953607,"invoicedetail-968034","2024-10-27T00:00:00Z","Net 30","PO-829578","referenceinvoice-838158"
540.833451,"billingaccount-211159","USD","2024-10-01T00:00:00Z","2024-09-01T00:00:00Z","Adjustment","2024-08-19T00:00:00Z","InvoiceDetailDescription 2208","{}","invoicedetail-599988","2024-10-01T00:00:00Z","invoice-978116","2024-10-05T00:00:00Z","Voided","Microsoft","USD",8704.769772,"invoicedetail-599988","2024-10-23T00:00:00Z","Net 30","PO-254021","referenceinvoice-482986"
5691.831546,"billingaccount-953238","USD","2024-10-01T00:00:00Z","2024-09-01T00:00:00Z","Credit","2024-08-29T00:00:00Z","InvoiceDetailDescription 3452","{}","invoicedetail-902598","2024-10-04T00:00:00Z","invoice-291285","2024-10-02T00:00:00Z","Issued","Microsoft","USD",7435.579385,"invoicedetail-902598","2024-10-09T00:00:00Z","Due on receipt","PO-653071","referenceinvoice-832497"
7813.969079,"billingaccount-829019","USD","2024-10-01T00:00:00Z","2024-09-01T00:00:00Z","Usage","2024-08-16T00:00:00Z","InvoiceDetailDescription 5698","{}","invoicedetail-216671","2024-10-07T00:00:00Z","invoice-263459","2024-10-04T00:00:00Z","Open","Google","USD",8811.571422,"invoicedetail-216671","2024-10-25T00:00:00Z","Net 30","PO-733521","referenceinvoice-887619"
8326.800944,"billingaccount-812930","USD","2024-10-01T00:00:00Z","2024-09-01T00:00:00Z","Credit","2024-08-15T00:00:00Z","InvoiceDetailDescription 5227","{}","invoicedetail-699853","2024-10-03T00:00:00Z","invoice-626251","2024-10-02T00:00:00Z","Issued","Microsoft","USD",7093.528154,"invoicedetail-699853","2024-10-21T00:00:00Z","Net 60","PO-264417","referenceinvoice-385031"
2118.642435,"billingaccount-749114","USD","2024-10-01T00:00:00Z","2024-09-01T00:00:00Z","Usage","2024-08-15T00:00:00Z","InvoiceDetailDescription 4586","{}","invoicedetail-511346","2024-10-07T00:00:00Z","invoice-292616","2024-10-03T00:00:00Z","Voided","AWS","USD",9759.873939,"invoicedetail-511346","2024-11-02T00:00:00Z","Due on receipt","PO-982600","referenceinvoice-180959"
1648.243595,"billingaccount-942362","USD","2024-10-01T00:00:00Z","2024-09-01T00:00:00Z","Tax","2024-08-16T00:00:00Z","InvoiceDetailDescription 7950","{}","invoicedetail-304189","2024-10-06T00:00:00Z","invoice-383031","2024-10-05T00:00:00Z","Open","Oracle","USD",1044.000617,"invoicedetail-304189","2024-10-24T00:00:00Z","Net 60","PO-732490","referenceinvoice-916628"
5415.67915,"billingaccount-168492","USD","2024-10-01T00:00:00Z","2024-09-01T00:00:00Z","Purchase","2024-08-31T00:00:00Z","InvoiceDetailDescription 1179","{}","invoicedetail-893270","2024-10-04T00:00:00Z","invoice-424135","2024-10-04T00:00:00Z","Open","Google","USD",5516.913772,"invoicedetail-893270","2024-10-16T00:00:00Z","Due on receipt","PO-133939","referenceinvoice-352009"
5637.39322,"billingaccount-928611","USD","2024-10-01T00:00:00Z","2024-09-01T00:00:00Z","Credit","2024-08-29T00:00:00Z","InvoiceDetailDescription 1748","{}","invoicedetail-150382","2024-10-10T00:00:00Z","invoice-429861","2024-10-06T00:00:00Z","Open","Google","USD",9435.091414,"invoicedetail-150382","2024-10-14T00:00:00Z","Net 30","PO-473973","referenceinvoice-888193"
7518.422707,"billingaccount-860939","USD","2024-10-01T00:00:00Z","2024-09-01T00:00:00Z","Tax","2024-08-19T00:00:00Z","InvoiceDetailDescription 3122","{}","invoicedetail-836789","2024-10-09T00:00:00Z","invoice-807459","2024-10-03T00:00:00Z","Open","Google","USD",3313.181878,"invoicedetail-836789","2024-10-20T00:00:00Z","Due on receipt","PO-628040","referenceinvoice-205909"
5863.582035,"billingaccount-993415","USD","2024-10-01T00:00:00Z","2024-09-01T00:00:00Z","Usage","2024-08-31T00:00:00Z","InvoiceDetailDescription 5753","{}","invoicedetail-269054","2024-10-10T00:00:00Z","invoice-258898","2024-10-05T00:00:00Z","Voided","Microsoft","USD",4631.06223,"invoicedetail-269054","2024-10-27T00:00:00Z","Due on receipt","PO-197822","referenceinvoice-853362"
1610.470265,"billingaccount-625986","USD","2024-10-01T00:00:00Z","2024-09-01T00:00:00Z","Adjustment","2024-08-25T00:00:00Z","InvoiceDetailDescription 9573","{}","invoicedetail-905973","2024-10-11T00:00:00Z","invoice-457999","2024-10-03T00:00:00Z","Issued","Microsoft","USD",7853.518585,"invoicedetail-905973","2024-11-01T00:00:00Z","Net 60","PO-404969","referenceinvoice-477819"
2088.20641,"billingaccount-740037","USD","2024-10-01T00:00:00Z","2024-09-01T00:00:00Z","Adjustment","2024-08-30T00:00:00Z","InvoiceDetailDescription 2228","{}","invoicedetail-259804","2024-10-11T00:00:00Z","invoice-694438","2024-10-05T00:00:00Z","Voided","Oracle","USD",9944.045283,"invoicedetail-259804","2024-10-19T00:00:00Z","Net 30","PO-943816","referenceinvoice-115667"
941.139941,"billingaccount-428957","USD","2024-10-01T00:00:00Z","2024-09-01T00:00:00Z","Purchase","2024-08-22T00:00:00Z","InvoiceDetailDescription 5843","{}","invoicedetail-269316","2024-10-09T00:00:00Z","invoice-171472","2024-10-02T00:00:00Z","Issued","Microsoft","USD",5765.116242,"invoicedetail-269316","2024-10-24T00:00:00Z","Net 60","PO-193563","referenceinvoice-174589"
7631.463697,"billingaccount-563518","USD","2024-10-01T00:00:00Z","2024-09-01T00:00:00Z","Purchase","2024-08-17T00:00:00Z","InvoiceDetailDescription 3031","{}","invoicedetail-696360","2024-10-05T00:00:00Z","invoice-611976","2024-10-05T00:00:00Z","Open","Microsoft","USD",3634.721105,"invoicedetail-696360","2024-10-20T00:00:00Z","Net 60","PO-520415","referenceinvoice-528902"
9520.449587,"billingaccount-491835","USD","2024-10-01T00:00:00Z","2024-09-01T00:00:00Z","Usage","2024-08-17T00:00:00Z","InvoiceDetailDescription 7769","{}","invoicedetail-630519","2024-10-06T00:00:00Z","invoice-571955","2024-10-06T00:00:00Z","Issued","Microsoft","USD",8774.086228,"invoicedetail-630519","2024-11-01T00:00:00Z","Due on receipt","PO-144748","referenceinvoice-750760"
8530.597844,"billingaccount-404779","USD","2024-10-01T00:00:00Z","2024-09-01T00:00:00Z","Credit","2024-08-24T00:00:00Z","InvoiceDetailDescription 3592","{}","invoicedetail-697828","2024-10-09T00:00:00Z","invoice-518675","2024-10-02T00:00:00Z","Open","AWS","USD",2230.512901,"invoicedetail-697828","2024-10-13T00:00:00Z","Net 60","PO-801655","referenceinvoice-198045"
1091.190508,"billingaccount-289030","USD","2024-10-01T00:00:00Z","2024-09-01T00:00:00Z","Usage","2024-08-17T00:00:00Z","InvoiceDetailDescription 7503","{}","invoicedetail-905533","2024-10-08T00:00:00Z","invoice-554153","2024-10-06T00:00:00Z","Open","Google","USD",4015.204707,"invoicedetail-905533","2024-10-27T00:00:00Z","Net 30","PO-432697","referenceinvoice-459057"
4545.786458,"billingaccount-671559","USD","2024-10-01T00:00:00Z","2024-09-01T00:00:00Z","Purchase","2024-08-25T00:00:00Z","InvoiceDetailDescription 8699","{}","invoicedetail-252582","2024-10-08T00:00:00Z","invoice-771315","2024-10-02T00:00:00Z","Open","Oracle","USD",3201.866192,"invoicedetail-252582","2024-10-17T00:00:00Z","Net 30","PO-730275","referenceinvoice-911813"
2134.208311,"billingaccount-321766","USD","2024-10-01T00:00:00Z","2024-09-01T00:00:00Z","Usage","2024-08-30T00:00:00Z","InvoiceDetailDescription 7929","{}","invoicedetail-382956","2024-10-06T00:00:00Z","invoice-364315","2024-10-05T00:00:00Z","Voided","Oracle","USD",1761.056191,"invoicedetail-382956","2024-10-27T00:00:00Z","Net 30","PO-172623","referenceinvoice-387210"
5247.77943,"billingaccount-802173","USD","2024-10-01T00:00:00Z","2024-09-01T00:00:00Z","Tax","2024-08-29T00:00:00Z","InvoiceDetailDescription 4015","{}","invoicedetail-970893","2024-10-05T00:00:00Z","invoice-156352","2024-10-05T00:00:00Z","Open","Oracle","USD",8949.56588,"invoicedetail-970893","2024-10-25T00:00:00Z","Net 60","PO-458633","referenceinvoice-889762"
4816.25255,"billingaccount-661519","USD","2024-10-01T00:00:00Z","2024-09-01T00:00:00Z","Purchase","2024-08-26T00:00:00Z","InvoiceDetailDescription 8156","{}","invoicedetail-471921","2024-10-04T00:00:00Z","invoice-826559","2024-10-04T00:00:00Z","Voided","Google","USD",3891.379671,"invoicedetail-471921","2024-10-24T00:00:00Z","Net 30","PO-688155","referenceinvoice-921110"
1446.172396,"billingaccount-796320","USD","2024-10-01T00:00:00Z","2024-09-01T00:00:00Z","Tax","2024-08-29T00:00:00Z","InvoiceDetailDescription 1232","{}","invoicedetail-257817","2024-10-11T00:00:00Z","invoice-580938","2024-10-06T00:00:00Z","Open","Microsoft","USD",4994.456683,"invoicedetail-257817","2024-11-01T00:00:00Z","Net 60","PO-219125","referenceinvoice-930489"
9433.237451,"billingaccount-998909","USD","2024-10-01T00:00:00Z","2024-09-01T00:00:00Z","Purchase","2024-08-23T00:00:00Z","InvoiceDetailDescription 8361","{}","invoicedetail-769952","2024-10-09T00:00:00Z","invoice-706472","2024-10-02T00:00:00Z","Open","Oracle","USD",364.859716,"invoicedetail-769952","2024-10-23T00:00:00Z","Due on receipt","PO-296772","referenceinvoice-540586"
2097.630795,"billingaccount-300444","USD","2024-10-01T00:00:00Z","2024-09-01T00:00:00Z","Adjustment","2024-08-12T00:00:00Z","InvoiceDetailDescription 1235","{}","invoicedetail-488241","2024-10-07T00:00:00Z","invoice-953309","2024-10-03T00:00:00Z","Issued","Microsoft","USD",161.912687,"invoicedetail-488241","2024-10-21T00:00:00Z","Net 60","PO-626474","referenceinvoice-958837"
4103.868108,"billingaccount-469320","USD","2024-10-01T00:00:00Z","2024-09-01T00:00:00Z","Adjustment","2024-08-16T00:00:00Z","InvoiceDetailDescription 7977","{}","invoicedetail-648583","2024-10-11T00:00:00Z","invoice-902245","2024-10-05T00:00:00Z","Issued","AWS","USD",1133.799994,"invoicedetail-648583","2024-10-25T00:00:00Z","Net 30","PO-581111","referenceinvoice-549192"
5427.628788,"billingaccount-500098","USD","2024-10-01T00:00:00Z","2024-09-01T00:00:00Z","Tax","2024-08-26T00:00:00Z","InvoiceDetailDescription 8167","{}","invoicedetail-764909","2024-10-09T00:00:00Z","invoice-397007","2024-10-06T00:00:00Z","Voided","Google","USD",6203.764896,"invoicedetail-764909","2024-10-18T00:00:00Z","Net 30","PO-191876","referenceinvoice-945089"
9324.967519,"billingaccount-208711","USD","2024-10-01T00:00:00Z","2024-09-01T00:00:00Z","Credit","2024-08-29T00:00:00Z","InvoiceDetailDescription 9924","{}","invoicedetail-204545","2024-10-11T00:00:00Z","invoice-764299","2024-10-02T00:00:00Z","Issued","AWS","USD",5033.6152,"invoicedetail-204545","2024-10-28T00:00:00Z","Net 30","PO-800144","referenceinvoice-403986"
3810.798311,"billingaccount-305059","USD","2024-10-01T00:00:00Z","2024-09-01T00:00:00Z","Credit","2024-08-25T00:00:00Z","InvoiceDetailDescription 3038","{}","invoicedetail-467645","2024-10-04T00:00:00Z","invoice-932308","2024-10-05T00:00:00Z","Issued","Oracle","USD",4129.347422,"invoicedetail-467645","2024-10-29T00:00:00Z","Due on receipt","PO-838024","referenceinvoice-922749"
2836.044227,"billingaccount-790677","USD","2024-10-01T00:00:00Z","2024-09-01T00:00:00Z","Tax","2024-08-31T00:00:00Z","InvoiceDetailDescription 6036","{}","invoicedetail-979214","2024-10-06T00:00:00Z","invoice-933762","2024-10-03T00:00:00Z","Issued","Oracle","USD",6733.00812,"invoicedetail-979214","2024-10-26T00:00:00Z","Net 30","PO-534694","referenceinvoice-134261"
8200.343903,"billingaccount-729088","USD","2024-10-01T00:00:00Z","2024-09-01T00:00:00Z","Tax","2024-08-31T00:00:00Z","InvoiceDetailDescription 6490","{}","invoicedetail-278688","2024-10-03T00:00:00Z","invoice-699982","2024-10-04T00:00:00Z","Issued","AWS","USD",2418.311131,"invoicedetail-278688","2024-10-27T00:00:00Z","Net 60","PO-302019","referenceinvoice-746203"
9393.917146,"billingaccount-509376","USD","2024-10-01T00:00:00Z","2024-09-01T00:00:00Z","Purchase","2024-08-30T00:00:00Z","InvoiceDetailDescription 7604","{}","invoicedetail-433578","2024-10-10T00:00:00Z","invoice-642404","2024-10-05T00:00:00Z","Open","Oracle","USD",4374.01587,"invoicedetail-433578","2024-10-16T00:00:00Z","Net 30","PO-844515","referenceinvoice-940089"
8430.307266,"billingaccount-757790","USD","2024-10-01T00:00:00Z","2024-09-01T00:00:00Z","Tax","2024-08-15T00:00:00Z","InvoiceDetailDescription 3605","{}","invoicedetail-438065","2024-10-02T00:00:00Z","invoice-313660","2024-10-06T00:00:00Z","Open","Microsoft","USD",932.65407,"invoicedetail-438065","2024-10-25T00:00:00Z","Net 60","PO-112098","referenceinvoice-759443"
5717.938347,"billingaccount-126518","USD","2024-10-01T00:00:00Z","2024-09-01T00:00:00Z","Purchase","2024-08-31T00:00:00Z","InvoiceDetailDescription 8433","{}","invoicedetail-765282","2024-10-10T00:00:00Z","invoice-762177","2024-10-06T00:00:00Z","Issued","Microsoft","USD",1865.551713,"invoicedetail-765282","2024-10-15T00:00:00Z","Due on receipt","PO-332527","referenceinvoice-411345"
6592.576955,"billingaccount-388321","USD","2024-10-01T00:00:00Z","2024-09-01T00:00:00Z","Usage","2024-08-14T00:00:00Z","InvoiceDetailDescription 3355","{}","invoicedetail-757916","2024-10-04T00:00:00Z","invoice-124264","2024-10-05T00:00:00Z","Voided","Microsoft","USD",9847.978397,"invoicedetail-757916","2024-10-20T00:00:00Z","Net 30","PO-216320","referenceinvoice-581430"
8946.047886,"billingaccount-197283","USD","2024-10-01T00:00:00Z","2024-09-01T00:00:00Z","Usage","2024-08-28T00:00:00Z","InvoiceDetailDescription 9097","{}","invoicedetail-985652","2024-10-03T00:00:00Z","invoice-478952","2024-10-04T00:00:00Z","Open","AWS","USD",3908.002086,"invoicedetail-985652","2024-10-19T00:00:00Z","Net 60","PO-934080","referenceinvoice-123023"
6873.364107,"billingaccount-493482","USD","2024-10-01T00:00:00Z","2024-09-01T00:00:00Z","Tax","2024-08-29T00:00:00Z","InvoiceDetailDescription 8387","{}","invoicedetail-947825","2024-10-08T00:00:00Z","invoice-268929","2024-10-02T00:00:00Z","Open","Oracle","USD",2987.549827,"invoicedetail-947825","2024-10-15T00:00:00Z","Net 30","PO-791710","referenceinvoice-694850"
9949.160488,"billingaccount-729138","USD","2024-10-01T00:00:00Z","2024-09-01T00:00:00Z","Adjustment","2024-08-28T00:00:00Z","InvoiceDetailDescription 1082","{}","invoicedetail-266082","2024-10-06T00:00:00Z","invoice-647093","2024-10-04T00:00:00Z","Voided","AWS","USD",2545.010219,"invoicedetail-266082","2024-10-26T00:00:00Z","Net 30","PO-302212","referenceinvoice-735553"
7609.609749,"billingaccount-326813","USD","2024-10-01T00:00:00Z","2024-09-01T00:00:00Z","Tax","2024-08-14T00:00:00Z","InvoiceDetailDescription 2880","{}","invoicedetail-327496","2024-10-01T00:00:00Z","invoice-130930","2024-10-06T00:00:00Z","Issued","AWS","USD",1385.650204,"invoicedetail-327496","2024-10-29T00:00:00Z","Net 30","PO-863094","referenceinvoice-825196"
9532.29361,"billingaccount-465484","USD","2024-10-01T00:00:00Z","2024-09-01T00:00:00Z","Adjustment","2024-08-23T00:00:00Z","InvoiceDetailDescription 5822","{}","invoicedetail-589730","2024-10-05T00:00:00Z","invoice-881393","2024-10-05T00:00:00Z","Issued","Microsoft","USD",4360.619896,"invoicedetail-589730","2024-10-18T00:00:00Z","Net 60","PO-302432","referenceinvoice-362241"
1028.946011,"billingaccount-931681","USD","2024-10-01T00:00:00Z","2024-09-01T00:00:00Z","Adjustment","2024-08-25T00:00:00Z","InvoiceDetailDescription 6105","{}","invoicedetail-273699","2024-10-11T00:00:00Z","invoice-932673","2024-10-04T00:00:00Z","Open","Microsoft","USD",9537.620747,"invoicedetail-273699","2024-10-23T00:00:00Z","Net 60","PO-554527","referenceinvoice-567830"
1075.591118,"billingaccount-501652","USD","2024-10-01T00:00:00Z","2024-09-01T00:00:00Z","Credit","2024-08-12T00:00:00Z","InvoiceDetailDescription 4272","{}","invoicedetail-694691","2024-10-05T00:00:00Z","invoice-470058","2024-10-04T00:00:00Z","Issued","Oracle","USD",8978.946778,"invoicedetail-694691","2024-10-30T00:00:00Z","Net 30","PO-571233","referenceinvoice-275373"
2934.735462,"billingaccount-966843","USD","2024-10-01T00:00:00Z","2024-09-01T00:00:00Z","Adjustment","2024-08-15T00:00:00Z","InvoiceDetailDescription 6771","{}","invoicedetail-517654","2024-10-05T00:00:00Z","invoice-131394","2024-10-06T00:00:00Z","Open","AWS","USD",1799.04236,"invoicedetail-517654","2024-10-26T00:00:00Z","Net 60","PO-550244","referenceinvoice-929314"
6569.546116,"billingaccount-490032","USD","2024-10-01T00:00:00Z","2024-09-01T00:00:00Z","Purchase","2024-08-20T00:00:00Z","InvoiceDetailDescription 6151","{}","invoicedetail-228244","2024-10-04T00:00:00Z","invoice-110100","2024-10-02T00:00:00Z","Issued","Microsoft","USD",6882.92414,"invoicedetail-228244","2024-10-15T00:00:00Z","Due on receipt","PO-444844","referenceinvoice-324156"
662.351428,"billingaccount-397391","USD","2024-10-01T00:00:00Z","2024-09-01T00:00:00Z","Adjustment","2024-08-13T00:00:00Z","InvoiceDetailDescription 4476","{}","invoicedetail-652874","2024-10-06T00:00:00Z","invoice-328026","2024-10-03T00:00:00Z","Open","Oracle","USD",5609.587005,"invoicedetail-652874","2024-10-27T00:00:00Z","Due on receipt","PO-737433","referenceinvoice-946648"
7562.012034,"billingaccount-433219","USD","2024-10-01T00:00:00Z","2024-09-01T00:00:00Z","Tax","2024-08-13T00:00:00Z","InvoiceDetailDescription 4246","{}","invoicedetail-306698","2024-10-11T00:00:00Z","invoice-152072","2024-10-05T00:00:00Z","Issued","AWS","USD",4986.509684,"invoicedetail-306698","2024-11-02T00:00:00Z","Net 60","PO-541699","referenceinvoice-225052"
5911.710961,"billingaccount-347906","USD","2024-10-01T00:00:00Z","2024-09-01T00:00:00Z","Adjustment","2024-08-17T00:00:00Z","InvoiceDetailDescription 1348","{}","invoicedetail-398882","2024-10-03T00:00:00Z","invoice-118702","2024-10-06T00:00:00Z","Voided","AWS","USD",7833.056365,"invoicedetail-398882","2024-10-23T00:00:00Z","Due on receipt","PO-104872","referenceinvoice-584202"
9180.34483,"billingaccount-141020","USD","2024-10-01T00:00:00Z","2024-09-01T00:00:00Z","Tax","2024-08-27T00:00:00Z","InvoiceDetailDescription 1266","{}","invoicedetail-172827","2024-10-07T00:00:00Z","invoice-592718","2024-10-02T00:00:00Z","Open","Google","USD",8298.502177,"invoicedetail-172827","2024-10-26T00:00:00Z","Net 60","PO-858386","referenceinvoice-415619"
5564.502014,"billingaccount-428387","USD","2024-10-01T00:00:00Z","2024-09-01T00:00:00Z","Credit","2024-08-21T00:00:00Z","InvoiceDetailDescription 1771","{}","invoicedetail-512433","2024-10-06T00:00:00Z","invoice-412941","2024-10-05T00:00:00Z","Voided","Google","USD",9839.668382,"invoicedetail-512433","2024-10-14T00:00:00Z","Net 60","PO-989897","referenceinvoice-772239"
2240.143571,"billingaccount-965553","USD","2024-10-01T00:00:00Z","2024-09-01T00:00:00Z","Usage","2024-08-20T00:00:00Z","InvoiceDetailDescription 3273","{}","invoicedetail-210242","2024-10-10T00:00:00Z","invoice-438542","2024-10-02T00:00:00Z","Voided","AWS","USD",7242.533597,"invoicedetail-210242","2024-10-09T00:00:00Z","Net 30","PO-278458","referenceinvoice-192292"
8680.148725,"billingaccount-372302","USD","2024-10-01T00:00:00Z","2024-09-01T00:00:00Z","Usage","2024-08-20T00:00:00Z","InvoiceDetailDescription 2815","{}","invoicedetail-150335","2024-10-09T00:00:00Z","invoice-419071","2024-10-02T00:00:00Z","Open","Microsoft","USD",2637.27131,"invoicedetail-150335","2024-10-31T00:00:00Z","Due on receipt","PO-742515","referenceinvoice-930081"
4606.937626,"billingaccount-232423","USD","2024-10-01T00:00:00Z","2024-09-01T00:00:00Z","Tax","2024-08-23T00:00:00Z","InvoiceDetailDescription 3424","{}","invoicedetail-889614","2024-10-03T00:00:00Z","invoice-712505","2024-10-03T00:00:00Z","Issued","Oracle","USD",6369.036469,"invoicedetail-889614","2024-10-28T00:00:00Z","Due on receipt","PO-228317","referenceinvoice-647108"
3219.113631,"billingaccount-866367","USD","2024-10-01T00:00:00Z","2024-09-01T00:00:00Z","Credit","2024-08-13T00:00:00Z","InvoiceDetailDescription 4700","{}","invoicedetail-196258","2024-10-08T00:00:00Z","invoice-376626","2024-10-05T00:00:00Z","Issued","Microsoft","USD",7113.813764,"invoicedetail-196258","2024-10-20T00:00:00Z","Net 60","PO-685645","referenceinvoice-976129"
602.669285,"billingaccount-113765","USD","2024-10-01T00:00:00Z","2024-09-01T00:00:00Z","Purchase","2024-08-25T00:00:00Z","InvoiceDetailDescription 8670","{}","invoicedetail-958271","2024-10-02T00:00:00Z","invoice-503764","2024-10-02T00:00:00Z","Open","Microsoft","USD",4876.455747,"invoicedetail-958271","2024-10-24T00:00:00Z","Net 60","PO-318797","referenceinvoice-953536"
1056.604752,"billingaccount-236378","USD","2024-10-01T00:00:00Z","2024-09-01T00:00:00Z","Purchase","2024-08-22T00:00:00Z","InvoiceDetailDescription 6957","{}","invoicedetail-504305","2024-10-08T00:00:00Z","invoice-574409","2024-10-03T00:00:00Z","Voided","Google","USD",5134.640426,"invoicedetail-504305","2024-10-26T00:00:00Z","Net 60","PO-297083","referenceinvoice-171973"
6483.829625,"billingaccount-254444","USD","2024-10-01T00:00:00Z","2024-09-01T00:00:00Z","Credit","2024-08-18T00:00:00Z","InvoiceDetailDescription 2755","{}","invoicedetail-881216","2024-10-03T00:00:00Z","invoice-215552","2024-10-04T00:00:00Z","Open","Google","USD",165.879346,"invoicedetail-881216","2024-10-29T00:00:00Z","Net 60","PO-296114","referenceinvoice-379714"
3519.56824,"billingaccount-224074","USD","2024-10-01T00:00:00Z","2024-09-01T00:00:00Z","Adjustment","2024-08-16T00:00:00Z","InvoiceDetailDescription 2377","{}","invoicedetail-471643","2024-10-11T00:00:00Z","invoice-552432","2024-10-06T00:00:00Z","Open","AWS","USD",1506.200462,"invoicedetail-471643","2024-10-27T00:00:00Z","Due on receipt","PO-551777","referenceinvoice-632599"
978.126977,"billingaccount-780129","USD","2024-10-01T00:00:00Z","2024-09-01T00:00:00Z","Credit","2024-08-30T00:00:00Z","InvoiceDetailDescription 7923","{}","invoicedetail-303352","2024-10-08T00:00:00Z","invoice-408287","2024-10-04T00:00:00Z","Open","Google","USD",4026.921032,"invoicedetail-303352","2024-10-22T00:00:00Z","Due on receipt","PO-389329","referenceinvoice-655286"
498.714495,"billingaccount-361036","USD","2024-10-01T00:00:00Z","2024-09-01T00:00:00Z","Usage","2024-08-15T00:00:00Z","InvoiceDetailDescription 4597","{}","invoicedetail-220783","2024-10-07T00:00:00Z","invoice-155718","2024-10-02T00:00:00Z","Open","Oracle","USD",5752.305036,"invoicedetail-220783","2024-10-30T00:00:00Z","Net 30","PO-169045","referenceinvoice-657980"
7158.233181,"billingaccount-510945","USD","2024-10-01T00:00:00Z","2024-09-01T00:00:00Z","Credit","2024-08-23T00:00:00Z","InvoiceDetailDescription 2659","{}","invoicedetail-330569","2024-10-04T00:00:00Z","invoice-869575","2024-10-06T00:00:00Z","Voided","AWS","USD",2682.669498,"invoicedetail-330569","2024-11-04T00:00:00Z","Net 30","PO-279337","referenceinvoice-923895"
5963.133968,"billingaccount-869531","USD","2024-10-01T00:00:00Z","2024-09-01T00:00:00Z","Usage","2024-08-20T00:00:00Z","InvoiceDetailDescription 2544","{}","invoicedetail-294069","2024-10-11T00:00:00Z","invoice-627685","2024-10-04T00:00:00Z","Voided","Microsoft","USD",6221.183499,"invoicedetail-294069","2024-11-02T00:00:00Z","Due on receipt","PO-420155","referenceinvoice-993978"
1873.44412,"billingaccount-577328","USD","2024-10-01T00:00:00Z","2024-09-01T00:00:00Z","Purchase","2024-08-26T00:00:00Z","InvoiceDetailDescription 1208","{}","invoicedetail-798384","2024-10-06T00:00:00Z","invoice-597654","2024-10-02T00:00:00Z","Issued","Microsoft","USD",3340.541498,"invoicedetail-798384","2024-10-14T00:00:00Z","Net 30","PO-376648","referenceinvoice-180716"
5831.588581,"billingaccount-612027","USD","2024-10-01T00:00:00Z","2024-09-01T00:00:00Z","Purchase","2024-08-31T00:00:00Z","InvoiceDetailDescription 8742","{}","invoicedetail-214699","2024-10-10T00:00:00Z","invoice-147371","2024-10-04T00:00:00Z","Open","Microsoft","USD",5672.667301,"invoicedetail-214699","2024-10-26T00:00:00Z","Net 60","PO-975937","referenceinvoice-339376"
8038.926179,"billingaccount-451983","USD","2024-10-01T00:00:00Z","2024-09-01T00:00:00Z","Credit","2024-08-27T00:00:00Z","InvoiceDetailDescription 9039","{}","invoicedetail-870509","2024-10-02T00:00:00Z","invoice-467820","2024-10-02T00:00:00Z","Voided","Microsoft","USD",2573.395123,"invoicedetail-870509","2024-10-18T00:00:00Z","Net 60","PO-365852","referenceinvoice-481985"
3337.388701,"billingaccount-642985","USD","2024-10-01T00:00:00Z","2024-09-01T00:00:00Z","Adjustment","2024-08-31T00:00:00Z","InvoiceDetailDescription 8935","{}","invoicedetail-218238","2024-10-06T00:00:00Z","invoice-383049","2024-10-04T00:00:00Z","Voided","Oracle","USD",5193.089003,"invoicedetail-218238","2024-11-02T00:00:00Z","Due on receipt","PO-121734","referenceinvoice-255084"
4978.322315,"billingaccount-356238","USD","2024-10-01T00:00:00Z","2024-09-01T00:00:00Z","Adjustment","2024-08-24T00:00:00Z","InvoiceDetailDescription 8056","{}","invoicedetail-476879","2024-10-11T00:00:00Z","invoice-316329","2024-10-03T00:00:00Z","Voided","Oracle","USD",892.739832,"invoicedetail-476879","2024-10-21T00:00:00Z","Net 60","PO-769760","referenceinvoice-213174"
2653.093331,"billingaccount-812052","USD","2024-10-01T00:00:00Z","2024-09-01T00:00:00Z","Tax","2024-08-14T00:00:00Z","InvoiceDetailDescription 6426","{}","invoicedetail-510020","2024-10-08T00:00:00Z","invoice-717766","2024-10-06T00:00:00Z","Issued","Google","USD",9452.665001,"invoicedetail-510020","2024-10-18T00:00:00Z","Net 60","PO-424348","referenceinvoice-299829"
1229.612636,"billingaccount-933966","USD","2024-10-01T00:00:00Z","2024-09-01T00:00:00Z","Credit","2024-08-13T00:00:00Z","InvoiceDetailDescription 6685","{}","invoicedetail-402418","2024-10-09T00:00:00Z","invoice-215543","2024-10-04T00:00:00Z","Open","AWS","USD",4989.27019,"invoicedetail-402418","2024-10-30T00:00:00Z","Due on receipt","PO-254278","referenceinvoice-588969"
6643.203211,"billingaccount-418395","USD","2024-10-01T00:00:00Z","2024-09-01T00:00:00Z","Credit","2024-08-15T00:00:00Z","InvoiceDetailDescription 5722","{}","invoicedetail-167755","2024-10-05T00:00:00Z","invoice-938635","2024-10-06T00:00:00Z","Issued","Microsoft","USD",155.923996,"invoicedetail-167755","2024-10-30T00:00:00Z","Net 30","PO-327882","referenceinvoice-396765"
4303.228285,"billingaccount-792325","USD","2024-10-01T00:00:00Z","2024-09-01T00:00:00Z","Usage","2024-08-30T00:00:00Z","InvoiceDetailDescription 1817","{}","invoicedetail-363647","2024-10-08T00:00:00Z","invoice-244408","2024-10-04T00:00:00Z","Issued","AWS","USD",8787.220961,"invoicedetail-363647","2024-10-11T00:00:00Z","Due on receipt","PO-797644","referenceinvoice-906234"
1967.274132,"billingaccount-713652","USD","2024-10-01T00:00:00Z","2024-09-01T00:00:00Z","Usage","2024-08-29T00:00:00Z","InvoiceDetailDescription 5764","{}","invoicedetail-329489","2024-10-05T00:00:00Z","invoice-133697","2024-10-03T00:00:00Z","Issued","Microsoft","USD",9329.347637,"invoicedetail-329489","2024-11-02T00:00:00Z","Net 30","PO-951138","referenceinvoice-811459"
9201.941289,"billingaccount-726040","USD","2024-10-01T00:00:00Z","2024-09-01T00:00:00Z","Tax","2024-08-18T00:00:00Z","InvoiceDetailDescription 3839","{}","invoicedetail-691299","2024-10-07T00:00:00Z","invoice-556986","2024-10-02T00:00:00Z","Voided","Oracle","USD",8759.324053,"invoicedetail-691299","2024-10-17T00:00:00Z","Due on receipt","PO-245936","referenceinvoice-816514"
1995.231755,"billingaccount-419811","USD","2024-10-01T00:00:00Z","2024-09-01T00:00:00Z","Usage","2024-08-23T00:00:00Z","InvoiceDetailDescription 5871","{}","invoicedetail-694191","2024-10-03T00:00:00Z","invoice-758840","2024-10-05T00:00:00Z","Issued","Microsoft","USD",5458.306758,"invoicedetail-694191","2024-10-29T00:00:00Z","Net 60","PO-920411","referenceinvoice-974357"
6941.333883,"billingaccount-628288","USD","2024-10-01T00:00:00Z","2024-09-01T00:00:00Z","Tax","2024-08-28T00:00:00Z","InvoiceDetailDescription 8673","{}","invoicedetail-471399","2024-10-03T00:00:00Z","invoice-548443","2024-10-06T00:00:00Z","Issued","Oracle","USD",4205.05665,"invoicedetail-471399","2024-10-27T00:00:00Z","Net 60","PO-583691","referenceinvoice-129017"
9068.487831,"billingaccount-924843","USD","2024-10-01T00:00:00Z","2024-09-01T00:00:00Z","Purchase","2024-08-18T00:00:00Z","InvoiceDetailDescription 9391","{}","invoicedetail-491235","2024-10-02T00:00:00Z","invoice-233457","2024-10-03T00:00:00Z","Voided","AWS","USD",5432.695515,"invoicedetail-491235","2024-10-29T00:00:00Z","Due on receipt","PO-407592","referenceinvoice-156136"
8074.810264,"billingaccount-643171","USD","2024-10-01T00:00:00Z","2024-09-01T00:00:00Z","Credit","2024-08-27T00:00:00Z","InvoiceDetailDescription 1890","{}","invoicedetail-188771","2024-10-07T00:00:00Z","invoice-157349","2024-10-02T00:00:00Z","Issued","Oracle","USD",8298.942893,"invoicedetail-188771","2024-10-23T00:00:00Z","Due on receipt","PO-212248","referenceinvoice-449682"
3313.075964,"billingaccount-163821","USD","2024-10-01T00:00:00Z","2024-09-01T00:00:00Z","Usage","2024-08-22T00:00:00Z","InvoiceDetailDescription 9369","{}","invoicedetail-875278","2024-10-10T00:00:00Z","invoice-851778","2024-10-05T00:00:00Z","Open","AWS","USD",7015.726656,"invoicedetail-875278","2024-11-03T00:00:00Z","Due on receipt","PO-251154","referenceinvoice-689351"
6282.394626,"billingaccount-854075","USD","2024-10-01T00:00:00Z","2024-09-01T00:00:00Z","Usage","2024-08-27T00:00:00Z","InvoiceDetailDescription 8945","{}","invoicedetail-753959","2024-10-04T00:00:00Z","invoice-821184","2024-10-03T00:00:00Z","Open","Oracle","USD",1147.088637,"invoicedetail-753959","2024-10-19T00:00:00Z","Net 30","PO-260455","referenceinvoice-733120"
1036.070248,"billingaccount-125854","USD","2024-10-01T00:00:00Z","2024-09-01T00:00:00Z","Adjustment","2024-08-15T00:00:00Z","InvoiceDetailDescription 8271","{}","invoicedetail-509693","2024-10-02T00:00:00Z","invoice-158356","2024-10-03T00:00:00Z","Open","AWS","USD",2999.237582,"invoicedetail-509693","2024-10-16T00:00:00Z","Net 60","PO-292984","referenceinvoice-960116"
4391.298507,"billingaccount-790130","USD","2024-10-01T00:00:00Z","2024-09-01T00:00:00Z","Adjustment","2024-08-14T00:00:00Z","InvoiceDetailDescription 3018","{}","invoicedetail-553355","2024-10-05T00:00:00Z","invoice-253350","2024-10-06T00:00:00Z","Voided","Microsoft","USD",216.57878,"invoicedetail-553355","2024-11-03T00:00:00Z","Net 30","PO-958311","referenceinvoice-880768"
4761.58399,"billingaccount-404124","USD","2024-10-01T00:00:00Z","2024-09-01T00:00:00Z","Tax","2024-08-26T00:00:00Z","InvoiceDetailDescription 2638","{}","invoicedetail-717363","2024-10-09T00:00:00Z","invoice-616910","2024-10-06T00:00:00Z","Issued","Microsoft","USD",6676.996594,"invoicedetail-717363","2024-10-19T00:00:00Z","Net 60","PO-504562","referenceinvoice-831541"
279.706589,"billingaccount-579285","USD","2024-10-01T00:00:00Z","2024-09-01T00:00:00Z","Usage","2024-08-17T00:00:00Z","InvoiceDetailDescription 7380","{}","invoicedetail-111554","2024-10-07T00:00:00Z","invoice-708738","2024-10-05T00:00:00Z","Issued","AWS","USD",340.835426,"invoicedetail-111554","2024-10-16T00:00:00Z","Due on receipt","PO-789115","referenceinvoice-749987"
8824.241886,"billingaccount-580614","USD","2024-10-01T00:00:00Z","2024-09-01T00:00:00Z","Tax","2024-08-30T00:00:00Z","InvoiceDetailDescription 1149","{}","invoicedetail-266004","2024-10-06T00:00:00Z","invoice-475125","2024-10-03T00:00:00Z","Voided","Oracle","USD",8558.395718,"invoicedetail-266004","2024-10-24T00:00:00Z","Due on receipt","PO-321018","referenceinvoice-465779"
1514.027145,"billingaccount-787796","USD","2024-10-01T00:00:00Z","2024-09-01T00:00:00Z","Adjustment","2024-08-15T00:00:00Z","InvoiceDetailDescription 6558","{}","invoicedetail-581801","2024-10-02T00:00:00Z","invoice-849923","2024-10-03T00:00:00Z","Open","Oracle","USD",2783.401443,"invoicedetail-581801","2024-10-30T00:00:00Z","Due on receipt","PO-417645","referenceinvoice-513064"
6589.718102,"billingaccount-704020","USD","2024-10-01T00:00:00Z","2024-09-01T00:00:00Z","Adjustment","2024-08-16T00:00:00Z","InvoiceDetailDescription 9608","{}","invoicedetail-371818","2024-10-07T00:00:00Z","invoice-235708","2024-10-05T00:00:00Z","Voided","AWS","USD",3240.766122,"invoicedetail-371818","2024-10-31T00:00:00Z","Due on receipt","PO-465004","referenceinvoice-712885"
1591.796743,"billingaccount-201229","USD","2024-10-01T00:00:00Z","2024-09-01T00:00:00Z","Usage","2024-08-29T00:00:00Z","InvoiceDetailDescription 9182","{}","invoicedetail-812321","2024-10-01T00:00:00Z","invoice-599555","2024-10-02T00:00:00Z","Issued","Oracle","USD",7599.092814,"invoicedetail-812321","2024-11-01T00:00:00Z","Due on receipt","PO-934252","referenceinvoice-348111"
619.266451,"billingaccount-362651","USD","2024-10-01T00:00:00Z","2024-09-01T00:00:00Z","Usage","2024-08-26T00:00:00Z","InvoiceDetailDescription 1613","{}","invoicedetail-987936","2024-10-07T00:00:00Z","invoice-886363","2024-10-05T00:00:00Z","Open","AWS","USD",4415.284527,"invoicedetail-987936","2024-10-14T00:00:00Z","Net 60","PO-735996","referenceinvoice-761959"
4495.096309,"billingaccount-239687","USD","2024-10-01T00:00:00Z","2024-09-01T00:00:00Z","Adjustment","2024-08-26T00:00:00Z","InvoiceDetailDescription 4272","{}","invoicedetail-305225","2024-10-06T00:00:00Z","invoice-364760","2024-10-02T00:00:00Z","Issued","AWS","USD",4375.148541,"invoicedetail-305225","2024-10-31T00:00:00Z","Net 60","PO-336450","referenceinvoice-310965"
5821.079465,"billingaccount-759675","USD","2024-10-01T00:00:00Z","2024-09-01T00:00:00Z","Usage","2024-08-18T00:00:00Z","InvoiceDetailDescription 4334","{}","invoicedetail-134853","2024-10-09T00:00:00Z","invoice-949355","2024-10-03T00:00:00Z","Open","Microsoft","USD",8932.910115,"invoicedetail-134853","2024-10-12T00:00:00Z","Net 60","PO-912002","referenceinvoice-527847"
1901.369008,"billingaccount-317553","USD","2024-10-01T00:00:00Z","2024-09-01T00:00:00Z","Adjustment","2024-08-21T00:00:00Z","InvoiceDetailDescription 8761","{}","invoicedetail-625179","2024-10-03T00:00:00Z","invoice-469209","2024-10-06T00:00:00Z","Issued","AWS","USD",6184.788637,"invoicedetail-625179","2024-10-28T00:00:00Z","Due on receipt","PO-994877","referenceinvoice-244570"
5691.524228,"billingaccount-233370","USD","2024-10-01T00:00:00Z","2024-09-01T00:00:00Z","Adjustment","2024-08-17T00:00:00Z","InvoiceDetailDescription 5886","{}","invoicedetail-205814","2024-10-07T00:00:00Z","invoice-223655","2024-10-05T00:00:00Z","Issued","AWS","USD",2305.735055,"invoicedetail-205814","2024-10-14T00:00:00Z","Due on receipt","PO-666795","referenceinvoice-446994"
7032.733139,"billingaccount-171253","USD","2024-10-01T00:00:00Z","2024-09-01T00:00:00Z","Purchase","2024-08-24T00:00:00Z","InvoiceDetailDescription 5719","{}","invoicedetail-178409","2024-10-05T00:00:00Z","invoice-660383","2024-10-04T00:00:00Z","Voided","AWS","USD",2413.984005,"invoicedetail-178409","2024-10-23T00:00:00Z","Due on receipt","PO-740939","referenceinvoice-624337"
6975.179083,"billingaccount-216260","USD","2024-10-01T00:00:00Z","2024-09-01T00:00:00Z","Adjustment","2024-08-19T00:00:00Z","InvoiceDetailDescription 8716","{}","invoicedetail-375831","2024-10-10T00:00:00Z","invoice-784963","2024-10-02T00:00:00Z","Open","Google","USD",322.747256,"invoicedetail-375831","2024-10-26T00:00:00Z","Net 60","PO-373553","referenceinvoice-310251"
8167.623783,"billingaccount-445620","USD","2024-10-01T00:00:00Z","2024-09-01T00:00:00Z","Usage","2024-08-30T00:00:00Z","InvoiceDetailDescription 4860","{}","invoicedetail-617530","2024-10-03T00:00:00Z","invoice-176453","2024-10-03T00:00:00Z","Voided","Google","USD",9043.238655,"invoicedetail-617530","2024-10-27T00:00:00Z","Due on receipt","PO-975564","referenceinvoice-902762"
7392.893926,"billingaccount-184508","USD","2024-10-01T00:00:00Z","2024-09-01T00:00:00Z","Adjustment","2024-08-20T00:00:00Z","InvoiceDetailDescription 8844","{}","invoicedetail-235753","2024-10-02T00:00:00Z","invoice-383648","2024-10-05T00:00:00Z","Voided","AWS","USD",417.40977,"invoicedetail-235753","2024-10-31T00:00:00Z","Net 30","PO-620719","referenceinvoice-632261"
7815.418381,"billingaccount-338818","USD","2024-10-01T00:00:00Z","2024-09-01T00:00:00Z","Usage","2024-08-20T00:00:00Z","InvoiceDetailDescription 1906","{}","invoicedetail-127633","2024-10-07T00:00:00Z","invoice-911192","2024-10-05T00:00:00Z","Open","Microsoft","USD",5341.858611,"invoicedetail-127633","2024-10-21T00:00:00Z","Net 60","PO-815067","referenceinvoice-816801"
7656.815155,"billingaccount-829222","USD","2024-10-01T00:00:00Z","2024-09-01T00:00:00Z","Purchase","2024-08-14T00:00:00Z","InvoiceDetailDescription 8040","{}","invoicedetail-835405","2024-10-08T00:00:00Z","invoice-547567","2024-10-02T00:00:00Z","Voided","AWS","USD",1377.704301,"invoicedetail-835405","2024-10-21T00:00:00Z","Net 60","PO-223724","referenceinvoice-745559"
9180.685882,"billingaccount-349739","USD","2024-10-01T00:00:00Z","2024-09-01T00:00:00Z","Purchase","2024-08-20T00:00:00Z","InvoiceDetailDescription 2507","{}","invoicedetail-717210","2024-10-04T00:00:00Z","invoice-110537","2024-10-04T00:00:00Z","Open","Google","USD",4130.654838,"invoicedetail-717210","2024-10-24T00:00:00Z","Due on receipt","PO-695642","referenceinvoice-148003"
1267.158943,"billingaccount-289365","USD","2024-10-01T00:00:00Z","2024-09-01T00:00:00Z","Tax","2024-08-24T00:00:00Z","InvoiceDetailDescription 1716","{}","invoicedetail-429384","2024-10-01T00:00:00Z","invoice-466652","2024-10-02T00:00:00Z","Voided","AWS","USD",6552.089519,"invoicedetail-429384","2024-10-10T00:00:00Z","Net 30","PO-406616","referenceinvoice-236017"
768.038338,"billingaccount-362352","USD","2024-10-01T00:00:00Z","2024-09-01T00:00:00Z","Adjustment","2024-08-16T00:00:00Z","InvoiceDetailDescription 4372","{}","invoicedetail-618970","2024-10-11T00:00:00Z","invoice-839513","2024-10-02T00:00:00Z","Voided","Oracle","USD",8134.248358,"invoicedetail-618970","2024-10-30T00:00:00Z","Net 30","PO-565087","referenceinvoice-847775"
2442.057917,"billingaccount-380531","USD","2024-10-01T00:00:00Z","2024-09-01T00:00:00Z","Tax","2024-08-20T00:00:00Z","InvoiceDetailDescription 9870","{}","invoicedetail-627900","2024-10-09T00:00:00Z","invoice-209448","2024-10-04T00:00:00Z","Open","Google","USD",3466.354527,"invoicedetail-627900","2024-10-31T00:00:00Z","Net 60","PO-839772","referenceinvoice-752079"
8414.253516,"billingaccount-646302","USD","2024-10-01T00:00:00Z","2024-09-01T00:00:00Z","Purchase","2024-08-23T00:00:00Z","InvoiceDetailDescription 5996","{}","invoicedetail-877947","2024-10-02T00:00:00Z","invoice-679826","2024-10-03T00:00:00Z","Open","Oracle","USD",1227.480499,"invoicedetail-877947","2024-10-14T00:00:00Z","Due on receipt","PO-956036","referenceinvoice-926215"
7641.919811,"billingaccount-219787","USD","2024-10-01T00:00:00Z","2024-09-01T00:00:00Z","Usage","2024-08-30T00:00:00Z","InvoiceDetailDescription 9174","{}","invoicedetail-976950","2024-10-04T00:00:00Z","invoice-135395","2024-10-05T00:00:00Z","Issued","Microsoft","USD",2779.673307,"invoicedetail-976950","2024-11-01T00:00:00Z","Net 60","PO-415005","referenceinvoice-967359"
4953.574987,"billingaccount-501172","USD","2024-10-01T00:00:00Z","2024-09-01T00:00:00Z","Credit","2024-08-30T00:00:00Z","InvoiceDetailDescription 8274","{}","invoicedetail-146573","2024-10-05T00:00:00Z","invoice-335351","2024-10-06T00:00:00Z","Open","AWS","USD",3793.269782,"invoicedetail-146573","2024-10-25T00:00:00Z","Due on receipt","PO-552025","referenceinvoice-658358"
9372.238891,"billingaccount-738309","USD","2024-10-01T00:00:00Z","2024-09-01T00:00:00Z","Tax","2024-08-22T00:00:00Z","InvoiceDetailDescription 5301","{}","invoicedetail-949602","2024-10-01T00:00:00Z","invoice-889911","2024-10-06T00:00:00Z","Voided","AWS","USD",2165.441495,"invoicedetail-949602","2024-10-24T00:00:00Z","Net 30","PO-457506","referenceinvoice-861042"
3881.105628,"billingaccount-856334","USD","2024-10-01T00:00:00Z","2024-09-01T00:00:00Z","Tax","2024-08-18T00:00:00Z","InvoiceDetailDescription 9761","{}","invoicedetail-586017","2024-10-01T00:00:00Z","invoice-544423","2024-10-02T00:00:00Z","Voided","Oracle","USD",7192.201955,"invoicedetail-586017","2024-10-26T00:00:00Z","Due on receipt","PO-372735","referenceinvoice-270444"
2807.001308,"billingaccount-815756","USD","2024-10-01T00:00:00Z","2024-09-01T00:00:00Z","Tax","2024-08-17T00:00:00Z","InvoiceDetailDescription 2401","{}","invoicedetail-362073","2024-10-04T00:00:00Z","invoice-908807","2024-10-03T00:00:00Z","Voided","Oracle","USD",2958.249177,"invoicedetail-362073","2024-10-10T00:00:00Z","Due on receipt","PO-513769","referenceinvoice-140481"
8102.59497,"billingaccount-737533","USD","2024-10-01T00:00:00Z","2024-09-01T00:00:00Z","Usage","2024-08-20T00:00:00Z","InvoiceDetailDescription 3036","{}","invoicedetail-421802","2024-10-05T00:00:00Z","invoice-696053","2024-10-04T00:00:00Z","Voided","Google","USD",3209.893915,"invoicedetail-421802","2024-10-31T00:00:00Z","Net 60","PO-988765","referenceinvoice-287469"
4664.395007,"billingaccount-476149","USD","2024-10-01T00:00:00Z","2024-09-01T00:00:00Z","Credit","2024-08-17T00:00:00Z","InvoiceDetailDescription 4569","{}","invoicedetail-528459","2024-10-01T00:00:00Z","invoice-161430","2024-10-05T00:00:00Z","Voided","Oracle","USD",9388.34258,"invoicedetail-528459","2024-10-12T00:00:00Z","Net 60","PO-739975","referenceinvoice-678235"
7659.768297,"billingaccount-389558","USD","2024-10-01T00:00:00Z","2024-09-01T00:00:00Z","Tax","2024-08-29T00:00:00Z","InvoiceDetailDescription 9108","{}","invoicedetail-233402","2024-10-08T00:00:00Z","invoice-338466","2024-10-03T00:00:00Z","Voided","Google","USD",1744.953181,"invoicedetail-233402","2024-10-18T00:00:00Z","Due on receipt","PO-787842","referenceinvoice-151988"
6844.41384,"billingaccount-561697","USD","2024-10-01T00:00:00Z","2024-09-01T00:00:00Z","Adjustment","2024-08-28T00:00:00Z","InvoiceDetailDescription 6199","{}","invoicedetail-143993","2024-10-11T00:00:00Z","invoice-680290","2024-10-02T00:00:00Z","Voided","Microsoft","USD",2279.524212,"invoicedetail-143993","2024-10-14T00:00:00Z","Due on receipt","PO-371638","referenceinvoice-369950"
2346.968602,"billingaccount-214466","USD","2024-10-01T00:00:00Z","2024-09-01T00:00:00Z","Usage","2024-08-20T00:00:00Z","InvoiceDetailDescription 9305","{}","invoicedetail-565371","2024-10-09T00:00:00Z","invoice-218680","2024-10-02T00:00:00Z","Voided","AWS","USD",774.50225,"invoicedetail-565371","2024-10-28T00:00:00Z","Net 30","PO-441614","referenceinvoice-698071"
1430.794822,"billingaccount-442402","USD","2024-10-01T00:00:00Z","2024-09-01T00:00:00Z","Adjustment","2024-08-18T00:00:00Z","InvoiceDetailDescription 6902","{}","invoicedetail-451258","2024-10-02T00:00:00Z","invoice-527963","2024-10-05T00:00:00Z","Voided","Google","USD",3747.156074,"invoicedetail-451258","2024-10-21T00:00:00Z","Net 60","PO-752126","referenceinvoice-132670"
9118.726596,"billingaccount-126775","USD","2024-10-01T00:00:00Z","2024-09-01T00:00:00Z","Usage","2024-08-20T00:00:00Z","InvoiceDetailDescription 4464","{}","invoicedetail-947285","2024-10-01T00:00:00Z","invoice-428315","2024-10-04T00:00:00Z","Voided","Microsoft","USD",7157.679705,"invoicedetail-947285","2024-10-15T00:00:00Z","Due on receipt","PO-632867","referenceinvoice-921524"
6570.593322,"billingaccount-257364","USD","2024-10-01T00:00:00Z","2024-09-01T00:00:00Z","Credit","2024-08-25T00:00:00Z","InvoiceDetailDescription 2285","{}","invoicedetail-181066","2024-10-07T00:00:00Z","invoice-335490","2024-10-06T00:00:00Z","Voided","Google","USD",5034.958869,"invoicedetail-181066","2024-10-14T00:00:00Z","Due on receipt","PO-760943","referenceinvoice-674863"
6071.020102,"billingaccount-791218","USD","2024-10-01T00:00:00Z","2024-09-01T00:00:00Z","Adjustment","2024-08-14T00:00:00Z","InvoiceDetailDescription 9525","{}","invoicedetail-562440","2024-10-02T00:00:00Z","invoice-432335","2024-10-06T00:00:00Z","Issued","Oracle","USD",1950.235951,"invoicedetail-562440","2024-10-14T00:00:00Z","Due on receipt","PO-407301","referenceinvoice-355882"
3148.163762,"billingaccount-221023","USD","2024-10-01T00:00:00Z","2024-09-01T00:00:00Z","Purchase","2024-08-24T00:00:00Z","InvoiceDetailDescription 8291","{}","invoicedetail-868394","2024-10-06T00:00:00Z","invoice-529838","2024-10-03T00:00:00Z","Issued","Google","USD",796.900716,"invoicedetail-868394","2024-10-24T00:00:00Z","Due on receipt","PO-630205","referenceinvoice-180157"
7863.041417,"billingaccount-340924","USD","2024-10-01T00:00:00Z","2024-09-01T00:00:00Z","Adjustment","2024-08-16T00:00:00Z","InvoiceDetailDescription 3052","{}","invoicedetail-663731","2024-10-10T00:00:00Z","invoice-356842","2024-10-03T00:00:00Z","Issued","Google","USD",6741.05127,"invoicedetail-663731","2024-10-24T00:00:00Z","Due on receipt","PO-244850","referenceinvoice-734960"
815.059573,"billingaccount-541474","USD","2024-10-01T00:00:00Z","2024-09-01T00:00:00Z","Adjustment","2024-08-22T00:00:00Z","InvoiceDetailDescription 3431","{}","invoicedetail-703992","2024-10-06T00:00:00Z","invoice-618206","2024-10-04T00:00:00Z","Voided","Google","USD",8814.412413,"invoicedetail-703992","2024-10-14T00:00:00Z","Net 30","PO-288655","referenceinvoice-576126"
7655.095574,"billingaccount-845937","USD","2024-10-01T00:00:00Z","2024-09-01T00:00:00Z","Credit","2024-08-26T00:00:00Z","InvoiceDetailDescription 2654","{}","invoicedetail-232537","2024-10-02T00:00:00Z","invoice-135730","2024-10-05T00:00:00Z","Issued","AWS","USD",239.314637,"invoicedetail-232537","2024-10-20T00:00:00Z","Net 30","PO-176561","referenceinvoice-238808"
6969.28699,"billingaccount-353162","USD","2024-10-01T00:00:00Z","2024-09-01T00:00:00Z","Tax","2024-08-18T00:00:00Z","InvoiceDetailDescription 2950","{}","invoicedetail-453169","2024-10-06T00:00:00Z","invoice-964776","2024-10-03T00:00:00Z","Issued","Oracle","USD",5914.780021,"invoicedetail-453169","2024-10-22T00:00:00Z","Due on receipt","PO-213006","referenceinvoice-857260"
6308.319975,"billingaccount-876677","USD","2024-10-01T00:00:00Z","2024-09-01T00:00:00Z","Credit","2024-08-29T00:00:00Z","InvoiceDetailDescription 5739","{}","invoicedetail-894464","2024-10-06T00:00:00Z","invoice-600281","2024-10-05T00:00:00Z","Voided","AWS","USD",1346.055398,"invoicedetail-894464","2024-10-25T00:00:00Z","Net 30","PO-858862","referenceinvoice-903162"
3698.739087,"billingaccount-780950","USD","2024-10-01T00:00:00Z","2024-09-01T00:00:00Z","Credit","2024-08-27T00:00:00Z","InvoiceDetailDescription 7215","{}","invoicedetail-436002","2024-10-01T00:00:00Z","invoice-559891","2024-10-06T00:00:00Z","Open","AWS","USD",5086.671913,"invoicedetail-436002","2024-10-31T00:00:00Z","Due on receipt","PO-392866","referenceinvoice-910555"
482.879472,"billingaccount-642824","USD","2024-10-01T00:00:00Z","2024-09-01T00:00:00Z","Adjustment","2024-08-24T00:00:00Z","InvoiceDetailDescription 9326","{}","invoicedetail-985066","2024-10-05T00:00:00Z","invoice-547416","2024-10-05T00:00:00Z","Issued","AWS","USD",3228.000729,"invoicedetail-985066","2024-10-22T00:00:00Z","Net 60","PO-894086","referenceinvoice-287082"
2782.562269,"billingaccount-745374","USD","2024-10-01T00:00:00Z","2024-09-01T00:00:00Z","Tax","2024-08-30T00:00:00Z","InvoiceDetailDescription 2629","{}","invoicedetail-464218","2024-10-04T00:00:00Z","invoice-398624","2024-10-05T00:00:00Z","Open","Microsoft","USD",1185.510776,"invoicedetail-464218","2024-10-28T00:00:00Z","Net 60","PO-610274","referenceinvoice-560237"
7534.688049,"billingaccount-342928","USD","2024-10-01T00:00:00Z","2024-09-01T00:00:00Z","Tax","2024-08-26T00:00:00Z","InvoiceDetailDescription 3310","{}","invoicedetail-200638","2024-10-05T00:00:00Z","invoice-316890","2024-10-04T00:00:00Z","Voided","Microsoft","USD",8387.899958,"invoicedetail-200638","2024-10-30T00:00:00Z","Net 30","PO-128678","referenceinvoice-727459"
4883.658948,"billingaccount-962347","USD","2024-10-01T00:00:00Z","2024-09-01T00:00:00Z","Usage","2024-08-14T00:00:00Z","InvoiceDetailDescription 7054","{}","invoicedetail-313008","2024-10-09T00:00:00Z","invoice-395528","2024-10-03T00:00:00Z","Voided","AWS","USD",4265.025611,"invoicedetail-313008","2024-10-10T00:00:00Z","Net 60","PO-646196","referenceinvoice-232307"
8888.797569,"billingaccount-617215","USD","2024-10-01T00:00:00Z","2024-09-01T00:00:00Z","Tax","2024-08-22T00:00:00Z","InvoiceDetailDescription 2423","{}","invoicedetail-243464","2024-10-02T00:00:00Z","invoice-391979","2024-10-02T00:00:00Z","Voided","Oracle","USD",6687.155747,"invoicedetail-243464","2024-10-23T00:00:00Z","Net 60","PO-942678","referenceinvoice-182907"
3353.371641,"billingaccount-575491","USD","2024-10-01T00:00:00Z","2024-09-01T00:00:00Z","Adjustment","2024-08-29T00:00:00Z","InvoiceDetailDescription 2213","{}","invoicedetail-841143","2024-10-06T00:00:00Z","invoice-821354","2024-10-03T00:00:00Z","Issued","Microsoft","USD",8922.725091,"invoicedetail-841143","2024-10-26T00:00:00Z","Net 30","PO-554429","referenceinvoice-205317"
6272.850484,"billingaccount-357859","USD","2024-10-01T00:00:00Z","2024-09-01T00:00:00Z","Purchase","2024-08-25T00:00:00Z","InvoiceDetailDescription 7163","{}","invoicedetail-330906","2024-10-09T00:00:00Z","invoice-806056","2024-10-02T00:00:00Z","Open","Google","USD",2652.860468,"invoicedetail-330906","2024-10-29T00:00:00Z","Net 30","PO-608042","referenceinvoice-953403"
6347.727245,"billingaccount-193020","USD","2024-10-01T00:00:00Z","2024-09-01T00:00:00Z","Adjustment","2024-08-16T00:00:00Z","InvoiceDetailDescription 4509","{}","invoicedetail-103353","2024-10-05T00:00:00Z","invoice-555416","2024-10-03T00:00:00Z","Open","Microsoft","USD",4906.911519,"invoicedetail-103353","2024-10-16T00:00:00Z","Due on receipt","PO-318677","referenceinvoice-844479"
3802.902298,"billingaccount-712262","USD","2024-10-01T00:00:00Z","2024-09-01T00:00:00Z","Purchase","2024-08-30T00:00:00Z","InvoiceDetailDescription 6713","{}","invoicedetail-607755","2024-10-07T00:00:00Z","invoice-656228","2024-10-04T00:00:00Z","Voided","Microsoft","USD",9543.352215,"invoicedetail-607755","2024-10-30T00:00:00Z","Net 60","PO-981529","referenceinvoice-343157"
3571.278717,"billingaccount-604322","USD","2024-10-01T00:00:00Z","2024-09-01T00:00:00Z","Tax","2024-08-16T00:00:00Z","InvoiceDetailDescription 2581","{}","invoicedetail-329565","2024-10-08T00:00:00Z","invoice-217825","2024-10-05T00:00:00Z","Issued","Google","USD",4195.940269,"invoicedetail-329565","2024-10-31T00:00:00Z","Net 60","PO-441203","referenceinvoice-359413"
6606.128597,"billingaccount-464462","USD","2024-10-01T00:00:00Z","2024-09-01T00:00:00Z","Credit","2024-08-28T00:00:00Z","InvoiceDetailDescription 3098","{}","invoicedetail-911264","2024-10-03T00:00:00Z","invoice-607236","2024-10-05T00:00:00Z","Issued","Oracle","USD",6010.587917,"invoicedetail-911264","2024-10-22T00:00:00Z","Due on receipt","PO-346268","referenceinvoice-130369"
608.032611,"billingaccount-909289","USD","2024-10-01T00:00:00Z","2024-09-01T00:00:00Z","Tax","2024-08-23T00:00:00Z","InvoiceDetailDescription 5286","{}","invoicedetail-807777","2024-10-09T00:00:00Z","invoice-433046","2024-10-03T00:00:00Z","Issued","Google","USD",3913.783938,"invoicedetail-807777","2024-10-23T00:00:00Z","Net 60","PO-545853","referenceinvoice-518045"
2189.481954,"billingaccount-767173","USD","2024-10-01T00:00:00Z","2024-09-01T00:00:00Z","Usage","2024-08-30T00:00:00Z","InvoiceDetailDescription 6054","{}","invoicedetail-569380","2024-10-05T00:00:00Z","invoice-529718","2024-10-05T00:00:00Z","Open","Google","USD",5725.056967,"invoicedetail-569380","2024-11-04T00:00:00Z","Net 30","PO-662050","referenceinvoice-316217"
6049.612056,"billingaccount-120887","USD","2024-10-01T00:00:00Z","2024-09-01T00:00:00Z","Usage","2024-08-12T00:00:00Z","InvoiceDetailDescription 7212","{}","invoicedetail-194636","2024-10-10T00:00:00Z","invoice-918343","2024-10-04T00:00:00Z","Voided","AWS","USD",3332.880803,"invoicedetail-194636","2024-10-15T00:00:00Z","Net 60","PO-904092","referenceinvoice-903222"
5354.726627,"billingaccount-264618","USD","2024-10-01T00:00:00Z","2024-09-01T00:00:00Z","Adjustment","2024-08-30T00:00:00Z","InvoiceDetailDescription 7480","{}","invoicedetail-852689","2024-10-09T00:00:00Z","invoice-340474","2024-10-03T00:00:00Z","Issued","AWS","USD",8012.853947,"invoicedetail-852689","2024-10-21T00:00:00Z","Net 60","PO-447605","referenceinvoice-533476"
8454.819621,"billingaccount-891802","USD","2024-10-01T00:00:00Z","2024-09-01T00:00:00Z","Adjustment","2024-08-14T00:00:00Z","InvoiceDetailDescription 2679","{}","invoicedetail-625860","2024-10-04T00:00:00Z","invoice-517267","2024-10-02T00:00:00Z","Issued","Microsoft","USD",422.851679,"invoicedetail-625860","2024-10-10T00:00:00Z","Net 60","PO-416110","referenceinvoice-125422"
1236.428306,"billingaccount-922139","USD","2024-10-01T00:00:00Z","2024-09-01T00:00:00Z","Credit","2024-08-24T00:00:00Z","InvoiceDetailDescription 7565","{}","invoicedetail-237566","2024-10-01T00:00:00Z","invoice-958045","2024-10-04T00:00:00Z","Voided","Microsoft","USD",8766.216432,"invoicedetail-237566","2024-11-03T00:00:00Z","Net 30","PO-180244","referenceinvoice-177479"
9189.745646,"billingaccount-200198","USD","2024-10-01T00:00:00Z","2024-09-01T00:00:00Z","Adjustment","2024-08-31T00:00:00Z","InvoiceDetailDescription 7408","{}","invoicedetail-303721","2024-10-01T00:00:00Z","invoice-971861","2024-10-06T00:00:00Z","Voided","Oracle","USD",8593.030595,"invoicedetail-303721","2024-11-01T00:00:00Z","Net 60","PO-545804","referenceinvoice-637243"
996.792187,"billingaccount-787919","USD","2024-10-01T00:00:00Z","2024-09-01T00:00:00Z","Adjustment","2024-08-22T00:00:00Z","InvoiceDetailDescription 8723","{}","invoicedetail-494873","2024-10-05T00:00:00Z","invoice-405385","2024-10-05T00:00:00Z","Issued","AWS","USD",930.62395,"invoicedetail-494873","2024-10-18T00:00:00Z","Net 60","PO-688247","referenceinvoice-392089"
3824.083359,"billingaccount-621178","USD","2024-10-01T00:00:00Z","2024-09-01T00:00:00Z","Credit","2024-08-22T00:00:00Z","InvoiceDetailDescription 7106","{}","invoicedetail-899749","2024-10-09T00:00:00Z","invoice-673132","2024-10-06T00:00:00Z","Voided","Oracle","USD",1083.042953,"invoicedetail-899749","2024-10-20T00:00:00Z","Net 30","PO-705950","referenceinvoice-126101"
5631.532677,"billingaccount-774044","USD","2024-10-01T00:00:00Z","2024-09-01T00:00:00Z","Tax","2024-08-24T00:00:00Z","InvoiceDetailDescription 6446","{}","invoicedetail-250755","2024-10-08T00:00:00Z","invoice-949011","2024-10-04T00:00:00Z","Voided","Oracle","USD",9758.174277,"invoicedetail-250755","2024-10-26T00:00:00Z","Net 30","PO-688130","referenceinvoice-277477"
1413.305655,"billingaccount-746435","USD","2024-10-01T00:00:00Z","2024-09-01T00:00:00Z","Credit","2024-08-16T00:00:00Z","InvoiceDetailDescription 9575","{}","invoicedetail-858154","2024-10-10T00:00:00Z","invoice-980436","2024-10-03T00:00:00Z","Voided","Microsoft","USD",7605.815994,"invoicedetail-858154","2024-10-12T00:00:00Z","Net 30","PO-904686","referenceinvoice-617386"
365.0971,"billingaccount-822466","USD","2024-10-01T00:00:00Z","2024-09-01T00:00:00Z","Adjustment","2024-08-18T00:00:00Z","InvoiceDetailDescription 7660","{}","invoicedetail-105842","2024-10-05T00:00:00Z","invoice-381170","2024-10-04T00:00:00Z","Voided","Google","USD",2092.241776,"invoicedetail-105842","2024-10-15T00:00:00Z","Due on receipt","PO-933298","referenceinvoice-612467"
4613.720306,"billingaccount-606458","USD","2024-10-01T00:00:00Z","2024-09-01T00:00:00Z","Adjustment","2024-08-21T00:00:00Z","InvoiceDetailDescription 2334","{}","invoicedetail-210146","2024-10-11T00:00:00Z","invoice-546380","2024-10-03T00:00:00Z","Voided","Oracle","USD",775.044439,"invoicedetail-210146","2024-10-20T00:00:00Z","Net 30","PO-893653","referenceinvoice-114286"
4376.012599,"billingaccount-219185","USD","2024-10-01T00:00:00Z","2024-09-01T00:00:00Z","Usage","2024-08-15T00:00:00Z","InvoiceDetailDescription 7949","{}","invoicedetail-619238","2024-10-02T00:00:00Z","invoice-279015","2024-10-03T00:00:00Z","Voided","Microsoft","USD",8031.536305,"invoicedetail-619238","2024-10-16T00:00:00Z","Net 60","PO-246659","referenceinvoice-885376"
4354.794025,"billingaccount-408515","USD","2024-10-01T00:00:00Z","2024-09-01T00:00:00Z","Tax","2024-08-19T00:00:00Z","InvoiceDetailDescription 9560","{}","invoicedetail-438046","2024-10-01T00:00:00Z","invoice-744979","2024-10-04T00:00:00Z","Issued","Oracle","USD",5638.103832,"invoicedetail-438046","2024-10-14T00:00:00Z","Net 30","PO-248391","referenceinvoice-404293"
2512.393629,"billingaccount-585365","USD","2024-10-01T00:00:00Z","2024-09-01T00:00:00Z","Purchase","2024-08-12T00:00:00Z","InvoiceDetailDescription 6409","{}","invoicedetail-883039","2024-10-06T00:00:00Z","invoice-855111","2024-10-06T00:00:00Z","Open","Microsoft","USD",1642.382109,"invoicedetail-883039","2024-11-01T00:00:00Z","Due on receipt","PO-969697","referenceinvoice-596889"
4704.934364,"billingaccount-105874","USD","2024-10-01T00:00:00Z","2024-09-01T00:00:00Z","Tax","2024-08-21T00:00:00Z","InvoiceDetailDescription 4074","{}","invoicedetail-308947","2024-10-07T00:00:00Z","invoice-827759","2024-10-03T00:00:00Z","Open","AWS","USD",5377.314944,"invoicedetail-308947","2024-10-14T00:00:00Z","Net 60","PO-199315","referenceinvoice-164076"
6363.43528,"billingaccount-337009","USD","2024-10-01T00:00:00Z","2024-09-01T00:00:00Z","Tax","2024-08-12T00:00:00Z","InvoiceDetailDescription 1231","{}","invoicedetail-301998","2024-10-03T00:00:00Z","invoice-387918","2024-10-02T00:00:00Z","Issued","Oracle","USD",8207.544305,"invoicedetail-301998","2024-10-20T00:00:00Z","Net 60","PO-712859","referenceinvoice-864750"
5611.122961,"billingaccount-772765","USD","2024-10-01T00:00:00Z","2024-09-01T00:00:00Z","Purchase","2024-08-20T00:00:00Z","InvoiceDetailDescription 2269","{}","invoicedetail-721427","2024-10-10T00:00:00Z","invoice-259825","2024-10-05T00:00:00Z","Open","Google","USD",7306.580783,"invoicedetail-721427","2024-10-20T00:00:00Z","Net 60","PO-286987","referenceinvoice-375710"
7660.543426,"billingaccount-446198","USD","2024-10-01T00:00:00Z","2024-09-01T00:00:00Z","Adjustment","2024-08-27T00:00:00Z","InvoiceDetailDescription 5542","{}","invoicedetail-946514","2024-10-09T00:00:00Z","invoice-873078","2024-10-06T00:00:00Z","Voided","AWS","USD",6684.969135,"invoicedetail-946514","2024-11-02T00:00:00Z","Net 60","PO-319473","referenceinvoice-276264"
1464.916553,"billingaccount-272824","USD","2024-10-01T00:00:00Z","2024-09-01T00:00:00Z","Credit","2024-08-24T00:00:00Z","InvoiceDetailDescription 1004","{}","invoicedetail-439044","2024-10-04T00:00:00Z","invoice-181566","2024-10-02T00:00:00Z","Open","AWS","USD",1369.749271,"invoicedetail-439044","2024-10-28T00:00:00Z","Net 60","PO-546070","referenceinvoice-797137"
2407.728922,"billingaccount-512349","USD","2024-10-01T00:00:00Z","2024-09-01T00:00:00Z","Credit","2024-08-21T00:00:00Z","InvoiceDetailDescription 7316","{}","invoicedetail-840551","2024-10-05T00:00:00Z","invoice-597526","2024-10-06T00:00:00Z","Issued","Oracle","USD",3117.618325,"invoicedetail-840551","2024-10-16T00:00:00Z","Due on receipt","PO-432369","referenceinvoice-656464"
8336.049339,"billingaccount-845902","USD","2024-10-01T00:00:00Z","2024-09-01T00:00:00Z","Purchase","2024-08-12T00:00:00Z","InvoiceDetailDescription 8163","{}","invoicedetail-687712","2024-10-04T00:00:00Z","invoice-563100","2024-10-03T00:00:00Z","Issued","AWS","USD",6950.997545,"invoicedetail-687712","2024-10-30T00:00:00Z","Net 60","PO-818660","referenceinvoice-226080"
8553.723132,"billingaccount-908184","USD","2024-10-01T00:00:00Z","2024-09-01T00:00:00Z","Tax","2024-08-20T00:00:00Z","InvoiceDetailDescription 7948","{}","invoicedetail-324164","2024-10-03T00:00:00Z","invoice-746944","2024-10-02T00:00:00Z","Voided","Oracle","USD",8762.948364,"invoicedetail-324164","2024-10-20T00:00:00Z","Net 30","PO-501035","referenceinvoice-492383"
5260.025948,"billingaccount-105887","USD","2024-10-01T00:00:00Z","2024-09-01T00:00:00Z","Adjustment","2024-08-31T00:00:00Z","InvoiceDetailDescription 6085","{}","invoicedetail-444406","2024-10-04T00:00:00Z","invoice-198679","2024-10-05T00:00:00Z","Issued","Microsoft","USD",9158.071,"invoicedetail-444406","2024-10-23T00:00:00Z","Due on receipt","PO-113625","referenceinvoice-736249"
4787.348688,"billingaccount-146050","USD","2024-10-01T00:00:00Z","2024-09-01T00:00:00Z","Tax","2024-08-30T00:00:00Z","InvoiceDetailDescription 5492","{}","invoicedetail-755643","2024-10-11T00:00:00Z","invoice-160006","2024-10-04T00:00:00Z","Voided","Google","USD",8233.257087,"invoicedetail-755643","2024-10-31T00:00:00Z","Due on receipt","PO-593679","referenceinvoice-737058"
8749.368314,"billingaccount-887046","USD","2024-10-01T00:00:00Z","2024-09-01T00:00:00Z","Adjustment","2024-08-16T00:00:00Z","InvoiceDetailDescription 2702","{}","invoicedetail-140048","2024-10-03T00:00:00Z","invoice-487484","2024-10-05T00:00:00Z","Open","Oracle","USD",6129.204921,"invoicedetail-140048","2024-11-04T00:00:00Z","Due on receipt","PO-260633","referenceinvoice-839916"
560.479942,"billingaccount-768444","USD","2024-10-01T00:00:00Z","2024-09-01T00:00:00Z","Usage","2024-08-27T00:00:00Z","InvoiceDetailDescription 6148","{}","invoicedetail-202210","2024-10-02T00:00:00Z","invoice-999563","2024-10-05T00:00:00Z","Voided","Microsoft","USD",2774.781658,"invoicedetail-202210","2024-10-15T00:00:00Z","Net 30","PO-786927","referenceinvoice-743829"
1692.135476,"billingaccount-715354","USD","2024-10-01T00:00:00Z","2024-09-01T00:00:00Z","Tax","2024-08-21T00:00:00Z","InvoiceDetailDescription 9459","{}","invoicedetail-114859","2024-10-11T00:00:00Z","invoice-796773","2024-10-04T00:00:00Z","Issued","AWS","USD",4163.787278,"invoicedetail-114859","2024-11-02T00:00:00Z","Due on receipt","PO-802169","referenceinvoice-164470"
2666.359252,"billingaccount-280968","USD","2024-10-01T00:00:00Z","2024-09-01T00:00:00Z","Credit","2024-08-25T00:00:00Z","InvoiceDetailDescription 1729","{}","invoicedetail-388909","2024-10-09T00:00:00Z","invoice-738088","2024-10-03T00:00:00Z","Open","AWS","USD",6887.167059,"invoicedetail-388909","2024-11-02T00:00:00Z","Net 60","PO-281370","referenceinvoice-766160"
1177.145715,"billingaccount-588900","USD","2024-10-01T00:00:00Z","2024-09-01T00:00:00Z","Adjustment","2024-08-22T00:00:00Z","InvoiceDetailDescription 2410","{}","invoicedetail-693692","2024-10-05T00:00:00Z","invoice-585496","2024-10-06T00:00:00Z","Open","AWS","USD",1162.616902,"invoicedetail-693692","2024-10-24T00:00:00Z","Net 30","PO-291366","referenceinvoice-864989"
9657.655956,"billingaccount-903966","USD","2024-10-01T00:00:00Z","2024-09-01T00:00:00Z","Purchase","2024-08-26T00:00:00Z","InvoiceDetailDescription 1171","{}","invoicedetail-328092","2024-10-06T00:00:00Z","invoice-768934","2024-10-06T00:00:00Z","Issued","AWS","USD",4603.490985,"invoicedetail-328092","2024-11-02T00:00:00Z","Due on receipt","PO-358717","referenceinvoice-422733"
7059.139631,"billingaccount-286650","USD","2024-10-01T00:00:00Z","2024-09-01T00:00:00Z","Tax","2024-08-27T00:00:00Z","InvoiceDetailDescription 3300","{}","invoicedetail-692487","2024-10-05T00:00:00Z","invoice-430868","2024-10-02T00:00:00Z","Issued","Microsoft","USD",2259.603801,"invoicedetail-692487","2024-10-21T00:00:00Z","Net 30","PO-386050","referenceinvoice-308902"
924.120582,"billingaccount-472405","USD","2024-10-01T00:00:00Z","2024-09-01T00:00:00Z","Adjustment","2024-08-22T00:00:00Z","InvoiceDetailDescription 6957","{}","invoicedetail-465805","2024-10-05T00:00:00Z","invoice-909889","2024-10-05T00:00:00Z","Voided","Microsoft","USD",5230.427343,"invoicedetail-465805","2024-10-20T00:00:00Z","Due on receipt","PO-820413","referenceinvoice-972132"
5379.48784,"billingaccount-320895","USD","2024-10-01T00:00:00Z","2024-09-01T00:00:00Z","Credit","2024-08-30T00:00:00Z","InvoiceDetailDescription 6683","{}","invoicedetail-777388","2024-10-10T00:00:00Z","invoice-950299","2024-10-05T00:00:00Z","Voided","Microsoft","USD",7962.714008,"invoicedetail-777388","2024-10-16T00:00:00Z","Net 30","PO-458802","referenceinvoice-833640"
2182.549199,"billingaccount-373516","USD","2024-10-01T00:00:00Z","2024-09-01T00:00:00Z","Usage","2024-08-29T00:00:00Z","InvoiceDetailDescription 2889","{}","invoicedetail-642145","2024-10-09T00:00:00Z","invoice-790311","2024-10-03T00:00:00Z","Voided","Google","USD",1864.255106,"invoicedetail-642145","2024-10-18T00:00:00Z","Net 30","PO-589943","referenceinvoice-715326"
5883.907817,"billingaccount-135494","USD","2024-10-01T00:00:00Z","2024-09-01T00:00:00Z","Tax","2024-08-20T00:00:00Z","InvoiceDetailDescription 2713","{}","invoicedetail-760049","2024-10-10T00:00:00Z","invoice-476317","2024-10-05T00:00:00Z","Open","Google","USD",1587.504999,"invoicedetail-760049","2024-11-02T00:00:00Z","Net 60","PO-450971","referenceinvoice-453026"
4668.412324,"billingaccount-295203","USD","2024-10-01T00:00:00Z","2024-09-01T00:00:00Z","Usage","2024-08-26T00:00:00Z","InvoiceDetailDescription 8192","{}","invoicedetail-948530","2024-10-06T00:00:00Z","invoice-746564","2024-10-04T00:00:00Z","Issued","AWS","USD",5935.747517,"invoicedetail-948530","2024-10-16T00:00:00Z","Due on receipt","PO-556097","referenceinvoice-866461"
3732.147783,"billingaccount-454291","USD","2024-10-01T00:00:00Z","2024-09-01T00:00:00Z","Credit","2024-08-16T00:00:00Z","InvoiceDetailDescription 7572","{}","invoicedetail-414754","2024-10-04T00:00:00Z","invoice-142078","2024-10-04T00:00:00Z","Open","Oracle","USD",7631.729911,"invoicedetail-414754","2024-11-03T00:00:00Z","Due on receipt","PO-213094","referenceinvoice-541435"
285.551709,"billingaccount-637085","USD","2024-10-01T00:00:00Z","2024-09-01T00:00:00Z","Purchase","2024-08-23T00:00:00Z","InvoiceDetailDescription 5924","{}","invoicedetail-725843","2024-10-10T00:00:00Z","invoice-831519","2024-10-05T00:00:00Z","Voided","Oracle","USD",1984.621432,"invoicedetail-725843","2024-10-30T00:00:00Z","Due on receipt","PO-888371","referenceinvoice-246327"
7928.634417,"billingaccount-248332","USD","2024-10-01T00:00:00Z","2024-09-01T00:00:00Z","Tax","2024-08-21T00:00:00Z","InvoiceDetailDescription 8515","{}","invoicedetail-515229","2024-10-01T00:00:00Z","invoice-273373","2024-10-02T00:00:00Z","Issued","Microsoft","USD",8.432095,"invoicedetail-515229","2024-10-18T00:00:00Z","Net 30","PO-310141","referenceinvoice-280426"
8577.621967,"billingaccount-557754","USD","2024-10-01T00:00:00Z","2024-09-01T00:00:00Z","Usage","2024-08-22T00:00:00Z","InvoiceDetailDescription 5009","{}","invoicedetail-261625","2024-10-02T00:00:00Z","invoice-817974","2024-10-03T00:00:00Z","Voided","Google","USD",8456.683962,"invoicedetail-261625","2024-10-17T00:00:00Z","Net 60","PO-105184","referenceinvoice-600531"
6867.864385,"billingaccount-832723","USD","2024-10-01T00:00:00Z","2024-09-01T00:00:00Z","Purchase","2024-08-20T00:00:00Z","InvoiceDetailDescription 8738","{}","invoicedetail-800906","2024-10-02T00:00:00Z","invoice-494570","2024-10-05T00:00:00Z","Issued","Microsoft","USD",7062.241006,"invoicedetail-800906","2024-10-29T00:00:00Z","Net 30","PO-506400","referenceinvoice-234744"
8197.910761,"billingaccount-865850","USD","2024-10-01T00:00:00Z","2024-09-01T00:00:00Z","Credit","2024-08-27T00:00:00Z","InvoiceDetailDescription 7452","{}","invoicedetail-660060","2024-10-07T00:00:00Z","invoice-175137","2024-10-04T00:00:00Z","Issued","Google","USD",4883.093288,"invoicedetail-660060","2024-10-20T00:00:00Z","Due on receipt","PO-714915","referenceinvoice-128202"
3622.804384,"billingaccount-625814","USD","2024-10-01T00:00:00Z","2024-09-01T00:00:00Z","Usage","2024-08-12T00:00:00Z","InvoiceDetailDescription 7523","{}","invoicedetail-181023","2024-10-03T00:00:00Z","invoice-776936","2024-10-03T00:00:00Z","Open","Microsoft","USD",1380.799003,"invoicedetail-181023","2024-10-21T00:00:00Z","Net 30","PO-146397","referenceinvoice-321493"
6540.44935,"billingaccount-546390","USD","2024-10-01T00:00:00Z","2024-09-01T00:00:00Z","Purchase","2024-08-18T00:00:00Z","InvoiceDetailDescription 5668","{}","invoicedetail-426203","2024-10-02T00:00:00Z","invoice-505605","2024-10-04T00:00:00Z","Voided","Google","USD",8212.750143,"invoicedetail-426203","2024-10-23T00:00:00Z","Net 30","PO-373698","referenceinvoice-542223"
4649.227024,"billingaccount-186654","USD","2024-10-01T00:00:00Z","2024-09-01T00:00:00Z","Tax","2024-08-26T00:00:00Z","InvoiceDetailDescription 2661","{}","invoicedetail-787728","2024-10-07T00:00:00Z","invoice-524121","2024-10-06T00:00:00Z","Open","Microsoft","USD",1608.837792,"invoicedetail-787728","2024-10-16T00:00:00Z","Net 30","PO-702597","referenceinvoice-631597"
9599.210521,"billingaccount-521216","USD","2024-10-01T00:00:00Z","2024-09-01T00:00:00Z","Credit","2024-08-17T00:00:00Z","InvoiceDetailDescription 1893","{}","invoicedetail-417670","2024-10-01T00:00:00Z","invoice-545625","2024-10-05T00:00:00Z","Issued","Oracle","USD",7420.650097,"invoicedetail-417670","2024-11-01T00:00:00Z","Net 30","PO-732958","referenceinvoice-946331"
3350.635085,"billingaccount-661013","USD","2024-10-01T00:00:00Z","2024-09-01T00:00:00Z","Tax","2024-08-15T00:00:00Z","InvoiceDetailDescription 2829","{}","invoicedetail-923650","2024-10-06T00:00:00Z","invoice-287526","2024-10-05T00:00:00Z","Issued","Oracle","USD",5317.116287,"invoicedetail-923650","2024-11-03T00:00:00Z","Net 60","PO-807494","referenceinvoice-183895"
1976.130494,"billingaccount-952319","USD","2024-10-01T00:00:00Z","2024-09-01T00:00:00Z","Adjustment","2024-08-31T00:00:00Z","InvoiceDetailDescription 8454","{}","invoicedetail-556013","2024-10-06T00:00:00Z","invoice-150901","2024-10-06T00:00:00Z","Issued","Microsoft","USD",2817.139554,"invoicedetail-556013","2024-10-21T00:00:00Z","Net 30","PO-613405","referenceinvoice-582607"
4257.025371,"billingaccount-807784","USD","2024-10-01T00:00:00Z","2024-09-01T00:00:00Z","Tax","2024-08-30T00:00:00Z","InvoiceDetailDescription 1385","{}","invoicedetail-669113","2024-10-10T00:00:00Z","invoice-380216","2024-10-04T00:00:00Z","Open","Google","USD",2932.396856,"invoicedetail-669113","2024-10-19T00:00:00Z","Net 60","PO-118369","referenceinvoice-568472"
1116.832819,"billingaccount-867457","USD","2024-10-01T00:00:00Z","2024-09-01T00:00:00Z","Usage","2024-08-22T00:00:00Z","InvoiceDetailDescription 9704","{}","invoicedetail-874562","2024-10-11T00:00:00Z","invoice-515461","2024-10-02T00:00:00Z","Open","Google","USD",1752.336479,"invoicedetail-874562","2024-10-28T00:00:00Z","Due on receipt","PO-199166","referenceinvoice-232177"
9718.527754,"billingaccount-822460","USD","2024-10-01T00:00:00Z","2024-09-01T00:00:00Z","Adjustment","2024-08-16T00:00:00Z","InvoiceDetailDescription 4999","{}","invoicedetail-965674","2024-10-07T00:00:00Z","invoice-975474","2024-10-04T00:00:00Z","Voided","Microsoft","USD",8204.856405,"invoicedetail-965674","2024-10-22T00:00:00Z","Due on receipt","PO-580687","referenceinvoice-142615"
6093.5349,"billingaccount-858970","USD","2024-10-01T00:00:00Z","2024-09-01T00:00:00Z","Usage","2024-08-21T00:00:00Z","InvoiceDetailDescription 7257","{}","invoicedetail-637533","2024-10-06T00:00:00Z","invoice-860636","2024-10-02T00:00:00Z","Open","AWS","USD",3377.727414,"invoicedetail-637533","2024-10-13T00:00:00Z","Due on receipt","PO-885663","referenceinvoice-416655"
2568.58004,"billingaccount-784610","USD","2024-10-01T00:00:00Z","2024-09-01T00:00:00Z","Usage","2024-08-19T00:00:00Z","InvoiceDetailDescription 8101","{}","invoicedetail-222080","2024-10-01T00:00:00Z","invoice-932196","2024-10-03T00:00:00Z","Open","Oracle","USD",5708.951224,"invoicedetail-222080","2024-11-02T00:00:00Z","Net 60","PO-745483","referenceinvoice-639009"
2152.092663,"billingaccount-558170","USD","2024-10-01T00:00:00Z","2024-09-01T00:00:00Z","Tax","2024-08-30T00:00:00Z","InvoiceDetailDescription 4042","{}","invoicedetail-390302","2024-10-06T00:00:00Z","invoice-625927","2024-10-06T00:00:00Z","Voided","Microsoft","USD",457.42181,"invoicedetail-390302","2024-10-28T00:00:00Z","Net 60","PO-290065","referenceinvoice-811152"
187.189488,"billingaccount-534451","USD","2024-10-01T00:00:00Z","2024-09-01T00:00:00Z","Purchase","2024-08-23T00:00:00Z","InvoiceDetailDescription 5501","{}","invoicedetail-380025","2024-10-01T00:00:00Z","invoice-584904","2024-10-05T00:00:00Z","Voided","Google","USD",7902.582211,"invoicedetail-380025","2024-10-18T00:00:00Z","Due on receipt","PO-433614","referenceinvoice-201866"
637.224586,"billingaccount-401813","USD","2024-10-01T00:00:00Z","2024-09-01T00:00:00Z","Adjustment","2024-08-24T00:00:00Z","InvoiceDetailDescription 8547","{}","invoicedetail-716472","2024-10-01T00:00:00Z","invoice-541203","2024-10-04T00:00:00Z","Voided","Microsoft","USD",5952.307606,"invoicedetail-716472","2024-10-18T00:00:00Z","Due on receipt","PO-507937","referenceinvoice-598705"
8226.287026,"billingaccount-259151","USD","2024-10-01T00:00:00Z","2024-09-01T00:00:00Z","Credit","2024-08-21T00:00:00Z","InvoiceDetailDescription 9175","{}","invoicedetail-320869","2024-10-06T00:00:00Z","invoice-658094","2024-10-04T00:00:00Z","Voided","AWS","USD",1700.134104,"invoicedetail-320869","2024-10-22T00:00:00Z","Net 60","PO-368113","referenceinvoice-522511"
9849.471997,"billingaccount-187128","USD","2024-10-01T00:00:00Z","2024-09-01T00:00:00Z","Purchase","2024-08-13T00:00:00Z","InvoiceDetailDescription 9676","{}","invoicedetail-487125","2024-10-02T00:00:00Z","invoice-418801","2024-10-05T00:00:00Z","Issued","AWS","USD",7508.575195,"invoicedetail-487125","2024-10-29T00:00:00Z","Net 60","PO-807265","referenceinvoice-590083"
6242.65137,"billingaccount-692332","USD","2024-10-01T00:00:00Z","2024-09-01T00:00:00Z","Credit","2024-08-27T00:00:00Z","InvoiceDetailDescription 7805","{}","invoicedetail-902097","2024-10-10T00:00:00Z","invoice-124545","2024-10-06T00:00:00Z","Issued","AWS","USD",5564.394872,"invoicedetail-902097","2024-10-18T00:00:00Z","Net 60","PO-346120","referenceinvoice-493514"
3957.496972,"billingaccount-321569","USD","2024-10-01T00:00:00Z","2024-09-01T00:00:00Z","Usage","2024-08-19T00:00:00Z","InvoiceDetailDescription 5740","{}","invoicedetail-287299","2024-10-10T00:00:00Z","invoice-266846","2024-10-02T00:00:00Z","Voided","Microsoft","USD",9788.965017,"invoicedetail-287299","2024-10-12T00:00:00Z","Due on receipt","PO-528360","referenceinvoice-469124"
7704.996717,"billingaccount-760891","USD","2024-10-01T00:00:00Z","2024-09-01T00:00:00Z","Usage","2024-08-18T00:00:00Z","InvoiceDetailDescription 6206","{}","invoicedetail-626704","2024-10-10T00:00:00Z","invoice-661645","2024-10-04T00:00:00Z","Voided","Microsoft","USD",3921.733664,"invoicedetail-626704","2024-10-21T00:00:00Z","Net 60","PO-618870","referenceinvoice-893591"
4000.543601,"billingaccount-103499","USD","2024-10-01T00:00:00Z","2024-09-01T00:00:00Z","Adjustment","2024-08-22T00:00:00Z","InvoiceDetailDescription 6473","{}","invoicedetail-899995","2024-10-08T00:00:00Z","invoice-586561","2024-10-03T00:00:00Z","Voided","Oracle","USD",1722.706682,"invoicedetail-899995","2024-10-15T00:00:00Z","Net 30","PO-501975","referenceinvoice-708339"
290.409969,"billingaccount-335082","USD","2024-10-01T00:00:00Z","2024-09-01T00:00:00Z","Purchase","2024-08-18T00:00:00Z","InvoiceDetailDescription 9247","{}","invoicedetail-184416","2024-10-07T00:00:00Z","invoice-728692","2024-10-03T00:00:00Z","Voided","Oracle","USD",7321.479947,"invoicedetail-184416","2024-10-30T00:00:00Z","Net 30","PO-440808","referenceinvoice-739434"
909.664404,"billingaccount-488283","USD","2024-10-01T00:00:00Z","2024-09-01T00:00:00Z","Usage","2024-08-26T00:00:00Z","InvoiceDetailDescription 7378","{}","invoicedetail-678874","2024-10-10T00:00:00Z","invoice-636174","2024-10-05T00:00:00Z","Open","Microsoft","USD",8503.090137,"invoicedetail-678874","2024-11-02T00:00:00Z","Net 30","PO-580005","referenceinvoice-486991"
1326.500572,"billingaccount-167961","USD","2024-10-01T00:00:00Z","2024-09-01T00:00:00Z","Usage","2024-08-26T00:00:00Z","InvoiceDetailDescription 4391","{}","invoicedetail-705659","2024-10-08T00:00:00Z","invoice-583581","2024-10-03T00:00:00Z","Issued","Microsoft","USD",2450.469709,"invoicedetail-705659","2024-10-20T00:00:00Z","Due on receipt","PO-565204","referenceinvoice-353633"
8378.754506,"billingaccount-267003","USD","2024-10-01T00:00:00Z","2024-09-01T00:00:00Z","Purchase","2024-08-17T00:00:00Z","InvoiceDetailDescription 8572","{}","invoicedetail-857120","2024-10-09T00:00:00Z","invoice-173234","2024-10-02T00:00:00Z","Open","Microsoft","USD",7486.085745,"invoicedetail-857120","2024-10-28T00:00:00Z","Due on receipt","PO-809752","referenceinvoice-526085"
8833.570385,"billingaccount-663443","USD","2024-10-01T00:00:00Z","2024-09-01T00:00:00Z","Usage","2024-08-19T00:00:00Z","InvoiceDetailDescription 9751","{}","invoicedetail-849484","2024-10-02T00:00:00Z","invoice-124872","2024-10-05T00:00:00Z","Issued","Oracle","USD",4808.075639,"invoicedetail-849484","2024-10-20T00:00:00Z","Due on receipt","PO-162690","referenceinvoice-407194"
9273.899012,"billingaccount-759835","USD","2024-10-01T00:00:00Z","2024-09-01T00:00:00Z","Credit","2024-08-30T00:00:00Z","InvoiceDetailDescription 8021","{}","invoicedetail-925673","2024-10-06T00:00:00Z","invoice-230083","2024-10-05T00:00:00Z","Open","Oracle","USD",1459.837395,"invoicedetail-925673","2024-11-03T00:00:00Z","Net 60","PO-894758","referenceinvoice-965314"
3398.346241,"billingaccount-354875","USD","2024-10-01T00:00:00Z","2024-09-01T00:00:00Z","Credit","2024-08-26T00:00:00Z","InvoiceDetailDescription 4442","{}","invoicedetail-377356","2024-10-06T00:00:00Z","invoice-201843","2024-10-05T00:00:00Z","Issued","AWS","USD",6420.355714,"invoicedetail-377356","2024-11-02T00:00:00Z","Net 30","PO-580501","referenceinvoice-843527"
6891.941163,"billingaccount-446723","USD","2024-10-01T00:00:00Z","2024-09-01T00:00:00Z","Credit","2024-08-24T00:00:00Z","InvoiceDetailDescription 5225","{}","invoicedetail-695833","2024-10-05T00:00:00Z","invoice-388671","2024-10-04T00:00:00Z","Voided","Oracle","USD",357.446429,"invoicedetail-695833","2024-10-20T00:00:00Z","Net 30","PO-255214","referenceinvoice-647125"
3627.24235,"billingaccount-405364","USD","2024-10-01T00:00:00Z","2024-09-01T00:00:00Z","Tax","2024-08-31T00:00:00Z","InvoiceDetailDescription 3593","{}","invoicedetail-695213","2024-10-04T00:00:00Z","invoice-764686","2024-10-04T00:00:00Z","Issued","Google","USD",4752.848425,"invoicedetail-695213","2024-10-29T00:00:00Z","Net 60","PO-805983","referenceinvoice-409203"
8591.47626,"billingaccount-369804","USD","2024-10-01T00:00:00Z","2024-09-01T00:00:00Z","Purchase","2024-08-27T00:00:00Z","InvoiceDetailDescription 1458","{}","invoicedetail-992253","2024-10-03T00:00:00Z","invoice-321943","2024-10-06T00:00:00Z","Voided","Microsoft","USD",3029.565673,"invoicedetail-992253","2024-10-22T00:00:00Z","Due on receipt","PO-112652","referenceinvoice-372022"
6184.599914,"billingaccount-278687","USD","2024-10-01T00:00:00Z","2024-09-01T00:00:00Z","Tax","2024-08-15T00:00:00Z","InvoiceDetailDescription 3553","{}","invoicedetail-715656","2024-10-09T00:00:00Z","invoice-994026","2024-10-05T00:00:00Z","Voided","Google","USD",3142.962346,"invoicedetail-715656","2024-10-27T00:00:00Z","Net 60","PO-496339","referenceinvoice-608817"
8971.336065,"billingaccount-114923","USD","2024-10-01T00:00:00Z","2024-09-01T00:00:00Z","Usage","2024-08-15T00:00:00Z","InvoiceDetailDescription 6609","{}","invoicedetail-335746","2024-10-08T00:00:00Z","invoice-424333","2024-10-03T00:00:00Z","Open","Microsoft","USD",2243.099894,"invoicedetail-335746","2024-10-25T00:00:00Z","Net 60","PO-738206","referenceinvoice-915807"
5694.079914,"billingaccount-769658","USD","2024-10-01T00:00:00Z","2024-09-01T00:00:00Z","Usage","2024-08-25T00:00:00Z","InvoiceDetailDescription 9587","{}","invoicedetail-339464","2024-10-06T00:00:00Z","invoice-877391","2024-10-05T00:00:00Z","Open","AWS","USD",3635.603313,"invoicedetail-339464","2024-10-26T00:00:00Z","Net 30","PO-517848","referenceinvoice-756830"
5532.844809,"billingaccount-660730","USD","2024-10-01T00:00:00Z","2024-09-01T00:00:00Z","Adjustment","2024-08-21T00:00:00Z","InvoiceDetailDescription 2301","{}","invoicedetail-936677","2024-10-09T00:00:00Z","invoice-158693","2024-10-02T00:00:00Z","Issued","AWS","USD",5667.021612,"invoicedetail-936677","2024-10-17T00:00:00Z","Net 30","PO-356578","referenceinvoice-368511"
402.327923,"billingaccount-738727","USD","2024-10-01T00:00:00Z","2024-09-01T00:00:00Z","Tax","2024-08-24T00:00:00Z","InvoiceDetailDescription 5546","{}","invoicedetail-195797","2024-10-04T00:00:00Z","invoice-879207","2024-10-05T00:00:00Z","Open","Microsoft","USD",7333.372521,"invoicedetail-195797","2024-10-17T00:00:00Z","Net 30","PO-238987","referenceinvoice-647941"
5856.77391,"billingaccount-709506","USD","2024-10-01T00:00:00Z","2024-09-01T00:00:00Z","Credit","2024-08-30T00:00:00Z","InvoiceDetailDescription 8606","{}","invoicedetail-203043","2024-10-04T00:00:00Z","invoice-663015","2024-10-03T00:00:00Z","Open","Google","USD",3188.583388,"invoicedetail-203043","2024-10-17T00:00:00Z","Due on receipt","PO-176603","referenceinvoice-305967"
1973.962419,"billingaccount-668714","USD","2024-10-01T00:00:00Z","2024-09-01T00:00:00Z","Adjustment","2024-08-28T00:00:00Z","InvoiceDetailDescription 4522","{}","invoicedetail-727356","2024-10-08T00:00:00Z","invoice-610898","2024-10-02T00:00:00Z","Issued","Oracle","USD",5693.292693,"invoicedetail-727356","2024-10-24T00:00:00Z","Due on receipt","PO-550631","referenceinvoice-216941"
9922.376871,"billingaccount-363976","USD","2024-10-01T00:00:00Z","2024-09-01T00:00:00Z","Credit","2024-08-25T00:00:00Z","InvoiceDetailDescription 5435","{}","invoicedetail-616533","2024-10-10T00:00:00Z","invoice-761785","2024-10-06T00:00:00Z","Open","Oracle","USD",3286.393993,"invoicedetail-616533","2024-10-27T00:00:00Z","Net 60","PO-639178","referenceinvoice-397539"
2752.883485,"billingaccount-688528","USD","2024-10-01T00:00:00Z","2024-09-01T00:00:00Z","Adjustment","2024-08-23T00:00:00Z","InvoiceDetailDescription 6059","{}","invoicedetail-756326","2024-10-09T00:00:00Z","invoice-561419","2024-10-03T00:00:00Z","Open","Google","USD",9772.289973,"invoicedetail-756326","2024-10-20T00:00:00Z","Net 30","PO-611265","referenceinvoice-106833"
1787.951668,"billingaccount-897376","USD","2024-10-01T00:00:00Z","2024-09-01T00:00:00Z","Credit","2024-08-15T00:00:00Z","InvoiceDetailDescription 5991","{}","invoicedetail-199161","2024-10-08T00:00:00Z","invoice-564727","2024-10-05T00:00:00Z","Issued","Google","USD",6378.829754,"invoicedetail-199161","2024-10-17T00:00:00Z","Due on receipt","PO-962514","referenceinvoice-291528"
5017.796703,"billingaccount-435560","USD","2024-10-01T00:00:00Z","2024-09-01T00:00:00Z","Adjustment","2024-08-28T00:00:00Z","InvoiceDetailDescription 8731","{}","invoicedetail-207916","2024-10-04T00:00:00Z","invoice-818008","2024-10-03T00:00:00Z","Issued","Microsoft","USD",9275.514976,"invoicedetail-207916","2024-10-19T00:00:00Z","Net 30","PO-698745","referenceinvoice-804524"
7858.111275,"billingaccount-993761","USD","2024-10-01T00:00:00Z","2024-09-01T00:00:00Z","Purchase","2024-08-21T00:00:00Z","InvoiceDetailDescription 3574","{}","invoicedetail-441501","2024-10-03T00:00:00Z","invoice-641554","2024-10-03T00:00:00Z","Issued","Microsoft","USD",6534.906298,"invoicedetail-441501","2024-10-22T00:00:00Z","Net 60","PO-917632","referenceinvoice-861757"
3707.911308,"billingaccount-421107","USD","2024-10-01T00:00:00Z","2024-09-01T00:00:00Z","Tax","2024-08-24T00:00:00Z","InvoiceDetailDescription 6798","{}","invoicedetail-969512","2024-10-05T00:00:00Z","invoice-881413","2024-10-05T00:00:00Z","Issued","Google","USD",4497.078755,"invoicedetail-969512","2024-10-21T00:00:00Z","Net 60","PO-690648","referenceinvoice-512658"
3536.119584,"billingaccount-944492","USD","2024-10-01T00:00:00Z","2024-09-01T00:00:00Z","Purchase","2024-08-31T00:00:00Z","InvoiceDetailDescription 8485","{}","invoicedetail-904308","2024-10-07T00:00:00Z","invoice-387527","2024-10-02T00:00:00Z","Open","Oracle","USD",8185.330682,"invoicedetail-904308","2024-10-22T00:00:00Z","Net 30","PO-318742","referenceinvoice-794214"
4274.983465,"billingaccount-500982","USD","2024-10-01T00:00:00Z","2024-09-01T00:00:00Z","Tax","2024-08-22T00:00:00Z","InvoiceDetailDescription 4267","{}","invoicedetail-936212","2024-10-06T00:00:00Z","invoice-325422","2024-10-02T00:00:00Z","Voided","Google","USD",5029.434222,"invoicedetail-936212","2024-10-19T00:00:00Z","Net 60","PO-212024","referenceinvoice-178042"
5929.40267,"billingaccount-148234","USD","2024-10-01T00:00:00Z","2024-09-01T00:00:00Z","Credit","2024-08-26T00:00:00Z","InvoiceDetailDescription 8979","{}","invoicedetail-361982","2024-10-06T00:00:00Z","invoice-393750","2024-10-05T00:00:00Z","Voided","Microsoft","USD",5861.143647,"invoicedetail-361982","2024-11-04T00:00:00Z","Net 30","PO-206367","referenceinvoice-158840"
9236.060924,"billingaccount-216424","USD","2024-10-01T00:00:00Z","2024-09-01T00:00:00Z","Credit","2024-08-23T00:00:00Z","InvoiceDetailDescription 3200","{}","invoicedetail-886249","2024-10-09T00:00:00Z","invoice-177582","2024-10-04T00:00:00Z","Issued","Google","USD",9771.787582,"invoicedetail-886249","2024-10-25T00:00:00Z","Due on receipt","PO-533877","referenceinvoice-964352"
1999.943075,"billingaccount-192280","USD","2024-10-01T00:00:00Z","2024-09-01T00:00:00Z","Credit","2024-08-27T00:00:00Z","InvoiceDetailDescription 5017","{}","invoicedetail-443767","2024-10-10T00:00:00Z","invoice-700554","2024-10-04T00:00:00Z","Voided","Microsoft","USD",7627.871607,"invoicedetail-443767","2024-10-29T00:00:00Z","Net 60","PO-683715","referenceinvoice-656822"
7114.0269,"billingaccount-429212","USD","2024-10-01T00:00:00Z","2024-09-01T00:00:00Z","Tax","2024-08-31T00:00:00Z","InvoiceDetailDescription 8304","{}","invoicedetail-883572","2024-10-03T00:00:00Z","invoice-325247","2024-10-02T00:00:00Z","Open","Google","USD",3212.671315,"invoicedetail-883572","2024-10-31T00:00:00Z","Net 30","PO-583187","referenceinvoice-479798"
6036.168914,"billingaccount-124262","USD","2024-10-01T00:00:00Z","2024-09-01T00:00:00Z","Purchase","2024-08-25T00:00:00Z","InvoiceDetailDescription 2952","{}","invoicedetail-773437","2024-10-11T00:00:00Z","invoice-530732","2024-10-04T00:00:00Z","Issued","Google","USD",3963.079811,"invoicedetail-773437","2024-10-19T00:00:00Z","Net 60","PO-936865","referenceinvoice-150364"
4372.069165,"billingaccount-133642","USD","2024-10-01T00:00:00Z","2024-09-01T00:00:00Z","Adjustment","2024-08-15T00:00:00Z","InvoiceDetailDescription 6358","{}","invoicedetail-928519","2024-10-06T00:00:00Z","invoice-664982","2024-10-02T00:00:00Z","Issued","AWS","USD",2826.464219,"invoicedetail-928519","2024-10-27T00:00:00Z","Net 60","PO-765189","referenceinvoice-170369"
5317.624372,"billingaccount-937383","USD","2024-10-01T00:00:00Z","2024-09-01T00:00:00Z","Adjustment","2024-08-13T00:00:00Z","InvoiceDetailDescription 2437","{}","invoicedetail-701804","2024-10-02T00:00:00Z","invoice-591202","2024-10-06T00:00:00Z","Voided","AWS","USD",6501.739993,"invoicedetail-701804","2024-10-16T00:00:00Z","Net 30","PO-888432","referenceinvoice-176633"
1522.053156,"billingaccount-446480","USD","2024-10-01T00:00:00Z","2024-09-01T00:00:00Z","Usage","2024-08-23T00:00:00Z","InvoiceDetailDescription 3976","{}","invoicedetail-779309","2024-10-08T00:00:00Z","invoice-703165","2024-10-05T00:00:00Z","Issued","Oracle","USD",4540.470803,"invoicedetail-779309","2024-11-04T00:00:00Z","Due on receipt","PO-875378","referenceinvoice-960050"
63.539566,"billingaccount-968454","USD","2024-10-01T00:00:00Z","2024-09-01T00:00:00Z","Credit","2024-08-31T00:00:00Z","InvoiceDetailDescription 1309","{}","invoicedetail-108952","2024-10-07T00:00:00Z","invoice-336170","2024-10-06T00:00:00Z","Issued","Oracle","USD",4271.496471,"invoicedetail-108952","2024-10-22T00:00:00Z","Net 60","PO-997135","referenceinvoice-333717"
9253.565472,"billingaccount-849631","USD","2024-10-01T00:00:00Z","2024-09-01T00:00:00Z","Adjustment","2024-08-14T00:00:00Z","InvoiceDetailDescription 3500","{}","invoicedetail-298020","2024-10-08T00:00:00Z","invoice-910540","2024-10-03T00:00:00Z","Open","Google","USD",2061.441713,"invoicedetail-298020","2024-10-28T00:00:00Z","Net 30","PO-205797","referenceinvoice-127498"
3274.61048,"billingaccount-430654","USD","2024-10-01T00:00:00Z","2024-09-01T00:00:00Z","Purchase","2024-08-27T00:00:00Z","InvoiceDetailDescription 4421","{}","invoicedetail-311499","2024-10-09T00:00:00Z","invoice-417644","2024-10-04T00:00:00Z","Open","AWS","USD",4242.836385,"invoicedetail-311499","2024-10-13T00:00:00Z","Net 60","PO-344296","referenceinvoice-327788"
8341.57243,"billingaccount-493335","USD","2024-10-01T00:00:00Z","2024-09-01T00:00:00Z","Usage","2024-08-31T00:00:00Z","InvoiceDetailDescription 8273","{}","invoicedetail-880080","2024-10-03T00:00:00Z","invoice-995681","2024-10-05T00:00:00Z","Voided","Google","USD",2085.843487,"invoicedetail-880080","2024-10-15T00:00:00Z","Net 30","PO-568516","referenceinvoice-559849"
8144.994164,"billingaccount-197362","USD","2024-10-01T00:00:00Z","2024-09-01T00:00:00Z","Purchase","2024-08-25T00:00:00Z","InvoiceDetailDescription 9301","{}","invoicedetail-706395","2024-10-04T00:00:00Z","invoice-859712","2024-10-05T00:00:00Z","Voided","Oracle","USD",1217.037526,"invoicedetail-706395","2024-10-30T00:00:00Z","Net 30","PO-226204","referenceinvoice-612867"
9851.521037,"billingaccount-938641","USD","2024-10-01T00:00:00Z","2024-09-01T00:00:00Z","Adjustment","2024-08-21T00:00:00Z","InvoiceDetailDescription 6895","{}","invoicedetail-601197","2024-10-07T00:00:00Z","invoice-367685","2024-10-03T00:00:00Z","Voided","Google","USD",1119.923588,"invoicedetail-601197","2024-10-16T00:00:00Z","Net 60","PO-116929","referenceinvoice-107608"
3603.924434,"billingaccount-425039","USD","2024-10-01T00:00:00Z","2024-09-01T00:00:00Z","Usage","2024-08-18T00:00:00Z","InvoiceDetailDescription 8113","{}","invoicedetail-988991","2024-10-07T00:00:00Z","invoice-783673","2024-10-02T00:00:00Z","Issued","Oracle","USD",2293.58837,"invoicedetail-988991","2024-10-20T00:00:00Z","Due on receipt","PO-188553","referenceinvoice-782028"
6473.596163,"billingaccount-438974","USD","2024-10-01T00:00:00Z","2024-09-01T00:00:00Z","Usage","2024-08-16T00:00:00Z","InvoiceDetailDescription 3305","{}","invoicedetail-988578","2024-10-01T00:00:00Z","invoice-361093","2024-10-04T00:00:00Z","Open","Oracle","USD",5645.792485,"invoicedetail-988578","2024-11-03T00:00:00Z","Net 30","PO-643814","referenceinvoice-263324"
8023.802728,"billingaccount-875788","USD","2024-10-01T00:00:00Z","2024-09-01T00:00:00Z","Tax","2024-08-16T00:00:00Z","InvoiceDetailDescription 7089","{}","invoicedetail-747553","2024-10-01T00:00:00Z","invoice-535029","2024-10-02T00:00:00Z","Open","Microsoft","USD",4192.391498,"invoicedetail-747553","2024-10-28T00:00:00Z","Net 30","PO-643791","referenceinvoice-258733"
4975.553915,"billingaccount-420932","USD","2024-10-01T00:00:00Z","2024-09-01T00:00:00Z","Credit","2024-08-20T00:00:00Z","InvoiceDetailDescription 7114","{}","invoicedetail-982298","2024-10-02T00:00:00Z","invoice-378062","2024-10-03T00:00:00Z","Voided","Microsoft","USD",3210.727351,"invoicedetail-982298","2024-10-10T00:00:00Z","Net 30","PO-447688","referenceinvoice-129881"
5394.749222,"billingaccount-899541","USD","2024-10-01T00:00:00Z","2024-09-01T00:00:00Z","Adjustment","2024-08-30T00:00:00Z","InvoiceDetailDescription 9604","{}","invoicedetail-277985","2024-10-03T00:00:00Z","invoice-265855","2024-10-05T00:00:00Z","Open","Oracle","USD",149.384614,"invoicedetail-277985","2024-10-13T00:00:00Z","Net 30","PO-196598","referenceinvoice-540279"
8561.404265,"billingaccount-662799","USD","2024-10-01T00:00:00Z","2024-09-01T00:00:00Z","Credit","2024-08-28T00:00:00Z","InvoiceDetailDescription 3202","{}","invoicedetail-998541","2024-10-08T00:00:00Z","invoice-732575","2024-10-05T00:00:00Z","Voided","AWS","USD",7.216283,"invoicedetail-998541","2024-10-25T00:00:00Z","Net 60","PO-592292","referenceinvoice-369338"
9569.053547,"billingaccount-800901","USD","2024-10-01T00:00:00Z","2024-09-01T00:00:00Z","Usage","2024-08-21T00:00:00Z","InvoiceDetailDescription 8828","{}","invoicedetail-616740","2024-10-11T00:00:00Z","invoice-885088","2024-10-06T00:00:00Z","Voided","Microsoft","USD",1962.870965,"invoicedetail-616740","2024-10-24T00:00:00Z","Net 30","PO-639737","referenceinvoice-236113"
947.8919,"billingaccount-523455","USD","2024-10-01T00:00:00Z","2024-09-01T00:00:00Z","Tax","2024-08-24T00:00:00Z","InvoiceDetailDescription 2724","{}","invoicedetail-361912","2024-10-11T00:00:00Z","invoice-337212","2024-10-02T00:00:00Z","Issued","Microsoft","USD",1846.267561,"invoicedetail-361912","2024-11-01T00:00:00Z","Due on receipt","PO-415734","referenceinvoice-444589"
9876.429281,"billingaccount-379682","USD","2024-10-01T00:00:00Z","2024-09-01T00:00:00Z","Purchase","2024-08-13T00:00:00Z","InvoiceDetailDescription 6373","{}","invoicedetail-542521","2024-10-09T00:00:00Z","invoice-492975","2024-10-06T00:00:00Z","Voided","Oracle","USD",1452.209993,"invoicedetail-542521","2024-10-31T00:00:00Z","Due on receipt","PO-992074","referenceinvoice-135887"
1429.54466,"billingaccount-135771","USD","2024-10-01T00:00:00Z","2024-09-01T00:00:00Z","Purchase","2024-08-30T00:00:00Z","InvoiceDetailDescription 3652","{}","invoicedetail-516036","2024-10-04T00:00:00Z","invoice-438199","2024-10-03T00:00:00Z","Open","Oracle","USD",5720.867327,"invoicedetail-516036","2024-10-10T00:00:00Z","Net 60","PO-999343","referenceinvoice-460607"
4531.935947,"billingaccount-375570","USD","2024-10-01T00:00:00Z","2024-09-01T00:00:00Z","Adjustment","2024-08-13T00:00:00Z","InvoiceDetailDescription 8206","{}","invoicedetail-223542","2024-10-07T00:00:00Z","invoice-881147","2024-10-05T00:00:00Z","Issued","Microsoft","USD",6554.60505,"invoicedetail-223542","2024-10-18T00:00:00Z","Due on receipt","PO-453737","referenceinvoice-453637"
4563.160067,"billingaccount-201191","USD","2024-10-01T00:00:00Z","2024-09-01T00:00:00Z","Tax","2024-08-23T00:00:00Z","InvoiceDetailDescription 9504","{}","invoicedetail-375632","2024-10-06T00:00:00Z","invoice-166183","2024-10-05T00:00:00Z","Issued","Microsoft","USD",4265.145186,"invoicedetail-375632","2024-10-29T00:00:00Z","Net 30","PO-669711","referenceinvoice-232359"
5504.647695,"billingaccount-410078","USD","2024-10-01T00:00:00Z","2024-09-01T00:00:00Z","Purchase","2024-08-24T00:00:00Z","InvoiceDetailDescription 6695","{}","invoicedetail-421944","2024-10-08T00:00:00Z","invoice-574548","2024-10-02T00:00:00Z","Issued","AWS","USD",5532.985403,"invoicedetail-421944","2024-10-12T00:00:00Z","Net 30","PO-629241","referenceinvoice-291482"
2218.570916,"billingaccount-117531","USD","2024-10-01T00:00:00Z","2024-09-01T00:00:00Z","Purchase","2024-08-15T00:00:00Z","InvoiceDetailDescription 6798","{}","invoicedetail-651105","2024-10-04T00:00:00Z","invoice-730127","2024-10-03T00:00:00Z","Open","Oracle","USD",5628.830035,"invoicedetail-651105","2024-10-31T00:00:00Z","Due on receipt","PO-650549","referenceinvoice-149278"
3744.721201,"billingaccount-205002","USD","2024-10-01T00:00:00Z","2024-09-01T00:00:00Z","Purchase","2024-08-14T00:00:00Z","InvoiceDetailDescription 4707","{}","invoicedetail-984199","2024-10-04T00:00:00Z","invoice-887589","2024-10-06T00:00:00Z","Voided","Google","USD",1520.510803,"invoicedetail-984199","2024-10-18T00:00:00Z","Due on receipt","PO-544612","referenceinvoice-999987"
3897.723995,"billingaccount-647093","USD","2024-10-01T00:00:00Z","2024-09-01T00:00:00Z","Credit","2024-08-23T00:00:00Z","InvoiceDetailDescription 8807","{}","invoicedetail-590737","2024-10-01T00:00:00Z","invoice-437558","2024-10-05T00:00:00Z","Open","Microsoft","USD",7215.476478,"invoicedetail-590737","2024-10-21T00:00:00Z","Net 60","PO-100370","referenceinvoice-178507"
9230.521525,"billingaccount-742900","USD","2024-10-01T00:00:00Z","2024-09-01T00:00:00Z","Adjustment","2024-08-14T00:00:00Z","InvoiceDetailDescription 2094","{}","invoicedetail-162099","2024-10-11T00:00:00Z","invoice-891852","2024-10-04T00:00:00Z","Issued","Google","USD",1403.032701,"invoicedetail-162099","2024-10-17T00:00:00Z","Net 60","PO-962392","referenceinvoice-268037"
5914.164051,"billingaccount-360647","USD","2024-10-01T00:00:00Z","2024-09-01T00:00:00Z","Tax","2024-08-19T00:00:00Z","InvoiceDetailDescription 2155","{}","invoicedetail-337298","2024-10-03T00:00:00Z","invoice-389635","2024-10-05T00:00:00Z","Open","Microsoft","USD",8926.385,"invoicedetail-337298","2024-10-24T00:00:00Z","Net 30","PO-861244","referenceinvoice-875584"
