"AllocatedMethodId","AllocatedResourceId","AllocatedResourceName","AllocatedTags","BilledCost","BillingAccountId","BillingAccountName","BillingAccountType","BillingCurrency","BillingPeriodEnd","BillingPeriodStart","CapacityReservationId","CapacityReservationStatus","ChargeCategory","ChargeClass","ChargeDescription","ChargePeriodEnd","ChargePeriodStart","CommitmentDiscountCategory","CommitmentDiscountId","CommitmentDiscountName","CommitmentDiscountQuantity","CommitmentDiscountStatus","CommitmentDiscountType","CommitmentDiscountUnit","ConsumedQuantity","ConsumedUnit","ContractApplied","ContractedCost","ContractedUnitPrice","EffectiveCost","HostProviderName","InvoiceId","InvoiceIssuerName","ListCost","ListUnitPrice","PricingCategory","PricingCurrency","PricingQuantity","PricingUnit","ProviderName","PublisherName","RegionId","RegionName","ResourceId","ResourceName","ResourceType","ServiceCategory","ServiceName","ServiceProviderName","SkuId","SkuMeter","SkuPriceDetails","SkuPriceId","SubAccountId","SubAccountName","SubAccountType","Tags","AllocatedMethodDetails","AvailabilityZone","ChargeFrequency","ServiceSubcategory","PricingCurrencyContractedUnitPrice","PricingCurrencyEffectiveCost","PricingCurrencyListUnitPrice","CommitmentProgramEligibilityDetails","InvoiceDetailId"
"AllocatedMethodId-3803","AllocatedResourceId-9751","AllocatedResourceName-5010","{}",468.17049576,"123456789012","SunBird","BillingAccount","USD","2024-10-01T00:00:00Z","2024-09-01T00:00:00Z",NULL,NULL,"Usage",NULL,"Amazon Elastic Compute Cloud Virtual Machine in Europe (Ireland)","2024-09-10T13:00:00Z","2024-09-10T12:00:00Z","Spend","cd-343962","commit-3962",NULL,"Used","Committed Use Discount",NULL,370.3400000000,"Hours",NULL,767.492616,2.0724,468.17049576,"AWS","INV-202409-89840","AWS",1009.880146,2.7269,"Other","USD",370.34,"Hours","AWS","AWS","eu-west-1","Europe (Ireland)","arn:aws:ec2:eu-west-1:123456789012:instance/i-00c9715656c4",NULL,"Virtual Machine","Compute","Amazon Elastic Compute Cloud","AWS","1VRJNVGFYGWWQC38","Amazon Elastic Compute Cloud Hours",NULL,"HYF9SXMECOSFOGYR.3XKXWNRE","517389287820","Atlas Nimbus","BillingAccount","{""cost_center"": ""CC-2042"", ""team"": ""growth"", ""environment"": ""prod""}",NULL,NULL,"Usage-Based","Virtual Machines",2.0724,468.17049576,2.7269,NULL,NULL
"AllocatedMethodId-9179","AllocatedResourceId-7482","AllocatedResourceName-8517","{}",567.7299576,"8a93b2c1-1234-4abc-9def-0123456789ab","Contoso Cloud","BillingProfile","USD","2024-10-01T00:00:00Z","2024-09-01T00:00:00Z",NULL,NULL,"Tax",NULL,"Tax charge in UK South","2024-09-28T08:00:00Z","2024-09-28T07:00:00Z",NULL,NULL,NULL,NULL,NULL,NULL,NULL,NULL,NULL,NULL,14.2871590000,NULL,567.7299576,"Microsoft","INV-202409-37869","Microsoft",13.9630320000,NULL,NULL,"USD",NULL,NULL,"Microsoft","Microsoft",NULL,NULL,NULL,NULL,NULL,"Other","Tax","Microsoft",NULL,NULL,NULL,NULL,"sub-2b7c","Staging","BillingProfile","{""business_unit"": ""MarseilleSRE"", ""application"": ""AtlasPortal""}",NULL,NULL,"One-Time","Other (Security)",NULL,567.7299576,NULL,NULL,NULL
"AllocatedMethodId-3060","AllocatedResourceId-3103","AllocatedResourceName-8787","{}",72.6400224,"01ABCD-2345EF-6789GH","Helios Labs","BillingAccount","USD","2024-10-01T00:00:00Z","2024-09-01T00:00:00Z",NULL,NULL,"Usage",NULL,"Cloud Load Balancing Forwarding Rule in Northern Virginia","2024-09-16T11:00:00Z","2024-09-16T10:00:00Z",NULL,NULL,NULL,NULL,NULL,NULL,NULL,254.7700000000,"Hours",NULL,113.50003500000001,0.4455,72.6400224,"Google","INV-202409-79822","Google",115.818442,0.4546,"Standard","USD",254.77,"Hours","Google","Google","us-east4","Northern Virginia","//compute.googleapis.com/projects/Helios Labs/zones/us-east4-a/instances/inst-3809",NULL,"Forwarding Rule","Networking","Cloud Load Balancing","Google","Q9AH8RVHS1K3AQ6L","Cloud Load Balancing Hours",NULL,"6GT6MJXK87AU5BHX.TPDPFF5E","proj-helios-dev","helios-dev","BillingAccount","{""cost_center"": ""CC-2042"", ""application"": ""NimbusAPI""}",NULL,NULL,"Usage-Based","Application Networking",0.4455,72.6400224,0.4546,NULL,NULL
"AllocatedMethodId-9786","AllocatedResourceId-8350","AllocatedResourceName-3296","{}",389.383104,"8a93b2c1-1234-4abc-9def-0123456789ab","Contoso Cloud","BillingProfile","USD","2024-10-01T00:00:00Z","2024-09-01T00:00:00Z",NULL,NULL,"Adjustment",NULL,"Azure SQL Database SQL Database in UK South","2024-09-24T01:00:00Z","2024-09-24T00:00:00Z",NULL,NULL,NULL,NULL,NULL,NULL,NULL,NULL,NULL,NULL,519.177472,1.4564,389.383104,"Microsoft","INV-202409-34931","Microsoft",711.1776000000001,1.9950,"Standard","USD",356.48,"Hours","Microsoft","Microsoft","uksouth","UK South",NULL,NULL,NULL,"Databases","Azure SQL Database","Microsoft","VB9OOAEDOECVE6PR","Azure SQL Database Hours",NULL,"5N8I4P40MGG1W103.DGDZVGPM","sub-9a1f","Production","BillingProfile","{""environment"": ""prod""}",NULL,NULL,"One-Time","Relational Databases",1.4564,389.383104,1.9950,NULL,NULL
"AllocatedMethodId-3144","AllocatedResourceId-5915","AllocatedResourceName-8491","{}",75.96016704,"ocid1.tenancy.oc1..aaaa1234","Meridian OCI","Tenancy","USD","2024-10-01T00:00:00Z","2024-09-01T00:00:00Z",NULL,NULL,"Usage",NULL,"Oracle Object Storage Bucket in UK South (London)","2024-09-11T16:00:00Z","2024-09-11T15:00:00Z","Spend","cd-197793","commit-7793",NULL,"Unused","Reserved Instance",NULL,NULL,NULL,NULL,124.52486400000001,2.5434,75.96016704,"Oracle","INV-202409-61876","Oracle",159.64876800000002,3.2608,"Committed","USD",48.96,"GB","Oracle","Oracle","uk-london-1","UK South (London)","ocid1.instance.oc1.uk-london-1.007b44b41b48",NULL,"Bucket","Storage","Oracle Object Storage","Oracle","Q3S195JMSND8DUDD","Oracle Object Storage GB",NULL,"467KD6FLEEPZHPCF.07UQNUPQ","ocid1.compartment.oc1..dev","development","Tenancy","{""team"": ""platform""}",NULL,"us-ashburn-1-AD-1","Usage-Based","Object Storage",2.5434,75.96016704,3.2608,NULL,NULL
"AllocatedMethodId-5088","AllocatedResourceId-2684","AllocatedResourceName-6794","{}",478.0211004,"01ABCD-2345EF-6789GH","Helios Labs","BillingAccount","USD","2024-10-01T00:00:00Z","2024-09-01T00:00:00Z",NULL,NULL,"Usage",NULL,"Compute Engine VM Instance in Iowa","2024-09-27T13:00:00Z","2024-09-27T12:00:00Z","Usage","cd-356150","commit-6150",NULL,"Used","Savings Plan",NULL,268.8200000000,"Hours",NULL,645.97446,2.4030,478.0211004,"Google","INV-202409-37535","Google",679.98019,2.5295,"Standard","USD",268.82,"Hours","Google","Google","us-central1","Iowa","//compute.googleapis.com/projects/Helios Labs/zones/us-central1-a/instances/inst-9115",NULL,"VM Instance","Compute","Compute Engine","Google","JRSNVNQ65QDF1RCA","Compute Engine Hours",NULL,"VIQK2919AHEJ8CX9.J1ICTXCW","proj-helios-dev","helios-dev","BillingAccount","{""owner"": ""k.johnson"", ""business_unit"": ""ViennaAI"", ""application"": ""BrightSourceCore""}",NULL,"us-central1-a","Usage-Based","Virtual Machines",2.4030,478.0211004,2.5295,NULL,NULL
"AllocatedMethodId-2146","AllocatedResourceId-6409","AllocatedResourceName-6143","{}",28.3112104,"ocid1.tenancy.oc1..aaaa1234","Meridian OCI","Tenancy","USD","2024-10-01T00:00:00Z","2024-09-01T00:00:00Z",NULL,NULL,"Usage",NULL,"Oracle Load Balancer Load Balancer in Australia East (Sydney)","2024-09-11T03:00:00Z","2024-09-11T02:00:00Z",NULL,NULL,NULL,NULL,NULL,NULL,NULL,440.7100000000,"Hours",NULL,38.78247999999999,0.0880,28.3112104,"Oracle","INV-202409-66531","Oracle",54.648039999999995,0.1240,"Standard","USD",440.71,"Hours","Oracle","Oracle","ap-sydney-1","Australia East (Sydney)","ocid1.instance.oc1.ap-sydney-1.004a81685281",NULL,"Load Balancer","Networking","Oracle Load Balancer","Oracle","3WTOOBMZVRERW6Z8","Oracle Load Balancer Hours",NULL,"VBHQLQCG1WU16HYM.QC1A78MX","ocid1.compartment.oc1..prod","production","Tenancy","{""environment"": ""prod"", ""business_unit"": ""LisbonOps"", ""owner"": ""a.lovelace""}",NULL,NULL,"Usage-Based","Application Networking",0.0880,28.3112104,0.1240,NULL,NULL
"AllocatedMethodId-9486","AllocatedResourceId-8611","AllocatedResourceName-1822","{}",889.0600830000001,"123456789012","SunBird","BillingAccount","USD","2024-10-01T00:00:00Z","2024-09-01T00:00:00Z",NULL,NULL,"Purchase",NULL,"AWS Lambda Function in Europe (Ireland)","2024-09-14T05:00:00Z","2024-09-14T04:00:00Z",NULL,NULL,NULL,NULL,NULL,NULL,NULL,NULL,NULL,NULL,889.0600830000001,2.5503,0,"AWS","INV-202409-33053","AWS",966.381781,2.7721,"Dynamic","USD",348.61,"Requests","AWS","AWS","eu-west-1","Europe (Ireland)","arn:aws:ec2:eu-west-1:123456789012:instance/i-00a3b06b72d5",NULL,"Function","Compute","AWS Lambda","AWS","ATSN1U322N64KFS6","AWS Lambda Requests",NULL,"VFPTOMJBCP4E30MY.5ZPJAG1O","663626350770","Zenith Apollo","BillingAccount","{""cost_center"": ""CC-3090""}",NULL,NULL,"Recurring","Serverless Compute",2.5503,0,2.7721,NULL,NULL
"AllocatedMethodId-1475","AllocatedResourceId-7371","AllocatedResourceName-6507","{}",905.128973,"8a93b2c1-1234-4abc-9def-0123456789ab","Contoso Cloud","BillingProfile","USD","2024-10-01T00:00:00Z","2024-09-01T00:00:00Z",NULL,NULL,"Purchase",NULL,"Virtual Machines Virtual Machine in UK South","2024-09-20T20:00:00Z","2024-09-20T19:00:00Z","Usage","cd-854213","commit-4213",NULL,"Unused","Committed Use Discount",NULL,NULL,NULL,NULL,905.128973,3.0401,0,"Microsoft","INV-202409-73654","Microsoft",1414.2770460000002,4.7502,"Committed","USD",297.73,"Hours","Microsoft","Microsoft","uksouth","UK South","/subscriptions/8a93b2c1-1234-4abc-9def-0123456789ab/resourceGroups/rg-207/providers/Microsoft.Compute/virtualMachines/vm-1602",NULL,"Virtual Machine","Compute","Virtual Machines","Microsoft","ESPRVU8FIJOYJNE0","Virtual Machines Hours",NULL,"0V830DN0YBY4AWTY.088O5OR1","sub-9a1f","Production","BillingProfile","{""team"": ""payments"", ""owner"": ""k.johnson"", ""business_unit"": ""LisbonOps""}",NULL,NULL,"One-Time","Virtual Machines",3.0401,0,4.7502,NULL,NULL
"AllocatedMethodId-5941","AllocatedResourceId-2983","AllocatedResourceName-1672","{}",732.7757514,"ocid1.tenancy.oc1..aaaa1234","Meridian OCI","Tenancy","USD","2024-10-01T00:00:00Z","2024-09-01T00:00:00Z",NULL,NULL,"Usage","Correction","Oracle Object Storage Bucket in UK South (London)","2024-09-27T14:00:00Z","2024-09-27T13:00:00Z",NULL,NULL,NULL,NULL,NULL,NULL,NULL,295.9500000000,"GB",NULL,951.6568199999999,3.2156,732.7757514,"Oracle","INV-202409-23356","Oracle",981.0742499999999,3.3150,"Dynamic","USD",295.95,"GB","Oracle","Oracle","uk-london-1","UK South (London)","ocid1.instance.oc1.uk-london-1.008b7ea6465c",NULL,"Bucket","Storage","Oracle Object Storage","Oracle","UVYR0QF4B8DWOECB","Oracle Object Storage GB",NULL,"PMBJPI4HN3QXKHKT.GBTYZMEP","ocid1.compartment.oc1..prod","production","Tenancy",NULL,NULL,"uk-london-1-AD-2","Usage-Based","Object Storage",3.2156,732.7757514,3.3150,NULL,NULL
"AllocatedMethodId-7046","AllocatedResourceId-8753","AllocatedResourceName-9698","{}",1643.19646624,"01ABCD-2345EF-6789GH","Helios Labs","BillingAccount","USD","2024-10-01T00:00:00Z","2024-09-01T00:00:00Z",NULL,NULL,"Usage",NULL,"Cloud Functions Function in Northern Virginia","2024-09-03T23:00:00Z","2024-09-03T22:00:00Z",NULL,NULL,NULL,NULL,NULL,NULL,NULL,424.7900000000,"Invocations",NULL,1676.731088,3.9472,1643.19646624,"Google","INV-202409-97026","Google",1746.6090430000002,4.1117,"Standard","USD",424.79,"Invocations","Google","Google","us-east4","Northern Virginia","//compute.googleapis.com/projects/Helios Labs/zones/us-east4-a/instances/inst-9429",NULL,"Function","Compute","Cloud Functions","Google","UPFR2P3YVB5UL5NW","Cloud Functions Invocations",NULL,"QVRR9A7MFP059P45.2BFSOZPT","proj-helios-dev","helios-dev","BillingAccount","{""environment"": ""staging"", ""team"": ""infra"", ""owner"": ""a.turing""}",NULL,"asia-southeast1-c","Usage-Based","Serverless Compute",3.9472,1643.19646624,4.1117,NULL,NULL
"AllocatedMethodId-2940","AllocatedResourceId-7818","AllocatedResourceName-4697","{}",44.71121592,"01ABCD-2345EF-6789GH","Helios Labs","BillingAccount","USD","2024-10-01T00:00:00Z","2024-09-01T00:00:00Z",NULL,NULL,"Usage",NULL,"BigQuery Dataset in Singapore","2024-09-20T09:00:00Z","2024-09-20T08:00:00Z",NULL,NULL,NULL,NULL,NULL,NULL,NULL,60.3400000000,"GiB",NULL,55.199032,0.9148,44.71121592,"Google","INV-202409-42530","Google",58.107420000000005,0.9630,"Standard","USD",60.34,"GiB","Google","Google","asia-southeast1","Singapore","//compute.googleapis.com/projects/Helios Labs/zones/asia-southeast1-a/instances/inst-1231",NULL,"Dataset","Analytics","BigQuery","Google","7SGMSOXLTA8IRCD9","BigQuery GiB",NULL,"SI5GAS442VLDQ4HE.Z5EDJJTF","proj-helios-dev","helios-dev","BillingAccount",NULL,NULL,"europe-west1-b","Usage-Based","Data Warehouses",0.9148,44.71121592,0.9630,NULL,NULL
"AllocatedMethodId-2496","AllocatedResourceId-4750","AllocatedResourceName-1339","{}",126.3152982,"ocid1.tenancy.oc1..aaaa1234","Meridian OCI","Tenancy","USD","2024-10-01T00:00:00Z","2024-09-01T00:00:00Z",NULL,NULL,"Usage",NULL,"Oracle Functions Function in UK South (London)","2024-09-26T03:00:00Z","2024-09-26T02:00:00Z","Spend","cd-755900","commit-5900",NULL,"Used","Savings Plan",NULL,30.1200000000,"Invocations",NULL,138.80802,4.6085,126.3152982,"Oracle","INV-202409-13390","Oracle",144.59106000000003,4.8005,"Committed","USD",30.12,"Invocations","Oracle","Oracle","uk-london-1","UK South (London)","ocid1.instance.oc1.uk-london-1.001770896d9a",NULL,"Function","Compute","Oracle Functions","Oracle","024SCOSS3EOQM1H8","Oracle Functions Invocations",NULL,"OJRJEDKTS2H3TZR6.852FC1UQ","ocid1.compartment.oc1..dev","development","Tenancy",NULL,NULL,"us-ashburn-1-AD-1","Usage-Based","Serverless Compute",4.6085,126.3152982,4.8005,NULL,NULL
"AllocatedMethodId-8560","AllocatedResourceId-2924","AllocatedResourceName-3522","{}",159.357,"01ABCD-2345EF-6789GH","Helios Labs","BillingAccount","USD","2024-10-01T00:00:00Z","2024-09-01T00:00:00Z",NULL,NULL,"Usage",NULL,"Cloud Functions Function in Iowa","2024-09-21T02:00:00Z","2024-09-21T01:00:00Z","Usage","cd-464863","commit-4863",NULL,"Unused","Savings Plan",NULL,NULL,NULL,NULL,199.19625,2.1950,159.357,"Google","INV-202409-24871","Google",265.598025,2.9267,"Standard","USD",90.75,"Invocations","Google","Google","us-central1","Iowa","//compute.googleapis.com/projects/Helios Labs/zones/us-central1-a/instances/inst-6046",NULL,"Function","Compute","Cloud Functions","Google","Z9C3FUQUHZ6A830D","Cloud Functions Invocations",NULL,"M7X52DNR9IS25HBP.KT9A90FO","proj-helios-prod","helios-prod","BillingAccount","{""business_unit"": ""LisbonOps""}",NULL,NULL,"Usage-Based","Serverless Compute",2.1950,159.357,2.9267,NULL,NULL
"AllocatedMethodId-3529","AllocatedResourceId-2225","AllocatedResourceName-8692","{}",127.6609824,"ocid1.tenancy.oc1..aaaa1234","Meridian OCI","Tenancy","USD","2024-10-01T00:00:00Z","2024-09-01T00:00:00Z",NULL,NULL,"Usage",NULL,"Oracle Autonomous Database Database in Australia East (Sydney)","2024-09-18T18:00:00Z","2024-09-18T17:00:00Z",NULL,NULL,NULL,NULL,NULL,NULL,NULL,228.4000000000,"Hours",NULL,151.97736,0.6654,127.6609824,"Oracle","INV-202409-95823","Oracle",165.20172000000002,0.7233,"Standard","USD",228.40,"Hours","Oracle","Oracle","ap-sydney-1","Australia East (Sydney)","ocid1.instance.oc1.ap-sydney-1.0099121ec11f",NULL,"Database","Databases","Oracle Autonomous Database","Oracle","RAST5J284WV98Y3U","Oracle Autonomous Database Hours",NULL,"MPYO0CU4YYJ5CI6V.G2G73AJ0","ocid1.compartment.oc1..dev","development","Tenancy",NULL,NULL,"uk-london-1-AD-2","Usage-Based","Relational Databases",0.6654,127.6609824,0.7233,NULL,NULL
"AllocatedMethodId-7951","AllocatedResourceId-5097","AllocatedResourceName-8484","{}",971.8392970000001,"01ABCD-2345EF-6789GH","Helios Labs","BillingAccount","USD","2024-10-01T00:00:00Z","2024-09-01T00:00:00Z",NULL,NULL,"Purchase",NULL,"Cloud SQL Database Instance in Northern Virginia","2024-09-15T01:00:00Z","2024-09-15T00:00:00Z",NULL,NULL,NULL,NULL,NULL,NULL,NULL,NULL,NULL,NULL,971.8392970000001,2.0371,0,"Google","INV-202409-93746","Google",1495.13738,3.1340,"Dynamic","USD",477.07,"Hours","Google","Google","us-east4","Northern Virginia","//compute.googleapis.com/projects/Helios Labs/zones/us-east4-a/instances/inst-6106",NULL,"Database Instance","Databases","Cloud SQL","Google","1GG2KTBCUDSWX1JP","Cloud SQL Hours",NULL,"70LKLFYP5JO3Q3QA.3S8KE2WT","proj-helios-prod","helios-prod","BillingAccount","{""owner"": ""k.johnson""}",NULL,NULL,"One-Time","Relational Databases",2.0371,0,3.1340,NULL,NULL
"AllocatedMethodId-5295","AllocatedResourceId-7242","AllocatedResourceName-7086","{}",1242.82435761,"01ABCD-2345EF-6789GH","Helios Labs","BillingAccount","USD","2024-10-01T00:00:00Z","2024-09-01T00:00:00Z",NULL,NULL,"Usage",NULL,"Cloud Storage Bucket in Northern Virginia","2024-09-05T14:00:00Z","2024-09-05T13:00:00Z",NULL,NULL,NULL,NULL,NULL,NULL,NULL,287.4100000000,"GiB",NULL,1255.378139,4.3679,1242.82435761,"Google","INV-202409-58311","Google",1426.559535,4.9635,"Standard","USD",287.41,"GiB","Google","Google","us-east4","Northern Virginia","//compute.googleapis.com/projects/Helios Labs/zones/us-east4-a/instances/inst-2443",NULL,"Bucket","Storage","Cloud Storage","Google","IGCT2CXIFSU0LMI8","Cloud Storage GiB",NULL,"X76RKQ4SVH3EJOZ9.XFZAQ8H3","proj-helios-dev","helios-dev","BillingAccount","{""owner"": ""k.johnson"", ""application"": ""BrightSourceCore"", ""team"": ""growth""}",NULL,"us-central1-a","Usage-Based","Object Storage",4.3679,1242.82435761,4.9635,NULL,NULL
"AllocatedMethodId-4394","AllocatedResourceId-4538","AllocatedResourceName-4817","{}",314.68680705,"123456789012","SunBird","BillingAccount","USD","2024-10-01T00:00:00Z","2024-09-01T00:00:00Z",NULL,NULL,"Usage",NULL,"AWS Lambda Function in US West (Oregon)","2024-09-02T02:00:00Z","2024-09-02T01:00:00Z","Usage","cd-586819","commit-6819",NULL,"Unused","Committed Use Discount",NULL,NULL,NULL,NULL,370.219773,2.2573,314.68680705,"AWS","INV-202409-18992","AWS",500.29610399999996,3.0504,"Committed","USD",164.01,"Requests","AWS","AWS","us-west-2","US West (Oregon)","arn:aws:ec2:us-west-2:123456789012:instance/i-0034c6938da1",NULL,"Function","Compute","AWS Lambda","AWS","GP8IY3X80J0G50RC","AWS Lambda Requests",NULL,"XN22PXGX8WDZRMH3.FNBDVPIN","438839167390","Zenith Eclipse","BillingAccount",NULL,NULL,"us-east-1a","Usage-Based","Serverless Compute",2.2573,314.68680705,3.0504,NULL,NULL
"AllocatedMethodId-8046","AllocatedResourceId-8398","AllocatedResourceName-4743","{}",167.41762146,"01ABCD-2345EF-6789GH","Helios Labs","BillingAccount","USD","2024-10-01T00:00:00Z","2024-09-01T00:00:00Z",NULL,NULL,"Usage",NULL,"Cloud Storage Bucket in Iowa","2024-09-07T05:00:00Z","2024-09-07T04:00:00Z",NULL,NULL,NULL,NULL,NULL,NULL,NULL,54.9700000000,"GiB",NULL,226.24002900000002,4.1157,167.41762146,"Google","INV-202409-38183","Google",238.146531,4.3323,"Standard","USD",54.97,"GiB","Google","Google","us-central1","Iowa","//compute.googleapis.com/projects/Helios Labs/zones/us-central1-a/instances/inst-9638",NULL,"Bucket","Storage","Cloud Storage","Google","HE42X6G26OC7T3BD","Cloud Storage GiB",NULL,"4Z1G52EFUJEIR9UY.7S361GH9","proj-helios-dev","helios-dev","BillingAccount","{""environment"": ""staging""}",NULL,"asia-southeast1-c","Usage-Based","Object Storage",4.1157,167.41762146,4.3323,NULL,NULL
"AllocatedMethodId-6567","AllocatedResourceId-6751","AllocatedResourceName-1100","{}",107.43156198,"ocid1.tenancy.oc1..aaaa1234","Meridian OCI","Tenancy","USD","2024-10-01T00:00:00Z","2024-09-01T00:00:00Z",NULL,NULL,"Credit",NULL,"Oracle Autonomous Database Database in UK South (London)","2024-09-18T18:00:00Z","2024-09-18T17:00:00Z",NULL,NULL,NULL,NULL,NULL,NULL,NULL,NULL,NULL,NULL,123.48455400000002,0.7902,107.43156198,"Oracle","INV-202409-50499","Oracle",199.16611500000002,1.2745,"Dynamic","USD",156.27,"Hours","Oracle","Oracle","uk-london-1","UK South (London)",NULL,NULL,NULL,"Databases","Oracle Autonomous Database","Oracle","FF1GXI9D99VH0W1D","Oracle Autonomous Database Hours",NULL,"STWG6NJ4OGW9XHRO.199BRBLR","ocid1.compartment.oc1..dev","development","Tenancy",NULL,NULL,NULL,"One-Time","Relational Databases",0.7902,107.43156198,1.2745,NULL,NULL
"AllocatedMethodId-4770","AllocatedResourceId-9196","AllocatedResourceName-6802","{}",80.70160332,"8a93b2c1-1234-4abc-9def-0123456789ab","Contoso Cloud","BillingProfile","USD","2024-10-01T00:00:00Z","2024-09-01T00:00:00Z",NULL,NULL,"Credit",NULL,"Azure Blob Storage Storage Account in UK South","2024-09-07T02:00:00Z","2024-09-07T01:00:00Z",NULL,NULL,NULL,NULL,NULL,NULL,NULL,NULL,NULL,NULL,103.463594,2.2546,80.70160332,"Microsoft","INV-202409-79806","Microsoft",121.723225,2.6525,"Standard","USD",45.89,"GB","Microsoft","Microsoft","uksouth","UK South",NULL,NULL,NULL,"Storage","Azure Blob Storage","Microsoft","JKDFR21520RN6HW1","Azure Blob Storage GB",NULL,"HS57TCOZDANTNIQS.UHA51LIY","sub-9a1f","Production","BillingProfile","{""cost_center"": ""CC-1001"", ""owner"": ""a.lovelace""}",NULL,NULL,"One-Time","Object Storage",2.2546,80.70160332,2.6525,NULL,NULL
"AllocatedMethodId-8565","AllocatedResourceId-8404","AllocatedResourceName-1616","{}",457.56625992,"123456789012","SunBird","BillingAccount","USD","2024-10-01T00:00:00Z","2024-09-01T00:00:00Z",NULL,NULL,"Usage",NULL,"Amazon Simple Queue Service Queue in US East (N. Virginia)","2024-09-01T20:00:00Z","2024-09-01T19:00:00Z","Usage","cd-121869","commit-1869",NULL,"Unused","Reserved Instance",NULL,NULL,NULL,NULL,594.241896,2.0642,457.56625992,"AWS","INV-202409-50685","AWS",825.35196,2.8670,"Standard","USD",287.88,"Requests","AWS","AWS","us-east-1","US East (N. Virginia)","arn:aws:ec2:us-east-1:123456789012:instance/i-002bce9950d1",NULL,"Queue","Integration","Amazon Simple Queue Service","AWS","ZTVOVKE6H76MWWJP","Amazon Simple Queue Service Requests",NULL,"GJQMLJEL532UUJ2E.42TRDW6E","438839167390","Zenith Eclipse","BillingAccount","{""application"": ""BrightLensMatrix"", ""team"": ""payments""}",NULL,"ap-southeast-2a","Usage-Based","Messaging",2.0642,457.56625992,2.8670,NULL,NULL
"AllocatedMethodId-7937","AllocatedResourceId-9331","AllocatedResourceName-6928","{}",311.2892775,"123456789012","SunBird","BillingAccount","USD","2024-10-01T00:00:00Z","2024-09-01T00:00:00Z",NULL,NULL,"Usage",NULL,"Amazon Relational Database Service Database Instance in Europe (Ireland)","2024-09-28T13:00:00Z","2024-09-28T12:00:00Z","Usage","cd-143015","commit-3015",NULL,"Used","Committed Use Discount",NULL,192.2500000000,"Hours",NULL,345.87697499999996,1.7991,311.2892775,"AWS","INV-202409-22249","AWS",557.851825,2.9017,"Committed","USD",192.25,"Hours","AWS","AWS","eu-west-1","Europe (Ireland)","arn:aws:ec2:eu-west-1:123456789012:instance/i-00ce43f4871c",NULL,"Database Instance","Databases","Amazon Relational Database Service","AWS","F6LCP2277KXXSY0V","Amazon Relational Database Service Hours",NULL,"DVEVG9YSQJVFJWTZ.IFT9YVI7","517389287820","Atlas Nimbus","BillingAccount","{""cost_center"": ""CC-1001"", ""environment"": ""qa""}",NULL,"eu-west-1c","Usage-Based","Relational Databases",1.7991,311.2892775,2.9017,NULL,NULL
"AllocatedMethodId-3414","AllocatedResourceId-8167","AllocatedResourceName-2502","{}",324.89092728,"123456789012","SunBird","BillingAccount","USD","2024-10-01T00:00:00Z","2024-09-01T00:00:00Z",NULL,NULL,"Usage",NULL,"Amazon Relational Database Service Database Instance in Europe (Ireland)","2024-09-10T04:00:00Z","2024-09-10T03:00:00Z",NULL,NULL,NULL,NULL,NULL,NULL,NULL,96.0100000000,"Hours",NULL,451.23739900000004,4.6999,324.89092728,"AWS","INV-202409-77286","AWS",480.04039900000004,4.9999,"Dynamic","USD",96.01,"Hours","AWS","AWS","eu-west-1","Europe (Ireland)","arn:aws:ec2:eu-west-1:123456789012:instance/i-00406ff403e9",NULL,"Database Instance","Databases","Amazon Relational Database Service","AWS","LK2C0XP2S2O8PT4M","Amazon Relational Database Service Hours",NULL,"X23SY670KMIQD4X9.G7HSFKR2","517389287820","Atlas Nimbus","BillingAccount","{""owner"": ""k.johnson"", ""cost_center"": ""CC-3090"", ""application"": ""BrightSourceCore""}",NULL,NULL,"Usage-Based","Relational Databases",4.6999,324.89092728,4.9999,NULL,NULL
"AllocatedMethodId-9312","AllocatedResourceId-9316","AllocatedResourceName-1333","{}",303.9800373,"8a93b2c1-1234-4abc-9def-0123456789ab","Contoso Cloud","BillingProfile","USD","2024-10-01T00:00:00Z","2024-09-01T00:00:00Z",NULL,NULL,"Usage",NULL,"Azure Kubernetes Service Cluster in Southeast Asia","2024-09-18T17:00:00Z","2024-09-18T16:00:00Z",NULL,NULL,NULL,NULL,NULL,NULL,NULL,117.9000000000,"Hours",NULL,498.32793000000004,4.2267,303.9800373,"Microsoft","INV-202409-81313","Microsoft",586.26954,4.9726,"Standard","USD",117.90,"Hours","Microsoft","Microsoft","southeastasia","Southeast Asia","/subscriptions/8a93b2c1-1234-4abc-9def-0123456789ab/resourceGroups/rg-494/providers/Microsoft.Compute/virtualMachines/vm-6809",NULL,"Cluster","Compute","Azure Kubernetes Service","Microsoft","42AFBQNJ971HSPTH","Azure Kubernetes Service Hours",NULL,"DP03EH58B6PJS1AW.P0LF7XE7","sub-9a1f","Production","BillingProfile","{""business_unit"": ""ViennaAI"", ""environment"": ""staging"", ""cost_center"": ""CC-2042""}",NULL,NULL,"Usage-Based","Containers",4.2267,303.9800373,4.9726,NULL,NULL
"AllocatedMethodId-2293","AllocatedResourceId-8055","AllocatedResourceName-3956","{}",410.2216161,"ocid1.tenancy.oc1..aaaa1234","Meridian OCI","Tenancy","USD","2024-10-01T00:00:00Z","2024-09-01T00:00:00Z",NULL,NULL,"Usage",NULL,"Oracle Functions Function in US East (Ashburn)","2024-09-16T23:00:00Z","2024-09-16T22:00:00Z",NULL,NULL,NULL,NULL,NULL,NULL,NULL,394.2600000000,"Invocations",NULL,482.61366599999997,1.2241,410.2216161,"Oracle","INV-202409-65640","Oracle",679.743666,1.7241,"Standard","USD",394.26,"Invocations","Oracle","Oracle","us-ashburn-1","US East (Ashburn)","ocid1.instance.oc1.us-ashburn-1.00c70feccb95",NULL,"Function","Compute","Oracle Functions","Oracle","34LIE3CSMCMCUT6Z","Oracle Functions Invocations",NULL,"84QCMSWDVRHX1Z2Y.VL55X7RF","ocid1.compartment.oc1..dev","development","Tenancy","{""environment"": ""staging"", ""application"": ""AtlasPortal""}",NULL,NULL,"Usage-Based","Serverless Compute",1.2241,410.2216161,1.7241,NULL,NULL
"AllocatedMethodId-3223","AllocatedResourceId-2213","AllocatedResourceName-8406","{}",462.20954,"01ABCD-2345EF-6789GH","Helios Labs","BillingAccount","USD","2024-10-01T00:00:00Z","2024-09-01T00:00:00Z",NULL,NULL,"Purchase",NULL,"Cloud SQL Database Instance in Iowa","2024-09-15T00:00:00Z","2024-09-14T23:00:00Z","Usage","cd-469685","commit-9685",NULL,"Used","Savings Plan",NULL,NULL,NULL,NULL,462.20954,1.5340,0,"Google","INV-202409-26074","Google",641.9710859999999,2.1306,"Dynamic","USD",301.31,"Hours","Google","Google","us-central1","Iowa","//compute.googleapis.com/projects/Helios Labs/zones/us-central1-a/instances/inst-1970",NULL,"Database Instance","Databases","Cloud SQL","Google","KBJ2CIEPXXYCJ2XX","Cloud SQL Hours",NULL,"2EI7XZURPHBL57Y9.HQQ2NS5M","proj-helios-prod","helios-prod","BillingAccount",NULL,NULL,NULL,"Recurring","Relational Databases",1.5340,0,2.1306,NULL,NULL
"AllocatedMethodId-4216","AllocatedResourceId-5496","AllocatedResourceName-3050","{}",52.971632,"8a93b2c1-1234-4abc-9def-0123456789ab","Contoso Cloud","BillingProfile","USD","2024-10-01T00:00:00Z","2024-09-01T00:00:00Z",NULL,NULL,"Usage",NULL,"Azure Load Balancer Load Balancer in UK South","2024-09-30T03:00:00Z","2024-09-30T02:00:00Z",NULL,NULL,NULL,NULL,NULL,NULL,NULL,32.4800000000,"Hours",NULL,56.352799999999995,1.7350,52.971632,"Microsoft","INV-202409-42847","Microsoft",88.05003199999999,2.7109,"Other","USD",32.48,"Hours","Microsoft","Microsoft","uksouth","UK South","/subscriptions/8a93b2c1-1234-4abc-9def-0123456789ab/resourceGroups/rg-275/providers/Microsoft.Compute/virtualMachines/vm-216",NULL,"Load Balancer","Networking","Azure Load Balancer","Microsoft","9X39IFETZ4700EIU","Azure Load Balancer Hours",NULL,"E237WI9LI16DH7JT.KKUOW7SF","sub-9a1f","Production","BillingProfile","{""environment"": ""prod"", ""business_unit"": ""MarseilleSRE"", ""owner"": ""g.hopper""}",NULL,"westeurope-2","Usage-Based","Application Networking",1.7350,52.971632,2.7109,NULL,NULL
"AllocatedMethodId-3610","AllocatedResourceId-9163","AllocatedResourceName-9433","{}",1174.72244208,"01ABCD-2345EF-6789GH","Helios Labs","BillingAccount","USD","2024-10-01T00:00:00Z","2024-09-01T00:00:00Z",NULL,NULL,"Usage",NULL,"Cloud Functions Function in Iowa","2024-09-26T07:00:00Z","2024-09-26T06:00:00Z","Spend","cd-129751","commit-9751",NULL,"Unused","Reserved Instance",NULL,NULL,NULL,NULL,1211.0540640000002,3.8786,1174.72244208,"Google","INV-202409-34881","Google",1408.2024,4.5100,"Other","USD",312.24,"Invocations","Google","Google","us-central1","Iowa","//compute.googleapis.com/projects/Helios Labs/zones/us-central1-a/instances/inst-5899",NULL,"Function","Compute","Cloud Functions","Google","PZT3EDK2043NVJUU","Cloud Functions Invocations",NULL,"WZIX69GUP3HR2PJG.DSY0PKUU","proj-helios-prod","helios-prod","BillingAccount","{""team"": ""infra"", ""cost_center"": ""CC-3090"", ""application"": ""AtlasPortal""}",NULL,NULL,"Usage-Based","Serverless Compute",3.8786,1174.72244208,4.5100,NULL,NULL
"AllocatedMethodId-6218","AllocatedResourceId-3662","AllocatedResourceName-7438","{}",131.36870992,"ocid1.tenancy.oc1..aaaa1234","Meridian OCI","Tenancy","USD","2024-10-01T00:00:00Z","2024-09-01T00:00:00Z",NULL,NULL,"Usage",NULL,"Oracle Functions Function in UK South (London)","2024-09-02T00:00:00Z","2024-09-01T23:00:00Z","Usage","cd-395023","commit-5023",NULL,"Unused","Committed Use Discount",NULL,NULL,NULL,NULL,211.885016,0.9268,131.36870992,"Oracle","INV-202409-52987","Oracle",275.189894,1.2037,"Committed","USD",228.62,"Invocations","Oracle","Oracle","uk-london-1","UK South (London)","ocid1.instance.oc1.uk-london-1.007502b4dfff",NULL,"Function","Compute","Oracle Functions","Oracle","ZXCZD9MX9SEY629R","Oracle Functions Invocations",NULL,"HIGZXV9XJM6Z6CCC.IV473J6I","ocid1.compartment.oc1..dev","development","Tenancy","{""application"": ""NimbusAPI""}",NULL,"uk-london-1-AD-2","Usage-Based","Serverless Compute",0.9268,131.36870992,1.2037,NULL,NULL
"AllocatedMethodId-5735","AllocatedResourceId-4396","AllocatedResourceName-9011","{}",314.19424904,"01ABCD-2345EF-6789GH","Helios Labs","BillingAccount","USD","2024-10-01T00:00:00Z","2024-09-01T00:00:00Z",NULL,NULL,"Usage",NULL,"Cloud Functions Function in Singapore","2024-09-25T01:00:00Z","2024-09-25T00:00:00Z",NULL,NULL,NULL,NULL,NULL,NULL,NULL,184.1900000000,"Invocations",NULL,378.54728800000004,2.0552,314.19424904,"Google","INV-202409-49008","Google",620.554529,3.3691,"Standard","USD",184.19,"Invocations","Google","Google","asia-southeast1","Singapore","//compute.googleapis.com/projects/Helios Labs/zones/asia-southeast1-a/instances/inst-3954",NULL,"Function","Compute","Cloud Functions","Google","YJPCHMB2U0J0N064","Cloud Functions Invocations",NULL,"DI7N9U47YUL38V8W.Q4MPR9TO","proj-helios-dev","helios-dev","BillingAccount","{""owner"": ""k.johnson"", ""application"": ""BrightSourceCore"", ""team"": ""platform""}",NULL,NULL,"Usage-Based","Serverless Compute",2.0552,314.19424904,3.3691,NULL,NULL
"AllocatedMethodId-5888","AllocatedResourceId-2758","AllocatedResourceName-6489","{}",610.9050255,"01ABCD-2345EF-6789GH","Helios Labs","BillingAccount","USD","2024-10-01T00:00:00Z","2024-09-01T00:00:00Z",NULL,NULL,"Usage",NULL,"BigQuery Dataset in Singapore","2024-09-13T07:00:00Z","2024-09-13T06:00:00Z","Spend","cd-943700","commit-3700",NULL,"Used","Savings Plan",NULL,189.8500000000,"GiB",NULL,623.372475,3.2835,610.9050255,"Google","INV-202409-11214","Google",930.41688,4.9008,"Committed","USD",189.85,"GiB","Google","Google","asia-southeast1","Singapore","//compute.googleapis.com/projects/Helios Labs/zones/asia-southeast1-a/instances/inst-8174",NULL,"Dataset","Analytics","BigQuery","Google","RIGPPD7OODG0V4GI","BigQuery GiB",NULL,"A9K044MSUSDFO8CL.0LCZ5LSC","proj-helios-dev","helios-dev","BillingAccount","{""application"": ""AtlasPortal"", ""business_unit"": ""LisbonOps"", ""team"": ""payments""}",NULL,"asia-southeast1-c","Usage-Based","Data Warehouses",3.2835,610.9050255,4.9008,NULL,NULL
"AllocatedMethodId-7121","AllocatedResourceId-7813","AllocatedResourceName-9998","{}",398.08657365,"01ABCD-2345EF-6789GH","Helios Labs","BillingAccount","USD","2024-10-01T00:00:00Z","2024-09-01T00:00:00Z",NULL,NULL,"Usage",NULL,"BigQuery Dataset in Northern Virginia","2024-09-22T13:00:00Z","2024-09-22T12:00:00Z","Usage","cd-453487","commit-3487",NULL,"Used","Committed Use Discount",NULL,165.3500000000,"GiB",NULL,447.288285,2.7051,398.08657365,"Google","INV-202409-89395","Google",604.4534600000001,3.6556,"Standard","USD",165.35,"GiB","Google","Google","us-east4","Northern Virginia","//compute.googleapis.com/projects/Helios Labs/zones/us-east4-a/instances/inst-9729",NULL,"Dataset","Analytics","BigQuery","Google","16UFZGLI4UPAQYP2","BigQuery GiB",NULL,"RVTAQXPDH3TKZ6TH.SXOOI4J3","proj-helios-prod","helios-prod","BillingAccount",NULL,NULL,NULL,"Usage-Based","Data Warehouses",2.7051,398.08657365,3.6556,NULL,NULL
"AllocatedMethodId-9835","AllocatedResourceId-3178","AllocatedResourceName-6697","{}",596.7805119999999,"ocid1.tenancy.oc1..aaaa1234","Meridian OCI","Tenancy","USD","2024-10-01T00:00:00Z","2024-09-01T00:00:00Z",NULL,NULL,"Purchase",NULL,"Oracle Load Balancer Load Balancer in Australia East (Sydney)","2024-09-11T14:00:00Z","2024-09-11T13:00:00Z","Spend","cd-969032","commit-9032",NULL,"Used","Committed Use Discount",NULL,NULL,NULL,NULL,596.7805119999999,2.2712,0,"Oracle","INV-202409-20518","Oracle",693.922884,2.6409,"Standard","USD",262.76,"Hours","Oracle","Oracle","ap-sydney-1","Australia East (Sydney)","ocid1.instance.oc1.ap-sydney-1.00c56638cfeb",NULL,"Load Balancer","Networking","Oracle Load Balancer","Oracle","N5F62D3I603D93TB","Oracle Load Balancer Hours",NULL,"ZQANEC1WE8DE4CS0.LI0XY2YY","ocid1.compartment.oc1..prod","production","Tenancy",NULL,NULL,NULL,"Recurring","Application Networking",2.2712,0,2.6409,NULL,NULL
"AllocatedMethodId-7999","AllocatedResourceId-9120","AllocatedResourceName-1768","{}",1333.51624629,"123456789012","SunBird","BillingAccount","USD","2024-10-01T00:00:00Z","2024-09-01T00:00:00Z",NULL,NULL,"Credit",NULL,"Amazon Simple Storage Service Bucket in Asia Pacific (Sydney)","2024-09-06T11:00:00Z","2024-09-06T10:00:00Z",NULL,NULL,NULL,NULL,NULL,NULL,NULL,NULL,NULL,NULL,1498.3328609999999,3.9629,1333.51624629,"AWS","INV-202409-92050","AWS",1849.8053249999998,4.8925,"Standard","USD",378.09,"GB","AWS","AWS","ap-southeast-2","Asia Pacific (Sydney)",NULL,NULL,NULL,"Storage","Amazon Simple Storage Service","AWS","WJRMHC0BPNEGC2DP","Amazon Simple Storage Service GB",NULL,"CZ2O8NDI6SOUUPTJ.7O0TRD9L","663626350770","Zenith Apollo","BillingAccount","{""environment"": ""qa""}",NULL,NULL,"One-Time","Object Storage",3.9629,1333.51624629,4.8925,NULL,NULL
"AllocatedMethodId-9401","AllocatedResourceId-9147","AllocatedResourceName-8635","{}",540.63958624,"01ABCD-2345EF-6789GH","Helios Labs","BillingAccount","USD","2024-10-01T00:00:00Z","2024-09-01T00:00:00Z",NULL,NULL,"Usage",NULL,"Cloud Load Balancing Forwarding Rule in Northern Virginia","2024-09-30T18:00:00Z","2024-09-30T17:00:00Z",NULL,NULL,NULL,NULL,NULL,NULL,NULL,188.2400000000,"Hours",NULL,575.148496,3.0554,540.63958624,"Google","INV-202409-57139","Google",710.060104,3.7721,"Standard","USD",188.24,"Hours","Google","Google","us-east4","Northern Virginia","//compute.googleapis.com/projects/Helios Labs/zones/us-east4-a/instances/inst-9304",NULL,"Forwarding Rule","Networking","Cloud Load Balancing","Google","PQNVF2XF8MDRYCEM","Cloud Load Balancing Hours",NULL,"9N4NVTANMH4PNZP9.USY38WTQ","proj-helios-dev","helios-dev","BillingAccount","{""application"": ""NimbusAPI"", ""cost_center"": ""CC-2042""}",NULL,NULL,"Usage-Based","Application Networking",3.0554,540.63958624,3.7721,NULL,NULL
"AllocatedMethodId-9777","AllocatedResourceId-5697","AllocatedResourceName-1280","{}",204.76456,"123456789012","SunBird","BillingAccount","USD","2024-10-01T00:00:00Z","2024-09-01T00:00:00Z",NULL,NULL,"Usage",NULL,"AWS Lambda Function in Asia Pacific (Sydney)","2024-09-09T17:00:00Z","2024-09-09T16:00:00Z",NULL,NULL,NULL,NULL,NULL,NULL,NULL,281.2700000000,"Requests",NULL,292.5208,1.0400,204.76456,"AWS","INV-202409-46010","AWS",311.197128,1.1064,"Standard","USD",281.27,"Requests","AWS","AWS","ap-southeast-2","Asia Pacific (Sydney)","arn:aws:ec2:ap-southeast-2:123456789012:instance/i-00a3c84920c3",NULL,"Function","Compute","AWS Lambda","AWS","VQ553KWKI85L8D7C","AWS Lambda Requests",NULL,"EDA0IOEJAN63XD45.BA890AB7","438839167390","Zenith Eclipse","BillingAccount","{""business_unit"": ""MarseilleSRE"", ""environment"": ""staging""}",NULL,"us-west-2b","Usage-Based","Serverless Compute",1.0400,204.76456,1.1064,NULL,NULL
"AllocatedMethodId-2284","AllocatedResourceId-9204","AllocatedResourceName-6666","{}",725.73879796,"ocid1.tenancy.oc1..aaaa1234","Meridian OCI","Tenancy","USD","2024-10-01T00:00:00Z","2024-09-01T00:00:00Z",NULL,NULL,"Usage",NULL,"Oracle Object Storage Bucket in US East (Ashburn)","2024-09-23T09:00:00Z","2024-09-23T08:00:00Z","Usage","cd-491172","commit-1172",NULL,"Used","Savings Plan",NULL,263.2300000000,"GB",NULL,954.919471,3.6277,725.73879796,"Oracle","INV-202409-28343","Oracle",1072.9518030000002,4.0761,"Committed","USD",263.23,"GB","Oracle","Oracle","us-ashburn-1","US East (Ashburn)","ocid1.instance.oc1.us-ashburn-1.00be242b2821",NULL,"Bucket","Storage","Oracle Object Storage","Oracle","CFZYY94DAKF51VG7","Oracle Object Storage GB",NULL,"CON4RCER8CLUBNJZ.ETKPY8VY","ocid1.compartment.oc1..prod","production","Tenancy","{""business_unit"": ""ViennaAI""}",NULL,NULL,"Usage-Based","Object Storage",3.6277,725.73879796,4.0761,NULL,NULL
"AllocatedMethodId-4977","AllocatedResourceId-9537","AllocatedResourceName-3778","{}",398.60964901,"123456789012","SunBird","BillingAccount","USD","2024-10-01T00:00:00Z","2024-09-01T00:00:00Z",NULL,NULL,"Usage",NULL,"Amazon Elastic Compute Cloud Virtual Machine in Asia Pacific (Sydney)","2024-09-04T06:00:00Z","2024-09-04T05:00:00Z","Usage","cd-386604","commit-6604",NULL,"Used","Savings Plan",NULL,477.4300000000,"Hours",NULL,653.458441,1.3687,398.60964901,"AWS","INV-202409-83339","AWS",947.030148,1.9836,"Committed","USD",477.43,"Hours","AWS","AWS","ap-southeast-2","Asia Pacific (Sydney)","arn:aws:ec2:ap-southeast-2:123456789012:instance/i-00e39414e558",NULL,"Virtual Machine","Compute","Amazon Elastic Compute Cloud","AWS","PEFRJYJYUXGFAT2X","Amazon Elastic Compute Cloud Hours",NULL,"RGIFL129960GBFW9.FUYAS0YF","517389287820","Atlas Nimbus","BillingAccount","{""team"": ""infra"", ""environment"": ""prod""}",NULL,NULL,"Usage-Based","Virtual Machines",1.3687,398.60964901,1.9836,NULL,NULL
"AllocatedMethodId-2211","AllocatedResourceId-8357","AllocatedResourceName-8851","{}",92.39013693,"ocid1.tenancy.oc1..aaaa1234","Meridian OCI","Tenancy","USD","2024-10-01T00:00:00Z","2024-09-01T00:00:00Z",NULL,NULL,"Usage",NULL,"Oracle Object Storage Bucket in US East (Ashburn)","2024-09-13T21:00:00Z","2024-09-13T20:00:00Z",NULL,NULL,NULL,NULL,NULL,NULL,NULL,83.6100000000,"GB",NULL,101.52762299999999,1.2143,92.39013693,"Oracle","INV-202409-59412","Oracle",115.37343899999999,1.3799,"Standard","USD",83.61,"GB","Oracle","Oracle","us-ashburn-1","US East (Ashburn)","ocid1.instance.oc1.us-ashburn-1.0078e73bd248",NULL,"Bucket","Storage","Oracle Object Storage","Oracle","V2V1ITUM4ULZUS5P","Oracle Object Storage GB",NULL,"UYRZXHM8L9B3N2SE.05ITPQJ1","ocid1.compartment.oc1..dev","development","Tenancy","{""owner"": ""a.turing"", ""team"": ""platform"", ""environment"": ""dev""}",NULL,"uk-london-1-AD-2","Usage-Based","Object Storage",1.2143,92.39013693,1.3799,NULL,NULL
"AllocatedMethodId-3858","AllocatedResourceId-3623","AllocatedResourceName-6422","{}",1050.38981118,"ocid1.tenancy.oc1..aaaa1234","Meridian OCI","Tenancy","USD","2024-10-01T00:00:00Z","2024-09-01T00:00:00Z",NULL,NULL,"Usage",NULL,"Oracle Load Balancer Load Balancer in Australia East (Sydney)","2024-09-24T05:00:00Z","2024-09-24T04:00:00Z","Usage","cd-360289","commit-0289",NULL,"Used","Reserved Instance",NULL,350.8200000000,"Hours",NULL,1082.876094,3.0867,1050.38981118,"Oracle","INV-202409-77632","Oracle",1424.8554299999998,4.0615,"Standard","USD",350.82,"Hours","Oracle","Oracle","ap-sydney-1","Australia East (Sydney)","ocid1.instance.oc1.ap-sydney-1.00d6cb329584",NULL,"Load Balancer","Networking","Oracle Load Balancer","Oracle","79O2XZ36JWB4GS0F","Oracle Load Balancer Hours",NULL,"HJWTV3N74W4G22UE.TCHBVGKP","ocid1.compartment.oc1..dev","development","Tenancy","{""owner"": ""a.turing"", ""team"": ""platform"", ""business_unit"": ""ViennaAI""}",NULL,"us-ashburn-1-AD-1","Usage-Based","Application Networking",3.0867,1050.38981118,4.0615,NULL,NULL
"AllocatedMethodId-1878","AllocatedResourceId-6882","AllocatedResourceName-1157","{}",16.10326496,"ocid1.tenancy.oc1..aaaa1234","Meridian OCI","Tenancy","USD","2024-10-01T00:00:00Z","2024-09-01T00:00:00Z",NULL,NULL,"Usage",NULL,"Oracle Functions Function in US East (Ashburn)","2024-09-27T21:00:00Z","2024-09-27T20:00:00Z",NULL,NULL,NULL,NULL,NULL,NULL,NULL,216.0700000000,"Invocations",NULL,23.681272,0.1096,16.10326496,"Oracle","INV-202409-91187","Oracle",31.567827,0.1461,"Other","USD",216.07,"Invocations","Oracle","Oracle","us-ashburn-1","US East (Ashburn)","ocid1.instance.oc1.us-ashburn-1.0034bd98ee46",NULL,"Function","Compute","Oracle Functions","Oracle","Q57UYZHWW3LTFIUH","Oracle Functions Invocations",NULL,"PTHLXJ6Y0IY1L58L.9K5SILU2","ocid1.compartment.oc1..dev","development","Tenancy","{""environment"": ""prod"", ""owner"": ""a.lovelace"", ""business_unit"": ""MarseilleSRE""}",NULL,"us-ashburn-1-AD-1","Usage-Based","Serverless Compute",0.1096,16.10326496,0.1461,NULL,NULL
"AllocatedMethodId-3396","AllocatedResourceId-6277","AllocatedResourceName-5055","{}",375.653808,"ocid1.tenancy.oc1..aaaa1234","Meridian OCI","Tenancy","USD","2024-10-01T00:00:00Z","2024-09-01T00:00:00Z",NULL,NULL,"Usage",NULL,"Oracle Object Storage Bucket in US East (Ashburn)","2024-09-25T00:00:00Z","2024-09-24T23:00:00Z","Spend","cd-132359","commit-2359",NULL,"Used","Savings Plan",NULL,342.3500000000,"GB",NULL,469.56726000000003,1.3716,375.653808,"Oracle","INV-202409-42725","Oracle",711.47177,2.0782,"Dynamic","USD",342.35,"GB","Oracle","Oracle","us-ashburn-1","US East (Ashburn)","ocid1.instance.oc1.us-ashburn-1.00220a33a659",NULL,"Bucket","Storage","Oracle Object Storage","Oracle","28N1GPTC2QWF2HPN","Oracle Object Storage GB",NULL,"W1KINNDW8R8KUSSR.6GI0DRII","ocid1.compartment.oc1..dev","development","Tenancy","{""business_unit"": ""LisbonOps"", ""environment"": ""prod"", ""team"": ""platform""}",NULL,"uk-london-1-AD-2","Usage-Based","Object Storage",1.3716,375.653808,2.0782,NULL,NULL
"AllocatedMethodId-7493","AllocatedResourceId-6005","AllocatedResourceName-4836","{}",1084.13459532,"ocid1.tenancy.oc1..aaaa1234","Meridian OCI","Tenancy","USD","2024-10-01T00:00:00Z","2024-09-01T00:00:00Z",NULL,NULL,"Usage",NULL,"Oracle Functions Function in US East (Ashburn)","2024-09-27T19:00:00Z","2024-09-27T18:00:00Z",NULL,NULL,NULL,NULL,NULL,NULL,NULL,316.8200000000,"Invocations",NULL,1338.4377719999998,4.2246,1084.13459532,"Oracle","INV-202409-16787","Oracle",1394.1980919999999,4.4006,"Standard","USD",316.82,"Invocations","Oracle","Oracle","us-ashburn-1","US East (Ashburn)","ocid1.instance.oc1.us-ashburn-1.00d32156dd35",NULL,"Function","Compute","Oracle Functions","Oracle","F3WE8ZN1N5RUSV9I","Oracle Functions Invocations",NULL,"5VDCG3BHK23A1MIT.KRFXQFXK","ocid1.compartment.oc1..dev","development","Tenancy","{""team"": ""growth"", ""owner"": ""a.lovelace""}",NULL,NULL,"Usage-Based","Serverless Compute",4.2246,1084.13459532,4.4006,NULL,NULL
"AllocatedMethodId-5942","AllocatedResourceId-4366","AllocatedResourceName-9482","{}",379.3258992,"ocid1.tenancy.oc1..aaaa1234","Meridian OCI","Tenancy","USD","2024-10-01T00:00:00Z","2024-09-01T00:00:00Z",NULL,NULL,"Usage",NULL,"Oracle Compute Instance in Australia East (Sydney)","2024-09-01T02:00:00Z","2024-09-01T01:00:00Z",NULL,NULL,NULL,NULL,NULL,NULL,NULL,296.8400000000,"Hours",NULL,632.2098319999999,2.1298,379.3258992,"Oracle","INV-202409-13515","Oracle",770.982532,2.5973,"Standard","USD",296.84,"Hours","Oracle","Oracle","ap-sydney-1","Australia East (Sydney)","ocid1.instance.oc1.ap-sydney-1.0038fa22ec0d",NULL,"Instance","Compute","Oracle Compute","Oracle","4EOYFGGUXTIYIJE7","Oracle Compute Hours",NULL,"AK2WNJ02NFGIHYW1.UIPRFP9S","ocid1.compartment.oc1..prod","production","Tenancy",NULL,NULL,NULL,"Usage-Based","Virtual Machines",2.1298,379.3258992,2.5973,NULL,NULL
"AllocatedMethodId-1901","AllocatedResourceId-6067","AllocatedResourceName-3877","{}",93.743958,"8a93b2c1-1234-4abc-9def-0123456789ab","Contoso Cloud","BillingProfile","USD","2024-10-01T00:00:00Z","2024-09-01T00:00:00Z",NULL,NULL,"Usage",NULL,"Azure Load Balancer Load Balancer in UK South","2024-09-28T14:00:00Z","2024-09-28T13:00:00Z",NULL,NULL,NULL,NULL,NULL,NULL,NULL,247.4500000000,"Hours",NULL,111.59994999999999,0.4510,93.743958,"Microsoft","INV-202409-90254","Microsoft",139.51230999999999,0.5638,"Standard","USD",247.45,"Hours","Microsoft","Microsoft","uksouth","UK South","/subscriptions/8a93b2c1-1234-4abc-9def-0123456789ab/resourceGroups/rg-564/providers/Microsoft.Compute/virtualMachines/vm-1014",NULL,"Load Balancer","Networking","Azure Load Balancer","Microsoft","4EBEAQNCDZ6S601Z","Azure Load Balancer Hours",NULL,"F88JRFTF6NJ8UZET.1PDPF1H3","sub-2b7c","Staging","BillingProfile","{""business_unit"": ""LisbonOps"", ""environment"": ""qa""}",NULL,"uksouth-1","Usage-Based","Application Networking",0.4510,93.743958,0.5638,NULL,NULL
"AllocatedMethodId-1862","AllocatedResourceId-3938","AllocatedResourceName-4656","{}",487.01844132,"123456789012","SunBird","BillingAccount","USD","2024-10-01T00:00:00Z","2024-09-01T00:00:00Z",NULL,NULL,"Usage",NULL,"Amazon Elastic Compute Cloud Virtual Machine in US West (Oregon)","2024-09-01T12:00:00Z","2024-09-01T11:00:00Z",NULL,NULL,NULL,NULL,NULL,NULL,NULL,261.5100000000,"Hours",NULL,726.893196,2.7796,487.01844132,"AWS","INV-202409-98254","AWS",1023.81165,3.9150,"Standard","USD",261.51,"Hours","AWS","AWS","us-west-2","US West (Oregon)","arn:aws:ec2:us-west-2:123456789012:instance/i-009d8e176d39",NULL,"Virtual Machine","Compute","Amazon Elastic Compute Cloud","AWS","EQE536XD5KXKQGHO","Amazon Elastic Compute Cloud Hours",NULL,"6ACAPC4XYJLC90OU.P0UREXH6","663626350770","Zenith Apollo","BillingAccount","{""owner"": ""a.lovelace"", ""application"": ""AtlasPortal""}",NULL,NULL,"Usage-Based","Virtual Machines",2.7796,487.01844132,3.9150,NULL,NULL
"AllocatedMethodId-3141","AllocatedResourceId-4879","AllocatedResourceName-5778","{}",60.3790848,"123456789012","SunBird","BillingAccount","USD","2024-10-01T00:00:00Z","2024-09-01T00:00:00Z",NULL,NULL,"Adjustment",NULL,"Amazon Simple Queue Service Queue in US East (N. Virginia)","2024-09-13T02:00:00Z","2024-09-13T01:00:00Z",NULL,NULL,NULL,NULL,NULL,NULL,NULL,NULL,NULL,NULL,83.85984,1.9412,60.3790848,"AWS","INV-202409-96827","AWS",98.66016,2.2838,"Standard","USD",43.20,"Requests","AWS","AWS","us-east-1","US East (N. Virginia)",NULL,NULL,NULL,"Integration","Amazon Simple Queue Service","AWS","5M8PJA0BO8WAVAYT","Amazon Simple Queue Service Requests",NULL,"GN7P05DJRFCO70X3.FG6IZED1","438839167390","Zenith Eclipse","BillingAccount","{""team"": ""growth""}",NULL,NULL,"One-Time","Messaging",1.9412,60.3790848,2.2838,NULL,NULL
"AllocatedMethodId-2056","AllocatedResourceId-4239","AllocatedResourceName-8265","{}",141.79064832,"01ABCD-2345EF-6789GH","Helios Labs","BillingAccount","USD","2024-10-01T00:00:00Z","2024-09-01T00:00:00Z",NULL,NULL,"Usage",NULL,"Cloud SQL Database Instance in Northern Virginia","2024-09-14T14:00:00Z","2024-09-14T13:00:00Z","Usage","cd-571404","commit-1404",NULL,"Unused","Savings Plan",NULL,NULL,NULL,NULL,221.547888,0.4696,141.79064832,"Google","INV-202409-12857","Google",321.093468,0.6806,"Standard","USD",471.78,"Hours","Google","Google","us-east4","Northern Virginia","//compute.googleapis.com/projects/Helios Labs/zones/us-east4-a/instances/inst-7377",NULL,"Database Instance","Databases","Cloud SQL","Google","3QHFKTCNUJFPWZ6D","Cloud SQL Hours",NULL,"TQLBZ299PG3GIHAD.OIMZXFQE","proj-helios-dev","helios-dev","BillingAccount",NULL,NULL,"us-central1-a","Usage-Based","Relational Databases",0.4696,141.79064832,0.6806,NULL,NULL
"AllocatedMethodId-4951","AllocatedResourceId-5366","AllocatedResourceName-9743","{}",470.704143,"8a93b2c1-1234-4abc-9def-0123456789ab","Contoso Cloud","BillingProfile","USD","2024-10-01T00:00:00Z","2024-09-01T00:00:00Z",NULL,NULL,"Usage",NULL,"Virtual Machines Virtual Machine in Southeast Asia","2024-09-02T20:00:00Z","2024-09-02T19:00:00Z","Spend","cd-547389","commit-7389",NULL,"Used","Savings Plan",NULL,216.5800000000,"Hours",NULL,627.6055240000001,2.8978,470.704143,"Microsoft","INV-202409-96096","Microsoft",784.496076,3.6222,"Committed","USD",216.58,"Hours","Microsoft","Microsoft","southeastasia","Southeast Asia","/subscriptions/8a93b2c1-1234-4abc-9def-0123456789ab/resourceGroups/rg-102/providers/Microsoft.Compute/virtualMachines/vm-6578",NULL,"Virtual Machine","Compute","Virtual Machines","Microsoft","S5094DFRYI0M7P8B","Virtual Machines Hours",NULL,"YW485W6UYRLBUOBR.D47WOKGP","sub-9a1f","Production","BillingProfile","{""business_unit"": ""MarseilleSRE"", ""team"": ""platform""}",NULL,NULL,"Usage-Based","Virtual Machines",2.8978,470.704143,3.6222,NULL,NULL
"AllocatedMethodId-1029","AllocatedResourceId-7415","AllocatedResourceName-1530","{}",540.38346696,"123456789012","SunBird","BillingAccount","USD","2024-10-01T00:00:00Z","2024-09-01T00:00:00Z",NULL,NULL,"Usage",NULL,"Amazon Simple Storage Service Bucket in Asia Pacific (Sydney)","2024-09-08T10:00:00Z","2024-09-08T09:00:00Z",NULL,NULL,NULL,NULL,NULL,NULL,NULL,403.1100000000,"GB",NULL,885.874536,2.1976,540.38346696,"AWS","INV-202409-33292","AWS",1406.128302,3.4882,"Standard","USD",403.11,"GB","AWS","AWS","ap-southeast-2","Asia Pacific (Sydney)","arn:aws:ec2:ap-southeast-2:123456789012:instance/i-00255f920380",NULL,"Bucket","Storage","Amazon Simple Storage Service","AWS","OOB74AVMIVLUDBJJ","Amazon Simple Storage Service GB",NULL,"H7XEXZGVTUIK15UL.9WOLYTSI","438839167390","Zenith Eclipse","BillingAccount","{""environment"": ""qa"", ""cost_center"": ""CC-3090"", ""owner"": ""k.johnson""}",NULL,"us-east-1a","Usage-Based","Object Storage",2.1976,540.38346696,3.4882,NULL,NULL
"AllocatedMethodId-8066","AllocatedResourceId-3703","AllocatedResourceName-8113","{}",235.88682,"8a93b2c1-1234-4abc-9def-0123456789ab","Contoso Cloud","BillingProfile","USD","2024-10-01T00:00:00Z","2024-09-01T00:00:00Z",NULL,NULL,"Purchase",NULL,"Azure Functions Function App in Southeast Asia","2024-09-10T11:00:00Z","2024-09-10T10:00:00Z",NULL,NULL,NULL,NULL,NULL,NULL,NULL,NULL,NULL,NULL,235.88682,3.3540,0,"Microsoft","INV-202409-14062","Microsoft",262.098811,3.7267,"Dynamic","USD",70.33,"Executions","Microsoft","Microsoft","southeastasia","Southeast Asia","/subscriptions/8a93b2c1-1234-4abc-9def-0123456789ab/resourceGroups/rg-671/providers/Microsoft.Compute/virtualMachines/vm-7724",NULL,"Function App","Compute","Azure Functions","Microsoft","NPEWQGADY20K05YW","Azure Functions Executions",NULL,"8YG4OK2ECSBUQGEV.KYKE9FV4","sub-4d3e","Sandbox","BillingProfile","{""owner"": ""k.johnson""}",NULL,NULL,"Recurring","Serverless Compute",3.3540,0,3.7267,NULL,NULL
"AllocatedMethodId-7342","AllocatedResourceId-9561","AllocatedResourceName-7858","{}",832.64353128,"8a93b2c1-1234-4abc-9def-0123456789ab","Contoso Cloud","BillingProfile","USD","2024-10-01T00:00:00Z","2024-09-01T00:00:00Z",NULL,NULL,"Usage",NULL,"Virtual Machines Virtual Machine in East US","2024-09-09T19:00:00Z","2024-09-09T18:00:00Z","Spend","cd-349087","commit-9087",NULL,"Unused","Reserved Instance",NULL,NULL,NULL,NULL,1172.737368,3.2484,832.64353128,"Microsoft","INV-202409-17993","Microsoft",1317.686898,3.6499,"Committed","USD",361.02,"Hours","Microsoft","Microsoft","eastus","East US","/subscriptions/8a93b2c1-1234-4abc-9def-0123456789ab/resourceGroups/rg-16/providers/Microsoft.Compute/virtualMachines/vm-2119",NULL,"Virtual Machine","Compute","Virtual Machines","Microsoft","4MGBNKSF4HTZ45QF","Virtual Machines Hours",NULL,"8YLXYXL2CQ23QORD.JGFW80O9","sub-2b7c","Staging","BillingProfile","{""environment"": ""staging"", ""application"": ""BrightLensMatrix""}",NULL,"westeurope-2","Usage-Based","Virtual Machines",3.2484,832.64353128,3.6499,NULL,NULL
"AllocatedMethodId-3821","AllocatedResourceId-5512","AllocatedResourceName-7602","{}",32.52930273,"ocid1.tenancy.oc1..aaaa1234","Meridian OCI","Tenancy","USD","2024-10-01T00:00:00Z","2024-09-01T00:00:00Z",NULL,NULL,"Usage",NULL,"Oracle Load Balancer Load Balancer in US East (Ashburn)","2024-09-13T19:00:00Z","2024-09-13T18:00:00Z",NULL,NULL,NULL,NULL,NULL,NULL,NULL,17.3700000000,"Hours",NULL,39.191931000000004,2.2563,32.52930273,"Oracle","INV-202409-14910","Oracle",49.610457000000004,2.8561,"Other","USD",17.37,"Hours","Oracle","Oracle","us-ashburn-1","US East (Ashburn)","ocid1.instance.oc1.us-ashburn-1.0043bb6b2cab",NULL,"Load Balancer","Networking","Oracle Load Balancer","Oracle","KNMIC1F1MJQUEFY9","Oracle Load Balancer Hours",NULL,"Z9UR73A70H0JJGGG.S8W0QY54","ocid1.compartment.oc1..dev","development","Tenancy",NULL,NULL,NULL,"Usage-Based","Application Networking",2.2563,32.52930273,2.8561,NULL,NULL
"AllocatedMethodId-8308","AllocatedResourceId-3909","AllocatedResourceName-8775","{}",670.24695256,"8a93b2c1-1234-4abc-9def-0123456789ab","Contoso Cloud","BillingProfile","USD","2024-10-01T00:00:00Z","2024-09-01T00:00:00Z",NULL,NULL,"Usage",NULL,"Azure Functions Function App in UK South","2024-09-17T22:00:00Z","2024-09-17T21:00:00Z",NULL,NULL,NULL,NULL,NULL,NULL,NULL,372.8800000000,"Executions",NULL,1098.765496,2.9467,670.24695256,"Microsoft","INV-202409-74066","Microsoft",1716.8140959999998,4.6042,"Standard","USD",372.88,"Executions","Microsoft","Microsoft","uksouth","UK South","/subscriptions/8a93b2c1-1234-4abc-9def-0123456789ab/resourceGroups/rg-198/providers/Microsoft.Compute/virtualMachines/vm-389",NULL,"Function App","Compute","Azure Functions","Microsoft","UR0FM2N057XD6KET","Azure Functions Executions",NULL,"6ZI7BLMMDPC3DXMR.X36ZHBPX","sub-9a1f","Production","BillingProfile","{""team"": ""payments"", ""application"": ""BrightSourceCore""}",NULL,"uksouth-1","Usage-Based","Serverless Compute",2.9467,670.24695256,4.6042,NULL,NULL
"AllocatedMethodId-7620","AllocatedResourceId-6236","AllocatedResourceName-3292","{}",50.48811972,"01ABCD-2345EF-6789GH","Helios Labs","BillingAccount","USD","2024-10-01T00:00:00Z","2024-09-01T00:00:00Z",NULL,NULL,"Usage",NULL,"Cloud SQL Database Instance in Belgium","2024-09-30T10:00:00Z","2024-09-30T09:00:00Z",NULL,NULL,NULL,NULL,NULL,NULL,NULL,24.8400000000,"Hours",NULL,73.171188,2.9457,50.48811972,"Google","INV-202409-88647","Google",106.044444,4.2691,"Dynamic","USD",24.84,"Hours","Google","Google","europe-west1","Belgium","//compute.googleapis.com/projects/Helios Labs/zones/europe-west1-a/instances/inst-9968",NULL,"Database Instance","Databases","Cloud SQL","Google","A4ILAOQTR1YW3QN3","Cloud SQL Hours",NULL,"T7ZGA6X9STG4EVRU.RQTMJ7PD","proj-helios-dev","helios-dev","BillingAccount","{""business_unit"": ""LisbonOps""}",NULL,NULL,"Usage-Based","Relational Databases",2.9457,50.48811972,4.2691,NULL,NULL
"AllocatedMethodId-3897","AllocatedResourceId-6134","AllocatedResourceName-1950","{}",32.75572716,"123456789012","SunBird","BillingAccount","USD","2024-10-01T00:00:00Z","2024-09-01T00:00:00Z",NULL,NULL,"Usage",NULL,"AWS Lambda Function in Asia Pacific (Sydney)","2024-09-12T02:00:00Z","2024-09-12T01:00:00Z",NULL,NULL,NULL,NULL,NULL,NULL,NULL,17.6700000000,"Requests",NULL,48.170187000000006,2.7261,32.75572716,"AWS","INV-202409-92710","AWS",62.558868000000004,3.5404,"Other","USD",17.67,"Requests","AWS","AWS","ap-southeast-2","Asia Pacific (Sydney)","arn:aws:ec2:ap-southeast-2:123456789012:instance/i-00d46937da75",NULL,"Function","Compute","AWS Lambda","AWS","Q9LVFOWOT0VXQS3H","AWS Lambda Requests",NULL,"4DE4M6HY7T0DJIMV.03JULF5V","438839167390","Zenith Eclipse","BillingAccount","{""owner"": ""k.johnson"", ""team"": ""payments"", ""business_unit"": ""MarseilleSRE""}",NULL,"ap-southeast-2a","Usage-Based","Serverless Compute",2.7261,32.75572716,3.5404,NULL,NULL
"AllocatedMethodId-1612","AllocatedResourceId-7147","AllocatedResourceName-5190","{}",1119.72489783,"123456789012","SunBird","BillingAccount","USD","2024-10-01T00:00:00Z","2024-09-01T00:00:00Z",NULL,NULL,"Usage",NULL,"Amazon Simple Queue Service Queue in Europe (Ireland)","2024-09-08T05:00:00Z","2024-09-08T04:00:00Z",NULL,NULL,NULL,NULL,NULL,NULL,NULL,392.6100000000,"Requests",NULL,1454.188179,3.7039,1119.72489783,"AWS","INV-202409-58049","AWS",1530.707868,3.8988,"Dynamic","USD",392.61,"Requests","AWS","AWS","eu-west-1","Europe (Ireland)","arn:aws:ec2:eu-west-1:123456789012:instance/i-001b3bae9a61",NULL,"Queue","Integration","Amazon Simple Queue Service","AWS","U7MBAPOWTIGY6TKE","Amazon Simple Queue Service Requests",NULL,"CTS377V1IV5WMKZB.OOINB6KH","517389287820","Atlas Nimbus","BillingAccount","{""team"": ""platform"", ""application"": ""BrightSourceCore""}",NULL,NULL,"Usage-Based","Messaging",3.7039,1119.72489783,3.8988,NULL,NULL
"AllocatedMethodId-5850","AllocatedResourceId-5327","AllocatedResourceName-8606","{}",610.885944,"123456789012","SunBird","BillingAccount","USD","2024-10-01T00:00:00Z","2024-09-01T00:00:00Z",NULL,NULL,"Purchase",NULL,"Elastic Load Balancing Load Balancer in US East (N. Virginia)","2024-09-05T15:00:00Z","2024-09-05T14:00:00Z",NULL,NULL,NULL,NULL,NULL,NULL,NULL,NULL,NULL,NULL,610.885944,1.7713,0,"AWS","INV-202409-69867","AWS",718.695432,2.0839,"Standard","USD",344.88,"LCU-Hours","AWS","AWS","us-east-1","US East (N. Virginia)","arn:aws:ec2:us-east-1:123456789012:instance/i-0082958cdfd8",NULL,"Load Balancer","Networking","Elastic Load Balancing","AWS","G7RI0G6HSHG5MMQ7","Elastic Load Balancing LCU-Hours",NULL,"MW0SKC95N4VPAAFH.5JF6EGQO","663626350770","Zenith Apollo","BillingAccount",NULL,NULL,NULL,"One-Time","Application Networking",1.7713,0,2.0839,NULL,NULL
"AllocatedMethodId-3571","AllocatedResourceId-9283","AllocatedResourceName-8688","{}",78.2136,"123456789012","SunBird","BillingAccount","USD","2024-10-01T00:00:00Z","2024-09-01T00:00:00Z",NULL,NULL,"Usage",NULL,"Amazon Elastic Compute Cloud Virtual Machine in US West (Oregon)","2024-09-13T10:00:00Z","2024-09-13T09:00:00Z","Spend","cd-245117","commit-5117",NULL,"Unused","Savings Plan",NULL,NULL,NULL,NULL,81.4725,0.3825,78.2136,"AWS","INV-202409-11526","AWS",123.4548,0.5796,"Standard","USD",213.00,"Hours","AWS","AWS","us-west-2","US West (Oregon)","arn:aws:ec2:us-west-2:123456789012:instance/i-00c7ab352809",NULL,"Virtual Machine","Compute","Amazon Elastic Compute Cloud","AWS","40KHIDKG042LYWBI","Amazon Elastic Compute Cloud Hours",NULL,"45H02CEQUA7OV77G.1P4WYJ9D","517389287820","Atlas Nimbus","BillingAccount","{""business_unit"": ""OsloData"", ""application"": ""BrightSourceCore"", ""owner"": ""a.lovelace""}",NULL,"ap-southeast-2a","Usage-Based","Virtual Machines",0.3825,78.2136,0.5796,NULL,NULL
"AllocatedMethodId-5166","AllocatedResourceId-4209","AllocatedResourceName-4072","{}",15.77063688,"ocid1.tenancy.oc1..aaaa1234","Meridian OCI","Tenancy","USD","2024-10-01T00:00:00Z","2024-09-01T00:00:00Z",NULL,NULL,"Usage",NULL,"Oracle Object Storage Bucket in US East (Ashburn)","2024-09-14T17:00:00Z","2024-09-14T16:00:00Z",NULL,NULL,NULL,NULL,NULL,NULL,NULL,25.1800000000,"GB",NULL,20.750838,0.8241,15.77063688,"Oracle","INV-202409-24019","Oracle",28.040447999999998,1.1136,"Standard","USD",25.18,"GB","Oracle","Oracle","us-ashburn-1","US East (Ashburn)","ocid1.instance.oc1.us-ashburn-1.00bf073ee311",NULL,"Bucket","Storage","Oracle Object Storage","Oracle","BGZ0C99AFT69N3VX","Oracle Object Storage GB",NULL,"DO3V94X2HGOAVWS9.7XGCK5I0","ocid1.compartment.oc1..dev","development","Tenancy","{""team"": ""infra"", ""application"": ""AtlasPortal"", ""owner"": ""a.lovelace""}",NULL,NULL,"Usage-Based","Object Storage",0.8241,15.77063688,1.1136,NULL,NULL
"AllocatedMethodId-9689","AllocatedResourceId-1795","AllocatedResourceName-8091","{}",34.9445447,"123456789012","SunBird","BillingAccount","USD","2024-10-01T00:00:00Z","2024-09-01T00:00:00Z",NULL,NULL,"Tax",NULL,"Tax charge in US West (Oregon)","2024-09-09T04:00:00Z","2024-09-09T03:00:00Z",NULL,NULL,NULL,NULL,NULL,NULL,NULL,NULL,NULL,NULL,83.8816110000,NULL,34.9445447,"AWS","INV-202409-10568","AWS",48.2931960000,NULL,NULL,"USD",NULL,NULL,"AWS","AWS",NULL,NULL,NULL,NULL,NULL,"Other","Tax","AWS",NULL,NULL,NULL,NULL,"438839167390","Zenith Eclipse","BillingAccount","{""owner"": ""g.hopper"", ""cost_center"": ""CC-2042""}",NULL,NULL,"One-Time","Other (Security)",NULL,34.9445447,NULL,NULL,NULL
"AllocatedMethodId-1529","AllocatedResourceId-6876","AllocatedResourceName-8415","{}",244.1066936,"8a93b2c1-1234-4abc-9def-0123456789ab","Contoso Cloud","BillingProfile","USD","2024-10-01T00:00:00Z","2024-09-01T00:00:00Z",NULL,NULL,"Usage",NULL,"Azure Load Balancer Load Balancer in West Europe","2024-09-06T12:00:00Z","2024-09-06T11:00:00Z","Spend","cd-738576","commit-8576",NULL,"Unused","Savings Plan",NULL,NULL,NULL,NULL,317.02168,1.0460,244.1066936,"Microsoft","INV-202409-80932","Microsoft",487.74664399999995,1.6093,"Committed","USD",303.08,"Hours","Microsoft","Microsoft","westeurope","West Europe","/subscriptions/8a93b2c1-1234-4abc-9def-0123456789ab/resourceGroups/rg-822/providers/Microsoft.Compute/virtualMachines/vm-4661",NULL,"Load Balancer","Networking","Azure Load Balancer","Microsoft","6T9U9NMNSWIL68UH","Azure Load Balancer Hours",NULL,"W9408S1A7GBYJDDM.RKSQJDSN","sub-4d3e","Sandbox","BillingProfile","{""team"": ""payments"", ""environment"": ""qa""}",NULL,NULL,"Usage-Based","Application Networking",1.0460,244.1066936,1.6093,NULL,NULL
"AllocatedMethodId-3611","AllocatedResourceId-7814","AllocatedResourceName-9897","{}",1199.17665216,"123456789012","SunBird","BillingAccount","USD","2024-10-01T00:00:00Z","2024-09-01T00:00:00Z",NULL,NULL,"Usage",NULL,"Elastic Load Balancing Load Balancer in US West (Oregon)","2024-09-28T15:00:00Z","2024-09-28T14:00:00Z","Usage","cd-500118","commit-0118",NULL,"Unused","Savings Plan",NULL,NULL,NULL,NULL,1378.363968,3.5148,1199.17665216,"AWS","INV-202409-76209","AWS",1566.326256,3.9941,"Committed","USD",392.16,"LCU-Hours","AWS","AWS","us-west-2","US West (Oregon)","arn:aws:ec2:us-west-2:123456789012:instance/i-00511cf0b436",NULL,"Load Balancer","Networking","Elastic Load Balancing","AWS","X8MMS2LELL6HYC1R","Elastic Load Balancing LCU-Hours",NULL,"9QIKQAV3JCJUDT59.WEU7OL7E","663626350770","Zenith Apollo","BillingAccount","{""application"": ""AtlasPortal""}",NULL,"ap-southeast-2a","Usage-Based","Application Networking",3.5148,1199.17665216,3.9941,NULL,NULL
"AllocatedMethodId-5127","AllocatedResourceId-2154","AllocatedResourceName-4729","{}",523.1008439999999,"ocid1.tenancy.oc1..aaaa1234","Meridian OCI","Tenancy","USD","2024-10-01T00:00:00Z","2024-09-01T00:00:00Z",NULL,NULL,"Purchase",NULL,"Oracle Compute Instance in UK South (London)","2024-09-10T03:00:00Z","2024-09-10T02:00:00Z",NULL,NULL,NULL,NULL,NULL,NULL,NULL,NULL,NULL,NULL,523.1008439999999,3.5636,0,"Oracle","INV-202409-33329","Oracle",697.472685,4.7515,"Standard","USD",146.79,"Hours","Oracle","Oracle","uk-london-1","UK South (London)","ocid1.instance.oc1.uk-london-1.00789a9fd58d",NULL,"Instance","Compute","Oracle Compute","Oracle","HYQ8SB7X6625CSMU","Oracle Compute Hours",NULL,"6FGK88AENN1GN81E.JB3VCFED","ocid1.compartment.oc1..prod","production","Tenancy","{""application"": ""NimbusAPI"", ""owner"": ""g.hopper"", ""business_unit"": ""MarseilleSRE""}",NULL,NULL,"One-Time","Virtual Machines",3.5636,0,4.7515,NULL,NULL
"AllocatedMethodId-2103","AllocatedResourceId-5107","AllocatedResourceName-2608","{}",102.54581424,"01ABCD-2345EF-6789GH","Helios Labs","BillingAccount","USD","2024-10-01T00:00:00Z","2024-09-01T00:00:00Z",NULL,NULL,"Usage",NULL,"BigQuery Dataset in Northern Virginia","2024-09-27T22:00:00Z","2024-09-27T21:00:00Z","Spend","cd-882186","commit-2186",NULL,"Used","Committed Use Discount",NULL,194.7600000000,"GiB",NULL,115.220016,0.5916,102.54581424,"Google","INV-202409-48096","Google",115.220016,0.5916,"Standard","USD",194.76,"GiB","Google","Google","us-east4","Northern Virginia","//compute.googleapis.com/projects/Helios Labs/zones/us-east4-a/instances/inst-8613",NULL,"Dataset","Analytics","BigQuery","Google","K8OIZ8SJTXA99JHC","BigQuery GiB",NULL,"AZ89FTNWN06JKLOQ.MHLD939E","proj-helios-dev","helios-dev","BillingAccount","{""application"": ""BrightLensMatrix"", ""business_unit"": ""OsloData"", ""cost_center"": ""CC-2042""}",NULL,"asia-southeast1-c","Usage-Based","Data Warehouses",0.5916,102.54581424,0.5916,NULL,NULL
"AllocatedMethodId-7430","AllocatedResourceId-4658","AllocatedResourceName-5767","{}",72.40466675,"8a93b2c1-1234-4abc-9def-0123456789ab","Contoso Cloud","BillingProfile","USD","2024-10-01T00:00:00Z","2024-09-01T00:00:00Z",NULL,NULL,"Usage",NULL,"Azure Load Balancer Load Balancer in UK South","2024-09-16T06:00:00Z","2024-09-16T05:00:00Z",NULL,NULL,NULL,NULL,NULL,NULL,NULL,50.0300000000,"Hours",NULL,99.18447499999999,1.9825,72.40466675,"Microsoft","INV-202409-57948","Microsoft",154.972928,3.0976,"Standard","USD",50.03,"Hours","Microsoft","Microsoft","uksouth","UK South","/subscriptions/8a93b2c1-1234-4abc-9def-0123456789ab/resourceGroups/rg-753/providers/Microsoft.Compute/virtualMachines/vm-8866",NULL,"Load Balancer","Networking","Azure Load Balancer","Microsoft","1KAUPO1RXIV432WT","Azure Load Balancer Hours",NULL,"59GLFRI8MQEEB6BZ.NC9Q884J","sub-2b7c","Staging","BillingProfile","{""owner"": ""g.hopper"", ""cost_center"": ""CC-3090""}",NULL,NULL,"Usage-Based","Application Networking",1.9825,72.40466675,3.0976,NULL,NULL
"AllocatedMethodId-1108","AllocatedResourceId-9222","AllocatedResourceName-3276","{}",859.17969585,"8a93b2c1-1234-4abc-9def-0123456789ab","Contoso Cloud","BillingProfile","USD","2024-10-01T00:00:00Z","2024-09-01T00:00:00Z",NULL,NULL,"Usage","Correction","Azure Kubernetes Service Cluster in East US","2024-09-16T13:00:00Z","2024-09-16T12:00:00Z",NULL,NULL,NULL,NULL,NULL,NULL,NULL,423.9900000000,"Hours",NULL,1282.357755,3.0245,859.17969585,"Microsoft","INV-202409-89195","Microsoft",1709.8244730000001,4.0327,"Standard","USD",423.99,"Hours","Microsoft","Microsoft","eastus","East US","/subscriptions/8a93b2c1-1234-4abc-9def-0123456789ab/resourceGroups/rg-553/providers/Microsoft.Compute/virtualMachines/vm-2202",NULL,"Cluster","Compute","Azure Kubernetes Service","Microsoft","4WCO5OEQXOCN7XY4","Azure Kubernetes Service Hours",NULL,"3CCUG7RQ8LYYXE7Q.YO7ZWW54","sub-2b7c","Staging","BillingProfile","{""cost_center"": ""CC-3090""}",NULL,NULL,"Usage-Based","Containers",3.0245,859.17969585,4.0327,NULL,NULL
"AllocatedMethodId-7877","AllocatedResourceId-3450","AllocatedResourceName-2577","{}",120.18956,"ocid1.tenancy.oc1..aaaa1234","Meridian OCI","Tenancy","USD","2024-10-01T00:00:00Z","2024-09-01T00:00:00Z",NULL,NULL,"Purchase",NULL,"Oracle Object Storage Bucket in US East (Ashburn)","2024-09-22T23:00:00Z","2024-09-22T22:00:00Z",NULL,NULL,NULL,NULL,NULL,NULL,NULL,NULL,NULL,NULL,120.18956,1.2860,0,"Oracle","INV-202409-76107","Oracle",169.27475199999998,1.8112,"Standard","USD",93.46,"GB","Oracle","Oracle","us-ashburn-1","US East (Ashburn)","ocid1.instance.oc1.us-ashburn-1.001cb1a798c4",NULL,"Bucket","Storage","Oracle Object Storage","Oracle","PCIKI6CJDKQL7ZBS","Oracle Object Storage GB",NULL,"FN244KO0JL6QKV3E.OYYIGBM7","ocid1.compartment.oc1..prod","production","Tenancy","{""application"": ""NimbusAPI"", ""team"": ""payments"", ""cost_center"": ""CC-3090""}",NULL,NULL,"One-Time","Object Storage",1.2860,0,1.8112,NULL,NULL
"AllocatedMethodId-8904","AllocatedResourceId-3928","AllocatedResourceName-7065","{}",695.871414,"8a93b2c1-1234-4abc-9def-0123456789ab","Contoso Cloud","BillingProfile","USD","2024-10-01T00:00:00Z","2024-09-01T00:00:00Z",NULL,NULL,"Adjustment",NULL,"Azure Kubernetes Service Cluster in East US","2024-09-22T12:00:00Z","2024-09-22T11:00:00Z",NULL,NULL,NULL,NULL,NULL,NULL,NULL,NULL,NULL,NULL,1159.78569,3.5177,695.871414,"Microsoft","INV-202409-64162","Microsoft",1486.91403,4.5099,"Dynamic","USD",329.70,"Hours","Microsoft","Microsoft","eastus","East US",NULL,NULL,NULL,"Compute","Azure Kubernetes Service","Microsoft","71O4YWG1IQ4OFS80","Azure Kubernetes Service Hours",NULL,"QMAA7H7AYNU0XGJ1.QQ81XRZN","sub-4d3e","Sandbox","BillingProfile","{""cost_center"": ""CC-2042"", ""team"": ""platform""}",NULL,NULL,"One-Time","Containers",3.5177,695.871414,4.5099,NULL,NULL
"AllocatedMethodId-4281","AllocatedResourceId-9482","AllocatedResourceName-1251","{}",46.2611793,"ocid1.tenancy.oc1..aaaa1234","Meridian OCI","Tenancy","USD","2024-10-01T00:00:00Z","2024-09-01T00:00:00Z",NULL,NULL,"Credit",NULL,"Oracle Autonomous Database Database in UK South (London)","2024-09-18T00:00:00Z","2024-09-17T23:00:00Z","Usage","cd-633036","commit-3036",NULL,"Used","Savings Plan",NULL,NULL,NULL,NULL,47.205284999999996,0.7927,46.2611793,"Oracle","INV-202409-63143","Oracle",68.416995,1.1489,"Other","USD",59.55,"Hours","Oracle","Oracle","uk-london-1","UK South (London)",NULL,NULL,NULL,"Databases","Oracle Autonomous Database","Oracle","AFJ41FEQOXFCYZ7S","Oracle Autonomous Database Hours",NULL,"DL52AM7SMC67OKCX.PAKFRZWZ","ocid1.compartment.oc1..dev","development","Tenancy",NULL,NULL,NULL,"One-Time","Relational Databases",0.7927,46.2611793,1.1489,NULL,NULL
"AllocatedMethodId-4322","AllocatedResourceId-5091","AllocatedResourceName-6833","{}",339.5773176,"123456789012","SunBird","BillingAccount","USD","2024-10-01T00:00:00Z","2024-09-01T00:00:00Z",NULL,NULL,"Usage",NULL,"Amazon Elastic Compute Cloud Virtual Machine in Europe (Ireland)","2024-09-24T21:00:00Z","2024-09-24T20:00:00Z","Usage","cd-283537","commit-3537",NULL,"Used","Committed Use Discount",NULL,113.1600000000,"Hours",NULL,446.81226,3.9485,339.5773176,"AWS","INV-202409-40042","AWS",544.8993479999999,4.8153,"Standard","USD",113.16,"Hours","AWS","AWS","eu-west-1","Europe (Ireland)","arn:aws:ec2:eu-west-1:123456789012:instance/i-0092d8a2b954",NULL,"Virtual Machine","Compute","Amazon Elastic Compute Cloud","AWS","PV33B4HQEYOOU0W7","Amazon Elastic Compute Cloud Hours",NULL,"8AQPSFZVE9L4UWNR.LM5MPPQN","663626350770","Zenith Apollo","BillingAccount","{""business_unit"": ""OsloData"", ""owner"": ""k.johnson"", ""application"": ""NimbusAPI""}",NULL,NULL,"Usage-Based","Virtual Machines",3.9485,339.5773176,4.8153,NULL,NULL
"AllocatedMethodId-3148","AllocatedResourceId-4744","AllocatedResourceName-2636","{}",1013.8789960000001,"8a93b2c1-1234-4abc-9def-0123456789ab","Contoso Cloud","BillingProfile","USD","2024-10-01T00:00:00Z","2024-09-01T00:00:00Z",NULL,NULL,"Purchase",NULL,"Virtual Machines Virtual Machine in East US","2024-09-29T21:00:00Z","2024-09-29T20:00:00Z",NULL,NULL,NULL,NULL,NULL,NULL,NULL,NULL,NULL,NULL,1013.8789960000001,2.6533,0,"Microsoft","INV-202409-84895","Microsoft",1034.551688,2.7074,"Standard","USD",382.12,"Hours","Microsoft","Microsoft","eastus","East US","/subscriptions/8a93b2c1-1234-4abc-9def-0123456789ab/resourceGroups/rg-280/providers/Microsoft.Compute/virtualMachines/vm-4856",NULL,"Virtual Machine","Compute","Virtual Machines","Microsoft","148C6WZL3H73UAAN","Virtual Machines Hours",NULL,"YGUXQL9QPR4VXL51.N0XXZR2L","sub-9a1f","Production","BillingProfile","{""business_unit"": ""OsloData"", ""team"": ""infra"", ""environment"": ""dev""}",NULL,NULL,"One-Time","Virtual Machines",2.6533,0,2.7074,NULL,NULL
"AllocatedMethodId-6191","AllocatedResourceId-5773","AllocatedResourceName-5382","{}",224.1246336,"01ABCD-2345EF-6789GH","Helios Labs","BillingAccount","USD","2024-10-01T00:00:00Z","2024-09-01T00:00:00Z",NULL,NULL,"Usage",NULL,"Cloud Storage Bucket in Northern Virginia","2024-09-09T09:00:00Z","2024-09-09T08:00:00Z",NULL,NULL,NULL,NULL,NULL,NULL,NULL,74.7800000000,"GiB",NULL,280.155792,3.7464,224.1246336,"Google","INV-202409-51088","Google",301.24375200000003,4.0284,"Other","USD",74.78,"GiB","Google","Google","us-east4","Northern Virginia","//compute.googleapis.com/projects/Helios Labs/zones/us-east4-a/instances/inst-1748",NULL,"Bucket","Storage","Cloud Storage","Google","NQ4G2VQXX99QWB0H","Cloud Storage GiB",NULL,"WM8LSWU652FYS3JK.V0ZEFKVO","proj-helios-dev","helios-dev","BillingAccount","{""cost_center"": ""CC-2042"", ""business_unit"": ""OsloData"", ""team"": ""platform""}",NULL,"asia-southeast1-c","Usage-Based","Object Storage",3.7464,224.1246336,4.0284,NULL,NULL
"AllocatedMethodId-8239","AllocatedResourceId-6044","AllocatedResourceName-6992","{}",234.24880725,"ocid1.tenancy.oc1..aaaa1234","Meridian OCI","Tenancy","USD","2024-10-01T00:00:00Z","2024-09-01T00:00:00Z",NULL,NULL,"Usage",NULL,"Oracle Autonomous Database Database in UK South (London)","2024-09-26T02:00:00Z","2024-09-26T01:00:00Z",NULL,NULL,NULL,NULL,NULL,NULL,NULL,83.6700000000,"Hours",NULL,339.49102500000004,4.0575,234.24880725,"Oracle","INV-202409-21738","Oracle",357.362937,4.2711,"Dynamic","USD",83.67,"Hours","Oracle","Oracle","uk-london-1","UK South (London)","ocid1.instance.oc1.uk-london-1.0024d4dd0f66",NULL,"Database","Databases","Oracle Autonomous Database","Oracle","BZ7FGQJFYTOPS2II","Oracle Autonomous Database Hours",NULL,"7KBCWU438R92I8L3.178TW48O","ocid1.compartment.oc1..dev","development","Tenancy","{""application"": ""NimbusAPI"", ""environment"": ""prod"", ""cost_center"": ""CC-1001""}",NULL,"uk-london-1-AD-2","Usage-Based","Relational Databases",4.0575,234.24880725,4.2711,NULL,NULL
"AllocatedMethodId-5622","AllocatedResourceId-5410","AllocatedResourceName-3048","{}",391.292859,"ocid1.tenancy.oc1..aaaa1234","Meridian OCI","Tenancy","USD","2024-10-01T00:00:00Z","2024-09-01T00:00:00Z",NULL,NULL,"Usage",NULL,"Oracle Autonomous Database Database in US East (Ashburn)","2024-09-01T11:00:00Z","2024-09-01T10:00:00Z",NULL,NULL,NULL,NULL,NULL,NULL,NULL,171.9500000000,"Hours",NULL,403.3947,2.3460,391.292859,"Oracle","INV-202409-23405","Oracle",403.3947,2.3460,"Standard","USD",171.95,"Hours","Oracle","Oracle","us-ashburn-1","US East (Ashburn)","ocid1.instance.oc1.us-ashburn-1.0019146fda9e",NULL,"Database","Databases","Oracle Autonomous Database","Oracle","9XM091ZPKYYOQF1P","Oracle Autonomous Database Hours",NULL,"7RS8R0MELISH32R5.MUBJD8BL","ocid1.compartment.oc1..dev","development","Tenancy","{""team"": ""growth""}",NULL,NULL,"Usage-Based","Relational Databases",2.3460,391.292859,2.3460,NULL,NULL
"AllocatedMethodId-3742","AllocatedResourceId-5523","AllocatedResourceName-2960","{}",495.31318275,"ocid1.tenancy.oc1..aaaa1234","Meridian OCI","Tenancy","USD","2024-10-01T00:00:00Z","2024-09-01T00:00:00Z",NULL,NULL,"Usage",NULL,"Oracle Compute Instance in US East (Ashburn)","2024-09-07T11:00:00Z","2024-09-07T10:00:00Z",NULL,NULL,NULL,NULL,NULL,NULL,NULL,210.1300000000,"Hours",NULL,660.4175769999999,3.1429,495.31318275,"Oracle","INV-202409-11974","Oracle",825.516718,3.9286,"Standard","USD",210.13,"Hours","Oracle","Oracle","us-ashburn-1","US East (Ashburn)","ocid1.instance.oc1.us-ashburn-1.005b56cf6f70",NULL,"Instance","Compute","Oracle Compute","Oracle","ZE84LMQYAHPY2PCM","Oracle Compute Hours",NULL,"3G7N4YTUKC97HQ4T.MXDNHP1U","ocid1.compartment.oc1..prod","production","Tenancy",NULL,NULL,"us-ashburn-1-AD-1","Usage-Based","Virtual Machines",3.1429,495.31318275,3.9286,NULL,NULL
"AllocatedMethodId-3521","AllocatedResourceId-9787","AllocatedResourceName-2759","{}",215.0532,"ocid1.tenancy.oc1..aaaa1234","Meridian OCI","Tenancy","USD","2024-10-01T00:00:00Z","2024-09-01T00:00:00Z",NULL,NULL,"Tax",NULL,"Tax charge in US East (Ashburn)","2024-09-25T20:00:00Z","2024-09-25T19:00:00Z",NULL,NULL,NULL,NULL,NULL,NULL,NULL,NULL,NULL,NULL,12.5827460000,NULL,215.0532,"Oracle","INV-202409-94485","Oracle",23.2674630000,NULL,NULL,"USD",NULL,NULL,"Oracle","Oracle",NULL,NULL,NULL,NULL,NULL,"Other","Tax","Oracle",NULL,NULL,NULL,NULL,"ocid1.compartment.oc1..prod","production","Tenancy","{""owner"": ""a.lovelace"", ""application"": ""AtlasPortal""}",NULL,NULL,"One-Time","Other (Security)",NULL,215.0532,NULL,NULL,NULL
"AllocatedMethodId-2617","AllocatedResourceId-1521","AllocatedResourceName-7366","{}",14.61747744,"01ABCD-2345EF-6789GH","Helios Labs","BillingAccount","USD","2024-10-01T00:00:00Z","2024-09-01T00:00:00Z",NULL,NULL,"Usage",NULL,"BigQuery Dataset in Belgium","2024-09-30T10:00:00Z","2024-09-30T09:00:00Z",NULL,NULL,NULL,NULL,NULL,NULL,NULL,125.3600000000,"GiB",NULL,17.826192,0.1422,14.61747744,"Google","INV-202409-35115","Google",24.7586,0.1975,"Standard","USD",125.36,"GiB","Google","Google","europe-west1","Belgium","//compute.googleapis.com/projects/Helios Labs/zones/europe-west1-a/instances/inst-6044",NULL,"Dataset","Analytics","BigQuery","Google","E7J2SQ8X3A6YLBXP","BigQuery GiB",NULL,"UE8YM759JSU0UHG7.ECILCMG5","proj-helios-prod","helios-prod","BillingAccount","{""environment"": ""staging"", ""cost_center"": ""CC-3090"", ""business_unit"": ""LisbonOps""}",NULL,"asia-southeast1-c","Usage-Based","Data Warehouses",0.1422,14.61747744,0.1975,NULL,NULL
"AllocatedMethodId-6319","AllocatedResourceId-7090","AllocatedResourceName-7755","{}",121.35244,"ocid1.tenancy.oc1..aaaa1234","Meridian OCI","Tenancy","USD","2024-10-01T00:00:00Z","2024-09-01T00:00:00Z",NULL,NULL,"Usage",NULL,"Oracle Load Balancer Load Balancer in Australia East (Sydney)","2024-09-03T03:00:00Z","2024-09-03T02:00:00Z",NULL,NULL,NULL,NULL,NULL,NULL,NULL,35.4500000000,"Hours",NULL,151.69055,4.2790,121.35244,"Oracle","INV-202409-51307","Oracle",164.881495,4.6511,"Other","USD",35.45,"Hours","Oracle","Oracle","ap-sydney-1","Australia East (Sydney)","ocid1.instance.oc1.ap-sydney-1.00735800f42c",NULL,"Load Balancer","Networking","Oracle Load Balancer","Oracle","90XDR7CETEN7GGO8","Oracle Load Balancer Hours",NULL,"YMM7PL990GW31GKL.9Z6VK82W","ocid1.compartment.oc1..dev","development","Tenancy",NULL,NULL,NULL,"Usage-Based","Application Networking",4.2790,121.35244,4.6511,NULL,NULL
"AllocatedMethodId-9591","AllocatedResourceId-1674","AllocatedResourceName-6231","{}",284.51298642,"ocid1.tenancy.oc1..aaaa1234","Meridian OCI","Tenancy","USD","2024-10-01T00:00:00Z","2024-09-01T00:00:00Z",NULL,NULL,"Usage",NULL,"Oracle Autonomous Database Database in Australia East (Sydney)","2024-09-25T01:00:00Z","2024-09-25T00:00:00Z","Spend","cd-516379","commit-6379",NULL,"Used","Committed Use Discount",NULL,463.0700000000,"Hours",NULL,364.76023899999996,0.7877,284.51298642,"Oracle","INV-202409-49948","Oracle",588.330435,1.2705,"Committed","USD",463.07,"Hours","Oracle","Oracle","ap-sydney-1","Australia East (Sydney)","ocid1.instance.oc1.ap-sydney-1.001c99147fcd",NULL,"Database","Databases","Oracle Autonomous Database","Oracle","R969JGC3WJIQXPOQ","Oracle Autonomous Database Hours",NULL,"TFZNEU4L5GTCYFDV.W10HOAYD","ocid1.compartment.oc1..prod","production","Tenancy","{""application"": ""AtlasPortal"", ""cost_center"": ""CC-1001"", ""environment"": ""staging""}",NULL,NULL,"Usage-Based","Relational Databases",0.7877,284.51298642,1.2705,NULL,NULL
"AllocatedMethodId-4825","AllocatedResourceId-4271","AllocatedResourceName-7124","{}",1407.231168,"8a93b2c1-1234-4abc-9def-0123456789ab","Contoso Cloud","BillingProfile","USD","2024-10-01T00:00:00Z","2024-09-01T00:00:00Z",NULL,NULL,"Purchase",NULL,"Azure SQL Database SQL Database in West Europe","2024-09-03T04:00:00Z","2024-09-03T03:00:00Z",NULL,NULL,NULL,NULL,NULL,NULL,NULL,NULL,NULL,NULL,1407.231168,2.8984,0,"Microsoft","INV-202409-15882","Microsoft",1827.594384,3.7642,"Dynamic","USD",485.52,"Hours","Microsoft","Microsoft","westeurope","West Europe","/subscriptions/8a93b2c1-1234-4abc-9def-0123456789ab/resourceGroups/rg-390/providers/Microsoft.Compute/virtualMachines/vm-3582",NULL,"SQL Database","Databases","Azure SQL Database","Microsoft","D9ZQFZ61II49M5ZM","Azure SQL Database Hours",NULL,"97PPER1UFH01XWMU.WBTKW2J2","sub-9a1f","Production","BillingProfile","{""environment"": ""staging""}",NULL,NULL,"One-Time","Relational Databases",2.8984,0,3.7642,NULL,NULL
"AllocatedMethodId-6765","AllocatedResourceId-6822","AllocatedResourceName-5953","{}",1551.83818768,"8a93b2c1-1234-4abc-9def-0123456789ab","Contoso Cloud","BillingProfile","USD","2024-10-01T00:00:00Z","2024-09-01T00:00:00Z",NULL,NULL,"Usage",NULL,"Azure Load Balancer Load Balancer in East US","2024-09-03T08:00:00Z","2024-09-03T07:00:00Z","Usage","cd-571923","commit-1923",NULL,"Unused","Reserved Instance",NULL,NULL,NULL,NULL,1763.4524860000001,4.0597,1551.83818768,"Microsoft","INV-202409-55453","Microsoft",1781.2620659999998,4.1007,"Standard","USD",434.38,"Hours","Microsoft","Microsoft","eastus","East US","/subscriptions/8a93b2c1-1234-4abc-9def-0123456789ab/resourceGroups/rg-140/providers/Microsoft.Compute/virtualMachines/vm-7357",NULL,"Load Balancer","Networking","Azure Load Balancer","Microsoft","QKDSMRD3AEYRXGBS","Azure Load Balancer Hours",NULL,"YOY6GU58FLM639BC.P7TV5ZKB","sub-9a1f","Production","BillingProfile","{""environment"": ""qa"", ""owner"": ""g.hopper"", ""business_unit"": ""ViennaAI""}",NULL,"uksouth-1","Usage-Based","Application Networking",4.0597,1551.83818768,4.1007,NULL,NULL
"AllocatedMethodId-1429","AllocatedResourceId-5372","AllocatedResourceName-4783","{}",1508.5893783,"8a93b2c1-1234-4abc-9def-0123456789ab","Contoso Cloud","BillingProfile","USD","2024-10-01T00:00:00Z","2024-09-01T00:00:00Z",NULL,NULL,"Usage",NULL,"Azure Functions Function App in Southeast Asia","2024-09-27T17:00:00Z","2024-09-27T16:00:00Z",NULL,NULL,NULL,NULL,NULL,NULL,NULL,472.0700000000,"Executions",NULL,2038.634295,4.3185,1508.5893783,"Microsoft","INV-202409-34215","Microsoft",2240.2553919999996,4.7456,"Standard","USD",472.07,"Executions","Microsoft","Microsoft","southeastasia","Southeast Asia","/subscriptions/8a93b2c1-1234-4abc-9def-0123456789ab/resourceGroups/rg-69/providers/Microsoft.Compute/virtualMachines/vm-4485",NULL,"Function App","Compute","Azure Functions","Microsoft","O0PJ1TV28INI8MIT","Azure Functions Executions",NULL,"7I1JKUE98HLUJBU0.0T2RJMGI","sub-9a1f","Production","BillingProfile",NULL,NULL,NULL,"Usage-Based","Serverless Compute",4.3185,1508.5893783,4.7456,NULL,NULL
"AllocatedMethodId-1528","AllocatedResourceId-7694","AllocatedResourceName-1245","{}",410.0978175,"8a93b2c1-1234-4abc-9def-0123456789ab","Contoso Cloud","BillingProfile","USD","2024-10-01T00:00:00Z","2024-09-01T00:00:00Z",NULL,NULL,"Tax",NULL,"Tax charge in East US","2024-09-04T10:00:00Z","2024-09-04T09:00:00Z",NULL,NULL,NULL,NULL,NULL,NULL,NULL,NULL,NULL,NULL,92.5435080000,NULL,410.0978175,"Microsoft","INV-202409-39658","Microsoft",95.0198040000,NULL,NULL,"USD",NULL,NULL,"Microsoft","Microsoft",NULL,NULL,NULL,NULL,NULL,"Other","Tax","Microsoft",NULL,NULL,NULL,NULL,"sub-2b7c","Staging","BillingProfile","{""team"": ""payments"", ""environment"": ""dev""}",NULL,NULL,"One-Time","Other (Security)",NULL,410.0978175,NULL,NULL,NULL
"AllocatedMethodId-6299","AllocatedResourceId-8387","AllocatedResourceName-1408","{}",720.77283798,"8a93b2c1-1234-4abc-9def-0123456789ab","Contoso Cloud","BillingProfile","USD","2024-10-01T00:00:00Z","2024-09-01T00:00:00Z",NULL,NULL,"Usage",NULL,"Azure Load Balancer Load Balancer in West Europe","2024-09-03T20:00:00Z","2024-09-03T19:00:00Z",NULL,NULL,NULL,NULL,NULL,NULL,NULL,433.5700000000,"Hours",NULL,924.067741,2.1313,720.77283798,"Microsoft","INV-202409-64206","Microsoft",1062.1597860000002,2.4498,"Dynamic","USD",433.57,"Hours","Microsoft","Microsoft","westeurope","West Europe","/subscriptions/8a93b2c1-1234-4abc-9def-0123456789ab/resourceGroups/rg-51/providers/Microsoft.Compute/virtualMachines/vm-6580",NULL,"Load Balancer","Networking","Azure Load Balancer","Microsoft","Z87C7G23CP78ZC9Y","Azure Load Balancer Hours",NULL,"7DMS2ZTS3K1SD7J3.2F6HL8IZ","sub-9a1f","Production","BillingProfile","{""cost_center"": ""CC-3090""}",NULL,NULL,"Usage-Based","Application Networking",2.1313,720.77283798,2.4498,NULL,NULL
"AllocatedMethodId-6718","AllocatedResourceId-1601","AllocatedResourceName-3381","{}",833.6528252,"8a93b2c1-1234-4abc-9def-0123456789ab","Contoso Cloud","BillingProfile","USD","2024-10-01T00:00:00Z","2024-09-01T00:00:00Z",NULL,NULL,"Usage",NULL,"Azure Kubernetes Service Cluster in West Europe","2024-09-04T21:00:00Z","2024-09-04T20:00:00Z","Usage","cd-571228","commit-1228",NULL,"Unused","Reserved Instance",NULL,NULL,NULL,NULL,1282.542808,2.8276,833.6528252,"Microsoft","INV-202409-95626","Microsoft",1806.3823499999999,3.9825,"Other","USD",453.58,"Hours","Microsoft","Microsoft","westeurope","West Europe","/subscriptions/8a93b2c1-1234-4abc-9def-0123456789ab/resourceGroups/rg-18/providers/Microsoft.Compute/virtualMachines/vm-9739",NULL,"Cluster","Compute","Azure Kubernetes Service","Microsoft","JKJLD0TT2SLHIMAQ","Azure Kubernetes Service Hours",NULL,"A3558A5PN4302FAP.9R9NDLJD","sub-2b7c","Staging","BillingProfile","{""cost_center"": ""CC-3090"", ""environment"": ""qa"", ""team"": ""platform""}",NULL,NULL,"Usage-Based","Containers",2.8276,833.6528252,3.9825,NULL,NULL
"AllocatedMethodId-2932","AllocatedResourceId-4396","AllocatedResourceName-7793","{}",74.71161632,"123456789012","SunBird","BillingAccount","USD","2024-10-01T00:00:00Z","2024-09-01T00:00:00Z",NULL,NULL,"Usage",NULL,"AWS Lambda Function in Europe (Ireland)","2024-09-04T18:00:00Z","2024-09-04T17:00:00Z",NULL,NULL,NULL,NULL,NULL,NULL,NULL,80.6800000000,"Requests",NULL,84.89956400000001,1.0523,74.71161632,"AWS","INV-202409-91980","AWS",114.72696,1.4220,"Standard","USD",80.68,"Requests","AWS","AWS","eu-west-1","Europe (Ireland)","arn:aws:ec2:eu-west-1:123456789012:instance/i-00759b1b5bf9",NULL,"Function","Compute","AWS Lambda","AWS","YE19ES4IHRV707NN","AWS Lambda Requests",NULL,"DG7F4S1UQ7WI5755.LOSMAHB3","438839167390","Zenith Eclipse","BillingAccount","{""owner"": ""k.johnson"", ""cost_center"": ""CC-1001""}",NULL,"eu-west-1c","Usage-Based","Serverless Compute",1.0523,74.71161632,1.4220,NULL,NULL
"AllocatedMethodId-7780","AllocatedResourceId-2422","AllocatedResourceName-9143","{}",96.33456,"ocid1.tenancy.oc1..aaaa1234","Meridian OCI","Tenancy","USD","2024-10-01T00:00:00Z","2024-09-01T00:00:00Z",NULL,NULL,"Purchase",NULL,"Oracle Compute Instance in UK South (London)","2024-09-24T22:00:00Z","2024-09-24T21:00:00Z",NULL,NULL,NULL,NULL,NULL,NULL,NULL,NULL,NULL,NULL,96.33456,0.9576,0,"Oracle","INV-202409-45585","Oracle",141.66492,1.4082,"Other","USD",100.60,"Hours","Oracle","Oracle","uk-london-1","UK South (London)","ocid1.instance.oc1.uk-london-1.00d0adda651f",NULL,"Instance","Compute","Oracle Compute","Oracle","BLMVV44CI4J38V30","Oracle Compute Hours",NULL,"D7TU98BNVWEJRBVY.8KYLHTUC","ocid1.compartment.oc1..dev","development","Tenancy","{""application"": ""AtlasPortal""}",NULL,NULL,"Recurring","Virtual Machines",0.9576,0,1.4082,NULL,NULL
"AllocatedMethodId-6218","AllocatedResourceId-5440","AllocatedResourceName-3319","{}",20.60904384,"8a93b2c1-1234-4abc-9def-0123456789ab","Contoso Cloud","BillingProfile","USD","2024-10-01T00:00:00Z","2024-09-01T00:00:00Z",NULL,NULL,"Usage",NULL,"Azure SQL Database SQL Database in UK South","2024-09-10T06:00:00Z","2024-09-10T05:00:00Z",NULL,NULL,NULL,NULL,NULL,NULL,NULL,187.1100000000,"Hours",NULL,32.201631000000006,0.1721,20.60904384,"Microsoft","INV-202409-55916","Microsoft",35.008281000000004,0.1871,"Standard","USD",187.11,"Hours","Microsoft","Microsoft","uksouth","UK South","/subscriptions/8a93b2c1-1234-4abc-9def-0123456789ab/resourceGroups/rg-815/providers/Microsoft.Compute/virtualMachines/vm-7971",NULL,"SQL Database","Databases","Azure SQL Database","Microsoft","INC3Y7HATCFV3CG7","Azure SQL Database Hours",NULL,"TBTNUMMSR8U2HRJK.RHA96GN8","sub-2b7c","Staging","BillingProfile","{""environment"": ""qa"", ""owner"": ""k.johnson"", ""business_unit"": ""OsloData""}",NULL,"eastus-1","Usage-Based","Relational Databases",0.1721,20.60904384,0.1871,NULL,NULL
"AllocatedMethodId-9728","AllocatedResourceId-8552","AllocatedResourceName-7566","{}",65.18097408,"01ABCD-2345EF-6789GH","Helios Labs","BillingAccount","USD","2024-10-01T00:00:00Z","2024-09-01T00:00:00Z",NULL,NULL,"Usage",NULL,"Cloud Functions Function in Belgium","2024-09-04T01:00:00Z","2024-09-04T00:00:00Z","Spend","cd-502233","commit-2233",NULL,"Unused","Reserved Instance",NULL,NULL,NULL,NULL,67.896848,0.2512,65.18097408,"Google","INV-202409-49599","Google",68.572573,0.2537,"Standard","USD",270.29,"Invocations","Google","Google","europe-west1","Belgium","//compute.googleapis.com/projects/Helios Labs/zones/europe-west1-a/instances/inst-9879",NULL,"Function","Compute","Cloud Functions","Google","8F3IF3G3T34OOJQX","Cloud Functions Invocations",NULL,"ZLVU35BE4HW43KSW.I6GZGU9E","proj-helios-prod","helios-prod","BillingAccount","{""cost_center"": ""CC-3090"", ""owner"": ""k.johnson"", ""team"": ""growth""}",NULL,"us-central1-a","Usage-Based","Serverless Compute",0.2512,65.18097408,0.2537,NULL,NULL
"AllocatedMethodId-7049","AllocatedResourceId-9992","AllocatedResourceName-1870","{}",19.07296776,"ocid1.tenancy.oc1..aaaa1234","Meridian OCI","Tenancy","USD","2024-10-01T00:00:00Z","2024-09-01T00:00:00Z",NULL,NULL,"Usage",NULL,"Oracle Object Storage Bucket in Australia East (Sydney)","2024-09-24T10:00:00Z","2024-09-24T09:00:00Z",NULL,NULL,NULL,NULL,NULL,NULL,NULL,33.0400000000,"GB",NULL,24.770088,0.7497,19.07296776,"Oracle","INV-202409-18180","Oracle",34.404551999999995,1.0413,"Dynamic","USD",33.04,"GB","Oracle","Oracle","ap-sydney-1","Australia East (Sydney)","ocid1.instance.oc1.ap-sydney-1.00a9feb69009",NULL,"Bucket","Storage","Oracle Object Storage","Oracle","5H3U9G2LTZEGYU5D","Oracle Object Storage GB",NULL,"FNIAJJ28SY2MNUTT.1WFA6ZIS","ocid1.compartment.oc1..prod","production","Tenancy","{""cost_center"": ""CC-1001"", ""environment"": ""prod""}",NULL,NULL,"Usage-Based","Object Storage",0.7497,19.07296776,1.0413,NULL,NULL
"AllocatedMethodId-3327","AllocatedResourceId-9624","AllocatedResourceName-5578","{}",504.78331472,"123456789012","SunBird","BillingAccount","USD","2024-10-01T00:00:00Z","2024-09-01T00:00:00Z",NULL,NULL,"Usage",NULL,"AWS Lambda Function in Europe (Ireland)","2024-09-13T01:00:00Z","2024-09-13T00:00:00Z",NULL,NULL,NULL,NULL,NULL,NULL,NULL,295.0900000000,"Requests",NULL,664.1885719999999,2.2508,504.78331472,"AWS","INV-202409-20494","AWS",922.4808489999999,3.1261,"Other","USD",295.09,"Requests","AWS","AWS","eu-west-1","Europe (Ireland)","arn:aws:ec2:eu-west-1:123456789012:instance/i-003eb346da0f",NULL,"Function","Compute","AWS Lambda","AWS","SIIAEBJ51IFI031L","AWS Lambda Requests",NULL,"36192YWOL1A5P6R0.8XCC4XH4","517389287820","Atlas Nimbus","BillingAccount","{""team"": ""payments""}",NULL,"ap-southeast-2a","Usage-Based","Serverless Compute",2.2508,504.78331472,3.1261,NULL,NULL
"AllocatedMethodId-1542","AllocatedResourceId-6617","AllocatedResourceName-2382","{}",129.40122828,"ocid1.tenancy.oc1..aaaa1234","Meridian OCI","Tenancy","USD","2024-10-01T00:00:00Z","2024-09-01T00:00:00Z",NULL,NULL,"Usage",NULL,"Oracle Load Balancer Load Balancer in US East (Ashburn)","2024-09-11T12:00:00Z","2024-09-11T11:00:00Z",NULL,NULL,NULL,NULL,NULL,NULL,NULL,480.2100000000,"Hours",NULL,140.65350899999999,0.2929,129.40122828,"Oracle","INV-202409-79125","Oracle",187.522005,0.3905,"Other","USD",480.21,"Hours","Oracle","Oracle","us-ashburn-1","US East (Ashburn)","ocid1.instance.oc1.us-ashburn-1.008bc07eb147",NULL,"Load Balancer","Networking","Oracle Load Balancer","Oracle","64V0WSSKCTQD4KDS","Oracle Load Balancer Hours",NULL,"BS5FI6ERQIRRQAHL.J2XLQP5L","ocid1.compartment.oc1..prod","production","Tenancy",NULL,NULL,"us-ashburn-1-AD-1","Usage-Based","Application Networking",0.2929,129.40122828,0.3905,NULL,NULL
"AllocatedMethodId-1138","AllocatedResourceId-2113","AllocatedResourceName-1195","{}",574.5228481,"8a93b2c1-1234-4abc-9def-0123456789ab","Contoso Cloud","BillingProfile","USD","2024-10-01T00:00:00Z","2024-09-01T00:00:00Z",NULL,NULL,"Adjustment",NULL,"Azure Functions Function App in West Europe","2024-09-18T15:00:00Z","2024-09-18T14:00:00Z",NULL,NULL,NULL,NULL,NULL,NULL,NULL,NULL,NULL,NULL,645.53129,2.9329,574.5228481,"Microsoft","INV-202409-11386","Microsoft",701.65679,3.1879,"Other","USD",220.10,"Executions","Microsoft","Microsoft","westeurope","West Europe",NULL,NULL,NULL,"Compute","Azure Functions","Microsoft","3Z4T48OYY4QJ71AS","Azure Functions Executions",NULL,"2YU7CG8W1RVRRGQZ.3PM7VLU9","sub-2b7c","Staging","BillingProfile","{""application"": ""BrightSourceCore""}",NULL,NULL,"One-Time","Serverless Compute",2.9329,574.5228481,3.1879,NULL,NULL
"AllocatedMethodId-2194","AllocatedResourceId-2153","AllocatedResourceName-5105","{}",86.65512192,"ocid1.tenancy.oc1..aaaa1234","Meridian OCI","Tenancy","USD","2024-10-01T00:00:00Z","2024-09-01T00:00:00Z",NULL,NULL,"Usage",NULL,"Oracle Compute Instance in Australia East (Sydney)","2024-09-30T06:00:00Z","2024-09-30T05:00:00Z",NULL,NULL,NULL,NULL,NULL,NULL,NULL,141.6600000000,"Hours",NULL,135.398628,0.9558,86.65512192,"Oracle","INV-202409-14569","Oracle",136.77273,0.9655,"Other","USD",141.66,"Hours","Oracle","Oracle","ap-sydney-1","Australia East (Sydney)","ocid1.instance.oc1.ap-sydney-1.0038e343980d",NULL,"Instance","Compute","Oracle Compute","Oracle","YLHLQS3E3R1UQKER","Oracle Compute Hours",NULL,"DYYVDQQL2E5MZL5G.J81NG2QG","ocid1.compartment.oc1..prod","production","Tenancy","{""cost_center"": ""CC-3090""}",NULL,"us-ashburn-1-AD-1","Usage-Based","Virtual Machines",0.9558,86.65512192,0.9655,NULL,NULL
"AllocatedMethodId-8361","AllocatedResourceId-1268","AllocatedResourceName-1606","{}",318.784983,"ocid1.tenancy.oc1..aaaa1234","Meridian OCI","Tenancy","USD","2024-10-01T00:00:00Z","2024-09-01T00:00:00Z",NULL,NULL,"Purchase","Correction","Oracle Compute Instance in UK South (London)","2024-09-28T21:00:00Z","2024-09-28T20:00:00Z",NULL,NULL,NULL,NULL,NULL,NULL,NULL,NULL,NULL,NULL,318.784983,0.9593,0,"Oracle","INV-202409-79984","Oracle",442.73661300000003,1.3323,"Standard","USD",332.31,"Hours","Oracle","Oracle","uk-london-1","UK South (London)","ocid1.instance.oc1.uk-london-1.0079494fa846",NULL,"Instance","Compute","Oracle Compute","Oracle","4H8WVTZDFX8VF3SM","Oracle Compute Hours",NULL,"L9CYMTYGW5F2MICM.BP5YE8T5","ocid1.compartment.oc1..prod","production","Tenancy","{""team"": ""infra"", ""owner"": ""a.lovelace""}",NULL,NULL,"One-Time","Virtual Machines",0.9593,0,1.3323,NULL,NULL
"AllocatedMethodId-1666","AllocatedResourceId-3185","AllocatedResourceName-2637","{}",530.3342187,"01ABCD-2345EF-6789GH","Helios Labs","BillingAccount","USD","2024-10-01T00:00:00Z","2024-09-01T00:00:00Z",NULL,NULL,"Usage",NULL,"Compute Engine VM Instance in Singapore","2024-09-18T08:00:00Z","2024-09-18T07:00:00Z",NULL,NULL,NULL,NULL,NULL,NULL,NULL,333.6600000000,"Hours",NULL,558.2465460000001,1.6731,530.3342187,"Google","INV-202409-86282","Google",764.715354,2.2919,"Other","USD",333.66,"Hours","Google","Google","asia-southeast1","Singapore","//compute.googleapis.com/projects/Helios Labs/zones/asia-southeast1-a/instances/inst-7265",NULL,"VM Instance","Compute","Compute Engine","Google","CPIALDTG3KEGH5OE","Compute Engine Hours",NULL,"M1VZUH8IUNCLVEHR.J0KX9K2P","proj-helios-prod","helios-prod","BillingAccount","{""application"": ""BrightSourceCore""}",NULL,"us-central1-a","Usage-Based","Virtual Machines",1.6731,530.3342187,2.2919,NULL,NULL
"AllocatedMethodId-8424","AllocatedResourceId-1709","AllocatedResourceName-2710","{}",821.60221176,"ocid1.tenancy.oc1..aaaa1234","Meridian OCI","Tenancy","USD","2024-10-01T00:00:00Z","2024-09-01T00:00:00Z",NULL,NULL,"Usage","Correction","Oracle Object Storage Bucket in US East (Ashburn)","2024-09-04T11:00:00Z","2024-09-04T10:00:00Z",NULL,NULL,NULL,NULL,NULL,NULL,NULL,353.3700000000,"GB",NULL,933.6388770000001,2.6421,821.60221176,"Oracle","INV-202409-90847","Oracle",1049.0495190000001,2.9687,"Standard","USD",353.37,"GB","Oracle","Oracle","us-ashburn-1","US East (Ashburn)","ocid1.instance.oc1.us-ashburn-1.008ace5fed4f",NULL,"Bucket","Storage","Oracle Object Storage","Oracle","0PLCL5FTW0A9PMH7","Oracle Object Storage GB",NULL,"GX86O3NRDMHJ45LK.CDXSN1QV","ocid1.compartment.oc1..dev","development","Tenancy","{""environment"": ""dev""}",NULL,NULL,"Usage-Based","Object Storage",2.6421,821.60221176,2.9687,NULL,NULL
"AllocatedMethodId-4546","AllocatedResourceId-8757","AllocatedResourceName-8581","{}",895.59422346,"123456789012","SunBird","BillingAccount","USD","2024-10-01T00:00:00Z","2024-09-01T00:00:00Z",NULL,NULL,"Usage",NULL,"Elastic Load Balancing Load Balancer in US West (Oregon)","2024-09-02T06:00:00Z","2024-09-02T05:00:00Z",NULL,NULL,NULL,NULL,NULL,NULL,NULL,447.5400000000,"LCU-Hours",NULL,1226.841402,2.7413,895.59422346,"AWS","INV-202409-74122","AWS",1614.2767800000001,3.6070,"Standard","USD",447.54,"LCU-Hours","AWS","AWS","us-west-2","US West (Oregon)","arn:aws:ec2:us-west-2:123456789012:instance/i-004b2727c67d",NULL,"Load Balancer","Networking","Elastic Load Balancing","AWS","YOE45D1JN3LYXI3M","Elastic Load Balancing LCU-Hours",NULL,"WRMVICDRIH330KVO.SKK9OF07","517389287820","Atlas Nimbus","BillingAccount","{""environment"": ""staging"", ""application"": ""BrightSourceCore""}",NULL,"ap-southeast-2a","Usage-Based","Application Networking",2.7413,895.59422346,3.6070,NULL,NULL
"AllocatedMethodId-1669","AllocatedResourceId-6989","AllocatedResourceName-7003","{}",1029.41088142,"01ABCD-2345EF-6789GH","Helios Labs","BillingAccount","USD","2024-10-01T00:00:00Z","2024-09-01T00:00:00Z",NULL,NULL,"Usage",NULL,"Compute Engine VM Instance in Northern Virginia","2024-09-11T14:00:00Z","2024-09-11T13:00:00Z","Spend","cd-146372","commit-6372",NULL,"Used","Savings Plan",NULL,445.9100000000,"Hours",NULL,1240.2540740000002,2.7814,1029.41088142,"Google","INV-202409-70994","Google",1319.403099,2.9589,"Standard","USD",445.91,"Hours","Google","Google","us-east4","Northern Virginia","//compute.googleapis.com/projects/Helios Labs/zones/us-east4-a/instances/inst-3349",NULL,"VM Instance","Compute","Compute Engine","Google","0NIWSPFB4TK3B33I","Compute Engine Hours",NULL,"ZLX3AEYV7CS1R8NF.VD6XDHYX","proj-helios-prod","helios-prod","BillingAccount","{""team"": ""infra"", ""application"": ""NimbusAPI""}",NULL,"asia-southeast1-c","Usage-Based","Virtual Machines",2.7814,1029.41088142,2.9589,NULL,NULL
"AllocatedMethodId-1361","AllocatedResourceId-4806","AllocatedResourceName-9513","{}",559.5230358,"8a93b2c1-1234-4abc-9def-0123456789ab","Contoso Cloud","BillingProfile","USD","2024-10-01T00:00:00Z","2024-09-01T00:00:00Z",NULL,NULL,"Usage",NULL,"Azure Load Balancer Load Balancer in East US","2024-09-09T18:00:00Z","2024-09-09T17:00:00Z",NULL,NULL,NULL,NULL,NULL,NULL,NULL,269.8200000000,"Hours",NULL,621.692262,2.3041,559.5230358,"Microsoft","INV-202409-18250","Microsoft",875.619864,3.2452,"Standard","USD",269.82,"Hours","Microsoft","Microsoft","eastus","East US","/subscriptions/8a93b2c1-1234-4abc-9def-0123456789ab/resourceGroups/rg-924/providers/Microsoft.Compute/virtualMachines/vm-2276",NULL,"Load Balancer","Networking","Azure Load Balancer","Microsoft","567H488S2XEM3FFZ","Azure Load Balancer Hours",NULL,"LSEGKRHJ5JN7BS08.I4W02BSM","sub-4d3e","Sandbox","BillingProfile","{""environment"": ""staging"", ""business_unit"": ""LisbonOps"", ""cost_center"": ""CC-2042""}",NULL,"westeurope-2","Usage-Based","Application Networking",2.3041,559.5230358,3.2452,NULL,NULL
"AllocatedMethodId-5748","AllocatedResourceId-3409","AllocatedResourceName-8243","{}",536.0567784,"01ABCD-2345EF-6789GH","Helios Labs","BillingAccount","USD","2024-10-01T00:00:00Z","2024-09-01T00:00:00Z",NULL,NULL,"Usage",NULL,"BigQuery Dataset in Singapore","2024-09-21T18:00:00Z","2024-09-21T17:00:00Z","Usage","cd-927691","commit-7691",NULL,"Unused","Reserved Instance",NULL,NULL,NULL,NULL,824.702736,1.9591,536.0567784,"Google","INV-202409-72116","Google",937.183248,2.2263,"Committed","USD",420.96,"GiB","Google","Google","asia-southeast1","Singapore","//compute.googleapis.com/projects/Helios Labs/zones/asia-southeast1-a/instances/inst-1441",NULL,"Dataset","Analytics","BigQuery","Google","8SLLJKPHCUI2QXLN","BigQuery GiB",NULL,"9CUWJX28K8THBZ5J.3UJA86VS","proj-helios-dev","helios-dev","BillingAccount","{""business_unit"": ""MarseilleSRE"", ""application"": ""AtlasPortal""}",NULL,"us-central1-a","Usage-Based","Data Warehouses",1.9591,536.0567784,2.2263,NULL,NULL
"AllocatedMethodId-1108","AllocatedResourceId-7708","AllocatedResourceName-5478","{}",159.2587386,"01ABCD-2345EF-6789GH","Helios Labs","BillingAccount","USD","2024-10-01T00:00:00Z","2024-09-01T00:00:00Z",NULL,NULL,"Usage",NULL,"Cloud Load Balancing Forwarding Rule in Iowa","2024-09-02T18:00:00Z","2024-09-02T17:00:00Z","Spend","cd-157706","commit-7706",NULL,"Used","Committed Use Discount",NULL,154.0500000000,"Hours",NULL,204.17787,1.3254,159.2587386,"Google","INV-202409-21593","Google",309.36321000000004,2.0082,"Standard","USD",154.05,"Hours","Google","Google","us-central1","Iowa","//compute.googleapis.com/projects/Helios Labs/zones/us-central1-a/instances/inst-5202",NULL,"Forwarding Rule","Networking","Cloud Load Balancing","Google","6ZM5U6DXZJ1XYXAS","Cloud Load Balancing Hours",NULL,"WWT29FN202SK10IF.JNT47VEY","proj-helios-dev","helios-dev","BillingAccount","{""environment"": ""prod"", ""application"": ""NimbusAPI""}",NULL,NULL,"Usage-Based","Application Networking",1.3254,159.2587386,2.0082,NULL,NULL
"AllocatedMethodId-5749","AllocatedResourceId-5778","AllocatedResourceName-9677","{}",85.85920518,"ocid1.tenancy.oc1..aaaa1234","Meridian OCI","Tenancy","USD","2024-10-01T00:00:00Z","2024-09-01T00:00:00Z",NULL,NULL,"Adjustment",NULL,"Oracle Object Storage Bucket in Australia East (Sydney)","2024-09-25T06:00:00Z","2024-09-25T05:00:00Z",NULL,NULL,NULL,NULL,NULL,NULL,NULL,NULL,NULL,NULL,138.482589,1.4889,85.85920518,"Oracle","INV-202409-16385","Oracle",177.54678900000002,1.9089,"Standard","USD",93.01,"GB","Oracle","Oracle","ap-sydney-1","Australia East (Sydney)",NULL,NULL,NULL,"Storage","Oracle Object Storage","Oracle","BAJQT4HS0L5PBHR5","Oracle Object Storage GB",NULL,"EX41Q4HX6BQKDJU3.IWKDRX0W","ocid1.compartment.oc1..dev","development","Tenancy","{""team"": ""infra"", ""cost_center"": ""CC-1001""}",NULL,NULL,"One-Time","Object Storage",1.4889,85.85920518,1.9089,NULL,NULL
"AllocatedMethodId-3053","AllocatedResourceId-4438","AllocatedResourceName-3133","{}",691.27174314,"123456789012","SunBird","BillingAccount","USD","2024-10-01T00:00:00Z","2024-09-01T00:00:00Z",NULL,NULL,"Adjustment",NULL,"Elastic Load Balancing Load Balancer in US West (Oregon)","2024-09-08T20:00:00Z","2024-09-08T19:00:00Z",NULL,NULL,NULL,NULL,NULL,NULL,NULL,NULL,NULL,NULL,794.565222,2.9227,691.27174314,"AWS","INV-202409-50295","AWS",1185.907692,4.3622,"Standard","USD",271.86,"LCU-Hours","AWS","AWS","us-west-2","US West (Oregon)",NULL,NULL,NULL,"Networking","Elastic Load Balancing","AWS","7SX50VKGNJ6OM978","Elastic Load Balancing LCU-Hours",NULL,"9H03EHIB4WTXI27V.LTBHOIJO","663626350770","Zenith Apollo","BillingAccount","{""business_unit"": ""MarseilleSRE"", ""application"": ""BrightLensMatrix"", ""owner"": ""g.hopper""}",NULL,NULL,"One-Time","Application Networking",2.9227,691.27174314,4.3622,NULL,NULL
"AllocatedMethodId-6149","AllocatedResourceId-3025","AllocatedResourceName-8633","{}",6.31776429,"123456789012","SunBird","BillingAccount","USD","2024-10-01T00:00:00Z","2024-09-01T00:00:00Z",NULL,NULL,"Adjustment",NULL,"Amazon Simple Queue Service Queue in US East (N. Virginia)","2024-09-01T20:00:00Z","2024-09-01T19:00:00Z","Usage","cd-224698","commit-4698",NULL,"Used","Reserved Instance",NULL,NULL,NULL,NULL,7.799709,0.3667,6.31776429,"AWS","INV-202409-24790","AWS",11.468784,0.5392,"Dynamic","USD",21.27,"Requests","AWS","AWS","us-east-1","US East (N. Virginia)",NULL,NULL,NULL,"Integration","Amazon Simple Queue Service","AWS","NMLWBFJRWWK6P6EG","Amazon Simple Queue Service Requests",NULL,"A7NMSK8AGN64XL2G.LWY1N6O0","517389287820","Atlas Nimbus","BillingAccount","{""application"": ""BrightLensMatrix""}",NULL,NULL,"One-Time","Messaging",0.3667,6.31776429,0.5392,NULL,NULL
"AllocatedMethodId-8011","AllocatedResourceId-4093","AllocatedResourceName-2140","{}",22.47516786,"123456789012","SunBird","BillingAccount","USD","2024-10-01T00:00:00Z","2024-09-01T00:00:00Z",NULL,NULL,"Tax",NULL,"Tax charge in US West (Oregon)","2024-09-16T10:00:00Z","2024-09-16T09:00:00Z",NULL,NULL,NULL,NULL,NULL,NULL,NULL,NULL,NULL,NULL,89.4754650000,NULL,22.47516786,"AWS","INV-202409-48088","AWS",80.2436400000,NULL,NULL,"USD",NULL,NULL,"AWS","AWS",NULL,NULL,NULL,NULL,NULL,"Other","Tax","AWS",NULL,NULL,NULL,NULL,"438839167390","Zenith Eclipse","BillingAccount","{""owner"": ""g.hopper"", ""team"": ""infra""}",NULL,NULL,"One-Time","Other (Security)",NULL,22.47516786,NULL,NULL,NULL
"AllocatedMethodId-9157","AllocatedResourceId-9032","AllocatedResourceName-9270","{}",100.00101888,"01ABCD-2345EF-6789GH","Helios Labs","BillingAccount","USD","2024-10-01T00:00:00Z","2024-09-01T00:00:00Z",NULL,NULL,"Usage",NULL,"Cloud Storage Bucket in Iowa","2024-09-29T17:00:00Z","2024-09-29T16:00:00Z","Spend","cd-719244","commit-9244",NULL,"Used","Committed Use Discount",NULL,329.2800000000,"GiB",NULL,131.580288,0.3996,100.00101888,"Google","INV-202409-48477","Google",139.976928,0.4251,"Committed","USD",329.28,"GiB","Google","Google","us-central1","Iowa","//compute.googleapis.com/projects/Helios Labs/zones/us-central1-a/instances/inst-6933",NULL,"Bucket","Storage","Cloud Storage","Google","ZHO15RRZW4Z56RJ3","Cloud Storage GiB",NULL,"GHQ55OIBGDE5BLYU.JTGE753M","proj-helios-dev","helios-dev","BillingAccount",NULL,NULL,NULL,"Usage-Based","Object Storage",0.3996,100.00101888,0.4251,NULL,NULL
"AllocatedMethodId-3781","AllocatedResourceId-1322","AllocatedResourceName-9821","{}",200.0414052,"01ABCD-2345EF-6789GH","Helios Labs","BillingAccount","USD","2024-10-01T00:00:00Z","2024-09-01T00:00:00Z",NULL,NULL,"Usage",NULL,"Cloud Functions Function in Singapore","2024-09-02T09:00:00Z","2024-09-02T08:00:00Z","Usage","cd-683707","commit-3707",NULL,"Used","Committed Use Discount",NULL,191.8200000000,"Invocations",NULL,256.46333999999996,1.3370,200.0414052,"Google","INV-202409-54249","Google",301.71367799999996,1.5729,"Standard","USD",191.82,"Invocations","Google","Google","asia-southeast1","Singapore","//compute.googleapis.com/projects/Helios Labs/zones/asia-southeast1-a/instances/inst-5661",NULL,"Function","Compute","Cloud Functions","Google","598449K6DZQ5YWSU","Cloud Functions Invocations",NULL,"DBCIXWBVYG1WW0WD.PPPTFETH","proj-helios-prod","helios-prod","BillingAccount","{""business_unit"": ""LisbonOps""}",NULL,"us-central1-a","Usage-Based","Serverless Compute",1.3370,200.0414052,1.5729,NULL,NULL
"AllocatedMethodId-9971","AllocatedResourceId-3958","AllocatedResourceName-1304","{}",17.32966783,"01ABCD-2345EF-6789GH","Helios Labs","BillingAccount","USD","2024-10-01T00:00:00Z","2024-09-01T00:00:00Z",NULL,NULL,"Usage",NULL,"Compute Engine VM Instance in Northern Virginia","2024-09-25T06:00:00Z","2024-09-25T05:00:00Z",NULL,NULL,NULL,NULL,NULL,NULL,NULL,10.2100000000,"Hours",NULL,23.739271000000002,2.3251,17.32966783,"Google","INV-202409-69405","Google",23.979206,2.3486,"Standard","USD",10.21,"Hours","Google","Google","us-east4","Northern Virginia","//compute.googleapis.com/projects/Helios Labs/zones/us-east4-a/instances/inst-6815",NULL,"VM Instance","Compute","Compute Engine","Google","56VKTX1M5E8NSQDT","Compute Engine Hours",NULL,"ZOFGVRE741NWET6T.18UM0ZQ6","proj-helios-dev","helios-dev","BillingAccount","{""team"": ""platform""}",NULL,NULL,"Usage-Based","Virtual Machines",2.3251,17.32966783,2.3486,NULL,NULL
"AllocatedMethodId-2375","AllocatedResourceId-6143","AllocatedResourceName-5882","{}",851.83486206,"8a93b2c1-1234-4abc-9def-0123456789ab","Contoso Cloud","BillingProfile","USD","2024-10-01T00:00:00Z","2024-09-01T00:00:00Z",NULL,NULL,"Credit",NULL,"Azure Functions Function App in UK South","2024-09-29T05:00:00Z","2024-09-29T04:00:00Z",NULL,NULL,NULL,NULL,NULL,NULL,NULL,NULL,NULL,NULL,936.082266,1.9977,851.83486206,"Microsoft","INV-202409-17251","Microsoft",1248.109688,2.6636,"Standard","USD",468.58,"Executions","Microsoft","Microsoft","uksouth","UK South",NULL,NULL,NULL,"Compute","Azure Functions","Microsoft","PJT10UEN0RSKQPZP","Azure Functions Executions",NULL,"HJMBPT35911CMKRI.BQR9LC5B","sub-9a1f","Production","BillingProfile","{""application"": ""AtlasPortal"", ""cost_center"": ""CC-2042"", ""environment"": ""dev""}",NULL,NULL,"One-Time","Serverless Compute",1.9977,851.83486206,2.6636,NULL,NULL
"AllocatedMethodId-7364","AllocatedResourceId-1128","AllocatedResourceName-7438","{}",306.3601152,"123456789012","SunBird","BillingAccount","USD","2024-10-01T00:00:00Z","2024-09-01T00:00:00Z",NULL,NULL,"Usage",NULL,"Amazon Simple Queue Service Queue in Europe (Ireland)","2024-09-29T02:00:00Z","2024-09-29T01:00:00Z",NULL,NULL,NULL,NULL,NULL,NULL,NULL,421.3800000000,"Requests",NULL,382.950144,0.9088,306.3601152,"AWS","INV-202409-67986","AWS",497.354814,1.1803,"Other","USD",421.38,"Requests","AWS","AWS","eu-west-1","Europe (Ireland)","arn:aws:ec2:eu-west-1:123456789012:instance/i-006b98b290c3",NULL,"Queue","Integration","Amazon Simple Queue Service","AWS","YP1NJGLNR20QD58X","Amazon Simple Queue Service Requests",NULL,"HU814PRJX4XTBCDP.Q9YTXH8P","663626350770","Zenith Apollo","BillingAccount","{""cost_center"": ""CC-1001"", ""business_unit"": ""MarseilleSRE"", ""team"": ""platform""}",NULL,NULL,"Usage-Based","Messaging",0.9088,306.3601152,1.1803,NULL,NULL
"AllocatedMethodId-2382","AllocatedResourceId-7791","AllocatedResourceName-7022","{}",855.09752055,"01ABCD-2345EF-6789GH","Helios Labs","BillingAccount","USD","2024-10-01T00:00:00Z","2024-09-01T00:00:00Z",NULL,NULL,"Usage",NULL,"Cloud SQL Database Instance in Iowa","2024-09-13T17:00:00Z","2024-09-13T16:00:00Z",NULL,NULL,NULL,NULL,NULL,NULL,NULL,457.9500000000,"Hours",NULL,939.6676049999999,2.0519,855.09752055,"Google","INV-202409-36039","Google",1445.65656,3.1568,"Standard","USD",457.95,"Hours","Google","Google","us-central1","Iowa","//compute.googleapis.com/projects/Helios Labs/zones/us-central1-a/instances/inst-2429",NULL,"Database Instance","Databases","Cloud SQL","Google","540V1GKQ6EW09U3B","Cloud SQL Hours",NULL,"DL2IAZMTUFHKP7I0.U24IQLUS","proj-helios-prod","helios-prod","BillingAccount",NULL,NULL,NULL,"Usage-Based","Relational Databases",2.0519,855.09752055,3.1568,NULL,NULL
"AllocatedMethodId-7513","AllocatedResourceId-4476","AllocatedResourceName-7283","{}",642.31448688,"8a93b2c1-1234-4abc-9def-0123456789ab","Contoso Cloud","BillingProfile","USD","2024-10-01T00:00:00Z","2024-09-01T00:00:00Z",NULL,NULL,"Usage",NULL,"Azure Kubernetes Service Cluster in UK South","2024-09-10T14:00:00Z","2024-09-10T13:00:00Z","Usage","cd-307897","commit-7897",NULL,"Used","Committed Use Discount",NULL,323.5600000000,"Hours",NULL,648.802512,2.0052,642.31448688,"Microsoft","INV-202409-52368","Microsoft",1013.778192,3.1332,"Committed","USD",323.56,"Hours","Microsoft","Microsoft","uksouth","UK South","/subscriptions/8a93b2c1-1234-4abc-9def-0123456789ab/resourceGroups/rg-685/providers/Microsoft.Compute/virtualMachines/vm-7196",NULL,"Cluster","Compute","Azure Kubernetes Service","Microsoft","JFXKHA7135HONMRS","Azure Kubernetes Service Hours",NULL,"5YI1NNSM0L0JBSQP.2PX3FA4I","sub-4d3e","Sandbox","BillingProfile",NULL,NULL,NULL,"Usage-Based","Containers",2.0052,642.31448688,3.1332,NULL,NULL
"AllocatedMethodId-4766","AllocatedResourceId-4000","AllocatedResourceName-1587","{}",791.86653,"ocid1.tenancy.oc1..aaaa1234","Meridian OCI","Tenancy","USD","2024-10-01T00:00:00Z","2024-09-01T00:00:00Z",NULL,NULL,"Usage",NULL,"Oracle Load Balancer Load Balancer in UK South (London)","2024-09-05T02:00:00Z","2024-09-05T01:00:00Z",NULL,NULL,NULL,NULL,NULL,NULL,NULL,465.5300000000,"Hours",NULL,942.6982499999999,2.0250,791.86653,"Oracle","INV-202409-17152","Oracle",1096.1834909999998,2.3547,"Standard","USD",465.53,"Hours","Oracle","Oracle","uk-london-1","UK South (London)","ocid1.instance.oc1.uk-london-1.0075f44ebbf1",NULL,"Load Balancer","Networking","Oracle Load Balancer","Oracle","I9CLQK65V3IFU71J","Oracle Load Balancer Hours",NULL,"QHUCI5RX1SQQ7U1K.U5J92DMJ","ocid1.compartment.oc1..prod","production","Tenancy","{""owner"": ""k.johnson"", ""application"": ""NimbusAPI"", ""cost_center"": ""CC-2042""}",NULL,NULL,"Usage-Based","Application Networking",2.0250,791.86653,2.3547,NULL,NULL
"AllocatedMethodId-7534","AllocatedResourceId-5180","AllocatedResourceName-3916","{}",20.69502565,"ocid1.tenancy.oc1..aaaa1234","Meridian OCI","Tenancy","USD","2024-10-01T00:00:00Z","2024-09-01T00:00:00Z",NULL,NULL,"Usage",NULL,"Oracle Autonomous Database Database in US East (Ashburn)","2024-09-19T15:00:00Z","2024-09-19T14:00:00Z",NULL,NULL,NULL,NULL,NULL,NULL,NULL,20.4100000000,"Hours",NULL,26.196235,1.2835,20.69502565,"Oracle","INV-202409-22130","Oracle",36.384907,1.7827,"Dynamic","USD",20.41,"Hours","Oracle","Oracle","us-ashburn-1","US East (Ashburn)","ocid1.instance.oc1.us-ashburn-1.00d6738c499e",NULL,"Database","Databases","Oracle Autonomous Database","Oracle","6RNA7L0EP5GVBSHZ","Oracle Autonomous Database Hours",NULL,"XGUJBF343RAVC2UI.NDSUDE9Y","ocid1.compartment.oc1..dev","development","Tenancy","{""application"": ""AtlasPortal""}",NULL,"uk-london-1-AD-2","Usage-Based","Relational Databases",1.2835,20.69502565,1.7827,NULL,NULL
"AllocatedMethodId-1738","AllocatedResourceId-9411","AllocatedResourceName-2763","{}",257.878114,"8a93b2c1-1234-4abc-9def-0123456789ab","Contoso Cloud","BillingProfile","USD","2024-10-01T00:00:00Z","2024-09-01T00:00:00Z",NULL,NULL,"Usage",NULL,"Azure Kubernetes Service Cluster in East US","2024-09-09T22:00:00Z","2024-09-09T21:00:00Z",NULL,NULL,NULL,NULL,NULL,NULL,NULL,142.4800000000,"Hours",NULL,396.73555999999996,2.7845,257.878114,"Microsoft","INV-202409-20031","Microsoft",536.123744,3.7628,"Dynamic","USD",142.48,"Hours","Microsoft","Microsoft","eastus","East US","/subscriptions/8a93b2c1-1234-4abc-9def-0123456789ab/resourceGroups/rg-722/providers/Microsoft.Compute/virtualMachines/vm-852",NULL,"Cluster","Compute","Azure Kubernetes Service","Microsoft","6M52Y4R1F1XL11FC","Azure Kubernetes Service Hours",NULL,"6V3OJ577FS31F4TJ.ITP71SD9","sub-9a1f","Production","BillingProfile","{""owner"": ""g.hopper"", ""cost_center"": ""CC-2042""}",NULL,NULL,"Usage-Based","Containers",2.7845,257.878114,3.7628,NULL,NULL
"AllocatedMethodId-3378","AllocatedResourceId-4961","AllocatedResourceName-8139","{}",219.04375442,"ocid1.tenancy.oc1..aaaa1234","Meridian OCI","Tenancy","USD","2024-10-01T00:00:00Z","2024-09-01T00:00:00Z",NULL,NULL,"Credit",NULL,"Oracle Functions Function in US East (Ashburn)","2024-09-29T05:00:00Z","2024-09-29T04:00:00Z",NULL,NULL,NULL,NULL,NULL,NULL,NULL,NULL,NULL,NULL,359.08812200000006,2.0203,219.04375442,"Oracle","INV-202409-73060","Oracle",520.4049460000001,2.9279,"Standard","USD",177.74,"Invocations","Oracle","Oracle","us-ashburn-1","US East (Ashburn)",NULL,NULL,NULL,"Compute","Oracle Functions","Oracle","F0TU32QVLNLFQG18","Oracle Functions Invocations",NULL,"BAZHAK43Z5TXZTFI.IAMHBMBN","ocid1.compartment.oc1..dev","development","Tenancy","{""team"": ""platform""}",NULL,NULL,"One-Time","Serverless Compute",2.0203,219.04375442,2.9279,NULL,NULL
"AllocatedMethodId-7395","AllocatedResourceId-7829","AllocatedResourceName-6902","{}",45.12749472,"8a93b2c1-1234-4abc-9def-0123456789ab","Contoso Cloud","BillingProfile","USD","2024-10-01T00:00:00Z","2024-09-01T00:00:00Z",NULL,NULL,"Usage",NULL,"Virtual Machines Virtual Machine in Southeast Asia","2024-09-07T08:00:00Z","2024-09-07T07:00:00Z",NULL,NULL,NULL,NULL,NULL,NULL,NULL,83.0600000000,"Hours",NULL,45.583327999999995,0.5488,45.12749472,"Microsoft","INV-202409-48455","Microsoft",63.308332,0.7622,"Standard","USD",83.06,"Hours","Microsoft","Microsoft","southeastasia","Southeast Asia","/subscriptions/8a93b2c1-1234-4abc-9def-0123456789ab/resourceGroups/rg-984/providers/Microsoft.Compute/virtualMachines/vm-297",NULL,"Virtual Machine","Compute","Virtual Machines","Microsoft","1059SC5Z565OD7B1","Virtual Machines Hours",NULL,"U9ER04H5W21BKSM4.W2O6OV3I","sub-2b7c","Staging","BillingProfile","{""environment"": ""qa"", ""owner"": ""a.lovelace"", ""business_unit"": ""OsloData""}",NULL,"uksouth-1","Usage-Based","Virtual Machines",0.5488,45.12749472,0.7622,NULL,NULL
"AllocatedMethodId-6878","AllocatedResourceId-5273","AllocatedResourceName-6849","{}",157.32882,"ocid1.tenancy.oc1..aaaa1234","Meridian OCI","Tenancy","USD","2024-10-01T00:00:00Z","2024-09-01T00:00:00Z",NULL,NULL,"Tax",NULL,"Tax charge in Australia East (Sydney)","2024-09-13T02:00:00Z","2024-09-13T01:00:00Z",NULL,NULL,NULL,NULL,NULL,NULL,NULL,NULL,NULL,NULL,67.6927860000,NULL,157.32882,"Oracle","INV-202409-12376","Oracle",17.4714790000,NULL,NULL,"USD",NULL,NULL,"Oracle","Oracle",NULL,NULL,NULL,NULL,NULL,"Other","Tax","Oracle",NULL,NULL,NULL,NULL,"ocid1.compartment.oc1..prod","production","Tenancy","{""business_unit"": ""MarseilleSRE"", ""environment"": ""prod""}",NULL,NULL,"One-Time","Other (Security)",NULL,157.32882,NULL,NULL,NULL
"AllocatedMethodId-9456","AllocatedResourceId-6927","AllocatedResourceName-1487","{}",91.93828228,"123456789012","SunBird","BillingAccount","USD","2024-10-01T00:00:00Z","2024-09-01T00:00:00Z",NULL,NULL,"Usage",NULL,"Amazon Elastic Compute Cloud Virtual Machine in Europe (Ireland)","2024-09-05T21:00:00Z","2024-09-05T20:00:00Z","Usage","cd-148943","commit-8943",NULL,"Used","Reserved Instance",NULL,112.0600000000,"Hours",NULL,124.240922,1.1087,91.93828228,"AWS","INV-202409-70129","AWS",144.467752,1.2892,"Committed","USD",112.06,"Hours","AWS","AWS","eu-west-1","Europe (Ireland)","arn:aws:ec2:eu-west-1:123456789012:instance/i-009853356a57",NULL,"Virtual Machine","Compute","Amazon Elastic Compute Cloud","AWS","GKHNXKS265GJXVIH","Amazon Elastic Compute Cloud Hours",NULL,"M20AP4VS6KFRX0XP.J70OI100","438839167390","Zenith Eclipse","BillingAccount","{""team"": ""platform"", ""application"": ""BrightLensMatrix""}",NULL,NULL,"Usage-Based","Virtual Machines",1.1087,91.93828228,1.2892,NULL,NULL
"AllocatedMethodId-9314","AllocatedResourceId-6807","AllocatedResourceName-3028","{}",409.83641496,"ocid1.tenancy.oc1..aaaa1234","Meridian OCI","Tenancy","USD","2024-10-01T00:00:00Z","2024-09-01T00:00:00Z",NULL,NULL,"Usage",NULL,"Oracle Object Storage Bucket in US East (Ashburn)","2024-09-04T15:00:00Z","2024-09-04T14:00:00Z",NULL,NULL,NULL,NULL,NULL,NULL,NULL,217.0400000000,"GB",NULL,422.511768,1.9467,409.83641496,"Oracle","INV-202409-44046","Oracle",426.78745599999996,1.9664,"Standard","USD",217.04,"GB","Oracle","Oracle","us-ashburn-1","US East (Ashburn)","ocid1.instance.oc1.us-ashburn-1.0019a0919a6c",NULL,"Bucket","Storage","Oracle Object Storage","Oracle","R7JZ2N82WZMTFC8V","Oracle Object Storage GB",NULL,"YI78SNF69T7VKBB8.QPT16HDX","ocid1.compartment.oc1..prod","production","Tenancy","{""owner"": ""a.turing"", ""cost_center"": ""CC-2042"", ""business_unit"": ""OsloData""}",NULL,NULL,"Usage-Based","Object Storage",1.9467,409.83641496,1.9664,NULL,NULL
"AllocatedMethodId-3119","AllocatedResourceId-9408","AllocatedResourceName-9669","{}",116.262084,"123456789012","SunBird","BillingAccount","USD","2024-10-01T00:00:00Z","2024-09-01T00:00:00Z",NULL,NULL,"Usage",NULL,"AWS Lambda Function in US East (N. Virginia)","2024-09-13T18:00:00Z","2024-09-13T17:00:00Z",NULL,NULL,NULL,NULL,NULL,NULL,NULL,169.5000000000,"Requests",NULL,140.0748,0.8264,116.262084,"AWS","INV-202409-69993","AWS",200.1117,1.1806,"Dynamic","USD",169.50,"Requests","AWS","AWS","us-east-1","US East (N. Virginia)","arn:aws:ec2:us-east-1:123456789012:instance/i-00cf191ff040",NULL,"Function","Compute","AWS Lambda","AWS","IY7PGU7MX3GJ10FF","AWS Lambda Requests",NULL,"D1I4N2EX7Z97ZQ51.250KJ6I5","438839167390","Zenith Eclipse","BillingAccount","{""cost_center"": ""CC-2042"", ""owner"": ""k.johnson"", ""environment"": ""staging""}",NULL,NULL,"Usage-Based","Serverless Compute",0.8264,116.262084,1.1806,NULL,NULL
"AllocatedMethodId-8259","AllocatedResourceId-5544","AllocatedResourceName-2450","{}",507.62902148,"123456789012","SunBird","BillingAccount","USD","2024-10-01T00:00:00Z","2024-09-01T00:00:00Z",NULL,NULL,"Usage",NULL,"AWS Lambda Function in US West (Oregon)","2024-09-21T05:00:00Z","2024-09-21T04:00:00Z","Usage","cd-226737","commit-6737",NULL,"Unused","Committed Use Discount",NULL,NULL,NULL,NULL,667.932923,3.6169,507.62902148,"AWS","INV-202409-16005","AWS",878.862997,4.7591,"Committed","USD",184.67,"Requests","AWS","AWS","us-west-2","US West (Oregon)","arn:aws:ec2:us-west-2:123456789012:instance/i-0064a8538044",NULL,"Function","Compute","AWS Lambda","AWS","S5BJJ0DTSNL5AH9W","AWS Lambda Requests",NULL,"EC04T2VY4II6322J.UF0YOZV8","438839167390","Zenith Eclipse","BillingAccount",NULL,NULL,"eu-west-1c","Usage-Based","Serverless Compute",3.6169,507.62902148,4.7591,NULL,NULL
"AllocatedMethodId-3334","AllocatedResourceId-7763","AllocatedResourceName-6311","{}",987.2689932,"8a93b2c1-1234-4abc-9def-0123456789ab","Contoso Cloud","BillingProfile","USD","2024-10-01T00:00:00Z","2024-09-01T00:00:00Z",NULL,NULL,"Adjustment",NULL,"Azure Load Balancer Load Balancer in East US","2024-09-27T22:00:00Z","2024-09-27T21:00:00Z","Spend","cd-668154","commit-8154",NULL,"Used","Committed Use Discount",NULL,NULL,NULL,NULL,1007.41734,3.1230,987.2689932,"Microsoft","INV-202409-51948","Microsoft",1038.578568,3.2196,"Committed","USD",322.58,"Hours","Microsoft","Microsoft","eastus","East US",NULL,NULL,NULL,"Networking","Azure Load Balancer","Microsoft","P2F8UZC5BV1L0B7U","Azure Load Balancer Hours",NULL,"YQFHG8KSJLQFJT0K.DULBDTYG","sub-4d3e","Sandbox","BillingProfile","{""application"": ""BrightLensMatrix"", ""owner"": ""k.johnson"", ""environment"": ""dev""}",NULL,NULL,"One-Time","Application Networking",3.1230,987.2689932,3.2196,NULL,NULL
"AllocatedMethodId-7476","AllocatedResourceId-3014","AllocatedResourceName-3288","{}",235.779621,"01ABCD-2345EF-6789GH","Helios Labs","BillingAccount","USD","2024-10-01T00:00:00Z","2024-09-01T00:00:00Z",NULL,NULL,"Usage",NULL,"BigQuery Dataset in Iowa","2024-09-09T16:00:00Z","2024-09-09T15:00:00Z","Spend","cd-382368","commit-2368",NULL,"Unused","Savings Plan",NULL,NULL,NULL,NULL,240.59145,2.0346,235.779621,"Google","INV-202409-21759","Google",300.7334,2.5432,"Committed","USD",118.25,"GiB","Google","Google","us-central1","Iowa","//compute.googleapis.com/projects/Helios Labs/zones/us-central1-a/instances/inst-8296",NULL,"Dataset","Analytics","BigQuery","Google","9GP9IT02F6NJX8KP","BigQuery GiB",NULL,"8192CA3SKAD4RQYW.N6SCK8ET","proj-helios-prod","helios-prod","BillingAccount","{""team"": ""platform""}",NULL,"us-central1-a","Usage-Based","Data Warehouses",2.0346,235.779621,2.5432,NULL,NULL
"AllocatedMethodId-4425","AllocatedResourceId-1116","AllocatedResourceName-4212","{}",125.64655064,"01ABCD-2345EF-6789GH","Helios Labs","BillingAccount","USD","2024-10-01T00:00:00Z","2024-09-01T00:00:00Z",NULL,NULL,"Usage",NULL,"BigQuery Dataset in Belgium","2024-09-30T03:00:00Z","2024-09-30T02:00:00Z",NULL,NULL,NULL,NULL,NULL,NULL,NULL,226.3600000000,"GiB",NULL,169.79263600000002,0.7501,125.64655064,"Google","INV-202409-74597","Google",278.354892,1.2297,"Other","USD",226.36,"GiB","Google","Google","europe-west1","Belgium","//compute.googleapis.com/projects/Helios Labs/zones/europe-west1-a/instances/inst-5424",NULL,"Dataset","Analytics","BigQuery","Google","4AAL095Z8FE8B2HW","BigQuery GiB",NULL,"YWYLAH3XM2AOBRWM.FTOO5XCR","proj-helios-dev","helios-dev","BillingAccount","{""owner"": ""g.hopper""}",NULL,NULL,"Usage-Based","Data Warehouses",0.7501,125.64655064,1.2297,NULL,NULL
"AllocatedMethodId-6092","AllocatedResourceId-2029","AllocatedResourceName-2584","{}",468.17176896,"ocid1.tenancy.oc1..aaaa1234","Meridian OCI","Tenancy","USD","2024-10-01T00:00:00Z","2024-09-01T00:00:00Z",NULL,NULL,"Usage",NULL,"Oracle Compute Instance in UK South (London)","2024-09-08T07:00:00Z","2024-09-08T06:00:00Z",NULL,NULL,NULL,NULL,NULL,NULL,NULL,282.8600000000,"Hours",NULL,743.1297920000001,2.6272,468.17176896,"Oracle","INV-202409-53152","Oracle",965.0900340000001,3.4119,"Other","USD",282.86,"Hours","Oracle","Oracle","uk-london-1","UK South (London)","ocid1.instance.oc1.uk-london-1.009d2a005325",NULL,"Instance","Compute","Oracle Compute","Oracle","RMB8Q93A1DU10RH7","Oracle Compute Hours",NULL,"35X7CODR082UAZMV.FBO1EPMK","ocid1.compartment.oc1..dev","development","Tenancy",NULL,NULL,"us-ashburn-1-AD-1","Usage-Based","Virtual Machines",2.6272,468.17176896,3.4119,NULL,NULL
"AllocatedMethodId-4172","AllocatedResourceId-3064","AllocatedResourceName-9337","{}",181.427798,"123456789012","SunBird","BillingAccount","USD","2024-10-01T00:00:00Z","2024-09-01T00:00:00Z",NULL,NULL,"Purchase",NULL,"Amazon Simple Queue Service Queue in Asia Pacific (Sydney)","2024-09-26T07:00:00Z","2024-09-26T06:00:00Z",NULL,NULL,NULL,NULL,NULL,NULL,NULL,NULL,NULL,NULL,181.427798,1.4681,0,"AWS","INV-202409-87710","AWS",292.625082,2.3679,"Standard","USD",123.58,"Requests","AWS","AWS","ap-southeast-2","Asia Pacific (Sydney)","arn:aws:ec2:ap-southeast-2:123456789012:instance/i-0089e88dc334",NULL,"Queue","Integration","Amazon Simple Queue Service","AWS","HFDCYUEID2DT1EGD","Amazon Simple Queue Service Requests",NULL,"9DSYZG0OA3Y31GVB.37VMGGAE","517389287820","Atlas Nimbus","BillingAccount","{""application"": ""NimbusAPI""}",NULL,NULL,"One-Time","Messaging",1.4681,0,2.3679,NULL,NULL
"AllocatedMethodId-4018","AllocatedResourceId-1110","AllocatedResourceName-6944","{}",81.68418874,"01ABCD-2345EF-6789GH","Helios Labs","BillingAccount","USD","2024-10-01T00:00:00Z","2024-09-01T00:00:00Z",NULL,NULL,"Usage",NULL,"Cloud SQL Database Instance in Northern Virginia","2024-09-27T12:00:00Z","2024-09-27T11:00:00Z",NULL,NULL,NULL,NULL,NULL,NULL,NULL,398.5100000000,"Hours",NULL,106.083362,0.2662,81.68418874,"Google","INV-202409-62469","Google",120.549275,0.3025,"Standard","USD",398.51,"Hours","Google","Google","us-east4","Northern Virginia","//compute.googleapis.com/projects/Helios Labs/zones/us-east4-a/instances/inst-9777",NULL,"Database Instance","Databases","Cloud SQL","Google","XA7JDP69D1WMMMEV","Cloud SQL Hours",NULL,"M43VVT0VKG3C5OAO.O3NP4VYN","proj-helios-dev","helios-dev","BillingAccount","{""cost_center"": ""CC-1001"", ""owner"": ""g.hopper""}",NULL,"asia-southeast1-c","Usage-Based","Relational Databases",0.2662,81.68418874,0.3025,NULL,NULL
"AllocatedMethodId-2062","AllocatedResourceId-3743","AllocatedResourceName-9333","{}",121.78799314,"123456789012","SunBird","BillingAccount","USD","2024-10-01T00:00:00Z","2024-09-01T00:00:00Z",NULL,NULL,"Usage",NULL,"Amazon Elastic Compute Cloud Virtual Machine in Europe (Ireland)","2024-09-24T17:00:00Z","2024-09-24T16:00:00Z","Usage","cd-307434","commit-7434",NULL,"Used","Reserved Instance",NULL,97.2100000000,"Hours",NULL,196.432247,2.0207,121.78799314,"AWS","INV-202409-71691","AWS",284.679485,2.9285,"Dynamic","USD",97.21,"Hours","AWS","AWS","eu-west-1","Europe (Ireland)","arn:aws:ec2:eu-west-1:123456789012:instance/i-003131973224",NULL,"Virtual Machine","Compute","Amazon Elastic Compute Cloud","AWS","BIYHVNT3PXXK71EH","Amazon Elastic Compute Cloud Hours",NULL,"JIMM8YXU1PCM8SJU.PDRI65NF","517389287820","Atlas Nimbus","BillingAccount","{""environment"": ""dev"", ""business_unit"": ""MarseilleSRE"", ""owner"": ""a.lovelace""}",NULL,"eu-west-1c","Usage-Based","Virtual Machines",2.0207,121.78799314,2.9285,NULL,NULL
"AllocatedMethodId-2280","AllocatedResourceId-5528","AllocatedResourceName-4731","{}",368.74018,"ocid1.tenancy.oc1..aaaa1234","Meridian OCI","Tenancy","USD","2024-10-01T00:00:00Z","2024-09-01T00:00:00Z",NULL,NULL,"Usage",NULL,"Oracle Load Balancer Load Balancer in UK South (London)","2024-09-23T04:00:00Z","2024-09-23T03:00:00Z",NULL,NULL,NULL,NULL,NULL,NULL,NULL,186.9500000000,"Hours",NULL,460.92522499999995,2.4655,368.74018,"Oracle","INV-202409-81650","Oracle",649.2025699999999,3.4726,"Other","USD",186.95,"Hours","Oracle","Oracle","uk-london-1","UK South (London)","ocid1.instance.oc1.uk-london-1.004eadd09b65",NULL,"Load Balancer","Networking","Oracle Load Balancer","Oracle","T1YKXQ9FIFS27WOC","Oracle Load Balancer Hours",NULL,"36V12310X5URYBL2.OQEWFS66","ocid1.compartment.oc1..dev","development","Tenancy","{""owner"": ""g.hopper"", ""application"": ""BrightSourceCore"", ""environment"": ""qa""}",NULL,NULL,"Usage-Based","Application Networking",2.4655,368.74018,3.4726,NULL,NULL
"AllocatedMethodId-4694","AllocatedResourceId-7867","AllocatedResourceName-7974","{}",268.81286796,"123456789012","SunBird","BillingAccount","USD","2024-10-01T00:00:00Z","2024-09-01T00:00:00Z",NULL,NULL,"Usage",NULL,"Amazon Elastic Compute Cloud Virtual Machine in US East (N. Virginia)","2024-09-02T16:00:00Z","2024-09-02T15:00:00Z",NULL,NULL,NULL,NULL,NULL,NULL,NULL,337.5600000000,"Hours",NULL,295.398756,0.8751,268.81286796,"AWS","INV-202409-54541","AWS",422.017512,1.2502,"Standard","USD",337.56,"Hours","AWS","AWS","us-east-1","US East (N. Virginia)","arn:aws:ec2:us-east-1:123456789012:instance/i-00d82358227f",NULL,"Virtual Machine","Compute","Amazon Elastic Compute Cloud","AWS","8QATSWZZA46JZOON","Amazon Elastic Compute Cloud Hours",NULL,"4O7933VFUM10N229.BXIITA5W","438839167390","Zenith Eclipse","BillingAccount",NULL,NULL,NULL,"Usage-Based","Virtual Machines",0.8751,268.81286796,1.2502,NULL,NULL
"AllocatedMethodId-4369","AllocatedResourceId-6075","AllocatedResourceName-8081","{}",160.38089415,"ocid1.tenancy.oc1..aaaa1234","Meridian OCI","Tenancy","USD","2024-10-01T00:00:00Z","2024-09-01T00:00:00Z",NULL,NULL,"Usage",NULL,"Oracle Load Balancer Load Balancer in UK South (London)","2024-09-26T02:00:00Z","2024-09-26T01:00:00Z",NULL,NULL,NULL,NULL,NULL,NULL,NULL,461.0700000000,"Hours",NULL,219.69985499999999,0.4765,160.38089415,"Oracle","INV-202409-27030","Oracle",354.332295,0.7685,"Standard","USD",461.07,"Hours","Oracle","Oracle","uk-london-1","UK South (London)","ocid1.instance.oc1.uk-london-1.009078addeb9",NULL,"Load Balancer","Networking","Oracle Load Balancer","Oracle","GV2TFKG9LC5BLMEY","Oracle Load Balancer Hours",NULL,"SNOS7E3DX7AKU0ZK.HI804EYN","ocid1.compartment.oc1..dev","development","Tenancy","{""cost_center"": ""CC-1001"", ""team"": ""infra"", ""owner"": ""a.lovelace""}",NULL,NULL,"Usage-Based","Application Networking",0.4765,160.38089415,0.7685,NULL,NULL
"AllocatedMethodId-9291","AllocatedResourceId-1731","AllocatedResourceName-8572","{}",108.32741088,"ocid1.tenancy.oc1..aaaa1234","Meridian OCI","Tenancy","USD","2024-10-01T00:00:00Z","2024-09-01T00:00:00Z",NULL,NULL,"Usage",NULL,"Oracle Object Storage Bucket in Australia East (Sydney)","2024-09-26T02:00:00Z","2024-09-26T01:00:00Z",NULL,NULL,NULL,NULL,NULL,NULL,NULL,229.4800000000,"GB",NULL,138.881296,0.6052,108.32741088,"Oracle","INV-202409-37180","Oracle",231.45352799999998,1.0086,"Other","USD",229.48,"GB","Oracle","Oracle","ap-sydney-1","Australia East (Sydney)","ocid1.instance.oc1.ap-sydney-1.0095298cbd2b",NULL,"Bucket","Storage","Oracle Object Storage","Oracle","33CFS3WTZL0PL13Y","Oracle Object Storage GB",NULL,"LGZCPKR8SEN509HX.EG6U02KQ","ocid1.compartment.oc1..dev","development","Tenancy","{""cost_center"": ""CC-2042""}",NULL,NULL,"Usage-Based","Object Storage",0.6052,108.32741088,1.0086,NULL,NULL
"AllocatedMethodId-2497","AllocatedResourceId-1262","AllocatedResourceName-7908","{}",9.83111878,"123456789012","SunBird","BillingAccount","USD","2024-10-01T00:00:00Z","2024-09-01T00:00:00Z",NULL,NULL,"Credit",NULL,"Amazon Elastic Compute Cloud Virtual Machine in Asia Pacific (Sydney)","2024-09-15T16:00:00Z","2024-09-15T15:00:00Z",NULL,NULL,NULL,NULL,NULL,NULL,NULL,NULL,NULL,NULL,10.135174,0.0511,9.83111878,"AWS","INV-202409-36212","AWS",10.670692,0.0538,"Standard","USD",198.34,"Hours","AWS","AWS","ap-southeast-2","Asia Pacific (Sydney)",NULL,NULL,NULL,"Compute","Amazon Elastic Compute Cloud","AWS","2I4RKKBGLSH8ZKEA","Amazon Elastic Compute Cloud Hours",NULL,"RJ2WLNC8N2D7GYT2.DADYMPXP","438839167390","Zenith Eclipse","BillingAccount","{""team"": ""platform"", ""application"": ""BrightSourceCore""}",NULL,NULL,"One-Time","Virtual Machines",0.0511,9.83111878,0.0538,NULL,NULL
"AllocatedMethodId-8899","AllocatedResourceId-2106","AllocatedResourceName-6490","{}",1538.6931359999999,"123456789012","SunBird","BillingAccount","USD","2024-10-01T00:00:00Z","2024-09-01T00:00:00Z",NULL,NULL,"Purchase",NULL,"Amazon Elastic Compute Cloud Virtual Machine in Europe (Ireland)","2024-09-30T01:00:00Z","2024-09-30T00:00:00Z",NULL,NULL,NULL,NULL,NULL,NULL,NULL,NULL,NULL,NULL,1538.6931359999999,3.8616,0,"AWS","INV-202409-97342","AWS",1654.525458,4.1523,"Standard","USD",398.46,"Hours","AWS","AWS","eu-west-1","Europe (Ireland)","arn:aws:ec2:eu-west-1:123456789012:instance/i-00a69b1208e0",NULL,"Virtual Machine","Compute","Amazon Elastic Compute Cloud","AWS","MN8Z1HONGWULAZUA","Amazon Elastic Compute Cloud Hours",NULL,"YN3OERXCEN0T5G8K.QGUYIVLU","517389287820","Atlas Nimbus","BillingAccount",NULL,NULL,NULL,"Recurring","Virtual Machines",3.8616,0,4.1523,NULL,NULL
"AllocatedMethodId-9313","AllocatedResourceId-2280","AllocatedResourceName-7983","{}",1320.978154,"123456789012","SunBird","BillingAccount","USD","2024-10-01T00:00:00Z","2024-09-01T00:00:00Z",NULL,NULL,"Purchase",NULL,"Elastic Load Balancing Load Balancer in Asia Pacific (Sydney)","2024-09-22T20:00:00Z","2024-09-22T19:00:00Z","Usage","cd-230082","commit-0082",NULL,"Unused","Reserved Instance",NULL,NULL,NULL,NULL,1320.978154,4.4971,0,"AWS","INV-202409-40973","AWS",1451.633706,4.9419,"Committed","USD",293.74,"LCU-Hours","AWS","AWS","ap-southeast-2","Asia Pacific (Sydney)","arn:aws:ec2:ap-southeast-2:123456789012:instance/i-00776f4aca22",NULL,"Load Balancer","Networking","Elastic Load Balancing","AWS","NCP2VIRUC70SBOVV","Elastic Load Balancing LCU-Hours",NULL,"PN8DPOY7UL2AE5EM.DJNIFL9N","438839167390","Zenith Eclipse","BillingAccount","{""application"": ""AtlasPortal"", ""owner"": ""a.turing"", ""environment"": ""staging""}",NULL,NULL,"One-Time","Application Networking",4.4971,0,4.9419,NULL,NULL
"AllocatedMethodId-3039","AllocatedResourceId-7304","AllocatedResourceName-3660","{}",181.19119248,"ocid1.tenancy.oc1..aaaa1234","Meridian OCI","Tenancy","USD","2024-10-01T00:00:00Z","2024-09-01T00:00:00Z",NULL,NULL,"Usage",NULL,"Oracle Autonomous Database Database in US East (Ashburn)","2024-09-11T11:00:00Z","2024-09-11T10:00:00Z",NULL,NULL,NULL,NULL,NULL,NULL,NULL,151.5600000000,"Hours",NULL,266.457636,1.7581,181.19119248,"Oracle","INV-202409-15089","Oracle",436.826232,2.8822,"Standard","USD",151.56,"Hours","Oracle","Oracle","us-ashburn-1","US East (Ashburn)","ocid1.instance.oc1.us-ashburn-1.003f0b1b87d8",NULL,"Database","Databases","Oracle Autonomous Database","Oracle","4BY1FT8J9LQY3T3S","Oracle Autonomous Database Hours",NULL,"Y94EVI4MJMAA6X5Z.0ZXY5TE0","ocid1.compartment.oc1..prod","production","Tenancy","{""team"": ""payments"", ""owner"": ""a.turing""}",NULL,"uk-london-1-AD-2","Usage-Based","Relational Databases",1.7581,181.19119248,2.8822,NULL,NULL
"AllocatedMethodId-5724","AllocatedResourceId-8060","AllocatedResourceName-3795","{}",860.48489025,"8a93b2c1-1234-4abc-9def-0123456789ab","Contoso Cloud","BillingProfile","USD","2024-10-01T00:00:00Z","2024-09-01T00:00:00Z",NULL,NULL,"Usage",NULL,"Azure Kubernetes Service Cluster in Southeast Asia","2024-09-15T21:00:00Z","2024-09-15T20:00:00Z",NULL,NULL,NULL,NULL,NULL,NULL,NULL,344.2500000000,"Hours",NULL,887.0978250000001,2.5769,860.48489025,"Microsoft","INV-202409-64636","Microsoft",1198.781775,3.4823,"Other","USD",344.25,"Hours","Microsoft","Microsoft","southeastasia","Southeast Asia","/subscriptions/8a93b2c1-1234-4abc-9def-0123456789ab/resourceGroups/rg-389/providers/Microsoft.Compute/virtualMachines/vm-7553",NULL,"Cluster","Compute","Azure Kubernetes Service","Microsoft","Q3JQPKAHFYZF7M1K","Azure Kubernetes Service Hours",NULL,"1QT68YT0FGWJRNZT.AK5AGE07","sub-4d3e","Sandbox","BillingProfile","{""business_unit"": ""ViennaAI""}",NULL,NULL,"Usage-Based","Containers",2.5769,860.48489025,3.4823,NULL,NULL
"AllocatedMethodId-1420","AllocatedResourceId-3013","AllocatedResourceName-9693","{}",479.72505984,"8a93b2c1-1234-4abc-9def-0123456789ab","Contoso Cloud","BillingProfile","USD","2024-10-01T00:00:00Z","2024-09-01T00:00:00Z",NULL,NULL,"Usage",NULL,"Azure SQL Database SQL Database in West Europe","2024-09-06T18:00:00Z","2024-09-06T17:00:00Z","Spend","cd-161847","commit-1847",NULL,"Unused","Reserved Instance",NULL,NULL,NULL,NULL,716.007552,1.5098,479.72505984,"Microsoft","INV-202409-28201","Microsoft",1068.6524160000001,2.2534,"Committed","USD",474.24,"Hours","Microsoft","Microsoft","westeurope","West Europe","/subscriptions/8a93b2c1-1234-4abc-9def-0123456789ab/resourceGroups/rg-450/providers/Microsoft.Compute/virtualMachines/vm-3074",NULL,"SQL Database","Databases","Azure SQL Database","Microsoft","HREVBP45GADRACGN","Azure SQL Database Hours",NULL,"7AY7R54V1VXVUPXZ.YDWVGA3Z","sub-4d3e","Sandbox","BillingProfile","{""team"": ""platform"", ""cost_center"": ""CC-3090""}",NULL,"westeurope-2","Usage-Based","Relational Databases",1.5098,479.72505984,2.2534,NULL,NULL
"AllocatedMethodId-9060","AllocatedResourceId-2481","AllocatedResourceName-6452","{}",730.93717872,"01ABCD-2345EF-6789GH","Helios Labs","BillingAccount","USD","2024-10-01T00:00:00Z","2024-09-01T00:00:00Z",NULL,NULL,"Usage",NULL,"Cloud Load Balancing Forwarding Rule in Belgium","2024-09-20T07:00:00Z","2024-09-20T06:00:00Z",NULL,NULL,NULL,NULL,NULL,NULL,NULL,257.4600000000,"Hours",NULL,849.9269519999999,3.3012,730.93717872,"Google","INV-202409-93040","Google",849.9269519999999,3.3012,"Dynamic","USD",257.46,"Hours","Google","Google","europe-west1","Belgium","//compute.googleapis.com/projects/Helios Labs/zones/europe-west1-a/instances/inst-2636",NULL,"Forwarding Rule","Networking","Cloud Load Balancing","Google","W14GYSMJ76CI5FT9","Cloud Load Balancing Hours",NULL,"3K2H48PPNKFG1BKU.YROQ4HI8","proj-helios-dev","helios-dev","BillingAccount","{""business_unit"": ""LisbonOps"", ""application"": ""BrightSourceCore"", ""owner"": ""a.turing""}",NULL,"asia-southeast1-c","Usage-Based","Application Networking",3.3012,730.93717872,3.3012,NULL,NULL
"AllocatedMethodId-5775","AllocatedResourceId-7171","AllocatedResourceName-1963","{}",426.115296,"8a93b2c1-1234-4abc-9def-0123456789ab","Contoso Cloud","BillingProfile","USD","2024-10-01T00:00:00Z","2024-09-01T00:00:00Z",NULL,NULL,"Usage",NULL,"Azure Functions Function App in East US","2024-09-15T16:00:00Z","2024-09-15T15:00:00Z",NULL,NULL,NULL,NULL,NULL,NULL,NULL,368.0000000000,"Executions",NULL,519.6528,1.4121,426.115296,"Microsoft","INV-202409-74883","Microsoft",702.2544,1.9083,"Other","USD",368.00,"Executions","Microsoft","Microsoft","eastus","East US","/subscriptions/8a93b2c1-1234-4abc-9def-0123456789ab/resourceGroups/rg-672/providers/Microsoft.Compute/virtualMachines/vm-4913",NULL,"Function App","Compute","Azure Functions","Microsoft","MHXIUYATD8MY1UXI","Azure Functions Executions",NULL,"7OGZA83UJSO53JSJ.CUT6HR4N","sub-4d3e","Sandbox","BillingProfile","{""business_unit"": ""ViennaAI""}",NULL,"eastus-1","Usage-Based","Serverless Compute",1.4121,426.115296,1.9083,NULL,NULL
"AllocatedMethodId-8763","AllocatedResourceId-3943","AllocatedResourceName-1859","{}",1275.12768162,"01ABCD-2345EF-6789GH","Helios Labs","BillingAccount","USD","2024-10-01T00:00:00Z","2024-09-01T00:00:00Z",NULL,NULL,"Credit",NULL,"Cloud Storage Bucket in Belgium","2024-09-30T22:00:00Z","2024-09-30T21:00:00Z",NULL,NULL,NULL,NULL,NULL,NULL,NULL,NULL,NULL,NULL,1371.105034,3.2006,1275.12768162,"Google","INV-202409-56607","Google",1558.05443,3.6370,"Standard","USD",428.39,"GiB","Google","Google","europe-west1","Belgium",NULL,NULL,NULL,"Storage","Cloud Storage","Google","B9ZV14WZZE7SSM9Z","Cloud Storage GiB",NULL,"GIUDT3KI24SJNNMA.XGJY1KDG","proj-helios-prod","helios-prod","BillingAccount",NULL,NULL,NULL,"One-Time","Object Storage",3.2006,1275.12768162,3.6370,NULL,NULL
"AllocatedMethodId-2922","AllocatedResourceId-3960","AllocatedResourceName-3948","{}",44.0153928,"123456789012","SunBird","BillingAccount","USD","2024-10-01T00:00:00Z","2024-09-01T00:00:00Z",NULL,NULL,"Usage",NULL,"Elastic Load Balancing Load Balancer in Europe (Ireland)","2024-09-19T13:00:00Z","2024-09-19T12:00:00Z",NULL,NULL,NULL,NULL,NULL,NULL,NULL,122.5100000000,"LCU-Hours",NULL,61.132490000000004,0.4990,44.0153928,"AWS","INV-202409-37192","AWS",72.783191,0.5941,"Dynamic","USD",122.51,"LCU-Hours","AWS","AWS","eu-west-1","Europe (Ireland)","arn:aws:ec2:eu-west-1:123456789012:instance/i-00c90f14ffc9",NULL,"Load Balancer","Networking","Elastic Load Balancing","AWS","F3YR2XAHHFH56OB4","Elastic Load Balancing LCU-Hours",NULL,"RGLY41TIGUE8LZBZ.9875E78H","663626350770","Zenith Apollo","BillingAccount",NULL,NULL,NULL,"Usage-Based","Application Networking",0.4990,44.0153928,0.5941,NULL,NULL
"AllocatedMethodId-3514","AllocatedResourceId-6183","AllocatedResourceName-8104","{}",116.0948664,"123456789012","SunBird","BillingAccount","USD","2024-10-01T00:00:00Z","2024-09-01T00:00:00Z",NULL,NULL,"Usage",NULL,"Elastic Load Balancing Load Balancer in Asia Pacific (Sydney)","2024-09-06T06:00:00Z","2024-09-06T05:00:00Z","Usage","cd-230775","commit-0775",NULL,"Used","Savings Plan",NULL,326.3200000000,"LCU-Hours",NULL,128.994296,0.3953,116.0948664,"AWS","INV-202409-65009","AWS",143.319744,0.4392,"Standard","USD",326.32,"LCU-Hours","AWS","AWS","ap-southeast-2","Asia Pacific (Sydney)","arn:aws:ec2:ap-southeast-2:123456789012:instance/i-0067fa6913e5",NULL,"Load Balancer","Networking","Elastic Load Balancing","AWS","7W86NGCPCMJTNI9N","Elastic Load Balancing LCU-Hours",NULL,"WRI1E9QQYKZ3FQ1J.8NERMX6K","438839167390","Zenith Eclipse","BillingAccount","{""application"": ""BrightLensMatrix"", ""environment"": ""staging"", ""business_unit"": ""LisbonOps""}",NULL,"ap-southeast-2a","Usage-Based","Application Networking",0.3953,116.0948664,0.4392,NULL,NULL
"AllocatedMethodId-9228","AllocatedResourceId-5699","AllocatedResourceName-5519","{}",387.31872256,"ocid1.tenancy.oc1..aaaa1234","Meridian OCI","Tenancy","USD","2024-10-01T00:00:00Z","2024-09-01T00:00:00Z",NULL,NULL,"Usage",NULL,"Oracle Compute Instance in Australia East (Sydney)","2024-09-04T08:00:00Z","2024-09-04T07:00:00Z",NULL,NULL,NULL,NULL,NULL,NULL,NULL,341.9900000000,"Hours",NULL,605.185504,1.7696,387.31872256,"Oracle","INV-202409-71428","Oracle",695.6076599999999,2.0340,"Standard","USD",341.99,"Hours","Oracle","Oracle","ap-sydney-1","Australia East (Sydney)","ocid1.instance.oc1.ap-sydney-1.0077815aae7d",NULL,"Instance","Compute","Oracle Compute","Oracle","GHL7T5G7WS9RGDKU","Oracle Compute Hours",NULL,"YLW89Z4IQA6JIJYR.DXP03L2W","ocid1.compartment.oc1..prod","production","Tenancy","{""environment"": ""staging""}",NULL,"uk-london-1-AD-2","Usage-Based","Virtual Machines",1.7696,387.31872256,2.0340,NULL,NULL
"AllocatedMethodId-2931","AllocatedResourceId-5752","AllocatedResourceName-5901","{}",305.133912,"ocid1.tenancy.oc1..aaaa1234","Meridian OCI","Tenancy","USD","2024-10-01T00:00:00Z","2024-09-01T00:00:00Z",NULL,NULL,"Purchase",NULL,"Oracle Load Balancer Load Balancer in Australia East (Sydney)","2024-09-14T01:00:00Z","2024-09-14T00:00:00Z",NULL,NULL,NULL,NULL,NULL,NULL,NULL,NULL,NULL,NULL,305.133912,1.5012,0,"Oracle","INV-202409-80663","Oracle",317.857988,1.5638,"Standard","USD",203.26,"Hours","Oracle","Oracle","ap-sydney-1","Australia East (Sydney)","ocid1.instance.oc1.ap-sydney-1.006106c6fd00",NULL,"Load Balancer","Networking","Oracle Load Balancer","Oracle","95A16I4568HZAMA1","Oracle Load Balancer Hours",NULL,"8WP7C2K7OLEXI6WD.15YKXHVP","ocid1.compartment.oc1..prod","production","Tenancy","{""cost_center"": ""CC-1001""}",NULL,NULL,"One-Time","Application Networking",1.5012,0,1.5638,NULL,NULL
"AllocatedMethodId-8185","AllocatedResourceId-8198","AllocatedResourceName-3651","{}",89.79444728,"ocid1.tenancy.oc1..aaaa1234","Meridian OCI","Tenancy","USD","2024-10-01T00:00:00Z","2024-09-01T00:00:00Z",NULL,NULL,"Credit",NULL,"Oracle Autonomous Database Database in UK South (London)","2024-09-01T03:00:00Z","2024-09-01T02:00:00Z",NULL,NULL,NULL,NULL,NULL,NULL,NULL,NULL,NULL,NULL,104.412148,0.9602,89.79444728,"Oracle","INV-202409-24246","Oracle",165.74150799999998,1.5242,"Dynamic","USD",108.74,"Hours","Oracle","Oracle","uk-london-1","UK South (London)",NULL,NULL,NULL,"Databases","Oracle Autonomous Database","Oracle","35DWA3VTWGAWLZWA","Oracle Autonomous Database Hours",NULL,"G15MF76J0H5AJQO4.ZXTX1L8R","ocid1.compartment.oc1..prod","production","Tenancy",NULL,NULL,NULL,"One-Time","Relational Databases",0.9602,89.79444728,1.5242,NULL,NULL
"AllocatedMethodId-4260","AllocatedResourceId-8852","AllocatedResourceName-5354","{}",57.70726942,"8a93b2c1-1234-4abc-9def-0123456789ab","Contoso Cloud","BillingProfile","USD","2024-10-01T00:00:00Z","2024-09-01T00:00:00Z",NULL,NULL,"Tax",NULL,"Tax charge in UK South","2024-09-16T08:00:00Z","2024-09-16T07:00:00Z",NULL,NULL,NULL,NULL,NULL,NULL,NULL,NULL,NULL,NULL,11.8792310000,NULL,57.70726942,"Microsoft","INV-202409-97320","Microsoft",48.9067830000,NULL,NULL,"USD",NULL,NULL,"Microsoft","Microsoft",NULL,NULL,NULL,NULL,NULL,"Other","Tax","Microsoft",NULL,NULL,NULL,NULL,"sub-9a1f","Production","BillingProfile",NULL,NULL,NULL,"One-Time","Other (Security)",NULL,57.70726942,NULL,NULL,NULL
"AllocatedMethodId-1834","AllocatedResourceId-7231","AllocatedResourceName-7673","{}",139.0940798,"ocid1.tenancy.oc1..aaaa1234","Meridian OCI","Tenancy","USD","2024-10-01T00:00:00Z","2024-09-01T00:00:00Z",NULL,NULL,"Credit",NULL,"Oracle Object Storage Bucket in UK South (London)","2024-09-22T10:00:00Z","2024-09-22T09:00:00Z",NULL,NULL,NULL,NULL,NULL,NULL,NULL,NULL,NULL,NULL,213.990892,3.2561,139.0940798,"Oracle","INV-202409-21919","Oracle",314.693648,4.7884,"Dynamic","USD",65.72,"GB","Oracle","Oracle","uk-london-1","UK South (London)",NULL,NULL,NULL,"Storage","Oracle Object Storage","Oracle","PDV1A14SS5F1PJ6L","Oracle Object Storage GB",NULL,"PRHQP1M4G6LMJOHI.ZCRMJ1BM","ocid1.compartment.oc1..dev","development","Tenancy",NULL,NULL,NULL,"One-Time","Object Storage",3.2561,139.0940798,4.7884,NULL,NULL
"AllocatedMethodId-3517","AllocatedResourceId-1717","AllocatedResourceName-3094","{}",39.7344555,"01ABCD-2345EF-6789GH","Helios Labs","BillingAccount","USD","2024-10-01T00:00:00Z","2024-09-01T00:00:00Z",NULL,NULL,"Usage",NULL,"Cloud Load Balancing Forwarding Rule in Belgium","2024-09-15T09:00:00Z","2024-09-15T08:00:00Z","Usage","cd-468075","commit-8075",NULL,"Unused","Reserved Instance",NULL,NULL,NULL,NULL,52.979274,0.2481,39.7344555,"Google","INV-202409-79934","Google",55.178736,0.2584,"Committed","USD",213.54,"Hours","Google","Google","europe-west1","Belgium","//compute.googleapis.com/projects/Helios Labs/zones/europe-west1-a/instances/inst-9875",NULL,"Forwarding Rule","Networking","Cloud Load Balancing","Google","S4RG1LQ5XVTHGA9I","Cloud Load Balancing Hours",NULL,"VXX7XPRNYFGIHCMM.2GE8VT4M","proj-helios-prod","helios-prod","BillingAccount","{""application"": ""BrightLensMatrix""}",NULL,"asia-southeast1-c","Usage-Based","Application Networking",0.2481,39.7344555,0.2584,NULL,NULL
"AllocatedMethodId-3427","AllocatedResourceId-5550","AllocatedResourceName-3178","{}",84.01563648,"8a93b2c1-1234-4abc-9def-0123456789ab","Contoso Cloud","BillingProfile","USD","2024-10-01T00:00:00Z","2024-09-01T00:00:00Z",NULL,NULL,"Usage",NULL,"Azure Kubernetes Service Cluster in Southeast Asia","2024-09-15T20:00:00Z","2024-09-15T19:00:00Z",NULL,NULL,NULL,NULL,NULL,NULL,NULL,58.7200000000,"Hours",NULL,103.723008,1.7664,84.01563648,"Microsoft","INV-202409-93835","Microsoft",128.050704,2.1807,"Other","USD",58.72,"Hours","Microsoft","Microsoft","southeastasia","Southeast Asia","/subscriptions/8a93b2c1-1234-4abc-9def-0123456789ab/resourceGroups/rg-248/providers/Microsoft.Compute/virtualMachines/vm-567",NULL,"Cluster","Compute","Azure Kubernetes Service","Microsoft","CDMZ586EK26Y9YZR","Azure Kubernetes Service Hours",NULL,"NLAKNA6367QTOSR9.HKOC8PSC","sub-4d3e","Sandbox","BillingProfile","{""cost_center"": ""CC-2042""}",NULL,NULL,"Usage-Based","Containers",1.7664,84.01563648,2.1807,NULL,NULL
"AllocatedMethodId-4077","AllocatedResourceId-2137","AllocatedResourceName-3351","{}",1311.1492716,"01ABCD-2345EF-6789GH","Helios Labs","BillingAccount","USD","2024-10-01T00:00:00Z","2024-09-01T00:00:00Z",NULL,NULL,"Usage","Correction","Compute Engine VM Instance in Belgium","2024-09-23T20:00:00Z","2024-09-23T19:00:00Z",NULL,NULL,NULL,NULL,NULL,NULL,NULL,316.3500000000,"Hours",NULL,1337.90742,4.2292,1311.1492716,"Google","INV-202409-61668","Google",1537.8089850000003,4.8611,"Standard","USD",316.35,"Hours","Google","Google","europe-west1","Belgium","//compute.googleapis.com/projects/Helios Labs/zones/europe-west1-a/instances/inst-9259",NULL,"VM Instance","Compute","Compute Engine","Google","AWORLQB8GYQ9N2OU","Compute Engine Hours",NULL,"RNZJ2O1XJ4F5L3LL.M5LSBTKL","proj-helios-prod","helios-prod","BillingAccount","{""team"": ""growth""}",NULL,"us-central1-a","Usage-Based","Virtual Machines",4.2292,1311.1492716,4.8611,NULL,NULL
"AllocatedMethodId-9057","AllocatedResourceId-3778","AllocatedResourceName-2804","{}",164.8566592,"123456789012","SunBird","BillingAccount","USD","2024-10-01T00:00:00Z","2024-09-01T00:00:00Z",NULL,NULL,"Usage",NULL,"Amazon Simple Queue Service Queue in US West (Oregon)","2024-09-28T13:00:00Z","2024-09-28T12:00:00Z","Spend","cd-502643","commit-2643",NULL,"Used","Reserved Instance",NULL,68.6500000000,"Requests",NULL,257.58853000000005,3.7522,164.8566592,"AWS","INV-202409-24733","AWS",257.58853000000005,3.7522,"Committed","USD",68.65,"Requests","AWS","AWS","us-west-2","US West (Oregon)","arn:aws:ec2:us-west-2:123456789012:instance/i-001ae1f8ba8f",NULL,"Queue","Integration","Amazon Simple Queue Service","AWS","AG8VFMI42KTV4JPD","Amazon Simple Queue Service Requests",NULL,"8R8HBCG8SG60JAOB.O1YJWSOY","438839167390","Zenith Eclipse","BillingAccount","{""application"": ""BrightLensMatrix"", ""environment"": ""staging"", ""cost_center"": ""CC-1001""}",NULL,NULL,"Usage-Based","Messaging",3.7522,164.8566592,3.7522,NULL,NULL
"AllocatedMethodId-2369","AllocatedResourceId-7911","AllocatedResourceName-9633","{}",1141.51159584,"8a93b2c1-1234-4abc-9def-0123456789ab","Contoso Cloud","BillingProfile","USD","2024-10-01T00:00:00Z","2024-09-01T00:00:00Z",NULL,NULL,"Usage",NULL,"Virtual Machines Virtual Machine in Southeast Asia","2024-09-04T07:00:00Z","2024-09-04T06:00:00Z",NULL,NULL,NULL,NULL,NULL,NULL,NULL,461.6600000000,"Hours",NULL,1358.942376,2.9436,1141.51159584,"Microsoft","INV-202409-60413","Microsoft",2123.3590040000004,4.5994,"Standard","USD",461.66,"Hours","Microsoft","Microsoft","southeastasia","Southeast Asia","/subscriptions/8a93b2c1-1234-4abc-9def-0123456789ab/resourceGroups/rg-793/providers/Microsoft.Compute/virtualMachines/vm-6447",NULL,"Virtual Machine","Compute","Virtual Machines","Microsoft","XQEAJJUJY24EH1RJ","Virtual Machines Hours",NULL,"FUILYWU5140VIPY0.9588588O","sub-2b7c","Staging","BillingProfile","{""environment"": ""staging"", ""team"": ""growth"", ""owner"": ""k.johnson""}",NULL,NULL,"Usage-Based","Virtual Machines",2.9436,1141.51159584,4.5994,NULL,NULL
"AllocatedMethodId-1526","AllocatedResourceId-3843","AllocatedResourceName-9245","{}",261.08156928,"8a93b2c1-1234-4abc-9def-0123456789ab","Contoso Cloud","BillingProfile","USD","2024-10-01T00:00:00Z","2024-09-01T00:00:00Z",NULL,NULL,"Usage",NULL,"Azure Load Balancer Load Balancer in East US","2024-09-16T11:00:00Z","2024-09-16T10:00:00Z",NULL,NULL,NULL,NULL,NULL,NULL,NULL,181.2100000000,"Hours",NULL,407.939952,2.2512,261.08156928,"Microsoft","INV-202409-94207","Microsoft",429.413337,2.3697,"Standard","USD",181.21,"Hours","Microsoft","Microsoft","eastus","East US","/subscriptions/8a93b2c1-1234-4abc-9def-0123456789ab/resourceGroups/rg-854/providers/Microsoft.Compute/virtualMachines/vm-1750",NULL,"Load Balancer","Networking","Azure Load Balancer","Microsoft","PNODIHJYB1XDGE4K","Azure Load Balancer Hours",NULL,"BJXJFPEA0JL4I7T4.0V2ASHJD","sub-9a1f","Production","BillingProfile","{""business_unit"": ""LisbonOps""}",NULL,"uksouth-1","Usage-Based","Application Networking",2.2512,261.08156928,2.3697,NULL,NULL
"AllocatedMethodId-1138","AllocatedResourceId-6843","AllocatedResourceName-5626","{}",639.38424088,"8a93b2c1-1234-4abc-9def-0123456789ab","Contoso Cloud","BillingProfile","USD","2024-10-01T00:00:00Z","2024-09-01T00:00:00Z",NULL,NULL,"Usage",NULL,"Virtual Machines Virtual Machine in UK South","2024-09-30T01:00:00Z","2024-09-30T00:00:00Z",NULL,NULL,NULL,NULL,NULL,NULL,NULL,459.5800000000,"Hours",NULL,830.369144,1.8068,639.38424088,"Microsoft","INV-202409-50449","Microsoft",1153.2700519999999,2.5094,"Standard","USD",459.58,"Hours","Microsoft","Microsoft","uksouth","UK South","/subscriptions/8a93b2c1-1234-4abc-9def-0123456789ab/resourceGroups/rg-269/providers/Microsoft.Compute/virtualMachines/vm-1669",NULL,"Virtual Machine","Compute","Virtual Machines","Microsoft","E34UZYKDX1MRGGEX","Virtual Machines Hours",NULL,"VBPSK8GENATM9MCP.RFC4CDUF","sub-2b7c","Staging","BillingProfile","{""team"": ""infra"", ""environment"": ""prod"", ""cost_center"": ""CC-1001""}",NULL,"uksouth-1","Usage-Based","Virtual Machines",1.8068,639.38424088,2.5094,NULL,NULL
"AllocatedMethodId-6952","AllocatedResourceId-6789","AllocatedResourceName-2461","{}",129.3561927,"ocid1.tenancy.oc1..aaaa1234","Meridian OCI","Tenancy","USD","2024-10-01T00:00:00Z","2024-09-01T00:00:00Z",NULL,NULL,"Credit",NULL,"Oracle Load Balancer Load Balancer in US East (Ashburn)","2024-09-17T17:00:00Z","2024-09-17T16:00:00Z","Spend","cd-946719","commit-6719",NULL,"Unused","Reserved Instance",NULL,NULL,NULL,NULL,143.729103,0.4091,129.3561927,"Oracle","INV-202409-85564","Oracle",171.09770999999998,0.4870,"Standard","USD",351.33,"Hours","Oracle","Oracle","us-ashburn-1","US East (Ashburn)",NULL,NULL,NULL,"Networking","Oracle Load Balancer","Oracle","J3FFONJK677V2IVS","Oracle Load Balancer Hours",NULL,"X1CYPNEJ5GAJT9F5.G3UKSKER","ocid1.compartment.oc1..dev","development","Tenancy","{""business_unit"": ""MarseilleSRE""}",NULL,NULL,"One-Time","Application Networking",0.4091,129.3561927,0.4870,NULL,NULL
"AllocatedMethodId-3384","AllocatedResourceId-4497","AllocatedResourceName-6245","{}",180.0602664,"123456789012","SunBird","BillingAccount","USD","2024-10-01T00:00:00Z","2024-09-01T00:00:00Z",NULL,NULL,"Usage",NULL,"Amazon Simple Storage Service Bucket in Asia Pacific (Sydney)","2024-09-21T05:00:00Z","2024-09-21T04:00:00Z","Usage","cd-400548","commit-0548",NULL,"Used","Savings Plan",NULL,325.1500000000,"GB",NULL,216.94008,0.6672,180.0602664,"AWS","INV-202409-71599","AWS",228.352845,0.7023,"Dynamic","USD",325.15,"GB","AWS","AWS","ap-southeast-2","Asia Pacific (Sydney)","arn:aws:ec2:ap-southeast-2:123456789012:instance/i-0025ed4b5c31",NULL,"Bucket","Storage","Amazon Simple Storage Service","AWS","P9AJGSYKZEOY3FW3","Amazon Simple Storage Service GB",NULL,"383GFLGZ1MZVEUV5.N4HR3C8J","438839167390","Zenith Eclipse","BillingAccount","{""cost_center"": ""CC-1001"", ""business_unit"": ""LisbonOps"", ""owner"": ""a.turing""}",NULL,"us-east-1a","Usage-Based","Object Storage",0.6672,180.0602664,0.7023,NULL,NULL
"AllocatedMethodId-8361","AllocatedResourceId-2596","AllocatedResourceName-1597","{}",63.32629515,"123456789012","SunBird","BillingAccount","USD","2024-10-01T00:00:00Z","2024-09-01T00:00:00Z",NULL,NULL,"Usage",NULL,"Elastic Load Balancing Load Balancer in Asia Pacific (Sydney)","2024-09-16T11:00:00Z","2024-09-16T10:00:00Z",NULL,NULL,NULL,NULL,NULL,NULL,NULL,27.0500000000,"LCU-Hours",NULL,72.78884500000001,2.6909,63.32629515,"AWS","INV-202409-26478","AWS",117.399705,4.3401,"Standard","USD",27.05,"LCU-Hours","AWS","AWS","ap-southeast-2","Asia Pacific (Sydney)","arn:aws:ec2:ap-southeast-2:123456789012:instance/i-008afeca15ba",NULL,"Load Balancer","Networking","Elastic Load Balancing","AWS","07NQLDF1VTKMW044","Elastic Load Balancing LCU-Hours",NULL,"8K1WYA9MEJUUAJ3J.5UH0Q7A2","517389287820","Atlas Nimbus","BillingAccount","{""environment"": ""prod""}",NULL,"us-east-1a","Usage-Based","Application Networking",2.6909,63.32629515,4.3401,NULL,NULL
"AllocatedMethodId-4651","AllocatedResourceId-8448","AllocatedResourceName-7243","{}",201.67537302,"8a93b2c1-1234-4abc-9def-0123456789ab","Contoso Cloud","BillingProfile","USD","2024-10-01T00:00:00Z","2024-09-01T00:00:00Z",NULL,NULL,"Usage",NULL,"Azure Load Balancer Load Balancer in West Europe","2024-09-30T18:00:00Z","2024-09-30T17:00:00Z","Spend","cd-704856","commit-4856",NULL,"Unused","Savings Plan",NULL,NULL,NULL,NULL,203.71249799999998,1.0791,201.67537302,"Microsoft","INV-202409-37770","Microsoft",328.57159,1.7405,"Committed","USD",188.78,"Hours","Microsoft","Microsoft","westeurope","West Europe","/subscriptions/8a93b2c1-1234-4abc-9def-0123456789ab/resourceGroups/rg-382/providers/Microsoft.Compute/virtualMachines/vm-4841",NULL,"Load Balancer","Networking","Azure Load Balancer","Microsoft","H5300WW817VHL31X","Azure Load Balancer Hours",NULL,"L9K81YS1SGFGFB0G.58G26CS0","sub-2b7c","Staging","BillingProfile",NULL,NULL,NULL,"Usage-Based","Application Networking",1.0791,201.67537302,1.7405,NULL,NULL
"AllocatedMethodId-7265","AllocatedResourceId-1414","AllocatedResourceName-3138","{}",978.108852,"123456789012","SunBird","BillingAccount","USD","2024-10-01T00:00:00Z","2024-09-01T00:00:00Z",NULL,NULL,"Usage",NULL,"Amazon Simple Storage Service Bucket in Asia Pacific (Sydney)","2024-09-16T00:00:00Z","2024-09-15T23:00:00Z",NULL,NULL,NULL,NULL,NULL,NULL,NULL,351.9200000000,"GB",NULL,1304.145136,3.7058,978.108852,"AWS","INV-202409-20324","AWS",1304.145136,3.7058,"Other","USD",351.92,"GB","AWS","AWS","ap-southeast-2","Asia Pacific (Sydney)","arn:aws:ec2:ap-southeast-2:123456789012:instance/i-00e16fba8353",NULL,"Bucket","Storage","Amazon Simple Storage Service","AWS","X7UVK1P9ZMZD1IYL","Amazon Simple Storage Service GB",NULL,"ZU7K1OGI6HZQ9KUN.FFB1AJB8","517389287820","Atlas Nimbus","BillingAccount","{""business_unit"": ""MarseilleSRE"", ""owner"": ""a.lovelace"", ""team"": ""infra""}",NULL,"us-east-1a","Usage-Based","Object Storage",3.7058,978.108852,3.7058,NULL,NULL
"AllocatedMethodId-6978","AllocatedResourceId-2880","AllocatedResourceName-4554","{}",778.31848875,"ocid1.tenancy.oc1..aaaa1234","Meridian OCI","Tenancy","USD","2024-10-01T00:00:00Z","2024-09-01T00:00:00Z",NULL,NULL,"Usage",NULL,"Oracle Autonomous Database Database in US East (Ashburn)","2024-09-28T21:00:00Z","2024-09-28T20:00:00Z","Spend","cd-373132","commit-3132",NULL,"Used","Savings Plan",NULL,420.2300000000,"Hours",NULL,1037.757985,2.4695,778.31848875,"Oracle","INV-202409-38351","Oracle",1526.1072680000002,3.6316,"Committed","USD",420.23,"Hours","Oracle","Oracle","us-ashburn-1","US East (Ashburn)","ocid1.instance.oc1.us-ashburn-1.002e76b485e2",NULL,"Database","Databases","Oracle Autonomous Database","Oracle","E5XNZG5B0E5EN0YU","Oracle Autonomous Database Hours",NULL,"2KLTALCHVW48AK7Q.HMB8B76J","ocid1.compartment.oc1..prod","production","Tenancy","{""application"": ""BrightLensMatrix"", ""cost_center"": ""CC-2042"", ""owner"": ""a.lovelace""}",NULL,"uk-london-1-AD-2","Usage-Based","Relational Databases",2.4695,778.31848875,3.6316,NULL,NULL
"AllocatedMethodId-7089","AllocatedResourceId-7094","AllocatedResourceName-3376","{}",147.8150148,"123456789012","SunBird","BillingAccount","USD","2024-10-01T00:00:00Z","2024-09-01T00:00:00Z",NULL,NULL,"Credit",NULL,"Amazon Relational Database Service Database Instance in US West (Oregon)","2024-09-04T14:00:00Z","2024-09-04T13:00:00Z",NULL,NULL,NULL,NULL,NULL,NULL,NULL,NULL,NULL,NULL,199.75002,1.4929,147.8150148,"AWS","INV-202409-96108","AWS",322.17702,2.4079,"Standard","USD",133.80,"Hours","AWS","AWS","us-west-2","US West (Oregon)",NULL,NULL,NULL,"Databases","Amazon Relational Database Service","AWS","MRZGTKN5121RUGY1","Amazon Relational Database Service Hours",NULL,"MWXE2KC6Q0S7WZBH.LU1LWPEN","517389287820","Atlas Nimbus","BillingAccount","{""team"": ""payments"", ""owner"": ""k.johnson"", ""cost_center"": ""CC-1001""}",NULL,NULL,"One-Time","Relational Databases",1.4929,147.8150148,2.4079,NULL,NULL
"AllocatedMethodId-1771","AllocatedResourceId-7444","AllocatedResourceName-5889","{}",485.56259984,"01ABCD-2345EF-6789GH","Helios Labs","BillingAccount","USD","2024-10-01T00:00:00Z","2024-09-01T00:00:00Z",NULL,NULL,"Usage",NULL,"Compute Engine VM Instance in Iowa","2024-09-30T09:00:00Z","2024-09-30T08:00:00Z",NULL,NULL,NULL,NULL,NULL,NULL,NULL,232.6900000000,"Hours",NULL,592.149512,2.5448,485.56259984,"Google","INV-202409-90258","Google",925.221978,3.9762,"Standard","USD",232.69,"Hours","Google","Google","us-central1","Iowa","//compute.googleapis.com/projects/Helios Labs/zones/us-central1-a/instances/inst-7455",NULL,"VM Instance","Compute","Compute Engine","Google","D55CR0HH2KUYPBSB","Compute Engine Hours",NULL,"A3SIZC87CVBE4G0T.RUWZF9U5","proj-helios-dev","helios-dev","BillingAccount","{""environment"": ""prod"", ""application"": ""NimbusAPI"", ""business_unit"": ""LisbonOps""}",NULL,"europe-west1-b","Usage-Based","Virtual Machines",2.5448,485.56259984,3.9762,NULL,NULL
"AllocatedMethodId-2231","AllocatedResourceId-9103","AllocatedResourceName-1987","{}",0.873445,"ocid1.tenancy.oc1..aaaa1234","Meridian OCI","Tenancy","USD","2024-10-01T00:00:00Z","2024-09-01T00:00:00Z",NULL,NULL,"Usage",NULL,"Oracle Functions Function in Australia East (Sydney)","2024-09-16T23:00:00Z","2024-09-16T22:00:00Z",NULL,NULL,NULL,NULL,NULL,NULL,NULL,23.9300000000,"Invocations",NULL,1.1965000000000001,0.0500,0.873445,"Oracle","INV-202409-20225","Oracle",1.246753,0.0521,"Standard","USD",23.93,"Invocations","Oracle","Oracle","ap-sydney-1","Australia East (Sydney)","ocid1.instance.oc1.ap-sydney-1.007618689e75",NULL,"Function","Compute","Oracle Functions","Oracle","8ADQCHDTEQVYRKI3","Oracle Functions Invocations",NULL,"HIUJ02H77P45RU4O.FQSFW9PN","ocid1.compartment.oc1..prod","production","Tenancy","{""application"": ""BrightSourceCore""}",NULL,NULL,"Usage-Based","Serverless Compute",0.0500,0.873445,0.0521,NULL,NULL
"AllocatedMethodId-1805","AllocatedResourceId-7267","AllocatedResourceName-7923","{}",228.78047496,"8a93b2c1-1234-4abc-9def-0123456789ab","Contoso Cloud","BillingProfile","USD","2024-10-01T00:00:00Z","2024-09-01T00:00:00Z",NULL,NULL,"Usage",NULL,"Virtual Machines Virtual Machine in West Europe","2024-09-17T11:00:00Z","2024-09-17T10:00:00Z",NULL,NULL,NULL,NULL,NULL,NULL,NULL,104.3400000000,"Hours",NULL,243.38348399999998,2.3326,228.78047496,"Microsoft","INV-202409-22820","Microsoft",308.084718,2.9527,"Standard","USD",104.34,"Hours","Microsoft","Microsoft","westeurope","West Europe","/subscriptions/8a93b2c1-1234-4abc-9def-0123456789ab/resourceGroups/rg-722/providers/Microsoft.Compute/virtualMachines/vm-5940",NULL,"Virtual Machine","Compute","Virtual Machines","Microsoft","MZMER1KTGJ3GHPB3","Virtual Machines Hours",NULL,"LRB472WQH9FW1NJZ.616VD2RX","sub-2b7c","Staging","BillingProfile","{""owner"": ""a.lovelace"", ""environment"": ""dev""}",NULL,"westeurope-2","Usage-Based","Virtual Machines",2.3326,228.78047496,2.9527,NULL,NULL
"AllocatedMethodId-1016","AllocatedResourceId-9000","AllocatedResourceName-5055","{}",335.91729516,"8a93b2c1-1234-4abc-9def-0123456789ab","Contoso Cloud","BillingProfile","USD","2024-10-01T00:00:00Z","2024-09-01T00:00:00Z",NULL,NULL,"Usage",NULL,"Azure SQL Database SQL Database in West Europe","2024-09-08T13:00:00Z","2024-09-08T12:00:00Z","Spend","cd-216478","commit-6478",NULL,"Used","Reserved Instance",NULL,246.8100000000,"Hours",NULL,390.60150600000003,1.5826,335.91729516,"Microsoft","INV-202409-86435","Microsoft",535.059399,2.1679,"Committed","USD",246.81,"Hours","Microsoft","Microsoft","westeurope","West Europe","/subscriptions/8a93b2c1-1234-4abc-9def-0123456789ab/resourceGroups/rg-518/providers/Microsoft.Compute/virtualMachines/vm-4748",NULL,"SQL Database","Databases","Azure SQL Database","Microsoft","ZZZGOR5NKNWSSAGL","Azure SQL Database Hours",NULL,"64TPKUEKLV3JA41V.BLQEKAW4","sub-2b7c","Staging","BillingProfile","{""business_unit"": ""ViennaAI"", ""environment"": ""staging"", ""application"": ""BrightSourceCore""}",NULL,NULL,"Usage-Based","Relational Databases",1.5826,335.91729516,2.1679,NULL,NULL
"AllocatedMethodId-3014","AllocatedResourceId-8101","AllocatedResourceName-8455","{}",206.54009599999998,"ocid1.tenancy.oc1..aaaa1234","Meridian OCI","Tenancy","USD","2024-10-01T00:00:00Z","2024-09-01T00:00:00Z",NULL,NULL,"Purchase",NULL,"Oracle Compute Instance in US East (Ashburn)","2024-09-25T05:00:00Z","2024-09-25T04:00:00Z",NULL,NULL,NULL,NULL,NULL,NULL,NULL,NULL,NULL,NULL,206.54009599999998,0.7864,0,"Oracle","INV-202409-54993","Oracle",219.72462399999998,0.8366,"Standard","USD",262.64,"Hours","Oracle","Oracle","us-ashburn-1","US East (Ashburn)","ocid1.instance.oc1.us-ashburn-1.008ca5b8f8d5",NULL,"Instance","Compute","Oracle Compute","Oracle","AWTV74HR7BJ0OJW5","Oracle Compute Hours",NULL,"BP1XNFMYGR827LQW.VZ0RTMC7","ocid1.compartment.oc1..prod","production","Tenancy","{""team"": ""growth"", ""business_unit"": ""LisbonOps""}",NULL,NULL,"Recurring","Virtual Machines",0.7864,0,0.8366,NULL,NULL
"AllocatedMethodId-3223","AllocatedResourceId-7820","AllocatedResourceName-4268","{}",272.31,"01ABCD-2345EF-6789GH","Helios Labs","BillingAccount","USD","2024-10-01T00:00:00Z","2024-09-01T00:00:00Z",NULL,NULL,"Purchase",NULL,"Cloud SQL Database Instance in Iowa","2024-09-22T07:00:00Z","2024-09-22T06:00:00Z",NULL,NULL,NULL,NULL,NULL,NULL,NULL,NULL,NULL,NULL,272.31,3.6250,0,"Google","INV-202409-42770","Google",363.085008,4.8334,"Other","USD",75.12,"Hours","Google","Google","us-central1","Iowa","//compute.googleapis.com/projects/Helios Labs/zones/us-central1-a/instances/inst-6993",NULL,"Database Instance","Databases","Cloud SQL","Google","HD5TA1WADQIWS69J","Cloud SQL Hours",NULL,"FRJM1FSOC4WPY1ZG.QTTL1UIM","proj-helios-prod","helios-prod","BillingAccount","{""application"": ""BrightLensMatrix"", ""team"": ""payments""}",NULL,NULL,"Recurring","Relational Databases",3.6250,0,4.8334,NULL,NULL
"AllocatedMethodId-3234","AllocatedResourceId-4662","AllocatedResourceName-3535","{}",683.3624490000001,"01ABCD-2345EF-6789GH","Helios Labs","BillingAccount","USD","2024-10-01T00:00:00Z","2024-09-01T00:00:00Z",NULL,NULL,"Purchase",NULL,"Cloud SQL Database Instance in Iowa","2024-09-25T05:00:00Z","2024-09-25T04:00:00Z",NULL,NULL,NULL,NULL,NULL,NULL,NULL,NULL,NULL,NULL,683.3624490000001,3.6351,0,"Google","INV-202409-74920","Google",823.321004,4.3796,"Standard","USD",187.99,"Hours","Google","Google","us-central1","Iowa","//compute.googleapis.com/projects/Helios Labs/zones/us-central1-a/instances/inst-4809",NULL,"Database Instance","Databases","Cloud SQL","Google","3B9B0FITP6XI8SDZ","Cloud SQL Hours",NULL,"IZA373DFDRGVGS4V.DH6DN7J9","proj-helios-dev","helios-dev","BillingAccount","{""owner"": ""k.johnson"", ""business_unit"": ""LisbonOps"", ""team"": ""infra""}",NULL,NULL,"Recurring","Relational Databases",3.6351,0,4.3796,NULL,NULL
"AllocatedMethodId-7380","AllocatedResourceId-1180","AllocatedResourceName-5960","{}",13.52918052,"01ABCD-2345EF-6789GH","Helios Labs","BillingAccount","USD","2024-10-01T00:00:00Z","2024-09-01T00:00:00Z",NULL,NULL,"Usage",NULL,"Cloud Load Balancing Forwarding Rule in Singapore","2024-09-21T17:00:00Z","2024-09-21T16:00:00Z",NULL,NULL,NULL,NULL,NULL,NULL,NULL,33.5800000000,"Hours",NULL,16.702692,0.4974,13.52918052,"Google","INV-202409-83952","Google",25.695415999999998,0.7652,"Standard","USD",33.58,"Hours","Google","Google","asia-southeast1","Singapore","//compute.googleapis.com/projects/Helios Labs/zones/asia-southeast1-a/instances/inst-9889",NULL,"Forwarding Rule","Networking","Cloud Load Balancing","Google","DHTZ4LP8Q2H1JBLJ","Cloud Load Balancing Hours",NULL,"PK68M44SSG5XRZYG.301JBS3H","proj-helios-prod","helios-prod","BillingAccount",NULL,NULL,"asia-southeast1-c","Usage-Based","Application Networking",0.4974,13.52918052,0.7652,NULL,NULL
"AllocatedMethodId-1482","AllocatedResourceId-3851","AllocatedResourceName-6261","{}",7.883792,"123456789012","SunBird","BillingAccount","USD","2024-10-01T00:00:00Z","2024-09-01T00:00:00Z",NULL,NULL,"Usage",NULL,"AWS Lambda Function in Asia Pacific (Sydney)","2024-09-16T04:00:00Z","2024-09-16T03:00:00Z",NULL,NULL,NULL,NULL,NULL,NULL,NULL,229.1800000000,"Requests",NULL,9.85474,0.0430,7.883792,"AWS","INV-202409-59063","AWS",10.473526,0.0457,"Other","USD",229.18,"Requests","AWS","AWS","ap-southeast-2","Asia Pacific (Sydney)","arn:aws:ec2:ap-southeast-2:123456789012:instance/i-006dd8a15bae",NULL,"Function","Compute","AWS Lambda","AWS","3IRTZE4Y4L67QIUW","AWS Lambda Requests",NULL,"ZECBKOGG54UOPGLY.0EDQHCE2","517389287820","Atlas Nimbus","BillingAccount","{""cost_center"": ""CC-1001"", ""team"": ""payments"", ""application"": ""AtlasPortal""}",NULL,NULL,"Usage-Based","Serverless Compute",0.0430,7.883792,0.0457,NULL,NULL
"AllocatedMethodId-2225","AllocatedResourceId-9755","AllocatedResourceName-4955","{}",175.441762,"123456789012","SunBird","BillingAccount","USD","2024-10-01T00:00:00Z","2024-09-01T00:00:00Z",NULL,NULL,"Purchase",NULL,"AWS Lambda Function in Asia Pacific (Sydney)","2024-09-06T17:00:00Z","2024-09-06T16:00:00Z",NULL,NULL,NULL,NULL,NULL,NULL,NULL,NULL,NULL,NULL,175.441762,1.7926,0,"AWS","INV-202409-47757","AWS",240.329572,2.4556,"Standard","USD",97.87,"Requests","AWS","AWS","ap-southeast-2","Asia Pacific (Sydney)","arn:aws:ec2:ap-southeast-2:123456789012:instance/i-00192d25a05f",NULL,"Function","Compute","AWS Lambda","AWS","X08EVL75MN46WW9I","AWS Lambda Requests",NULL,"E21YEFI7TGH5OD8V.BOSQYWEK","438839167390","Zenith Eclipse","BillingAccount","{""environment"": ""prod"", ""application"": ""BrightSourceCore"", ""cost_center"": ""CC-1001""}",NULL,NULL,"One-Time","Serverless Compute",1.7926,0,2.4556,NULL,NULL
"AllocatedMethodId-2893","AllocatedResourceId-8175","AllocatedResourceName-2933","{}",29.7616144,"01ABCD-2345EF-6789GH","Helios Labs","BillingAccount","USD","2024-10-01T00:00:00Z","2024-09-01T00:00:00Z",NULL,NULL,"Usage",NULL,"BigQuery Dataset in Iowa","2024-09-25T21:00:00Z","2024-09-25T20:00:00Z",NULL,NULL,NULL,NULL,NULL,NULL,NULL,326.6200000000,"GiB",NULL,43.76708,0.1340,29.7616144,"Google","INV-202409-28057","Google",52.74913,0.1615,"Standard","USD",326.62,"GiB","Google","Google","us-central1","Iowa","//compute.googleapis.com/projects/Helios Labs/zones/us-central1-a/instances/inst-2526",NULL,"Dataset","Analytics","BigQuery","Google","DP5ECWE0F94IRCGC","BigQuery GiB",NULL,"56OW14TOBDBM8YB9.4DYYI119","proj-helios-prod","helios-prod","BillingAccount",NULL,NULL,"asia-southeast1-c","Usage-Based","Data Warehouses",0.1340,29.7616144,0.1615,NULL,NULL
"AllocatedMethodId-9535","AllocatedResourceId-4777","AllocatedResourceName-5996","{}",224.617392,"01ABCD-2345EF-6789GH","Helios Labs","BillingAccount","USD","2024-10-01T00:00:00Z","2024-09-01T00:00:00Z",NULL,NULL,"Usage",NULL,"Cloud SQL Database Instance in Belgium","2024-09-19T16:00:00Z","2024-09-19T15:00:00Z",NULL,NULL,NULL,NULL,NULL,NULL,NULL,294.3100000000,"Hours",NULL,233.97645,0.7950,224.617392,"Google","INV-202409-27974","Google",334.247867,1.1357,"Standard","USD",294.31,"Hours","Google","Google","europe-west1","Belgium","//compute.googleapis.com/projects/Helios Labs/zones/europe-west1-a/instances/inst-4263",NULL,"Database Instance","Databases","Cloud SQL","Google","I2LSCUWPSIZ4HEEQ","Cloud SQL Hours",NULL,"8N5WO2TX9SP7RU86.GDW05RFN","proj-helios-dev","helios-dev","BillingAccount","{""owner"": ""g.hopper""}",NULL,NULL,"Usage-Based","Relational Databases",0.7950,224.617392,1.1357,NULL,NULL
"AllocatedMethodId-5846","AllocatedResourceId-6530","AllocatedResourceName-7465","{}",318.1221126,"8a93b2c1-1234-4abc-9def-0123456789ab","Contoso Cloud","BillingProfile","USD","2024-10-01T00:00:00Z","2024-09-01T00:00:00Z",NULL,NULL,"Usage",NULL,"Virtual Machines Virtual Machine in Southeast Asia","2024-09-07T02:00:00Z","2024-09-07T01:00:00Z",NULL,NULL,NULL,NULL,NULL,NULL,NULL,220.1400000000,"Hours",NULL,521.51166,2.3690,318.1221126,"Microsoft","INV-202409-81146","Microsoft",841.15494,3.8210,"Other","USD",220.14,"Hours","Microsoft","Microsoft","southeastasia","Southeast Asia","/subscriptions/8a93b2c1-1234-4abc-9def-0123456789ab/resourceGroups/rg-526/providers/Microsoft.Compute/virtualMachines/vm-4738",NULL,"Virtual Machine","Compute","Virtual Machines","Microsoft","CONYL18DTC8WBVQN","Virtual Machines Hours",NULL,"BV11DG9YS8317QKY.3PIARRFP","sub-4d3e","Sandbox","BillingProfile","{""team"": ""platform"", ""business_unit"": ""OsloData"", ""application"": ""NimbusAPI""}",NULL,"westeurope-2","Usage-Based","Virtual Machines",2.3690,318.1221126,3.8210,NULL,NULL
"AllocatedMethodId-4845","AllocatedResourceId-6729","AllocatedResourceName-2788","{}",1170.01544,"123456789012","SunBird","BillingAccount","USD","2024-10-01T00:00:00Z","2024-09-01T00:00:00Z",NULL,NULL,"Purchase",NULL,"Elastic Load Balancing Load Balancer in Europe (Ireland)","2024-09-12T12:00:00Z","2024-09-12T11:00:00Z",NULL,NULL,NULL,NULL,NULL,NULL,NULL,NULL,NULL,NULL,1170.01544,2.8880,0,"AWS","INV-202409-15863","AWS",1231.5952,3.0400,"Other","USD",405.13,"LCU-Hours","AWS","AWS","eu-west-1","Europe (Ireland)","arn:aws:ec2:eu-west-1:123456789012:instance/i-0019b914cd05",NULL,"Load Balancer","Networking","Elastic Load Balancing","AWS","3CW49N0DFR9UE2LQ","Elastic Load Balancing LCU-Hours",NULL,"RQ5IOLJDOHCL62UC.9ODQQBW8","438839167390","Zenith Eclipse","BillingAccount","{""team"": ""infra""}",NULL,NULL,"One-Time","Application Networking",2.8880,0,3.0400,NULL,NULL
"AllocatedMethodId-4982","AllocatedResourceId-6930","AllocatedResourceName-4782","{}",543.75238008,"123456789012","SunBird","BillingAccount","USD","2024-10-01T00:00:00Z","2024-09-01T00:00:00Z",NULL,NULL,"Usage",NULL,"Elastic Load Balancing Load Balancer in Asia Pacific (Sydney)","2024-09-22T20:00:00Z","2024-09-22T19:00:00Z",NULL,NULL,NULL,NULL,NULL,NULL,NULL,285.1900000000,"LCU-Hours",NULL,863.099016,3.0264,543.75238008,"AWS","INV-202409-53081","AWS",1182.312183,4.1457,"Standard","USD",285.19,"LCU-Hours","AWS","AWS","ap-southeast-2","Asia Pacific (Sydney)","arn:aws:ec2:ap-southeast-2:123456789012:instance/i-00be2e32673b",NULL,"Load Balancer","Networking","Elastic Load Balancing","AWS","X4SBKXCSJBGNU66W","Elastic Load Balancing LCU-Hours",NULL,"NYCJYFEO6908H7D4.772URMSP","517389287820","Atlas Nimbus","BillingAccount","{""business_unit"": ""OsloData""}",NULL,"ap-southeast-2a","Usage-Based","Application Networking",3.0264,543.75238008,4.1457,NULL,NULL
"AllocatedMethodId-6518","AllocatedResourceId-6515","AllocatedResourceName-2765","{}",247.134272,"ocid1.tenancy.oc1..aaaa1234","Meridian OCI","Tenancy","USD","2024-10-01T00:00:00Z","2024-09-01T00:00:00Z",NULL,NULL,"Usage",NULL,"Oracle Autonomous Database Database in Australia East (Sydney)","2024-09-30T14:00:00Z","2024-09-30T13:00:00Z",NULL,NULL,NULL,NULL,NULL,NULL,NULL,180.9500000000,"Hours",NULL,254.77759999999998,1.4080,247.134272,"Oracle","INV-202409-25601","Oracle",318.472,1.7600,"Dynamic","USD",180.95,"Hours","Oracle","Oracle","ap-sydney-1","Australia East (Sydney)","ocid1.instance.oc1.ap-sydney-1.00c3b0d085c4",NULL,"Database","Databases","Oracle Autonomous Database","Oracle","IQSVUHF006J5ML3A","Oracle Autonomous Database Hours",NULL,"KH0Q94GIC1BKEI67.Y1WIZ9PS","ocid1.compartment.oc1..prod","production","Tenancy","{""team"": ""payments"", ""environment"": ""dev""}",NULL,NULL,"Usage-Based","Relational Databases",1.4080,247.134272,1.7600,NULL,NULL
"AllocatedMethodId-2572","AllocatedResourceId-4388","AllocatedResourceName-9334","{}",327.82029500000004,"123456789012","SunBird","BillingAccount","USD","2024-10-01T00:00:00Z","2024-09-01T00:00:00Z",NULL,NULL,"Purchase",NULL,"Amazon Elastic Compute Cloud Virtual Machine in Europe (Ireland)","2024-09-18T11:00:00Z","2024-09-18T10:00:00Z",NULL,NULL,NULL,NULL,NULL,NULL,NULL,NULL,NULL,NULL,327.82029500000004,2.2663,0,"AWS","INV-202409-28481","AWS",345.07704,2.3856,"Dynamic","USD",144.65,"Hours","AWS","AWS","eu-west-1","Europe (Ireland)","arn:aws:ec2:eu-west-1:123456789012:instance/i-0044b8be259d",NULL,"Virtual Machine","Compute","Amazon Elastic Compute Cloud","AWS","6RGOT5VD7761SUYU","Amazon Elastic Compute Cloud Hours",NULL,"LJCN17RUGWSKHSR5.2OKSQGOR","438839167390","Zenith Eclipse","BillingAccount","{""application"": ""AtlasPortal"", ""environment"": ""qa"", ""owner"": ""a.turing""}",NULL,NULL,"Recurring","Virtual Machines",2.2663,0,2.3856,NULL,NULL
"AllocatedMethodId-9138","AllocatedResourceId-5630","AllocatedResourceName-3159","{}",124.32478828,"8a93b2c1-1234-4abc-9def-0123456789ab","Contoso Cloud","BillingProfile","USD","2024-10-01T00:00:00Z","2024-09-01T00:00:00Z",NULL,NULL,"Usage","Correction","Virtual Machines Virtual Machine in East US","2024-09-23T23:00:00Z","2024-09-23T22:00:00Z",NULL,NULL,NULL,NULL,NULL,NULL,NULL,184.7800000000,"Hours",NULL,161.460764,0.8738,124.32478828,"Microsoft","INV-202409-34524","Microsoft",260.410454,1.4093,"Standard","USD",184.78,"Hours","Microsoft","Microsoft","eastus","East US","/subscriptions/8a93b2c1-1234-4abc-9def-0123456789ab/resourceGroups/rg-493/providers/Microsoft.Compute/virtualMachines/vm-3294",NULL,"Virtual Machine","Compute","Virtual Machines","Microsoft","H215QFIRHWFOEUK6","Virtual Machines Hours",NULL,"VR36EUC1G7UM9CAP.IYOMQ4J5","sub-4d3e","Sandbox","BillingProfile",NULL,NULL,"eastus-1","Usage-Based","Virtual Machines",0.8738,124.32478828,1.4093,NULL,NULL
"AllocatedMethodId-7966","AllocatedResourceId-7531","AllocatedResourceName-5271","{}",208.24505702,"8a93b2c1-1234-4abc-9def-0123456789ab","Contoso Cloud","BillingProfile","USD","2024-10-01T00:00:00Z","2024-09-01T00:00:00Z",NULL,NULL,"Usage",NULL,"Azure Load Balancer Load Balancer in East US","2024-09-10T04:00:00Z","2024-09-10T03:00:00Z",NULL,NULL,NULL,NULL,NULL,NULL,NULL,278.8700000000,"Hours",NULL,270.448126,0.9698,208.24505702,"Microsoft","INV-202409-67927","Microsoft",290.805636,1.0428,"Dynamic","USD",278.87,"Hours","Microsoft","Microsoft","eastus","East US","/subscriptions/8a93b2c1-1234-4abc-9def-0123456789ab/resourceGroups/rg-926/providers/Microsoft.Compute/virtualMachines/vm-9768",NULL,"Load Balancer","Networking","Azure Load Balancer","Microsoft","5ZW84SGOHS02UP1H","Azure Load Balancer Hours",NULL,"L3UHWZI450PBSR6N.0D9UQU0Z","sub-4d3e","Sandbox","BillingProfile","{""environment"": ""dev"", ""business_unit"": ""OsloData"", ""team"": ""payments""}",NULL,NULL,"Usage-Based","Application Networking",0.9698,208.24505702,1.0428,NULL,NULL
"AllocatedMethodId-7565","AllocatedResourceId-3149","AllocatedResourceName-5423","{}",163.07225676,"123456789012","SunBird","BillingAccount","USD","2024-10-01T00:00:00Z","2024-09-01T00:00:00Z",NULL,NULL,"Usage",NULL,"Amazon Relational Database Service Database Instance in Asia Pacific (Sydney)","2024-09-10T09:00:00Z","2024-09-10T08:00:00Z",NULL,NULL,NULL,NULL,NULL,NULL,NULL,154.2600000000,"Hours",NULL,243.391428,1.5778,163.07225676,"AWS","INV-202409-59526","AWS",316.09416600000003,2.0491,"Standard","USD",154.26,"Hours","AWS","AWS","ap-southeast-2","Asia Pacific (Sydney)","arn:aws:ec2:ap-southeast-2:123456789012:instance/i-00de5f91b535",NULL,"Database Instance","Databases","Amazon Relational Database Service","AWS","VW9ED7NX8MK8ZOSK","Amazon Relational Database Service Hours",NULL,"XV0N9PACB7G6Z5CK.STBOPCRH","663626350770","Zenith Apollo","BillingAccount","{""cost_center"": ""CC-3090"", ""business_unit"": ""ViennaAI"", ""environment"": ""prod""}",NULL,NULL,"Usage-Based","Relational Databases",1.5778,163.07225676,2.0491,NULL,NULL
"AllocatedMethodId-3315","AllocatedResourceId-7605","AllocatedResourceName-8758","{}",150.00177168,"123456789012","SunBird","BillingAccount","USD","2024-10-01T00:00:00Z","2024-09-01T00:00:00Z",NULL,NULL,"Usage","Correction","Amazon Elastic Compute Cloud Virtual Machine in US East (N. Virginia)","2024-09-18T18:00:00Z","2024-09-18T17:00:00Z","Usage","cd-303721","commit-3721",NULL,"Unused","Savings Plan",NULL,NULL,NULL,NULL,163.04540400000002,0.5391,150.00177168,"AWS","INV-202409-20995","AWS",229.64269199999998,0.7593,"Committed","USD",302.44,"Hours","AWS","AWS","us-east-1","US East (N. Virginia)","arn:aws:ec2:us-east-1:123456789012:instance/i-00aaf069d87e",NULL,"Virtual Machine","Compute","Amazon Elastic Compute Cloud","AWS","4YS1FO09R4S86PYB","Amazon Elastic Compute Cloud Hours",NULL,"5ZX8G2OBZO2X4GTV.JFG9KN5P","663626350770","Zenith Apollo","BillingAccount","{""business_unit"": ""OsloData""}",NULL,"us-east-1a","Usage-Based","Virtual Machines",0.5391,150.00177168,0.7593,NULL,NULL
"AllocatedMethodId-5116","AllocatedResourceId-8735","AllocatedResourceName-8583","{}",45.4179154,"8a93b2c1-1234-4abc-9def-0123456789ab","Contoso Cloud","BillingProfile","USD","2024-10-01T00:00:00Z","2024-09-01T00:00:00Z",NULL,NULL,"Usage",NULL,"Virtual Machines Virtual Machine in UK South","2024-09-18T14:00:00Z","2024-09-18T13:00:00Z",NULL,NULL,NULL,NULL,NULL,NULL,NULL,18.2600000000,"Hours",NULL,47.808332,2.6182,45.4179154,"Microsoft","INV-202409-78076","Microsoft",62.9057,3.4450,"Standard","USD",18.26,"Hours","Microsoft","Microsoft","uksouth","UK South","/subscriptions/8a93b2c1-1234-4abc-9def-0123456789ab/resourceGroups/rg-247/providers/Microsoft.Compute/virtualMachines/vm-7411",NULL,"Virtual Machine","Compute","Virtual Machines","Microsoft","9FG1EYIAK7HKM2HC","Virtual Machines Hours",NULL,"15K75I90ZASH1SR7.UXKJS7NX","sub-2b7c","Staging","BillingProfile","{""team"": ""growth"", ""cost_center"": ""CC-3090"", ""owner"": ""g.hopper""}",NULL,"uksouth-1","Usage-Based","Virtual Machines",2.6182,45.4179154,3.4450,NULL,NULL
"AllocatedMethodId-4264","AllocatedResourceId-2537","AllocatedResourceName-9810","{}",115.309215,"8a93b2c1-1234-4abc-9def-0123456789ab","Contoso Cloud","BillingProfile","USD","2024-10-01T00:00:00Z","2024-09-01T00:00:00Z",NULL,NULL,"Tax",NULL,"Tax charge in West Europe","2024-09-23T09:00:00Z","2024-09-23T08:00:00Z",NULL,NULL,NULL,NULL,NULL,NULL,NULL,NULL,NULL,NULL,45.8593580000,NULL,115.309215,"Microsoft","INV-202409-34598","Microsoft",9.4714570000,NULL,NULL,"USD",NULL,NULL,"Microsoft","Microsoft",NULL,NULL,NULL,NULL,NULL,"Other","Tax","Microsoft",NULL,NULL,NULL,NULL,"sub-9a1f","Production","BillingProfile",NULL,NULL,NULL,"One-Time","Other (Security)",NULL,115.309215,NULL,NULL,NULL
"AllocatedMethodId-6107","AllocatedResourceId-9552","AllocatedResourceName-6193","{}",11.21185,"ocid1.tenancy.oc1..aaaa1234","Meridian OCI","Tenancy","USD","2024-10-01T00:00:00Z","2024-09-01T00:00:00Z",NULL,NULL,"Purchase",NULL,"Oracle Load Balancer Load Balancer in US East (Ashburn)","2024-09-15T23:00:00Z","2024-09-15T22:00:00Z",NULL,NULL,NULL,NULL,NULL,NULL,NULL,NULL,NULL,NULL,11.21185,0.0650,0,"Oracle","INV-202409-56529","Oracle",12.195043,0.0707,"Standard","USD",172.49,"Hours","Oracle","Oracle","us-ashburn-1","US East (Ashburn)","ocid1.instance.oc1.us-ashburn-1.00d262d38f52",NULL,"Load Balancer","Networking","Oracle Load Balancer","Oracle","NRLQGI7YVR4NKAON","Oracle Load Balancer Hours",NULL,"FJJK4AUEDI6214UT.6HP9ZYY4","ocid1.compartment.oc1..prod","production","Tenancy","{""business_unit"": ""OsloData"", ""owner"": ""g.hopper"", ""team"": ""platform""}",NULL,NULL,"One-Time","Application Networking",0.0650,0,0.0707,NULL,NULL
"AllocatedMethodId-3509","AllocatedResourceId-3898","AllocatedResourceName-3156","{}",406.27310025,"123456789012","SunBird","BillingAccount","USD","2024-10-01T00:00:00Z","2024-09-01T00:00:00Z",NULL,NULL,"Usage",NULL,"Elastic Load Balancing Load Balancer in US West (Oregon)","2024-09-28T01:00:00Z","2024-09-28T00:00:00Z",NULL,NULL,NULL,NULL,NULL,NULL,NULL,280.2500000000,"LCU-Hours",NULL,466.980575,1.6663,406.27310025,"AWS","INV-202409-13779","AWS",686.752625,2.4505,"Dynamic","USD",280.25,"LCU-Hours","AWS","AWS","us-west-2","US West (Oregon)","arn:aws:ec2:us-west-2:123456789012:instance/i-00d1a109cf1a",NULL,"Load Balancer","Networking","Elastic Load Balancing","AWS","1N9MYXLAM2X7MATV","Elastic Load Balancing LCU-Hours",NULL,"GXQ6ARCR4ZCQRDB4.35L48GCX","517389287820","Atlas Nimbus","BillingAccount","{""environment"": ""staging"", ""application"": ""NimbusAPI""}",NULL,NULL,"Usage-Based","Application Networking",1.6663,406.27310025,2.4505,NULL,NULL
"AllocatedMethodId-4563","AllocatedResourceId-7136","AllocatedResourceName-8542","{}",80.900625,"123456789012","SunBird","BillingAccount","USD","2024-10-01T00:00:00Z","2024-09-01T00:00:00Z",NULL,NULL,"Purchase",NULL,"Amazon Simple Queue Service Queue in US East (N. Virginia)","2024-09-19T23:00:00Z","2024-09-19T22:00:00Z",NULL,NULL,NULL,NULL,NULL,NULL,NULL,NULL,NULL,NULL,80.900625,1.6595,0,"AWS","INV-202409-11368","AWS",132.624375,2.7205,"Standard","USD",48.75,"Requests","AWS","AWS","us-east-1","US East (N. Virginia)","arn:aws:ec2:us-east-1:123456789012:instance/i-00cd2e48f6ae",NULL,"Queue","Integration","Amazon Simple Queue Service","AWS","KX7AZ0DEM6JRFL2C","Amazon Simple Queue Service Requests",NULL,"RM60LATR9WHV3F3F.HFLFLUBK","517389287820","Atlas Nimbus","BillingAccount",NULL,NULL,NULL,"Recurring","Messaging",1.6595,0,2.7205,NULL,NULL
"AllocatedMethodId-7191","AllocatedResourceId-1554","AllocatedResourceName-6281","{}",1213.6979669999998,"123456789012","SunBird","BillingAccount","USD","2024-10-01T00:00:00Z","2024-09-01T00:00:00Z",NULL,NULL,"Purchase",NULL,"AWS Lambda Function in US West (Oregon)","2024-09-30T02:00:00Z","2024-09-30T01:00:00Z",NULL,NULL,NULL,NULL,NULL,NULL,NULL,NULL,NULL,NULL,1213.6979669999998,3.2477,0,"AWS","INV-202409-83894","AWS",1379.2141259999999,3.6906,"Standard","USD",373.71,"Requests","AWS","AWS","us-west-2","US West (Oregon)","arn:aws:ec2:us-west-2:123456789012:instance/i-00634328e212",NULL,"Function","Compute","AWS Lambda","AWS","Q2QF5WXW72KCYJ8N","AWS Lambda Requests",NULL,"1WSNV69RF6NQN3QC.H7L4I3UX","438839167390","Zenith Eclipse","BillingAccount","{""business_unit"": ""MarseilleSRE"", ""team"": ""growth"", ""environment"": ""dev""}",NULL,NULL,"One-Time","Serverless Compute",3.2477,0,3.6906,NULL,NULL
"AllocatedMethodId-5936","AllocatedResourceId-6038","AllocatedResourceName-2316","{}",73.63285776,"123456789012","SunBird","BillingAccount","USD","2024-10-01T00:00:00Z","2024-09-01T00:00:00Z",NULL,NULL,"Usage",NULL,"AWS Lambda Function in Europe (Ireland)","2024-09-07T19:00:00Z","2024-09-07T18:00:00Z",NULL,NULL,NULL,NULL,NULL,NULL,NULL,323.9400000000,"Requests",NULL,102.26785799999999,0.3157,73.63285776,"AWS","INV-202409-32553","AWS",162.326334,0.5011,"Standard","USD",323.94,"Requests","AWS","AWS","eu-west-1","Europe (Ireland)","arn:aws:ec2:eu-west-1:123456789012:instance/i-00aae06b6bd6",NULL,"Function","Compute","AWS Lambda","AWS","1Z4PQXV4ZTCO6G01","AWS Lambda Requests",NULL,"RZBK6KT7MIIVDFTJ.W3ZK3AJM","517389287820","Atlas Nimbus","BillingAccount",NULL,NULL,"ap-southeast-2a","Usage-Based","Serverless Compute",0.3157,73.63285776,0.5011,NULL,NULL
"AllocatedMethodId-5276","AllocatedResourceId-7909","AllocatedResourceName-3941","{}",710.73473328,"8a93b2c1-1234-4abc-9def-0123456789ab","Contoso Cloud","BillingProfile","USD","2024-10-01T00:00:00Z","2024-09-01T00:00:00Z",NULL,NULL,"Credit",NULL,"Azure Blob Storage Storage Account in West Europe","2024-09-04T21:00:00Z","2024-09-04T20:00:00Z","Usage","cd-676537","commit-6537",NULL,"Used","Committed Use Discount",NULL,NULL,NULL,NULL,1076.870808,3.8781,710.73473328,"Microsoft","INV-202409-14564","Microsoft",1076.870808,3.8781,"Other","USD",277.68,"GB","Microsoft","Microsoft","westeurope","West Europe",NULL,NULL,NULL,"Storage","Azure Blob Storage","Microsoft","UIZUS1Z8EW5BOLPX","Azure Blob Storage GB",NULL,"XV6AZEOI5MCNT1FV.YL1JSTY4","sub-2b7c","Staging","BillingProfile","{""team"": ""platform"", ""owner"": ""a.turing"", ""environment"": ""dev""}",NULL,NULL,"One-Time","Object Storage",3.8781,710.73473328,3.8781,NULL,NULL
"AllocatedMethodId-6847","AllocatedResourceId-7833","AllocatedResourceName-1287","{}",297.64883808,"8a93b2c1-1234-4abc-9def-0123456789ab","Contoso Cloud","BillingProfile","USD","2024-10-01T00:00:00Z","2024-09-01T00:00:00Z",NULL,NULL,"Usage",NULL,"Azure Kubernetes Service Cluster in East US","2024-09-04T13:00:00Z","2024-09-04T12:00:00Z",NULL,NULL,NULL,NULL,NULL,NULL,NULL,327.9400000000,"Hours",NULL,450.983088,1.3752,297.64883808,"Microsoft","INV-202409-48435","Microsoft",663.225856,2.0224,"Standard","USD",327.94,"Hours","Microsoft","Microsoft","eastus","East US","/subscriptions/8a93b2c1-1234-4abc-9def-0123456789ab/resourceGroups/rg-896/providers/Microsoft.Compute/virtualMachines/vm-2071",NULL,"Cluster","Compute","Azure Kubernetes Service","Microsoft","H26X4V8XHL18YFJA","Azure Kubernetes Service Hours",NULL,"VQM631D3SCH53XDX.Q1VSB8RL","sub-2b7c","Staging","BillingProfile","{""team"": ""infra"", ""application"": ""NimbusAPI"", ""owner"": ""a.lovelace""}",NULL,"westeurope-2","Usage-Based","Containers",1.3752,297.64883808,2.0224,NULL,NULL
"AllocatedMethodId-5668","AllocatedResourceId-5467","AllocatedResourceName-1082","{}",396.42626016,"ocid1.tenancy.oc1..aaaa1234","Meridian OCI","Tenancy","USD","2024-10-01T00:00:00Z","2024-09-01T00:00:00Z",NULL,NULL,"Usage",NULL,"Oracle Autonomous Database Database in UK South (London)","2024-09-26T11:00:00Z","2024-09-26T10:00:00Z",NULL,NULL,NULL,NULL,NULL,NULL,NULL,265.6400000000,"Hours",NULL,489.41513599999996,1.8424,396.42626016,"Oracle","INV-202409-33758","Oracle",526.259404,1.9811,"Standard","USD",265.64,"Hours","Oracle","Oracle","uk-london-1","UK South (London)","ocid1.instance.oc1.uk-london-1.00c7bdb86ae8",NULL,"Database","Databases","Oracle Autonomous Database","Oracle","P73CEUXCJGY6FVT1","Oracle Autonomous Database Hours",NULL,"ZBLQF1HMQT68PDX4.N1RLR6CZ","ocid1.compartment.oc1..prod","production","Tenancy",NULL,NULL,"uk-london-1-AD-2","Usage-Based","Relational Databases",1.8424,396.42626016,1.9811,NULL,NULL
"AllocatedMethodId-3023","AllocatedResourceId-2588","AllocatedResourceName-7483","{}",877.40897352,"ocid1.tenancy.oc1..aaaa1234","Meridian OCI","Tenancy","USD","2024-10-01T00:00:00Z","2024-09-01T00:00:00Z",NULL,NULL,"Usage",NULL,"Oracle Object Storage Bucket in US East (Ashburn)","2024-09-29T01:00:00Z","2024-09-29T00:00:00Z","Spend","cd-440377","commit-0377",NULL,"Unused","Reserved Instance",NULL,NULL,NULL,NULL,1271.607208,4.2452,877.40897352,"Oracle","INV-202409-59601","Oracle",1461.60543,4.8795,"Dynamic","USD",299.54,"GB","Oracle","Oracle","us-ashburn-1","US East (Ashburn)","ocid1.instance.oc1.us-ashburn-1.006ea042865b",NULL,"Bucket","Storage","Oracle Object Storage","Oracle","UW2J35N8KYQZCF59","Oracle Object Storage GB",NULL,"WFN7XTSU23BJKW10.BS95PY8I","ocid1.compartment.oc1..dev","development","Tenancy","{""team"": ""growth"", ""cost_center"": ""CC-3090"", ""owner"": ""a.turing""}",NULL,"us-ashburn-1-AD-1","Usage-Based","Object Storage",4.2452,877.40897352,4.8795,NULL,NULL
"AllocatedMethodId-8736","AllocatedResourceId-4273","AllocatedResourceName-6287","{}",798.81029865,"8a93b2c1-1234-4abc-9def-0123456789ab","Contoso Cloud","BillingProfile","USD","2024-10-01T00:00:00Z","2024-09-01T00:00:00Z",NULL,NULL,"Usage",NULL,"Azure Blob Storage Storage Account in East US","2024-09-13T09:00:00Z","2024-09-13T08:00:00Z",NULL,NULL,NULL,NULL,NULL,NULL,NULL,489.4500000000,"GB",NULL,1157.696085,2.3653,798.81029865,"Microsoft","INV-202409-32965","Microsoft",1346.18328,2.7504,"Other","USD",489.45,"GB","Microsoft","Microsoft","eastus","East US","/subscriptions/8a93b2c1-1234-4abc-9def-0123456789ab/resourceGroups/rg-604/providers/Microsoft.Compute/virtualMachines/vm-5313",NULL,"Storage Account","Storage","Azure Blob Storage","Microsoft","3S2KLZSA8V3LGY00","Azure Blob Storage GB",NULL,"0MBOI6F0BUPK4FXB.Y96MK3XP","sub-4d3e","Sandbox","BillingProfile","{""owner"": ""k.johnson"", ""application"": ""NimbusAPI""}",NULL,"westeurope-2","Usage-Based","Object Storage",2.3653,798.81029865,2.7504,NULL,NULL
"AllocatedMethodId-5009","AllocatedResourceId-5259","AllocatedResourceName-6610","{}",457.2639852,"8a93b2c1-1234-4abc-9def-0123456789ab","Contoso Cloud","BillingProfile","USD","2024-10-01T00:00:00Z","2024-09-01T00:00:00Z",NULL,NULL,"Usage",NULL,"Azure SQL Database SQL Database in East US","2024-09-09T20:00:00Z","2024-09-09T19:00:00Z",NULL,NULL,NULL,NULL,NULL,NULL,NULL,341.8400000000,"Hours",NULL,682.4835599999999,1.9965,457.2639852,"Microsoft","INV-202409-74431","Microsoft",758.303672,2.2183,"Standard","USD",341.84,"Hours","Microsoft","Microsoft","eastus","East US","/subscriptions/8a93b2c1-1234-4abc-9def-0123456789ab/resourceGroups/rg-255/providers/Microsoft.Compute/virtualMachines/vm-5576",NULL,"SQL Database","Databases","Azure SQL Database","Microsoft","074YE0Q8H8B24DSZ","Azure SQL Database Hours",NULL,"CXZ621HGJQHKX0VJ.P4NQGVE3","sub-9a1f","Production","BillingProfile","{""business_unit"": ""LisbonOps"", ""environment"": ""prod"", ""cost_center"": ""CC-1001""}",NULL,NULL,"Usage-Based","Relational Databases",1.9965,457.2639852,2.2183,NULL,NULL
"AllocatedMethodId-3593","AllocatedResourceId-5992","AllocatedResourceName-8787","{}",765.72907488,"01ABCD-2345EF-6789GH","Helios Labs","BillingAccount","USD","2024-10-01T00:00:00Z","2024-09-01T00:00:00Z",NULL,NULL,"Tax",NULL,"Tax charge in Northern Virginia","2024-09-20T06:00:00Z","2024-09-20T05:00:00Z",NULL,NULL,NULL,NULL,NULL,NULL,NULL,NULL,NULL,NULL,71.3078840000,NULL,765.72907488,"Google","INV-202409-50194","Google",67.3278710000,NULL,NULL,"USD",NULL,NULL,"Google","Google",NULL,NULL,NULL,NULL,NULL,"Other","Tax","Google",NULL,NULL,NULL,NULL,"proj-helios-dev","helios-dev","BillingAccount","{""cost_center"": ""CC-3090"", ""business_unit"": ""OsloData""}",NULL,NULL,"One-Time","Other (Security)",NULL,765.72907488,NULL,NULL,NULL
"AllocatedMethodId-8317","AllocatedResourceId-9567","AllocatedResourceName-5062","{}",29.54821104,"8a93b2c1-1234-4abc-9def-0123456789ab","Contoso Cloud","BillingProfile","USD","2024-10-01T00:00:00Z","2024-09-01T00:00:00Z",NULL,NULL,"Usage",NULL,"Azure Load Balancer Load Balancer in West Europe","2024-09-26T23:00:00Z","2024-09-26T22:00:00Z",NULL,NULL,NULL,NULL,NULL,NULL,NULL,318.3800000000,"Hours",NULL,41.039182,0.1289,29.54821104,"Microsoft","INV-202409-17336","Microsoft",44.605038,0.1401,"Standard","USD",318.38,"Hours","Microsoft","Microsoft","westeurope","West Europe","/subscriptions/8a93b2c1-1234-4abc-9def-0123456789ab/resourceGroups/rg-553/providers/Microsoft.Compute/virtualMachines/vm-968",NULL,"Load Balancer","Networking","Azure Load Balancer","Microsoft","7XY5K74L4YAEVOTN","Azure Load Balancer Hours",NULL,"OJRHMW53A7OMXCZG.V6ER988F","sub-9a1f","Production","BillingProfile","{""cost_center"": ""CC-2042"", ""owner"": ""g.hopper"", ""team"": ""growth""}",NULL,NULL,"Usage-Based","Application Networking",0.1289,29.54821104,0.1401,NULL,NULL
"AllocatedMethodId-5510","AllocatedResourceId-9242","AllocatedResourceName-6059","{}",28.6098984,"8a93b2c1-1234-4abc-9def-0123456789ab","Contoso Cloud","BillingProfile","USD","2024-10-01T00:00:00Z","2024-09-01T00:00:00Z",NULL,NULL,"Usage",NULL,"Azure SQL Database SQL Database in West Europe","2024-09-28T19:00:00Z","2024-09-28T18:00:00Z","Spend","cd-299244","commit-9244",NULL,"Unused","Reserved Instance",NULL,NULL,NULL,NULL,34.890119999999996,0.1530,28.6098984,"Microsoft","INV-202409-54714","Microsoft",45.904452,0.2013,"Other","USD",228.04,"Hours","Microsoft","Microsoft","westeurope","West Europe","/subscriptions/8a93b2c1-1234-4abc-9def-0123456789ab/resourceGroups/rg-621/providers/Microsoft.Compute/virtualMachines/vm-2666",NULL,"SQL Database","Databases","Azure SQL Database","Microsoft","43G8DUEM4H2F4MG8","Azure SQL Database Hours",NULL,"N5TA1H2M3AQ0R5LV.646STQ8P","sub-4d3e","Sandbox","BillingProfile",NULL,NULL,"uksouth-1","Usage-Based","Relational Databases",0.1530,28.6098984,0.2013,NULL,NULL
"AllocatedMethodId-1319","AllocatedResourceId-4313","AllocatedResourceName-4417","{}",143.32603824,"ocid1.tenancy.oc1..aaaa1234","Meridian OCI","Tenancy","USD","2024-10-01T00:00:00Z","2024-09-01T00:00:00Z",NULL,NULL,"Usage",NULL,"Oracle Compute Instance in US East (Ashburn)","2024-09-01T07:00:00Z","2024-09-01T06:00:00Z","Spend","cd-419439","commit-9439",NULL,"Unused","Savings Plan",NULL,NULL,NULL,NULL,186.137712,0.7912,143.32603824,"Oracle","INV-202409-45940","Oracle",191.901582,0.8157,"Committed","USD",235.26,"Hours","Oracle","Oracle","us-ashburn-1","US East (Ashburn)","ocid1.instance.oc1.us-ashburn-1.00db9a637730",NULL,"Instance","Compute","Oracle Compute","Oracle","74GTNJUKMZKKKU74","Oracle Compute Hours",NULL,"0ROQ4TXJTVWU2T1Z.0AZD0WI3","ocid1.compartment.oc1..dev","development","Tenancy","{""environment"": ""dev"", ""owner"": ""g.hopper"", ""application"": ""AtlasPortal""}",NULL,NULL,"Usage-Based","Virtual Machines",0.7912,143.32603824,0.8157,NULL,NULL
"AllocatedMethodId-8304","AllocatedResourceId-4519","AllocatedResourceName-4016","{}",595.9722368,"01ABCD-2345EF-6789GH","Helios Labs","BillingAccount","USD","2024-10-01T00:00:00Z","2024-09-01T00:00:00Z",NULL,NULL,"Usage",NULL,"Cloud SQL Database Instance in Singapore","2024-09-14T18:00:00Z","2024-09-14T17:00:00Z",NULL,NULL,NULL,NULL,NULL,NULL,NULL,279.0400000000,"Hours",NULL,701.1438080000001,2.5127,595.9722368,"Google","INV-202409-57347","Google",1031.0807040000002,3.6951,"Standard","USD",279.04,"Hours","Google","Google","asia-southeast1","Singapore","//compute.googleapis.com/projects/Helios Labs/zones/asia-southeast1-a/instances/inst-9790",NULL,"Database Instance","Databases","Cloud SQL","Google","4CY5PRYDGDVR8X2S","Cloud SQL Hours",NULL,"H4IEU0JJTM9F2PU8.Q97SBIEU","proj-helios-prod","helios-prod","BillingAccount","{""environment"": ""dev""}",NULL,"europe-west1-b","Usage-Based","Relational Databases",2.5127,595.9722368,3.6951,NULL,NULL
"AllocatedMethodId-6351","AllocatedResourceId-9722","AllocatedResourceName-8499","{}",162.53775648,"01ABCD-2345EF-6789GH","Helios Labs","BillingAccount","USD","2024-10-01T00:00:00Z","2024-09-01T00:00:00Z",NULL,NULL,"Usage",NULL,"BigQuery Dataset in Belgium","2024-09-16T11:00:00Z","2024-09-16T10:00:00Z",NULL,NULL,NULL,NULL,NULL,NULL,NULL,129.5200000000,"GiB",NULL,246.26932800000003,1.9014,162.53775648,"Google","INV-202409-39214","Google",390.904312,3.0181,"Other","USD",129.52,"GiB","Google","Google","europe-west1","Belgium","//compute.googleapis.com/projects/Helios Labs/zones/europe-west1-a/instances/inst-202",NULL,"Dataset","Analytics","BigQuery","Google","85SVEEF9H8K6F3ME","BigQuery GiB",NULL,"1R32JVELV371BZSA.YBAOU1JQ","proj-helios-dev","helios-dev","BillingAccount","{""application"": ""BrightLensMatrix"", ""cost_center"": ""CC-3090""}",NULL,"asia-southeast1-c","Usage-Based","Data Warehouses",1.9014,162.53775648,3.0181,NULL,NULL
"AllocatedMethodId-1264","AllocatedResourceId-1118","AllocatedResourceName-7226","{}",77.83323408,"8a93b2c1-1234-4abc-9def-0123456789ab","Contoso Cloud","BillingProfile","USD","2024-10-01T00:00:00Z","2024-09-01T00:00:00Z",NULL,NULL,"Usage",NULL,"Azure Functions Function App in Southeast Asia","2024-09-25T15:00:00Z","2024-09-25T14:00:00Z",NULL,NULL,NULL,NULL,NULL,NULL,NULL,103.0800000000,"Executions",NULL,92.658612,0.8989,77.83323408,"Microsoft","INV-202409-69893","Microsoft",93.59664000000001,0.9080,"Standard","USD",103.08,"Executions","Microsoft","Microsoft","southeastasia","Southeast Asia","/subscriptions/8a93b2c1-1234-4abc-9def-0123456789ab/resourceGroups/rg-357/providers/Microsoft.Compute/virtualMachines/vm-1637",NULL,"Function App","Compute","Azure Functions","Microsoft","NWBI2HYB2NYD22ZM","Azure Functions Executions",NULL,"NYHFL67HKNH5WU0M.NF6X4Q6H","sub-4d3e","Sandbox","BillingProfile","{""business_unit"": ""OsloData"", ""application"": ""BrightSourceCore"", ""owner"": ""g.hopper""}",NULL,"eastus-1","Usage-Based","Serverless Compute",0.8989,77.83323408,0.9080,NULL,NULL
"AllocatedMethodId-9604","AllocatedResourceId-3781","AllocatedResourceName-3591","{}",1234.73926576,"ocid1.tenancy.oc1..aaaa1234","Meridian OCI","Tenancy","USD","2024-10-01T00:00:00Z","2024-09-01T00:00:00Z",NULL,NULL,"Usage",NULL,"Oracle Functions Function in US East (Ashburn)","2024-09-16T10:00:00Z","2024-09-16T09:00:00Z",NULL,NULL,NULL,NULL,NULL,NULL,NULL,472.9700000000,"Invocations",NULL,1403.112802,2.9666,1234.73926576,"Oracle","INV-202409-59418","Oracle",1541.8822,3.2600,"Dynamic","USD",472.97,"Invocations","Oracle","Oracle","us-ashburn-1","US East (Ashburn)","ocid1.instance.oc1.us-ashburn-1.00a775de43e3",NULL,"Function","Compute","Oracle Functions","Oracle","AI7JI4CDNSX0K0LL","Oracle Functions Invocations",NULL,"7JLXHKB5NTZXQUBB.VB4CJ0C8","ocid1.compartment.oc1..dev","development","Tenancy","{""application"": ""AtlasPortal"", ""business_unit"": ""ViennaAI""}",NULL,"us-ashburn-1-AD-1","Usage-Based","Serverless Compute",2.9666,1234.73926576,3.2600,NULL,NULL
"AllocatedMethodId-6284","AllocatedResourceId-1191","AllocatedResourceName-8877","{}",896.23174848,"123456789012","SunBird","BillingAccount","USD","2024-10-01T00:00:00Z","2024-09-01T00:00:00Z",NULL,NULL,"Usage",NULL,"Amazon Elastic Compute Cloud Virtual Machine in Europe (Ireland)","2024-09-04T23:00:00Z","2024-09-04T22:00:00Z",NULL,NULL,NULL,NULL,NULL,NULL,NULL,484.3700000000,"Hours",NULL,933.574738,1.9274,896.23174848,"AWS","INV-202409-62004","AWS",1124.804014,2.3222,"Standard","USD",484.37,"Hours","AWS","AWS","eu-west-1","Europe (Ireland)","arn:aws:ec2:eu-west-1:123456789012:instance/i-00b53d6ea7dc",NULL,"Virtual Machine","Compute","Amazon Elastic Compute Cloud","AWS","G45MIO6IJOFGZSGP","Amazon Elastic Compute Cloud Hours",NULL,"OQLTV377RIU1XJCY.DMLAJCPK","517389287820","Atlas Nimbus","BillingAccount","{""application"": ""NimbusAPI"", ""business_unit"": ""OsloData"", ""team"": ""payments""}",NULL,"eu-west-1c","Usage-Based","Virtual Machines",1.9274,896.23174848,2.3222,NULL,NULL
"AllocatedMethodId-9735","AllocatedResourceId-6941","AllocatedResourceName-9838","{}",130.24805976,"ocid1.tenancy.oc1..aaaa1234","Meridian OCI","Tenancy","USD","2024-10-01T00:00:00Z","2024-09-01T00:00:00Z",NULL,NULL,"Usage",NULL,"Oracle Autonomous Database Database in US East (Ashburn)","2024-09-20T07:00:00Z","2024-09-20T06:00:00Z",NULL,NULL,NULL,NULL,NULL,NULL,NULL,272.9400000000,"Hours",NULL,143.12973599999998,0.5244,130.24805976,"Oracle","INV-202409-16159","Oracle",160.81624799999997,0.5892,"Standard","USD",272.94,"Hours","Oracle","Oracle","us-ashburn-1","US East (Ashburn)","ocid1.instance.oc1.us-ashburn-1.00dcc53a3698",NULL,"Database","Databases","Oracle Autonomous Database","Oracle","93GV7QEX1B8IGO3H","Oracle Autonomous Database Hours",NULL,"H9SIWT219F6LZ6MJ.OBMW7J77","ocid1.compartment.oc1..dev","development","Tenancy","{""business_unit"": ""OsloData""}",NULL,NULL,"Usage-Based","Relational Databases",0.5244,130.24805976,0.5892,NULL,NULL
"AllocatedMethodId-6098","AllocatedResourceId-9589","AllocatedResourceName-2681","{}",582.3343044,"8a93b2c1-1234-4abc-9def-0123456789ab","Contoso Cloud","BillingProfile","USD","2024-10-01T00:00:00Z","2024-09-01T00:00:00Z",NULL,NULL,"Usage",NULL,"Azure Load Balancer Load Balancer in West Europe","2024-09-07T19:00:00Z","2024-09-07T18:00:00Z",NULL,NULL,NULL,NULL,NULL,NULL,NULL,317.1600000000,"Hours",NULL,647.038116,2.0401,582.3343044,"Microsoft","INV-202409-78238","Microsoft",980.3415600000002,3.0910,"Other","USD",317.16,"Hours","Microsoft","Microsoft","westeurope","West Europe","/subscriptions/8a93b2c1-1234-4abc-9def-0123456789ab/resourceGroups/rg-951/providers/Microsoft.Compute/virtualMachines/vm-6213",NULL,"Load Balancer","Networking","Azure Load Balancer","Microsoft","43UITAEQ9TNED0IJ","Azure Load Balancer Hours",NULL,"4KPZK0ZMPWEORIZH.JN2JRUAH","sub-2b7c","Staging","BillingProfile","{""team"": ""platform"", ""environment"": ""qa"", ""business_unit"": ""OsloData""}",NULL,"uksouth-1","Usage-Based","Application Networking",2.0401,582.3343044,3.0910,NULL,NULL
"AllocatedMethodId-6909","AllocatedResourceId-7911","AllocatedResourceName-7451","{}",46.84839552,"ocid1.tenancy.oc1..aaaa1234","Meridian OCI","Tenancy","USD","2024-10-01T00:00:00Z","2024-09-01T00:00:00Z",NULL,NULL,"Usage",NULL,"Oracle Object Storage Bucket in Australia East (Sydney)","2024-09-13T18:00:00Z","2024-09-13T17:00:00Z","Usage","cd-457959","commit-7959",NULL,"Unused","Reserved Instance",NULL,NULL,NULL,NULL,48.800411999999994,0.2148,46.84839552,"Oracle","INV-202409-41275","Oracle",79.993599,0.3521,"Committed","USD",227.19,"GB","Oracle","Oracle","ap-sydney-1","Australia East (Sydney)","ocid1.instance.oc1.ap-sydney-1.009413d8596c",NULL,"Bucket","Storage","Oracle Object Storage","Oracle","SO7GFXP510DGRRQ6","Oracle Object Storage GB",NULL,"V0QWFAG5P5O1RG59.Y7YCGGGH","ocid1.compartment.oc1..dev","development","Tenancy","{""application"": ""NimbusAPI"", ""team"": ""payments""}",NULL,NULL,"Usage-Based","Object Storage",0.2148,46.84839552,0.3521,NULL,NULL
"AllocatedMethodId-6922","AllocatedResourceId-3608","AllocatedResourceName-3761","{}",766.5212082,"123456789012","SunBird","BillingAccount","USD","2024-10-01T00:00:00Z","2024-09-01T00:00:00Z",NULL,NULL,"Usage",NULL,"Amazon Relational Database Service Database Instance in Asia Pacific (Sydney)","2024-09-25T12:00:00Z","2024-09-25T11:00:00Z","Spend","cd-694469","commit-4469",NULL,"Unused","Reserved Instance",NULL,NULL,NULL,NULL,881.0588599999999,2.1670,766.5212082,"AWS","INV-202409-67379","AWS",1276.905148,3.1406,"Dynamic","USD",406.58,"Hours","AWS","AWS","ap-southeast-2","Asia Pacific (Sydney)","arn:aws:ec2:ap-southeast-2:123456789012:instance/i-001f15bfe9c9",NULL,"Database Instance","Databases","Amazon Relational Database Service","AWS","3QWWWPR2DU3QKN99","Amazon Relational Database Service Hours",NULL,"UZWL5FVW8OUTGFZU.5LYMQ5WV","438839167390","Zenith Eclipse","BillingAccount",NULL,NULL,NULL,"Usage-Based","Relational Databases",2.1670,766.5212082,3.1406,NULL,NULL
"AllocatedMethodId-9496","AllocatedResourceId-7547","AllocatedResourceName-7342","{}",248.59421916,"01ABCD-2345EF-6789GH","Helios Labs","BillingAccount","USD","2024-10-01T00:00:00Z","2024-09-01T00:00:00Z",NULL,NULL,"Usage",NULL,"Compute Engine VM Instance in Iowa","2024-09-25T20:00:00Z","2024-09-25T19:00:00Z",NULL,NULL,NULL,NULL,NULL,NULL,NULL,321.1600000000,"Hours",NULL,371.036148,1.1553,248.59421916,"Google","INV-202409-34386","Google",475.67007600000005,1.4811,"Other","USD",321.16,"Hours","Google","Google","us-central1","Iowa","//compute.googleapis.com/projects/Helios Labs/zones/us-central1-a/instances/inst-1666",NULL,"VM Instance","Compute","Compute Engine","Google","ZQJV8WZIYGSFUO2C","Compute Engine Hours",NULL,"P9JRB5OOPO2NJASP.B42099M0","proj-helios-prod","helios-prod","BillingAccount",NULL,NULL,"asia-southeast1-c","Usage-Based","Virtual Machines",1.1553,248.59421916,1.4811,NULL,NULL
"AllocatedMethodId-9322","AllocatedResourceId-7670","AllocatedResourceName-3363","{}",115.1751588,"01ABCD-2345EF-6789GH","Helios Labs","BillingAccount","USD","2024-10-01T00:00:00Z","2024-09-01T00:00:00Z",NULL,NULL,"Usage",NULL,"Cloud Load Balancing Forwarding Rule in Singapore","2024-09-19T10:00:00Z","2024-09-19T09:00:00Z",NULL,NULL,NULL,NULL,NULL,NULL,NULL,160.0800000000,"Hours",NULL,177.192552,1.1069,115.1751588,"Google","INV-202409-40482","Google",285.80683200000004,1.7854,"Standard","USD",160.08,"Hours","Google","Google","asia-southeast1","Singapore","//compute.googleapis.com/projects/Helios Labs/zones/asia-southeast1-a/instances/inst-9291",NULL,"Forwarding Rule","Networking","Cloud Load Balancing","Google","8UGOW9O3RD3251EK","Cloud Load Balancing Hours",NULL,"B929DW4JEWERQB51.IZN2T8TV","proj-helios-dev","helios-dev","BillingAccount","{""cost_center"": ""CC-3090""}",NULL,"asia-southeast1-c","Usage-Based","Application Networking",1.1069,115.1751588,1.7854,NULL,NULL
"AllocatedMethodId-1206","AllocatedResourceId-1076","AllocatedResourceName-6355","{}",513.74649339,"01ABCD-2345EF-6789GH","Helios Labs","BillingAccount","USD","2024-10-01T00:00:00Z","2024-09-01T00:00:00Z",NULL,NULL,"Usage",NULL,"Compute Engine VM Instance in Iowa","2024-09-26T02:00:00Z","2024-09-26T01:00:00Z",NULL,NULL,NULL,NULL,NULL,NULL,NULL,306.9300000000,"Hours",NULL,577.243251,1.8807,513.74649339,"Google","INV-202409-79352","Google",813.026877,2.6489,"Standard","USD",306.93,"Hours","Google","Google","us-central1","Iowa","//compute.googleapis.com/projects/Helios Labs/zones/us-central1-a/instances/inst-6697",NULL,"VM Instance","Compute","Compute Engine","Google","HVFGZY0Y4IVLGTWL","Compute Engine Hours",NULL,"1Q5FLQZMOWFV2G7Q.BD9DXGKA","proj-helios-dev","helios-dev","BillingAccount","{""environment"": ""prod""}",NULL,NULL,"Usage-Based","Virtual Machines",1.8807,513.74649339,2.6489,NULL,NULL
"AllocatedMethodId-4292","AllocatedResourceId-5629","AllocatedResourceName-6248","{}",260.25418496,"ocid1.tenancy.oc1..aaaa1234","Meridian OCI","Tenancy","USD","2024-10-01T00:00:00Z","2024-09-01T00:00:00Z",NULL,NULL,"Usage",NULL,"Oracle Autonomous Database Database in US East (Ashburn)","2024-09-04T00:00:00Z","2024-09-03T23:00:00Z","Spend","cd-816367","commit-6367",NULL,"Unused","Committed Use Discount",NULL,NULL,NULL,NULL,406.64716400000003,1.6324,260.25418496,"Oracle","INV-202409-81615","Oracle",666.643271,2.6761,"Committed","USD",249.11,"Hours","Oracle","Oracle","us-ashburn-1","US East (Ashburn)","ocid1.instance.oc1.us-ashburn-1.00a137e6456a",NULL,"Database","Databases","Oracle Autonomous Database","Oracle","HTSGWL7KG5MJV39Y","Oracle Autonomous Database Hours",NULL,"2H9EVPXJP5MZCWD4.G7FU787Z","ocid1.compartment.oc1..dev","development","Tenancy","{""owner"": ""g.hopper"", ""environment"": ""qa""}",NULL,"us-ashburn-1-AD-1","Usage-Based","Relational Databases",1.6324,260.25418496,2.6761,NULL,NULL
"AllocatedMethodId-4741","AllocatedResourceId-7091","AllocatedResourceName-7585","{}",3.868268,"8a93b2c1-1234-4abc-9def-0123456789ab","Contoso Cloud","BillingProfile","USD","2024-10-01T00:00:00Z","2024-09-01T00:00:00Z",NULL,NULL,"Usage",NULL,"Azure Kubernetes Service Cluster in West Europe","2024-09-27T18:00:00Z","2024-09-27T17:00:00Z",NULL,NULL,NULL,NULL,NULL,NULL,NULL,41.2000000000,"Hours",NULL,4.7174000000000005,0.1145,3.868268,"Microsoft","INV-202409-61107","Microsoft",4.91516,0.1193,"Dynamic","USD",41.20,"Hours","Microsoft","Microsoft","westeurope","West Europe","/subscriptions/8a93b2c1-1234-4abc-9def-0123456789ab/resourceGroups/rg-349/providers/Microsoft.Compute/virtualMachines/vm-2770",NULL,"Cluster","Compute","Azure Kubernetes Service","Microsoft","8LUD8BDTYMW8D167","Azure Kubernetes Service Hours",NULL,"L6XCNG3LOUEN5NAC.YNHSAPVL","sub-2b7c","Staging","BillingProfile","{""owner"": ""a.lovelace"", ""application"": ""BrightSourceCore""}",NULL,NULL,"Usage-Based","Containers",0.1145,3.868268,0.1193,NULL,NULL
"AllocatedMethodId-1623","AllocatedResourceId-7358","AllocatedResourceName-4022","{}",556.6597344,"123456789012","SunBird","BillingAccount","USD","2024-10-01T00:00:00Z","2024-09-01T00:00:00Z",NULL,NULL,"Usage",NULL,"Amazon Simple Storage Service Bucket in US West (Oregon)","2024-09-11T13:00:00Z","2024-09-11T12:00:00Z",NULL,NULL,NULL,NULL,NULL,NULL,NULL,340.2000000000,"GB",NULL,773.1385200000001,2.2726,556.6597344,"AWS","INV-202409-39968","AWS",1208.0161799999998,3.5509,"Dynamic","USD",340.20,"GB","AWS","AWS","us-west-2","US West (Oregon)","arn:aws:ec2:us-west-2:123456789012:instance/i-00df198bc5a1",NULL,"Bucket","Storage","Amazon Simple Storage Service","AWS","5QAZC2IOEHHK5EL8","Amazon Simple Storage Service GB",NULL,"UKQZS8SSQGHZMF95.MI7C44GH","663626350770","Zenith Apollo","BillingAccount","{""team"": ""infra"", ""application"": ""NimbusAPI""}",NULL,"us-west-2b","Usage-Based","Object Storage",2.2726,556.6597344,3.5509,NULL,NULL
"AllocatedMethodId-1629","AllocatedResourceId-3350","AllocatedResourceName-2700","{}",202.57205199,"123456789012","SunBird","BillingAccount","USD","2024-10-01T00:00:00Z","2024-09-01T00:00:00Z",NULL,NULL,"Usage",NULL,"AWS Lambda Function in US East (N. Virginia)","2024-09-19T15:00:00Z","2024-09-19T14:00:00Z",NULL,NULL,NULL,NULL,NULL,NULL,NULL,71.3900000000,"Requests",NULL,208.837167,2.9253,202.57205199,"AWS","INV-202409-58545","AWS",213.09914999999998,2.9850,"Other","USD",71.39,"Requests","AWS","AWS","us-east-1","US East (N. Virginia)","arn:aws:ec2:us-east-1:123456789012:instance/i-00a853aa9fa0",NULL,"Function","Compute","AWS Lambda","AWS","AJVQLW3MDZYJS6EO","AWS Lambda Requests",NULL,"LMV2B2EP7S9KJ9UD.HE078BKU","517389287820","Atlas Nimbus","BillingAccount",NULL,NULL,"eu-west-1c","Usage-Based","Serverless Compute",2.9253,202.57205199,2.9850,NULL,NULL
"AllocatedMethodId-4373","AllocatedResourceId-5030","AllocatedResourceName-4554","{}",41.8127938,"8a93b2c1-1234-4abc-9def-0123456789ab","Contoso Cloud","BillingProfile","USD","2024-10-01T00:00:00Z","2024-09-01T00:00:00Z",NULL,NULL,"Usage",NULL,"Virtual Machines Virtual Machine in UK South","2024-09-25T01:00:00Z","2024-09-25T00:00:00Z","Spend","cd-177514","commit-7514",NULL,"Unused","Committed Use Discount",NULL,NULL,NULL,NULL,50.37685999999999,0.8420,41.8127938,"Microsoft","INV-202409-79459","Microsoft",67.171141,1.1227,"Committed","USD",59.83,"Hours","Microsoft","Microsoft","uksouth","UK South","/subscriptions/8a93b2c1-1234-4abc-9def-0123456789ab/resourceGroups/rg-913/providers/Microsoft.Compute/virtualMachines/vm-3717",NULL,"Virtual Machine","Compute","Virtual Machines","Microsoft","34J38XOJSLYQKXB1","Virtual Machines Hours",NULL,"TJC308OZIWNZ0032.2Y3XVUZI","sub-9a1f","Production","BillingProfile","{""team"": ""infra"", ""business_unit"": ""MarseilleSRE"", ""owner"": ""a.turing""}",NULL,NULL,"Usage-Based","Virtual Machines",0.8420,41.8127938,1.1227,NULL,NULL
"AllocatedMethodId-3467","AllocatedResourceId-4489","AllocatedResourceName-6039","{}",756.40161102,"8a93b2c1-1234-4abc-9def-0123456789ab","Contoso Cloud","BillingProfile","USD","2024-10-01T00:00:00Z","2024-09-01T00:00:00Z",NULL,NULL,"Usage",NULL,"Azure Functions Function App in West Europe","2024-09-29T04:00:00Z","2024-09-29T03:00:00Z",NULL,NULL,NULL,NULL,NULL,NULL,NULL,274.1100000000,"Executions",NULL,879.536757,3.2087,756.40161102,"Microsoft","INV-202409-36608","Microsoft",1047.072789,3.8199,"Dynamic","USD",274.11,"Executions","Microsoft","Microsoft","westeurope","West Europe","/subscriptions/8a93b2c1-1234-4abc-9def-0123456789ab/resourceGroups/rg-311/providers/Microsoft.Compute/virtualMachines/vm-3616",NULL,"Function App","Compute","Azure Functions","Microsoft","0DMNV9KY71L2BNYL","Azure Functions Executions",NULL,"RJZMJ0U3PI5U7CGE.FBADVFUW","sub-4d3e","Sandbox","BillingProfile",NULL,NULL,"uksouth-1","Usage-Based","Serverless Compute",3.2087,756.40161102,3.8199,NULL,NULL
"AllocatedMethodId-9411","AllocatedResourceId-5591","AllocatedResourceName-9526","{}",55.06367232,"123456789012","SunBird","BillingAccount","USD","2024-10-01T00:00:00Z","2024-09-01T00:00:00Z",NULL,NULL,"Usage",NULL,"Amazon Relational Database Service Database Instance in Europe (Ireland)","2024-09-20T02:00:00Z","2024-09-20T01:00:00Z",NULL,NULL,NULL,NULL,NULL,NULL,NULL,144.8800000000,"Hours",NULL,57.357991999999996,0.3959,55.06367232,"AWS","INV-202409-35168","AWS",73.541088,0.5076,"Standard","USD",144.88,"Hours","AWS","AWS","eu-west-1","Europe (Ireland)","arn:aws:ec2:eu-west-1:123456789012:instance/i-00572fcc9e55",NULL,"Database Instance","Databases","Amazon Relational Database Service","AWS","HJ2GCIY4Y4KBX2L2","Amazon Relational Database Service Hours",NULL,"B5WVFXELITZJHMUS.FW5B0KXQ","663626350770","Zenith Apollo","BillingAccount","{""cost_center"": ""CC-3090"", ""team"": ""infra"", ""environment"": ""staging""}",NULL,NULL,"Usage-Based","Relational Databases",0.3959,55.06367232,0.5076,NULL,NULL
"AllocatedMethodId-2153","AllocatedResourceId-3559","AllocatedResourceName-8549","{}",563.5372600000001,"123456789012","SunBird","BillingAccount","USD","2024-10-01T00:00:00Z","2024-09-01T00:00:00Z",NULL,NULL,"Purchase",NULL,"Amazon Simple Queue Service Queue in Europe (Ireland)","2024-09-03T06:00:00Z","2024-09-03T05:00:00Z",NULL,NULL,NULL,NULL,NULL,NULL,NULL,NULL,NULL,NULL,563.5372600000001,4.2835,0,"AWS","INV-202409-54713","AWS",655.2740480000001,4.9808,"Standard","USD",131.56,"Requests","AWS","AWS","eu-west-1","Europe (Ireland)","arn:aws:ec2:eu-west-1:123456789012:instance/i-004aa9ea919e",NULL,"Queue","Integration","Amazon Simple Queue Service","AWS","4YYCRYVX610VIWQ9","Amazon Simple Queue Service Requests",NULL,"M5SRF2FU6HBIGPEL.XEJPFEAA","517389287820","Atlas Nimbus","BillingAccount","{""application"": ""BrightSourceCore"", ""business_unit"": ""ViennaAI"", ""owner"": ""a.lovelace""}",NULL,NULL,"Recurring","Messaging",4.2835,0,4.9808,NULL,NULL
"AllocatedMethodId-9672","AllocatedResourceId-4156","AllocatedResourceName-8799","{}",195.36332288,"01ABCD-2345EF-6789GH","Helios Labs","BillingAccount","USD","2024-10-01T00:00:00Z","2024-09-01T00:00:00Z",NULL,NULL,"Tax",NULL,"Tax charge in Iowa","2024-09-03T10:00:00Z","2024-09-03T09:00:00Z",NULL,NULL,NULL,NULL,NULL,NULL,NULL,NULL,NULL,NULL,81.7550930000,NULL,195.36332288,"Google","INV-202409-91979","Google",70.8237630000,NULL,NULL,"USD",NULL,NULL,"Google","Google",NULL,NULL,NULL,NULL,NULL,"Other","Tax","Google",NULL,NULL,NULL,NULL,"proj-helios-prod","helios-prod","BillingAccount","{""environment"": ""prod"", ""owner"": ""a.turing"", ""application"": ""AtlasPortal""}",NULL,NULL,"One-Time","Other (Security)",NULL,195.36332288,NULL,NULL,NULL
"AllocatedMethodId-4737","AllocatedResourceId-3794","AllocatedResourceName-1699","{}",73.95921,"ocid1.tenancy.oc1..aaaa1234","Meridian OCI","Tenancy","USD","2024-10-01T00:00:00Z","2024-09-01T00:00:00Z",NULL,NULL,"Usage",NULL,"Oracle Load Balancer Load Balancer in Australia East (Sydney)","2024-09-21T01:00:00Z","2024-09-21T00:00:00Z","Spend","cd-284393","commit-4393",NULL,"Used","Savings Plan",NULL,432.5100000000,"Hours",NULL,123.26534999999998,0.2850,73.95921,"Oracle","INV-202409-34941","Oracle",132.521064,0.3064,"Committed","USD",432.51,"Hours","Oracle","Oracle","ap-sydney-1","Australia East (Sydney)","ocid1.instance.oc1.ap-sydney-1.004082c278e3",NULL,"Load Balancer","Networking","Oracle Load Balancer","Oracle","ZS06SN1QWP7AQSKE","Oracle Load Balancer Hours",NULL,"DE5WD1F2AFUXEQU2.W4X5T5U8","ocid1.compartment.oc1..prod","production","Tenancy","{""environment"": ""dev"", ""application"": ""BrightSourceCore"", ""cost_center"": ""CC-2042""}",NULL,NULL,"Usage-Based","Application Networking",0.2850,73.95921,0.3064,NULL,NULL
"AllocatedMethodId-6089","AllocatedResourceId-8028","AllocatedResourceName-2996","{}",86.59201782,"01ABCD-2345EF-6789GH","Helios Labs","BillingAccount","USD","2024-10-01T00:00:00Z","2024-09-01T00:00:00Z",NULL,NULL,"Usage",NULL,"BigQuery Dataset in Northern Virginia","2024-09-14T21:00:00Z","2024-09-14T20:00:00Z","Usage","cd-246205","commit-6205",NULL,"Used","Savings Plan",NULL,226.0900000000,"GiB",NULL,112.457166,0.4974,86.59201782,"Google","INV-202409-92635","Google",160.636945,0.7105,"Dynamic","USD",226.09,"GiB","Google","Google","us-east4","Northern Virginia","//compute.googleapis.com/projects/Helios Labs/zones/us-east4-a/instances/inst-9502",NULL,"Dataset","Analytics","BigQuery","Google","BZ4JRVMB5ZKT9ROM","BigQuery GiB",NULL,"5511K5DWGEU4SJP7.5N05ATKV","proj-helios-dev","helios-dev","BillingAccount","{""team"": ""payments""}",NULL,"us-central1-a","Usage-Based","Data Warehouses",0.4974,86.59201782,0.7105,NULL,NULL
"AllocatedMethodId-6582","AllocatedResourceId-6424","AllocatedResourceName-4184","{}",496.93386,"8a93b2c1-1234-4abc-9def-0123456789ab","Contoso Cloud","BillingProfile","USD","2024-10-01T00:00:00Z","2024-09-01T00:00:00Z",NULL,NULL,"Tax",NULL,"Tax charge in Southeast Asia","2024-09-16T23:00:00Z","2024-09-16T22:00:00Z",NULL,NULL,NULL,NULL,NULL,NULL,NULL,NULL,NULL,NULL,90.1855810000,NULL,496.93386,"Microsoft","INV-202409-46769","Microsoft",96.5473900000,NULL,NULL,"USD",NULL,NULL,"Microsoft","Microsoft",NULL,NULL,NULL,NULL,NULL,"Other","Tax","Microsoft",NULL,NULL,NULL,NULL,"sub-2b7c","Staging","BillingProfile","{""owner"": ""k.johnson"", ""environment"": ""qa""}",NULL,NULL,"One-Time","Other (Security)",NULL,496.93386,NULL,NULL,NULL
"AllocatedMethodId-8617","AllocatedResourceId-3418","AllocatedResourceName-8318","{}",387.21770604,"8a93b2c1-1234-4abc-9def-0123456789ab","Contoso Cloud","BillingProfile","USD","2024-10-01T00:00:00Z","2024-09-01T00:00:00Z",NULL,NULL,"Usage",NULL,"Azure Load Balancer Load Balancer in West Europe","2024-09-21T21:00:00Z","2024-09-21T20:00:00Z",NULL,NULL,NULL,NULL,NULL,NULL,NULL,156.7400000000,"Hours",NULL,586.6934940000001,3.7431,387.21770604,"Microsoft","INV-202409-58317","Microsoft",690.235938,4.4037,"Standard","USD",156.74,"Hours","Microsoft","Microsoft","westeurope","West Europe","/subscriptions/8a93b2c1-1234-4abc-9def-0123456789ab/resourceGroups/rg-815/providers/Microsoft.Compute/virtualMachines/vm-6019",NULL,"Load Balancer","Networking","Azure Load Balancer","Microsoft","RJXD4POAUW49JRU5","Azure Load Balancer Hours",NULL,"U8MMHSDM76SPY1AT.QNJSBB0F","sub-9a1f","Production","BillingProfile","{""cost_center"": ""CC-1001"", ""business_unit"": ""LisbonOps""}",NULL,"eastus-1","Usage-Based","Application Networking",3.7431,387.21770604,4.4037,NULL,NULL
"AllocatedMethodId-9980","AllocatedResourceId-2465","AllocatedResourceName-4395","{}",267.70686428,"ocid1.tenancy.oc1..aaaa1234","Meridian OCI","Tenancy","USD","2024-10-01T00:00:00Z","2024-09-01T00:00:00Z",NULL,NULL,"Usage",NULL,"Oracle Load Balancer Load Balancer in US East (Ashburn)","2024-09-14T10:00:00Z","2024-09-14T09:00:00Z",NULL,NULL,NULL,NULL,NULL,NULL,NULL,137.9800000000,"Hours",NULL,399.562484,2.8958,267.70686428,"Oracle","INV-202409-30314","Oracle",487.27636999999993,3.5315,"Dynamic","USD",137.98,"Hours","Oracle","Oracle","us-ashburn-1","US East (Ashburn)","ocid1.instance.oc1.us-ashburn-1.003ba6e20656",NULL,"Load Balancer","Networking","Oracle Load Balancer","Oracle","UY9B1UZLUCSUC6DI","Oracle Load Balancer Hours",NULL,"5EEIJG7KPFXWVF0V.E5Z8D70Z","ocid1.compartment.oc1..dev","development","Tenancy","{""application"": ""AtlasPortal""}",NULL,NULL,"Usage-Based","Application Networking",2.8958,267.70686428,3.5315,NULL,NULL
"AllocatedMethodId-1682","AllocatedResourceId-7348","AllocatedResourceName-2748","{}",33.3248058,"ocid1.tenancy.oc1..aaaa1234","Meridian OCI","Tenancy","USD","2024-10-01T00:00:00Z","2024-09-01T00:00:00Z",NULL,NULL,"Usage",NULL,"Oracle Object Storage Bucket in US East (Ashburn)","2024-09-10T17:00:00Z","2024-09-10T16:00:00Z","Spend","cd-329639","commit-9639",NULL,"Used","Reserved Instance",NULL,278.8500000000,"GB",NULL,48.296820000000004,0.1732,33.3248058,"Oracle","INV-202409-24770","Oracle",73.198125,0.2625,"Other","USD",278.85,"GB","Oracle","Oracle","us-ashburn-1","US East (Ashburn)","ocid1.instance.oc1.us-ashburn-1.0028d545be53",NULL,"Bucket","Storage","Oracle Object Storage","Oracle","CMCNO5AWFX6KZNJ8","Oracle Object Storage GB",NULL,"ASR9X6YKMQVMUQZH.S2B26ZNL","ocid1.compartment.oc1..dev","development","Tenancy","{""team"": ""platform"", ""owner"": ""k.johnson""}",NULL,"uk-london-1-AD-2","Usage-Based","Object Storage",0.1732,33.3248058,0.2625,NULL,NULL
"AllocatedMethodId-1497","AllocatedResourceId-8807","AllocatedResourceName-3860","{}",30.54389376,"8a93b2c1-1234-4abc-9def-0123456789ab","Contoso Cloud","BillingProfile","USD","2024-10-01T00:00:00Z","2024-09-01T00:00:00Z",NULL,NULL,"Usage",NULL,"Azure Blob Storage Storage Account in Southeast Asia","2024-09-29T19:00:00Z","2024-09-29T18:00:00Z",NULL,NULL,NULL,NULL,NULL,NULL,NULL,180.4800000000,"GB",NULL,36.799872,0.2039,30.54389376,"Microsoft","INV-202409-25771","Microsoft",49.072511999999996,0.2719,"Standard","USD",180.48,"GB","Microsoft","Microsoft","southeastasia","Southeast Asia","/subscriptions/8a93b2c1-1234-4abc-9def-0123456789ab/resourceGroups/rg-285/providers/Microsoft.Compute/virtualMachines/vm-8493",NULL,"Storage Account","Storage","Azure Blob Storage","Microsoft","U3ZK549SPEGABDAR","Azure Blob Storage GB",NULL,"AT2YKGDXNM1XER0B.TCHTJQ3N","sub-4d3e","Sandbox","BillingProfile","{""application"": ""BrightSourceCore"", ""business_unit"": ""MarseilleSRE"", ""owner"": ""k.johnson""}",NULL,"uksouth-1","Usage-Based","Object Storage",0.2039,30.54389376,0.2719,NULL,NULL
"AllocatedMethodId-5791","AllocatedResourceId-3418","AllocatedResourceName-9102","{}",389.9057136,"123456789012","SunBird","BillingAccount","USD","2024-10-01T00:00:00Z","2024-09-01T00:00:00Z",NULL,NULL,"Usage",NULL,"Amazon Elastic Compute Cloud Virtual Machine in US East (N. Virginia)","2024-09-11T01:00:00Z","2024-09-11T00:00:00Z","Spend","cd-166357","commit-6357",NULL,"Used","Reserved Instance",NULL,347.4600000000,"Hours",NULL,469.76592,1.3520,389.9057136,"AWS","INV-202409-55539","AWS",474.52612199999993,1.3657,"Committed","USD",347.46,"Hours","AWS","AWS","us-east-1","US East (N. Virginia)","arn:aws:ec2:us-east-1:123456789012:instance/i-0043b20b8aca",NULL,"Virtual Machine","Compute","Amazon Elastic Compute Cloud","AWS","ACERS4MRBRMP2AC1","Amazon Elastic Compute Cloud Hours",NULL,"95ODSXFX348KXX98.JUW0LZX3","663626350770","Zenith Apollo","BillingAccount","{""application"": ""NimbusAPI"", ""owner"": ""a.turing""}",NULL,NULL,"Usage-Based","Virtual Machines",1.3520,389.9057136,1.3657,NULL,NULL
"AllocatedMethodId-4962","AllocatedResourceId-7653","AllocatedResourceName-5962","{}",1003.3813068,"ocid1.tenancy.oc1..aaaa1234","Meridian OCI","Tenancy","USD","2024-10-01T00:00:00Z","2024-09-01T00:00:00Z",NULL,NULL,"Usage",NULL,"Oracle Autonomous Database Database in UK South (London)","2024-09-26T17:00:00Z","2024-09-26T16:00:00Z",NULL,NULL,NULL,NULL,NULL,NULL,NULL,462.3600000000,"Hours",NULL,1223.6357400000002,2.6465,1003.3813068,"Oracle","INV-202409-50180","Oracle",1492.220664,3.2274,"Standard","USD",462.36,"Hours","Oracle","Oracle","uk-london-1","UK South (London)","ocid1.instance.oc1.uk-london-1.00d61d75b758",NULL,"Database","Databases","Oracle Autonomous Database","Oracle","KINZF0H68C7GAQ9K","Oracle Autonomous Database Hours",NULL,"OV5HUX9Z7ZOW0GO3.JMA6G5JE","ocid1.compartment.oc1..prod","production","Tenancy","{""cost_center"": ""CC-3090"", ""environment"": ""staging""}",NULL,NULL,"Usage-Based","Relational Databases",2.6465,1003.3813068,3.2274,NULL,NULL
"AllocatedMethodId-8688","AllocatedResourceId-1562","AllocatedResourceName-6289","{}",197.0794665,"8a93b2c1-1234-4abc-9def-0123456789ab","Contoso Cloud","BillingProfile","USD","2024-10-01T00:00:00Z","2024-09-01T00:00:00Z",NULL,NULL,"Usage",NULL,"Azure Functions Function App in East US","2024-09-02T01:00:00Z","2024-09-02T00:00:00Z",NULL,NULL,NULL,NULL,NULL,NULL,NULL,103.5500000000,"Executions",NULL,312.82455,3.0210,197.0794665,"Microsoft","INV-202409-89116","Microsoft",428.520965,4.1383,"Standard","USD",103.55,"Executions","Microsoft","Microsoft","eastus","East US","/subscriptions/8a93b2c1-1234-4abc-9def-0123456789ab/resourceGroups/rg-643/providers/Microsoft.Compute/virtualMachines/vm-5407",NULL,"Function App","Compute","Azure Functions","Microsoft","ATVYXNT14C5C5UWB","Azure Functions Executions",NULL,"Q4Y8G1W5BYC5F4Q8.FFPG3YVP","sub-9a1f","Production","BillingProfile",NULL,NULL,NULL,"Usage-Based","Serverless Compute",3.0210,197.0794665,4.1383,NULL,NULL
"AllocatedMethodId-9604","AllocatedResourceId-7034","AllocatedResourceName-9904","{}",185.3523336,"01ABCD-2345EF-6789GH","Helios Labs","BillingAccount","USD","2024-10-01T00:00:00Z","2024-09-01T00:00:00Z",NULL,NULL,"Usage",NULL,"Cloud Functions Function in Northern Virginia","2024-09-27T05:00:00Z","2024-09-27T04:00:00Z",NULL,NULL,NULL,NULL,NULL,NULL,NULL,64.2000000000,"Invocations",NULL,191.08488,2.9764,185.3523336,"Google","INV-202409-12691","Google",276.93312000000003,4.3136,"Other","USD",64.20,"Invocations","Google","Google","us-east4","Northern Virginia","//compute.googleapis.com/projects/Helios Labs/zones/us-east4-a/instances/inst-8217",NULL,"Function","Compute","Cloud Functions","Google","H75L2SKCSV1HJEM4","Cloud Functions Invocations",NULL,"5PAYLYCTLOV5O2HG.KIIB25X1","proj-helios-prod","helios-prod","BillingAccount","{""business_unit"": ""LisbonOps"", ""cost_center"": ""CC-3090""}",NULL,NULL,"Usage-Based","Serverless Compute",2.9764,185.3523336,4.3136,NULL,NULL
"AllocatedMethodId-3824","AllocatedResourceId-7354","AllocatedResourceName-9870","{}",8.26058736,"123456789012","SunBird","BillingAccount","USD","2024-10-01T00:00:00Z","2024-09-01T00:00:00Z",NULL,NULL,"Usage",NULL,"Amazon Simple Queue Service Queue in Asia Pacific (Sydney)","2024-09-12T22:00:00Z","2024-09-12T21:00:00Z",NULL,NULL,NULL,NULL,NULL,NULL,NULL,33.4800000000,"Requests",NULL,9.494928,0.2836,8.26058736,"AWS","INV-202409-22982","AWS",14.607324,0.4363,"Dynamic","USD",33.48,"Requests","AWS","AWS","ap-southeast-2","Asia Pacific (Sydney)","arn:aws:ec2:ap-southeast-2:123456789012:instance/i-0046da7dfe02",NULL,"Queue","Integration","Amazon Simple Queue Service","AWS","M28X9Q4EL0H9COMJ","Amazon Simple Queue Service Requests",NULL,"TIZAXD6AH7R7ATIU.P4NM444N","517389287820","Atlas Nimbus","BillingAccount","{""environment"": ""prod""}",NULL,"us-east-1a","Usage-Based","Messaging",0.2836,8.26058736,0.4363,NULL,NULL
"AllocatedMethodId-2490","AllocatedResourceId-9022","AllocatedResourceName-6610","{}",142.0251128,"123456789012","SunBird","BillingAccount","USD","2024-10-01T00:00:00Z","2024-09-01T00:00:00Z",NULL,NULL,"Adjustment",NULL,"Amazon Simple Storage Service Bucket in US West (Oregon)","2024-09-07T05:00:00Z","2024-09-07T04:00:00Z","Usage","cd-533595","commit-3595",NULL,"Unused","Reserved Instance",NULL,NULL,NULL,NULL,167.088368,0.3376,142.0251128,"AWS","INV-202409-54181","AWS",179.65959,0.3630,"Committed","USD",494.93,"GB","AWS","AWS","us-west-2","US West (Oregon)",NULL,NULL,NULL,"Storage","Amazon Simple Storage Service","AWS","MXZ2OI460KP7S5E1","Amazon Simple Storage Service GB",NULL,"B0E9FJCXRZR3VT8U.T465Y9I4","663626350770","Zenith Apollo","BillingAccount","{""application"": ""NimbusAPI"", ""business_unit"": ""ViennaAI""}",NULL,NULL,"One-Time","Object Storage",0.3376,142.0251128,0.3630,NULL,NULL
"AllocatedMethodId-8450","AllocatedResourceId-5539","AllocatedResourceName-9374","{}",459.69530544,"123456789012","SunBird","BillingAccount","USD","2024-10-01T00:00:00Z","2024-09-01T00:00:00Z",NULL,NULL,"Usage",NULL,"Amazon Relational Database Service Database Instance in Europe (Ireland)","2024-09-13T08:00:00Z","2024-09-13T07:00:00Z",NULL,NULL,NULL,NULL,NULL,NULL,NULL,463.4100000000,"Hours",NULL,676.0225080000001,1.4588,459.69530544,"AWS","INV-202409-74887","AWS",751.1412690000001,1.6209,"Standard","USD",463.41,"Hours","AWS","AWS","eu-west-1","Europe (Ireland)","arn:aws:ec2:eu-west-1:123456789012:instance/i-005a8fc4221a",NULL,"Database Instance","Databases","Amazon Relational Database Service","AWS","1MISMX89UN37LHSP","Amazon Relational Database Service Hours",NULL,"NVL5XPZ4R38VJQEQ.HY9ZAEMQ","438839167390","Zenith Eclipse","BillingAccount",NULL,NULL,"ap-southeast-2a","Usage-Based","Relational Databases",1.4588,459.69530544,1.6209,NULL,NULL
"AllocatedMethodId-5578","AllocatedResourceId-2759","AllocatedResourceName-1051","{}",102.786885,"ocid1.tenancy.oc1..aaaa1234","Meridian OCI","Tenancy","USD","2024-10-01T00:00:00Z","2024-09-01T00:00:00Z",NULL,NULL,"Purchase",NULL,"Oracle Object Storage Bucket in UK South (London)","2024-09-19T06:00:00Z","2024-09-19T05:00:00Z","Usage","cd-228887","commit-8887",NULL,"Used","Reserved Instance",NULL,NULL,NULL,NULL,102.786885,1.9017,0,"Oracle","INV-202409-38880","Oracle",118.147895,2.1859,"Committed","USD",54.05,"GB","Oracle","Oracle","uk-london-1","UK South (London)","ocid1.instance.oc1.uk-london-1.00d63574b6ed",NULL,"Bucket","Storage","Oracle Object Storage","Oracle","1NCDAHVRS1POOR9W","Oracle Object Storage GB",NULL,"PJB9UOKYN8BKFR5H.GP0OP3KL","ocid1.compartment.oc1..prod","production","Tenancy","{""application"": ""AtlasPortal"", ""cost_center"": ""CC-1001""}",NULL,NULL,"One-Time","Object Storage",1.9017,0,2.1859,NULL,NULL
"AllocatedMethodId-8165","AllocatedResourceId-5176","AllocatedResourceName-6705","{}",45.7085728,"8a93b2c1-1234-4abc-9def-0123456789ab","Contoso Cloud","BillingProfile","USD","2024-10-01T00:00:00Z","2024-09-01T00:00:00Z",NULL,NULL,"Usage",NULL,"Azure Load Balancer Load Balancer in Southeast Asia","2024-09-25T18:00:00Z","2024-09-25T17:00:00Z",NULL,NULL,NULL,NULL,NULL,NULL,NULL,106.7000000000,"Hours",NULL,51.94156,0.4868,45.7085728,"Microsoft","INV-202409-21725","Microsoft",53.552730000000004,0.5019,"Dynamic","USD",106.70,"Hours","Microsoft","Microsoft","southeastasia","Southeast Asia","/subscriptions/8a93b2c1-1234-4abc-9def-0123456789ab/resourceGroups/rg-440/providers/Microsoft.Compute/virtualMachines/vm-2472",NULL,"Load Balancer","Networking","Azure Load Balancer","Microsoft","7VUB56Y2NXJEYKZN","Azure Load Balancer Hours",NULL,"NUWZRPSOY4BPE2BY.WXYB5121","sub-2b7c","Staging","BillingProfile","{""cost_center"": ""CC-1001"", ""team"": ""growth""}",NULL,"uksouth-1","Usage-Based","Application Networking",0.4868,45.7085728,0.5019,NULL,NULL
"AllocatedMethodId-3931","AllocatedResourceId-3502","AllocatedResourceName-9743","{}",617.5356978,"8a93b2c1-1234-4abc-9def-0123456789ab","Contoso Cloud","BillingProfile","USD","2024-10-01T00:00:00Z","2024-09-01T00:00:00Z",NULL,NULL,"Usage",NULL,"Azure SQL Database SQL Database in Southeast Asia","2024-09-21T11:00:00Z","2024-09-21T10:00:00Z","Usage","cd-499973","commit-9973",NULL,"Used","Reserved Instance",NULL,322.5100000000,"Hours",NULL,656.95287,2.0370,617.5356978,"Microsoft","INV-202409-58356","Microsoft",966.110956,2.9956,"Committed","USD",322.51,"Hours","Microsoft","Microsoft","southeastasia","Southeast Asia","/subscriptions/8a93b2c1-1234-4abc-9def-0123456789ab/resourceGroups/rg-728/providers/Microsoft.Compute/virtualMachines/vm-9137",NULL,"SQL Database","Databases","Azure SQL Database","Microsoft","9DQF7Q2JSJ1RLO0T","Azure SQL Database Hours",NULL,"K7EOFDLS941KPBME.EGRL8H39","sub-2b7c","Staging","BillingProfile",NULL,NULL,NULL,"Usage-Based","Relational Databases",2.0370,617.5356978,2.9956,NULL,NULL
"AllocatedMethodId-7159","AllocatedResourceId-5907","AllocatedResourceName-7121","{}",630.67355806,"8a93b2c1-1234-4abc-9def-0123456789ab","Contoso Cloud","BillingProfile","USD","2024-10-01T00:00:00Z","2024-09-01T00:00:00Z",NULL,NULL,"Adjustment",NULL,"Azure Blob Storage Storage Account in East US","2024-09-08T08:00:00Z","2024-09-08T07:00:00Z",NULL,NULL,NULL,NULL,NULL,NULL,NULL,NULL,NULL,NULL,941.3038180000001,3.7583,630.67355806,"Microsoft","INV-202409-60144","Microsoft",1120.608132,4.4742,"Standard","USD",250.46,"GB","Microsoft","Microsoft","eastus","East US",NULL,NULL,NULL,"Storage","Azure Blob Storage","Microsoft","R3P3LHPKCEYIAS37","Azure Blob Storage GB",NULL,"5Z98Z737WZQ70K65.ICNEXTH0","sub-2b7c","Staging","BillingProfile","{""cost_center"": ""CC-2042""}",NULL,NULL,"One-Time","Object Storage",3.7583,630.67355806,4.4742,NULL,NULL
"AllocatedMethodId-9347","AllocatedResourceId-4583","AllocatedResourceName-9537","{}",577.3344876,"123456789012","SunBird","BillingAccount","USD","2024-10-01T00:00:00Z","2024-09-01T00:00:00Z",NULL,NULL,"Usage",NULL,"Amazon Relational Database Service Database Instance in Asia Pacific (Sydney)","2024-09-01T17:00:00Z","2024-09-01T16:00:00Z",NULL,NULL,NULL,NULL,NULL,NULL,NULL,375.1800000000,"Hours",NULL,641.482764,1.7098,577.3344876,"AWS","INV-202409-13235","AWS",844.079964,2.2498,"Other","USD",375.18,"Hours","AWS","AWS","ap-southeast-2","Asia Pacific (Sydney)","arn:aws:ec2:ap-southeast-2:123456789012:instance/i-0093893644a2",NULL,"Database Instance","Databases","Amazon Relational Database Service","AWS","Z33XN3I0DPJGSXDW","Amazon Relational Database Service Hours",NULL,"3Y1ESW694C4EWVMT.6KAGJ9RD","517389287820","Atlas Nimbus","BillingAccount","{""environment"": ""prod"", ""owner"": ""g.hopper""}",NULL,NULL,"Usage-Based","Relational Databases",1.7098,577.3344876,2.2498,NULL,NULL
"AllocatedMethodId-9977","AllocatedResourceId-6416","AllocatedResourceName-6349","{}",169.55207464,"01ABCD-2345EF-6789GH","Helios Labs","BillingAccount","USD","2024-10-01T00:00:00Z","2024-09-01T00:00:00Z",NULL,NULL,"Usage",NULL,"Compute Engine VM Instance in Northern Virginia","2024-09-15T07:00:00Z","2024-09-15T06:00:00Z","Usage","cd-559693","commit-9693",NULL,"Used","Savings Plan",NULL,163.2800000000,"Hours",NULL,204.27960800000002,1.2511,169.55207464,"Google","INV-202409-43827","Google",300.418872,1.8399,"Committed","USD",163.28,"Hours","Google","Google","us-east4","Northern Virginia","//compute.googleapis.com/projects/Helios Labs/zones/us-east4-a/instances/inst-8798",NULL,"VM Instance","Compute","Compute Engine","Google","RJJMFYRZOCCTAIM0","Compute Engine Hours",NULL,"M0J19QNAEKCQ4EO3.K5HF3VX4","proj-helios-dev","helios-dev","BillingAccount","{""owner"": ""g.hopper"", ""cost_center"": ""CC-2042"", ""application"": ""AtlasPortal""}",NULL,NULL,"Usage-Based","Virtual Machines",1.2511,169.55207464,1.8399,NULL,NULL
"AllocatedMethodId-6359","AllocatedResourceId-7174","AllocatedResourceName-2357","{}",253.804336,"8a93b2c1-1234-4abc-9def-0123456789ab","Contoso Cloud","BillingProfile","USD","2024-10-01T00:00:00Z","2024-09-01T00:00:00Z",NULL,NULL,"Usage",NULL,"Azure Load Balancer Load Balancer in Southeast Asia","2024-09-11T12:00:00Z","2024-09-11T11:00:00Z",NULL,NULL,NULL,NULL,NULL,NULL,NULL,241.7000000000,"Hours",NULL,317.25541999999996,1.3126,253.804336,"Microsoft","INV-202409-30865","Microsoft",396.58136,1.6408,"Dynamic","USD",241.70,"Hours","Microsoft","Microsoft","southeastasia","Southeast Asia","/subscriptions/8a93b2c1-1234-4abc-9def-0123456789ab/resourceGroups/rg-580/providers/Microsoft.Compute/virtualMachines/vm-6105",NULL,"Load Balancer","Networking","Azure Load Balancer","Microsoft","JG86X0Z0VTFPK4EU","Azure Load Balancer Hours",NULL,"D1Z1J04BVXHTP55Z.NZ1PSPKV","sub-4d3e","Sandbox","BillingProfile","{""business_unit"": ""MarseilleSRE"", ""owner"": ""g.hopper"", ""application"": ""BrightSourceCore""}",NULL,NULL,"Usage-Based","Application Networking",1.3126,253.804336,1.6408,NULL,NULL
"AllocatedMethodId-5811","AllocatedResourceId-7571","AllocatedResourceName-7848","{}",1253.27180088,"123456789012","SunBird","BillingAccount","USD","2024-10-01T00:00:00Z","2024-09-01T00:00:00Z",NULL,NULL,"Usage",NULL,"Amazon Elastic Compute Cloud Virtual Machine in US East (N. Virginia)","2024-09-01T09:00:00Z","2024-09-01T08:00:00Z",NULL,NULL,NULL,NULL,NULL,NULL,NULL,448.2900000000,"Hours",NULL,1424.172501,3.1769,1253.27180088,"AWS","INV-202409-50160","AWS",2094.366051,4.6719,"Dynamic","USD",448.29,"Hours","AWS","AWS","us-east-1","US East (N. Virginia)","arn:aws:ec2:us-east-1:123456789012:instance/i-00616aa2de2a",NULL,"Virtual Machine","Compute","Amazon Elastic Compute Cloud","AWS","XWFCKTVGCFCAMKZ5","Amazon Elastic Compute Cloud Hours",NULL,"GRS7ESIE3QK6G5OS.CZVK42W6","663626350770","Zenith Apollo","BillingAccount",NULL,NULL,"us-east-1a","Usage-Based","Virtual Machines",3.1769,1253.27180088,4.6719,NULL,NULL
"AllocatedMethodId-1688","AllocatedResourceId-3299","AllocatedResourceName-4932","{}",2.3207646,"8a93b2c1-1234-4abc-9def-0123456789ab","Contoso Cloud","BillingProfile","USD","2024-10-01T00:00:00Z","2024-09-01T00:00:00Z",NULL,NULL,"Usage",NULL,"Azure SQL Database SQL Database in Southeast Asia","2024-09-11T07:00:00Z","2024-09-11T06:00:00Z",NULL,NULL,NULL,NULL,NULL,NULL,NULL,18.4100000000,"Hours",NULL,3.5163100000000003,0.1910,2.3207646,"Microsoft","INV-202409-29420","Microsoft",5.408858,0.2938,"Standard","USD",18.41,"Hours","Microsoft","Microsoft","southeastasia","Southeast Asia","/subscriptions/8a93b2c1-1234-4abc-9def-0123456789ab/resourceGroups/rg-307/providers/Microsoft.Compute/virtualMachines/vm-959",NULL,"SQL Database","Databases","Azure SQL Database","Microsoft","VUP410H9TN4CXKZM","Azure SQL Database Hours",NULL,"WEDCQYL53ZU2IU1U.LAKQ0F5V","sub-9a1f","Production","BillingProfile",NULL,NULL,NULL,"Usage-Based","Relational Databases",0.1910,2.3207646,0.2938,NULL,NULL
"AllocatedMethodId-9220","AllocatedResourceId-6016","AllocatedResourceName-1838","{}",169.35408262,"ocid1.tenancy.oc1..aaaa1234","Meridian OCI","Tenancy","USD","2024-10-01T00:00:00Z","2024-09-01T00:00:00Z",NULL,NULL,"Usage",NULL,"Oracle Autonomous Database Database in US East (Ashburn)","2024-09-18T20:00:00Z","2024-09-18T19:00:00Z","Spend","cd-909047","commit-9047",NULL,"Used","Reserved Instance",NULL,180.3700000000,"Hours",NULL,231.991894,1.2862,169.35408262,"Oracle","INV-202409-12142","Oracle",309.31651300000004,1.7149,"Other","USD",180.37,"Hours","Oracle","Oracle","us-ashburn-1","US East (Ashburn)","ocid1.instance.oc1.us-ashburn-1.00af008e50f8",NULL,"Database","Databases","Oracle Autonomous Database","Oracle","9S83CSVB0E403OUO","Oracle Autonomous Database Hours",NULL,"2QTCOQZQA7OCO2PZ.A1DER880","ocid1.compartment.oc1..prod","production","Tenancy","{""owner"": ""a.turing"", ""cost_center"": ""CC-3090"", ""business_unit"": ""MarseilleSRE""}",NULL,"us-ashburn-1-AD-1","Usage-Based","Relational Databases",1.2862,169.35408262,1.7149,NULL,NULL
"AllocatedMethodId-6787","AllocatedResourceId-3890","AllocatedResourceName-7355","{}",244.3287396,"ocid1.tenancy.oc1..aaaa1234","Meridian OCI","Tenancy","USD","2024-10-01T00:00:00Z","2024-09-01T00:00:00Z",NULL,NULL,"Usage",NULL,"Oracle Load Balancer Load Balancer in US East (Ashburn)","2024-09-05T23:00:00Z","2024-09-05T22:00:00Z",NULL,NULL,NULL,NULL,NULL,NULL,NULL,280.3800000000,"Hours",NULL,359.30697000000004,1.2815,244.3287396,"Oracle","INV-202409-22062","Oracle",460.66434,1.6430,"Dynamic","USD",280.38,"Hours","Oracle","Oracle","us-ashburn-1","US East (Ashburn)","ocid1.instance.oc1.us-ashburn-1.00923ac9e0f9",NULL,"Load Balancer","Networking","Oracle Load Balancer","Oracle","BGIQKSQ0K1NKXGST","Oracle Load Balancer Hours",NULL,"89EEJHAPERLH2VH6.836H4RFW","ocid1.compartment.oc1..dev","development","Tenancy",NULL,NULL,NULL,"Usage-Based","Application Networking",1.2815,244.3287396,1.6430,NULL,NULL
"AllocatedMethodId-3224","AllocatedResourceId-8756","AllocatedResourceName-9099","{}",280.42222194,"8a93b2c1-1234-4abc-9def-0123456789ab","Contoso Cloud","BillingProfile","USD","2024-10-01T00:00:00Z","2024-09-01T00:00:00Z",NULL,NULL,"Usage",NULL,"Azure Functions Function App in Southeast Asia","2024-09-01T19:00:00Z","2024-09-01T18:00:00Z",NULL,NULL,NULL,NULL,NULL,NULL,NULL,496.0600000000,"Executions",NULL,346.200274,0.6979,280.42222194,"Microsoft","INV-202409-87710","Microsoft",402.55269,0.8115,"Standard","USD",496.06,"Executions","Microsoft","Microsoft","southeastasia","Southeast Asia","/subscriptions/8a93b2c1-1234-4abc-9def-0123456789ab/resourceGroups/rg-49/providers/Microsoft.Compute/virtualMachines/vm-7234",NULL,"Function App","Compute","Azure Functions","Microsoft","WBVY1G6ZNKM4EO59","Azure Functions Executions",NULL,"3YUXMCC2MAWBXV0A.U3FIG79H","sub-4d3e","Sandbox","BillingProfile",NULL,NULL,NULL,"Usage-Based","Serverless Compute",0.6979,280.42222194,0.8115,NULL,NULL
"AllocatedMethodId-5874","AllocatedResourceId-2645","AllocatedResourceName-7613","{}",444.49329744,"01ABCD-2345EF-6789GH","Helios Labs","BillingAccount","USD","2024-10-01T00:00:00Z","2024-09-01T00:00:00Z",NULL,NULL,"Usage",NULL,"Compute Engine VM Instance in Iowa","2024-09-11T12:00:00Z","2024-09-11T11:00:00Z",NULL,NULL,NULL,NULL,NULL,NULL,NULL,146.7300000000,"Hours",NULL,617.3518019999999,4.2074,444.49329744,"Google","INV-202409-82399","Google",629.955909,4.2933,"Dynamic","USD",146.73,"Hours","Google","Google","us-central1","Iowa","//compute.googleapis.com/projects/Helios Labs/zones/us-central1-a/instances/inst-4934",NULL,"VM Instance","Compute","Compute Engine","Google","RV0E7XE5TT0BBSUL","Compute Engine Hours",NULL,"FI7GXHGQVUHLNFOD.RT98F98T","proj-helios-dev","helios-dev","BillingAccount",NULL,NULL,"europe-west1-b","Usage-Based","Virtual Machines",4.2074,444.49329744,4.2933,NULL,NULL
"AllocatedMethodId-5177","AllocatedResourceId-9153","AllocatedResourceName-1023","{}",12.012975,"123456789012","SunBird","BillingAccount","USD","2024-10-01T00:00:00Z","2024-09-01T00:00:00Z",NULL,NULL,"Usage",NULL,"Amazon Relational Database Service Database Instance in Asia Pacific (Sydney)","2024-09-29T02:00:00Z","2024-09-29T01:00:00Z",NULL,NULL,NULL,NULL,NULL,NULL,NULL,68.4500000000,"Hours",NULL,20.021625,0.2925,12.012975,"AWS","INV-202409-65079","AWS",32.287865000000004,0.4717,"Standard","USD",68.45,"Hours","AWS","AWS","ap-southeast-2","Asia Pacific (Sydney)","arn:aws:ec2:ap-southeast-2:123456789012:instance/i-00a1b065c7e9",NULL,"Database Instance","Databases","Amazon Relational Database Service","AWS","GQK9PFVKLGB4NIK6","Amazon Relational Database Service Hours",NULL,"P0A7RM59PD1NYM7S.WIZ0SRPH","517389287820","Atlas Nimbus","BillingAccount",NULL,NULL,NULL,"Usage-Based","Relational Databases",0.2925,12.012975,0.4717,NULL,NULL
"AllocatedMethodId-7467","AllocatedResourceId-3178","AllocatedResourceName-4573","{}",504.4600638,"123456789012","SunBird","BillingAccount","USD","2024-10-01T00:00:00Z","2024-09-01T00:00:00Z",NULL,NULL,"Tax",NULL,"Tax charge in US West (Oregon)","2024-09-11T20:00:00Z","2024-09-11T19:00:00Z",NULL,NULL,NULL,NULL,NULL,NULL,NULL,NULL,NULL,NULL,27.6549070000,NULL,504.4600638,"AWS","INV-202409-19463","AWS",11.2613560000,NULL,NULL,"USD",NULL,NULL,"AWS","AWS",NULL,NULL,NULL,NULL,NULL,"Other","Tax","AWS",NULL,NULL,NULL,NULL,"663626350770","Zenith Apollo","BillingAccount","{""environment"": ""prod""}",NULL,NULL,"One-Time","Other (Security)",NULL,504.4600638,NULL,NULL,NULL
"AllocatedMethodId-6326","AllocatedResourceId-7735","AllocatedResourceName-7205","{}",308.45697142,"123456789012","SunBird","BillingAccount","USD","2024-10-01T00:00:00Z","2024-09-01T00:00:00Z",NULL,NULL,"Tax","Correction","Tax charge in US West (Oregon)","2024-09-05T18:00:00Z","2024-09-05T17:00:00Z",NULL,NULL,NULL,NULL,NULL,NULL,NULL,NULL,NULL,NULL,65.9520230000,NULL,308.45697142,"AWS","INV-202409-58333","AWS",68.0314530000,NULL,NULL,"USD",NULL,NULL,"AWS","AWS",NULL,NULL,NULL,NULL,NULL,"Other","Tax","AWS",NULL,NULL,NULL,NULL,"663626350770","Zenith Apollo","BillingAccount",NULL,NULL,NULL,"One-Time","Other (Security)",NULL,308.45697142,NULL,NULL,NULL
"AllocatedMethodId-2619","AllocatedResourceId-5453","AllocatedResourceName-9462","{}",1113.97448484,"ocid1.tenancy.oc1..aaaa1234","Meridian OCI","Tenancy","USD","2024-10-01T00:00:00Z","2024-09-01T00:00:00Z",NULL,NULL,"Usage",NULL,"Oracle Object Storage Bucket in Australia East (Sydney)","2024-09-09T20:00:00Z","2024-09-09T19:00:00Z",NULL,NULL,NULL,NULL,NULL,NULL,NULL,429.0600000000,"GB",NULL,1136.708658,2.6493,1113.97448484,"Oracle","INV-202409-43398","Oracle",1420.875096,3.3116,"Other","USD",429.06,"GB","Oracle","Oracle","ap-sydney-1","Australia East (Sydney)","ocid1.instance.oc1.ap-sydney-1.0061ceae4044",NULL,"Bucket","Storage","Oracle Object Storage","Oracle","N0HSJSRL1A47E3WT","Oracle Object Storage GB",NULL,"O2MR4YRK4O2IBP5Y.O96JHRX7","ocid1.compartment.oc1..prod","production","Tenancy","{""team"": ""platform"", ""environment"": ""prod""}",NULL,NULL,"Usage-Based","Object Storage",2.6493,1113.97448484,3.3116,NULL,NULL
"AllocatedMethodId-7756","AllocatedResourceId-9765","AllocatedResourceName-2189","{}",104.3893728,"01ABCD-2345EF-6789GH","Helios Labs","BillingAccount","USD","2024-10-01T00:00:00Z","2024-09-01T00:00:00Z",NULL,NULL,"Usage",NULL,"Cloud Load Balancing Forwarding Rule in Northern Virginia","2024-09-03T17:00:00Z","2024-09-03T16:00:00Z",NULL,NULL,NULL,NULL,NULL,NULL,NULL,120.6200000000,"Hours",NULL,115.98819200000001,0.9616,104.3893728,"Google","INV-202409-71221","Google",170.568742,1.4141,"Standard","USD",120.62,"Hours","Google","Google","us-east4","Northern Virginia","//compute.googleapis.com/projects/Helios Labs/zones/us-east4-a/instances/inst-3515",NULL,"Forwarding Rule","Networking","Cloud Load Balancing","Google","90VA4MLGT1QRMZWG","Cloud Load Balancing Hours",NULL,"Y4MPUCVW4P8V5O19.BEGIO0CN","proj-helios-prod","helios-prod","BillingAccount","{""cost_center"": ""CC-3090"", ""owner"": ""a.turing"", ""environment"": ""prod""}",NULL,"us-central1-a","Usage-Based","Application Networking",0.9616,104.3893728,1.4141,NULL,NULL
"AllocatedMethodId-8364","AllocatedResourceId-4696","AllocatedResourceName-3203","{}",28.19726464,"123456789012","SunBird","BillingAccount","USD","2024-10-01T00:00:00Z","2024-09-01T00:00:00Z",NULL,NULL,"Usage",NULL,"AWS Lambda Function in Asia Pacific (Sydney)","2024-09-06T19:00:00Z","2024-09-06T18:00:00Z",NULL,NULL,NULL,NULL,NULL,NULL,NULL,185.4400000000,"Requests",NULL,33.972608,0.1832,28.19726464,"AWS","INV-202409-18031","AWS",33.972608,0.1832,"Standard","USD",185.44,"Requests","AWS","AWS","ap-southeast-2","Asia Pacific (Sydney)","arn:aws:ec2:ap-southeast-2:123456789012:instance/i-00b112fc67e4",NULL,"Function","Compute","AWS Lambda","AWS","8PC4R8KA5N0VGF6O","AWS Lambda Requests",NULL,"RA1WW29KBGBRMLKO.CLMNMIS3","663626350770","Zenith Apollo","BillingAccount","{""team"": ""growth"", ""environment"": ""dev"", ""application"": ""BrightLensMatrix""}",NULL,"eu-west-1c","Usage-Based","Serverless Compute",0.1832,28.19726464,0.1832,NULL,NULL
"AllocatedMethodId-1881","AllocatedResourceId-4764","AllocatedResourceName-9741","{}",603.42436386,"123456789012","SunBird","BillingAccount","USD","2024-10-01T00:00:00Z","2024-09-01T00:00:00Z",NULL,NULL,"Adjustment",NULL,"Amazon Elastic Compute Cloud Virtual Machine in US West (Oregon)","2024-09-27T19:00:00Z","2024-09-27T18:00:00Z",NULL,NULL,NULL,NULL,NULL,NULL,NULL,NULL,NULL,NULL,648.843402,1.5546,603.42436386,"AWS","INV-202409-26617","AWS",901.185304,2.1592,"Standard","USD",417.37,"Hours","AWS","AWS","us-west-2","US West (Oregon)",NULL,NULL,NULL,"Compute","Amazon Elastic Compute Cloud","AWS","8L0GFKNEJ0G1OKR7","Amazon Elastic Compute Cloud Hours",NULL,"97V2K8N21L2RUQNB.MZSY83FH","438839167390","Zenith Eclipse","BillingAccount","{""business_unit"": ""ViennaAI""}",NULL,NULL,"One-Time","Virtual Machines",1.5546,603.42436386,2.1592,NULL,NULL
"AllocatedMethodId-2328","AllocatedResourceId-2353","AllocatedResourceName-4119","{}",14.21003664,"123456789012","SunBird","BillingAccount","USD","2024-10-01T00:00:00Z","2024-09-01T00:00:00Z",NULL,NULL,"Usage",NULL,"Elastic Load Balancing Load Balancer in Asia Pacific (Sydney)","2024-09-28T18:00:00Z","2024-09-28T17:00:00Z",NULL,NULL,NULL,NULL,NULL,NULL,NULL,26.4300000000,"LCU-Hours",NULL,15.445692000000001,0.5844,14.21003664,"AWS","INV-202409-31616","AWS",23.76057,0.8990,"Standard","USD",26.43,"LCU-Hours","AWS","AWS","ap-southeast-2","Asia Pacific (Sydney)","arn:aws:ec2:ap-southeast-2:123456789012:instance/i-00545b73e749",NULL,"Load Balancer","Networking","Elastic Load Balancing","AWS","89FV78FQQV9ILC15","Elastic Load Balancing LCU-Hours",NULL,"NIOF7J2E18FU3KRV.BCABBBFU","438839167390","Zenith Eclipse","BillingAccount",NULL,NULL,NULL,"Usage-Based","Application Networking",0.5844,14.21003664,0.8990,NULL,NULL
"AllocatedMethodId-4733","AllocatedResourceId-6269","AllocatedResourceName-7054","{}",8.328213,"ocid1.tenancy.oc1..aaaa1234","Meridian OCI","Tenancy","USD","2024-10-01T00:00:00Z","2024-09-01T00:00:00Z",NULL,NULL,"Purchase",NULL,"Oracle Compute Instance in UK South (London)","2024-09-03T11:00:00Z","2024-09-03T10:00:00Z","Usage","cd-220751","commit-0751",NULL,"Unused","Savings Plan",NULL,NULL,NULL,NULL,8.328213,0.6441,0,"Oracle","INV-202409-77067","Oracle",9.684569999999999,0.7490,"Committed","USD",12.93,"Hours","Oracle","Oracle","uk-london-1","UK South (London)","ocid1.instance.oc1.uk-london-1.00c2e22754f9",NULL,"Instance","Compute","Oracle Compute","Oracle","84S57EJLS6CUY4C6","Oracle Compute Hours",NULL,"13BCDAQPYWVFX7R7.JZYHP0JR","ocid1.compartment.oc1..dev","development","Tenancy",NULL,NULL,NULL,"One-Time","Virtual Machines",0.6441,0,0.7490,NULL,NULL
"AllocatedMethodId-4976","AllocatedResourceId-7877","AllocatedResourceName-3138","{}",743.7891612,"123456789012","SunBird","BillingAccount","USD","2024-10-01T00:00:00Z","2024-09-01T00:00:00Z",NULL,NULL,"Usage",NULL,"Amazon Relational Database Service Database Instance in Europe (Ireland)","2024-09-25T15:00:00Z","2024-09-25T14:00:00Z","Usage","cd-530108","commit-0108",NULL,"Unused","Committed Use Discount",NULL,NULL,NULL,NULL,1093.8075900000001,3.0626,743.7891612,"AWS","INV-202409-12714","AWS",1116.129465,3.1251,"Committed","USD",357.15,"Hours","AWS","AWS","eu-west-1","Europe (Ireland)","arn:aws:ec2:eu-west-1:123456789012:instance/i-0046cf132a18",NULL,"Database Instance","Databases","Amazon Relational Database Service","AWS","IEDRDHZQ7H97AQQL","Amazon Relational Database Service Hours",NULL,"945P7MYM7EZRPJEJ.ZSK7T0TK","517389287820","Atlas Nimbus","BillingAccount","{""cost_center"": ""CC-3090""}",NULL,NULL,"Usage-Based","Relational Databases",3.0626,743.7891612,3.1251,NULL,NULL
"AllocatedMethodId-4183","AllocatedResourceId-9621","AllocatedResourceName-5222","{}",86.5651248,"01ABCD-2345EF-6789GH","Helios Labs","BillingAccount","USD","2024-10-01T00:00:00Z","2024-09-01T00:00:00Z",NULL,NULL,"Usage",NULL,"Cloud Load Balancing Forwarding Rule in Northern Virginia","2024-09-05T11:00:00Z","2024-09-05T10:00:00Z",NULL,NULL,NULL,NULL,NULL,NULL,NULL,41.0900000000,"Hours",NULL,120.22934000000002,2.9260,86.5651248,"Google","INV-202409-56538","Google",179.44824800000004,4.3672,"Standard","USD",41.09,"Hours","Google","Google","us-east4","Northern Virginia","//compute.googleapis.com/projects/Helios Labs/zones/us-east4-a/instances/inst-1003",NULL,"Forwarding Rule","Networking","Cloud Load Balancing","Google","XV8LSMBF4YT0RS67","Cloud Load Balancing Hours",NULL,"6BOGXP967LRVI3DV.CSDSPNNN","proj-helios-prod","helios-prod","BillingAccount","{""business_unit"": ""ViennaAI"", ""owner"": ""g.hopper""}",NULL,"us-central1-a","Usage-Based","Application Networking",2.9260,86.5651248,4.3672,NULL,NULL
"AllocatedMethodId-6665","AllocatedResourceId-3194","AllocatedResourceName-1949","{}",99.7446318,"01ABCD-2345EF-6789GH","Helios Labs","BillingAccount","USD","2024-10-01T00:00:00Z","2024-09-01T00:00:00Z",NULL,NULL,"Usage",NULL,"Cloud Load Balancing Forwarding Rule in Iowa","2024-09-10T12:00:00Z","2024-09-10T11:00:00Z",NULL,NULL,NULL,NULL,NULL,NULL,NULL,47.3000000000,"Hours",NULL,112.07262,2.3694,99.7446318,"Google","INV-202409-58222","Google",141.86688999999998,2.9993,"Standard","USD",47.30,"Hours","Google","Google","us-central1","Iowa","//compute.googleapis.com/projects/Helios Labs/zones/us-central1-a/instances/inst-6062",NULL,"Forwarding Rule","Networking","Cloud Load Balancing","Google","0CEF65UYG36097AA","Cloud Load Balancing Hours",NULL,"LNBBGV0H9I7APYV4.5QSH0ANZ","proj-helios-dev","helios-dev","BillingAccount","{""environment"": ""dev"", ""owner"": ""a.turing"", ""application"": ""BrightSourceCore""}",NULL,"asia-southeast1-c","Usage-Based","Application Networking",2.3694,99.7446318,2.9993,NULL,NULL
"AllocatedMethodId-4328","AllocatedResourceId-6919","AllocatedResourceName-7399","{}",72.394312,"123456789012","SunBird","BillingAccount","USD","2024-10-01T00:00:00Z","2024-09-01T00:00:00Z",NULL,NULL,"Purchase",NULL,"Amazon Relational Database Service Database Instance in US East (N. Virginia)","2024-09-23T11:00:00Z","2024-09-23T10:00:00Z",NULL,NULL,NULL,NULL,NULL,NULL,NULL,NULL,NULL,NULL,72.394312,1.3298,0,"AWS","INV-202409-78191","AWS",79.553172,1.4613,"Standard","USD",54.44,"Hours","AWS","AWS","us-east-1","US East (N. Virginia)","arn:aws:ec2:us-east-1:123456789012:instance/i-0048b0ba5831",NULL,"Database Instance","Databases","Amazon Relational Database Service","AWS","KKN6JEP2RVV0EFQC","Amazon Relational Database Service Hours",NULL,"SI780CXBVP5Z11C7.GHI1BCMD","517389287820","Atlas Nimbus","BillingAccount",NULL,NULL,NULL,"One-Time","Relational Databases",1.3298,0,1.4613,NULL,NULL
"AllocatedMethodId-3978","AllocatedResourceId-1258","AllocatedResourceName-8423","{}",383.9122512,"ocid1.tenancy.oc1..aaaa1234","Meridian OCI","Tenancy","USD","2024-10-01T00:00:00Z","2024-09-01T00:00:00Z",NULL,NULL,"Usage",NULL,"Oracle Load Balancer Load Balancer in US East (Ashburn)","2024-09-17T12:00:00Z","2024-09-17T11:00:00Z",NULL,NULL,NULL,NULL,NULL,NULL,NULL,160.2000000000,"Hours",NULL,573.0033599999999,3.5768,383.9122512,"Oracle","INV-202409-47455","Oracle",596.87316,3.7258,"Standard","USD",160.20,"Hours","Oracle","Oracle","us-ashburn-1","US East (Ashburn)","ocid1.instance.oc1.us-ashburn-1.00b7c4b92bc7",NULL,"Load Balancer","Networking","Oracle Load Balancer","Oracle","519JN7QSCHPT9A72","Oracle Load Balancer Hours",NULL,"MVTP497I0CNOXHDG.X2BD6XES","ocid1.compartment.oc1..prod","production","Tenancy","{""application"": ""BrightSourceCore"", ""team"": ""infra""}",NULL,NULL,"Usage-Based","Application Networking",3.5768,383.9122512,3.7258,NULL,NULL
"AllocatedMethodId-9769","AllocatedResourceId-6999","AllocatedResourceName-7293","{}",424.34468995,"01ABCD-2345EF-6789GH","Helios Labs","BillingAccount","USD","2024-10-01T00:00:00Z","2024-09-01T00:00:00Z",NULL,NULL,"Tax",NULL,"Tax charge in Belgium","2024-09-26T13:00:00Z","2024-09-26T12:00:00Z",NULL,NULL,NULL,NULL,NULL,NULL,NULL,NULL,NULL,NULL,63.6777010000,NULL,424.34468995,"Google","INV-202409-29029","Google",56.8761200000,NULL,NULL,"USD",NULL,NULL,"Google","Google",NULL,NULL,NULL,NULL,NULL,"Other","Tax","Google",NULL,NULL,NULL,NULL,"proj-helios-dev","helios-dev","BillingAccount","{""owner"": ""a.lovelace"", ""cost_center"": ""CC-3090"", ""team"": ""growth""}",NULL,NULL,"One-Time","Other (Security)",NULL,424.34468995,NULL,NULL,NULL
"AllocatedMethodId-9998","AllocatedResourceId-3412","AllocatedResourceName-7655","{}",729.617203,"8a93b2c1-1234-4abc-9def-0123456789ab","Contoso Cloud","BillingProfile","USD","2024-10-01T00:00:00Z","2024-09-01T00:00:00Z",NULL,NULL,"Adjustment",NULL,"Azure SQL Database SQL Database in East US","2024-09-01T22:00:00Z","2024-09-01T21:00:00Z",NULL,NULL,NULL,NULL,NULL,NULL,NULL,NULL,NULL,NULL,744.50735,2.6146,729.617203,"Microsoft","INV-202409-13924","Microsoft",1128.037125,3.9615,"Standard","USD",284.75,"Hours","Microsoft","Microsoft","eastus","East US",NULL,NULL,NULL,"Databases","Azure SQL Database","Microsoft","OSJ1Z9D0B94JZH30","Azure SQL Database Hours",NULL,"B2LNT9O7OUXP7I9B.SAW0HJ1V","sub-2b7c","Staging","BillingProfile",NULL,NULL,NULL,"One-Time","Relational Databases",2.6146,729.617203,3.9615,NULL,NULL
"AllocatedMethodId-5575","AllocatedResourceId-2312","AllocatedResourceName-5801","{}",191.41255854,"01ABCD-2345EF-6789GH","Helios Labs","BillingAccount","USD","2024-10-01T00:00:00Z","2024-09-01T00:00:00Z",NULL,NULL,"Usage",NULL,"Cloud Functions Function in Belgium","2024-09-29T05:00:00Z","2024-09-29T04:00:00Z","Spend","cd-969494","commit-9494",NULL,"Unused","Reserved Instance",NULL,NULL,NULL,NULL,303.829458,1.5889,191.41255854,"Google","INV-202409-90224","Google",361.69263,1.8915,"Committed","USD",191.22,"Invocations","Google","Google","europe-west1","Belgium","//compute.googleapis.com/projects/Helios Labs/zones/europe-west1-a/instances/inst-7603",NULL,"Function","Compute","Cloud Functions","Google","UVHQMRZ8JPT6RCBK","Cloud Functions Invocations",NULL,"4OAA61ZYEDHY6MEF.MVBDEY7D","proj-helios-dev","helios-dev","BillingAccount","{""owner"": ""g.hopper""}",NULL,NULL,"Usage-Based","Serverless Compute",1.5889,191.41255854,1.8915,NULL,NULL
"AllocatedMethodId-6648","AllocatedResourceId-7575","AllocatedResourceName-2781","{}",606.43885302,"123456789012","SunBird","BillingAccount","USD","2024-10-01T00:00:00Z","2024-09-01T00:00:00Z",NULL,NULL,"Usage",NULL,"AWS Lambda Function in Europe (Ireland)","2024-09-20T09:00:00Z","2024-09-20T08:00:00Z",NULL,NULL,NULL,NULL,NULL,NULL,NULL,260.9100000000,"Requests",NULL,705.161457,2.7027,606.43885302,"AWS","INV-202409-36557","AWS",1137.3588720000002,4.3592,"Other","USD",260.91,"Requests","AWS","AWS","eu-west-1","Europe (Ireland)","arn:aws:ec2:eu-west-1:123456789012:instance/i-001b8d9d96ed",NULL,"Function","Compute","AWS Lambda","AWS","522SZKD2IZ0IIWB9","AWS Lambda Requests",NULL,"F54YDKEQBZ78QEMM.M3OFIUWK","517389287820","Atlas Nimbus","BillingAccount",NULL,NULL,"eu-west-1c","Usage-Based","Serverless Compute",2.7027,606.43885302,4.3592,NULL,NULL
"AllocatedMethodId-2676","AllocatedResourceId-4168","AllocatedResourceName-5277","{}",92.959284,"ocid1.tenancy.oc1..aaaa1234","Meridian OCI","Tenancy","USD","2024-10-01T00:00:00Z","2024-09-01T00:00:00Z",NULL,NULL,"Usage",NULL,"Oracle Load Balancer Load Balancer in US East (Ashburn)","2024-09-01T11:00:00Z","2024-09-01T10:00:00Z",NULL,NULL,NULL,NULL,NULL,NULL,NULL,339.0200000000,"Hours",NULL,123.94571199999999,0.3656,92.959284,"Oracle","INV-202409-33906","Oracle",133.26876199999998,0.3931,"Standard","USD",339.02,"Hours","Oracle","Oracle","us-ashburn-1","US East (Ashburn)","ocid1.instance.oc1.us-ashburn-1.0089805661d8",NULL,"Load Balancer","Networking","Oracle Load Balancer","Oracle","E8STQDKUDJZS6CG1","Oracle Load Balancer Hours",NULL,"RSDP2NQGZ48GJ356.KLEAKF58","ocid1.compartment.oc1..dev","development","Tenancy","{""owner"": ""a.turing"", ""business_unit"": ""LisbonOps"", ""environment"": ""staging""}",NULL,"us-ashburn-1-AD-1","Usage-Based","Application Networking",0.3656,92.959284,0.3931,NULL,NULL
"AllocatedMethodId-3463","AllocatedResourceId-2193","AllocatedResourceName-9566","{}",158.5519296,"ocid1.tenancy.oc1..aaaa1234","Meridian OCI","Tenancy","USD","2024-10-01T00:00:00Z","2024-09-01T00:00:00Z",NULL,NULL,"Credit",NULL,"Oracle Object Storage Bucket in Australia East (Sydney)","2024-09-22T00:00:00Z","2024-09-21T23:00:00Z",NULL,NULL,NULL,NULL,NULL,NULL,NULL,NULL,NULL,NULL,166.896768,1.4272,158.5519296,"Oracle","INV-202409-84636","Oracle",249.10558799999998,2.1302,"Dynamic","USD",116.94,"GB","Oracle","Oracle","ap-sydney-1","Australia East (Sydney)",NULL,NULL,NULL,"Storage","Oracle Object Storage","Oracle","O2B581ZH34DZ5PZ7","Oracle Object Storage GB",NULL,"JAXAY8JFKLOWUKFZ.XAV82GQZ","ocid1.compartment.oc1..dev","development","Tenancy","{""environment"": ""qa"", ""cost_center"": ""CC-1001"", ""business_unit"": ""OsloData""}",NULL,NULL,"One-Time","Object Storage",1.4272,158.5519296,2.1302,NULL,NULL
"AllocatedMethodId-8559","AllocatedResourceId-9108","AllocatedResourceName-9719","{}",914.79467745,"8a93b2c1-1234-4abc-9def-0123456789ab","Contoso Cloud","BillingProfile","USD","2024-10-01T00:00:00Z","2024-09-01T00:00:00Z",NULL,NULL,"Usage",NULL,"Virtual Machines Virtual Machine in West Europe","2024-09-25T06:00:00Z","2024-09-25T05:00:00Z","Usage","cd-346645","commit-6645",NULL,"Unused","Committed Use Discount",NULL,NULL,NULL,NULL,1051.488135,2.2023,914.79467745,"Microsoft","INV-202409-92289","Microsoft",1330.987365,2.7877,"Committed","USD",477.45,"Hours","Microsoft","Microsoft","westeurope","West Europe","/subscriptions/8a93b2c1-1234-4abc-9def-0123456789ab/resourceGroups/rg-182/providers/Microsoft.Compute/virtualMachines/vm-3404",NULL,"Virtual Machine","Compute","Virtual Machines","Microsoft","CO81Q6SITV69EFSW","Virtual Machines Hours",NULL,"2863C2FWLP8Z2Y4M.8LB2RYEE","sub-2b7c","Staging","BillingProfile","{""environment"": ""dev""}",NULL,NULL,"Usage-Based","Virtual Machines",2.2023,914.79467745,2.7877,NULL,NULL
"AllocatedMethodId-3693","AllocatedResourceId-5271","AllocatedResourceName-2304","{}",457.7404975,"ocid1.tenancy.oc1..aaaa1234","Meridian OCI","Tenancy","USD","2024-10-01T00:00:00Z","2024-09-01T00:00:00Z",NULL,NULL,"Usage",NULL,"Oracle Functions Function in Australia East (Sydney)","2024-09-27T15:00:00Z","2024-09-27T14:00:00Z","Spend","cd-641187","commit-1187",NULL,"Used","Savings Plan",NULL,248.6200000000,"Invocations",NULL,704.21615,2.8325,457.7404975,"Oracle","INV-202409-63071","Oracle",1051.065912,4.2276,"Committed","USD",248.62,"Invocations","Oracle","Oracle","ap-sydney-1","Australia East (Sydney)","ocid1.instance.oc1.ap-sydney-1.00541351f9c4",NULL,"Function","Compute","Oracle Functions","Oracle","XDRBXYYV3CBHKR8L","Oracle Functions Invocations",NULL,"VXRQL7Z3ZMIWSLPI.8RZOM8GV","ocid1.compartment.oc1..prod","production","Tenancy","{""business_unit"": ""LisbonOps"", ""cost_center"": ""CC-3090"", ""application"": ""BrightSourceCore""}",NULL,NULL,"Usage-Based","Serverless Compute",2.8325,457.7404975,4.2276,NULL,NULL
"AllocatedMethodId-4548","AllocatedResourceId-3842","AllocatedResourceName-6998","{}",325.54484512,"01ABCD-2345EF-6789GH","Helios Labs","BillingAccount","USD","2024-10-01T00:00:00Z","2024-09-01T00:00:00Z",NULL,NULL,"Usage",NULL,"Cloud Storage Bucket in Singapore","2024-09-08T15:00:00Z","2024-09-08T14:00:00Z","Usage","cd-460002","commit-0002",NULL,"Used","Reserved Instance",NULL,85.9400000000,"GiB",NULL,369.937324,4.3046,325.54484512,"Google","INV-202409-24053","Google",406.521982,4.7303,"Committed","USD",85.94,"GiB","Google","Google","asia-southeast1","Singapore","//compute.googleapis.com/projects/Helios Labs/zones/asia-southeast1-a/instances/inst-7519",NULL,"Bucket","Storage","Cloud Storage","Google","QY9UBU5SQOAMTH6E","Cloud Storage GiB",NULL,"H44KDM7VPRCFXNZT.FUS3GUUM","proj-helios-dev","helios-dev","BillingAccount","{""application"": ""AtlasPortal"", ""cost_center"": ""CC-2042"", ""team"": ""platform""}",NULL,NULL,"Usage-Based","Object Storage",4.3046,325.54484512,4.7303,NULL,NULL
"AllocatedMethodId-3264","AllocatedResourceId-9072","AllocatedResourceName-6535","{}",298.6397106,"8a93b2c1-1234-4abc-9def-0123456789ab","Contoso Cloud","BillingProfile","USD","2024-10-01T00:00:00Z","2024-09-01T00:00:00Z",NULL,NULL,"Usage",NULL,"Azure Kubernetes Service Cluster in UK South","2024-09-23T10:00:00Z","2024-09-23T09:00:00Z",NULL,NULL,NULL,NULL,NULL,NULL,NULL,223.6700000000,"Hours",NULL,351.34083599999997,1.5708,298.6397106,"Microsoft","INV-202409-31966","Microsoft",354.89718899999997,1.5867,"Dynamic","USD",223.67,"Hours","Microsoft","Microsoft","uksouth","UK South","/subscriptions/8a93b2c1-1234-4abc-9def-0123456789ab/resourceGroups/rg-740/providers/Microsoft.Compute/virtualMachines/vm-6966",NULL,"Cluster","Compute","Azure Kubernetes Service","Microsoft","SFCWL3Y7H749DI4A","Azure Kubernetes Service Hours",NULL,"RXIP679WZKIV910D.U60282RT","sub-4d3e","Sandbox","BillingProfile",NULL,NULL,NULL,"Usage-Based","Containers",1.5708,298.6397106,1.5867,NULL,NULL
"AllocatedMethodId-8226","AllocatedResourceId-5795","AllocatedResourceName-7771","{}",1166.622744,"01ABCD-2345EF-6789GH","Helios Labs","BillingAccount","USD","2024-10-01T00:00:00Z","2024-09-01T00:00:00Z",NULL,NULL,"Usage",NULL,"Cloud Load Balancing Forwarding Rule in Singapore","2024-09-26T03:00:00Z","2024-09-26T02:00:00Z",NULL,NULL,NULL,NULL,NULL,NULL,NULL,393.8100000000,"Hours",NULL,1458.2784299999998,3.7030,1166.622744,"Google","INV-202409-93535","Google",1657.1130990000001,4.2079,"Standard","USD",393.81,"Hours","Google","Google","asia-southeast1","Singapore","//compute.googleapis.com/projects/Helios Labs/zones/asia-southeast1-a/instances/inst-8228",NULL,"Forwarding Rule","Networking","Cloud Load Balancing","Google","ACCJTXOOEPIHUUEN","Cloud Load Balancing Hours",NULL,"AUV4C7N19LGSTS77.YY5J5O12","proj-helios-dev","helios-dev","BillingAccount","{""application"": ""NimbusAPI""}",NULL,NULL,"Usage-Based","Application Networking",3.7030,1166.622744,4.2079,NULL,NULL
"AllocatedMethodId-1535","AllocatedResourceId-6331","AllocatedResourceName-3333","{}",139.43955676,"8a93b2c1-1234-4abc-9def-0123456789ab","Contoso Cloud","BillingProfile","USD","2024-10-01T00:00:00Z","2024-09-01T00:00:00Z",NULL,NULL,"Usage",NULL,"Azure Load Balancer Load Balancer in East US","2024-09-16T16:00:00Z","2024-09-16T15:00:00Z",NULL,NULL,NULL,NULL,NULL,NULL,NULL,83.8600000000,"Hours",NULL,142.28526200000002,1.6967,139.43955676,"Microsoft","INV-202409-30284","Microsoft",154.65461200000001,1.8442,"Other","USD",83.86,"Hours","Microsoft","Microsoft","eastus","East US","/subscriptions/8a93b2c1-1234-4abc-9def-0123456789ab/resourceGroups/rg-874/providers/Microsoft.Compute/virtualMachines/vm-7168",NULL,"Load Balancer","Networking","Azure Load Balancer","Microsoft","MJATFDYAF7P0Q5KN","Azure Load Balancer Hours",NULL,"93WB8K4Z7F3LLW43.UQX9R4IY","sub-9a1f","Production","BillingProfile","{""owner"": ""a.lovelace""}",NULL,NULL,"Usage-Based","Application Networking",1.6967,139.43955676,1.8442,NULL,NULL
"AllocatedMethodId-6449","AllocatedResourceId-5276","AllocatedResourceName-5159","{}",391.045395,"123456789012","SunBird","BillingAccount","USD","2024-10-01T00:00:00Z","2024-09-01T00:00:00Z",NULL,NULL,"Usage",NULL,"Elastic Load Balancing Load Balancer in Asia Pacific (Sydney)","2024-09-29T02:00:00Z","2024-09-29T01:00:00Z",NULL,NULL,NULL,NULL,NULL,NULL,NULL,196.2500000000,"LCU-Hours",NULL,501.34025,2.5546,391.045395,"AWS","INV-202409-84847","AWS",539.079125,2.7469,"Standard","USD",196.25,"LCU-Hours","AWS","AWS","ap-southeast-2","Asia Pacific (Sydney)","arn:aws:ec2:ap-southeast-2:123456789012:instance/i-00a83577ce57",NULL,"Load Balancer","Networking","Elastic Load Balancing","AWS","LBULLJN0KG1UETP9","Elastic Load Balancing LCU-Hours",NULL,"9JPKUXP8NU9TR0H5.35OKZSPB","438839167390","Zenith Eclipse","BillingAccount","{""team"": ""payments""}",NULL,"us-west-2b","Usage-Based","Application Networking",2.5546,391.045395,2.7469,NULL,NULL
"AllocatedMethodId-7354","AllocatedResourceId-2343","AllocatedResourceName-6254","{}",120.0734514,"ocid1.tenancy.oc1..aaaa1234","Meridian OCI","Tenancy","USD","2024-10-01T00:00:00Z","2024-09-01T00:00:00Z",NULL,NULL,"Usage",NULL,"Oracle Load Balancer Load Balancer in Australia East (Sydney)","2024-09-08T17:00:00Z","2024-09-08T16:00:00Z","Usage","cd-158130","commit-8130",NULL,"Unused","Reserved Instance",NULL,NULL,NULL,NULL,190.59278,0.8687,120.0734514,"Oracle","INV-202409-40970","Oracle",204.94154,0.9341,"Committed","USD",219.40,"Hours","Oracle","Oracle","ap-sydney-1","Australia East (Sydney)","ocid1.instance.oc1.ap-sydney-1.006b19be9a35",NULL,"Load Balancer","Networking","Oracle Load Balancer","Oracle","I97PIJBGIXZD9MLC","Oracle Load Balancer Hours",NULL,"CQ9537662WNX6WLP.8ZDCMBRT","ocid1.compartment.oc1..prod","production","Tenancy","{""owner"": ""g.hopper"", ""application"": ""NimbusAPI""}",NULL,NULL,"Usage-Based","Application Networking",0.8687,120.0734514,0.9341,NULL,NULL
"AllocatedMethodId-4243","AllocatedResourceId-4507","AllocatedResourceName-1606","{}",1273.42706172,"123456789012","SunBird","BillingAccount","USD","2024-10-01T00:00:00Z","2024-09-01T00:00:00Z",NULL,NULL,"Usage",NULL,"Amazon Simple Queue Service Queue in US East (N. Virginia)","2024-09-07T23:00:00Z","2024-09-07T22:00:00Z","Spend","cd-705225","commit-5225",NULL,"Unused","Committed Use Discount",NULL,NULL,NULL,NULL,1929.4349419999999,4.2946,1273.42706172,"AWS","INV-202409-42594","AWS",1948.93326,4.3380,"Committed","USD",449.27,"Requests","AWS","AWS","us-east-1","US East (N. Virginia)","arn:aws:ec2:us-east-1:123456789012:instance/i-00b356fa0d87",NULL,"Queue","Integration","Amazon Simple Queue Service","AWS","MA04FN5FHJZDJJHN","Amazon Simple Queue Service Requests",NULL,"KH303IDHFHHYZGIL.CHC2IV72","438839167390","Zenith Eclipse","BillingAccount","{""business_unit"": ""MarseilleSRE""}",NULL,"us-west-2b","Usage-Based","Messaging",4.2946,1273.42706172,4.3380,NULL,NULL
"AllocatedMethodId-7346","AllocatedResourceId-6028","AllocatedResourceName-3135","{}",449.52909636,"01ABCD-2345EF-6789GH","Helios Labs","BillingAccount","USD","2024-10-01T00:00:00Z","2024-09-01T00:00:00Z",NULL,NULL,"Usage",NULL,"Cloud Functions Function in Belgium","2024-09-17T06:00:00Z","2024-09-17T05:00:00Z",NULL,NULL,NULL,NULL,NULL,NULL,NULL,330.1700000000,"Invocations",NULL,488.618583,1.4799,449.52909636,"Google","INV-202409-58062","Google",751.7310560000001,2.2768,"Standard","USD",330.17,"Invocations","Google","Google","europe-west1","Belgium","//compute.googleapis.com/projects/Helios Labs/zones/europe-west1-a/instances/inst-3756",NULL,"Function","Compute","Cloud Functions","Google","GFSB9Z7IVAUIJSYI","Cloud Functions Invocations",NULL,"BMXWYEANWI5BGO3H.JRM1W9U8","proj-helios-dev","helios-dev","BillingAccount",NULL,NULL,NULL,"Usage-Based","Serverless Compute",1.4799,449.52909636,2.2768,NULL,NULL
"AllocatedMethodId-3242","AllocatedResourceId-5114","AllocatedResourceName-8565","{}",557.65314198,"8a93b2c1-1234-4abc-9def-0123456789ab","Contoso Cloud","BillingProfile","USD","2024-10-01T00:00:00Z","2024-09-01T00:00:00Z",NULL,NULL,"Usage",NULL,"Virtual Machines Virtual Machine in Southeast Asia","2024-09-07T16:00:00Z","2024-09-07T15:00:00Z",NULL,NULL,NULL,NULL,NULL,NULL,NULL,465.0900000000,"Hours",NULL,844.929003,1.8167,557.65314198,"Microsoft","INV-202409-23949","Microsoft",982.456116,2.1124,"Dynamic","USD",465.09,"Hours","Microsoft","Microsoft","southeastasia","Southeast Asia","/subscriptions/8a93b2c1-1234-4abc-9def-0123456789ab/resourceGroups/rg-21/providers/Microsoft.Compute/virtualMachines/vm-1428",NULL,"Virtual Machine","Compute","Virtual Machines","Microsoft","11B0OIIS7GVUQKAO","Virtual Machines Hours",NULL,"SCPDHBXZ52X1TEX2.WXS1LPQ4","sub-9a1f","Production","BillingProfile","{""environment"": ""prod""}",NULL,"uksouth-1","Usage-Based","Virtual Machines",1.8167,557.65314198,2.1124,NULL,NULL
"AllocatedMethodId-9711","AllocatedResourceId-9652","AllocatedResourceName-6821","{}",38.45967502,"ocid1.tenancy.oc1..aaaa1234","Meridian OCI","Tenancy","USD","2024-10-01T00:00:00Z","2024-09-01T00:00:00Z",NULL,NULL,"Usage",NULL,"Oracle Compute Instance in US East (Ashburn)","2024-09-24T17:00:00Z","2024-09-24T16:00:00Z","Spend","cd-532613","commit-2613",NULL,"Unused","Reserved Instance",NULL,NULL,NULL,NULL,43.213118,0.7046,38.45967502,"Oracle","INV-202409-55735","Oracle",63.550146,1.0362,"Committed","USD",61.33,"Hours","Oracle","Oracle","us-ashburn-1","US East (Ashburn)","ocid1.instance.oc1.us-ashburn-1.001ad3d2e940",NULL,"Instance","Compute","Oracle Compute","Oracle","7GX2GJBGVD3FM6C0","Oracle Compute Hours",NULL,"2GPD3OVFDSX7R5TM.ZLHMBB1L","ocid1.compartment.oc1..prod","production","Tenancy","{""team"": ""payments""}",NULL,"us-ashburn-1-AD-1","Usage-Based","Virtual Machines",0.7046,38.45967502,1.0362,NULL,NULL
"AllocatedMethodId-9222","AllocatedResourceId-1620","AllocatedResourceName-5876","{}",1.32114024,"ocid1.tenancy.oc1..aaaa1234","Meridian OCI","Tenancy","USD","2024-10-01T00:00:00Z","2024-09-01T00:00:00Z",NULL,NULL,"Usage",NULL,"Oracle Functions Function in Australia East (Sydney)","2024-09-26T11:00:00Z","2024-09-26T10:00:00Z",NULL,NULL,NULL,NULL,NULL,NULL,NULL,60.2600000000,"Invocations",NULL,1.518552,0.0252,1.32114024,"Oracle","INV-202409-43491","Oracle",1.651124,0.0274,"Standard","USD",60.26,"Invocations","Oracle","Oracle","ap-sydney-1","Australia East (Sydney)","ocid1.instance.oc1.ap-sydney-1.002b6e961aea",NULL,"Function","Compute","Oracle Functions","Oracle","WE7PI4BCDRZ01GTV","Oracle Functions Invocations",NULL,"BEHD253HQCBQP89E.RAUPEULC","ocid1.compartment.oc1..dev","development","Tenancy","{""environment"": ""staging"", ""team"": ""infra""}",NULL,NULL,"Usage-Based","Serverless Compute",0.0252,1.32114024,0.0274,NULL,NULL
"AllocatedMethodId-4853","AllocatedResourceId-7051","AllocatedResourceName-9404","{}",371.92389003,"ocid1.tenancy.oc1..aaaa1234","Meridian OCI","Tenancy","USD","2024-10-01T00:00:00Z","2024-09-01T00:00:00Z",NULL,NULL,"Usage",NULL,"Oracle Functions Function in Australia East (Sydney)","2024-09-28T07:00:00Z","2024-09-28T06:00:00Z",NULL,NULL,NULL,NULL,NULL,NULL,NULL,231.6300000000,"Invocations",NULL,483.01803900000004,2.0853,371.92389003,"Oracle","INV-202409-20969","Oracle",508.451013,2.1951,"Standard","USD",231.63,"Invocations","Oracle","Oracle","ap-sydney-1","Australia East (Sydney)","ocid1.instance.oc1.ap-sydney-1.004e6e770faa",NULL,"Function","Compute","Oracle Functions","Oracle","5SD54RPOLU1LN6SH","Oracle Functions Invocations",NULL,"2AEQK1IBN3D638KG.F0DKBQG8","ocid1.compartment.oc1..dev","development","Tenancy","{""team"": ""infra""}",NULL,NULL,"Usage-Based","Serverless Compute",2.0853,371.92389003,2.1951,NULL,NULL
"AllocatedMethodId-6810","AllocatedResourceId-4757","AllocatedResourceName-2931","{}",559.99487466,"ocid1.tenancy.oc1..aaaa1234","Meridian OCI","Tenancy","USD","2024-10-01T00:00:00Z","2024-09-01T00:00:00Z",NULL,NULL,"Usage",NULL,"Oracle Object Storage Bucket in US East (Ashburn)","2024-09-20T00:00:00Z","2024-09-19T23:00:00Z","Spend","cd-132019","commit-2019",NULL,"Unused","Committed Use Discount",NULL,NULL,NULL,NULL,651.156831,2.5857,559.99487466,"Oracle","INV-202409-15653","Oracle",739.952089,2.9383,"Committed","USD",251.83,"GB","Oracle","Oracle","us-ashburn-1","US East (Ashburn)","ocid1.instance.oc1.us-ashburn-1.009ace152dbf",NULL,"Bucket","Storage","Oracle Object Storage","Oracle","O26X2A8LDBQ8C04U","Oracle Object Storage GB",NULL,"4FLMYFTZFFK65RK1.96J3Z4DR","ocid1.compartment.oc1..prod","production","Tenancy","{""cost_center"": ""CC-1001"", ""environment"": ""prod""}",NULL,"uk-london-1-AD-2","Usage-Based","Object Storage",2.5857,559.99487466,2.9383,NULL,NULL
"AllocatedMethodId-1673","AllocatedResourceId-8141","AllocatedResourceName-3252","{}",242.89701696,"01ABCD-2345EF-6789GH","Helios Labs","BillingAccount","USD","2024-10-01T00:00:00Z","2024-09-01T00:00:00Z",NULL,NULL,"Usage",NULL,"Compute Engine VM Instance in Northern Virginia","2024-09-16T04:00:00Z","2024-09-16T03:00:00Z","Spend","cd-824493","commit-4493",NULL,"Unused","Savings Plan",NULL,NULL,NULL,NULL,253.01772599999998,0.7878,242.89701696,"Google","INV-202409-90488","Google",284.299684,0.8852,"Committed","USD",321.17,"Hours","Google","Google","us-east4","Northern Virginia","//compute.googleapis.com/projects/Helios Labs/zones/us-east4-a/instances/inst-1082",NULL,"VM Instance","Compute","Compute Engine","Google","0SYY8PQ1BR26TJE2","Compute Engine Hours",NULL,"AJ9VGYJKWP0R88IA.6OR8Z86O","proj-helios-prod","helios-prod","BillingAccount","{""cost_center"": ""CC-1001"", ""team"": ""growth""}",NULL,NULL,"Usage-Based","Virtual Machines",0.7878,242.89701696,0.8852,NULL,NULL
"AllocatedMethodId-9955","AllocatedResourceId-1685","AllocatedResourceName-9957","{}",462.38604624,"01ABCD-2345EF-6789GH","Helios Labs","BillingAccount","USD","2024-10-01T00:00:00Z","2024-09-01T00:00:00Z",NULL,NULL,"Usage",NULL,"BigQuery Dataset in Northern Virginia","2024-09-23T12:00:00Z","2024-09-23T11:00:00Z",NULL,NULL,NULL,NULL,NULL,NULL,NULL,212.4600000000,"GiB",NULL,642.202842,3.0227,462.38604624,"Google","INV-202409-85135","Google",662.067852,3.1162,"Standard","USD",212.46,"GiB","Google","Google","us-east4","Northern Virginia","//compute.googleapis.com/projects/Helios Labs/zones/us-east4-a/instances/inst-6402",NULL,"Dataset","Analytics","BigQuery","Google","0AVLPCQU96GZVBKX","BigQuery GiB",NULL,"RT5JQHG1UCMSRB0Z.E44E7IQ8","proj-helios-prod","helios-prod","BillingAccount","{""owner"": ""g.hopper"", ""environment"": ""dev"", ""business_unit"": ""LisbonOps""}",NULL,"us-central1-a","Usage-Based","Data Warehouses",3.0227,462.38604624,3.1162,NULL,NULL
"AllocatedMethodId-3060","AllocatedResourceId-2638","AllocatedResourceName-9432","{}",191.14904536,"123456789012","SunBird","BillingAccount","USD","2024-10-01T00:00:00Z","2024-09-01T00:00:00Z",NULL,NULL,"Usage",NULL,"Amazon Simple Queue Service Queue in Asia Pacific (Sydney)","2024-09-07T05:00:00Z","2024-09-07T04:00:00Z",NULL,NULL,NULL,NULL,NULL,NULL,NULL,135.4400000000,"Requests",NULL,210.05389599999998,1.5509,191.14904536,"AWS","INV-202409-94884","AWS",350.098856,2.5849,"Dynamic","USD",135.44,"Requests","AWS","AWS","ap-southeast-2","Asia Pacific (Sydney)","arn:aws:ec2:ap-southeast-2:123456789012:instance/i-00b5d24bbc09",NULL,"Queue","Integration","Amazon Simple Queue Service","AWS","PZ92T6YTFUVQUDHH","Amazon Simple Queue Service Requests",NULL,"ILD4XPYCWHE4F1DO.89ZN0UP0","663626350770","Zenith Apollo","BillingAccount","{""owner"": ""k.johnson"", ""team"": ""infra""}",NULL,NULL,"Usage-Based","Messaging",1.5509,191.14904536,2.5849,NULL,NULL
"AllocatedMethodId-2776","AllocatedResourceId-7496","AllocatedResourceName-6472","{}",553.3737651,"01ABCD-2345EF-6789GH","Helios Labs","BillingAccount","USD","2024-10-01T00:00:00Z","2024-09-01T00:00:00Z",NULL,NULL,"Usage","Correction","Cloud SQL Database Instance in Singapore","2024-09-17T05:00:00Z","2024-09-17T04:00:00Z",NULL,NULL,NULL,NULL,NULL,NULL,NULL,297.0600000000,"Hours",NULL,851.344254,2.8659,553.3737651,"Google","INV-202409-17103","Google",967.435302,3.2567,"Standard","USD",297.06,"Hours","Google","Google","asia-southeast1","Singapore","//compute.googleapis.com/projects/Helios Labs/zones/asia-southeast1-a/instances/inst-2358",NULL,"Database Instance","Databases","Cloud SQL","Google","R91150DU1QKATU1X","Cloud SQL Hours",NULL,"52V8B2TUOM6B1IPX.QZYIL0VS","proj-helios-prod","helios-prod","BillingAccount","{""application"": ""AtlasPortal""}",NULL,NULL,"Usage-Based","Relational Databases",2.8659,553.3737651,3.2567,NULL,NULL
"AllocatedMethodId-3412","AllocatedResourceId-2817","AllocatedResourceName-3697","{}",41.904072,"01ABCD-2345EF-6789GH","Helios Labs","BillingAccount","USD","2024-10-01T00:00:00Z","2024-09-01T00:00:00Z",NULL,NULL,"Purchase",NULL,"Cloud Storage Bucket in Iowa","2024-09-30T16:00:00Z","2024-09-30T15:00:00Z",NULL,NULL,NULL,NULL,NULL,NULL,NULL,NULL,NULL,NULL,41.904072,0.7076,0,"Google","INV-202409-19979","Google",45.060498,0.7609,"Standard","USD",59.22,"GiB","Google","Google","us-central1","Iowa","//compute.googleapis.com/projects/Helios Labs/zones/us-central1-a/instances/inst-227",NULL,"Bucket","Storage","Cloud Storage","Google","EYBGFLRGFX6Q87YD","Cloud Storage GiB",NULL,"A8AG47Z459IMFLW2.AR2I0QK1","proj-helios-prod","helios-prod","BillingAccount","{""owner"": ""k.johnson"", ""team"": ""infra""}",NULL,NULL,"One-Time","Object Storage",0.7076,0,0.7609,NULL,NULL
"AllocatedMethodId-6793","AllocatedResourceId-1206","AllocatedResourceName-9894","{}",668.73178638,"123456789012","SunBird","BillingAccount","USD","2024-10-01T00:00:00Z","2024-09-01T00:00:00Z",NULL,NULL,"Usage",NULL,"Amazon Simple Storage Service Bucket in Europe (Ireland)","2024-09-21T11:00:00Z","2024-09-21T10:00:00Z",NULL,NULL,NULL,NULL,NULL,NULL,NULL,348.2200000000,"GB",NULL,825.594798,2.3709,668.73178638,"AWS","INV-202409-72224","AWS",1270.13245,3.6475,"Standard","USD",348.22,"GB","AWS","AWS","eu-west-1","Europe (Ireland)","arn:aws:ec2:eu-west-1:123456789012:instance/i-006ac959d640",NULL,"Bucket","Storage","Amazon Simple Storage Service","AWS","QXRDC1QTXS3VJMEH","Amazon Simple Storage Service GB",NULL,"IMJ2S85F22ZNPSK5.KBM98YKE","517389287820","Atlas Nimbus","BillingAccount","{""environment"": ""dev"", ""business_unit"": ""OsloData"", ""cost_center"": ""CC-1001""}",NULL,"us-west-2b","Usage-Based","Object Storage",2.3709,668.73178638,3.6475,NULL,NULL
"AllocatedMethodId-9396","AllocatedResourceId-5185","AllocatedResourceName-9828","{}",111.60337419,"123456789012","SunBird","BillingAccount","USD","2024-10-01T00:00:00Z","2024-09-01T00:00:00Z",NULL,NULL,"Usage",NULL,"Amazon Elastic Compute Cloud Virtual Machine in Asia Pacific (Sydney)","2024-09-02T19:00:00Z","2024-09-02T18:00:00Z",NULL,NULL,NULL,NULL,NULL,NULL,NULL,97.1900000000,"Hours",NULL,112.73068099999999,1.1599,111.60337419,"AWS","INV-202409-75842","AWS",187.877989,1.9331,"Other","USD",97.19,"Hours","AWS","AWS","ap-southeast-2","Asia Pacific (Sydney)","arn:aws:ec2:ap-southeast-2:123456789012:instance/i-00662a06738e",NULL,"Virtual Machine","Compute","Amazon Elastic Compute Cloud","AWS","ACG6EZ246S6E1WLR","Amazon Elastic Compute Cloud Hours",NULL,"QQXQQ1D8N8XE4N29.GAUPHJ83","517389287820","Atlas Nimbus","BillingAccount","{""business_unit"": ""MarseilleSRE""}",NULL,"us-west-2b","Usage-Based","Virtual Machines",1.1599,111.60337419,1.9331,NULL,NULL
"AllocatedMethodId-2032","AllocatedResourceId-9552","AllocatedResourceName-7323","{}",925.164576,"ocid1.tenancy.oc1..aaaa1234","Meridian OCI","Tenancy","USD","2024-10-01T00:00:00Z","2024-09-01T00:00:00Z",NULL,NULL,"Usage",NULL,"Oracle Load Balancer Load Balancer in Australia East (Sydney)","2024-09-26T01:00:00Z","2024-09-26T00:00:00Z",NULL,NULL,NULL,NULL,NULL,NULL,NULL,442.4000000000,"Hours",NULL,1284.9508,2.9045,925.164576,"Oracle","INV-202409-12133","Oracle",1690.7200799999998,3.8217,"Standard","USD",442.40,"Hours","Oracle","Oracle","ap-sydney-1","Australia East (Sydney)","ocid1.instance.oc1.ap-sydney-1.00e651ca544a",NULL,"Load Balancer","Networking","Oracle Load Balancer","Oracle","F8YQLRIN9O2K7PPG","Oracle Load Balancer Hours",NULL,"JH95BZKNL76D9NKJ.HCHALOLA","ocid1.compartment.oc1..dev","development","Tenancy","{""environment"": ""staging"", ""team"": ""infra"", ""application"": ""BrightSourceCore""}",NULL,"us-ashburn-1-AD-1","Usage-Based","Application Networking",2.9045,925.164576,3.8217,NULL,NULL
"AllocatedMethodId-1754","AllocatedResourceId-8141","AllocatedResourceName-8091","{}",709.78552236,"ocid1.tenancy.oc1..aaaa1234","Meridian OCI","Tenancy","USD","2024-10-01T00:00:00Z","2024-09-01T00:00:00Z",NULL,NULL,"Usage",NULL,"Oracle Functions Function in UK South (London)","2024-09-02T23:00:00Z","2024-09-02T22:00:00Z",NULL,NULL,NULL,NULL,NULL,NULL,NULL,298.4400000000,"Invocations",NULL,815.845428,2.7337,709.78552236,"Oracle","INV-202409-12561","Oracle",1294.990848,4.3392,"Other","USD",298.44,"Invocations","Oracle","Oracle","uk-london-1","UK South (London)","ocid1.instance.oc1.uk-london-1.006319d43443",NULL,"Function","Compute","Oracle Functions","Oracle","MXYFSDP9SUPF6D4R","Oracle Functions Invocations",NULL,"09IMUT0UGCAMB3ZL.AXRVY2EV","ocid1.compartment.oc1..prod","production","Tenancy",NULL,NULL,NULL,"Usage-Based","Serverless Compute",2.7337,709.78552236,4.3392,NULL,NULL
"AllocatedMethodId-6947","AllocatedResourceId-8430","AllocatedResourceName-2270","{}",425.26485888,"ocid1.tenancy.oc1..aaaa1234","Meridian OCI","Tenancy","USD","2024-10-01T00:00:00Z","2024-09-01T00:00:00Z",NULL,NULL,"Usage",NULL,"Oracle Functions Function in UK South (London)","2024-09-04T04:00:00Z","2024-09-04T03:00:00Z",NULL,NULL,NULL,NULL,NULL,NULL,NULL,458.0700000000,"Invocations",NULL,664.4763419999999,1.4506,425.26485888,"Oracle","INV-202409-33672","Oracle",685.043685,1.4955,"Dynamic","USD",458.07,"Invocations","Oracle","Oracle","uk-london-1","UK South (London)","ocid1.instance.oc1.uk-london-1.0069d320bb9a",NULL,"Function","Compute","Oracle Functions","Oracle","GZR4C7AX9M109MS9","Oracle Functions Invocations",NULL,"JY8ZKY3A7O81997H.475EXBX1","ocid1.compartment.oc1..prod","production","Tenancy","{""business_unit"": ""ViennaAI""}",NULL,NULL,"Usage-Based","Serverless Compute",1.4506,425.26485888,1.4955,NULL,NULL
"AllocatedMethodId-3160","AllocatedResourceId-2724","AllocatedResourceName-6678","{}",354.27110628,"ocid1.tenancy.oc1..aaaa1234","Meridian OCI","Tenancy","USD","2024-10-01T00:00:00Z","2024-09-01T00:00:00Z",NULL,NULL,"Usage",NULL,"Oracle Functions Function in US East (Ashburn)","2024-09-06T10:00:00Z","2024-09-06T09:00:00Z",NULL,NULL,NULL,NULL,NULL,NULL,NULL,215.8100000000,"Invocations",NULL,454.193726,2.1046,354.27110628,"Oracle","INV-202409-44917","Oracle",756.9967369999999,3.5077,"Standard","USD",215.81,"Invocations","Oracle","Oracle","us-ashburn-1","US East (Ashburn)","ocid1.instance.oc1.us-ashburn-1.0075dacde239",NULL,"Function","Compute","Oracle Functions","Oracle","IE3XV6UH353SFI5S","Oracle Functions Invocations",NULL,"YLEG89JRFZI1RLKJ.4V6E2DQX","ocid1.compartment.oc1..prod","production","Tenancy","{""environment"": ""staging"", ""team"": ""platform"", ""application"": ""BrightLensMatrix""}",NULL,NULL,"Usage-Based","Serverless Compute",2.1046,354.27110628,3.5077,NULL,NULL
"AllocatedMethodId-1965","AllocatedResourceId-6757","AllocatedResourceName-1966","{}",3.7817885,"01ABCD-2345EF-6789GH","Helios Labs","BillingAccount","USD","2024-10-01T00:00:00Z","2024-09-01T00:00:00Z",NULL,NULL,"Usage",NULL,"Cloud SQL Database Instance in Northern Virginia","2024-09-14T15:00:00Z","2024-09-14T14:00:00Z",NULL,NULL,NULL,NULL,NULL,NULL,NULL,1.4500000000,"Hours",NULL,3.98083,2.7454,3.7817885,"Google","INV-202409-18639","Google",4.190354999999999,2.8899,"Standard","USD",1.45,"Hours","Google","Google","us-east4","Northern Virginia","//compute.googleapis.com/projects/Helios Labs/zones/us-east4-a/instances/inst-7898",NULL,"Database Instance","Databases","Cloud SQL","Google","DEZOV0RD3KNIR4L6","Cloud SQL Hours",NULL,"K9URADF577LKQ2PF.I0EY8XA4","proj-helios-prod","helios-prod","BillingAccount",NULL,NULL,NULL,"Usage-Based","Relational Databases",2.7454,3.7817885,2.8899,NULL,NULL
"AllocatedMethodId-2158","AllocatedResourceId-1581","AllocatedResourceName-5224","{}",1079.37643737,"123456789012","SunBird","BillingAccount","USD","2024-10-01T00:00:00Z","2024-09-01T00:00:00Z",NULL,NULL,"Usage",NULL,"Amazon Elastic Compute Cloud Virtual Machine in Europe (Ireland)","2024-09-27T02:00:00Z","2024-09-27T01:00:00Z",NULL,NULL,NULL,NULL,NULL,NULL,NULL,490.5300000000,"Hours",NULL,1401.7875809999998,2.8577,1079.37643737,"AWS","INV-202409-37946","AWS",1611.2438909999998,3.2847,"Standard","USD",490.53,"Hours","AWS","AWS","eu-west-1","Europe (Ireland)","arn:aws:ec2:eu-west-1:123456789012:instance/i-0039da426fc7",NULL,"Virtual Machine","Compute","Amazon Elastic Compute Cloud","AWS","MCC3E1UAA4QF6T9U","Amazon Elastic Compute Cloud Hours",NULL,"SOJ7309N0WIQR4H0.F6J4MT8F","517389287820","Atlas Nimbus","BillingAccount",NULL,NULL,"ap-southeast-2a","Usage-Based","Virtual Machines",2.8577,1079.37643737,3.2847,NULL,NULL
"AllocatedMethodId-7505","AllocatedResourceId-3612","AllocatedResourceName-4374","{}",75.306,"01ABCD-2345EF-6789GH","Helios Labs","BillingAccount","USD","2024-10-01T00:00:00Z","2024-09-01T00:00:00Z",NULL,NULL,"Purchase",NULL,"Compute Engine VM Instance in Belgium","2024-09-24T23:00:00Z","2024-09-24T22:00:00Z",NULL,NULL,NULL,NULL,NULL,NULL,NULL,NULL,NULL,NULL,75.306,0.2200,0,"Google","INV-202409-57739","Google",117.64851,0.3437,"Standard","USD",342.30,"Hours","Google","Google","europe-west1","Belgium","//compute.googleapis.com/projects/Helios Labs/zones/europe-west1-a/instances/inst-7869",NULL,"VM Instance","Compute","Compute Engine","Google","DZR81C12M9OQT86M","Compute Engine Hours",NULL,"9TLUOYTZI8DVVD22.RDZX2VWF","proj-helios-dev","helios-dev","BillingAccount","{""team"": ""payments"", ""business_unit"": ""OsloData""}",NULL,NULL,"One-Time","Virtual Machines",0.2200,0,0.3437,NULL,NULL
"AllocatedMethodId-6567","AllocatedResourceId-1524","AllocatedResourceName-8177","{}",84.70022844,"8a93b2c1-1234-4abc-9def-0123456789ab","Contoso Cloud","BillingProfile","USD","2024-10-01T00:00:00Z","2024-09-01T00:00:00Z",NULL,NULL,"Usage",NULL,"Azure Load Balancer Load Balancer in East US","2024-09-02T11:00:00Z","2024-09-02T10:00:00Z",NULL,NULL,NULL,NULL,NULL,NULL,NULL,53.5800000000,"Hours",NULL,95.168796,1.7762,84.70022844,"Microsoft","INV-202409-67691","Microsoft",132.18186,2.4670,"Standard","USD",53.58,"Hours","Microsoft","Microsoft","eastus","East US","/subscriptions/8a93b2c1-1234-4abc-9def-0123456789ab/resourceGroups/rg-54/providers/Microsoft.Compute/virtualMachines/vm-199",NULL,"Load Balancer","Networking","Azure Load Balancer","Microsoft","6YGBJVS2YDLKBZXO","Azure Load Balancer Hours",NULL,"URFLAFIL2UWDAK0D.FUHVNLWQ","sub-4d3e","Sandbox","BillingProfile","{""application"": ""BrightLensMatrix""}",NULL,NULL,"Usage-Based","Application Networking",1.7762,84.70022844,2.4670,NULL,NULL
"AllocatedMethodId-1159","AllocatedResourceId-7433","AllocatedResourceName-5716","{}",353.9681772,"01ABCD-2345EF-6789GH","Helios Labs","BillingAccount","USD","2024-10-01T00:00:00Z","2024-09-01T00:00:00Z",NULL,NULL,"Tax",NULL,"Tax charge in Northern Virginia","2024-09-19T22:00:00Z","2024-09-19T21:00:00Z",NULL,NULL,NULL,NULL,NULL,NULL,NULL,NULL,NULL,NULL,95.7392620000,NULL,353.9681772,"Google","INV-202409-16310","Google",62.2040700000,NULL,NULL,"USD",NULL,NULL,"Google","Google",NULL,NULL,NULL,NULL,NULL,"Other","Tax","Google",NULL,NULL,NULL,NULL,"proj-helios-prod","helios-prod","BillingAccount","{""owner"": ""g.hopper"", ""application"": ""BrightLensMatrix""}",NULL,NULL,"One-Time","Other (Security)",NULL,353.9681772,NULL,NULL,NULL
"AllocatedMethodId-1336","AllocatedResourceId-1045","AllocatedResourceName-7432","{}",408.56217325,"01ABCD-2345EF-6789GH","Helios Labs","BillingAccount","USD","2024-10-01T00:00:00Z","2024-09-01T00:00:00Z",NULL,NULL,"Usage",NULL,"Cloud Load Balancing Forwarding Rule in Iowa","2024-09-30T11:00:00Z","2024-09-30T10:00:00Z",NULL,NULL,NULL,NULL,NULL,NULL,NULL,174.1100000000,"Hours",NULL,530.600225,3.0475,408.56217325,"Google","INV-202409-39494","Google",816.297324,4.6884,"Standard","USD",174.11,"Hours","Google","Google","us-central1","Iowa","//compute.googleapis.com/projects/Helios Labs/zones/us-central1-a/instances/inst-1490",NULL,"Forwarding Rule","Networking","Cloud Load Balancing","Google","VL8WWPXVJCXYECD0","Cloud Load Balancing Hours",NULL,"5ABZ19DE8Y24QCP4.6RINMSTX","proj-helios-prod","helios-prod","BillingAccount","{""application"": ""AtlasPortal"", ""owner"": ""a.lovelace""}",NULL,NULL,"Usage-Based","Application Networking",3.0475,408.56217325,4.6884,NULL,NULL
"AllocatedMethodId-4048","AllocatedResourceId-2437","AllocatedResourceName-3801","{}",877.31047395,"ocid1.tenancy.oc1..aaaa1234","Meridian OCI","Tenancy","USD","2024-10-01T00:00:00Z","2024-09-01T00:00:00Z",NULL,NULL,"Usage","Correction","Oracle Functions Function in UK South (London)","2024-09-15T07:00:00Z","2024-09-15T06:00:00Z",NULL,NULL,NULL,NULL,NULL,NULL,NULL,316.4500000000,"Invocations",NULL,1271.464455,4.0179,877.31047395,"Oracle","INV-202409-52372","Oracle",1310.79919,4.1422,"Standard","USD",316.45,"Invocations","Oracle","Oracle","uk-london-1","UK South (London)","ocid1.instance.oc1.uk-london-1.00ac77827938",NULL,"Function","Compute","Oracle Functions","Oracle","DLJOOTVGEACC0CWP","Oracle Functions Invocations",NULL,"A8906QPAJHFYZ2OI.ASV3V982","ocid1.compartment.oc1..prod","production","Tenancy","{""environment"": ""prod"", ""business_unit"": ""LisbonOps""}",NULL,NULL,"Usage-Based","Serverless Compute",4.0179,877.31047395,4.1422,NULL,NULL
"AllocatedMethodId-2543","AllocatedResourceId-7254","AllocatedResourceName-9466","{}",470.129616,"ocid1.tenancy.oc1..aaaa1234","Meridian OCI","Tenancy","USD","2024-10-01T00:00:00Z","2024-09-01T00:00:00Z",NULL,NULL,"Usage",NULL,"Oracle Autonomous Database Database in US East (Ashburn)","2024-09-03T00:00:00Z","2024-09-02T23:00:00Z",NULL,NULL,NULL,NULL,NULL,NULL,NULL,209.5500000000,"Hours",NULL,783.54936,3.7392,470.129616,"Oracle","INV-202409-31951","Oracle",842.51673,4.0206,"Standard","USD",209.55,"Hours","Oracle","Oracle","us-ashburn-1","US East (Ashburn)","ocid1.instance.oc1.us-ashburn-1.001e2c493c9d",NULL,"Database","Databases","Oracle Autonomous Database","Oracle","IA2HFWKO9ALM1KGK","Oracle Autonomous Database Hours",NULL,"EW7H75AXG1GH61N8.XV99FU34","ocid1.compartment.oc1..dev","development","Tenancy","{""cost_center"": ""CC-1001"", ""environment"": ""staging""}",NULL,"uk-london-1-AD-2","Usage-Based","Relational Databases",3.7392,470.129616,4.0206,NULL,NULL
"AllocatedMethodId-3139","AllocatedResourceId-8191","AllocatedResourceName-9159","{}",190.720401,"123456789012","SunBird","BillingAccount","USD","2024-10-01T00:00:00Z","2024-09-01T00:00:00Z",NULL,NULL,"Usage",NULL,"AWS Lambda Function in US East (N. Virginia)","2024-09-11T03:00:00Z","2024-09-11T02:00:00Z",NULL,NULL,NULL,NULL,NULL,NULL,NULL,301.9400000000,"Requests",NULL,254.29386799999997,0.8422,190.720401,"AWS","INV-202409-27196","AWS",326.03481200000004,1.0798,"Other","USD",301.94,"Requests","AWS","AWS","us-east-1","US East (N. Virginia)","arn:aws:ec2:us-east-1:123456789012:instance/i-009b474b5635",NULL,"Function","Compute","AWS Lambda","AWS","IK4KADL9NS8IOIJD","AWS Lambda Requests",NULL,"QFRR5RNI7HE0XMAI.AICNDRJO","438839167390","Zenith Eclipse","BillingAccount","{""team"": ""growth"", ""environment"": ""staging"", ""business_unit"": ""ViennaAI""}",NULL,NULL,"Usage-Based","Serverless Compute",0.8422,190.720401,1.0798,NULL,NULL
"AllocatedMethodId-4781","AllocatedResourceId-8208","AllocatedResourceName-8486","{}",259.80095436,"01ABCD-2345EF-6789GH","Helios Labs","BillingAccount","USD","2024-10-01T00:00:00Z","2024-09-01T00:00:00Z",NULL,NULL,"Tax",NULL,"Tax charge in Iowa","2024-09-16T22:00:00Z","2024-09-16T21:00:00Z",NULL,NULL,NULL,NULL,NULL,NULL,NULL,NULL,NULL,NULL,45.9598860000,NULL,259.80095436,"Google","INV-202409-55145","Google",39.7883660000,NULL,NULL,"USD",NULL,NULL,"Google","Google",NULL,NULL,NULL,NULL,NULL,"Other","Tax","Google",NULL,NULL,NULL,NULL,"proj-helios-prod","helios-prod","BillingAccount","{""owner"": ""a.lovelace""}",NULL,NULL,"One-Time","Other (Security)",NULL,259.80095436,NULL,NULL,NULL
"AllocatedMethodId-5701","AllocatedResourceId-5173","AllocatedResourceName-5923","{}",162.12150899999997,"123456789012","SunBird","BillingAccount","USD","2024-10-01T00:00:00Z","2024-09-01T00:00:00Z",NULL,NULL,"Purchase","Correction","Elastic Load Balancing Load Balancer in US West (Oregon)","2024-09-04T01:00:00Z","2024-09-04T00:00:00Z",NULL,NULL,NULL,NULL,NULL,NULL,NULL,NULL,NULL,NULL,162.12150899999997,0.3273,0,"AWS","INV-202409-49740","AWS",222.105972,0.4484,"Standard","USD",495.33,"LCU-Hours","AWS","AWS","us-west-2","US West (Oregon)","arn:aws:ec2:us-west-2:123456789012:instance/i-0021e4248ec6",NULL,"Load Balancer","Networking","Elastic Load Balancing","AWS","K7NHBQP8REYZKJFM","Elastic Load Balancing LCU-Hours",NULL,"H05A6DXZ9X0Z3CYO.ZJF6ZXXD","517389287820","Atlas Nimbus","BillingAccount",NULL,NULL,NULL,"Recurring","Application Networking",0.3273,0,0.4484,NULL,NULL
"AllocatedMethodId-9710","AllocatedResourceId-4864","AllocatedResourceName-4684","{}",875.26092,"123456789012","SunBird","BillingAccount","USD","2024-10-01T00:00:00Z","2024-09-01T00:00:00Z",NULL,NULL,"Purchase",NULL,"Amazon Simple Queue Service Queue in Asia Pacific (Sydney)","2024-09-09T10:00:00Z","2024-09-09T09:00:00Z",NULL,NULL,NULL,NULL,NULL,NULL,NULL,NULL,NULL,NULL,875.26092,2.4405,0,"AWS","INV-202409-57798","AWS",1017.748592,2.8378,"Standard","USD",358.64,"Requests","AWS","AWS","ap-southeast-2","Asia Pacific (Sydney)","arn:aws:ec2:ap-southeast-2:123456789012:instance/i-007973b6c65d",NULL,"Queue","Integration","Amazon Simple Queue Service","AWS","I1HFSJQN0IV9URJG","Amazon Simple Queue Service Requests",NULL,"66C85G0JPTFYQOM9.VPIS3LXD","438839167390","Zenith Eclipse","BillingAccount",NULL,NULL,NULL,"One-Time","Messaging",2.4405,0,2.8378,NULL,NULL
"AllocatedMethodId-2848","AllocatedResourceId-4924","AllocatedResourceName-1221","{}",1062.55296532,"8a93b2c1-1234-4abc-9def-0123456789ab","Contoso Cloud","BillingProfile","USD","2024-10-01T00:00:00Z","2024-09-01T00:00:00Z",NULL,NULL,"Usage",NULL,"Azure SQL Database SQL Database in West Europe","2024-09-30T11:00:00Z","2024-09-30T10:00:00Z",NULL,NULL,NULL,NULL,NULL,NULL,NULL,417.2300000000,"Hours",NULL,1398.096007,3.3509,1062.55296532,"Microsoft","INV-202409-33818","Microsoft",1769.764491,4.2417,"Other","USD",417.23,"Hours","Microsoft","Microsoft","westeurope","West Europe","/subscriptions/8a93b2c1-1234-4abc-9def-0123456789ab/resourceGroups/rg-915/providers/Microsoft.Compute/virtualMachines/vm-8274",NULL,"SQL Database","Databases","Azure SQL Database","Microsoft","RVMXP1X4RZY6YE1N","Azure SQL Database Hours",NULL,"RIFLVSXB8AVT6FVL.ZJUXYZT2","sub-9a1f","Production","BillingProfile","{""team"": ""growth"", ""owner"": ""a.turing""}",NULL,"westeurope-2","Usage-Based","Relational Databases",3.3509,1062.55296532,4.2417,NULL,NULL
"AllocatedMethodId-9160","AllocatedResourceId-1796","AllocatedResourceName-2842","{}",114.3389467,"ocid1.tenancy.oc1..aaaa1234","Meridian OCI","Tenancy","USD","2024-10-01T00:00:00Z","2024-09-01T00:00:00Z",NULL,NULL,"Adjustment",NULL,"Oracle Autonomous Database Database in US East (Ashburn)","2024-09-16T17:00:00Z","2024-09-16T16:00:00Z",NULL,NULL,NULL,NULL,NULL,NULL,NULL,NULL,NULL,NULL,161.04076999999998,1.2122,114.3389467,"Oracle","INV-202409-99165","Oracle",255.616685,1.9241,"Standard","USD",132.85,"Hours","Oracle","Oracle","us-ashburn-1","US East (Ashburn)",NULL,NULL,NULL,"Databases","Oracle Autonomous Database","Oracle","HTUTND20O3OGBB8H","Oracle Autonomous Database Hours",NULL,"57WKJHFX92F9RUKN.XRL163QR","ocid1.compartment.oc1..prod","production","Tenancy","{""cost_center"": ""CC-1001"", ""owner"": ""g.hopper"", ""environment"": ""qa""}",NULL,NULL,"One-Time","Relational Databases",1.2122,114.3389467,1.9241,NULL,NULL
"AllocatedMethodId-4245","AllocatedResourceId-7194","AllocatedResourceName-6666","{}",245.557197,"ocid1.tenancy.oc1..aaaa1234","Meridian OCI","Tenancy","USD","2024-10-01T00:00:00Z","2024-09-01T00:00:00Z",NULL,NULL,"Purchase","Correction","Oracle Object Storage Bucket in Australia East (Sydney)","2024-09-28T16:00:00Z","2024-09-28T15:00:00Z","Usage","cd-566311","commit-6311",NULL,"Used","Savings Plan",NULL,NULL,NULL,NULL,245.557197,1.1951,0,"Oracle","INV-202409-25941","Oracle",350.798931,1.7073,"Committed","USD",205.47,"GB","Oracle","Oracle","ap-sydney-1","Australia East (Sydney)","ocid1.instance.oc1.ap-sydney-1.0017c047c232",NULL,"Bucket","Storage","Oracle Object Storage","Oracle","HRDCWJ28EBXU7CCB","Oracle Object Storage GB",NULL,"J4LIETLU3MH1BTOH.NZ7F5KCM","ocid1.compartment.oc1..prod","production","Tenancy","{""owner"": ""a.turing"", ""business_unit"": ""MarseilleSRE""}",NULL,NULL,"One-Time","Object Storage",1.1951,0,1.7073,NULL,NULL
"AllocatedMethodId-3555","AllocatedResourceId-7495","AllocatedResourceName-2634","{}",203.37797025,"01ABCD-2345EF-6789GH","Helios Labs","BillingAccount","USD","2024-10-01T00:00:00Z","2024-09-01T00:00:00Z",NULL,NULL,"Credit","Correction","Cloud Load Balancing Forwarding Rule in Belgium","2024-09-08T13:00:00Z","2024-09-08T12:00:00Z",NULL,NULL,NULL,NULL,NULL,NULL,NULL,NULL,NULL,NULL,223.492275,2.3967,203.37797025,"Google","INV-202409-26342","Google",338.618725,3.6313,"Other","USD",93.25,"Hours","Google","Google","europe-west1","Belgium",NULL,NULL,NULL,"Networking","Cloud Load Balancing","Google","2OM7LASX4OWOIO11","Cloud Load Balancing Hours",NULL,"F6WC4ZFD93C6LY5H.6KMYCGA5","proj-helios-dev","helios-dev","BillingAccount","{""business_unit"": ""MarseilleSRE"", ""environment"": ""dev"", ""cost_center"": ""CC-1001""}",NULL,NULL,"One-Time","Application Networking",2.3967,203.37797025,3.6313,NULL,NULL
"AllocatedMethodId-5995","AllocatedResourceId-2999","AllocatedResourceName-6307","{}",650.52790992,"01ABCD-2345EF-6789GH","Helios Labs","BillingAccount","USD","2024-10-01T00:00:00Z","2024-09-01T00:00:00Z",NULL,NULL,"Usage",NULL,"Cloud Load Balancing Forwarding Rule in Belgium","2024-09-04T20:00:00Z","2024-09-04T19:00:00Z",NULL,NULL,NULL,NULL,NULL,NULL,NULL,217.3800000000,"Hours",NULL,692.050968,3.1836,650.52790992,"Google","INV-202409-40030","Google",768.938274,3.5373,"Other","USD",217.38,"Hours","Google","Google","europe-west1","Belgium","//compute.googleapis.com/projects/Helios Labs/zones/europe-west1-a/instances/inst-7938",NULL,"Forwarding Rule","Networking","Cloud Load Balancing","Google","JJK6BGSQJW9JLLWZ","Cloud Load Balancing Hours",NULL,"DYLVNXDYP4PEH8DR.Z5RGPA5U","proj-helios-prod","helios-prod","BillingAccount","{""team"": ""payments"", ""business_unit"": ""MarseilleSRE""}",NULL,"us-central1-a","Usage-Based","Application Networking",3.1836,650.52790992,3.5373,NULL,NULL
"AllocatedMethodId-4306","AllocatedResourceId-4991","AllocatedResourceName-8045","{}",254.33481836,"8a93b2c1-1234-4abc-9def-0123456789ab","Contoso Cloud","BillingProfile","USD","2024-10-01T00:00:00Z","2024-09-01T00:00:00Z",NULL,NULL,"Usage",NULL,"Virtual Machines Virtual Machine in East US","2024-09-17T11:00:00Z","2024-09-17T10:00:00Z",NULL,NULL,NULL,NULL,NULL,NULL,NULL,254.3600000000,"Hours",NULL,306.42749200000003,1.2047,254.33481836,"Microsoft","INV-202409-19606","Microsoft",364.803112,1.4342,"Standard","USD",254.36,"Hours","Microsoft","Microsoft","eastus","East US","/subscriptions/8a93b2c1-1234-4abc-9def-0123456789ab/resourceGroups/rg-924/providers/Microsoft.Compute/virtualMachines/vm-1176",NULL,"Virtual Machine","Compute","Virtual Machines","Microsoft","ELEXF1REEVV1RBFY","Virtual Machines Hours",NULL,"NU295WLD4AIBQK1K.AE5GIFJT","sub-9a1f","Production","BillingProfile","{""application"": ""AtlasPortal"", ""business_unit"": ""LisbonOps""}",NULL,"westeurope-2","Usage-Based","Virtual Machines",1.2047,254.33481836,1.4342,NULL,NULL
"AllocatedMethodId-1818","AllocatedResourceId-1019","AllocatedResourceName-3298","{}",70.1619072,"ocid1.tenancy.oc1..aaaa1234","Meridian OCI","Tenancy","USD","2024-10-01T00:00:00Z","2024-09-01T00:00:00Z",NULL,NULL,"Usage",NULL,"Oracle Functions Function in Australia East (Sydney)","2024-09-18T08:00:00Z","2024-09-18T07:00:00Z","Spend","cd-342561","commit-2561",NULL,"Used","Committed Use Discount",NULL,237.2900000000,"Invocations",NULL,73.08532,0.3080,70.1619072,"Oracle","INV-202409-10902","Oracle",88.058319,0.3711,"Committed","USD",237.29,"Invocations","Oracle","Oracle","ap-sydney-1","Australia East (Sydney)","ocid1.instance.oc1.ap-sydney-1.00daf5406f4d",NULL,"Function","Compute","Oracle Functions","Oracle","B3V78480WPNTMHFY","Oracle Functions Invocations",NULL,"VTMB6VLOHJCKHEWB.W5YRS3S4","ocid1.compartment.oc1..dev","development","Tenancy",NULL,NULL,NULL,"Usage-Based","Serverless Compute",0.3080,70.1619072,0.3711,NULL,NULL
"AllocatedMethodId-4846","AllocatedResourceId-2283","AllocatedResourceName-6144","{}",236.35151904,"ocid1.tenancy.oc1..aaaa1234","Meridian OCI","Tenancy","USD","2024-10-01T00:00:00Z","2024-09-01T00:00:00Z",NULL,NULL,"Usage",NULL,"Oracle Load Balancer Load Balancer in UK South (London)","2024-09-14T02:00:00Z","2024-09-14T01:00:00Z",NULL,NULL,NULL,NULL,NULL,NULL,NULL,248.2100000000,"Hours",NULL,303.01476800000006,1.2208,236.35151904,"Oracle","INV-202409-49283","Oracle",369.53504799999996,1.4888,"Dynamic","USD",248.21,"Hours","Oracle","Oracle","uk-london-1","UK South (London)","ocid1.instance.oc1.uk-london-1.0058511c5dc4",NULL,"Load Balancer","Networking","Oracle Load Balancer","Oracle","VCB0PWUO4MCYR1L3","Oracle Load Balancer Hours",NULL,"2FHWIYOUNDX3ALXW.HK7K30N1","ocid1.compartment.oc1..dev","development","Tenancy","{""environment"": ""staging"", ""team"": ""infra""}",NULL,NULL,"Usage-Based","Application Networking",1.2208,236.35151904,1.4888,NULL,NULL
"AllocatedMethodId-6354","AllocatedResourceId-5937","AllocatedResourceName-9496","{}",400.94107135,"01ABCD-2345EF-6789GH","Helios Labs","BillingAccount","USD","2024-10-01T00:00:00Z","2024-09-01T00:00:00Z",NULL,NULL,"Usage",NULL,"Cloud Functions Function in Singapore","2024-09-15T22:00:00Z","2024-09-15T21:00:00Z",NULL,NULL,NULL,NULL,NULL,NULL,NULL,124.0100000000,"Invocations",NULL,422.04323300000004,3.4033,400.94107135,"Google","INV-202409-72774","Google",602.9242190000001,4.8619,"Dynamic","USD",124.01,"Invocations","Google","Google","asia-southeast1","Singapore","//compute.googleapis.com/projects/Helios Labs/zones/asia-southeast1-a/instances/inst-7613",NULL,"Function","Compute","Cloud Functions","Google","HZPPQR2SOR0QB79K","Cloud Functions Invocations",NULL,"JODV60I4N87RGPKG.A2IDLH4C","proj-helios-dev","helios-dev","BillingAccount","{""business_unit"": ""OsloData""}",NULL,NULL,"Usage-Based","Serverless Compute",3.4033,400.94107135,4.8619,NULL,NULL
"AllocatedMethodId-3581","AllocatedResourceId-3223","AllocatedResourceName-1548","{}",152.3636424,"01ABCD-2345EF-6789GH","Helios Labs","BillingAccount","USD","2024-10-01T00:00:00Z","2024-09-01T00:00:00Z",NULL,NULL,"Usage",NULL,"Cloud Storage Bucket in Singapore","2024-09-16T20:00:00Z","2024-09-16T19:00:00Z","Usage","cd-416430","commit-6430",NULL,"Unused","Committed Use Discount",NULL,NULL,NULL,NULL,253.93940399999997,3.8499,152.3636424,"Google","INV-202409-63398","Google",256.50524799999994,3.8888,"Committed","USD",65.96,"GiB","Google","Google","asia-southeast1","Singapore","//compute.googleapis.com/projects/Helios Labs/zones/asia-southeast1-a/instances/inst-5333",NULL,"Bucket","Storage","Cloud Storage","Google","IHN3VZW7ZMVV4A91","Cloud Storage GiB",NULL,"FNEQX9TMQUZYOFEO.89XDNSLM","proj-helios-dev","helios-dev","BillingAccount","{""application"": ""BrightSourceCore"", ""environment"": ""prod""}",NULL,NULL,"Usage-Based","Object Storage",3.8499,152.3636424,3.8888,NULL,NULL
"AllocatedMethodId-6409","AllocatedResourceId-7574","AllocatedResourceName-2766","{}",21.82448268,"8a93b2c1-1234-4abc-9def-0123456789ab","Contoso Cloud","BillingProfile","USD","2024-10-01T00:00:00Z","2024-09-01T00:00:00Z",NULL,NULL,"Usage",NULL,"Azure Blob Storage Storage Account in Southeast Asia","2024-09-13T12:00:00Z","2024-09-13T11:00:00Z",NULL,NULL,NULL,NULL,NULL,NULL,NULL,328.0200000000,"GB",NULL,27.980106,0.0853,21.82448268,"Microsoft","INV-202409-27621","Microsoft",30.735474,0.0937,"Standard","USD",328.02,"GB","Microsoft","Microsoft","southeastasia","Southeast Asia","/subscriptions/8a93b2c1-1234-4abc-9def-0123456789ab/resourceGroups/rg-677/providers/Microsoft.Compute/virtualMachines/vm-5546",NULL,"Storage Account","Storage","Azure Blob Storage","Microsoft","DJF52SE3QMCTNUDJ","Azure Blob Storage GB",NULL,"O8XDKK9R1ZVL2VKM.MI7JOAIB","sub-2b7c","Staging","BillingProfile","{""owner"": ""a.lovelace"", ""team"": ""growth"", ""application"": ""BrightSourceCore""}",NULL,NULL,"Usage-Based","Object Storage",0.0853,21.82448268,0.0937,NULL,NULL
"AllocatedMethodId-9953","AllocatedResourceId-8578","AllocatedResourceName-2664","{}",49.70196639,"8a93b2c1-1234-4abc-9def-0123456789ab","Contoso Cloud","BillingProfile","USD","2024-10-01T00:00:00Z","2024-09-01T00:00:00Z",NULL,NULL,"Usage",NULL,"Azure Blob Storage Storage Account in East US","2024-09-01T23:00:00Z","2024-09-01T22:00:00Z",NULL,NULL,NULL,NULL,NULL,NULL,NULL,234.2300000000,"GB",NULL,57.128696999999995,0.2439,49.70196639,"Microsoft","INV-202409-96580","Microsoft",79.33370099999999,0.3387,"Dynamic","USD",234.23,"GB","Microsoft","Microsoft","eastus","East US","/subscriptions/8a93b2c1-1234-4abc-9def-0123456789ab/resourceGroups/rg-681/providers/Microsoft.Compute/virtualMachines/vm-2750",NULL,"Storage Account","Storage","Azure Blob Storage","Microsoft","WUPDLRXNDFLO9Q5K","Azure Blob Storage GB",NULL,"PBNRICI8S3EBF3KK.ISDXD20Q","sub-9a1f","Production","BillingProfile","{""team"": ""infra""}",NULL,"westeurope-2","Usage-Based","Object Storage",0.2439,49.70196639,0.3387,NULL,NULL
"AllocatedMethodId-5773","AllocatedResourceId-1590","AllocatedResourceName-4695","{}",285.5934405,"ocid1.tenancy.oc1..aaaa1234","Meridian OCI","Tenancy","USD","2024-10-01T00:00:00Z","2024-09-01T00:00:00Z",NULL,NULL,"Usage",NULL,"Oracle Functions Function in UK South (London)","2024-09-18T16:00:00Z","2024-09-18T15:00:00Z","Spend","cd-770898","commit-0898",NULL,"Unused","Committed Use Discount",NULL,NULL,NULL,NULL,380.791254,0.8139,285.5934405,"Oracle","INV-202409-73534","Oracle",427.85797,0.9145,"Committed","USD",467.86,"Invocations","Oracle","Oracle","uk-london-1","UK South (London)","ocid1.instance.oc1.uk-london-1.003ce977f568",NULL,"Function","Compute","Oracle Functions","Oracle","V6ELJUCVYZ8SQ6JP","Oracle Functions Invocations",NULL,"5PM2ELGIFFDH736C.PW90DE3D","ocid1.compartment.oc1..dev","development","Tenancy",NULL,NULL,NULL,"Usage-Based","Serverless Compute",0.8139,285.5934405,0.9145,NULL,NULL
"AllocatedMethodId-1169","AllocatedResourceId-7130","AllocatedResourceName-7185","{}",83.90392647,"8a93b2c1-1234-4abc-9def-0123456789ab","Contoso Cloud","BillingProfile","USD","2024-10-01T00:00:00Z","2024-09-01T00:00:00Z",NULL,NULL,"Usage",NULL,"Azure SQL Database SQL Database in East US","2024-09-27T11:00:00Z","2024-09-27T10:00:00Z",NULL,NULL,NULL,NULL,NULL,NULL,NULL,89.1100000000,"Hours",NULL,92.202117,1.0347,83.90392647,"Microsoft","INV-202409-31785","Microsoft",141.845298,1.5918,"Standard","USD",89.11,"Hours","Microsoft","Microsoft","eastus","East US","/subscriptions/8a93b2c1-1234-4abc-9def-0123456789ab/resourceGroups/rg-369/providers/Microsoft.Compute/virtualMachines/vm-5861",NULL,"SQL Database","Databases","Azure SQL Database","Microsoft","QPO93LKBXSJJHYLY","Azure SQL Database Hours",NULL,"UQYMMA8MMSST2BT6.756VAR3B","sub-4d3e","Sandbox","BillingProfile",NULL,NULL,"westeurope-2","Usage-Based","Relational Databases",1.0347,83.90392647,1.5918,NULL,NULL
"AllocatedMethodId-6564","AllocatedResourceId-2590","AllocatedResourceName-4187","{}",227.60244,"01ABCD-2345EF-6789GH","Helios Labs","BillingAccount","USD","2024-10-01T00:00:00Z","2024-09-01T00:00:00Z",NULL,NULL,"Usage",NULL,"Compute Engine VM Instance in Singapore","2024-09-30T03:00:00Z","2024-09-30T02:00:00Z","Usage","cd-267728","commit-7728",NULL,"Used","Savings Plan",NULL,351.0000000000,"Hours",NULL,264.654,0.7540,227.60244,"Google","INV-202409-13547","Google",318.84839999999997,0.9084,"Committed","USD",351.00,"Hours","Google","Google","asia-southeast1","Singapore","//compute.googleapis.com/projects/Helios Labs/zones/asia-southeast1-a/instances/inst-3027",NULL,"VM Instance","Compute","Compute Engine","Google","B0FZW8FJIBXKJSHE","Compute Engine Hours",NULL,"U0NCJUUZO1P3J0LS.LC1YEVQ6","proj-helios-prod","helios-prod","BillingAccount","{""team"": ""growth"", ""owner"": ""g.hopper""}",NULL,"europe-west1-b","Usage-Based","Virtual Machines",0.7540,227.60244,0.9084,NULL,NULL
"AllocatedMethodId-6362","AllocatedResourceId-7352","AllocatedResourceName-7581","{}",28.50111171,"8a93b2c1-1234-4abc-9def-0123456789ab","Contoso Cloud","BillingProfile","USD","2024-10-01T00:00:00Z","2024-09-01T00:00:00Z",NULL,NULL,"Usage",NULL,"Azure Load Balancer Load Balancer in East US","2024-09-28T23:00:00Z","2024-09-28T22:00:00Z",NULL,NULL,NULL,NULL,NULL,NULL,NULL,21.8100000000,"Hours",NULL,41.305958999999994,1.8939,28.50111171,"Microsoft","INV-202409-78259","Microsoft",62.583794999999995,2.8695,"Standard","USD",21.81,"Hours","Microsoft","Microsoft","eastus","East US","/subscriptions/8a93b2c1-1234-4abc-9def-0123456789ab/resourceGroups/rg-991/providers/Microsoft.Compute/virtualMachines/vm-8164",NULL,"Load Balancer","Networking","Azure Load Balancer","Microsoft","LEXS6HX8J18085ZT","Azure Load Balancer Hours",NULL,"AGH7UQ98DYTTIACY.L65274PU","sub-9a1f","Production","BillingProfile",NULL,NULL,NULL,"Usage-Based","Application Networking",1.8939,28.50111171,2.8695,NULL,NULL
"AllocatedMethodId-4168","AllocatedResourceId-9912","AllocatedResourceName-7488","{}",90.3023459,"01ABCD-2345EF-6789GH","Helios Labs","BillingAccount","USD","2024-10-01T00:00:00Z","2024-09-01T00:00:00Z",NULL,NULL,"Usage",NULL,"BigQuery Dataset in Singapore","2024-09-26T11:00:00Z","2024-09-26T10:00:00Z",NULL,NULL,NULL,NULL,NULL,NULL,NULL,148.1000000000,"GiB",NULL,101.46331,0.6851,90.3023459,"Google","INV-202409-54126","Google",133.51215,0.9015,"Standard","USD",148.10,"GiB","Google","Google","asia-southeast1","Singapore","//compute.googleapis.com/projects/Helios Labs/zones/asia-southeast1-a/instances/inst-8764",NULL,"Dataset","Analytics","BigQuery","Google","ECSKQ8NHS56HF42J","BigQuery GiB",NULL,"0R7GK6MH9BDO110B.KADAWMK8","proj-helios-prod","helios-prod","BillingAccount",NULL,NULL,"us-central1-a","Usage-Based","Data Warehouses",0.6851,90.3023459,0.9015,NULL,NULL
"AllocatedMethodId-8554","AllocatedResourceId-2037","AllocatedResourceName-9656","{}",314.15339472,"8a93b2c1-1234-4abc-9def-0123456789ab","Contoso Cloud","BillingProfile","USD","2024-10-01T00:00:00Z","2024-09-01T00:00:00Z",NULL,NULL,"Usage",NULL,"Virtual Machines Virtual Machine in East US","2024-09-27T23:00:00Z","2024-09-27T22:00:00Z","Spend","cd-472536","commit-2536",NULL,"Used","Savings Plan",NULL,135.0800000000,"Hours",NULL,383.113896,2.8362,314.15339472,"Microsoft","INV-202409-34488","Microsoft",598.60702,4.4315,"Standard","USD",135.08,"Hours","Microsoft","Microsoft","eastus","East US","/subscriptions/8a93b2c1-1234-4abc-9def-0123456789ab/resourceGroups/rg-690/providers/Microsoft.Compute/virtualMachines/vm-450",NULL,"Virtual Machine","Compute","Virtual Machines","Microsoft","POL9N6YNN40F6VH8","Virtual Machines Hours",NULL,"ZLZ3GP19TGAEMJ6K.MOJG86OW","sub-2b7c","Staging","BillingProfile","{""cost_center"": ""CC-2042"", ""application"": ""NimbusAPI"", ""owner"": ""a.turing""}",NULL,"westeurope-2","Usage-Based","Virtual Machines",2.8362,314.15339472,4.4315,NULL,NULL
"AllocatedMethodId-4662","AllocatedResourceId-5470","AllocatedResourceName-8129","{}",386.577756,"ocid1.tenancy.oc1..aaaa1234","Meridian OCI","Tenancy","USD","2024-10-01T00:00:00Z","2024-09-01T00:00:00Z",NULL,NULL,"Usage",NULL,"Oracle Autonomous Database Database in Australia East (Sydney)","2024-09-18T08:00:00Z","2024-09-18T07:00:00Z",NULL,NULL,NULL,NULL,NULL,NULL,NULL,325.3200000000,"Hours",NULL,515.437008,1.5844,386.577756,"Oracle","INV-202409-52749","Oracle",687.2384999999999,2.1125,"Standard","USD",325.32,"Hours","Oracle","Oracle","ap-sydney-1","Australia East (Sydney)","ocid1.instance.oc1.ap-sydney-1.009cd2401a43",NULL,"Database","Databases","Oracle Autonomous Database","Oracle","GRPEI320H36HW08P","Oracle Autonomous Database Hours",NULL,"8TW5LBJZYXZ8YKWG.IU2NT6KV","ocid1.compartment.oc1..prod","production","Tenancy",NULL,NULL,NULL,"Usage-Based","Relational Databases",1.5844,386.577756,2.1125,NULL,NULL
"AllocatedMethodId-2937","AllocatedResourceId-1514","AllocatedResourceName-3687","{}",129.3011797,"123456789012","SunBird","BillingAccount","USD","2024-10-01T00:00:00Z","2024-09-01T00:00:00Z",NULL,NULL,"Usage","Correction","Amazon Simple Queue Service Queue in Europe (Ireland)","2024-09-25T18:00:00Z","2024-09-25T17:00:00Z",NULL,NULL,NULL,NULL,NULL,NULL,NULL,313.7000000000,"Requests",NULL,167.92361,0.5353,129.3011797,"AWS","INV-202409-32400","AWS",223.88769,0.7137,"Standard","USD",313.70,"Requests","AWS","AWS","eu-west-1","Europe (Ireland)","arn:aws:ec2:eu-west-1:123456789012:instance/i-00dfd6186c39",NULL,"Queue","Integration","Amazon Simple Queue Service","AWS","3T5Q9WSZRE6M6TH0","Amazon Simple Queue Service Requests",NULL,"3PS37VNZ88GYS8BQ.SUAK6ZAU","517389287820","Atlas Nimbus","BillingAccount","{""cost_center"": ""CC-2042"", ""owner"": ""a.turing""}",NULL,"us-east-1a","Usage-Based","Messaging",0.5353,129.3011797,0.7137,NULL,NULL
"AllocatedMethodId-8353","AllocatedResourceId-1848","AllocatedResourceName-9235","{}",22.60030962,"ocid1.tenancy.oc1..aaaa1234","Meridian OCI","Tenancy","USD","2024-10-01T00:00:00Z","2024-09-01T00:00:00Z",NULL,NULL,"Usage",NULL,"Oracle Object Storage Bucket in UK South (London)","2024-09-17T23:00:00Z","2024-09-17T22:00:00Z","Usage","cd-974055","commit-4055",NULL,"Used","Savings Plan",NULL,450.8700000000,"GB",NULL,31.831422,0.0706,22.60030962,"Oracle","INV-202409-66622","Oracle",40.803734999999996,0.0905,"Committed","USD",450.87,"GB","Oracle","Oracle","uk-london-1","UK South (London)","ocid1.instance.oc1.uk-london-1.00e4f2e3e2b9",NULL,"Bucket","Storage","Oracle Object Storage","Oracle","CV4T89P4QG9W0PAJ","Oracle Object Storage GB",NULL,"2XADANCWYZGWNBWY.SG9QM28S","ocid1.compartment.oc1..prod","production","Tenancy","{""cost_center"": ""CC-3090""}",NULL,NULL,"Usage-Based","Object Storage",0.0706,22.60030962,0.0905,NULL,NULL
"AllocatedMethodId-9866","AllocatedResourceId-5727","AllocatedResourceName-6335","{}",32.02344672,"ocid1.tenancy.oc1..aaaa1234","Meridian OCI","Tenancy","USD","2024-10-01T00:00:00Z","2024-09-01T00:00:00Z",NULL,NULL,"Usage",NULL,"Oracle Compute Instance in Australia East (Sydney)","2024-09-23T16:00:00Z","2024-09-23T15:00:00Z",NULL,NULL,NULL,NULL,NULL,NULL,NULL,401.8200000000,"Hours",NULL,47.093303999999996,0.1172,32.02344672,"Oracle","INV-202409-49790","Oracle",62.764284,0.1562,"Other","USD",401.82,"Hours","Oracle","Oracle","ap-sydney-1","Australia East (Sydney)","ocid1.instance.oc1.ap-sydney-1.00584082a234",NULL,"Instance","Compute","Oracle Compute","Oracle","ICZ4RV19ZXKTCYJI","Oracle Compute Hours",NULL,"HUW14IU1LLLHAVPN.S2BQ5T4Y","ocid1.compartment.oc1..prod","production","Tenancy","{""environment"": ""staging""}",NULL,NULL,"Usage-Based","Virtual Machines",0.1172,32.02344672,0.1562,NULL,NULL
"AllocatedMethodId-1772","AllocatedResourceId-6951","AllocatedResourceName-6054","{}",210.44579094,"01ABCD-2345EF-6789GH","Helios Labs","BillingAccount","USD","2024-10-01T00:00:00Z","2024-09-01T00:00:00Z",NULL,NULL,"Usage",NULL,"Cloud Functions Function in Belgium","2024-09-14T23:00:00Z","2024-09-14T22:00:00Z",NULL,NULL,NULL,NULL,NULL,NULL,NULL,267.1900000000,"Invocations",NULL,334.040938,1.2502,210.44579094,"Google","INV-202409-79349","Google",417.564532,1.5628,"Standard","USD",267.19,"Invocations","Google","Google","europe-west1","Belgium","//compute.googleapis.com/projects/Helios Labs/zones/europe-west1-a/instances/inst-6063",NULL,"Function","Compute","Cloud Functions","Google","LFE4PJ35K1R88PW9","Cloud Functions Invocations",NULL,"UU9UKLTKWIUGZH6U.5XF2EDVD","proj-helios-dev","helios-dev","BillingAccount","{""environment"": ""dev"", ""application"": ""BrightLensMatrix""}",NULL,"us-central1-a","Usage-Based","Serverless Compute",1.2502,210.44579094,1.5628,NULL,NULL
"AllocatedMethodId-8123","AllocatedResourceId-4013","AllocatedResourceName-6176","{}",417.49046352,"123456789012","SunBird","BillingAccount","USD","2024-10-01T00:00:00Z","2024-09-01T00:00:00Z",NULL,NULL,"Usage",NULL,"Amazon Relational Database Service Database Instance in Asia Pacific (Sydney)","2024-09-14T03:00:00Z","2024-09-14T02:00:00Z",NULL,NULL,NULL,NULL,NULL,NULL,NULL,319.3200000000,"Hours",NULL,535.2441839999999,1.6762,417.49046352,"AWS","INV-202409-47387","AWS",569.411424,1.7832,"Standard","USD",319.32,"Hours","AWS","AWS","ap-southeast-2","Asia Pacific (Sydney)","arn:aws:ec2:ap-southeast-2:123456789012:instance/i-00aa435706a2",NULL,"Database Instance","Databases","Amazon Relational Database Service","AWS","3MQSNCVO568BOMH7","Amazon Relational Database Service Hours",NULL,"N0FEMP7L1C6468L9.EWL484MA","438839167390","Zenith Eclipse","BillingAccount","{""business_unit"": ""ViennaAI"", ""application"": ""AtlasPortal"", ""team"": ""growth""}",NULL,NULL,"Usage-Based","Relational Databases",1.6762,417.49046352,1.7832,NULL,NULL
"AllocatedMethodId-4080","AllocatedResourceId-5792","AllocatedResourceName-5574","{}",265.51511259,"123456789012","SunBird","BillingAccount","USD","2024-10-01T00:00:00Z","2024-09-01T00:00:00Z",NULL,NULL,"Tax",NULL,"Tax charge in US West (Oregon)","2024-09-20T00:00:00Z","2024-09-19T23:00:00Z",NULL,NULL,NULL,NULL,NULL,NULL,NULL,NULL,NULL,NULL,86.9356530000,NULL,265.51511259,"AWS","INV-202409-72700","AWS",49.6564020000,NULL,NULL,"USD",NULL,NULL,"AWS","AWS",NULL,NULL,NULL,NULL,NULL,"Other","Tax","AWS",NULL,NULL,NULL,NULL,"517389287820","Atlas Nimbus","BillingAccount","{""application"": ""AtlasPortal"", ""owner"": ""a.turing"", ""cost_center"": ""CC-3090""}",NULL,NULL,"One-Time","Other (Security)",NULL,265.51511259,NULL,NULL,NULL
"AllocatedMethodId-8581","AllocatedResourceId-9827","AllocatedResourceName-2212","{}",1946.42856606,"ocid1.tenancy.oc1..aaaa1234","Meridian OCI","Tenancy","USD","2024-10-01T00:00:00Z","2024-09-01T00:00:00Z",NULL,NULL,"Usage",NULL,"Oracle Functions Function in Australia East (Sydney)","2024-09-07T23:00:00Z","2024-09-07T22:00:00Z","Usage","cd-243184","commit-3184",NULL,"Unused","Savings Plan",NULL,NULL,NULL,NULL,2092.9339419999997,4.4906,1946.42856606,"Oracle","INV-202409-67816","Oracle",2299.915629,4.9347,"Committed","USD",466.07,"Invocations","Oracle","Oracle","ap-sydney-1","Australia East (Sydney)","ocid1.instance.oc1.ap-sydney-1.00afd0b97d5a",NULL,"Function","Compute","Oracle Functions","Oracle","9V4OB8OVKGF807SS","Oracle Functions Invocations",NULL,"KSYR67T3X2K9X5VW.7I7HDLJE","ocid1.compartment.oc1..dev","development","Tenancy","{""application"": ""BrightLensMatrix"", ""cost_center"": ""CC-3090""}",NULL,"us-ashburn-1-AD-1","Usage-Based","Serverless Compute",4.4906,1946.42856606,4.9347,NULL,NULL
"AllocatedMethodId-6216","AllocatedResourceId-4197","AllocatedResourceName-3073","{}",6.549984,"8a93b2c1-1234-4abc-9def-0123456789ab","Contoso Cloud","BillingProfile","USD","2024-10-01T00:00:00Z","2024-09-01T00:00:00Z",NULL,NULL,"Usage",NULL,"Azure SQL Database SQL Database in West Europe","2024-09-27T00:00:00Z","2024-09-26T23:00:00Z",NULL,NULL,NULL,NULL,NULL,NULL,NULL,7.2000000000,"Hours",NULL,9.0972,1.2635,6.549984,"Microsoft","INV-202409-11558","Microsoft",11.81448,1.6409,"Dynamic","USD",7.20,"Hours","Microsoft","Microsoft","westeurope","West Europe","/subscriptions/8a93b2c1-1234-4abc-9def-0123456789ab/resourceGroups/rg-14/providers/Microsoft.Compute/virtualMachines/vm-854",NULL,"SQL Database","Databases","Azure SQL Database","Microsoft","FLNBN76V18HFP58F","Azure SQL Database Hours",NULL,"RVABKG23DXUJ911N.OXFU68B3","sub-4d3e","Sandbox","BillingProfile","{""business_unit"": ""MarseilleSRE""}",NULL,"eastus-1","Usage-Based","Relational Databases",1.2635,6.549984,1.6409,NULL,NULL
"AllocatedMethodId-5782","AllocatedResourceId-8378","AllocatedResourceName-5035","{}",21.290334,"ocid1.tenancy.oc1..aaaa1234","Meridian OCI","Tenancy","USD","2024-10-01T00:00:00Z","2024-09-01T00:00:00Z",NULL,NULL,"Usage",NULL,"Oracle Compute Instance in Australia East (Sydney)","2024-09-06T05:00:00Z","2024-09-06T04:00:00Z","Usage","cd-701363","commit-1363",NULL,"Used","Savings Plan",NULL,39.9200000000,"Hours",NULL,32.75436,0.8205,21.290334,"Oracle","INV-202409-58066","Oracle",49.628544000000005,1.2432,"Committed","USD",39.92,"Hours","Oracle","Oracle","ap-sydney-1","Australia East (Sydney)","ocid1.instance.oc1.ap-sydney-1.009ef92047c9",NULL,"Instance","Compute","Oracle Compute","Oracle","U8G6HCSUDITN3NZE","Oracle Compute Hours",NULL,"V75NYZI2FNW6ZPNW.PDAV8U1F","ocid1.compartment.oc1..prod","production","Tenancy","{""business_unit"": ""MarseilleSRE"", ""application"": ""NimbusAPI""}",NULL,"us-ashburn-1-AD-1","Usage-Based","Virtual Machines",0.8205,21.290334,1.2432,NULL,NULL
"AllocatedMethodId-7876","AllocatedResourceId-4416","AllocatedResourceName-7917","{}",67.05866368,"123456789012","SunBird","BillingAccount","USD","2024-10-01T00:00:00Z","2024-09-01T00:00:00Z",NULL,NULL,"Usage",NULL,"AWS Lambda Function in Europe (Ireland)","2024-09-17T01:00:00Z","2024-09-17T00:00:00Z","Spend","cd-404272","commit-4272",NULL,"Used","Savings Plan",NULL,92.9800000000,"Requests",NULL,104.779162,1.1269,67.05866368,"AWS","INV-202409-73780","AWS",161.19942600000002,1.7337,"Committed","USD",92.98,"Requests","AWS","AWS","eu-west-1","Europe (Ireland)","arn:aws:ec2:eu-west-1:123456789012:instance/i-00afd3e883a7",NULL,"Function","Compute","AWS Lambda","AWS","0Y0AVPSL7FYQQE0E","AWS Lambda Requests",NULL,"CG3UNV8T0QCXHCM9.8AI5NAQJ","438839167390","Zenith Eclipse","BillingAccount","{""environment"": ""dev"", ""team"": ""infra"", ""cost_center"": ""CC-1001""}",NULL,NULL,"Usage-Based","Serverless Compute",1.1269,67.05866368,1.7337,NULL,NULL
"AllocatedMethodId-4367","AllocatedResourceId-9984","AllocatedResourceName-8698","{}",145.54667584,"8a93b2c1-1234-4abc-9def-0123456789ab","Contoso Cloud","BillingProfile","USD","2024-10-01T00:00:00Z","2024-09-01T00:00:00Z",NULL,NULL,"Usage",NULL,"Azure Functions Function App in East US","2024-09-28T01:00:00Z","2024-09-28T00:00:00Z",NULL,NULL,NULL,NULL,NULL,NULL,NULL,58.0400000000,"Executions",NULL,199.379008,3.4352,145.54667584,"Microsoft","INV-202409-74673","Microsoft",219.09519600000002,3.7749,"Dynamic","USD",58.04,"Executions","Microsoft","Microsoft","eastus","East US","/subscriptions/8a93b2c1-1234-4abc-9def-0123456789ab/resourceGroups/rg-723/providers/Microsoft.Compute/virtualMachines/vm-9437",NULL,"Function App","Compute","Azure Functions","Microsoft","ZQALL68R63RUWHPV","Azure Functions Executions",NULL,"83I5H3RMB199HGYR.CMTN67E6","sub-2b7c","Staging","BillingProfile",NULL,NULL,"eastus-1","Usage-Based","Serverless Compute",3.4352,145.54667584,3.7749,NULL,NULL
"AllocatedMethodId-9912","AllocatedResourceId-8628","AllocatedResourceName-1461","{}",796.36491204,"ocid1.tenancy.oc1..aaaa1234","Meridian OCI","Tenancy","USD","2024-10-01T00:00:00Z","2024-09-01T00:00:00Z",NULL,NULL,"Usage",NULL,"Oracle Autonomous Database Database in Australia East (Sydney)","2024-09-11T00:00:00Z","2024-09-10T23:00:00Z",NULL,NULL,NULL,NULL,NULL,NULL,NULL,224.7600000000,"Hours",NULL,894.7920359999999,3.9811,796.36491204,"Oracle","INV-202409-46313","Oracle",932.0797200000001,4.1470,"Dynamic","USD",224.76,"Hours","Oracle","Oracle","ap-sydney-1","Australia East (Sydney)","ocid1.instance.oc1.ap-sydney-1.00464e66d22a",NULL,"Database","Databases","Oracle Autonomous Database","Oracle","8IZIWQKCQEKOFCW2","Oracle Autonomous Database Hours",NULL,"3IARREBD5RGNKRXP.9ED4TGJJ","ocid1.compartment.oc1..prod","production","Tenancy","{""business_unit"": ""MarseilleSRE""}",NULL,NULL,"Usage-Based","Relational Databases",3.9811,796.36491204,4.1470,NULL,NULL
"AllocatedMethodId-6464","AllocatedResourceId-1201","AllocatedResourceName-1425","{}",19.97288928,"ocid1.tenancy.oc1..aaaa1234","Meridian OCI","Tenancy","USD","2024-10-01T00:00:00Z","2024-09-01T00:00:00Z",NULL,NULL,"Usage",NULL,"Oracle Object Storage Bucket in Australia East (Sydney)","2024-09-11T22:00:00Z","2024-09-11T21:00:00Z",NULL,NULL,NULL,NULL,NULL,NULL,NULL,88.7400000000,"GB",NULL,27.740123999999998,0.3126,19.97288928,"Oracle","INV-202409-27899","Oracle",34.670718,0.3907,"Standard","USD",88.74,"GB","Oracle","Oracle","ap-sydney-1","Australia East (Sydney)","ocid1.instance.oc1.ap-sydney-1.00485189e5dc",NULL,"Bucket","Storage","Oracle Object Storage","Oracle","TY71GYND4AJ8Z2KD","Oracle Object Storage GB",NULL,"JCCVPZ0IEXM08BAV.34UBDG5P","ocid1.compartment.oc1..dev","development","Tenancy","{""owner"": ""g.hopper"", ""environment"": ""qa""}",NULL,"us-ashburn-1-AD-1","Usage-Based","Object Storage",0.3126,19.97288928,0.3907,NULL,NULL
"AllocatedMethodId-3953","AllocatedResourceId-7157","AllocatedResourceName-1370","{}",183.34774584,"ocid1.tenancy.oc1..aaaa1234","Meridian OCI","Tenancy","USD","2024-10-01T00:00:00Z","2024-09-01T00:00:00Z",NULL,NULL,"Usage",NULL,"Oracle Object Storage Bucket in Australia East (Sydney)","2024-09-04T20:00:00Z","2024-09-04T19:00:00Z",NULL,NULL,NULL,NULL,NULL,NULL,NULL,327.1800000000,"GB",NULL,269.62903800000004,0.8241,183.34774584,"Oracle","INV-202409-72188","Oracle",280.851312,0.8584,"Standard","USD",327.18,"GB","Oracle","Oracle","ap-sydney-1","Australia East (Sydney)","ocid1.instance.oc1.ap-sydney-1.00e44eda2473",NULL,"Bucket","Storage","Oracle Object Storage","Oracle","QUR0H5HK9E4A3QTP","Oracle Object Storage GB",NULL,"0DJOTSILXJFZAJVL.NRFJBRT2","ocid1.compartment.oc1..dev","development","Tenancy","{""cost_center"": ""CC-3090"", ""team"": ""infra"", ""application"": ""NimbusAPI""}",NULL,"us-ashburn-1-AD-1","Usage-Based","Object Storage",0.8241,183.34774584,0.8584,NULL,NULL
"AllocatedMethodId-5777","AllocatedResourceId-3140","AllocatedResourceName-2404","{}",61.601772,"8a93b2c1-1234-4abc-9def-0123456789ab","Contoso Cloud","BillingProfile","USD","2024-10-01T00:00:00Z","2024-09-01T00:00:00Z",NULL,NULL,"Purchase",NULL,"Azure Load Balancer Load Balancer in West Europe","2024-09-28T09:00:00Z","2024-09-28T08:00:00Z",NULL,NULL,NULL,NULL,NULL,NULL,NULL,NULL,NULL,NULL,61.601772,0.5484,0,"Microsoft","INV-202409-74316","Microsoft",73.329024,0.6528,"Standard","USD",112.33,"Hours","Microsoft","Microsoft","westeurope","West Europe","/subscriptions/8a93b2c1-1234-4abc-9def-0123456789ab/resourceGroups/rg-48/providers/Microsoft.Compute/virtualMachines/vm-2103",NULL,"Load Balancer","Networking","Azure Load Balancer","Microsoft","IGGHU8FK18ZS80Q4","Azure Load Balancer Hours",NULL,"9160IN3YDA67RT3Q.B6O29FHC","sub-2b7c","Staging","BillingProfile","{""application"": ""AtlasPortal"", ""environment"": ""staging"", ""business_unit"": ""OsloData""}",NULL,NULL,"One-Time","Application Networking",0.5484,0,0.6528,NULL,NULL
"AllocatedMethodId-5130","AllocatedResourceId-2951","AllocatedResourceName-7655","{}",756.019665,"ocid1.tenancy.oc1..aaaa1234","Meridian OCI","Tenancy","USD","2024-10-01T00:00:00Z","2024-09-01T00:00:00Z",NULL,NULL,"Usage",NULL,"Oracle Autonomous Database Database in US East (Ashburn)","2024-09-18T06:00:00Z","2024-09-18T05:00:00Z","Spend","cd-737460","commit-7460",NULL,"Unused","Reserved Instance",NULL,NULL,NULL,NULL,1111.7936249999998,2.3825,756.019665,"Oracle","INV-202409-25901","Oracle",1793.195955,3.8427,"Committed","USD",466.65,"Hours","Oracle","Oracle","us-ashburn-1","US East (Ashburn)","ocid1.instance.oc1.us-ashburn-1.003fc9882ba5",NULL,"Database","Databases","Oracle Autonomous Database","Oracle","HO70UR1LJAKEKM5J","Oracle Autonomous Database Hours",NULL,"AWVANNADBB97YPSZ.3PHAA77F","ocid1.compartment.oc1..prod","production","Tenancy","{""cost_center"": ""CC-3090"", ""business_unit"": ""LisbonOps""}",NULL,"us-ashburn-1-AD-1","Usage-Based","Relational Databases",2.3825,756.019665,3.8427,NULL,NULL
"AllocatedMethodId-4333","AllocatedResourceId-6307","AllocatedResourceName-4918","{}",221.030117,"123456789012","SunBird","BillingAccount","USD","2024-10-01T00:00:00Z","2024-09-01T00:00:00Z",NULL,NULL,"Adjustment",NULL,"Amazon Elastic Compute Cloud Virtual Machine in US East (N. Virginia)","2024-09-25T06:00:00Z","2024-09-25T05:00:00Z",NULL,NULL,NULL,NULL,NULL,NULL,NULL,NULL,NULL,NULL,227.8661,0.5555,221.030117,"AWS","INV-202409-57581","AWS",284.84288,0.6944,"Standard","USD",410.20,"Hours","AWS","AWS","us-east-1","US East (N. Virginia)",NULL,NULL,NULL,"Compute","Amazon Elastic Compute Cloud","AWS","T8F914QYPCDB6ROP","Amazon Elastic Compute Cloud Hours",NULL,"1HGP2FG7FUF9XQV6.JTJBMQAE","438839167390","Zenith Eclipse","BillingAccount","{""cost_center"": ""CC-2042"", ""team"": ""platform"", ""application"": ""AtlasPortal""}",NULL,NULL,"One-Time","Virtual Machines",0.5555,221.030117,0.6944,NULL,NULL
"AllocatedMethodId-6439","AllocatedResourceId-2756","AllocatedResourceName-9994","{}",257.5584352,"01ABCD-2345EF-6789GH","Helios Labs","BillingAccount","USD","2024-10-01T00:00:00Z","2024-09-01T00:00:00Z",NULL,NULL,"Usage",NULL,"BigQuery Dataset in Northern Virginia","2024-09-20T02:00:00Z","2024-09-20T01:00:00Z","Usage","cd-524067","commit-4067",NULL,"Used","Savings Plan",NULL,303.6100000000,"GiB",NULL,292.68004,0.9640,257.5584352,"Google","INV-202409-28283","Google",380.11972000000003,1.2520,"Committed","USD",303.61,"GiB","Google","Google","us-east4","Northern Virginia","//compute.googleapis.com/projects/Helios Labs/zones/us-east4-a/instances/inst-5657",NULL,"Dataset","Analytics","BigQuery","Google","I8F6JIO62SAJZJC7","BigQuery GiB",NULL,"W6E5QUI3OWM0TKOW.3BASFKG9","proj-helios-prod","helios-prod","BillingAccount","{""application"": ""BrightSourceCore""}",NULL,"asia-southeast1-c","Usage-Based","Data Warehouses",0.9640,257.5584352,1.2520,NULL,NULL
"AllocatedMethodId-9179","AllocatedResourceId-4358","AllocatedResourceName-6064","{}",10.86037632,"123456789012","SunBird","BillingAccount","USD","2024-10-01T00:00:00Z","2024-09-01T00:00:00Z",NULL,NULL,"Usage",NULL,"AWS Lambda Function in Asia Pacific (Sydney)","2024-09-27T20:00:00Z","2024-09-27T19:00:00Z","Spend","cd-133247","commit-3247",NULL,"Used","Savings Plan",NULL,172.9800000000,"Requests",NULL,11.312892,0.0654,10.86037632,"AWS","INV-202409-57965","AWS",15.499007999999998,0.0896,"Standard","USD",172.98,"Requests","AWS","AWS","ap-southeast-2","Asia Pacific (Sydney)","arn:aws:ec2:ap-southeast-2:123456789012:instance/i-003bce310d04",NULL,"Function","Compute","AWS Lambda","AWS","3FBFLMI1EWFIBQ8X","AWS Lambda Requests",NULL,"A511UOQTYCTLJ20O.TYBGFVPA","517389287820","Atlas Nimbus","BillingAccount","{""team"": ""platform"", ""owner"": ""a.lovelace""}",NULL,"us-west-2b","Usage-Based","Serverless Compute",0.0654,10.86037632,0.0896,NULL,NULL
"AllocatedMethodId-7199","AllocatedResourceId-9973","AllocatedResourceName-3496","{}",458.68451356,"ocid1.tenancy.oc1..aaaa1234","Meridian OCI","Tenancy","USD","2024-10-01T00:00:00Z","2024-09-01T00:00:00Z",NULL,NULL,"Usage",NULL,"Oracle Object Storage Bucket in UK South (London)","2024-09-15T23:00:00Z","2024-09-15T22:00:00Z",NULL,NULL,NULL,NULL,NULL,NULL,NULL,245.5900000000,"GB",NULL,468.045422,1.9058,458.68451356,"Oracle","INV-202409-64955","Oracle",503.26302799999996,2.0492,"Standard","USD",245.59,"GB","Oracle","Oracle","uk-london-1","UK South (London)","ocid1.instance.oc1.uk-london-1.007bcade279a",NULL,"Bucket","Storage","Oracle Object Storage","Oracle","0YWZJIRE20826RS4","Oracle Object Storage GB",NULL,"3FKDNXAC0G6T64TJ.IPURNTDT","ocid1.compartment.oc1..prod","production","Tenancy","{""team"": ""payments""}",NULL,"us-ashburn-1-AD-1","Usage-Based","Object Storage",1.9058,458.68451356,2.0492,NULL,NULL
"AllocatedMethodId-6094","AllocatedResourceId-9648","AllocatedResourceName-7944","{}",469.40158059,"123456789012","SunBird","BillingAccount","USD","2024-10-01T00:00:00Z","2024-09-01T00:00:00Z",NULL,NULL,"Usage",NULL,"Amazon Simple Storage Service Bucket in US East (N. Virginia)","2024-09-28T05:00:00Z","2024-09-28T04:00:00Z","Spend","cd-280425","commit-0425",NULL,"Unused","Savings Plan",NULL,NULL,NULL,NULL,565.544073,1.5321,469.40158059,"AWS","INV-202409-16679","AWS",657.605095,1.7815,"Committed","USD",369.13,"GB","AWS","AWS","us-east-1","US East (N. Virginia)","arn:aws:ec2:us-east-1:123456789012:instance/i-003cd073651a",NULL,"Bucket","Storage","Amazon Simple Storage Service","AWS","3PA1OTOVS66LE77R","Amazon Simple Storage Service GB",NULL,"08BZZQBWGGCLFKXT.MRFLPBHZ","438839167390","Zenith Eclipse","BillingAccount","{""application"": ""NimbusAPI"", ""owner"": ""g.hopper"", ""cost_center"": ""CC-3090""}",NULL,NULL,"Usage-Based","Object Storage",1.5321,469.40158059,1.7815,NULL,NULL
"AllocatedMethodId-1810","AllocatedResourceId-2313","AllocatedResourceName-2465","{}",542.20799178,"123456789012","SunBird","BillingAccount","USD","2024-10-01T00:00:00Z","2024-09-01T00:00:00Z",NULL,NULL,"Tax",NULL,"Tax charge in Asia Pacific (Sydney)","2024-09-05T07:00:00Z","2024-09-05T06:00:00Z",NULL,NULL,NULL,NULL,NULL,NULL,NULL,NULL,NULL,NULL,80.7587730000,NULL,542.20799178,"AWS","INV-202409-82189","AWS",3.2433730000,NULL,NULL,"USD",NULL,NULL,"AWS","AWS",NULL,NULL,NULL,NULL,NULL,"Other","Tax","AWS",NULL,NULL,NULL,NULL,"517389287820","Atlas Nimbus","BillingAccount","{""cost_center"": ""CC-2042""}",NULL,NULL,"One-Time","Other (Security)",NULL,542.20799178,NULL,NULL,NULL
"AllocatedMethodId-1450","AllocatedResourceId-9388","AllocatedResourceName-2819","{}",74.028132,"123456789012","SunBird","BillingAccount","USD","2024-10-01T00:00:00Z","2024-09-01T00:00:00Z",NULL,NULL,"Usage",NULL,"Amazon Simple Storage Service Bucket in Europe (Ireland)","2024-09-06T00:00:00Z","2024-09-05T23:00:00Z",NULL,NULL,NULL,NULL,NULL,NULL,NULL,248.2000000000,"GB",NULL,82.25348,0.3314,74.028132,"AWS","INV-202409-65935","AWS",122.75971999999999,0.4946,"Other","USD",248.20,"GB","AWS","AWS","eu-west-1","Europe (Ireland)","arn:aws:ec2:eu-west-1:123456789012:instance/i-00b92aedc330",NULL,"Bucket","Storage","Amazon Simple Storage Service","AWS","YJWD6QGS37VXAHEN","Amazon Simple Storage Service GB",NULL,"2VOV7KHB4K9727A4.I3DO3H0G","438839167390","Zenith Eclipse","BillingAccount",NULL,NULL,NULL,"Usage-Based","Object Storage",0.3314,74.028132,0.4946,NULL,NULL
"AllocatedMethodId-2465","AllocatedResourceId-6273","AllocatedResourceName-1899","{}",448.6894048,"ocid1.tenancy.oc1..aaaa1234","Meridian OCI","Tenancy","USD","2024-10-01T00:00:00Z","2024-09-01T00:00:00Z",NULL,NULL,"Usage",NULL,"Oracle Object Storage Bucket in US East (Ashburn)","2024-09-29T22:00:00Z","2024-09-29T21:00:00Z","Spend","cd-661485","commit-1485",NULL,"Unused","Savings Plan",NULL,NULL,NULL,NULL,493.06528000000003,1.5560,448.6894048,"Oracle","INV-202409-28617","Oracle",608.72648,1.9210,"Committed","USD",316.88,"GB","Oracle","Oracle","us-ashburn-1","US East (Ashburn)","ocid1.instance.oc1.us-ashburn-1.00192f9dde49",NULL,"Bucket","Storage","Oracle Object Storage","Oracle","LS9A9XW36CAKQSMI","Oracle Object Storage GB",NULL,"NZLKHZCYY9W3QZ4B.Y2WE1HPX","ocid1.compartment.oc1..prod","production","Tenancy","{""team"": ""infra""}",NULL,NULL,"Usage-Based","Object Storage",1.5560,448.6894048,1.9210,NULL,NULL
"AllocatedMethodId-2941","AllocatedResourceId-5524","AllocatedResourceName-9170","{}",118.3739648,"123456789012","SunBird","BillingAccount","USD","2024-10-01T00:00:00Z","2024-09-01T00:00:00Z",NULL,NULL,"Usage","Correction","Amazon Simple Queue Service Queue in Europe (Ireland)","2024-09-17T14:00:00Z","2024-09-17T13:00:00Z",NULL,NULL,NULL,NULL,NULL,NULL,NULL,108.8000000000,"Requests",NULL,120.78976,1.1102,118.3739648,"AWS","INV-202409-12238","AWS",198.016,1.8200,"Standard","USD",108.80,"Requests","AWS","AWS","eu-west-1","Europe (Ireland)","arn:aws:ec2:eu-west-1:123456789012:instance/i-0033fa57d1ad",NULL,"Queue","Integration","Amazon Simple Queue Service","AWS","8OIS8S6EOBATG1EA","Amazon Simple Queue Service Requests",NULL,"UOCJGXEY4X9YSZPO.VOT9FFAU","517389287820","Atlas Nimbus","BillingAccount","{""business_unit"": ""MarseilleSRE""}",NULL,NULL,"Usage-Based","Messaging",1.1102,118.3739648,1.8200,NULL,NULL
"AllocatedMethodId-7295","AllocatedResourceId-5318","AllocatedResourceName-8875","{}",154.6370496,"ocid1.tenancy.oc1..aaaa1234","Meridian OCI","Tenancy","USD","2024-10-01T00:00:00Z","2024-09-01T00:00:00Z",NULL,NULL,"Usage",NULL,"Oracle Autonomous Database Database in US East (Ashburn)","2024-09-22T14:00:00Z","2024-09-22T13:00:00Z",NULL,NULL,NULL,NULL,NULL,NULL,NULL,160.0400000000,"Hours",NULL,171.81894400000002,1.0736,154.6370496,"Oracle","INV-202409-57402","Oracle",197.48935999999998,1.2340,"Standard","USD",160.04,"Hours","Oracle","Oracle","us-ashburn-1","US East (Ashburn)","ocid1.instance.oc1.us-ashburn-1.006bc69722fb",NULL,"Database","Databases","Oracle Autonomous Database","Oracle","GIOX56GVXQJYC3KO","Oracle Autonomous Database Hours",NULL,"YBJSS1XR133JCWE2.GB3ND63H","ocid1.compartment.oc1..dev","development","Tenancy",NULL,NULL,NULL,"Usage-Based","Relational Databases",1.0736,154.6370496,1.2340,NULL,NULL
"AllocatedMethodId-7445","AllocatedResourceId-4829","AllocatedResourceName-3889","{}",474.05690496,"8a93b2c1-1234-4abc-9def-0123456789ab","Contoso Cloud","BillingProfile","USD","2024-10-01T00:00:00Z","2024-09-01T00:00:00Z",NULL,NULL,"Usage",NULL,"Azure Kubernetes Service Cluster in East US","2024-09-05T05:00:00Z","2024-09-05T04:00:00Z","Usage","cd-416370","commit-6370",NULL,"Unused","Committed Use Discount",NULL,NULL,NULL,NULL,658.412368,2.4842,474.05690496,"Microsoft","INV-202409-78592","Microsoft",1028.779264,3.8816,"Standard","USD",265.04,"Hours","Microsoft","Microsoft","eastus","East US","/subscriptions/8a93b2c1-1234-4abc-9def-0123456789ab/resourceGroups/rg-406/providers/Microsoft.Compute/virtualMachines/vm-9605",NULL,"Cluster","Compute","Azure Kubernetes Service","Microsoft","ZJ2L97TC201QIA2Y","Azure Kubernetes Service Hours",NULL,"NJ4ENVN9Z40IWIN7.164D0BQ7","sub-9a1f","Production","BillingProfile","{""application"": ""BrightSourceCore"", ""environment"": ""staging""}",NULL,"westeurope-2","Usage-Based","Containers",2.4842,474.05690496,3.8816,NULL,NULL
"AllocatedMethodId-2977","AllocatedResourceId-9057","AllocatedResourceName-2746","{}",813.29269692,"123456789012","SunBird","BillingAccount","USD","2024-10-01T00:00:00Z","2024-09-01T00:00:00Z",NULL,NULL,"Usage","Correction","AWS Lambda Function in Europe (Ireland)","2024-09-11T01:00:00Z","2024-09-11T00:00:00Z",NULL,NULL,NULL,NULL,NULL,NULL,NULL,343.6600000000,"Requests",NULL,1232.2616620000001,3.5857,813.29269692,"AWS","INV-202409-65827","AWS",1621.38788,4.7180,"Standard","USD",343.66,"Requests","AWS","AWS","eu-west-1","Europe (Ireland)","arn:aws:ec2:eu-west-1:123456789012:instance/i-001a0f405fec",NULL,"Function","Compute","AWS Lambda","AWS","UMU02D4635VWQK1E","AWS Lambda Requests",NULL,"BP7QJL4NZI3NLDLL.J4GGE3X5","438839167390","Zenith Eclipse","BillingAccount","{""business_unit"": ""LisbonOps""}",NULL,"eu-west-1c","Usage-Based","Serverless Compute",3.5857,813.29269692,4.7180,NULL,NULL
"AllocatedMethodId-3619","AllocatedResourceId-5565","AllocatedResourceName-8267","{}",49.50835626,"ocid1.tenancy.oc1..aaaa1234","Meridian OCI","Tenancy","USD","2024-10-01T00:00:00Z","2024-09-01T00:00:00Z",NULL,NULL,"Usage",NULL,"Oracle Object Storage Bucket in US East (Ashburn)","2024-09-07T18:00:00Z","2024-09-07T17:00:00Z",NULL,NULL,NULL,NULL,NULL,NULL,NULL,57.0200000000,"GB",NULL,59.648622,1.0461,49.50835626,"Oracle","INV-202409-67746","Oracle",76.469522,1.3411,"Standard","USD",57.02,"GB","Oracle","Oracle","us-ashburn-1","US East (Ashburn)","ocid1.instance.oc1.us-ashburn-1.001e7861f6f2",NULL,"Bucket","Storage","Oracle Object Storage","Oracle","L09AGRLZR5ED18BE","Oracle Object Storage GB",NULL,"23BNFZM2CVACSMNL.03LQRYOH","ocid1.compartment.oc1..dev","development","Tenancy","{""team"": ""platform""}",NULL,"us-ashburn-1-AD-1","Usage-Based","Object Storage",1.0461,49.50835626,1.3411,NULL,NULL
"AllocatedMethodId-1355","AllocatedResourceId-3779","AllocatedResourceName-1730","{}",756.10271744,"ocid1.tenancy.oc1..aaaa1234","Meridian OCI","Tenancy","USD","2024-10-01T00:00:00Z","2024-09-01T00:00:00Z",NULL,NULL,"Usage",NULL,"Oracle Object Storage Bucket in Australia East (Sydney)","2024-09-24T01:00:00Z","2024-09-24T00:00:00Z",NULL,NULL,NULL,NULL,NULL,NULL,NULL,370.7200000000,"GB",NULL,1219.520512,3.2896,756.10271744,"Oracle","INV-202409-64104","Oracle",1401.766464,3.7812,"Standard","USD",370.72,"GB","Oracle","Oracle","ap-sydney-1","Australia East (Sydney)","ocid1.instance.oc1.ap-sydney-1.00da463d2afe",NULL,"Bucket","Storage","Oracle Object Storage","Oracle","5L8FKHYOWDT1DI10","Oracle Object Storage GB",NULL,"2ZVK3K9TWN5QXB2A.681TA05X","ocid1.compartment.oc1..prod","production","Tenancy","{""cost_center"": ""CC-3090"", ""business_unit"": ""MarseilleSRE"", ""application"": ""BrightSourceCore""}",NULL,"us-ashburn-1-AD-1","Usage-Based","Object Storage",3.2896,756.10271744,3.7812,NULL,NULL
"AllocatedMethodId-7991","AllocatedResourceId-3166","AllocatedResourceName-1118","{}",1179.41131728,"123456789012","SunBird","BillingAccount","USD","2024-10-01T00:00:00Z","2024-09-01T00:00:00Z",NULL,NULL,"Usage",NULL,"AWS Lambda Function in US East (N. Virginia)","2024-09-08T08:00:00Z","2024-09-08T07:00:00Z",NULL,NULL,NULL,NULL,NULL,NULL,NULL,385.8300000000,"Requests",NULL,1203.480936,3.1192,1179.41131728,"AWS","INV-202409-87607","AWS",1744.183098,4.5206,"Standard","USD",385.83,"Requests","AWS","AWS","us-east-1","US East (N. Virginia)","arn:aws:ec2:us-east-1:123456789012:instance/i-0020326a4611",NULL,"Function","Compute","AWS Lambda","AWS","OLKWMPNLAKPWECJX","AWS Lambda Requests",NULL,"VWDHOVSVCOZ699SN.MPMKSPZK","663626350770","Zenith Apollo","BillingAccount","{""business_unit"": ""OsloData""}",NULL,NULL,"Usage-Based","Serverless Compute",3.1192,1179.41131728,4.5206,NULL,NULL
"AllocatedMethodId-7975","AllocatedResourceId-2973","AllocatedResourceName-8349","{}",140.3035326,"123456789012","SunBird","BillingAccount","USD","2024-10-01T00:00:00Z","2024-09-01T00:00:00Z",NULL,NULL,"Usage",NULL,"Amazon Relational Database Service Database Instance in US West (Oregon)","2024-09-06T10:00:00Z","2024-09-06T09:00:00Z",NULL,NULL,NULL,NULL,NULL,NULL,NULL,80.8500000000,"Hours",NULL,192.19662,2.3772,140.3035326,"AWS","INV-202409-13329","AWS",234.38414999999998,2.8990,"Standard","USD",80.85,"Hours","AWS","AWS","us-west-2","US West (Oregon)","arn:aws:ec2:us-west-2:123456789012:instance/i-0049af3edb40",NULL,"Database Instance","Databases","Amazon Relational Database Service","AWS","E43TXRKEAYLRFN2V","Amazon Relational Database Service Hours",NULL,"GILZ2EOG4XOZI1R4.UJ6ZQYGJ","517389287820","Atlas Nimbus","BillingAccount","{""cost_center"": ""CC-1001"", ""owner"": ""a.lovelace"", ""environment"": ""dev""}",NULL,"ap-southeast-2a","Usage-Based","Relational Databases",2.3772,140.3035326,2.8990,NULL,NULL
"AllocatedMethodId-6804","AllocatedResourceId-2560","AllocatedResourceName-6864","{}",419.10317196,"8a93b2c1-1234-4abc-9def-0123456789ab","Contoso Cloud","BillingProfile","USD","2024-10-01T00:00:00Z","2024-09-01T00:00:00Z",NULL,NULL,"Usage",NULL,"Virtual Machines Virtual Machine in East US","2024-09-26T08:00:00Z","2024-09-26T07:00:00Z","Spend","cd-274289","commit-4289",NULL,"Unused","Reserved Instance",NULL,NULL,NULL,NULL,675.972858,1.4982,419.10317196,"Microsoft","INV-202409-66360","Microsoft",711.571749,1.5771,"Committed","USD",451.19,"Hours","Microsoft","Microsoft","eastus","East US","/subscriptions/8a93b2c1-1234-4abc-9def-0123456789ab/resourceGroups/rg-759/providers/Microsoft.Compute/virtualMachines/vm-7206",NULL,"Virtual Machine","Compute","Virtual Machines","Microsoft","GGTPD7253IQ3IXQI","Virtual Machines Hours",NULL,"JF68PQU8HLAT845C.15YMNPK9","sub-4d3e","Sandbox","BillingProfile","{""business_unit"": ""OsloData"", ""application"": ""BrightLensMatrix""}",NULL,"uksouth-1","Usage-Based","Virtual Machines",1.4982,419.10317196,1.5771,NULL,NULL
"AllocatedMethodId-5481","AllocatedResourceId-2428","AllocatedResourceName-5709","{}",528.3218919999999,"123456789012","SunBird","BillingAccount","USD","2024-10-01T00:00:00Z","2024-09-01T00:00:00Z",NULL,NULL,"Purchase",NULL,"Amazon Simple Storage Service Bucket in Europe (Ireland)","2024-09-24T04:00:00Z","2024-09-24T03:00:00Z",NULL,NULL,NULL,NULL,NULL,NULL,NULL,NULL,NULL,NULL,528.3218919999999,3.8429,0,"AWS","INV-202409-42202","AWS",607.2629079999999,4.4171,"Dynamic","USD",137.48,"GB","AWS","AWS","eu-west-1","Europe (Ireland)","arn:aws:ec2:eu-west-1:123456789012:instance/i-007e6b04ac22",NULL,"Bucket","Storage","Amazon Simple Storage Service","AWS","LB6RZ4IKXTNUXFZK","Amazon Simple Storage Service GB",NULL,"9KLLWAG8LWZKT2L9.0MQLAFKK","438839167390","Zenith Eclipse","BillingAccount","{""environment"": ""staging"", ""cost_center"": ""CC-3090"", ""owner"": ""a.turing""}",NULL,NULL,"Recurring","Object Storage",3.8429,0,4.4171,NULL,NULL
"AllocatedMethodId-1862","AllocatedResourceId-6919","AllocatedResourceName-8050","{}",219.89828144,"8a93b2c1-1234-4abc-9def-0123456789ab","Contoso Cloud","BillingProfile","USD","2024-10-01T00:00:00Z","2024-09-01T00:00:00Z",NULL,NULL,"Tax",NULL,"Tax charge in East US","2024-09-26T21:00:00Z","2024-09-26T20:00:00Z",NULL,NULL,NULL,NULL,NULL,NULL,NULL,NULL,NULL,NULL,19.4205310000,NULL,219.89828144,"Microsoft","INV-202409-54917","Microsoft",6.6753310000,NULL,NULL,"USD",NULL,NULL,"Microsoft","Microsoft",NULL,NULL,NULL,NULL,NULL,"Other","Tax","Microsoft",NULL,NULL,NULL,NULL,"sub-9a1f","Production","BillingProfile",NULL,NULL,NULL,"One-Time","Other (Security)",NULL,219.89828144,NULL,NULL,NULL
"AllocatedMethodId-2823","AllocatedResourceId-4368","AllocatedResourceName-4247","{}",894.92523393,"01ABCD-2345EF-6789GH","Helios Labs","BillingAccount","USD","2024-10-01T00:00:00Z","2024-09-01T00:00:00Z",NULL,NULL,"Usage",NULL,"Cloud Load Balancing Forwarding Rule in Iowa","2024-09-10T22:00:00Z","2024-09-10T21:00:00Z",NULL,NULL,NULL,NULL,NULL,NULL,NULL,380.1300000000,"Hours",NULL,983.434323,2.5871,894.92523393,"Google","INV-202409-98250","Google",1092.721698,2.8746,"Other","USD",380.13,"Hours","Google","Google","us-central1","Iowa","//compute.googleapis.com/projects/Helios Labs/zones/us-central1-a/instances/inst-8767",NULL,"Forwarding Rule","Networking","Cloud Load Balancing","Google","OYAC0B7J35CUZRZH","Cloud Load Balancing Hours",NULL,"0D41IZSN7WAAUO3L.MR1F21JO","proj-helios-prod","helios-prod","BillingAccount",NULL,NULL,"europe-west1-b","Usage-Based","Application Networking",2.5871,894.92523393,2.8746,NULL,NULL
"AllocatedMethodId-8698","AllocatedResourceId-7362","AllocatedResourceName-9574","{}",379.48838016,"ocid1.tenancy.oc1..aaaa1234","Meridian OCI","Tenancy","USD","2024-10-01T00:00:00Z","2024-09-01T00:00:00Z",NULL,NULL,"Tax",NULL,"Tax charge in US East (Ashburn)","2024-09-13T02:00:00Z","2024-09-13T01:00:00Z",NULL,NULL,NULL,NULL,NULL,NULL,NULL,NULL,NULL,NULL,36.2012250000,NULL,379.48838016,"Oracle","INV-202409-70807","Oracle",95.1021940000,NULL,NULL,"USD",NULL,NULL,"Oracle","Oracle",NULL,NULL,NULL,NULL,NULL,"Other","Tax","Oracle",NULL,NULL,NULL,NULL,"ocid1.compartment.oc1..dev","development","Tenancy","{""application"": ""NimbusAPI"", ""environment"": ""dev""}",NULL,NULL,"One-Time","Other (Security)",NULL,379.48838016,NULL,NULL,NULL
"AllocatedMethodId-4241","AllocatedResourceId-9449","AllocatedResourceName-8108","{}",967.690592,"123456789012","SunBird","BillingAccount","USD","2024-10-01T00:00:00Z","2024-09-01T00:00:00Z",NULL,NULL,"Usage",NULL,"Amazon Simple Queue Service Queue in US West (Oregon)","2024-09-26T19:00:00Z","2024-09-26T18:00:00Z",NULL,NULL,NULL,NULL,NULL,NULL,NULL,409.4000000000,"Requests",NULL,1224.9248,2.9920,967.690592,"AWS","INV-202409-32669","AWS",1801.3600000000001,4.4000,"Standard","USD",409.40,"Requests","AWS","AWS","us-west-2","US West (Oregon)","arn:aws:ec2:us-west-2:123456789012:instance/i-009621197e87",NULL,"Queue","Integration","Amazon Simple Queue Service","AWS","MLTLCKS9O2TRRE5K","Amazon Simple Queue Service Requests",NULL,"ORW1VM6YQ2AKWS8X.OYI09CR3","438839167390","Zenith Eclipse","BillingAccount",NULL,NULL,NULL,"Usage-Based","Messaging",2.9920,967.690592,4.4000,NULL,NULL
"AllocatedMethodId-2802","AllocatedResourceId-1181","AllocatedResourceName-9470","{}",243.36074594,"01ABCD-2345EF-6789GH","Helios Labs","BillingAccount","USD","2024-10-01T00:00:00Z","2024-09-01T00:00:00Z",NULL,NULL,"Usage",NULL,"Compute Engine VM Instance in Iowa","2024-09-26T10:00:00Z","2024-09-26T09:00:00Z","Usage","cd-861384","commit-1384",NULL,"Unused","Reserved Instance",NULL,NULL,NULL,NULL,342.761614,1.0954,243.36074594,"Google","INV-202409-31880","Google",489.641568,1.5648,"Standard","USD",312.91,"Hours","Google","Google","us-central1","Iowa","//compute.googleapis.com/projects/Helios Labs/zones/us-central1-a/instances/inst-1527",NULL,"VM Instance","Compute","Compute Engine","Google","50GSO367QRN3DZYF","Compute Engine Hours",NULL,"82W0Q03IYOZ9EXTF.7X7CDJ24","proj-helios-prod","helios-prod","BillingAccount","{""application"": ""NimbusAPI"", ""owner"": ""a.lovelace"", ""environment"": ""staging""}",NULL,NULL,"Usage-Based","Virtual Machines",1.0954,243.36074594,1.5648,NULL,NULL
"AllocatedMethodId-9252","AllocatedResourceId-8890","AllocatedResourceName-7550","{}",478.0384609,"01ABCD-2345EF-6789GH","Helios Labs","BillingAccount","USD","2024-10-01T00:00:00Z","2024-09-01T00:00:00Z",NULL,NULL,"Usage",NULL,"Cloud SQL Database Instance in Iowa","2024-09-28T18:00:00Z","2024-09-28T17:00:00Z",NULL,NULL,NULL,NULL,NULL,NULL,NULL,488.1500000000,"Hours",NULL,620.82917,1.2718,478.0384609,"Google","INV-202409-77506","Google",886.87092,1.8168,"Standard","USD",488.15,"Hours","Google","Google","us-central1","Iowa","//compute.googleapis.com/projects/Helios Labs/zones/us-central1-a/instances/inst-1310",NULL,"Database Instance","Databases","Cloud SQL","Google","16PNBZ42NBZ4H9IL","Cloud SQL Hours",NULL,"L004RFB62661VN6V.CY4N0NTK","proj-helios-dev","helios-dev","BillingAccount",NULL,NULL,NULL,"Usage-Based","Relational Databases",1.2718,478.0384609,1.8168,NULL,NULL
"AllocatedMethodId-5624","AllocatedResourceId-6878","AllocatedResourceName-7857","{}",61.59945,"123456789012","SunBird","BillingAccount","USD","2024-10-01T00:00:00Z","2024-09-01T00:00:00Z",NULL,NULL,"Usage",NULL,"AWS Lambda Function in Europe (Ireland)","2024-09-14T19:00:00Z","2024-09-14T18:00:00Z","Usage","cd-779384","commit-9384",NULL,"Used","Committed Use Discount",NULL,151.3500000000,"Requests",NULL,69.999375,0.4625,61.59945,"AWS","INV-202409-24805","AWS",104.476905,0.6903,"Other","USD",151.35,"Requests","AWS","AWS","eu-west-1","Europe (Ireland)","arn:aws:ec2:eu-west-1:123456789012:instance/i-00271f3b68da",NULL,"Function","Compute","AWS Lambda","AWS","EZKA4ML6F8K5H9J0","AWS Lambda Requests",NULL,"UNO3F3A81TQKZSKB.N8PFPUTB","663626350770","Zenith Apollo","BillingAccount","{""owner"": ""a.lovelace"", ""team"": ""infra""}",NULL,"us-west-2b","Usage-Based","Serverless Compute",0.4625,61.59945,0.6903,NULL,NULL
"AllocatedMethodId-9480","AllocatedResourceId-2074","AllocatedResourceName-8442","{}",1.6786224,"ocid1.tenancy.oc1..aaaa1234","Meridian OCI","Tenancy","USD","2024-10-01T00:00:00Z","2024-09-01T00:00:00Z",NULL,NULL,"Usage",NULL,"Oracle Compute Instance in UK South (London)","2024-09-03T18:00:00Z","2024-09-03T17:00:00Z","Usage","cd-270295","commit-0295",NULL,"Unused","Reserved Instance",NULL,NULL,NULL,NULL,1.9983600000000001,0.0091,1.6786224,"Oracle","INV-202409-14121","Oracle",2.2179599999999997,0.0101,"Committed","USD",219.60,"Hours","Oracle","Oracle","uk-london-1","UK South (London)","ocid1.instance.oc1.uk-london-1.00c4fa0fb56d",NULL,"Instance","Compute","Oracle Compute","Oracle","E38H046AYYROHV7D","Oracle Compute Hours",NULL,"GYQJ6FVAM2CH4DJ0.TC2DNB68","ocid1.compartment.oc1..prod","production","Tenancy","{""application"": ""BrightSourceCore""}",NULL,NULL,"Usage-Based","Virtual Machines",0.0091,1.6786224,0.0101,NULL,NULL
"AllocatedMethodId-3336","AllocatedResourceId-5886","AllocatedResourceName-3659","{}",239.6242836,"8a93b2c1-1234-4abc-9def-0123456789ab","Contoso Cloud","BillingProfile","USD","2024-10-01T00:00:00Z","2024-09-01T00:00:00Z",NULL,NULL,"Usage",NULL,"Azure Kubernetes Service Cluster in West Europe","2024-09-08T02:00:00Z","2024-09-08T01:00:00Z","Usage","cd-652156","commit-2156",NULL,"Used","Reserved Instance",NULL,86.9300000000,"Hours",NULL,332.811505,3.8285,239.6242836,"Microsoft","INV-202409-48697","Microsoft",378.19765800000005,4.3506,"Committed","USD",86.93,"Hours","Microsoft","Microsoft","westeurope","West Europe","/subscriptions/8a93b2c1-1234-4abc-9def-0123456789ab/resourceGroups/rg-98/providers/Microsoft.Compute/virtualMachines/vm-6502",NULL,"Cluster","Compute","Azure Kubernetes Service","Microsoft","08A1HYHK4ZZIA9C7","Azure Kubernetes Service Hours",NULL,"IBPH3DL0MQRRNUYL.QV75AFLA","sub-4d3e","Sandbox","BillingProfile","{""cost_center"": ""CC-3090"", ""owner"": ""g.hopper"", ""business_unit"": ""LisbonOps""}",NULL,NULL,"Usage-Based","Containers",3.8285,239.6242836,4.3506,NULL,NULL
"AllocatedMethodId-1629","AllocatedResourceId-7244","AllocatedResourceName-7606","{}",661.39129998,"01ABCD-2345EF-6789GH","Helios Labs","BillingAccount","USD","2024-10-01T00:00:00Z","2024-09-01T00:00:00Z",NULL,NULL,"Usage",NULL,"Cloud Storage Bucket in Northern Virginia","2024-09-26T00:00:00Z","2024-09-25T23:00:00Z",NULL,NULL,NULL,NULL,NULL,NULL,NULL,478.4100000000,"GiB",NULL,987.1511940000001,2.0634,661.39129998,"Google","INV-202409-66084","Google",1096.850607,2.2927,"Standard","USD",478.41,"GiB","Google","Google","us-east4","Northern Virginia","//compute.googleapis.com/projects/Helios Labs/zones/us-east4-a/instances/inst-9885",NULL,"Bucket","Storage","Cloud Storage","Google","ISPYUITCWWO1Q6F8","Cloud Storage GiB",NULL,"2XRBPZR68JHW25P7.XRZ0JMIO","proj-helios-prod","helios-prod","BillingAccount","{""owner"": ""g.hopper"", ""application"": ""NimbusAPI""}",NULL,NULL,"Usage-Based","Object Storage",2.0634,661.39129998,2.2927,NULL,NULL
"AllocatedMethodId-9573","AllocatedResourceId-5120","AllocatedResourceName-5047","{}",640.89330048,"ocid1.tenancy.oc1..aaaa1234","Meridian OCI","Tenancy","USD","2024-10-01T00:00:00Z","2024-09-01T00:00:00Z",NULL,NULL,"Usage",NULL,"Oracle Load Balancer Load Balancer in Australia East (Sydney)","2024-09-13T03:00:00Z","2024-09-13T02:00:00Z",NULL,NULL,NULL,NULL,NULL,NULL,NULL,290.7400000000,"Hours",NULL,667.597188,2.2962,640.89330048,"Oracle","INV-202409-16403","Oracle",824.189752,2.8348,"Standard","USD",290.74,"Hours","Oracle","Oracle","ap-sydney-1","Australia East (Sydney)","ocid1.instance.oc1.ap-sydney-1.00b178144a8b",NULL,"Load Balancer","Networking","Oracle Load Balancer","Oracle","7YLK0IAY0ZE30LMW","Oracle Load Balancer Hours",NULL,"YJ9PNU94Z96352LX.1ATHPQ7L","ocid1.compartment.oc1..dev","development","Tenancy","{""owner"": ""a.lovelace""}",NULL,NULL,"Usage-Based","Application Networking",2.2962,640.89330048,2.8348,NULL,NULL
"AllocatedMethodId-7564","AllocatedResourceId-3049","AllocatedResourceName-9932","{}",107.47857912,"123456789012","SunBird","BillingAccount","USD","2024-10-01T00:00:00Z","2024-09-01T00:00:00Z",NULL,NULL,"Credit",NULL,"Amazon Relational Database Service Database Instance in US West (Oregon)","2024-09-23T13:00:00Z","2024-09-23T12:00:00Z","Usage","cd-169728","commit-9728",NULL,"Used","Savings Plan",NULL,NULL,NULL,NULL,176.194392,4.1624,107.47857912,"AWS","INV-202409-83229","AWS",209.75361599999997,4.9552,"Committed","USD",42.33,"Hours","AWS","AWS","us-west-2","US West (Oregon)",NULL,NULL,NULL,"Databases","Amazon Relational Database Service","AWS","OCSENTHBN75UJ84I","Amazon Relational Database Service Hours",NULL,"C81UYTKISAVJD7LO.VOB511GQ","663626350770","Zenith Apollo","BillingAccount","{""owner"": ""g.hopper"", ""team"": ""platform"", ""cost_center"": ""CC-2042""}",NULL,NULL,"One-Time","Relational Databases",4.1624,107.47857912,4.9552,NULL,NULL
"AllocatedMethodId-5886","AllocatedResourceId-4012","AllocatedResourceName-5815","{}",194.3157702,"123456789012","SunBird","BillingAccount","USD","2024-10-01T00:00:00Z","2024-09-01T00:00:00Z",NULL,NULL,"Usage",NULL,"AWS Lambda Function in Europe (Ireland)","2024-09-23T19:00:00Z","2024-09-23T18:00:00Z",NULL,NULL,NULL,NULL,NULL,NULL,NULL,236.9300000000,"Requests",NULL,323.859617,1.3669,194.3157702,"AWS","INV-202409-34887","AWS",431.804925,1.8225,"Standard","USD",236.93,"Requests","AWS","AWS","eu-west-1","Europe (Ireland)","arn:aws:ec2:eu-west-1:123456789012:instance/i-00664a2fcdc6",NULL,"Function","Compute","AWS Lambda","AWS","PT5QHKUOEM4UZGAD","AWS Lambda Requests",NULL,"555MKE5WDO0FLCJV.EM74MN3C","438839167390","Zenith Eclipse","BillingAccount","{""team"": ""infra"", ""cost_center"": ""CC-1001"", ""business_unit"": ""OsloData""}",NULL,NULL,"Usage-Based","Serverless Compute",1.3669,194.3157702,1.8225,NULL,NULL
"AllocatedMethodId-5670","AllocatedResourceId-1185","AllocatedResourceName-5027","{}",17.98443,"01ABCD-2345EF-6789GH","Helios Labs","BillingAccount","USD","2024-10-01T00:00:00Z","2024-09-01T00:00:00Z",NULL,NULL,"Usage","Correction","Cloud SQL Database Instance in Northern Virginia","2024-09-24T12:00:00Z","2024-09-24T11:00:00Z",NULL,NULL,NULL,NULL,NULL,NULL,NULL,246.7000000000,"Hours",NULL,22.203,0.0900,17.98443,"Google","INV-202409-16629","Google",31.70095,0.1285,"Standard","USD",246.70,"Hours","Google","Google","us-east4","Northern Virginia","//compute.googleapis.com/projects/Helios Labs/zones/us-east4-a/instances/inst-4310",NULL,"Database Instance","Databases","Cloud SQL","Google","4C9WF4PK8WFRWYMQ","Cloud SQL Hours",NULL,"CE9W6AWW8FGU2QRZ.XPHZD54A","proj-helios-dev","helios-dev","BillingAccount","{""application"": ""NimbusAPI"", ""owner"": ""a.turing""}",NULL,"asia-southeast1-c","Usage-Based","Relational Databases",0.0900,17.98443,0.1285,NULL,NULL
"AllocatedMethodId-8077","AllocatedResourceId-8985","AllocatedResourceName-1697","{}",342.74262792,"123456789012","SunBird","BillingAccount","USD","2024-10-01T00:00:00Z","2024-09-01T00:00:00Z",NULL,NULL,"Usage",NULL,"AWS Lambda Function in Europe (Ireland)","2024-09-14T08:00:00Z","2024-09-14T07:00:00Z",NULL,NULL,NULL,NULL,NULL,NULL,NULL,497.2300000000,"Requests",NULL,389.480259,0.7833,342.74262792,"AWS","INV-202409-17002","AWS",618.2060590000001,1.2433,"Standard","USD",497.23,"Requests","AWS","AWS","eu-west-1","Europe (Ireland)","arn:aws:ec2:eu-west-1:123456789012:instance/i-004cf6cb20c8",NULL,"Function","Compute","AWS Lambda","AWS","YZKCP6X89ZRB288A","AWS Lambda Requests",NULL,"JZUKVFYS1NNPV0IM.DM3TQB66","438839167390","Zenith Eclipse","BillingAccount",NULL,NULL,NULL,"Usage-Based","Serverless Compute",0.7833,342.74262792,1.2433,NULL,NULL
"AllocatedMethodId-2040","AllocatedResourceId-5739","AllocatedResourceName-7396","{}",106.92296999999999,"ocid1.tenancy.oc1..aaaa1234","Meridian OCI","Tenancy","USD","2024-10-01T00:00:00Z","2024-09-01T00:00:00Z",NULL,NULL,"Purchase",NULL,"Oracle Compute Instance in Australia East (Sydney)","2024-09-02T19:00:00Z","2024-09-02T18:00:00Z","Usage","cd-759765","commit-9765",NULL,"Used","Reserved Instance",NULL,NULL,NULL,NULL,106.92296999999999,0.3058,0,"Oracle","INV-202409-68168","Oracle",162.02781,0.4634,"Committed","USD",349.65,"Hours","Oracle","Oracle","ap-sydney-1","Australia East (Sydney)","ocid1.instance.oc1.ap-sydney-1.007b1804ab2d",NULL,"Instance","Compute","Oracle Compute","Oracle","YGGV8R9V9DVKZPLH","Oracle Compute Hours",NULL,"HZCS3KJBUO4A44RX.RS4D8IMF","ocid1.compartment.oc1..prod","production","Tenancy",NULL,NULL,NULL,"One-Time","Virtual Machines",0.3058,0,0.4634,NULL,NULL
"AllocatedMethodId-1472","AllocatedResourceId-3345","AllocatedResourceName-6977","{}",1447.89850816,"123456789012","SunBird","BillingAccount","USD","2024-10-01T00:00:00Z","2024-09-01T00:00:00Z",NULL,NULL,"Usage",NULL,"Elastic Load Balancing Load Balancer in Europe (Ireland)","2024-09-11T10:00:00Z","2024-09-11T09:00:00Z",NULL,NULL,NULL,NULL,NULL,NULL,NULL,401.9600000000,"LCU-Hours",NULL,1905.129616,4.7396,1447.89850816,"AWS","INV-202409-41097","AWS",2005.37844,4.9890,"Dynamic","USD",401.96,"LCU-Hours","AWS","AWS","eu-west-1","Europe (Ireland)","arn:aws:ec2:eu-west-1:123456789012:instance/i-00d45b531a74",NULL,"Load Balancer","Networking","Elastic Load Balancing","AWS","8TBIX592ANY7ZDVD","Elastic Load Balancing LCU-Hours",NULL,"ZPCZZP1AXCI7F1RA.8HANCHKD","663626350770","Zenith Apollo","BillingAccount","{""team"": ""payments"", ""application"": ""BrightLensMatrix"", ""business_unit"": ""MarseilleSRE""}",NULL,NULL,"Usage-Based","Application Networking",4.7396,1447.89850816,4.9890,NULL,NULL
"AllocatedMethodId-3179","AllocatedResourceId-8593","AllocatedResourceName-6715","{}",580.906452,"8a93b2c1-1234-4abc-9def-0123456789ab","Contoso Cloud","BillingProfile","USD","2024-10-01T00:00:00Z","2024-09-01T00:00:00Z",NULL,NULL,"Tax",NULL,"Tax charge in Southeast Asia","2024-09-07T18:00:00Z","2024-09-07T17:00:00Z",NULL,NULL,NULL,NULL,NULL,NULL,NULL,NULL,NULL,NULL,91.7231460000,NULL,580.906452,"Microsoft","INV-202409-15635","Microsoft",94.7522360000,NULL,NULL,"USD",NULL,NULL,"Microsoft","Microsoft",NULL,NULL,NULL,NULL,NULL,"Other","Tax","Microsoft",NULL,NULL,NULL,NULL,"sub-2b7c","Staging","BillingProfile","{""owner"": ""a.lovelace"", ""environment"": ""prod"", ""team"": ""infra""}",NULL,NULL,"One-Time","Other (Security)",NULL,580.906452,NULL,NULL,NULL
"AllocatedMethodId-1262","AllocatedResourceId-3147","AllocatedResourceName-4223","{}",24.447564,"01ABCD-2345EF-6789GH","Helios Labs","BillingAccount","USD","2024-10-01T00:00:00Z","2024-09-01T00:00:00Z",NULL,NULL,"Purchase",NULL,"Cloud Load Balancing Forwarding Rule in Singapore","2024-09-12T16:00:00Z","2024-09-12T15:00:00Z",NULL,NULL,NULL,NULL,NULL,NULL,NULL,NULL,NULL,NULL,24.447564,1.1148,0,"Google","INV-202409-63228","Google",31.342356,1.4292,"Standard","USD",21.93,"Hours","Google","Google","asia-southeast1","Singapore","//compute.googleapis.com/projects/Helios Labs/zones/asia-southeast1-a/instances/inst-5523",NULL,"Forwarding Rule","Networking","Cloud Load Balancing","Google","9H9YWW7NSSVZZKKX","Cloud Load Balancing Hours",NULL,"JH55DU0YAP0G0IT8.1B2AS2J0","proj-helios-dev","helios-dev","BillingAccount","{""cost_center"": ""CC-1001""}",NULL,NULL,"One-Time","Application Networking",1.1148,0,1.4292,NULL,NULL
"AllocatedMethodId-9108","AllocatedResourceId-5322","AllocatedResourceName-8536","{}",93.59685445,"01ABCD-2345EF-6789GH","Helios Labs","BillingAccount","USD","2024-10-01T00:00:00Z","2024-09-01T00:00:00Z",NULL,NULL,"Usage",NULL,"Compute Engine VM Instance in Singapore","2024-09-02T04:00:00Z","2024-09-02T03:00:00Z",NULL,NULL,NULL,NULL,NULL,NULL,NULL,340.4500000000,"Hours",NULL,105.165005,0.3089,93.59685445,"Google","INV-202409-52240","Google",115.54872999999999,0.3394,"Standard","USD",340.45,"Hours","Google","Google","asia-southeast1","Singapore","//compute.googleapis.com/projects/Helios Labs/zones/asia-southeast1-a/instances/inst-5594",NULL,"VM Instance","Compute","Compute Engine","Google","DXILQTENPUT2QDYQ","Compute Engine Hours",NULL,"XNGU3DU3HF78Z1TZ.N1VYH9PM","proj-helios-dev","helios-dev","BillingAccount","{""business_unit"": ""LisbonOps""}",NULL,"asia-southeast1-c","Usage-Based","Virtual Machines",0.3089,93.59685445,0.3394,NULL,NULL
"AllocatedMethodId-4904","AllocatedResourceId-3987","AllocatedResourceName-1355","{}",1632.06069696,"ocid1.tenancy.oc1..aaaa1234","Meridian OCI","Tenancy","USD","2024-10-01T00:00:00Z","2024-09-01T00:00:00Z",NULL,NULL,"Usage",NULL,"Oracle Load Balancer Load Balancer in US East (Ashburn)","2024-09-30T08:00:00Z","2024-09-30T07:00:00Z",NULL,NULL,NULL,NULL,NULL,NULL,NULL,485.2800000000,"Hours",NULL,1736.2347839999998,3.5778,1632.06069696,"Oracle","INV-202409-27912","Oracle",2411.4048479999997,4.9691,"Standard","USD",485.28,"Hours","Oracle","Oracle","us-ashburn-1","US East (Ashburn)","ocid1.instance.oc1.us-ashburn-1.00bc16b9f671",NULL,"Load Balancer","Networking","Oracle Load Balancer","Oracle","GLKBX15PNMJ4NINZ","Oracle Load Balancer Hours",NULL,"SQCL9IUPKZ3YLQK2.4PKO8VJC","ocid1.compartment.oc1..dev","development","Tenancy",NULL,NULL,"us-ashburn-1-AD-1","Usage-Based","Application Networking",3.5778,1632.06069696,4.9691,NULL,NULL
"AllocatedMethodId-6922","AllocatedResourceId-1857","AllocatedResourceName-4900","{}",250.80056352,"123456789012","SunBird","BillingAccount","USD","2024-10-01T00:00:00Z","2024-09-01T00:00:00Z",NULL,NULL,"Usage",NULL,"Amazon Relational Database Service Database Instance in US East (N. Virginia)","2024-09-19T02:00:00Z","2024-09-19T01:00:00Z",NULL,NULL,NULL,NULL,NULL,NULL,NULL,258.1400000000,"Hours",NULL,348.33411599999994,1.3494,250.80056352,"AWS","INV-202409-37175","AWS",378.61393799999996,1.4667,"Standard","USD",258.14,"Hours","AWS","AWS","us-east-1","US East (N. Virginia)","arn:aws:ec2:us-east-1:123456789012:instance/i-00c78d42548d",NULL,"Database Instance","Databases","Amazon Relational Database Service","AWS","VIYD2U1EM9OHBAZS","Amazon Relational Database Service Hours",NULL,"PNJL1JI5233NNE06.CZZT4B2A","517389287820","Atlas Nimbus","BillingAccount","{""environment"": ""qa"", ""cost_center"": ""CC-2042"", ""application"": ""AtlasPortal""}",NULL,NULL,"Usage-Based","Relational Databases",1.3494,250.80056352,1.4667,NULL,NULL
"AllocatedMethodId-4400","AllocatedResourceId-3341","AllocatedResourceName-7831","{}",42.83005384,"ocid1.tenancy.oc1..aaaa1234","Meridian OCI","Tenancy","USD","2024-10-01T00:00:00Z","2024-09-01T00:00:00Z",NULL,NULL,"Usage",NULL,"Oracle Compute Instance in UK South (London)","2024-09-08T06:00:00Z","2024-09-08T05:00:00Z",NULL,NULL,NULL,NULL,NULL,NULL,NULL,67.6400000000,"Hours",NULL,69.08073200000001,1.0213,42.83005384,"Oracle","INV-202409-88278","Oracle",97.293376,1.4384,"Standard","USD",67.64,"Hours","Oracle","Oracle","uk-london-1","UK South (London)","ocid1.instance.oc1.uk-london-1.0041ca166010",NULL,"Instance","Compute","Oracle Compute","Oracle","130IXA1KACPZM6WZ","Oracle Compute Hours",NULL,"Q0ES2RU5NG7N58RE.Q61CUUAS","ocid1.compartment.oc1..dev","development","Tenancy","{""application"": ""AtlasPortal"", ""environment"": ""prod"", ""team"": ""infra""}",NULL,"uk-london-1-AD-2","Usage-Based","Virtual Machines",1.0213,42.83005384,1.4384,NULL,NULL
"AllocatedMethodId-4275","AllocatedResourceId-5184","AllocatedResourceName-7063","{}",153.65636352,"ocid1.tenancy.oc1..aaaa1234","Meridian OCI","Tenancy","USD","2024-10-01T00:00:00Z","2024-09-01T00:00:00Z",NULL,NULL,"Credit",NULL,"Oracle Autonomous Database Database in US East (Ashburn)","2024-09-06T15:00:00Z","2024-09-06T14:00:00Z","Spend","cd-674674","commit-4674",NULL,"Used","Committed Use Discount",NULL,NULL,NULL,NULL,232.812672,1.8098,153.65636352,"Oracle","INV-202409-20097","Oracle",245.07206399999998,1.9051,"Committed","USD",128.64,"Hours","Oracle","Oracle","us-ashburn-1","US East (Ashburn)",NULL,NULL,NULL,"Databases","Oracle Autonomous Database","Oracle","BAEL21KIM7T5TLKV","Oracle Autonomous Database Hours",NULL,"Z365E667JIN2784D.V8SEY7DY","ocid1.compartment.oc1..prod","production","Tenancy","{""cost_center"": ""CC-1001"", ""business_unit"": ""OsloData""}",NULL,NULL,"One-Time","Relational Databases",1.8098,153.65636352,1.9051,NULL,NULL
"AllocatedMethodId-7331","AllocatedResourceId-9581","AllocatedResourceName-8313","{}",550.70522078,"ocid1.tenancy.oc1..aaaa1234","Meridian OCI","Tenancy","USD","2024-10-01T00:00:00Z","2024-09-01T00:00:00Z",NULL,NULL,"Usage",NULL,"Oracle Autonomous Database Database in UK South (London)","2024-09-17T17:00:00Z","2024-09-17T16:00:00Z",NULL,NULL,NULL,NULL,NULL,NULL,NULL,257.6600000000,"Hours",NULL,663.500266,2.5751,550.70522078,"Oracle","INV-202409-16855","Oracle",884.6756100000001,3.4335,"Standard","USD",257.66,"Hours","Oracle","Oracle","uk-london-1","UK South (London)","ocid1.instance.oc1.uk-london-1.0089338e7fed",NULL,"Database","Databases","Oracle Autonomous Database","Oracle","JMZHD8DJ0FYZIAG0","Oracle Autonomous Database Hours",NULL,"UWU260RV57ZUUW5W.GLQ41RAA","ocid1.compartment.oc1..dev","development","Tenancy",NULL,NULL,NULL,"Usage-Based","Relational Databases",2.5751,550.70522078,3.4335,NULL,NULL
"AllocatedMethodId-2084","AllocatedResourceId-8792","AllocatedResourceName-8942","{}",318.354424,"01ABCD-2345EF-6789GH","Helios Labs","BillingAccount","USD","2024-10-01T00:00:00Z","2024-09-01T00:00:00Z",NULL,NULL,"Purchase",NULL,"Cloud Functions Function in Northern Virginia","2024-09-13T11:00:00Z","2024-09-13T10:00:00Z",NULL,NULL,NULL,NULL,NULL,NULL,NULL,NULL,NULL,NULL,318.354424,1.5352,0,"Google","INV-202409-93620","Google",365.925102,1.7646,"Standard","USD",207.37,"Invocations","Google","Google","us-east4","Northern Virginia","//compute.googleapis.com/projects/Helios Labs/zones/us-east4-a/instances/inst-8022",NULL,"Function","Compute","Cloud Functions","Google","MM7081B6OU4CE2BP","Cloud Functions Invocations",NULL,"0MCTRJN60DLCVD88.OBRENRA1","proj-helios-prod","helios-prod","BillingAccount","{""application"": ""NimbusAPI"", ""cost_center"": ""CC-2042""}",NULL,NULL,"One-Time","Serverless Compute",1.5352,0,1.7646,NULL,NULL
"AllocatedMethodId-6058","AllocatedResourceId-2092","AllocatedResourceName-9412","{}",314.2132056,"ocid1.tenancy.oc1..aaaa1234","Meridian OCI","Tenancy","USD","2024-10-01T00:00:00Z","2024-09-01T00:00:00Z",NULL,NULL,"Usage",NULL,"Oracle Object Storage Bucket in UK South (London)","2024-09-07T13:00:00Z","2024-09-07T12:00:00Z",NULL,NULL,NULL,NULL,NULL,NULL,NULL,181.3000000000,"GB",NULL,436.40722999999997,2.4071,314.2132056,"Oracle","INV-202409-96023","Oracle",552.4211,3.0470,"Standard","USD",181.30,"GB","Oracle","Oracle","uk-london-1","UK South (London)","ocid1.instance.oc1.uk-london-1.00bac8053998",NULL,"Bucket","Storage","Oracle Object Storage","Oracle","OQBV9CI1AKQRJCOF","Oracle Object Storage GB",NULL,"W7IV7RB3MTJCOG23.4S813XXH","ocid1.compartment.oc1..dev","development","Tenancy","{""team"": ""growth"", ""owner"": ""a.lovelace""}",NULL,NULL,"Usage-Based","Object Storage",2.4071,314.2132056,3.0470,NULL,NULL
"AllocatedMethodId-3187","AllocatedResourceId-8539","AllocatedResourceName-3366","{}",109.4321016,"ocid1.tenancy.oc1..aaaa1234","Meridian OCI","Tenancy","USD","2024-10-01T00:00:00Z","2024-09-01T00:00:00Z",NULL,NULL,"Usage",NULL,"Oracle Autonomous Database Database in Australia East (Sydney)","2024-09-09T15:00:00Z","2024-09-09T14:00:00Z",NULL,NULL,NULL,NULL,NULL,NULL,NULL,64.5800000000,"Hours",NULL,135.10136,2.0920,109.4321016,"Oracle","INV-202409-40876","Oracle",195.80010199999998,3.0319,"Other","USD",64.58,"Hours","Oracle","Oracle","ap-sydney-1","Australia East (Sydney)","ocid1.instance.oc1.ap-sydney-1.00852cb043fe",NULL,"Database","Databases","Oracle Autonomous Database","Oracle","BX9YRK304S7NG2MA","Oracle Autonomous Database Hours",NULL,"YZLNFXF7F386JSJY.XVT09B0J","ocid1.compartment.oc1..prod","production","Tenancy","{""application"": ""NimbusAPI"", ""cost_center"": ""CC-1001""}",NULL,"us-ashburn-1-AD-1","Usage-Based","Relational Databases",2.0920,109.4321016,3.0319,NULL,NULL
"AllocatedMethodId-4364","AllocatedResourceId-9603","AllocatedResourceName-1374","{}",7.514559,"8a93b2c1-1234-4abc-9def-0123456789ab","Contoso Cloud","BillingProfile","USD","2024-10-01T00:00:00Z","2024-09-01T00:00:00Z",NULL,NULL,"Usage",NULL,"Azure Load Balancer Load Balancer in UK South","2024-09-20T06:00:00Z","2024-09-20T05:00:00Z","Spend","cd-967722","commit-7722",NULL,"Unused","Reserved Instance",NULL,NULL,NULL,NULL,9.5121,0.7046,7.514559,"Microsoft","INV-202409-63873","Microsoft",10.2276,0.7576,"Committed","USD",13.50,"Hours","Microsoft","Microsoft","uksouth","UK South","/subscriptions/8a93b2c1-1234-4abc-9def-0123456789ab/resourceGroups/rg-697/providers/Microsoft.Compute/virtualMachines/vm-8201",NULL,"Load Balancer","Networking","Azure Load Balancer","Microsoft","32UQE205UUM7E88C","Azure Load Balancer Hours",NULL,"2N36EWEU5D9TX6YK.Z9N6Q962","sub-9a1f","Production","BillingProfile","{""owner"": ""a.turing"", ""cost_center"": ""CC-1001""}",NULL,NULL,"Usage-Based","Application Networking",0.7046,7.514559,0.7576,NULL,NULL
"AllocatedMethodId-4691","AllocatedResourceId-4129","AllocatedResourceName-6543","{}",176.15782639,"8a93b2c1-1234-4abc-9def-0123456789ab","Contoso Cloud","BillingProfile","USD","2024-10-01T00:00:00Z","2024-09-01T00:00:00Z",NULL,NULL,"Usage",NULL,"Virtual Machines Virtual Machine in UK South","2024-09-04T10:00:00Z","2024-09-04T09:00:00Z",NULL,NULL,NULL,NULL,NULL,NULL,NULL,340.6300000000,"Hours",NULL,193.580029,0.5683,176.15782639,"Microsoft","INV-202409-77969","Microsoft",307.282323,0.9021,"Dynamic","USD",340.63,"Hours","Microsoft","Microsoft","uksouth","UK South","/subscriptions/8a93b2c1-1234-4abc-9def-0123456789ab/resourceGroups/rg-413/providers/Microsoft.Compute/virtualMachines/vm-8358",NULL,"Virtual Machine","Compute","Virtual Machines","Microsoft","87YG6IB5AZYCHD3I","Virtual Machines Hours",NULL,"O4J9JY9OOR61T3CP.UC05U360","sub-2b7c","Staging","BillingProfile","{""owner"": ""a.lovelace"", ""application"": ""BrightSourceCore""}",NULL,NULL,"Usage-Based","Virtual Machines",0.5683,176.15782639,0.9021,NULL,NULL
"AllocatedMethodId-5957","AllocatedResourceId-5374","AllocatedResourceName-6851","{}",1130.57531125,"01ABCD-2345EF-6789GH","Helios Labs","BillingAccount","USD","2024-10-01T00:00:00Z","2024-09-01T00:00:00Z",NULL,NULL,"Usage",NULL,"Cloud Load Balancing Forwarding Rule in Northern Virginia","2024-09-21T19:00:00Z","2024-09-21T18:00:00Z","Usage","cd-445264","commit-5264",NULL,"Used","Committed Use Discount",NULL,382.9700000000,"Hours",NULL,1190.079275,3.1075,1130.57531125,"Google","INV-202409-93730","Google",1608.2059210000002,4.1993,"Standard","USD",382.97,"Hours","Google","Google","us-east4","Northern Virginia","//compute.googleapis.com/projects/Helios Labs/zones/us-east4-a/instances/inst-8947",NULL,"Forwarding Rule","Networking","Cloud Load Balancing","Google","O7RRQCTX68NGETET","Cloud Load Balancing Hours",NULL,"4DGJOUDMZ82HUZ8E.C2228DJO","proj-helios-prod","helios-prod","BillingAccount","{""team"": ""growth"", ""application"": ""BrightSourceCore""}",NULL,NULL,"Usage-Based","Application Networking",3.1075,1130.57531125,4.1993,NULL,NULL
"AllocatedMethodId-8091","AllocatedResourceId-7374","AllocatedResourceName-1392","{}",39.02247804,"ocid1.tenancy.oc1..aaaa1234","Meridian OCI","Tenancy","USD","2024-10-01T00:00:00Z","2024-09-01T00:00:00Z",NULL,NULL,"Usage",NULL,"Oracle Load Balancer Load Balancer in UK South (London)","2024-09-18T14:00:00Z","2024-09-18T13:00:00Z",NULL,NULL,NULL,NULL,NULL,NULL,NULL,12.3800000000,"Hours",NULL,42.881844,3.4638,39.02247804,"Oracle","INV-202409-86425","Oracle",47.123232,3.8064,"Standard","USD",12.38,"Hours","Oracle","Oracle","uk-london-1","UK South (London)","ocid1.instance.oc1.uk-london-1.0068e56eb27d",NULL,"Load Balancer","Networking","Oracle Load Balancer","Oracle","4N56NHW5X2KJ2OG6","Oracle Load Balancer Hours",NULL,"Z9NCIFV9XTKOOLTF.YXE9WQ8P","ocid1.compartment.oc1..dev","development","Tenancy","{""application"": ""NimbusAPI"", ""owner"": ""g.hopper""}",NULL,NULL,"Usage-Based","Application Networking",3.4638,39.02247804,3.8064,NULL,NULL
"AllocatedMethodId-8412","AllocatedResourceId-8531","AllocatedResourceName-3017","{}",31.4001201,"ocid1.tenancy.oc1..aaaa1234","Meridian OCI","Tenancy","USD","2024-10-01T00:00:00Z","2024-09-01T00:00:00Z",NULL,NULL,"Usage",NULL,"Oracle Object Storage Bucket in UK South (London)","2024-09-17T10:00:00Z","2024-09-17T09:00:00Z",NULL,NULL,NULL,NULL,NULL,NULL,NULL,88.3500000000,"GB",NULL,37.83147,0.4282,31.4001201,"Oracle","INV-202409-59428","Oracle",54.043695,0.6117,"Dynamic","USD",88.35,"GB","Oracle","Oracle","uk-london-1","UK South (London)","ocid1.instance.oc1.uk-london-1.00413b3afef1",NULL,"Bucket","Storage","Oracle Object Storage","Oracle","KE6GZ9ESGOTR4YDQ","Oracle Object Storage GB",NULL,"9N52SBII8ZSPMBJ1.WBYLH9M0","ocid1.compartment.oc1..dev","development","Tenancy","{""team"": ""infra"", ""business_unit"": ""ViennaAI"", ""application"": ""NimbusAPI""}",NULL,"us-ashburn-1-AD-1","Usage-Based","Object Storage",0.4282,31.4001201,0.6117,NULL,NULL
"AllocatedMethodId-2802","AllocatedResourceId-7287","AllocatedResourceName-5035","{}",1398.8522996,"ocid1.tenancy.oc1..aaaa1234","Meridian OCI","Tenancy","USD","2024-10-01T00:00:00Z","2024-09-01T00:00:00Z",NULL,NULL,"Usage",NULL,"Oracle Functions Function in UK South (London)","2024-09-04T08:00:00Z","2024-09-04T07:00:00Z",NULL,NULL,NULL,NULL,NULL,NULL,NULL,373.3100000000,"Invocations",NULL,1520.4916300000002,4.0730,1398.8522996,"Oracle","INV-202409-16887","Oracle",1708.4158839999998,4.5764,"Standard","USD",373.31,"Invocations","Oracle","Oracle","uk-london-1","UK South (London)","ocid1.instance.oc1.uk-london-1.0039693be75d",NULL,"Function","Compute","Oracle Functions","Oracle","OR8CEN219O05WBG4","Oracle Functions Invocations",NULL,"2EUJTRZHRSBKNPWE.3TZX1TIY","ocid1.compartment.oc1..dev","development","Tenancy",NULL,NULL,NULL,"Usage-Based","Serverless Compute",4.0730,1398.8522996,4.5764,NULL,NULL
"AllocatedMethodId-9471","AllocatedResourceId-8644","AllocatedResourceName-6190","{}",642.6703086,"ocid1.tenancy.oc1..aaaa1234","Meridian OCI","Tenancy","USD","2024-10-01T00:00:00Z","2024-09-01T00:00:00Z",NULL,NULL,"Usage",NULL,"Oracle Object Storage Bucket in UK South (London)","2024-09-03T21:00:00Z","2024-09-03T20:00:00Z",NULL,NULL,NULL,NULL,NULL,NULL,NULL,367.5300000000,"GB",NULL,756.0827159999999,2.0572,642.6703086,"Oracle","INV-202409-78941","Oracle",1181.3516789999999,3.2143,"Standard","USD",367.53,"GB","Oracle","Oracle","uk-london-1","UK South (London)","ocid1.instance.oc1.uk-london-1.004e4f3431c7",NULL,"Bucket","Storage","Oracle Object Storage","Oracle","9UALVVENRSQ9Z4JL","Oracle Object Storage GB",NULL,"88OAT4POEQXRYFX4.SMJWFHQ3","ocid1.compartment.oc1..prod","production","Tenancy","{""environment"": ""qa"", ""team"": ""growth"", ""cost_center"": ""CC-1001""}",NULL,"us-ashburn-1-AD-1","Usage-Based","Object Storage",2.0572,642.6703086,3.2143,NULL,NULL
"AllocatedMethodId-1037","AllocatedResourceId-3339","AllocatedResourceName-8009","{}",179.2252077,"8a93b2c1-1234-4abc-9def-0123456789ab","Contoso Cloud","BillingProfile","USD","2024-10-01T00:00:00Z","2024-09-01T00:00:00Z",NULL,NULL,"Usage","Correction","Virtual Machines Virtual Machine in West Europe","2024-09-01T09:00:00Z","2024-09-01T08:00:00Z",NULL,NULL,NULL,NULL,NULL,NULL,NULL,142.7100000000,"Hours",NULL,232.76001000000002,1.6310,179.2252077,"Microsoft","INV-202409-95419","Microsoft",314.54711100000003,2.2041,"Standard","USD",142.71,"Hours","Microsoft","Microsoft","westeurope","West Europe","/subscriptions/8a93b2c1-1234-4abc-9def-0123456789ab/resourceGroups/rg-317/providers/Microsoft.Compute/virtualMachines/vm-1034",NULL,"Virtual Machine","Compute","Virtual Machines","Microsoft","DDG84PFTNFUFEQO1","Virtual Machines Hours",NULL,"480KGA59E93GCZ7U.1TIV3D09","sub-4d3e","Sandbox","BillingProfile",NULL,NULL,NULL,"Usage-Based","Virtual Machines",1.6310,179.2252077,2.2041,NULL,NULL
"AllocatedMethodId-1759","AllocatedResourceId-2237","AllocatedResourceName-2865","{}",0.58795282,"8a93b2c1-1234-4abc-9def-0123456789ab","Contoso Cloud","BillingProfile","USD","2024-10-01T00:00:00Z","2024-09-01T00:00:00Z",NULL,NULL,"Usage",NULL,"Azure Blob Storage Storage Account in East US","2024-09-12T06:00:00Z","2024-09-12T05:00:00Z",NULL,NULL,NULL,NULL,NULL,NULL,NULL,6.1300000000,"GB",NULL,0.948311,0.1547,0.58795282,"Microsoft","INV-202409-22531","Microsoft",1.019419,0.1663,"Standard","USD",6.13,"GB","Microsoft","Microsoft","eastus","East US","/subscriptions/8a93b2c1-1234-4abc-9def-0123456789ab/resourceGroups/rg-930/providers/Microsoft.Compute/virtualMachines/vm-2458",NULL,"Storage Account","Storage","Azure Blob Storage","Microsoft","SGGSJBZ04CGUEQUJ","Azure Blob Storage GB",NULL,"BGZ1PN7JIIIRCCUO.ILLDXYIB","sub-2b7c","Staging","BillingProfile","{""owner"": ""a.lovelace"", ""business_unit"": ""OsloData""}",NULL,NULL,"Usage-Based","Object Storage",0.1547,0.58795282,0.1663,NULL,NULL
"AllocatedMethodId-5035","AllocatedResourceId-9370","AllocatedResourceName-1992","{}",451.64826938,"8a93b2c1-1234-4abc-9def-0123456789ab","Contoso Cloud","BillingProfile","USD","2024-10-01T00:00:00Z","2024-09-01T00:00:00Z",NULL,NULL,"Usage",NULL,"Azure SQL Database SQL Database in Southeast Asia","2024-09-10T13:00:00Z","2024-09-10T12:00:00Z","Spend","cd-325105","commit-5105",NULL,"Unused","Reserved Instance",NULL,NULL,NULL,NULL,460.86558099999996,1.4363,451.64826938,"Microsoft","INV-202409-58461","Microsoft",583.373747,1.8181,"Standard","USD",320.87,"Hours","Microsoft","Microsoft","southeastasia","Southeast Asia","/subscriptions/8a93b2c1-1234-4abc-9def-0123456789ab/resourceGroups/rg-221/providers/Microsoft.Compute/virtualMachines/vm-2295",NULL,"SQL Database","Databases","Azure SQL Database","Microsoft","TT21ALQ611MRLDWP","Azure SQL Database Hours",NULL,"134PR9XL4OWZFVLY.ZXVER5YK","sub-9a1f","Production","BillingProfile","{""owner"": ""k.johnson"", ""business_unit"": ""MarseilleSRE""}",NULL,"eastus-1","Usage-Based","Relational Databases",1.4363,451.64826938,1.8181,NULL,NULL
"AllocatedMethodId-2264","AllocatedResourceId-7803","AllocatedResourceName-2575","{}",127.96074,"ocid1.tenancy.oc1..aaaa1234","Meridian OCI","Tenancy","USD","2024-10-01T00:00:00Z","2024-09-01T00:00:00Z",NULL,NULL,"Usage",NULL,"Oracle Functions Function in UK South (London)","2024-09-12T09:00:00Z","2024-09-12T08:00:00Z",NULL,NULL,NULL,NULL,NULL,NULL,NULL,109.6000000000,"Invocations",NULL,170.61432,1.5567,127.96074,"Oracle","INV-202409-96150","Oracle",221.57832,2.0217,"Standard","USD",109.60,"Invocations","Oracle","Oracle","uk-london-1","UK South (London)","ocid1.instance.oc1.uk-london-1.00da690c7269",NULL,"Function","Compute","Oracle Functions","Oracle","9VPJSMY5JTGV4FK3","Oracle Functions Invocations",NULL,"0M9OURNS09V61PB0.GZ8JS4P8","ocid1.compartment.oc1..prod","production","Tenancy","{""team"": ""growth"", ""owner"": ""g.hopper""}",NULL,"uk-london-1-AD-2","Usage-Based","Serverless Compute",1.5567,127.96074,2.0217,NULL,NULL
"AllocatedMethodId-7776","AllocatedResourceId-7279","AllocatedResourceName-5786","{}",30.74631904,"01ABCD-2345EF-6789GH","Helios Labs","BillingAccount","USD","2024-10-01T00:00:00Z","2024-09-01T00:00:00Z",NULL,NULL,"Usage",NULL,"Cloud Storage Bucket in Iowa","2024-09-17T20:00:00Z","2024-09-17T19:00:00Z",NULL,NULL,NULL,NULL,NULL,NULL,NULL,230.9600000000,"GiB",NULL,33.419912000000004,0.1447,30.74631904,"Google","INV-202409-94152","Google",33.766352,0.1462,"Other","USD",230.96,"GiB","Google","Google","us-central1","Iowa","//compute.googleapis.com/projects/Helios Labs/zones/us-central1-a/instances/inst-5693",NULL,"Bucket","Storage","Cloud Storage","Google","49B9IYRNHIHSZMT2","Cloud Storage GiB",NULL,"ZLURJKYSWZNMG3IT.ANZQ6FHL","proj-helios-prod","helios-prod","BillingAccount","{""owner"": ""a.lovelace"", ""environment"": ""prod""}",NULL,"asia-southeast1-c","Usage-Based","Object Storage",0.1447,30.74631904,0.1462,NULL,NULL
"AllocatedMethodId-2950","AllocatedResourceId-7622","AllocatedResourceName-9917","{}",433.56530000000004,"ocid1.tenancy.oc1..aaaa1234","Meridian OCI","Tenancy","USD","2024-10-01T00:00:00Z","2024-09-01T00:00:00Z",NULL,NULL,"Purchase","Correction","Oracle Compute Instance in Australia East (Sydney)","2024-09-20T07:00:00Z","2024-09-20T06:00:00Z","Spend","cd-508556","commit-8556",NULL,"Unused","Reserved Instance",NULL,NULL,NULL,NULL,433.56530000000004,0.9754,0,"Oracle","INV-202409-64656","Oracle",498.32895,1.1211,"Other","USD",444.50,"Hours","Oracle","Oracle","ap-sydney-1","Australia East (Sydney)","ocid1.instance.oc1.ap-sydney-1.00507a4df0f2",NULL,"Instance","Compute","Oracle Compute","Oracle","ORRN404NR8GSC8QF","Oracle Compute Hours",NULL,"DE15NCEQ8FGZASFB.DTKCJ790","ocid1.compartment.oc1..dev","development","Tenancy","{""application"": ""BrightSourceCore"", ""owner"": ""k.johnson"", ""team"": ""platform""}",NULL,NULL,"One-Time","Virtual Machines",0.9754,0,1.1211,NULL,NULL
"AllocatedMethodId-9357","AllocatedResourceId-7037","AllocatedResourceName-9042","{}",189.8582392,"123456789012","SunBird","BillingAccount","USD","2024-10-01T00:00:00Z","2024-09-01T00:00:00Z",NULL,NULL,"Usage",NULL,"AWS Lambda Function in US East (N. Virginia)","2024-09-26T17:00:00Z","2024-09-26T16:00:00Z",NULL,NULL,NULL,NULL,NULL,NULL,NULL,61.0100000000,"Requests",NULL,237.32279899999997,3.8899,189.8582392,"AWS","INV-202409-72447","AWS",257.962482,4.2282,"Standard","USD",61.01,"Requests","AWS","AWS","us-east-1","US East (N. Virginia)","arn:aws:ec2:us-east-1:123456789012:instance/i-0091fa79f32f",NULL,"Function","Compute","AWS Lambda","AWS","G5GN8YDFU4GF5HNI","AWS Lambda Requests",NULL,"GTBIT3AK79FSFHI8.3TUI5EN1","663626350770","Zenith Apollo","BillingAccount","{""business_unit"": ""MarseilleSRE"", ""environment"": ""staging"", ""application"": ""BrightSourceCore""}",NULL,"us-east-1a","Usage-Based","Serverless Compute",3.8899,189.8582392,4.2282,NULL,NULL
"AllocatedMethodId-7049","AllocatedResourceId-2736","AllocatedResourceName-6582","{}",52.0677234,"ocid1.tenancy.oc1..aaaa1234","Meridian OCI","Tenancy","USD","2024-10-01T00:00:00Z","2024-09-01T00:00:00Z",NULL,NULL,"Usage",NULL,"Oracle Autonomous Database Database in UK South (London)","2024-09-26T20:00:00Z","2024-09-26T19:00:00Z",NULL,NULL,NULL,NULL,NULL,NULL,NULL,18.7600000000,"Hours",NULL,52.59366000000001,2.8035,52.0677234,"Oracle","INV-202409-14014","Oracle",59.76560800000001,3.1858,"Standard","USD",18.76,"Hours","Oracle","Oracle","uk-london-1","UK South (London)","ocid1.instance.oc1.uk-london-1.00cc5bf47ffc",NULL,"Database","Databases","Oracle Autonomous Database","Oracle","PFVNVD01LYE09QWV","Oracle Autonomous Database Hours",NULL,"KUL5TEAIXS5E38R7.7W1YS6OD","ocid1.compartment.oc1..prod","production","Tenancy","{""business_unit"": ""MarseilleSRE"", ""environment"": ""prod"", ""cost_center"": ""CC-2042""}",NULL,"us-ashburn-1-AD-1","Usage-Based","Relational Databases",2.8035,52.0677234,3.1858,NULL,NULL
"AllocatedMethodId-3643","AllocatedResourceId-3293","AllocatedResourceName-4757","{}",50.4915918,"ocid1.tenancy.oc1..aaaa1234","Meridian OCI","Tenancy","USD","2024-10-01T00:00:00Z","2024-09-01T00:00:00Z",NULL,NULL,"Usage",NULL,"Oracle Functions Function in UK South (London)","2024-09-09T22:00:00Z","2024-09-09T21:00:00Z","Spend","cd-859599","commit-9599",NULL,"Used","Savings Plan",NULL,148.1300000000,"Invocations",NULL,64.73281,0.4370,50.4915918,"Oracle","INV-202409-96455","Oracle",107.883079,0.7283,"Committed","USD",148.13,"Invocations","Oracle","Oracle","uk-london-1","UK South (London)","ocid1.instance.oc1.uk-london-1.00788ac41c69",NULL,"Function","Compute","Oracle Functions","Oracle","A4BCFSRHOAY60LQC","Oracle Functions Invocations",NULL,"62GAA008DRG5I8JA.40KM6HHW","ocid1.compartment.oc1..dev","development","Tenancy","{""owner"": ""k.johnson""}",NULL,"us-ashburn-1-AD-1","Usage-Based","Serverless Compute",0.4370,50.4915918,0.7283,NULL,NULL
"AllocatedMethodId-6454","AllocatedResourceId-3068","AllocatedResourceName-9364","{}",332.36497287,"8a93b2c1-1234-4abc-9def-0123456789ab","Contoso Cloud","BillingProfile","USD","2024-10-01T00:00:00Z","2024-09-01T00:00:00Z",NULL,NULL,"Usage",NULL,"Azure Functions Function App in West Europe","2024-09-08T12:00:00Z","2024-09-08T11:00:00Z",NULL,NULL,NULL,NULL,NULL,NULL,NULL,268.0300000000,"Executions",NULL,410.32712699999996,1.5309,332.36497287,"Microsoft","INV-202409-20118","Microsoft",631.291059,2.3553,"Standard","USD",268.03,"Executions","Microsoft","Microsoft","westeurope","West Europe","/subscriptions/8a93b2c1-1234-4abc-9def-0123456789ab/resourceGroups/rg-373/providers/Microsoft.Compute/virtualMachines/vm-7141",NULL,"Function App","Compute","Azure Functions","Microsoft","2HOXGHPWBUMU2JK7","Azure Functions Executions",NULL,"IA1SHX59C37PBI8B.EBTGSVPT","sub-9a1f","Production","BillingProfile","{""business_unit"": ""OsloData"", ""application"": ""BrightLensMatrix"", ""cost_center"": ""CC-1001""}",NULL,NULL,"Usage-Based","Serverless Compute",1.5309,332.36497287,2.3553,NULL,NULL
"AllocatedMethodId-8411","AllocatedResourceId-5478","AllocatedResourceName-7082","{}",368.5730654,"123456789012","SunBird","BillingAccount","USD","2024-10-01T00:00:00Z","2024-09-01T00:00:00Z",NULL,NULL,"Usage",NULL,"AWS Lambda Function in Europe (Ireland)","2024-09-21T01:00:00Z","2024-09-21T00:00:00Z","Spend","cd-634710","commit-4710",NULL,"Unused","Reserved Instance",NULL,NULL,NULL,NULL,604.2181400000001,4.1980,368.5730654,"AWS","INV-202409-40609","AWS",636.012277,4.4189,"Dynamic","USD",143.93,"Requests","AWS","AWS","eu-west-1","Europe (Ireland)","arn:aws:ec2:eu-west-1:123456789012:instance/i-00a5bf6acee1",NULL,"Function","Compute","AWS Lambda","AWS","HJGO2QPZAUV9UW5X","AWS Lambda Requests",NULL,"TB8RLA01DTWJ781A.YEDYV03P","438839167390","Zenith Eclipse","BillingAccount","{""team"": ""platform"", ""cost_center"": ""CC-3090""}",NULL,NULL,"Usage-Based","Serverless Compute",4.1980,368.5730654,4.4189,NULL,NULL
"AllocatedMethodId-5616","AllocatedResourceId-1471","AllocatedResourceName-7294","{}",544.03521408,"ocid1.tenancy.oc1..aaaa1234","Meridian OCI","Tenancy","USD","2024-10-01T00:00:00Z","2024-09-01T00:00:00Z",NULL,NULL,"Usage",NULL,"Oracle Compute Instance in US East (Ashburn)","2024-09-14T14:00:00Z","2024-09-14T13:00:00Z",NULL,NULL,NULL,NULL,NULL,NULL,NULL,463.2200000000,"Hours",NULL,755.604464,1.6312,544.03521408,"Oracle","INV-202409-70101","Oracle",968.731986,2.0913,"Standard","USD",463.22,"Hours","Oracle","Oracle","us-ashburn-1","US East (Ashburn)","ocid1.instance.oc1.us-ashburn-1.005ecb8b30cb",NULL,"Instance","Compute","Oracle Compute","Oracle","M4ZKZSRT35LUA8SL","Oracle Compute Hours",NULL,"PJQLNT6ACRF3ITHV.VPZGU8VU","ocid1.compartment.oc1..dev","development","Tenancy",NULL,NULL,"us-ashburn-1-AD-1","Usage-Based","Virtual Machines",1.6312,544.03521408,2.0913,NULL,NULL
"AllocatedMethodId-4529","AllocatedResourceId-2984","AllocatedResourceName-4778","{}",119.85535856,"8a93b2c1-1234-4abc-9def-0123456789ab","Contoso Cloud","BillingProfile","USD","2024-10-01T00:00:00Z","2024-09-01T00:00:00Z",NULL,NULL,"Usage",NULL,"Azure Kubernetes Service Cluster in UK South","2024-09-07T23:00:00Z","2024-09-07T22:00:00Z",NULL,NULL,NULL,NULL,NULL,NULL,NULL,30.7300000000,"Hours",NULL,139.366696,4.5352,119.85535856,"Microsoft","INV-202409-14327","Microsoft",153.149101,4.9837,"Dynamic","USD",30.73,"Hours","Microsoft","Microsoft","uksouth","UK South","/subscriptions/8a93b2c1-1234-4abc-9def-0123456789ab/resourceGroups/rg-137/providers/Microsoft.Compute/virtualMachines/vm-725",NULL,"Cluster","Compute","Azure Kubernetes Service","Microsoft","I7YOCRBI1ZLF2KG5","Azure Kubernetes Service Hours",NULL,"SKIIBTF038LHWPLZ.YN4AZOIW","sub-9a1f","Production","BillingProfile","{""business_unit"": ""MarseilleSRE"", ""owner"": ""a.lovelace"", ""environment"": ""staging""}",NULL,NULL,"Usage-Based","Containers",4.5352,119.85535856,4.9837,NULL,NULL
"AllocatedMethodId-8273","AllocatedResourceId-1210","AllocatedResourceName-2937","{}",2.0748456,"8a93b2c1-1234-4abc-9def-0123456789ab","Contoso Cloud","BillingProfile","USD","2024-10-01T00:00:00Z","2024-09-01T00:00:00Z",NULL,NULL,"Adjustment",NULL,"Azure Functions Function App in East US","2024-09-23T17:00:00Z","2024-09-23T16:00:00Z","Spend","cd-704456","commit-4456",NULL,"Used","Committed Use Discount",NULL,NULL,NULL,NULL,2.38488,0.6276,2.0748456,"Microsoft","INV-202409-42120","Microsoft",2.87356,0.7562,"Standard","USD",3.80,"Executions","Microsoft","Microsoft","eastus","East US",NULL,NULL,NULL,"Compute","Azure Functions","Microsoft","DBLV1GYJLVYR5E6X","Azure Functions Executions",NULL,"WTA2JOASWNIOFY33.8ESVYS2S","sub-2b7c","Staging","BillingProfile","{""environment"": ""prod"", ""team"": ""platform"", ""cost_center"": ""CC-1001""}",NULL,NULL,"One-Time","Serverless Compute",0.6276,2.0748456,0.7562,NULL,NULL
"AllocatedMethodId-2372","AllocatedResourceId-2361","AllocatedResourceName-5686","{}",373.595556,"01ABCD-2345EF-6789GH","Helios Labs","BillingAccount","USD","2024-10-01T00:00:00Z","2024-09-01T00:00:00Z",NULL,NULL,"Purchase",NULL,"Cloud SQL Database Instance in Belgium","2024-09-04T11:00:00Z","2024-09-04T10:00:00Z",NULL,NULL,NULL,NULL,NULL,NULL,NULL,NULL,NULL,NULL,373.595556,1.7461,0,"Google","INV-202409-75271","Google",450.107652,2.1037,"Dynamic","USD",213.96,"Hours","Google","Google","europe-west1","Belgium","//compute.googleapis.com/projects/Helios Labs/zones/europe-west1-a/instances/inst-1320",NULL,"Database Instance","Databases","Cloud SQL","Google","U49D0EDJIPEHZ492","Cloud SQL Hours",NULL,"BY41NVPIJM5H8WJE.IY7S6X0O","proj-helios-prod","helios-prod","BillingAccount","{""application"": ""BrightLensMatrix"", ""environment"": ""dev""}",NULL,NULL,"One-Time","Relational Databases",1.7461,0,2.1037,NULL,NULL
"AllocatedMethodId-6176","AllocatedResourceId-6659","AllocatedResourceName-4614","{}",245.4562341,"8a93b2c1-1234-4abc-9def-0123456789ab","Contoso Cloud","BillingProfile","USD","2024-10-01T00:00:00Z","2024-09-01T00:00:00Z",NULL,NULL,"Usage","Correction","Azure Functions Function App in Southeast Asia","2024-09-01T23:00:00Z","2024-09-01T22:00:00Z",NULL,NULL,NULL,NULL,NULL,NULL,NULL,122.4300000000,"Executions",NULL,350.651763,2.8641,245.4562341,"Microsoft","INV-202409-46654","Microsoft",508.19468700000004,4.1509,"Other","USD",122.43,"Executions","Microsoft","Microsoft","southeastasia","Southeast Asia","/subscriptions/8a93b2c1-1234-4abc-9def-0123456789ab/resourceGroups/rg-325/providers/Microsoft.Compute/virtualMachines/vm-6614",NULL,"Function App","Compute","Azure Functions","Microsoft","6YYNI48QG59M50VE","Azure Functions Executions",NULL,"VN7ICGGRBYWK1ZSL.12OXEJ5L","sub-9a1f","Production","BillingProfile","{""environment"": ""dev"", ""owner"": ""g.hopper"", ""application"": ""AtlasPortal""}",NULL,"uksouth-1","Usage-Based","Serverless Compute",2.8641,245.4562341,4.1509,NULL,NULL
"AllocatedMethodId-9084","AllocatedResourceId-8560","AllocatedResourceName-1102","{}",1052.5547136,"8a93b2c1-1234-4abc-9def-0123456789ab","Contoso Cloud","BillingProfile","USD","2024-10-01T00:00:00Z","2024-09-01T00:00:00Z",NULL,NULL,"Usage",NULL,"Azure Kubernetes Service Cluster in Southeast Asia","2024-09-17T18:00:00Z","2024-09-17T17:00:00Z",NULL,NULL,NULL,NULL,NULL,NULL,NULL,306.8000000000,"Hours",NULL,1349.42912,4.3984,1052.5547136,"Microsoft","INV-202409-48365","Microsoft",1499.36228,4.8871,"Dynamic","USD",306.80,"Hours","Microsoft","Microsoft","southeastasia","Southeast Asia","/subscriptions/8a93b2c1-1234-4abc-9def-0123456789ab/resourceGroups/rg-605/providers/Microsoft.Compute/virtualMachines/vm-5511",NULL,"Cluster","Compute","Azure Kubernetes Service","Microsoft","BT0IUA0I0UY8VHJD","Azure Kubernetes Service Hours",NULL,"0I205LOUB2NQRIEI.HT1XALJM","sub-4d3e","Sandbox","BillingProfile","{""business_unit"": ""OsloData""}",NULL,NULL,"Usage-Based","Containers",4.3984,1052.5547136,4.8871,NULL,NULL
"AllocatedMethodId-7643","AllocatedResourceId-9171","AllocatedResourceName-2405","{}",266.17384024,"01ABCD-2345EF-6789GH","Helios Labs","BillingAccount","USD","2024-10-01T00:00:00Z","2024-09-01T00:00:00Z",NULL,NULL,"Usage",NULL,"Cloud SQL Database Instance in Northern Virginia","2024-09-06T21:00:00Z","2024-09-06T20:00:00Z","Spend","cd-781291","commit-1291",NULL,"Unused","Reserved Instance",NULL,NULL,NULL,NULL,391.432118,2.6873,266.17384024,"Google","INV-202409-80812","Google",477.356952,3.2772,"Committed","USD",145.66,"Hours","Google","Google","us-east4","Northern Virginia","//compute.googleapis.com/projects/Helios Labs/zones/us-east4-a/instances/inst-7264",NULL,"Database Instance","Databases","Cloud SQL","Google","RUEZ5Z2AZM0OI71M","Cloud SQL Hours",NULL,"AHEIJBD7S6RIYQ8N.NN12YB6K","proj-helios-dev","helios-dev","BillingAccount","{""environment"": ""qa"", ""owner"": ""g.hopper"", ""cost_center"": ""CC-3090""}",NULL,"asia-southeast1-c","Usage-Based","Relational Databases",2.6873,266.17384024,3.2772,NULL,NULL
"AllocatedMethodId-2688","AllocatedResourceId-5496","AllocatedResourceName-9438","{}",1483.616895,"8a93b2c1-1234-4abc-9def-0123456789ab","Contoso Cloud","BillingProfile","USD","2024-10-01T00:00:00Z","2024-09-01T00:00:00Z",NULL,NULL,"Purchase",NULL,"Azure Kubernetes Service Cluster in East US","2024-09-28T08:00:00Z","2024-09-28T07:00:00Z",NULL,NULL,NULL,NULL,NULL,NULL,NULL,NULL,NULL,NULL,1483.616895,3.3315,0,"Microsoft","INV-202409-78477","Microsoft",1952.148588,4.3836,"Standard","USD",445.33,"Hours","Microsoft","Microsoft","eastus","East US","/subscriptions/8a93b2c1-1234-4abc-9def-0123456789ab/resourceGroups/rg-906/providers/Microsoft.Compute/virtualMachines/vm-3062",NULL,"Cluster","Compute","Azure Kubernetes Service","Microsoft","XFNXDAEGVSZH4W7D","Azure Kubernetes Service Hours",NULL,"8DN76CSQEDSDRPEW.ZY6VENVM","sub-2b7c","Staging","BillingProfile","{""cost_center"": ""CC-1001"", ""application"": ""BrightSourceCore""}",NULL,NULL,"One-Time","Containers",3.3315,0,4.3836,NULL,NULL
"AllocatedMethodId-9832","AllocatedResourceId-2097","AllocatedResourceName-6697","{}",49.0585472,"8a93b2c1-1234-4abc-9def-0123456789ab","Contoso Cloud","BillingProfile","USD","2024-10-01T00:00:00Z","2024-09-01T00:00:00Z",NULL,NULL,"Usage",NULL,"Azure Kubernetes Service Cluster in Southeast Asia","2024-09-14T16:00:00Z","2024-09-14T15:00:00Z",NULL,NULL,NULL,NULL,NULL,NULL,NULL,21.0400000000,"Hours",NULL,64.55072,3.0680,49.0585472,"Microsoft","INV-202409-94361","Microsoft",67.239632,3.1958,"Standard","USD",21.04,"Hours","Microsoft","Microsoft","southeastasia","Southeast Asia","/subscriptions/8a93b2c1-1234-4abc-9def-0123456789ab/resourceGroups/rg-897/providers/Microsoft.Compute/virtualMachines/vm-3924",NULL,"Cluster","Compute","Azure Kubernetes Service","Microsoft","3GZ79N4G1FGX7Y17","Azure Kubernetes Service Hours",NULL,"1HF4Y2W7MMK0E4CU.BV8NXMQW","sub-2b7c","Staging","BillingProfile","{""application"": ""NimbusAPI"", ""team"": ""growth""}",NULL,"uksouth-1","Usage-Based","Containers",3.0680,49.0585472,3.1958,NULL,NULL
"AllocatedMethodId-4908","AllocatedResourceId-1072","AllocatedResourceName-9918","{}",976.7952864,"ocid1.tenancy.oc1..aaaa1234","Meridian OCI","Tenancy","USD","2024-10-01T00:00:00Z","2024-09-01T00:00:00Z",NULL,NULL,"Usage",NULL,"Oracle Autonomous Database Database in UK South (London)","2024-09-24T07:00:00Z","2024-09-24T06:00:00Z",NULL,NULL,NULL,NULL,NULL,NULL,NULL,493.6900000000,"Hours",NULL,1085.328096,2.1984,976.7952864,"Oracle","INV-202409-23958","Oracle",1428.0476939999999,2.8926,"Standard","USD",493.69,"Hours","Oracle","Oracle","uk-london-1","UK South (London)","ocid1.instance.oc1.uk-london-1.008e60989d51",NULL,"Database","Databases","Oracle Autonomous Database","Oracle","4V9CEV8R1195NAMA","Oracle Autonomous Database Hours",NULL,"J6VNK3L4Y19OQUEX.DKUI7XT1","ocid1.compartment.oc1..prod","production","Tenancy",NULL,NULL,"us-ashburn-1-AD-1","Usage-Based","Relational Databases",2.1984,976.7952864,2.8926,NULL,NULL
"AllocatedMethodId-8458","AllocatedResourceId-7663","AllocatedResourceName-5849","{}",656.8035617,"ocid1.tenancy.oc1..aaaa1234","Meridian OCI","Tenancy","USD","2024-10-01T00:00:00Z","2024-09-01T00:00:00Z",NULL,NULL,"Credit",NULL,"Oracle Object Storage Bucket in US East (Ashburn)","2024-09-06T09:00:00Z","2024-09-06T08:00:00Z",NULL,NULL,NULL,NULL,NULL,NULL,NULL,NULL,NULL,NULL,737.9815299999999,3.2318,656.8035617,"Oracle","INV-202409-62774","Oracle",946.1225549999999,4.1433,"Other","USD",228.35,"GB","Oracle","Oracle","us-ashburn-1","US East (Ashburn)",NULL,NULL,NULL,"Storage","Oracle Object Storage","Oracle","6SIUI46YMADA2FJE","Oracle Object Storage GB",NULL,"DJRJMSS5NDW424G1.H4GYX1WZ","ocid1.compartment.oc1..dev","development","Tenancy","{""team"": ""platform"", ""owner"": ""a.lovelace""}",NULL,NULL,"One-Time","Object Storage",3.2318,656.8035617,4.1433,NULL,NULL
"AllocatedMethodId-6509","AllocatedResourceId-8466","AllocatedResourceName-4330","{}",13.8871194,"123456789012","SunBird","BillingAccount","USD","2024-10-01T00:00:00Z","2024-09-01T00:00:00Z",NULL,NULL,"Usage",NULL,"Elastic Load Balancing Load Balancer in Asia Pacific (Sydney)","2024-09-11T01:00:00Z","2024-09-11T00:00:00Z",NULL,NULL,NULL,NULL,NULL,NULL,NULL,8.0500000000,"LCU-Hours",NULL,21.04109,2.6138,13.8871194,"AWS","INV-202409-71436","AWS",24.753750000000004,3.0750,"Standard","USD",8.05,"LCU-Hours","AWS","AWS","ap-southeast-2","Asia Pacific (Sydney)","arn:aws:ec2:ap-southeast-2:123456789012:instance/i-0049a5c8b284",NULL,"Load Balancer","Networking","Elastic Load Balancing","AWS","3MLIFEQPA3BXS4P0","Elastic Load Balancing LCU-Hours",NULL,"DHV5HFVCGCEZJ0AB.6CIZW9NQ","663626350770","Zenith Apollo","BillingAccount","{""owner"": ""a.turing""}",NULL,NULL,"Usage-Based","Application Networking",2.6138,13.8871194,3.0750,NULL,NULL
"AllocatedMethodId-9279","AllocatedResourceId-7769","AllocatedResourceName-7346","{}",1069.29452282,"8a93b2c1-1234-4abc-9def-0123456789ab","Contoso Cloud","BillingProfile","USD","2024-10-01T00:00:00Z","2024-09-01T00:00:00Z",NULL,NULL,"Tax",NULL,"Tax charge in Southeast Asia","2024-09-22T09:00:00Z","2024-09-22T08:00:00Z",NULL,NULL,NULL,NULL,NULL,NULL,NULL,NULL,NULL,NULL,85.3063770000,NULL,1069.29452282,"Microsoft","INV-202409-41780","Microsoft",67.8778670000,NULL,NULL,"USD",NULL,NULL,"Microsoft","Microsoft",NULL,NULL,NULL,NULL,NULL,"Other","Tax","Microsoft",NULL,NULL,NULL,NULL,"sub-4d3e","Sandbox","BillingProfile","{""business_unit"": ""LisbonOps""}",NULL,NULL,"One-Time","Other (Security)",NULL,1069.29452282,NULL,NULL,NULL
"AllocatedMethodId-2867","AllocatedResourceId-1058","AllocatedResourceName-6074","{}",169.35190272,"8a93b2c1-1234-4abc-9def-0123456789ab","Contoso Cloud","BillingProfile","USD","2024-10-01T00:00:00Z","2024-09-01T00:00:00Z",NULL,NULL,"Usage",NULL,"Azure Blob Storage Storage Account in East US","2024-09-04T22:00:00Z","2024-09-04T21:00:00Z",NULL,NULL,NULL,NULL,NULL,NULL,NULL,203.8400000000,"GB",NULL,256.593792,1.2588,169.35190272,"Microsoft","INV-202409-78293","Microsoft",371.885696,1.8244,"Other","USD",203.84,"GB","Microsoft","Microsoft","eastus","East US","/subscriptions/8a93b2c1-1234-4abc-9def-0123456789ab/resourceGroups/rg-698/providers/Microsoft.Compute/virtualMachines/vm-6079",NULL,"Storage Account","Storage","Azure Blob Storage","Microsoft","JB8ZDFTYBUFB9VRN","Azure Blob Storage GB",NULL,"J5HZMDMPU0NYMAFD.DCD7PE92","sub-9a1f","Production","BillingProfile","{""environment"": ""staging"", ""team"": ""platform"", ""owner"": ""a.lovelace""}",NULL,NULL,"Usage-Based","Object Storage",1.2588,169.35190272,1.8244,NULL,NULL
"AllocatedMethodId-7644","AllocatedResourceId-8959","AllocatedResourceName-7998","{}",1069.22684451,"123456789012","SunBird","BillingAccount","USD","2024-10-01T00:00:00Z","2024-09-01T00:00:00Z",NULL,NULL,"Usage",NULL,"Amazon Simple Storage Service Bucket in US West (Oregon)","2024-09-30T20:00:00Z","2024-09-30T19:00:00Z","Spend","cd-751834","commit-1834",NULL,"Unused","Reserved Instance",NULL,NULL,NULL,NULL,1228.996373,2.7907,1069.22684451,"AWS","INV-202409-23611","AWS",1321.478273,3.0007,"Committed","USD",440.39,"GB","AWS","AWS","us-west-2","US West (Oregon)","arn:aws:ec2:us-west-2:123456789012:instance/i-00e0cb7f2d0e",NULL,"Bucket","Storage","Amazon Simple Storage Service","AWS","FII17EWT3Q3AWOEF","Amazon Simple Storage Service GB",NULL,"CW9NPA15M26SIG9H.TI1O40WB","438839167390","Zenith Eclipse","BillingAccount","{""team"": ""platform"", ""owner"": ""g.hopper"", ""cost_center"": ""CC-2042""}",NULL,"us-east-1a","Usage-Based","Object Storage",2.7907,1069.22684451,3.0007,NULL,NULL
"AllocatedMethodId-7051","AllocatedResourceId-9719","AllocatedResourceName-1403","{}",420.7951584,"ocid1.tenancy.oc1..aaaa1234","Meridian OCI","Tenancy","USD","2024-10-01T00:00:00Z","2024-09-01T00:00:00Z",NULL,NULL,"Usage",NULL,"Oracle Compute Instance in Australia East (Sydney)","2024-09-21T11:00:00Z","2024-09-21T10:00:00Z",NULL,NULL,NULL,NULL,NULL,NULL,NULL,329.1000000000,"Hours",NULL,553.6778400000001,1.6824,420.7951584,"Oracle","INV-202409-34636","Oracle",893.01285,2.7135,"Standard","USD",329.10,"Hours","Oracle","Oracle","ap-sydney-1","Australia East (Sydney)","ocid1.instance.oc1.ap-sydney-1.00ae74786294",NULL,"Instance","Compute","Oracle Compute","Oracle","KL111266AM2ZFZUK","Oracle Compute Hours",NULL,"L98A3SPU8GIUV443.J1U5YSB9","ocid1.compartment.oc1..dev","development","Tenancy","{""owner"": ""a.lovelace"", ""business_unit"": ""LisbonOps"", ""application"": ""BrightSourceCore""}",NULL,"uk-london-1-AD-2","Usage-Based","Virtual Machines",1.6824,420.7951584,2.7135,NULL,NULL
"AllocatedMethodId-6646","AllocatedResourceId-3445","AllocatedResourceName-3968","{}",263.42388072,"01ABCD-2345EF-6789GH","Helios Labs","BillingAccount","USD","2024-10-01T00:00:00Z","2024-09-01T00:00:00Z",NULL,NULL,"Adjustment",NULL,"Compute Engine VM Instance in Iowa","2024-09-06T08:00:00Z","2024-09-06T07:00:00Z",NULL,NULL,NULL,NULL,NULL,NULL,NULL,NULL,NULL,NULL,418.133144,2.5366,263.42388072,"Google","INV-202409-96712","Google",454.496848,2.7572,"Dynamic","USD",164.84,"Hours","Google","Google","us-central1","Iowa",NULL,NULL,NULL,"Compute","Compute Engine","Google","FHT71CDXCALQRL72","Compute Engine Hours",NULL,"95W3DOBJMBHGJVAE.6ZC5RKBZ","proj-helios-dev","helios-dev","BillingAccount","{""team"": ""platform"", ""business_unit"": ""LisbonOps""}",NULL,NULL,"One-Time","Virtual Machines",2.5366,263.42388072,2.7572,NULL,NULL
"AllocatedMethodId-5385","AllocatedResourceId-9301","AllocatedResourceName-4248","{}",213.719478,"8a93b2c1-1234-4abc-9def-0123456789ab","Contoso Cloud","BillingProfile","USD","2024-10-01T00:00:00Z","2024-09-01T00:00:00Z",NULL,NULL,"Usage",NULL,"Azure Blob Storage Storage Account in West Europe","2024-09-26T20:00:00Z","2024-09-26T19:00:00Z",NULL,NULL,NULL,NULL,NULL,NULL,NULL,280.4000000000,"GB",NULL,350.3598,1.2495,213.719478,"Microsoft","INV-202409-36034","Microsoft",539.0129199999999,1.9223,"Other","USD",280.40,"GB","Microsoft","Microsoft","westeurope","West Europe","/subscriptions/8a93b2c1-1234-4abc-9def-0123456789ab/resourceGroups/rg-618/providers/Microsoft.Compute/virtualMachines/vm-111",NULL,"Storage Account","Storage","Azure Blob Storage","Microsoft","1IQ2XP4SBU5FRTZX","Azure Blob Storage GB",NULL,"05QDY85NXTQXOQVE.RY1980W6","sub-2b7c","Staging","BillingProfile","{""environment"": ""staging""}",NULL,NULL,"Usage-Based","Object Storage",1.2495,213.719478,1.9223,NULL,NULL
"AllocatedMethodId-6156","AllocatedResourceId-5417","AllocatedResourceName-6658","{}",102.6512564,"01ABCD-2345EF-6789GH","Helios Labs","BillingAccount","USD","2024-10-01T00:00:00Z","2024-09-01T00:00:00Z",NULL,NULL,"Usage",NULL,"Cloud Functions Function in Belgium","2024-09-28T23:00:00Z","2024-09-28T22:00:00Z",NULL,NULL,NULL,NULL,NULL,NULL,NULL,80.0200000000,"Invocations",NULL,133.31331999999998,1.6660,102.6512564,"Google","INV-202409-87370","Google",166.64165,2.0825,"Other","USD",80.02,"Invocations","Google","Google","europe-west1","Belgium","//compute.googleapis.com/projects/Helios Labs/zones/europe-west1-a/instances/inst-7809",NULL,"Function","Compute","Cloud Functions","Google","6SPK09NQTP1V8CWB","Cloud Functions Invocations",NULL,"TUDXCL8RZ3KAD3MR.LMC32O5J","proj-helios-dev","helios-dev","BillingAccount","{""environment"": ""prod"", ""owner"": ""a.turing""}",NULL,"asia-southeast1-c","Usage-Based","Serverless Compute",1.6660,102.6512564,2.0825,NULL,NULL
"AllocatedMethodId-8067","AllocatedResourceId-1671","AllocatedResourceName-2324","{}",8.84430272,"123456789012","SunBird","BillingAccount","USD","2024-10-01T00:00:00Z","2024-09-01T00:00:00Z",NULL,NULL,"Usage",NULL,"Amazon Simple Storage Service Bucket in US East (N. Virginia)","2024-09-19T00:00:00Z","2024-09-18T23:00:00Z","Spend","cd-460182","commit-0182",NULL,"Used","Committed Use Discount",NULL,54.9800000000,"GB",NULL,10.050343999999999,0.1828,8.84430272,"AWS","INV-202409-44018","AWS",10.578152,0.1924,"Standard","USD",54.98,"GB","AWS","AWS","us-east-1","US East (N. Virginia)","arn:aws:ec2:us-east-1:123456789012:instance/i-00afbf3f4be0",NULL,"Bucket","Storage","Amazon Simple Storage Service","AWS","QOO5VMFGHJPWBRKZ","Amazon Simple Storage Service GB",NULL,"WL3QJ91YLWHD7X5O.7M9WWSVF","517389287820","Atlas Nimbus","BillingAccount","{""business_unit"": ""MarseilleSRE""}",NULL,"us-east-1a","Usage-Based","Object Storage",0.1828,8.84430272,0.1924,NULL,NULL
"AllocatedMethodId-6505","AllocatedResourceId-2208","AllocatedResourceName-8140","{}",215.23142400000003,"8a93b2c1-1234-4abc-9def-0123456789ab","Contoso Cloud","BillingProfile","USD","2024-10-01T00:00:00Z","2024-09-01T00:00:00Z",NULL,NULL,"Purchase",NULL,"Azure SQL Database SQL Database in East US","2024-09-21T09:00:00Z","2024-09-21T08:00:00Z",NULL,NULL,NULL,NULL,NULL,NULL,NULL,NULL,NULL,NULL,215.23142400000003,1.2512,0,"Microsoft","INV-202409-40785","Microsoft",307.48575000000005,1.7875,"Standard","USD",172.02,"Hours","Microsoft","Microsoft","eastus","East US","/subscriptions/8a93b2c1-1234-4abc-9def-0123456789ab/resourceGroups/rg-387/providers/Microsoft.Compute/virtualMachines/vm-6982",NULL,"SQL Database","Databases","Azure SQL Database","Microsoft","L8G03MP2QYGIFU4X","Azure SQL Database Hours",NULL,"1K1QGL1B6Q7H62ZK.AD1OF1PB","sub-9a1f","Production","BillingProfile",NULL,NULL,NULL,"Recurring","Relational Databases",1.2512,0,1.7875,NULL,NULL
"AllocatedMethodId-4754","AllocatedResourceId-9700","AllocatedResourceName-9693","{}",454.0389425,"ocid1.tenancy.oc1..aaaa1234","Meridian OCI","Tenancy","USD","2024-10-01T00:00:00Z","2024-09-01T00:00:00Z",NULL,NULL,"Tax",NULL,"Tax charge in UK South (London)","2024-09-02T10:00:00Z","2024-09-02T09:00:00Z",NULL,NULL,NULL,NULL,NULL,NULL,NULL,NULL,NULL,NULL,95.7269730000,NULL,454.0389425,"Oracle","INV-202409-46752","Oracle",30.8576470000,NULL,NULL,"USD",NULL,NULL,"Oracle","Oracle",NULL,NULL,NULL,NULL,NULL,"Other","Tax","Oracle",NULL,NULL,NULL,NULL,"ocid1.compartment.oc1..dev","development","Tenancy","{""team"": ""platform"", ""owner"": ""g.hopper"", ""environment"": ""dev""}",NULL,NULL,"One-Time","Other (Security)",NULL,454.0389425,NULL,NULL,NULL
"AllocatedMethodId-2827","AllocatedResourceId-8001","AllocatedResourceName-3314","{}",159.84356454,"01ABCD-2345EF-6789GH","Helios Labs","BillingAccount","USD","2024-10-01T00:00:00Z","2024-09-01T00:00:00Z",NULL,NULL,"Usage",NULL,"Compute Engine VM Instance in Singapore","2024-09-03T11:00:00Z","2024-09-03T10:00:00Z",NULL,NULL,NULL,NULL,NULL,NULL,NULL,200.3700000000,"Hours",NULL,242.18721900000003,1.2087,159.84356454,"Google","INV-202409-76746","Google",366.95761799999997,1.8314,"Standard","USD",200.37,"Hours","Google","Google","asia-southeast1","Singapore","//compute.googleapis.com/projects/Helios Labs/zones/asia-southeast1-a/instances/inst-9677",NULL,"VM Instance","Compute","Compute Engine","Google","2Y3LEHVSBSQMF7MT","Compute Engine Hours",NULL,"P1XOFCK44HGUB0JH.3IYVE2NK","proj-helios-prod","helios-prod","BillingAccount","{""environment"": ""staging""}",NULL,"europe-west1-b","Usage-Based","Virtual Machines",1.2087,159.84356454,1.8314,NULL,NULL
"AllocatedMethodId-8524","AllocatedResourceId-6701","AllocatedResourceName-5875","{}",22.5927024,"123456789012","SunBird","BillingAccount","USD","2024-10-01T00:00:00Z","2024-09-01T00:00:00Z",NULL,NULL,"Usage",NULL,"AWS Lambda Function in US East (N. Virginia)","2024-09-22T12:00:00Z","2024-09-22T11:00:00Z","Usage","cd-179184","commit-9184",NULL,"Used","Savings Plan",NULL,77.8200000000,"Requests",NULL,29.72724,0.3820,22.5927024,"AWS","INV-202409-99763","AWS",38.116236,0.4898,"Committed","USD",77.82,"Requests","AWS","AWS","us-east-1","US East (N. Virginia)","arn:aws:ec2:us-east-1:123456789012:instance/i-0017c5382a51",NULL,"Function","Compute","AWS Lambda","AWS","2SWFXMDQRUDALAIY","AWS Lambda Requests",NULL,"7P959CNTWDKU6Z2Z.DPDRANR0","663626350770","Zenith Apollo","BillingAccount","{""team"": ""platform"", ""application"": ""AtlasPortal""}",NULL,"ap-southeast-2a","Usage-Based","Serverless Compute",0.3820,22.5927024,0.4898,NULL,NULL
"AllocatedMethodId-8899","AllocatedResourceId-4017","AllocatedResourceName-1756","{}",23.322975,"123456789012","SunBird","BillingAccount","USD","2024-10-01T00:00:00Z","2024-09-01T00:00:00Z",NULL,NULL,"Usage",NULL,"Elastic Load Balancing Load Balancer in US West (Oregon)","2024-09-19T03:00:00Z","2024-09-19T02:00:00Z",NULL,NULL,NULL,NULL,NULL,NULL,NULL,37.7700000000,"LCU-Hours",NULL,35.8815,0.9500,23.322975,"AWS","INV-202409-66152","AWS",46.00386,1.2180,"Standard","USD",37.77,"LCU-Hours","AWS","AWS","us-west-2","US West (Oregon)","arn:aws:ec2:us-west-2:123456789012:instance/i-00556218f0a4",NULL,"Load Balancer","Networking","Elastic Load Balancing","AWS","PRYDG8TKJAGP89KX","Elastic Load Balancing LCU-Hours",NULL,"PLC9MEY7H0O0AP8F.4PYA36T5","517389287820","Atlas Nimbus","BillingAccount",NULL,NULL,NULL,"Usage-Based","Application Networking",0.9500,23.322975,1.2180,NULL,NULL
"AllocatedMethodId-1413","AllocatedResourceId-7099","AllocatedResourceName-6954","{}",926.7780717,"123456789012","SunBird","BillingAccount","USD","2024-10-01T00:00:00Z","2024-09-01T00:00:00Z",NULL,NULL,"Usage",NULL,"Amazon Elastic Compute Cloud Virtual Machine in Europe (Ireland)","2024-09-04T11:00:00Z","2024-09-04T10:00:00Z",NULL,NULL,NULL,NULL,NULL,NULL,NULL,390.2700000000,"Hours",NULL,1188.177015,3.0445,926.7780717,"AWS","INV-202409-38673","AWS",1886.018802,4.8326,"Standard","USD",390.27,"Hours","AWS","AWS","eu-west-1","Europe (Ireland)","arn:aws:ec2:eu-west-1:123456789012:instance/i-009e4a1ba1bd",NULL,"Virtual Machine","Compute","Amazon Elastic Compute Cloud","AWS","XFHFQTXQX04JZWVY","Amazon Elastic Compute Cloud Hours",NULL,"HL315FP22H660J1P.WZGIZY28","517389287820","Atlas Nimbus","BillingAccount","{""application"": ""AtlasPortal"", ""cost_center"": ""CC-1001""}",NULL,"ap-southeast-2a","Usage-Based","Virtual Machines",3.0445,926.7780717,4.8326,NULL,NULL
"AllocatedMethodId-4790","AllocatedResourceId-1048","AllocatedResourceName-1463","{}",137.5856658,"ocid1.tenancy.oc1..aaaa1234","Meridian OCI","Tenancy","USD","2024-10-01T00:00:00Z","2024-09-01T00:00:00Z",NULL,NULL,"Usage",NULL,"Oracle Object Storage Bucket in UK South (London)","2024-09-09T09:00:00Z","2024-09-09T08:00:00Z","Spend","cd-246580","commit-6580",NULL,"Unused","Committed Use Discount",NULL,NULL,NULL,NULL,205.35174,0.8595,137.5856658,"Oracle","INV-202409-82247","Oracle",342.2529,1.4325,"Committed","USD",238.92,"GB","Oracle","Oracle","uk-london-1","UK South (London)","ocid1.instance.oc1.uk-london-1.00792b372de6",NULL,"Bucket","Storage","Oracle Object Storage","Oracle","L51NNASHE30GTLGX","Oracle Object Storage GB",NULL,"LS6OHZ80N0Q4BQYU.Y8Y64BNY","ocid1.compartment.oc1..prod","production","Tenancy","{""business_unit"": ""OsloData""}",NULL,NULL,"Usage-Based","Object Storage",0.8595,137.5856658,1.4325,NULL,NULL
"AllocatedMethodId-8816","AllocatedResourceId-5667","AllocatedResourceName-8353","{}",136.89299988,"01ABCD-2345EF-6789GH","Helios Labs","BillingAccount","USD","2024-10-01T00:00:00Z","2024-09-01T00:00:00Z",NULL,NULL,"Usage",NULL,"Cloud Functions Function in Belgium","2024-09-30T04:00:00Z","2024-09-30T03:00:00Z",NULL,NULL,NULL,NULL,NULL,NULL,NULL,200.7900000000,"Invocations",NULL,150.43186799999998,0.7492,136.89299988,"Google","INV-202409-85569","Google",227.916729,1.1351,"Standard","USD",200.79,"Invocations","Google","Google","europe-west1","Belgium","//compute.googleapis.com/projects/Helios Labs/zones/europe-west1-a/instances/inst-8109",NULL,"Function","Compute","Cloud Functions","Google","HK4DYVORECQDYJGF","Cloud Functions Invocations",NULL,"82KI6KR4H7MBF8H2.ZD4V277Q","proj-helios-dev","helios-dev","BillingAccount",NULL,NULL,NULL,"Usage-Based","Serverless Compute",0.7492,136.89299988,1.1351,NULL,NULL
"AllocatedMethodId-7979","AllocatedResourceId-9089","AllocatedResourceName-6702","{}",374.4214551,"123456789012","SunBird","BillingAccount","USD","2024-10-01T00:00:00Z","2024-09-01T00:00:00Z",NULL,NULL,"Usage",NULL,"Amazon Relational Database Service Database Instance in US West (Oregon)","2024-09-05T14:00:00Z","2024-09-05T13:00:00Z",NULL,NULL,NULL,NULL,NULL,NULL,NULL,273.1500000000,"Hours",NULL,486.26162999999997,1.7802,374.4214551,"AWS","INV-202409-20074","AWS",558.9195299999999,2.0462,"Standard","USD",273.15,"Hours","AWS","AWS","us-west-2","US West (Oregon)","arn:aws:ec2:us-west-2:123456789012:instance/i-0031f22b595f",NULL,"Database Instance","Databases","Amazon Relational Database Service","AWS","A1E5NU0PG0MGK3XW","Amazon Relational Database Service Hours",NULL,"2L0G0T0N596EFN7D.Z7KDHNA5","517389287820","Atlas Nimbus","BillingAccount",NULL,NULL,NULL,"Usage-Based","Relational Databases",1.7802,374.4214551,2.0462,NULL,NULL
"AllocatedMethodId-9880","AllocatedResourceId-7474","AllocatedResourceName-4821","{}",213.1277148,"8a93b2c1-1234-4abc-9def-0123456789ab","Contoso Cloud","BillingProfile","USD","2024-10-01T00:00:00Z","2024-09-01T00:00:00Z",NULL,NULL,"Usage",NULL,"Azure Load Balancer Load Balancer in West Europe","2024-09-17T15:00:00Z","2024-09-17T14:00:00Z",NULL,NULL,NULL,NULL,NULL,NULL,NULL,97.2400000000,"Hours",NULL,304.468164,3.1311,213.1277148,"Microsoft","INV-202409-25927","Microsoft",447.75130399999995,4.6046,"Other","USD",97.24,"Hours","Microsoft","Microsoft","westeurope","West Europe","/subscriptions/8a93b2c1-1234-4abc-9def-0123456789ab/resourceGroups/rg-273/providers/Microsoft.Compute/virtualMachines/vm-7405",NULL,"Load Balancer","Networking","Azure Load Balancer","Microsoft","P4KWSX7V6OV0P9HJ","Azure Load Balancer Hours",NULL,"4RNJJUVG2RELU9EQ.50LGLMZC","sub-9a1f","Production","BillingProfile","{""business_unit"": ""ViennaAI"", ""cost_center"": ""CC-1001""}",NULL,"uksouth-1","Usage-Based","Application Networking",3.1311,213.1277148,4.6046,NULL,NULL
"AllocatedMethodId-6007","AllocatedResourceId-3172","AllocatedResourceName-3812","{}",57.08688258,"01ABCD-2345EF-6789GH","Helios Labs","BillingAccount","USD","2024-10-01T00:00:00Z","2024-09-01T00:00:00Z",NULL,NULL,"Credit",NULL,"Cloud SQL Database Instance in Singapore","2024-09-09T21:00:00Z","2024-09-09T20:00:00Z",NULL,NULL,NULL,NULL,NULL,NULL,NULL,NULL,NULL,NULL,62.732838,0.3941,57.08688258,"Google","INV-202409-33626","Google",74.687256,0.4692,"Standard","USD",159.18,"Hours","Google","Google","asia-southeast1","Singapore",NULL,NULL,NULL,"Databases","Cloud SQL","Google","4Z7VC1TX83IRC9LG","Cloud SQL Hours",NULL,"34MVF0Z6EENN4M12.B4IH4OSA","proj-helios-prod","helios-prod","BillingAccount",NULL,NULL,NULL,"One-Time","Relational Databases",0.3941,57.08688258,0.4692,NULL,NULL
"AllocatedMethodId-2529","AllocatedResourceId-1914","AllocatedResourceName-9332","{}",374.54317248,"8a93b2c1-1234-4abc-9def-0123456789ab","Contoso Cloud","BillingProfile","USD","2024-10-01T00:00:00Z","2024-09-01T00:00:00Z",NULL,NULL,"Usage",NULL,"Azure Load Balancer Load Balancer in Southeast Asia","2024-09-30T09:00:00Z","2024-09-30T08:00:00Z",NULL,NULL,NULL,NULL,NULL,NULL,NULL,114.7700000000,"Hours",NULL,390.149138,3.3994,374.54317248,"Microsoft","INV-202409-52570","Microsoft",464.46271299999995,4.0469,"Other","USD",114.77,"Hours","Microsoft","Microsoft","southeastasia","Southeast Asia","/subscriptions/8a93b2c1-1234-4abc-9def-0123456789ab/resourceGroups/rg-466/providers/Microsoft.Compute/virtualMachines/vm-6561",NULL,"Load Balancer","Networking","Azure Load Balancer","Microsoft","RKS9RJBKRPXAT20W","Azure Load Balancer Hours",NULL,"FH61EV0RASGT5WM8.EM3CUTIT","sub-9a1f","Production","BillingProfile","{""business_unit"": ""ViennaAI"", ""application"": ""BrightLensMatrix""}",NULL,NULL,"Usage-Based","Application Networking",3.3994,374.54317248,4.0469,NULL,NULL
"AllocatedMethodId-8743","AllocatedResourceId-7077","AllocatedResourceName-2679","{}",456.06803148,"8a93b2c1-1234-4abc-9def-0123456789ab","Contoso Cloud","BillingProfile","USD","2024-10-01T00:00:00Z","2024-09-01T00:00:00Z",NULL,NULL,"Usage",NULL,"Azure Kubernetes Service Cluster in East US","2024-09-04T01:00:00Z","2024-09-04T00:00:00Z",NULL,NULL,NULL,NULL,NULL,NULL,NULL,191.6700000000,"Hours",NULL,549.479556,2.8668,456.06803148,"Microsoft","INV-202409-37353","Microsoft",590.8419419999999,3.0826,"Standard","USD",191.67,"Hours","Microsoft","Microsoft","eastus","East US","/subscriptions/8a93b2c1-1234-4abc-9def-0123456789ab/resourceGroups/rg-175/providers/Microsoft.Compute/virtualMachines/vm-7905",NULL,"Cluster","Compute","Azure Kubernetes Service","Microsoft","YY11LKWOO8YFQFE8","Azure Kubernetes Service Hours",NULL,"MBOTIRJSAY1L6MR0.MMT78OPQ","sub-4d3e","Sandbox","BillingProfile",NULL,NULL,NULL,"Usage-Based","Containers",2.8668,456.06803148,3.0826,NULL,NULL
"AllocatedMethodId-7181","AllocatedResourceId-9459","AllocatedResourceName-8104","{}",263.25368232,"ocid1.tenancy.oc1..aaaa1234","Meridian OCI","Tenancy","USD","2024-10-01T00:00:00Z","2024-09-01T00:00:00Z",NULL,NULL,"Usage",NULL,"Oracle Functions Function in Australia East (Sydney)","2024-09-02T15:00:00Z","2024-09-02T14:00:00Z",NULL,NULL,NULL,NULL,NULL,NULL,NULL,405.9700000000,"Invocations",NULL,321.041076,0.7908,263.25368232,"Oracle","INV-202409-97420","Oracle",356.72583900000006,0.8787,"Standard","USD",405.97,"Invocations","Oracle","Oracle","ap-sydney-1","Australia East (Sydney)","ocid1.instance.oc1.ap-sydney-1.004b8d535742",NULL,"Function","Compute","Oracle Functions","Oracle","VBWK97XR4AP11SUN","Oracle Functions Invocations",NULL,"UG4ZVCQ3H97MACVR.I963NRSZ","ocid1.compartment.oc1..dev","development","Tenancy","{""cost_center"": ""CC-2042""}",NULL,"uk-london-1-AD-2","Usage-Based","Serverless Compute",0.7908,263.25368232,0.8787,NULL,NULL
"AllocatedMethodId-4757","AllocatedResourceId-8937","AllocatedResourceName-6622","{}",686.2624687,"ocid1.tenancy.oc1..aaaa1234","Meridian OCI","Tenancy","USD","2024-10-01T00:00:00Z","2024-09-01T00:00:00Z",NULL,NULL,"Usage",NULL,"Oracle Functions Function in Australia East (Sydney)","2024-09-20T12:00:00Z","2024-09-20T11:00:00Z",NULL,NULL,NULL,NULL,NULL,NULL,NULL,228.7900000000,"Invocations",NULL,722.381546,3.1574,686.2624687,"Oracle","INV-202409-63546","Oracle",976.2011719999999,4.2668,"Standard","USD",228.79,"Invocations","Oracle","Oracle","ap-sydney-1","Australia East (Sydney)","ocid1.instance.oc1.ap-sydney-1.002d30f5b808",NULL,"Function","Compute","Oracle Functions","Oracle","FBN7Q2GVZ4W01UAV","Oracle Functions Invocations",NULL,"E861BGY5SQLNSNX1.7UBRUBV0","ocid1.compartment.oc1..dev","development","Tenancy","{""application"": ""AtlasPortal""}",NULL,NULL,"Usage-Based","Serverless Compute",3.1574,686.2624687,4.2668,NULL,NULL
"AllocatedMethodId-6738","AllocatedResourceId-9588","AllocatedResourceName-7161","{}",757.86961588,"01ABCD-2345EF-6789GH","Helios Labs","BillingAccount","USD","2024-10-01T00:00:00Z","2024-09-01T00:00:00Z",NULL,NULL,"Usage",NULL,"Compute Engine VM Instance in Belgium","2024-09-08T15:00:00Z","2024-09-08T14:00:00Z",NULL,NULL,NULL,NULL,NULL,NULL,NULL,415.7200000000,"Hours",NULL,1038.177556,2.4973,757.86961588,"Google","INV-202409-70249","Google",1116.332916,2.6853,"Dynamic","USD",415.72,"Hours","Google","Google","europe-west1","Belgium","//compute.googleapis.com/projects/Helios Labs/zones/europe-west1-a/instances/inst-2581",NULL,"VM Instance","Compute","Compute Engine","Google","8U51LYT6E0P7SP09","Compute Engine Hours",NULL,"DYMU6WOBFBFJ29YV.FNAS6XJ5","proj-helios-dev","helios-dev","BillingAccount","{""environment"": ""staging""}",NULL,"asia-southeast1-c","Usage-Based","Virtual Machines",2.4973,757.86961588,2.6853,NULL,NULL
"AllocatedMethodId-6802","AllocatedResourceId-4117","AllocatedResourceName-8309","{}",251.72878464,"ocid1.tenancy.oc1..aaaa1234","Meridian OCI","Tenancy","USD","2024-10-01T00:00:00Z","2024-09-01T00:00:00Z",NULL,NULL,"Usage",NULL,"Oracle Compute Instance in US East (Ashburn)","2024-09-15T00:00:00Z","2024-09-14T23:00:00Z",NULL,NULL,NULL,NULL,NULL,NULL,NULL,373.6800000000,"Hours",NULL,354.547584,0.9488,251.72878464,"Oracle","INV-202409-28132","Oracle",402.90177600000004,1.0782,"Standard","USD",373.68,"Hours","Oracle","Oracle","us-ashburn-1","US East (Ashburn)","ocid1.instance.oc1.us-ashburn-1.00496f00a4ec",NULL,"Instance","Compute","Oracle Compute","Oracle","OX20F4D2OH2TRW33","Oracle Compute Hours",NULL,"1L0IYPZ28UC6955Q.5XRSPS6V","ocid1.compartment.oc1..dev","development","Tenancy","{""cost_center"": ""CC-1001"", ""team"": ""platform"", ""environment"": ""prod""}",NULL,NULL,"Usage-Based","Virtual Machines",0.9488,251.72878464,1.0782,NULL,NULL
"AllocatedMethodId-2289","AllocatedResourceId-2149","AllocatedResourceName-1981","{}",11.80126618,"ocid1.tenancy.oc1..aaaa1234","Meridian OCI","Tenancy","USD","2024-10-01T00:00:00Z","2024-09-01T00:00:00Z",NULL,NULL,"Usage",NULL,"Oracle Autonomous Database Database in US East (Ashburn)","2024-09-21T08:00:00Z","2024-09-21T07:00:00Z","Usage","cd-603335","commit-3335",NULL,"Unused","Savings Plan",NULL,NULL,NULL,NULL,19.346338,0.0814,11.80126618,"Oracle","INV-202409-13788","Oracle",29.756284,0.1252,"Committed","USD",237.67,"Hours","Oracle","Oracle","us-ashburn-1","US East (Ashburn)","ocid1.instance.oc1.us-ashburn-1.004aa2407f16",NULL,"Database","Databases","Oracle Autonomous Database","Oracle","TFEU4NNDDCCRC0XZ","Oracle Autonomous Database Hours",NULL,"W6JPSQVP7V1XPVLM.I01CACQ3","ocid1.compartment.oc1..prod","production","Tenancy",NULL,NULL,NULL,"Usage-Based","Relational Databases",0.0814,11.80126618,0.1252,NULL,NULL
"AllocatedMethodId-6169","AllocatedResourceId-5558","AllocatedResourceName-8883","{}",455.14443252,"8a93b2c1-1234-4abc-9def-0123456789ab","Contoso Cloud","BillingProfile","USD","2024-10-01T00:00:00Z","2024-09-01T00:00:00Z",NULL,NULL,"Usage",NULL,"Azure SQL Database SQL Database in Southeast Asia","2024-09-04T08:00:00Z","2024-09-04T07:00:00Z","Spend","cd-184252","commit-4252",NULL,"Used","Committed Use Discount",NULL,250.9400000000,"Hours",NULL,623.4855239999999,2.4846,455.14443252,"Microsoft","INV-202409-12273","Microsoft",742.2554259999999,2.9579,"Committed","USD",250.94,"Hours","Microsoft","Microsoft","southeastasia","Southeast Asia","/subscriptions/8a93b2c1-1234-4abc-9def-0123456789ab/resourceGroups/rg-570/providers/Microsoft.Compute/virtualMachines/vm-6463",NULL,"SQL Database","Databases","Azure SQL Database","Microsoft","1ETT421F6065AR30","Azure SQL Database Hours",NULL,"ZY9JBXIXZVXB7ERK.OOALL51S","sub-2b7c","Staging","BillingProfile","{""cost_center"": ""CC-3090"", ""environment"": ""qa""}",NULL,NULL,"Usage-Based","Relational Databases",2.4846,455.14443252,2.9579,NULL,NULL
"AllocatedMethodId-4204","AllocatedResourceId-5383","AllocatedResourceName-7855","{}",87.24210525,"8a93b2c1-1234-4abc-9def-0123456789ab","Contoso Cloud","BillingProfile","USD","2024-10-01T00:00:00Z","2024-09-01T00:00:00Z",NULL,NULL,"Usage",NULL,"Azure Functions Function App in UK South","2024-09-07T16:00:00Z","2024-09-07T15:00:00Z",NULL,NULL,NULL,NULL,NULL,NULL,NULL,33.6300000000,"Executions",NULL,116.322807,3.4589,87.24210525,"Microsoft","INV-202409-59006","Microsoft",147.24559200000002,4.3784,"Standard","USD",33.63,"Executions","Microsoft","Microsoft","uksouth","UK South","/subscriptions/8a93b2c1-1234-4abc-9def-0123456789ab/resourceGroups/rg-410/providers/Microsoft.Compute/virtualMachines/vm-9627",NULL,"Function App","Compute","Azure Functions","Microsoft","VKQ3TTIAMUQSGBKO","Azure Functions Executions",NULL,"64OWF800T54TGNFN.XE6MAJW6","sub-9a1f","Production","BillingProfile","{""environment"": ""prod""}",NULL,"uksouth-1","Usage-Based","Serverless Compute",3.4589,87.24210525,4.3784,NULL,NULL
"AllocatedMethodId-5845","AllocatedResourceId-7579","AllocatedResourceName-2443","{}",119.173019,"01ABCD-2345EF-6789GH","Helios Labs","BillingAccount","USD","2024-10-01T00:00:00Z","2024-09-01T00:00:00Z",NULL,NULL,"Usage",NULL,"Cloud Functions Function in Iowa","2024-09-10T00:00:00Z","2024-09-09T23:00:00Z","Usage","cd-443794","commit-3794",NULL,"Used","Committed Use Discount",NULL,182.3500000000,"Invocations",NULL,145.33295,0.7970,119.173019,"Google","INV-202409-21423","Google",152.99165,0.8390,"Committed","USD",182.35,"Invocations","Google","Google","us-central1","Iowa","//compute.googleapis.com/projects/Helios Labs/zones/us-central1-a/instances/inst-7059",NULL,"Function","Compute","Cloud Functions","Google","3WLN8NGOT8F9CDM8","Cloud Functions Invocations",NULL,"EQYMQILTKGX3PDGL.E6UJ4MSF","proj-helios-dev","helios-dev","BillingAccount","{""business_unit"": ""LisbonOps"", ""application"": ""AtlasPortal"", ""environment"": ""staging""}",NULL,NULL,"Usage-Based","Serverless Compute",0.7970,119.173019,0.8390,NULL,NULL
"AllocatedMethodId-5096","AllocatedResourceId-3195","AllocatedResourceName-3023","{}",463.94700688,"8a93b2c1-1234-4abc-9def-0123456789ab","Contoso Cloud","BillingProfile","USD","2024-10-01T00:00:00Z","2024-09-01T00:00:00Z",NULL,NULL,"Usage",NULL,"Azure Blob Storage Storage Account in East US","2024-09-28T09:00:00Z","2024-09-28T08:00:00Z",NULL,NULL,NULL,NULL,NULL,NULL,NULL,476.1400000000,"GB",NULL,748.3016240000001,1.5716,463.94700688,"Microsoft","INV-202409-97051","Microsoft",763.5857179999999,1.6037,"Standard","USD",476.14,"GB","Microsoft","Microsoft","eastus","East US","/subscriptions/8a93b2c1-1234-4abc-9def-0123456789ab/resourceGroups/rg-468/providers/Microsoft.Compute/virtualMachines/vm-3220",NULL,"Storage Account","Storage","Azure Blob Storage","Microsoft","GD0X9TUU301PTUTH","Azure Blob Storage GB",NULL,"9LGJ0RVJD0TFGB0G.YYFBD7IK","sub-2b7c","Staging","BillingProfile",NULL,NULL,"eastus-1","Usage-Based","Object Storage",1.5716,463.94700688,1.6037,NULL,NULL
"AllocatedMethodId-7227","AllocatedResourceId-1719","AllocatedResourceName-5719","{}",378.16563816,"ocid1.tenancy.oc1..aaaa1234","Meridian OCI","Tenancy","USD","2024-10-01T00:00:00Z","2024-09-01T00:00:00Z",NULL,NULL,"Usage",NULL,"Oracle Load Balancer Load Balancer in US East (Ashburn)","2024-09-22T12:00:00Z","2024-09-22T11:00:00Z",NULL,NULL,NULL,NULL,NULL,NULL,NULL,316.4100000000,"Hours",NULL,497.58636600000006,1.5726,378.16563816,"Oracle","INV-202409-12088","Oracle",789.8226420000001,2.4962,"Standard","USD",316.41,"Hours","Oracle","Oracle","us-ashburn-1","US East (Ashburn)","ocid1.instance.oc1.us-ashburn-1.00180760ba08",NULL,"Load Balancer","Networking","Oracle Load Balancer","Oracle","AWOIW5II93DMKJBC","Oracle Load Balancer Hours",NULL,"3R9V5IQM93HJWFSV.LCV6BJ7Z","ocid1.compartment.oc1..dev","development","Tenancy","{""cost_center"": ""CC-1001"", ""team"": ""payments"", ""environment"": ""staging""}",NULL,"us-ashburn-1-AD-1","Usage-Based","Application Networking",1.5726,378.16563816,2.4962,NULL,NULL
"AllocatedMethodId-5539","AllocatedResourceId-8327","AllocatedResourceName-2304","{}",275.13058528,"123456789012","SunBird","BillingAccount","USD","2024-10-01T00:00:00Z","2024-09-01T00:00:00Z",NULL,NULL,"Usage",NULL,"Amazon Simple Storage Service Bucket in US West (Oregon)","2024-09-01T14:00:00Z","2024-09-01T13:00:00Z",NULL,NULL,NULL,NULL,NULL,NULL,NULL,443.2100000000,"GB",NULL,362.01392799999996,0.8168,275.13058528,"AWS","INV-202409-73175","AWS",583.9291749999999,1.3175,"Standard","USD",443.21,"GB","AWS","AWS","us-west-2","US West (Oregon)","arn:aws:ec2:us-west-2:123456789012:instance/i-0097eae9b6ba",NULL,"Bucket","Storage","Amazon Simple Storage Service","AWS","6V1ZQNCGYVW1IO69","Amazon Simple Storage Service GB",NULL,"57662YW1PENYD0II.BFGM9YAR","438839167390","Zenith Eclipse","BillingAccount","{""owner"": ""a.lovelace""}",NULL,"us-east-1a","Usage-Based","Object Storage",0.8168,275.13058528,1.3175,NULL,NULL
"AllocatedMethodId-4577","AllocatedResourceId-3527","AllocatedResourceName-5021","{}",490.916582,"123456789012","SunBird","BillingAccount","USD","2024-10-01T00:00:00Z","2024-09-01T00:00:00Z",NULL,NULL,"Usage",NULL,"Amazon Simple Storage Service Bucket in US East (N. Virginia)","2024-09-15T02:00:00Z","2024-09-15T01:00:00Z",NULL,NULL,NULL,NULL,NULL,NULL,NULL,128.1800000000,"GB",NULL,490.916582,3.8299,490.916582,"AWS","INV-202409-79067","AWS",637.5545020000001,4.9739,"Other","USD",128.18,"GB","AWS","AWS","us-east-1","US East (N. Virginia)","arn:aws:ec2:us-east-1:123456789012:instance/i-008c8aed110d",NULL,"Bucket","Storage","Amazon Simple Storage Service","AWS","DXOT2I9PWF04NDVO","Amazon Simple Storage Service GB",NULL,"IZ5A9Q67Z70VYJKX.8LK7K8AH","517389287820","Atlas Nimbus","BillingAccount","{""owner"": ""k.johnson""}",NULL,"us-east-1a","Usage-Based","Object Storage",3.8299,490.916582,4.9739,NULL,NULL
"AllocatedMethodId-6868","AllocatedResourceId-8140","AllocatedResourceName-6090","{}",656.07732375,"01ABCD-2345EF-6789GH","Helios Labs","BillingAccount","USD","2024-10-01T00:00:00Z","2024-09-01T00:00:00Z",NULL,NULL,"Usage",NULL,"Cloud Storage Bucket in Iowa","2024-09-22T19:00:00Z","2024-09-22T18:00:00Z","Usage","cd-529396","commit-9396",NULL,"Used","Committed Use Discount",NULL,363.7500000000,"GiB",NULL,830.4776250000001,2.2831,656.07732375,"Google","INV-202409-19429","Google",1239.5145,3.4076,"Committed","USD",363.75,"GiB","Google","Google","us-central1","Iowa","//compute.googleapis.com/projects/Helios Labs/zones/us-central1-a/instances/inst-1215",NULL,"Bucket","Storage","Cloud Storage","Google","U4VJFOWMF4UWVK65","Cloud Storage GiB",NULL,"R83RFES7YK12UHH5.1QVOR0WU","proj-helios-dev","helios-dev","BillingAccount","{""business_unit"": ""MarseilleSRE"", ""owner"": ""a.turing""}",NULL,NULL,"Usage-Based","Object Storage",2.2831,656.07732375,3.4076,NULL,NULL
"AllocatedMethodId-7557","AllocatedResourceId-8962","AllocatedResourceName-2709","{}",8.42881216,"123456789012","SunBird","BillingAccount","USD","2024-10-01T00:00:00Z","2024-09-01T00:00:00Z",NULL,NULL,"Usage",NULL,"Elastic Load Balancing Load Balancer in Asia Pacific (Sydney)","2024-09-23T15:00:00Z","2024-09-23T14:00:00Z",NULL,NULL,NULL,NULL,NULL,NULL,NULL,3.9800000000,"LCU-Hours",NULL,12.395311999999999,3.1144,8.42881216,"AWS","INV-202409-62315","AWS",16.097906,4.0447,"Other","USD",3.98,"LCU-Hours","AWS","AWS","ap-southeast-2","Asia Pacific (Sydney)","arn:aws:ec2:ap-southeast-2:123456789012:instance/i-00211ec4a3b0",NULL,"Load Balancer","Networking","Elastic Load Balancing","AWS","FU4JLRJI7R8NTK4Y","Elastic Load Balancing LCU-Hours",NULL,"09D7Q1DF6CRANMT9.AEVO2PX7","438839167390","Zenith Eclipse","BillingAccount","{""application"": ""NimbusAPI""}",NULL,NULL,"Usage-Based","Application Networking",3.1144,8.42881216,4.0447,NULL,NULL
"AllocatedMethodId-1041","AllocatedResourceId-8304","AllocatedResourceName-1366","{}",87.51725136,"01ABCD-2345EF-6789GH","Helios Labs","BillingAccount","USD","2024-10-01T00:00:00Z","2024-09-01T00:00:00Z",NULL,NULL,"Usage",NULL,"Cloud SQL Database Instance in Singapore","2024-09-18T19:00:00Z","2024-09-18T18:00:00Z","Usage","cd-997363","commit-7363",NULL,"Unused","Committed Use Discount",NULL,NULL,NULL,NULL,113.658768,1.4736,87.51725136,"Google","INV-202409-61829","Google",151.545024,1.9648,"Committed","USD",77.13,"Hours","Google","Google","asia-southeast1","Singapore","//compute.googleapis.com/projects/Helios Labs/zones/asia-southeast1-a/instances/inst-154",NULL,"Database Instance","Databases","Cloud SQL","Google","ZTEGJ7W02J6XCKFW","Cloud SQL Hours",NULL,"UN9PB53VU9IFKYL0.QNXZ46RS","proj-helios-dev","helios-dev","BillingAccount","{""team"": ""payments""}",NULL,"europe-west1-b","Usage-Based","Relational Databases",1.4736,87.51725136,1.9648,NULL,NULL
"AllocatedMethodId-8599","AllocatedResourceId-8645","AllocatedResourceName-3047","{}",43.50402056,"ocid1.tenancy.oc1..aaaa1234","Meridian OCI","Tenancy","USD","2024-10-01T00:00:00Z","2024-09-01T00:00:00Z",NULL,NULL,"Usage",NULL,"Oracle Autonomous Database Database in US East (Ashburn)","2024-09-26T22:00:00Z","2024-09-26T21:00:00Z",NULL,NULL,NULL,NULL,NULL,NULL,NULL,187.3300000000,"Hours",NULL,49.43638700000001,0.2639,43.50402056,"Oracle","INV-202409-57178","Oracle",64.197991,0.3427,"Dynamic","USD",187.33,"Hours","Oracle","Oracle","us-ashburn-1","US East (Ashburn)","ocid1.instance.oc1.us-ashburn-1.009c75fe06b0",NULL,"Database","Databases","Oracle Autonomous Database","Oracle","P7V4R221WYUC4BXU","Oracle Autonomous Database Hours",NULL,"TQNTO1845GV0LJAR.D5ZPTHWN","ocid1.compartment.oc1..prod","production","Tenancy","{""environment"": ""prod"", ""business_unit"": ""LisbonOps"", ""owner"": ""k.johnson""}",NULL,NULL,"Usage-Based","Relational Databases",0.2639,43.50402056,0.3427,NULL,NULL
"AllocatedMethodId-7697","AllocatedResourceId-7593","AllocatedResourceName-1725","{}",224.3301291,"123456789012","SunBird","BillingAccount","USD","2024-10-01T00:00:00Z","2024-09-01T00:00:00Z",NULL,NULL,"Usage",NULL,"AWS Lambda Function in US East (N. Virginia)","2024-09-06T07:00:00Z","2024-09-06T06:00:00Z",NULL,NULL,NULL,NULL,NULL,NULL,NULL,227.4300000000,"Requests",NULL,228.908295,1.0065,224.3301291,"AWS","INV-202409-22808","AWS",260.111691,1.1437,"Dynamic","USD",227.43,"Requests","AWS","AWS","us-east-1","US East (N. Virginia)","arn:aws:ec2:us-east-1:123456789012:instance/i-00c88ba48827",NULL,"Function","Compute","AWS Lambda","AWS","84ILWX36VZQGOVR5","AWS Lambda Requests",NULL,"TGZ8VX3NUJPJ8XXW.9BW5T5X6","517389287820","Atlas Nimbus","BillingAccount",NULL,NULL,NULL,"Usage-Based","Serverless Compute",1.0065,224.3301291,1.1437,NULL,NULL
"AllocatedMethodId-3917","AllocatedResourceId-9667","AllocatedResourceName-6121","{}",57.79374328,"8a93b2c1-1234-4abc-9def-0123456789ab","Contoso Cloud","BillingProfile","USD","2024-10-01T00:00:00Z","2024-09-01T00:00:00Z",NULL,NULL,"Usage",NULL,"Azure Functions Function App in Southeast Asia","2024-09-28T08:00:00Z","2024-09-28T07:00:00Z",NULL,NULL,NULL,NULL,NULL,NULL,NULL,83.8300000000,"Executions",NULL,63.509608,0.7576,57.79374328,"Microsoft","INV-202409-66685","Microsoft",89.45499299999999,1.0671,"Dynamic","USD",83.83,"Executions","Microsoft","Microsoft","southeastasia","Southeast Asia","/subscriptions/8a93b2c1-1234-4abc-9def-0123456789ab/resourceGroups/rg-292/providers/Microsoft.Compute/virtualMachines/vm-1689",NULL,"Function App","Compute","Azure Functions","Microsoft","GQ55PSH9WUVC7N5S","Azure Functions Executions",NULL,"XZCH3BMYGBE3WBCG.2CY3RC58","sub-4d3e","Sandbox","BillingProfile","{""application"": ""BrightLensMatrix"", ""team"": ""growth""}",NULL,"uksouth-1","Usage-Based","Serverless Compute",0.7576,57.79374328,1.0671,NULL,NULL
"AllocatedMethodId-4211","AllocatedResourceId-1180","AllocatedResourceName-1844","{}",749.7000238,"01ABCD-2345EF-6789GH","Helios Labs","BillingAccount","USD","2024-10-01T00:00:00Z","2024-09-01T00:00:00Z",NULL,NULL,"Usage",NULL,"Cloud Load Balancing Forwarding Rule in Iowa","2024-09-07T16:00:00Z","2024-09-07T15:00:00Z",NULL,NULL,NULL,NULL,NULL,NULL,NULL,289.1500000000,"Hours",NULL,823.84618,2.8492,749.7000238,"Google","INV-202409-12929","Google",1128.55245,3.9030,"Standard","USD",289.15,"Hours","Google","Google","us-central1","Iowa","//compute.googleapis.com/projects/Helios Labs/zones/us-central1-a/instances/inst-4938",NULL,"Forwarding Rule","Networking","Cloud Load Balancing","Google","W70C5D3II88NRFNO","Cloud Load Balancing Hours",NULL,"WGMAERMD3TK5TO1Z.OU402ER7","proj-helios-dev","helios-dev","BillingAccount","{""owner"": ""k.johnson"", ""environment"": ""dev""}",NULL,NULL,"Usage-Based","Application Networking",2.8492,749.7000238,3.9030,NULL,NULL
"AllocatedMethodId-2598","AllocatedResourceId-9721","AllocatedResourceName-6613","{}",477.86418044,"ocid1.tenancy.oc1..aaaa1234","Meridian OCI","Tenancy","USD","2024-10-01T00:00:00Z","2024-09-01T00:00:00Z",NULL,NULL,"Usage",NULL,"Oracle Object Storage Bucket in UK South (London)","2024-09-16T14:00:00Z","2024-09-16T13:00:00Z",NULL,NULL,NULL,NULL,NULL,NULL,NULL,412.1800000000,"GB",NULL,645.762406,1.5667,477.86418044,"Oracle","INV-202409-78258","Oracle",1058.643112,2.5684,"Dynamic","USD",412.18,"GB","Oracle","Oracle","uk-london-1","UK South (London)","ocid1.instance.oc1.uk-london-1.005b3aa25fae",NULL,"Bucket","Storage","Oracle Object Storage","Oracle","EJ67Y1GFIIMKEQKU","Oracle Object Storage GB",NULL,"KYFG58JVTZU2QRYX.NLXURSEH","ocid1.compartment.oc1..dev","development","Tenancy","{""owner"": ""a.turing""}",NULL,NULL,"Usage-Based","Object Storage",1.5667,477.86418044,2.5684,NULL,NULL
"AllocatedMethodId-9904","AllocatedResourceId-4886","AllocatedResourceName-8619","{}",32.8604452,"123456789012","SunBird","BillingAccount","USD","2024-10-01T00:00:00Z","2024-09-01T00:00:00Z",NULL,NULL,"Usage",NULL,"Amazon Simple Storage Service Bucket in Asia Pacific (Sydney)","2024-09-09T01:00:00Z","2024-09-09T00:00:00Z",NULL,NULL,NULL,NULL,NULL,NULL,NULL,169.0700000000,"GB",NULL,38.20982,0.2260,32.8604452,"AWS","INV-202409-24209","AWS",48.996486,0.2898,"Other","USD",169.07,"GB","AWS","AWS","ap-southeast-2","Asia Pacific (Sydney)","arn:aws:ec2:ap-southeast-2:123456789012:instance/i-0031103a2717",NULL,"Bucket","Storage","Amazon Simple Storage Service","AWS","8R5FQYIKBEQ7PMPU","Amazon Simple Storage Service GB",NULL,"RDGHL2K8NYAMA64Z.S34CA041","438839167390","Zenith Eclipse","BillingAccount","{""team"": ""infra""}",NULL,NULL,"Usage-Based","Object Storage",0.2260,32.8604452,0.2898,NULL,NULL
"AllocatedMethodId-7123","AllocatedResourceId-2635","AllocatedResourceName-4077","{}",92.07159192,"ocid1.tenancy.oc1..aaaa1234","Meridian OCI","Tenancy","USD","2024-10-01T00:00:00Z","2024-09-01T00:00:00Z",NULL,NULL,"Usage",NULL,"Oracle Object Storage Bucket in Australia East (Sydney)","2024-09-01T03:00:00Z","2024-09-01T02:00:00Z",NULL,NULL,NULL,NULL,NULL,NULL,NULL,344.5200000000,"GB",NULL,93.950604,0.2727,92.07159192,"Oracle","INV-202409-19063","Oracle",113.17482,0.3285,"Dynamic","USD",344.52,"GB","Oracle","Oracle","ap-sydney-1","Australia East (Sydney)","ocid1.instance.oc1.ap-sydney-1.009c20ed3ab5",NULL,"Bucket","Storage","Oracle Object Storage","Oracle","Z9DTG6YOCOKYTVZQ","Oracle Object Storage GB",NULL,"13TGFZCUOBYQC5AO.TIVH2DH9","ocid1.compartment.oc1..dev","development","Tenancy",NULL,NULL,NULL,"Usage-Based","Object Storage",0.2727,92.07159192,0.3285,NULL,NULL
"AllocatedMethodId-3466","AllocatedResourceId-9897","AllocatedResourceName-5006","{}",73.9920972,"ocid1.tenancy.oc1..aaaa1234","Meridian OCI","Tenancy","USD","2024-10-01T00:00:00Z","2024-09-01T00:00:00Z",NULL,NULL,"Usage",NULL,"Oracle Load Balancer Load Balancer in US East (Ashburn)","2024-09-20T20:00:00Z","2024-09-20T19:00:00Z",NULL,NULL,NULL,NULL,NULL,NULL,NULL,58.9400000000,"Hours",NULL,88.08582999999999,1.4945,73.9920972,"Oracle","INV-202409-21590","Oracle",97.875764,1.6606,"Standard","USD",58.94,"Hours","Oracle","Oracle","us-ashburn-1","US East (Ashburn)","ocid1.instance.oc1.us-ashburn-1.00436c74fc31",NULL,"Load Balancer","Networking","Oracle Load Balancer","Oracle","H1B963XR6AJOMX8O","Oracle Load Balancer Hours",NULL,"6TMFA0X2PUF4TVQY.NWHBKFTD","ocid1.compartment.oc1..dev","development","Tenancy","{""business_unit"": ""MarseilleSRE""}",NULL,"us-ashburn-1-AD-1","Usage-Based","Application Networking",1.4945,73.9920972,1.6606,NULL,NULL
"AllocatedMethodId-8740","AllocatedResourceId-4872","AllocatedResourceName-1730","{}",15.402815999999998,"8a93b2c1-1234-4abc-9def-0123456789ab","Contoso Cloud","BillingProfile","USD","2024-10-01T00:00:00Z","2024-09-01T00:00:00Z",NULL,NULL,"Purchase",NULL,"Virtual Machines Virtual Machine in Southeast Asia","2024-09-22T22:00:00Z","2024-09-22T21:00:00Z",NULL,NULL,NULL,NULL,NULL,NULL,NULL,NULL,NULL,NULL,15.402815999999998,0.0544,0,"Microsoft","INV-202409-20489","Microsoft",16.931772,0.0598,"Dynamic","USD",283.14,"Hours","Microsoft","Microsoft","southeastasia","Southeast Asia","/subscriptions/8a93b2c1-1234-4abc-9def-0123456789ab/resourceGroups/rg-528/providers/Microsoft.Compute/virtualMachines/vm-3048",NULL,"Virtual Machine","Compute","Virtual Machines","Microsoft","062DTEIQYAVFZQ8O","Virtual Machines Hours",NULL,"9UNP2Y9QH93Z331D.AYROTU3O","sub-2b7c","Staging","BillingProfile","{""team"": ""infra"", ""application"": ""BrightLensMatrix""}",NULL,NULL,"One-Time","Virtual Machines",0.0544,0,0.0598,NULL,NULL
"AllocatedMethodId-4442","AllocatedResourceId-5850","AllocatedResourceName-9305","{}",338.483004,"8a93b2c1-1234-4abc-9def-0123456789ab","Contoso Cloud","BillingProfile","USD","2024-10-01T00:00:00Z","2024-09-01T00:00:00Z",NULL,NULL,"Usage",NULL,"Azure Blob Storage Storage Account in West Europe","2024-09-25T19:00:00Z","2024-09-25T18:00:00Z",NULL,NULL,NULL,NULL,NULL,NULL,NULL,362.6500000000,"GB",NULL,423.103755,1.1667,338.483004,"Microsoft","INV-202409-99538","Microsoft",604.428755,1.6667,"Other","USD",362.65,"GB","Microsoft","Microsoft","westeurope","West Europe","/subscriptions/8a93b2c1-1234-4abc-9def-0123456789ab/resourceGroups/rg-840/providers/Microsoft.Compute/virtualMachines/vm-9658",NULL,"Storage Account","Storage","Azure Blob Storage","Microsoft","T2NH8FWYBVSK4D3X","Azure Blob Storage GB",NULL,"T40HGGD44ZT2XSW0.V3J63JKY","sub-2b7c","Staging","BillingProfile","{""application"": ""AtlasPortal"", ""owner"": ""k.johnson""}",NULL,NULL,"Usage-Based","Object Storage",1.1667,338.483004,1.6667,NULL,NULL
"AllocatedMethodId-4764","AllocatedResourceId-5132","AllocatedResourceName-5586","{}",540.1763424,"01ABCD-2345EF-6789GH","Helios Labs","BillingAccount","USD","2024-10-01T00:00:00Z","2024-09-01T00:00:00Z",NULL,NULL,"Usage",NULL,"Cloud SQL Database Instance in Iowa","2024-09-25T18:00:00Z","2024-09-25T17:00:00Z","Usage","cd-554949","commit-4949",NULL,"Used","Committed Use Discount",NULL,478.3200000000,"Hours",NULL,600.195936,1.2548,540.1763424,"Google","INV-202409-38268","Google",909.381984,1.9012,"Standard","USD",478.32,"Hours","Google","Google","us-central1","Iowa","//compute.googleapis.com/projects/Helios Labs/zones/us-central1-a/instances/inst-1586",NULL,"Database Instance","Databases","Cloud SQL","Google","2232X3CN0JYO53L2","Cloud SQL Hours",NULL,"EFD2PWHI90LLC08K.SMKOMPDJ","proj-helios-prod","helios-prod","BillingAccount","{""owner"": ""g.hopper"", ""team"": ""payments"", ""application"": ""NimbusAPI""}",NULL,NULL,"Usage-Based","Relational Databases",1.2548,540.1763424,1.9012,NULL,NULL
"AllocatedMethodId-1489","AllocatedResourceId-8858","AllocatedResourceName-7951","{}",1010.71333272,"ocid1.tenancy.oc1..aaaa1234","Meridian OCI","Tenancy","USD","2024-10-01T00:00:00Z","2024-09-01T00:00:00Z",NULL,NULL,"Usage",NULL,"Oracle Compute Instance in UK South (London)","2024-09-17T03:00:00Z","2024-09-17T02:00:00Z",NULL,NULL,NULL,NULL,NULL,NULL,NULL,353.8600000000,"Hours",NULL,1203.230158,3.4003,1010.71333272,"Oracle","INV-202409-53649","Oracle",1203.230158,3.4003,"Standard","USD",353.86,"Hours","Oracle","Oracle","uk-london-1","UK South (London)","ocid1.instance.oc1.uk-london-1.00de9b2ed022",NULL,"Instance","Compute","Oracle Compute","Oracle","ITFI6VP4DCYQQ79V","Oracle Compute Hours",NULL,"S84VPGH7AQKXWTJ7.AUP20TIX","ocid1.compartment.oc1..prod","production","Tenancy",NULL,NULL,"uk-london-1-AD-2","Usage-Based","Virtual Machines",3.4003,1010.71333272,3.4003,NULL,NULL
"AllocatedMethodId-9635","AllocatedResourceId-8989","AllocatedResourceName-6115","{}",175.0189392,"ocid1.tenancy.oc1..aaaa1234","Meridian OCI","Tenancy","USD","2024-10-01T00:00:00Z","2024-09-01T00:00:00Z",NULL,NULL,"Usage",NULL,"Oracle Load Balancer Load Balancer in UK South (London)","2024-09-30T00:00:00Z","2024-09-29T23:00:00Z",NULL,NULL,NULL,NULL,NULL,NULL,NULL,295.0500000000,"Hours",NULL,182.311395,0.6179,175.0189392,"Oracle","INV-202409-33435","Oracle",191.90052,0.6504,"Other","USD",295.05,"Hours","Oracle","Oracle","uk-london-1","UK South (London)","ocid1.instance.oc1.uk-london-1.00a69bed82de",NULL,"Load Balancer","Networking","Oracle Load Balancer","Oracle","Z0NI8474K75MEQKT","Oracle Load Balancer Hours",NULL,"X0LH4ZTTH1APML89.6A4ABUFC","ocid1.compartment.oc1..prod","production","Tenancy",NULL,NULL,NULL,"Usage-Based","Application Networking",0.6179,175.0189392,0.6504,NULL,NULL
"AllocatedMethodId-5253","AllocatedResourceId-6498","AllocatedResourceName-8297","{}",1218.6794883,"01ABCD-2345EF-6789GH","Helios Labs","BillingAccount","USD","2024-10-01T00:00:00Z","2024-09-01T00:00:00Z",NULL,NULL,"Usage",NULL,"Cloud Load Balancing Forwarding Rule in Iowa","2024-09-01T22:00:00Z","2024-09-01T21:00:00Z",NULL,NULL,NULL,NULL,NULL,NULL,NULL,351.6600000000,"Hours",NULL,1282.820514,3.6479,1218.6794883,"Google","INV-202409-21524","Google",1322.487762,3.7607,"Other","USD",351.66,"Hours","Google","Google","us-central1","Iowa","//compute.googleapis.com/projects/Helios Labs/zones/us-central1-a/instances/inst-9688",NULL,"Forwarding Rule","Networking","Cloud Load Balancing","Google","DRZ0I3UBGWKZ2QRK","Cloud Load Balancing Hours",NULL,"DOZD48VS8MMAX65J.P9NZ8A1D","proj-helios-prod","helios-prod","BillingAccount","{""application"": ""AtlasPortal"", ""team"": ""infra""}",NULL,NULL,"Usage-Based","Application Networking",3.6479,1218.6794883,3.7607,NULL,NULL
"AllocatedMethodId-8663","AllocatedResourceId-4903","AllocatedResourceName-7750","{}",542.37411405,"8a93b2c1-1234-4abc-9def-0123456789ab","Contoso Cloud","BillingProfile","USD","2024-10-01T00:00:00Z","2024-09-01T00:00:00Z",NULL,NULL,"Usage",NULL,"Azure Blob Storage Storage Account in West Europe","2024-09-21T18:00:00Z","2024-09-21T17:00:00Z","Spend","cd-482711","commit-2711",NULL,"Used","Committed Use Discount",NULL,265.7700000000,"GB",NULL,638.087193,2.4009,542.37411405,"Microsoft","INV-202409-49194","Microsoft",664.664193,2.5009,"Other","USD",265.77,"GB","Microsoft","Microsoft","westeurope","West Europe","/subscriptions/8a93b2c1-1234-4abc-9def-0123456789ab/resourceGroups/rg-404/providers/Microsoft.Compute/virtualMachines/vm-628",NULL,"Storage Account","Storage","Azure Blob Storage","Microsoft","ICH9J9WIPOJ2ARM4","Azure Blob Storage GB",NULL,"V6KGV8XUHE1N2FSK.B3V3THTL","sub-2b7c","Staging","BillingProfile","{""cost_center"": ""CC-3090"", ""team"": ""payments""}",NULL,"eastus-1","Usage-Based","Object Storage",2.4009,542.37411405,2.5009,NULL,NULL
"AllocatedMethodId-3749","AllocatedResourceId-7643","AllocatedResourceName-7257","{}",30.42739164,"8a93b2c1-1234-4abc-9def-0123456789ab","Contoso Cloud","BillingProfile","USD","2024-10-01T00:00:00Z","2024-09-01T00:00:00Z",NULL,NULL,"Usage",NULL,"Azure Kubernetes Service Cluster in West Europe","2024-09-26T16:00:00Z","2024-09-26T15:00:00Z","Usage","cd-930184","commit-0184",NULL,"Unused","Committed Use Discount",NULL,NULL,NULL,NULL,36.659508,0.3084,30.42739164,"Microsoft","INV-202409-47746","Microsoft",41.663935,0.3505,"Committed","USD",118.87,"Hours","Microsoft","Microsoft","westeurope","West Europe","/subscriptions/8a93b2c1-1234-4abc-9def-0123456789ab/resourceGroups/rg-193/providers/Microsoft.Compute/virtualMachines/vm-9938",NULL,"Cluster","Compute","Azure Kubernetes Service","Microsoft","VT375KYX4HVZTO7C","Azure Kubernetes Service Hours",NULL,"KDOR8BSIS40DBDSA.E0W4O40I","sub-2b7c","Staging","BillingProfile","{""team"": ""payments"", ""owner"": ""k.johnson"", ""cost_center"": ""CC-2042""}",NULL,"westeurope-2","Usage-Based","Containers",0.3084,30.42739164,0.3505,NULL,NULL
"AllocatedMethodId-8618","AllocatedResourceId-4871","AllocatedResourceName-7597","{}",545.49846,"8a93b2c1-1234-4abc-9def-0123456789ab","Contoso Cloud","BillingProfile","USD","2024-10-01T00:00:00Z","2024-09-01T00:00:00Z",NULL,NULL,"Usage",NULL,"Azure Blob Storage Storage Account in Southeast Asia","2024-09-26T09:00:00Z","2024-09-26T08:00:00Z",NULL,NULL,NULL,NULL,NULL,NULL,NULL,206.3000000000,"GB",NULL,606.1094,2.9380,545.49846,"Microsoft","INV-202409-49478","Microsoft",618.4874000000001,2.9980,"Standard","USD",206.30,"GB","Microsoft","Microsoft","southeastasia","Southeast Asia","/subscriptions/8a93b2c1-1234-4abc-9def-0123456789ab/resourceGroups/rg-94/providers/Microsoft.Compute/virtualMachines/vm-530",NULL,"Storage Account","Storage","Azure Blob Storage","Microsoft","3LLZTEQ5V0AAE7RI","Azure Blob Storage GB",NULL,"ONV7R2TKK8PU0044.FWPBKK1K","sub-2b7c","Staging","BillingProfile","{""application"": ""BrightSourceCore"", ""owner"": ""a.turing"", ""business_unit"": ""MarseilleSRE""}",NULL,"uksouth-1","Usage-Based","Object Storage",2.9380,545.49846,2.9980,NULL,NULL
"AllocatedMethodId-5072","AllocatedResourceId-4411","AllocatedResourceName-1826","{}",65.04688944,"01ABCD-2345EF-6789GH","Helios Labs","BillingAccount","USD","2024-10-01T00:00:00Z","2024-09-01T00:00:00Z",NULL,NULL,"Usage",NULL,"Compute Engine VM Instance in Iowa","2024-09-07T03:00:00Z","2024-09-07T02:00:00Z","Usage","cd-575301","commit-5301",NULL,"Unused","Reserved Instance",NULL,NULL,NULL,NULL,90.34290200000001,4.7599,65.04688944,"Google","INV-202409-54615","Google",92.18586,4.8570,"Committed","USD",18.98,"Hours","Google","Google","us-central1","Iowa","//compute.googleapis.com/projects/Helios Labs/zones/us-central1-a/instances/inst-4316",NULL,"VM Instance","Compute","Compute Engine","Google","SLPHZ5JD12XROMTO","Compute Engine Hours",NULL,"ZBRUNLWL649OV3MP.6GOPB4OR","proj-helios-prod","helios-prod","BillingAccount","{""cost_center"": ""CC-1001"", ""team"": ""growth""}",NULL,"asia-southeast1-c","Usage-Based","Virtual Machines",4.7599,65.04688944,4.8570,NULL,NULL
"AllocatedMethodId-6656","AllocatedResourceId-1349","AllocatedResourceName-6722","{}",29.192085,"8a93b2c1-1234-4abc-9def-0123456789ab","Contoso Cloud","BillingProfile","USD","2024-10-01T00:00:00Z","2024-09-01T00:00:00Z",NULL,NULL,"Usage",NULL,"Azure Blob Storage Storage Account in UK South","2024-09-05T08:00:00Z","2024-09-05T07:00:00Z",NULL,NULL,NULL,NULL,NULL,NULL,NULL,466.7000000000,"GB",NULL,38.92278,0.0834,29.192085,"Microsoft","INV-202409-42698","Microsoft",50.543609999999994,0.1083,"Dynamic","USD",466.70,"GB","Microsoft","Microsoft","uksouth","UK South","/subscriptions/8a93b2c1-1234-4abc-9def-0123456789ab/resourceGroups/rg-550/providers/Microsoft.Compute/virtualMachines/vm-2660",NULL,"Storage Account","Storage","Azure Blob Storage","Microsoft","ZDIPIUGB5FXWU85D","Azure Blob Storage GB",NULL,"RDRJJTVZTEFKXXFI.UO6C57EF","sub-2b7c","Staging","BillingProfile","{""environment"": ""dev""}",NULL,"westeurope-2","Usage-Based","Object Storage",0.0834,29.192085,0.1083,NULL,NULL
"AllocatedMethodId-1621","AllocatedResourceId-2790","AllocatedResourceName-1723","{}",583.629056,"8a93b2c1-1234-4abc-9def-0123456789ab","Contoso Cloud","BillingProfile","USD","2024-10-01T00:00:00Z","2024-09-01T00:00:00Z",NULL,NULL,"Adjustment",NULL,"Azure Load Balancer Load Balancer in Southeast Asia","2024-09-11T21:00:00Z","2024-09-11T20:00:00Z","Usage","cd-893195","commit-3195",NULL,"Unused","Savings Plan",NULL,NULL,NULL,NULL,729.53632,2.0465,583.629056,"Microsoft","INV-202409-15509","Microsoft",838.547904,2.3523,"Committed","USD",356.48,"Hours","Microsoft","Microsoft","southeastasia","Southeast Asia",NULL,NULL,NULL,"Networking","Azure Load Balancer","Microsoft","R0PB1H0IE8X1PUIA","Azure Load Balancer Hours",NULL,"A31EUCSJDU9Y6W02.3ETMN1B6","sub-4d3e","Sandbox","BillingProfile","{""team"": ""payments"", ""environment"": ""dev""}",NULL,NULL,"One-Time","Application Networking",2.0465,583.629056,2.3523,NULL,NULL
"AllocatedMethodId-9450","AllocatedResourceId-4658","AllocatedResourceName-1471","{}",200.29787974,"123456789012","SunBird","BillingAccount","USD","2024-10-01T00:00:00Z","2024-09-01T00:00:00Z",NULL,NULL,"Usage",NULL,"Amazon Relational Database Service Database Instance in Asia Pacific (Sydney)","2024-09-05T03:00:00Z","2024-09-05T02:00:00Z","Spend","cd-664078","commit-4078",NULL,"Unused","Reserved Instance",NULL,NULL,NULL,NULL,244.265707,3.2827,200.29787974,"AWS","INV-202409-71093","AWS",309.195873,4.1553,"Committed","USD",74.41,"Hours","AWS","AWS","ap-southeast-2","Asia Pacific (Sydney)","arn:aws:ec2:ap-southeast-2:123456789012:instance/i-007f659e4178",NULL,"Database Instance","Databases","Amazon Relational Database Service","AWS","648WF7W0CWCYVZ98","Amazon Relational Database Service Hours",NULL,"KY4L7CA4J5KA9HS2.JM3NW0SB","663626350770","Zenith Apollo","BillingAccount","{""owner"": ""a.turing"", ""application"": ""BrightSourceCore""}",NULL,NULL,"Usage-Based","Relational Databases",3.2827,200.29787974,4.1553,NULL,NULL
"AllocatedMethodId-1301","AllocatedResourceId-4277","AllocatedResourceName-2628","{}",601.8499102,"8a93b2c1-1234-4abc-9def-0123456789ab","Contoso Cloud","BillingProfile","USD","2024-10-01T00:00:00Z","2024-09-01T00:00:00Z",NULL,NULL,"Usage",NULL,"Virtual Machines Virtual Machine in UK South","2024-09-19T23:00:00Z","2024-09-19T22:00:00Z","Spend","cd-397853","commit-7853",NULL,"Unused","Savings Plan",NULL,NULL,NULL,NULL,859.7855860000001,2.7346,601.8499102,"Microsoft","INV-202409-41713","Microsoft",895.596885,2.8485,"Committed","USD",314.41,"Hours","Microsoft","Microsoft","uksouth","UK South","/subscriptions/8a93b2c1-1234-4abc-9def-0123456789ab/resourceGroups/rg-801/providers/Microsoft.Compute/virtualMachines/vm-879",NULL,"Virtual Machine","Compute","Virtual Machines","Microsoft","602XE9V5GF1TW1CW","Virtual Machines Hours",NULL,"XZNTPF6D2NJBCIW7.W1VNP444","sub-4d3e","Sandbox","BillingProfile","{""team"": ""growth"", ""owner"": ""a.lovelace""}",NULL,NULL,"Usage-Based","Virtual Machines",2.7346,601.8499102,2.8485,NULL,NULL
"AllocatedMethodId-9056","AllocatedResourceId-5554","AllocatedResourceName-2742","{}",40.77711198,"ocid1.tenancy.oc1..aaaa1234","Meridian OCI","Tenancy","USD","2024-10-01T00:00:00Z","2024-09-01T00:00:00Z",NULL,NULL,"Usage",NULL,"Oracle Functions Function in Australia East (Sydney)","2024-09-05T15:00:00Z","2024-09-05T14:00:00Z",NULL,NULL,NULL,NULL,NULL,NULL,NULL,53.8700000000,"Invocations",NULL,61.783502999999996,1.1469,40.77711198,"Oracle","INV-202409-12327","Oracle",76.27453299999999,1.4159,"Dynamic","USD",53.87,"Invocations","Oracle","Oracle","ap-sydney-1","Australia East (Sydney)","ocid1.instance.oc1.ap-sydney-1.006219e39510",NULL,"Function","Compute","Oracle Functions","Oracle","VUBDVSC6C9N5Z3P7","Oracle Functions Invocations",NULL,"64ITYGZNAMSP7ODB.BFSOUKTO","ocid1.compartment.oc1..dev","development","Tenancy",NULL,NULL,NULL,"Usage-Based","Serverless Compute",1.1469,40.77711198,1.4159,NULL,NULL
"AllocatedMethodId-5815","AllocatedResourceId-5512","AllocatedResourceName-8961","{}",125.87593954,"ocid1.tenancy.oc1..aaaa1234","Meridian OCI","Tenancy","USD","2024-10-01T00:00:00Z","2024-09-01T00:00:00Z",NULL,NULL,"Usage",NULL,"Oracle Load Balancer Load Balancer in Australia East (Sydney)","2024-09-14T10:00:00Z","2024-09-14T09:00:00Z",NULL,NULL,NULL,NULL,NULL,NULL,NULL,76.3100000000,"Hours",NULL,170.102621,2.2291,125.87593954,"Oracle","INV-202409-82525","Oracle",236.25576,3.0960,"Dynamic","USD",76.31,"Hours","Oracle","Oracle","ap-sydney-1","Australia East (Sydney)","ocid1.instance.oc1.ap-sydney-1.007eea36ef60",NULL,"Load Balancer","Networking","Oracle Load Balancer","Oracle","DAKIPCIOSCXY32GL","Oracle Load Balancer Hours",NULL,"XFX7CQG7K6AVE0Z1.C8HLNI57","ocid1.compartment.oc1..dev","development","Tenancy","{""environment"": ""staging""}",NULL,"uk-london-1-AD-2","Usage-Based","Application Networking",2.2291,125.87593954,3.0960,NULL,NULL
"AllocatedMethodId-3343","AllocatedResourceId-5977","AllocatedResourceName-8965","{}",226.50530272,"123456789012","SunBird","BillingAccount","USD","2024-10-01T00:00:00Z","2024-09-01T00:00:00Z",NULL,NULL,"Usage",NULL,"Elastic Load Balancing Load Balancer in Asia Pacific (Sydney)","2024-09-18T19:00:00Z","2024-09-18T18:00:00Z",NULL,NULL,NULL,NULL,NULL,NULL,NULL,195.4600000000,"LCU-Hours",NULL,246.20141600000002,1.2596,226.50530272,"AWS","INV-202409-59593","AWS",315.64835400000004,1.6149,"Dynamic","USD",195.46,"LCU-Hours","AWS","AWS","ap-southeast-2","Asia Pacific (Sydney)","arn:aws:ec2:ap-southeast-2:123456789012:instance/i-00a5fa261d29",NULL,"Load Balancer","Networking","Elastic Load Balancing","AWS","JQ88ZMEP3P3ETXCO","Elastic Load Balancing LCU-Hours",NULL,"EH8CJYYHQHP0AYFB.Q3F6HGIU","517389287820","Atlas Nimbus","BillingAccount","{""application"": ""BrightSourceCore""}",NULL,"eu-west-1c","Usage-Based","Application Networking",1.2596,226.50530272,1.6149,NULL,NULL
"AllocatedMethodId-8368","AllocatedResourceId-5350","AllocatedResourceName-5231","{}",106.58013912,"ocid1.tenancy.oc1..aaaa1234","Meridian OCI","Tenancy","USD","2024-10-01T00:00:00Z","2024-09-01T00:00:00Z",NULL,NULL,"Usage",NULL,"Oracle Load Balancer Load Balancer in Australia East (Sydney)","2024-09-13T09:00:00Z","2024-09-13T08:00:00Z","Spend","cd-999537","commit-9537",NULL,"Used","Savings Plan",NULL,130.9200000000,"Hours",NULL,169.17482399999997,1.2922,106.58013912,"Oracle","INV-202409-38153","Oracle",183.890232,1.4046,"Standard","USD",130.92,"Hours","Oracle","Oracle","ap-sydney-1","Australia East (Sydney)","ocid1.instance.oc1.ap-sydney-1.00c2deccaf48",NULL,"Load Balancer","Networking","Oracle Load Balancer","Oracle","ATT2C6X0ARDY3GS6","Oracle Load Balancer Hours",NULL,"37NEBMGQWYRU4IJ3.U4RD3RBO","ocid1.compartment.oc1..prod","production","Tenancy","{""application"": ""BrightSourceCore"", ""environment"": ""staging""}",NULL,NULL,"Usage-Based","Application Networking",1.2922,106.58013912,1.4046,NULL,NULL
"AllocatedMethodId-5134","AllocatedResourceId-9466","AllocatedResourceName-2136","{}",457.5338112,"ocid1.tenancy.oc1..aaaa1234","Meridian OCI","Tenancy","USD","2024-10-01T00:00:00Z","2024-09-01T00:00:00Z",NULL,NULL,"Usage",NULL,"Oracle Compute Instance in Australia East (Sydney)","2024-09-11T13:00:00Z","2024-09-11T12:00:00Z",NULL,NULL,NULL,NULL,NULL,NULL,NULL,196.6000000000,"Hours",NULL,714.89658,3.6363,457.5338112,"Oracle","INV-202409-76684","Oracle",953.19544,4.8484,"Standard","USD",196.60,"Hours","Oracle","Oracle","ap-sydney-1","Australia East (Sydney)","ocid1.instance.oc1.ap-sydney-1.00e70ac9cfc3",NULL,"Instance","Compute","Oracle Compute","Oracle","2WOE9CW5ZPFCFB8Z","Oracle Compute Hours",NULL,"VS0GKUOZCYSBDR2S.7Z3T9Y7R","ocid1.compartment.oc1..prod","production","Tenancy","{""application"": ""NimbusAPI"", ""owner"": ""a.lovelace""}",NULL,"uk-london-1-AD-2","Usage-Based","Virtual Machines",3.6363,457.5338112,4.8484,NULL,NULL
"AllocatedMethodId-4994","AllocatedResourceId-1020","AllocatedResourceName-1907","{}",765.7054416,"ocid1.tenancy.oc1..aaaa1234","Meridian OCI","Tenancy","USD","2024-10-01T00:00:00Z","2024-09-01T00:00:00Z",NULL,NULL,"Usage","Correction","Oracle Compute Instance in Australia East (Sydney)","2024-09-18T08:00:00Z","2024-09-18T07:00:00Z",NULL,NULL,NULL,NULL,NULL,NULL,NULL,460.6800000000,"Hours",NULL,850.783824,1.8468,765.7054416,"Oracle","INV-202409-57211","Oracle",1050.3504,2.2800,"Standard","USD",460.68,"Hours","Oracle","Oracle","ap-sydney-1","Australia East (Sydney)","ocid1.instance.oc1.ap-sydney-1.0049e0eacbac",NULL,"Instance","Compute","Oracle Compute","Oracle","MC27GHE2G1DCRBKF","Oracle Compute Hours",NULL,"RSSFWV12ROOO7T0V.XKOG4BNO","ocid1.compartment.oc1..prod","production","Tenancy","{""owner"": ""a.turing""}",NULL,"uk-london-1-AD-2","Usage-Based","Virtual Machines",1.8468,765.7054416,2.2800,NULL,NULL
"AllocatedMethodId-2989","AllocatedResourceId-7366","AllocatedResourceName-3232","{}",680.13417165,"01ABCD-2345EF-6789GH","Helios Labs","BillingAccount","USD","2024-10-01T00:00:00Z","2024-09-01T00:00:00Z",NULL,NULL,"Usage",NULL,"Cloud Functions Function in Belgium","2024-09-27T18:00:00Z","2024-09-27T17:00:00Z",NULL,NULL,NULL,NULL,NULL,NULL,NULL,359.6700000000,"Invocations",NULL,800.157849,2.2247,680.13417165,"Google","INV-202409-25524","Google",1290.567894,3.5882,"Standard","USD",359.67,"Invocations","Google","Google","europe-west1","Belgium","//compute.googleapis.com/projects/Helios Labs/zones/europe-west1-a/instances/inst-5767",NULL,"Function","Compute","Cloud Functions","Google","1JR65JM9W7YVPJ4Y","Cloud Functions Invocations",NULL,"93FQFPRMH4Y2C1AX.X9G4OU3I","proj-helios-dev","helios-dev","BillingAccount","{""team"": ""payments""}",NULL,NULL,"Usage-Based","Serverless Compute",2.2247,680.13417165,3.5882,NULL,NULL
"AllocatedMethodId-1768","AllocatedResourceId-9388","AllocatedResourceName-3292","{}",544.797435,"01ABCD-2345EF-6789GH","Helios Labs","BillingAccount","USD","2024-10-01T00:00:00Z","2024-09-01T00:00:00Z",NULL,NULL,"Adjustment",NULL,"Compute Engine VM Instance in Northern Virginia","2024-09-16T20:00:00Z","2024-09-16T19:00:00Z","Usage","cd-410347","commit-0347",NULL,"Unused","Savings Plan",NULL,NULL,NULL,NULL,648.5683750000001,3.2375,544.797435,"Google","INV-202409-10158","Google",820.972373,4.0981,"Standard","USD",200.33,"Hours","Google","Google","us-east4","Northern Virginia",NULL,NULL,NULL,"Compute","Compute Engine","Google","OPQI4G8ZZJXUIDVB","Compute Engine Hours",NULL,"LYDADFHDFU1E0E3M.9QQ6FIFO","proj-helios-prod","helios-prod","BillingAccount",NULL,NULL,NULL,"One-Time","Virtual Machines",3.2375,544.797435,4.0981,NULL,NULL
"AllocatedMethodId-9302","AllocatedResourceId-4101","AllocatedResourceName-6191","{}",901.6074168,"8a93b2c1-1234-4abc-9def-0123456789ab","Contoso Cloud","BillingProfile","USD","2024-10-01T00:00:00Z","2024-09-01T00:00:00Z",NULL,NULL,"Usage",NULL,"Azure Functions Function App in Southeast Asia","2024-09-17T01:00:00Z","2024-09-17T00:00:00Z",NULL,NULL,NULL,NULL,NULL,NULL,NULL,343.3000000000,"Executions",NULL,1099.52124,3.2028,901.6074168,"Microsoft","INV-202409-65516","Microsoft",1527.10139,4.4483,"Other","USD",343.30,"Executions","Microsoft","Microsoft","southeastasia","Southeast Asia","/subscriptions/8a93b2c1-1234-4abc-9def-0123456789ab/resourceGroups/rg-475/providers/Microsoft.Compute/virtualMachines/vm-851",NULL,"Function App","Compute","Azure Functions","Microsoft","DQQ7H53P0XU0EIIE","Azure Functions Executions",NULL,"79IIB0NF7ZSH4YEO.BJM0QH1P","sub-4d3e","Sandbox","BillingProfile",NULL,NULL,NULL,"Usage-Based","Serverless Compute",3.2028,901.6074168,4.4483,NULL,NULL
"AllocatedMethodId-6471","AllocatedResourceId-6198","AllocatedResourceName-6697","{}",261.89183805,"123456789012","SunBird","BillingAccount","USD","2024-10-01T00:00:00Z","2024-09-01T00:00:00Z",NULL,NULL,"Usage",NULL,"Amazon Simple Queue Service Queue in Asia Pacific (Sydney)","2024-09-12T17:00:00Z","2024-09-12T16:00:00Z",NULL,NULL,NULL,NULL,NULL,NULL,NULL,112.6700000000,"Requests",NULL,315.532335,2.8005,261.89183805,"AWS","INV-202409-21163","AWS",325.289557,2.8871,"Standard","USD",112.67,"Requests","AWS","AWS","ap-southeast-2","Asia Pacific (Sydney)","arn:aws:ec2:ap-southeast-2:123456789012:instance/i-00e5eb0a7fc0",NULL,"Queue","Integration","Amazon Simple Queue Service","AWS","Z3GLYP3QUKLUL0QQ","Amazon Simple Queue Service Requests",NULL,"T7RP1816HHETOOC1.QB7BU954","438839167390","Zenith Eclipse","BillingAccount",NULL,NULL,"us-west-2b","Usage-Based","Messaging",2.8005,261.89183805,2.8871,NULL,NULL
"AllocatedMethodId-4548","AllocatedResourceId-7414","AllocatedResourceName-8471","{}",63.31029844,"123456789012","SunBird","BillingAccount","USD","2024-10-01T00:00:00Z","2024-09-01T00:00:00Z",NULL,NULL,"Adjustment",NULL,"AWS Lambda Function in Asia Pacific (Sydney)","2024-09-08T03:00:00Z","2024-09-08T02:00:00Z",NULL,NULL,NULL,NULL,NULL,NULL,NULL,NULL,NULL,NULL,76.27746800000001,0.1642,63.31029844,"AWS","INV-202409-72846","AWS",121.105578,0.2607,"Dynamic","USD",464.54,"Requests","AWS","AWS","ap-southeast-2","Asia Pacific (Sydney)",NULL,NULL,NULL,"Compute","AWS Lambda","AWS","RYP3KH0LZZBNJMU6","AWS Lambda Requests",NULL,"TE8ALUW53O3MW5UW.EJQ2RFEE","663626350770","Zenith Apollo","BillingAccount",NULL,NULL,NULL,"One-Time","Serverless Compute",0.1642,63.31029844,0.2607,NULL,NULL
"AllocatedMethodId-9925","AllocatedResourceId-8699","AllocatedResourceName-5151","{}",206.87192988,"123456789012","SunBird","BillingAccount","USD","2024-10-01T00:00:00Z","2024-09-01T00:00:00Z",NULL,NULL,"Usage",NULL,"Amazon Simple Storage Service Bucket in Asia Pacific (Sydney)","2024-09-16T04:00:00Z","2024-09-16T03:00:00Z",NULL,NULL,NULL,NULL,NULL,NULL,NULL,431.4200000000,"GB",NULL,211.093806,0.4893,206.87192988,"AWS","INV-202409-28052","AWS",224.55410999999998,0.5205,"Dynamic","USD",431.42,"GB","AWS","AWS","ap-southeast-2","Asia Pacific (Sydney)","arn:aws:ec2:ap-southeast-2:123456789012:instance/i-0021d37b9b38",NULL,"Bucket","Storage","Amazon Simple Storage Service","AWS","XZPC6JKQ9I63OKHC","Amazon Simple Storage Service GB",NULL,"477MFK2O1WS8WJLA.4IAE2B9S","517389287820","Atlas Nimbus","BillingAccount","{""environment"": ""prod""}",NULL,NULL,"Usage-Based","Object Storage",0.4893,206.87192988,0.5205,NULL,NULL
"AllocatedMethodId-1530","AllocatedResourceId-9409","AllocatedResourceName-2881","{}",429.37009412,"123456789012","SunBird","BillingAccount","USD","2024-10-01T00:00:00Z","2024-09-01T00:00:00Z",NULL,NULL,"Tax",NULL,"Tax charge in US West (Oregon)","2024-09-27T04:00:00Z","2024-09-27T03:00:00Z",NULL,NULL,NULL,NULL,NULL,NULL,NULL,NULL,NULL,NULL,61.8443430000,NULL,429.37009412,"AWS","INV-202409-20585","AWS",68.8635590000,NULL,NULL,"USD",NULL,NULL,"AWS","AWS",NULL,NULL,NULL,NULL,NULL,"Other","Tax","AWS",NULL,NULL,NULL,NULL,"438839167390","Zenith Eclipse","BillingAccount","{""application"": ""BrightLensMatrix"", ""owner"": ""k.johnson""}",NULL,NULL,"One-Time","Other (Security)",NULL,429.37009412,NULL,NULL,NULL
"AllocatedMethodId-8607","AllocatedResourceId-1070","AllocatedResourceName-1501","{}",5.2538486,"01ABCD-2345EF-6789GH","Helios Labs","BillingAccount","USD","2024-10-01T00:00:00Z","2024-09-01T00:00:00Z",NULL,NULL,"Usage",NULL,"Cloud Load Balancing Forwarding Rule in Belgium","2024-09-19T08:00:00Z","2024-09-19T07:00:00Z",NULL,NULL,NULL,NULL,NULL,NULL,NULL,6.4400000000,"Hours",NULL,8.082844000000001,1.2551,5.2538486,"Google","INV-202409-86059","Google",13.471192000000002,2.0918,"Standard","USD",6.44,"Hours","Google","Google","europe-west1","Belgium","//compute.googleapis.com/projects/Helios Labs/zones/europe-west1-a/instances/inst-2037",NULL,"Forwarding Rule","Networking","Cloud Load Balancing","Google","AMRJRM3VNH1J9BH0","Cloud Load Balancing Hours",NULL,"ZOH11Y94TAPNAQXR.QEBYG1ZQ","proj-helios-prod","helios-prod","BillingAccount",NULL,NULL,NULL,"Usage-Based","Application Networking",1.2551,5.2538486,2.0918,NULL,NULL
"AllocatedMethodId-9299","AllocatedResourceId-8133","AllocatedResourceName-3974","{}",217.33925675,"01ABCD-2345EF-6789GH","Helios Labs","BillingAccount","USD","2024-10-01T00:00:00Z","2024-09-01T00:00:00Z",NULL,NULL,"Usage",NULL,"Cloud SQL Database Instance in Singapore","2024-09-05T07:00:00Z","2024-09-05T06:00:00Z",NULL,NULL,NULL,NULL,NULL,NULL,NULL,244.9100000000,"Hours",NULL,282.258775,1.1525,217.33925675,"Google","INV-202409-51856","Google",366.55679699999996,1.4967,"Standard","USD",244.91,"Hours","Google","Google","asia-southeast1","Singapore","//compute.googleapis.com/projects/Helios Labs/zones/asia-southeast1-a/instances/inst-2842",NULL,"Database Instance","Databases","Cloud SQL","Google","00GMHVKVXKPKI9DU","Cloud SQL Hours",NULL,"69M32TPWRDT5ZLVM.XCGFHVKU","proj-helios-prod","helios-prod","BillingAccount","{""environment"": ""prod"", ""business_unit"": ""OsloData"", ""application"": ""BrightLensMatrix""}",NULL,"us-central1-a","Usage-Based","Relational Databases",1.1525,217.33925675,1.4967,NULL,NULL
"AllocatedMethodId-3750","AllocatedResourceId-3974","AllocatedResourceName-2905","{}",151.06668239,"ocid1.tenancy.oc1..aaaa1234","Meridian OCI","Tenancy","USD","2024-10-01T00:00:00Z","2024-09-01T00:00:00Z",NULL,NULL,"Usage",NULL,"Oracle Functions Function in Australia East (Sydney)","2024-09-18T04:00:00Z","2024-09-18T03:00:00Z",NULL,NULL,NULL,NULL,NULL,NULL,NULL,138.1900000000,"Invocations",NULL,247.650299,1.7921,151.06668239,"Oracle","INV-202409-55695","Oracle",405.974582,2.9378,"Dynamic","USD",138.19,"Invocations","Oracle","Oracle","ap-sydney-1","Australia East (Sydney)","ocid1.instance.oc1.ap-sydney-1.00392f24d5f6",NULL,"Function","Compute","Oracle Functions","Oracle","LOXVSXLCUW02U25F","Oracle Functions Invocations",NULL,"GM29OBTV30J2QUGF.YA9W73CG","ocid1.compartment.oc1..prod","production","Tenancy","{""cost_center"": ""CC-1001"", ""application"": ""NimbusAPI"", ""team"": ""platform""}",NULL,NULL,"Usage-Based","Serverless Compute",1.7921,151.06668239,2.9378,NULL,NULL
"AllocatedMethodId-9133","AllocatedResourceId-5662","AllocatedResourceName-5869","{}",6.85144922,"8a93b2c1-1234-4abc-9def-0123456789ab","Contoso Cloud","BillingProfile","USD","2024-10-01T00:00:00Z","2024-09-01T00:00:00Z",NULL,NULL,"Usage",NULL,"Azure Blob Storage Storage Account in UK South","2024-09-23T07:00:00Z","2024-09-23T06:00:00Z",NULL,NULL,NULL,NULL,NULL,NULL,NULL,3.8900000000,"GB",NULL,8.897986,2.2874,6.85144922,"Microsoft","INV-202409-41091","Microsoft",9.997689000000001,2.5701,"Standard","USD",3.89,"GB","Microsoft","Microsoft","uksouth","UK South","/subscriptions/8a93b2c1-1234-4abc-9def-0123456789ab/resourceGroups/rg-174/providers/Microsoft.Compute/virtualMachines/vm-4861",NULL,"Storage Account","Storage","Azure Blob Storage","Microsoft","OA5RYGHP4I3GVZDO","Azure Blob Storage GB",NULL,"N7587WJ6X96Z6G8Q.P3ZPDAA4","sub-4d3e","Sandbox","BillingProfile",NULL,NULL,NULL,"Usage-Based","Object Storage",2.2874,6.85144922,2.5701,NULL,NULL
"AllocatedMethodId-4167","AllocatedResourceId-6182","AllocatedResourceName-1418","{}",396.1937448,"01ABCD-2345EF-6789GH","Helios Labs","BillingAccount","USD","2024-10-01T00:00:00Z","2024-09-01T00:00:00Z",NULL,NULL,"Usage",NULL,"Cloud SQL Database Instance in Northern Virginia","2024-09-14T06:00:00Z","2024-09-14T05:00:00Z",NULL,NULL,NULL,NULL,NULL,NULL,NULL,225.9600000000,"Hours",NULL,440.215272,1.9482,396.1937448,"Google","INV-202409-99926","Google",657.023892,2.9077,"Standard","USD",225.96,"Hours","Google","Google","us-east4","Northern Virginia","//compute.googleapis.com/projects/Helios Labs/zones/us-east4-a/instances/inst-900",NULL,"Database Instance","Databases","Cloud SQL","Google","GZBQPV6N7VD31X6U","Cloud SQL Hours",NULL,"26O5V09EY47TNTC5.ND2G33YG","proj-helios-dev","helios-dev","BillingAccount","{""business_unit"": ""OsloData"", ""environment"": ""qa""}",NULL,NULL,"Usage-Based","Relational Databases",1.9482,396.1937448,2.9077,NULL,NULL
"AllocatedMethodId-4187","AllocatedResourceId-7850","AllocatedResourceName-6065","{}",550.39587075,"123456789012","SunBird","BillingAccount","USD","2024-10-01T00:00:00Z","2024-09-01T00:00:00Z",NULL,NULL,"Usage",NULL,"Amazon Simple Queue Service Queue in US West (Oregon)","2024-09-25T22:00:00Z","2024-09-25T21:00:00Z",NULL,NULL,NULL,NULL,NULL,NULL,NULL,357.7500000000,"Requests",NULL,797.675175,2.2297,550.39587075,"AWS","INV-202409-19652","AWS",896.271075,2.5053,"Standard","USD",357.75,"Requests","AWS","AWS","us-west-2","US West (Oregon)","arn:aws:ec2:us-west-2:123456789012:instance/i-00e4f768ae58",NULL,"Queue","Integration","Amazon Simple Queue Service","AWS","ZUMK3PUVHS2JQDMI","Amazon Simple Queue Service Requests",NULL,"IPR45ES1VCPWUXW2.CJCC0H4Q","438839167390","Zenith Eclipse","BillingAccount","{""business_unit"": ""ViennaAI"", ""environment"": ""dev"", ""owner"": ""g.hopper""}",NULL,"us-west-2b","Usage-Based","Messaging",2.2297,550.39587075,2.5053,NULL,NULL
"AllocatedMethodId-3915","AllocatedResourceId-5000","AllocatedResourceName-7558","{}",160.43939136,"01ABCD-2345EF-6789GH","Helios Labs","BillingAccount","USD","2024-10-01T00:00:00Z","2024-09-01T00:00:00Z",NULL,NULL,"Usage",NULL,"Cloud SQL Database Instance in Singapore","2024-09-17T18:00:00Z","2024-09-17T17:00:00Z",NULL,NULL,NULL,NULL,NULL,NULL,NULL,275.5100000000,"Hours",NULL,250.686549,0.9099,160.43939136,"Google","INV-202409-78098","Google",343.42321499999997,1.2465,"Standard","USD",275.51,"Hours","Google","Google","asia-southeast1","Singapore","//compute.googleapis.com/projects/Helios Labs/zones/asia-southeast1-a/instances/inst-5995",NULL,"Database Instance","Databases","Cloud SQL","Google","PBXYSS09WPAQXXUV","Cloud SQL Hours",NULL,"VDI0NV1A5558TNOI.50MDQ0CB","proj-helios-dev","helios-dev","BillingAccount","{""application"": ""BrightLensMatrix"", ""team"": ""infra"", ""business_unit"": ""LisbonOps""}",NULL,"us-central1-a","Usage-Based","Relational Databases",0.9099,160.43939136,1.2465,NULL,NULL
"AllocatedMethodId-4820","AllocatedResourceId-8590","AllocatedResourceName-8282","{}",459.629904,"ocid1.tenancy.oc1..aaaa1234","Meridian OCI","Tenancy","USD","2024-10-01T00:00:00Z","2024-09-01T00:00:00Z",NULL,NULL,"Purchase",NULL,"Oracle Object Storage Bucket in UK South (London)","2024-09-08T21:00:00Z","2024-09-08T20:00:00Z","Spend","cd-910820","commit-0820",NULL,"Unused","Savings Plan",NULL,NULL,NULL,NULL,459.629904,1.6292,0,"Oracle","INV-202409-76965","Oracle",528.326124,1.8727,"Standard","USD",282.12,"GB","Oracle","Oracle","uk-london-1","UK South (London)","ocid1.instance.oc1.uk-london-1.006f3d3f7e61",NULL,"Bucket","Storage","Oracle Object Storage","Oracle","GLCDNNQTC314KHYL","Oracle Object Storage GB",NULL,"E9MPOEKYJHAVOB4F.KL0CD9IJ","ocid1.compartment.oc1..prod","production","Tenancy",NULL,NULL,NULL,"One-Time","Object Storage",1.6292,0,1.8727,NULL,NULL
"AllocatedMethodId-1059","AllocatedResourceId-5466","AllocatedResourceName-7825","{}",391.347622,"01ABCD-2345EF-6789GH","Helios Labs","BillingAccount","USD","2024-10-01T00:00:00Z","2024-09-01T00:00:00Z",NULL,NULL,"Usage",NULL,"Cloud Storage Bucket in Northern Virginia","2024-09-14T12:00:00Z","2024-09-14T11:00:00Z",NULL,NULL,NULL,NULL,NULL,NULL,NULL,245.5000000000,"GiB",NULL,425.37784999999997,1.7327,391.347622,"Google","INV-202409-67870","Google",664.6667,2.7074,"Standard","USD",245.50,"GiB","Google","Google","us-east4","Northern Virginia","//compute.googleapis.com/projects/Helios Labs/zones/us-east4-a/instances/inst-9481",NULL,"Bucket","Storage","Cloud Storage","Google","BFK09DSQ00X6UIR5","Cloud Storage GiB",NULL,"0A0B1Q2JQVLX3N29.3Q4598QA","proj-helios-prod","helios-prod","BillingAccount","{""team"": ""payments""}",NULL,"asia-southeast1-c","Usage-Based","Object Storage",1.7327,391.347622,2.7074,NULL,NULL
"AllocatedMethodId-5424","AllocatedResourceId-2363","AllocatedResourceName-7535","{}",318.97950876,"01ABCD-2345EF-6789GH","Helios Labs","BillingAccount","USD","2024-10-01T00:00:00Z","2024-09-01T00:00:00Z",NULL,NULL,"Usage",NULL,"BigQuery Dataset in Northern Virginia","2024-09-03T07:00:00Z","2024-09-03T06:00:00Z","Spend","cd-421194","commit-1194",NULL,"Used","Savings Plan",NULL,256.9800000000,"GiB",NULL,483.30228600000004,1.8807,318.97950876,"Google","INV-202409-98113","Google",779.523132,3.0334,"Committed","USD",256.98,"GiB","Google","Google","us-east4","Northern Virginia","//compute.googleapis.com/projects/Helios Labs/zones/us-east4-a/instances/inst-1160",NULL,"Dataset","Analytics","BigQuery","Google","EYQH2BAVM5E71CVY","BigQuery GiB",NULL,"Z86AMEZYT4XEJ37M.HLQI9XPX","proj-helios-dev","helios-dev","BillingAccount","{""cost_center"": ""CC-1001""}",NULL,NULL,"Usage-Based","Data Warehouses",1.8807,318.97950876,3.0334,NULL,NULL
"AllocatedMethodId-4762","AllocatedResourceId-3877","AllocatedResourceName-1536","{}",2.6115,"123456789012","SunBird","BillingAccount","USD","2024-10-01T00:00:00Z","2024-09-01T00:00:00Z",NULL,NULL,"Purchase",NULL,"Amazon Elastic Compute Cloud Virtual Machine in US East (N. Virginia)","2024-09-24T18:00:00Z","2024-09-24T17:00:00Z",NULL,NULL,NULL,NULL,NULL,NULL,NULL,NULL,NULL,NULL,2.6115,0.0100,0,"AWS","INV-202409-31426","AWS",3.6299849999999996,0.0139,"Standard","USD",261.15,"Hours","AWS","AWS","us-east-1","US East (N. Virginia)","arn:aws:ec2:us-east-1:123456789012:instance/i-00bdc01a740d",NULL,"Virtual Machine","Compute","Amazon Elastic Compute Cloud","AWS","GD4SDSOO19X2Y2JS","Amazon Elastic Compute Cloud Hours",NULL,"0FDUEFCAD4DG59XB.LAXDJWS4","663626350770","Zenith Apollo","BillingAccount","{""team"": ""growth"", ""owner"": ""g.hopper"", ""application"": ""BrightLensMatrix""}",NULL,NULL,"Recurring","Virtual Machines",0.0100,0,0.0139,NULL,NULL
"AllocatedMethodId-2291","AllocatedResourceId-5506","AllocatedResourceName-5470","{}",481.74983178,"123456789012","SunBird","BillingAccount","USD","2024-10-01T00:00:00Z","2024-09-01T00:00:00Z",NULL,NULL,"Usage",NULL,"Amazon Elastic Compute Cloud Virtual Machine in US West (Oregon)","2024-09-21T02:00:00Z","2024-09-21T01:00:00Z","Spend","cd-449975","commit-9975",NULL,"Unused","Committed Use Discount",NULL,NULL,NULL,NULL,560.174223,2.3667,481.74983178,"AWS","INV-202409-76733","AWS",767.372649,3.2421,"Committed","USD",236.69,"Hours","AWS","AWS","us-west-2","US West (Oregon)","arn:aws:ec2:us-west-2:123456789012:instance/i-00bdf3b726d7",NULL,"Virtual Machine","Compute","Amazon Elastic Compute Cloud","AWS","KDSFZSHWN2SCXFMP","Amazon Elastic Compute Cloud Hours",NULL,"3O21Z2Y8HYA7UV5F.3TCX7TZ7","663626350770","Zenith Apollo","BillingAccount","{""team"": ""payments"", ""business_unit"": ""OsloData"", ""cost_center"": ""CC-1001""}",NULL,"eu-west-1c","Usage-Based","Virtual Machines",2.3667,481.74983178,3.2421,NULL,NULL
"AllocatedMethodId-6437","AllocatedResourceId-5857","AllocatedResourceName-9956","{}",720.34750308,"123456789012","SunBird","BillingAccount","USD","2024-10-01T00:00:00Z","2024-09-01T00:00:00Z",NULL,NULL,"Usage",NULL,"Elastic Load Balancing Load Balancer in US East (N. Virginia)","2024-09-15T10:00:00Z","2024-09-15T09:00:00Z","Usage","cd-747183","commit-7183",NULL,"Used","Reserved Instance",NULL,367.2400000000,"LCU-Hours",NULL,1014.5739480000001,2.7627,720.34750308,"AWS","INV-202409-53902","AWS",1237.305008,3.3692,"Standard","USD",367.24,"LCU-Hours","AWS","AWS","us-east-1","US East (N. Virginia)","arn:aws:ec2:us-east-1:123456789012:instance/i-00af050b2e72",NULL,"Load Balancer","Networking","Elastic Load Balancing","AWS","GGHFD7XE8Q0169UO","Elastic Load Balancing LCU-Hours",NULL,"KEPW0H6ND3MR8ACJ.J0QJW5IA","517389287820","Atlas Nimbus","BillingAccount","{""business_unit"": ""MarseilleSRE""}",NULL,NULL,"Usage-Based","Application Networking",2.7627,720.34750308,3.3692,NULL,NULL
"AllocatedMethodId-5061","AllocatedResourceId-8465","AllocatedResourceName-2698","{}",1210.00457907,"8a93b2c1-1234-4abc-9def-0123456789ab","Contoso Cloud","BillingProfile","USD","2024-10-01T00:00:00Z","2024-09-01T00:00:00Z",NULL,NULL,"Tax",NULL,"Tax charge in UK South","2024-09-05T09:00:00Z","2024-09-05T08:00:00Z",NULL,NULL,NULL,NULL,NULL,NULL,NULL,NULL,NULL,NULL,48.1778970000,NULL,1210.00457907,"Microsoft","INV-202409-32872","Microsoft",54.7643330000,NULL,NULL,"USD",NULL,NULL,"Microsoft","Microsoft",NULL,NULL,NULL,NULL,NULL,"Other","Tax","Microsoft",NULL,NULL,NULL,NULL,"sub-4d3e","Sandbox","BillingProfile","{""business_unit"": ""LisbonOps"", ""team"": ""platform"", ""owner"": ""k.johnson""}",NULL,NULL,"One-Time","Other (Security)",NULL,1210.00457907,NULL,NULL,NULL
"AllocatedMethodId-5826","AllocatedResourceId-8840","AllocatedResourceName-4971","{}",107.05057518,"01ABCD-2345EF-6789GH","Helios Labs","BillingAccount","USD","2024-10-01T00:00:00Z","2024-09-01T00:00:00Z",NULL,NULL,"Usage",NULL,"Cloud Load Balancing Forwarding Rule in Northern Virginia","2024-09-04T11:00:00Z","2024-09-04T10:00:00Z",NULL,NULL,NULL,NULL,NULL,NULL,NULL,91.5900000000,"Hours",NULL,150.77545800000001,1.6462,107.05057518,"Google","INV-202409-47531","Google",153.852882,1.6798,"Dynamic","USD",91.59,"Hours","Google","Google","us-east4","Northern Virginia","//compute.googleapis.com/projects/Helios Labs/zones/us-east4-a/instances/inst-5368",NULL,"Forwarding Rule","Networking","Cloud Load Balancing","Google","6738734VSRV6Q2SE","Cloud Load Balancing Hours",NULL,"PRAHIN0AV1L3VENQ.YP7BHJR7","proj-helios-prod","helios-prod","BillingAccount","{""team"": ""infra""}",NULL,NULL,"Usage-Based","Application Networking",1.6462,107.05057518,1.6798,NULL,NULL
"AllocatedMethodId-9366","AllocatedResourceId-6428","AllocatedResourceName-9414","{}",26.9555033,"ocid1.tenancy.oc1..aaaa1234","Meridian OCI","Tenancy","USD","2024-10-01T00:00:00Z","2024-09-01T00:00:00Z",NULL,NULL,"Usage",NULL,"Oracle Autonomous Database Database in UK South (London)","2024-09-04T00:00:00Z","2024-09-03T23:00:00Z","Usage","cd-950804","commit-0804",NULL,"Unused","Reserved Instance",NULL,NULL,NULL,NULL,28.374214000000002,0.4169,26.9555033,"Oracle","INV-202409-91603","Oracle",45.035302,0.6617,"Dynamic","USD",68.06,"Hours","Oracle","Oracle","uk-london-1","UK South (London)","ocid1.instance.oc1.uk-london-1.00cb6a15126e",NULL,"Database","Databases","Oracle Autonomous Database","Oracle","I2TPPDN2L5E80KST","Oracle Autonomous Database Hours",NULL,"3W0MEGIEN8A58L95.8DZ0EUTW","ocid1.compartment.oc1..prod","production","Tenancy","{""cost_center"": ""CC-2042"", ""application"": ""BrightSourceCore""}",NULL,"us-ashburn-1-AD-1","Usage-Based","Relational Databases",0.4169,26.9555033,0.6617,NULL,NULL
"AllocatedMethodId-8873","AllocatedResourceId-9931","AllocatedResourceName-7376","{}",162.45738,"ocid1.tenancy.oc1..aaaa1234","Meridian OCI","Tenancy","USD","2024-10-01T00:00:00Z","2024-09-01T00:00:00Z",NULL,NULL,"Usage",NULL,"Oracle Functions Function in US East (Ashburn)","2024-09-19T12:00:00Z","2024-09-19T11:00:00Z",NULL,NULL,NULL,NULL,NULL,NULL,NULL,39.9600000000,"Invocations",NULL,172.827,4.3250,162.45738,"Oracle","INV-202409-68001","Oracle",185.83398,4.6505,"Standard","USD",39.96,"Invocations","Oracle","Oracle","us-ashburn-1","US East (Ashburn)","ocid1.instance.oc1.us-ashburn-1.00c132abd6fd",NULL,"Function","Compute","Oracle Functions","Oracle","78Y1CURY7TL86K8S","Oracle Functions Invocations",NULL,"2CVJCPFOK893FKNK.BN1Y71SI","ocid1.compartment.oc1..dev","development","Tenancy",NULL,NULL,"us-ashburn-1-AD-1","Usage-Based","Serverless Compute",4.3250,162.45738,4.6505,NULL,NULL
"AllocatedMethodId-9539","AllocatedResourceId-4652","AllocatedResourceName-8370","{}",14.8731198,"8a93b2c1-1234-4abc-9def-0123456789ab","Contoso Cloud","BillingProfile","USD","2024-10-01T00:00:00Z","2024-09-01T00:00:00Z",NULL,NULL,"Usage",NULL,"Azure Kubernetes Service Cluster in Southeast Asia","2024-09-21T03:00:00Z","2024-09-21T02:00:00Z",NULL,NULL,NULL,NULL,NULL,NULL,NULL,189.3700000000,"Hours",NULL,24.788532999999997,0.1309,14.8731198,"Microsoft","INV-202409-63810","Microsoft",27.534398,0.1454,"Other","USD",189.37,"Hours","Microsoft","Microsoft","southeastasia","Southeast Asia","/subscriptions/8a93b2c1-1234-4abc-9def-0123456789ab/resourceGroups/rg-751/providers/Microsoft.Compute/virtualMachines/vm-749",NULL,"Cluster","Compute","Azure Kubernetes Service","Microsoft","WX4PV1LMI25CDQVN","Azure Kubernetes Service Hours",NULL,"V7W4NDI3OIK9W2BT.KQCJVVVS","sub-9a1f","Production","BillingProfile","{""environment"": ""prod"", ""business_unit"": ""ViennaAI"", ""team"": ""infra""}",NULL,"uksouth-1","Usage-Based","Containers",0.1309,14.8731198,0.1454,NULL,NULL
"AllocatedMethodId-9382","AllocatedResourceId-1474","AllocatedResourceName-2922","{}",915.27939912,"ocid1.tenancy.oc1..aaaa1234","Meridian OCI","Tenancy","USD","2024-10-01T00:00:00Z","2024-09-01T00:00:00Z",NULL,NULL,"Usage",NULL,"Oracle Compute Instance in UK South (London)","2024-09-05T11:00:00Z","2024-09-05T10:00:00Z","Usage","cd-768605","commit-8605",NULL,"Unused","Savings Plan",NULL,NULL,NULL,NULL,1102.746264,4.1037,915.27939912,"Oracle","INV-202409-85487","Oracle",1282.251224,4.7717,"Committed","USD",268.72,"Hours","Oracle","Oracle","uk-london-1","UK South (London)","ocid1.instance.oc1.uk-london-1.009a8fc52369",NULL,"Instance","Compute","Oracle Compute","Oracle","Q15ONLLEKS8VW832","Oracle Compute Hours",NULL,"BA1KPQURK0RC50B9.UNDFIDOP","ocid1.compartment.oc1..prod","production","Tenancy","{""business_unit"": ""ViennaAI"", ""team"": ""growth""}",NULL,NULL,"Usage-Based","Virtual Machines",4.1037,915.27939912,4.7717,NULL,NULL
"AllocatedMethodId-5689","AllocatedResourceId-2217","AllocatedResourceName-4674","{}",460.11843936,"8a93b2c1-1234-4abc-9def-0123456789ab","Contoso Cloud","BillingProfile","USD","2024-10-01T00:00:00Z","2024-09-01T00:00:00Z",NULL,NULL,"Usage",NULL,"Azure Load Balancer Load Balancer in UK South","2024-09-17T01:00:00Z","2024-09-17T00:00:00Z",NULL,NULL,NULL,NULL,NULL,NULL,NULL,177.9300000000,"Hours",NULL,479.29004100000003,2.6937,460.11843936,"Microsoft","INV-202409-57782","Microsoft",489.076191,2.7487,"Standard","USD",177.93,"Hours","Microsoft","Microsoft","uksouth","UK South","/subscriptions/8a93b2c1-1234-4abc-9def-0123456789ab/resourceGroups/rg-865/providers/Microsoft.Compute/virtualMachines/vm-8859",NULL,"Load Balancer","Networking","Azure Load Balancer","Microsoft","NN3RMUZ3BI25K63E","Azure Load Balancer Hours",NULL,"UYX1X3SW5VVXXBVU.PYIF2HT6","sub-9a1f","Production","BillingProfile","{""cost_center"": ""CC-3090""}",NULL,"eastus-1","Usage-Based","Application Networking",2.6937,460.11843936,2.7487,NULL,NULL
"AllocatedMethodId-3884","AllocatedResourceId-2450","AllocatedResourceName-1635","{}",1250.1812432,"01ABCD-2345EF-6789GH","Helios Labs","BillingAccount","USD","2024-10-01T00:00:00Z","2024-09-01T00:00:00Z",NULL,NULL,"Usage",NULL,"Cloud Storage Bucket in Singapore","2024-09-29T07:00:00Z","2024-09-29T06:00:00Z",NULL,NULL,NULL,NULL,NULL,NULL,NULL,471.2000000000,"GiB",NULL,1453.69912,3.0851,1250.1812432,"Google","INV-202409-21829","Google",2106.78232,4.4711,"Standard","USD",471.20,"GiB","Google","Google","asia-southeast1","Singapore","//compute.googleapis.com/projects/Helios Labs/zones/asia-southeast1-a/instances/inst-3526",NULL,"Bucket","Storage","Cloud Storage","Google","LFTX5SSUJDNCI4YQ","Cloud Storage GiB",NULL,"3MB69JTDMXPLFKSS.ALM1OSBQ","proj-helios-prod","helios-prod","BillingAccount","{""team"": ""growth""}",NULL,"us-central1-a","Usage-Based","Object Storage",3.0851,1250.1812432,4.4711,NULL,NULL
"AllocatedMethodId-9612","AllocatedResourceId-1831","AllocatedResourceName-9929","{}",2.04794544,"01ABCD-2345EF-6789GH","Helios Labs","BillingAccount","USD","2024-10-01T00:00:00Z","2024-09-01T00:00:00Z",NULL,NULL,"Usage",NULL,"Cloud Load Balancing Forwarding Rule in Belgium","2024-09-21T10:00:00Z","2024-09-21T09:00:00Z","Spend","cd-365164","commit-5164",NULL,"Used","Reserved Instance",NULL,30.5700000000,"Hours",NULL,2.592336,0.0848,2.04794544,"Google","INV-202409-91011","Google",4.1147219999999995,0.1346,"Committed","USD",30.57,"Hours","Google","Google","europe-west1","Belgium","//compute.googleapis.com/projects/Helios Labs/zones/europe-west1-a/instances/inst-2413",NULL,"Forwarding Rule","Networking","Cloud Load Balancing","Google","HNTOQ6X4EMN1L318","Cloud Load Balancing Hours",NULL,"0FL5PSIHHJBKFN6F.OCFST9CK","proj-helios-dev","helios-dev","BillingAccount","{""business_unit"": ""ViennaAI"", ""team"": ""platform""}",NULL,NULL,"Usage-Based","Application Networking",0.0848,2.04794544,0.1346,NULL,NULL
"AllocatedMethodId-6651","AllocatedResourceId-1950","AllocatedResourceName-9125","{}",309.23182512,"123456789012","SunBird","BillingAccount","USD","2024-10-01T00:00:00Z","2024-09-01T00:00:00Z",NULL,NULL,"Usage",NULL,"Elastic Load Balancing Load Balancer in Asia Pacific (Sydney)","2024-09-18T15:00:00Z","2024-09-18T14:00:00Z",NULL,NULL,NULL,NULL,NULL,NULL,NULL,94.1400000000,"LCU-Hours",NULL,372.568464,3.9576,309.23182512,"AWS","INV-202409-61228","AWS",388.09214999999995,4.1225,"Standard","USD",94.14,"LCU-Hours","AWS","AWS","ap-southeast-2","Asia Pacific (Sydney)","arn:aws:ec2:ap-southeast-2:123456789012:instance/i-00a73f4e6591",NULL,"Load Balancer","Networking","Elastic Load Balancing","AWS","NG2JO1Z5DTE4FAN9","Elastic Load Balancing LCU-Hours",NULL,"FH64SCUBHPNKBPRQ.X1B5EQ74","663626350770","Zenith Apollo","BillingAccount","{""owner"": ""g.hopper""}",NULL,"ap-southeast-2a","Usage-Based","Application Networking",3.9576,309.23182512,4.1225,NULL,NULL
"AllocatedMethodId-4208","AllocatedResourceId-9150","AllocatedResourceName-9254","{}",21.8869182,"ocid1.tenancy.oc1..aaaa1234","Meridian OCI","Tenancy","USD","2024-10-01T00:00:00Z","2024-09-01T00:00:00Z",NULL,NULL,"Tax",NULL,"Tax charge in Australia East (Sydney)","2024-09-16T07:00:00Z","2024-09-16T06:00:00Z",NULL,NULL,NULL,NULL,NULL,NULL,NULL,NULL,NULL,NULL,72.8089300000,NULL,21.8869182,"Oracle","INV-202409-13420","Oracle",9.2822010000,NULL,NULL,"USD",NULL,NULL,"Oracle","Oracle",NULL,NULL,NULL,NULL,NULL,"Other","Tax","Oracle",NULL,NULL,NULL,NULL,"ocid1.compartment.oc1..prod","production","Tenancy",NULL,NULL,NULL,"One-Time","Other (Security)",NULL,21.8869182,NULL,NULL,NULL
"AllocatedMethodId-1085","AllocatedResourceId-9075","AllocatedResourceName-4055","{}",544.62559424,"123456789012","SunBird","BillingAccount","USD","2024-10-01T00:00:00Z","2024-09-01T00:00:00Z",NULL,NULL,"Adjustment",NULL,"Amazon Relational Database Service Database Instance in Asia Pacific (Sydney)","2024-09-09T01:00:00Z","2024-09-09T00:00:00Z","Spend","cd-584082","commit-4082",NULL,"Unused","Reserved Instance",NULL,NULL,NULL,NULL,716.6126240000001,3.7804,544.62559424,"AWS","INV-202409-88614","AWS",731.2277,3.8575,"Committed","USD",189.56,"Hours","AWS","AWS","ap-southeast-2","Asia Pacific (Sydney)",NULL,NULL,NULL,"Databases","Amazon Relational Database Service","AWS","PIPN3DB5GU7AB5ER","Amazon Relational Database Service Hours",NULL,"D90MPLNTNBZV85SS.879MKP3V","517389287820","Atlas Nimbus","BillingAccount","{""team"": ""infra"", ""cost_center"": ""CC-2042""}",NULL,NULL,"One-Time","Relational Databases",3.7804,544.62559424,3.8575,NULL,NULL
"AllocatedMethodId-6655","AllocatedResourceId-3763","AllocatedResourceName-8246","{}",1509.870208,"8a93b2c1-1234-4abc-9def-0123456789ab","Contoso Cloud","BillingProfile","USD","2024-10-01T00:00:00Z","2024-09-01T00:00:00Z",NULL,NULL,"Usage",NULL,"Azure Functions Function App in Southeast Asia","2024-09-30T14:00:00Z","2024-09-30T13:00:00Z","Spend","cd-218037","commit-8037",NULL,"Used","Committed Use Discount",NULL,472.7800000000,"Executions",NULL,1509.8702079999998,3.1936,1509.870208,"Microsoft","INV-202409-53636","Microsoft",1755.6685299999997,3.7135,"Committed","USD",472.78,"Executions","Microsoft","Microsoft","southeastasia","Southeast Asia","/subscriptions/8a93b2c1-1234-4abc-9def-0123456789ab/resourceGroups/rg-928/providers/Microsoft.Compute/virtualMachines/vm-6784",NULL,"Function App","Compute","Azure Functions","Microsoft","589N95MZMJP8BCQP","Azure Functions Executions",NULL,"0Q2X7T00R714RGZO.5FICZOG3","sub-4d3e","Sandbox","BillingProfile","{""application"": ""AtlasPortal"", ""environment"": ""dev""}",NULL,NULL,"Usage-Based","Serverless Compute",3.1936,1509.870208,3.7135,NULL,NULL
"AllocatedMethodId-7777","AllocatedResourceId-3255","AllocatedResourceName-3493","{}",68.6977116,"ocid1.tenancy.oc1..aaaa1234","Meridian OCI","Tenancy","USD","2024-10-01T00:00:00Z","2024-09-01T00:00:00Z",NULL,NULL,"Usage",NULL,"Oracle Functions Function in US East (Ashburn)","2024-09-12T03:00:00Z","2024-09-12T02:00:00Z","Spend","cd-560757","commit-0757",NULL,"Used","Committed Use Discount",NULL,256.4400000000,"Invocations",NULL,98.13958799999999,0.3827,68.6977116,"Oracle","INV-202409-88770","Oracle",142.221624,0.5546,"Standard","USD",256.44,"Invocations","Oracle","Oracle","us-ashburn-1","US East (Ashburn)","ocid1.instance.oc1.us-ashburn-1.002aa87a5254",NULL,"Function","Compute","Oracle Functions","Oracle","F7KZBVVVRYWQLZ6P","Oracle Functions Invocations",NULL,"Y6QO52FRBMSRURVW.01BAOAFF","ocid1.compartment.oc1..prod","production","Tenancy","{""environment"": ""prod"", ""team"": ""infra"", ""application"": ""NimbusAPI""}",NULL,"uk-london-1-AD-2","Usage-Based","Serverless Compute",0.3827,68.6977116,0.5546,NULL,NULL
"AllocatedMethodId-7343","AllocatedResourceId-8008","AllocatedResourceName-6395","{}",20.33099838,"ocid1.tenancy.oc1..aaaa1234","Meridian OCI","Tenancy","USD","2024-10-01T00:00:00Z","2024-09-01T00:00:00Z",NULL,NULL,"Usage",NULL,"Oracle Object Storage Bucket in US East (Ashburn)","2024-09-26T02:00:00Z","2024-09-26T01:00:00Z",NULL,NULL,NULL,NULL,NULL,NULL,NULL,62.8600000000,"GB",NULL,20.536362,0.3267,20.33099838,"Oracle","INV-202409-90354","Oracle",31.1157,0.4950,"Other","USD",62.86,"GB","Oracle","Oracle","us-ashburn-1","US East (Ashburn)","ocid1.instance.oc1.us-ashburn-1.00e0f0f178a7",NULL,"Bucket","Storage","Oracle Object Storage","Oracle","DU2BMQBF0XC8HEM0","Oracle Object Storage GB",NULL,"QBPR7Q9RM43CA0L5.VVHTLWQS","ocid1.compartment.oc1..dev","development","Tenancy","{""team"": ""payments""}",NULL,NULL,"Usage-Based","Object Storage",0.3267,20.33099838,0.4950,NULL,NULL
"AllocatedMethodId-8320","AllocatedResourceId-4353","AllocatedResourceName-5438","{}",88.53536736,"01ABCD-2345EF-6789GH","Helios Labs","BillingAccount","USD","2024-10-01T00:00:00Z","2024-09-01T00:00:00Z",NULL,NULL,"Tax",NULL,"Tax charge in Iowa","2024-09-30T17:00:00Z","2024-09-30T16:00:00Z",NULL,NULL,NULL,NULL,NULL,NULL,NULL,NULL,NULL,NULL,30.6032970000,NULL,88.53536736,"Google","INV-202409-18760","Google",57.9958290000,NULL,NULL,"USD",NULL,NULL,"Google","Google",NULL,NULL,NULL,NULL,NULL,"Other","Tax","Google",NULL,NULL,NULL,NULL,"proj-helios-dev","helios-dev","BillingAccount",NULL,NULL,NULL,"One-Time","Other (Security)",NULL,88.53536736,NULL,NULL,NULL
"AllocatedMethodId-2570","AllocatedResourceId-2356","AllocatedResourceName-6597","{}",505.5220632,"01ABCD-2345EF-6789GH","Helios Labs","BillingAccount","USD","2024-10-01T00:00:00Z","2024-09-01T00:00:00Z",NULL,NULL,"Usage",NULL,"Cloud Load Balancing Forwarding Rule in Singapore","2024-09-11T00:00:00Z","2024-09-10T23:00:00Z",NULL,NULL,NULL,NULL,NULL,NULL,NULL,355.8000000000,"Hours",NULL,656.52216,1.8452,505.5220632,"Google","INV-202409-71912","Google",979.9087800000001,2.7541,"Dynamic","USD",355.80,"Hours","Google","Google","asia-southeast1","Singapore","//compute.googleapis.com/projects/Helios Labs/zones/asia-southeast1-a/instances/inst-834",NULL,"Forwarding Rule","Networking","Cloud Load Balancing","Google","GISV2ZEPCRT9SFSL","Cloud Load Balancing Hours",NULL,"PUWJ8MN4K84WZ59H.NDI0UYR3","proj-helios-prod","helios-prod","BillingAccount","{""owner"": ""a.lovelace"", ""application"": ""BrightLensMatrix""}",NULL,"us-central1-a","Usage-Based","Application Networking",1.8452,505.5220632,2.7541,NULL,NULL
"AllocatedMethodId-3677","AllocatedResourceId-3719","AllocatedResourceName-7654","{}",335.1959936,"8a93b2c1-1234-4abc-9def-0123456789ab","Contoso Cloud","BillingProfile","USD","2024-10-01T00:00:00Z","2024-09-01T00:00:00Z",NULL,NULL,"Usage",NULL,"Azure Load Balancer Load Balancer in East US","2024-09-21T00:00:00Z","2024-09-20T23:00:00Z","Spend","cd-611328","commit-1328",NULL,"Unused","Reserved Instance",NULL,NULL,NULL,NULL,345.56287999999995,0.8744,335.1959936,"Microsoft","INV-202409-82168","Microsoft",548.5376,1.3880,"Committed","USD",395.20,"Hours","Microsoft","Microsoft","eastus","East US","/subscriptions/8a93b2c1-1234-4abc-9def-0123456789ab/resourceGroups/rg-839/providers/Microsoft.Compute/virtualMachines/vm-7651",NULL,"Load Balancer","Networking","Azure Load Balancer","Microsoft","YFG6PD3XTLT5N78V","Azure Load Balancer Hours",NULL,"LP54S953AD499HJV.PLVGKF9B","sub-4d3e","Sandbox","BillingProfile",NULL,NULL,"westeurope-2","Usage-Based","Application Networking",0.8744,335.1959936,1.3880,NULL,NULL
"AllocatedMethodId-7714","AllocatedResourceId-6695","AllocatedResourceName-1971","{}",215.22600864,"ocid1.tenancy.oc1..aaaa1234","Meridian OCI","Tenancy","USD","2024-10-01T00:00:00Z","2024-09-01T00:00:00Z",NULL,NULL,"Usage",NULL,"Oracle Load Balancer Load Balancer in Australia East (Sydney)","2024-09-27T06:00:00Z","2024-09-27T05:00:00Z",NULL,NULL,NULL,NULL,NULL,NULL,NULL,364.0100000000,"Hours",NULL,224.193759,0.6159,215.22600864,"Oracle","INV-202409-90699","Oracle",270.131821,0.7421,"Dynamic","USD",364.01,"Hours","Oracle","Oracle","ap-sydney-1","Australia East (Sydney)","ocid1.instance.oc1.ap-sydney-1.0027be107478",NULL,"Load Balancer","Networking","Oracle Load Balancer","Oracle","0TZ7IGAAM4AB2CP5","Oracle Load Balancer Hours",NULL,"7D7601OKC5C6PR6R.J15T820L","ocid1.compartment.oc1..prod","production","Tenancy","{""cost_center"": ""CC-3090""}",NULL,NULL,"Usage-Based","Application Networking",0.6159,215.22600864,0.7421,NULL,NULL
"AllocatedMethodId-7548","AllocatedResourceId-8841","AllocatedResourceName-7030","{}",197.12646144,"ocid1.tenancy.oc1..aaaa1234","Meridian OCI","Tenancy","USD","2024-10-01T00:00:00Z","2024-09-01T00:00:00Z",NULL,NULL,"Usage",NULL,"Oracle Autonomous Database Database in Australia East (Sydney)","2024-09-15T13:00:00Z","2024-09-15T12:00:00Z",NULL,NULL,NULL,NULL,NULL,NULL,NULL,213.5400000000,"Hours",NULL,308.010096,1.4424,197.12646144,"Oracle","INV-202409-70946","Oracle",421.93368599999997,1.9759,"Standard","USD",213.54,"Hours","Oracle","Oracle","ap-sydney-1","Australia East (Sydney)","ocid1.instance.oc1.ap-sydney-1.0091c80ed3d8",NULL,"Database","Databases","Oracle Autonomous Database","Oracle","WACMTVIJDL1LZODN","Oracle Autonomous Database Hours",NULL,"IYQWKX2OPAC3QCYO.VF16VJJR","ocid1.compartment.oc1..dev","development","Tenancy",NULL,NULL,"uk-london-1-AD-2","Usage-Based","Relational Databases",1.4424,197.12646144,1.9759,NULL,NULL
"AllocatedMethodId-4449","AllocatedResourceId-9738","AllocatedResourceName-5602","{}",1274.06704344,"123456789012","SunBird","BillingAccount","USD","2024-10-01T00:00:00Z","2024-09-01T00:00:00Z",NULL,NULL,"Usage",NULL,"Amazon Simple Storage Service Bucket in Europe (Ireland)","2024-09-24T20:00:00Z","2024-09-24T19:00:00Z",NULL,NULL,NULL,NULL,NULL,NULL,NULL,287.3800000000,"GB",NULL,1384.855482,4.8189,1274.06704344,"AWS","INV-202409-77454","AWS",1413.104936,4.9172,"Other","USD",287.38,"GB","AWS","AWS","eu-west-1","Europe (Ireland)","arn:aws:ec2:eu-west-1:123456789012:instance/i-004e837c1c4d",NULL,"Bucket","Storage","Amazon Simple Storage Service","AWS","QIJ8WZK7O3IO5LLV","Amazon Simple Storage Service GB",NULL,"NGCOO4DA8TJNQCN2.ARMMOMH8","663626350770","Zenith Apollo","BillingAccount","{""owner"": ""g.hopper"", ""team"": ""payments""}",NULL,"ap-southeast-2a","Usage-Based","Object Storage",4.8189,1274.06704344,4.9172,NULL,NULL
"AllocatedMethodId-2549","AllocatedResourceId-9352","AllocatedResourceName-7129","{}",16.055361,"01ABCD-2345EF-6789GH","Helios Labs","BillingAccount","USD","2024-10-01T00:00:00Z","2024-09-01T00:00:00Z",NULL,NULL,"Purchase",NULL,"BigQuery Dataset in Iowa","2024-09-16T09:00:00Z","2024-09-16T08:00:00Z","Usage","cd-721220","commit-1220",NULL,"Used","Committed Use Discount",NULL,NULL,NULL,NULL,16.055361,0.0513,0,"Google","INV-202409-31624","Google",19.811001,0.0633,"Committed","USD",312.97,"GiB","Google","Google","us-central1","Iowa","//compute.googleapis.com/projects/Helios Labs/zones/us-central1-a/instances/inst-9279",NULL,"Dataset","Analytics","BigQuery","Google","WTTJGX58O3K1SBUN","BigQuery GiB",NULL,"J2M177XNQI79NCO3.37NNFXBP","proj-helios-prod","helios-prod","BillingAccount","{""cost_center"": ""CC-3090"", ""team"": ""platform""}",NULL,NULL,"Recurring","Data Warehouses",0.0513,0,0.0633,NULL,NULL
"AllocatedMethodId-7029","AllocatedResourceId-4250","AllocatedResourceName-2220","{}",272.60808,"ocid1.tenancy.oc1..aaaa1234","Meridian OCI","Tenancy","USD","2024-10-01T00:00:00Z","2024-09-01T00:00:00Z",NULL,NULL,"Purchase",NULL,"Oracle Autonomous Database Database in UK South (London)","2024-09-30T02:00:00Z","2024-09-30T01:00:00Z",NULL,NULL,NULL,NULL,NULL,NULL,NULL,NULL,NULL,NULL,272.60808,1.6440,0,"Oracle","INV-202409-67079","Oracle",328.43967399999997,1.9807,"Standard","USD",165.82,"Hours","Oracle","Oracle","uk-london-1","UK South (London)","ocid1.instance.oc1.uk-london-1.002ec10c691e",NULL,"Database","Databases","Oracle Autonomous Database","Oracle","T81PJ9WFAO7VLTJ4","Oracle Autonomous Database Hours",NULL,"YKJGUWZP2SN0OQVS.AM9WUS0X","ocid1.compartment.oc1..prod","production","Tenancy","{""application"": ""BrightSourceCore"", ""team"": ""growth"", ""cost_center"": ""CC-2042""}",NULL,NULL,"Recurring","Relational Databases",1.6440,0,1.9807,NULL,NULL
"AllocatedMethodId-1380","AllocatedResourceId-4241","AllocatedResourceName-9120","{}",28.96900692,"ocid1.tenancy.oc1..aaaa1234","Meridian OCI","Tenancy","USD","2024-10-01T00:00:00Z","2024-09-01T00:00:00Z",NULL,NULL,"Usage",NULL,"Oracle Compute Instance in Australia East (Sydney)","2024-09-10T07:00:00Z","2024-09-10T06:00:00Z",NULL,NULL,NULL,NULL,NULL,NULL,NULL,426.0900000000,"Hours",NULL,31.488050999999995,0.0739,28.96900692,"Oracle","INV-202409-90787","Oracle",33.490674,0.0786,"Other","USD",426.09,"Hours","Oracle","Oracle","ap-sydney-1","Australia East (Sydney)","ocid1.instance.oc1.ap-sydney-1.00cf7cea6e2c",NULL,"Instance","Compute","Oracle Compute","Oracle","LKNS62RNE1ZAGHCA","Oracle Compute Hours",NULL,"T971ZB2NJ0TT29M4.6WXRF41D","ocid1.compartment.oc1..dev","development","Tenancy","{""team"": ""growth"", ""environment"": ""qa"", ""cost_center"": ""CC-3090""}",NULL,NULL,"Usage-Based","Virtual Machines",0.0739,28.96900692,0.0786,NULL,NULL
"AllocatedMethodId-9380","AllocatedResourceId-7388","AllocatedResourceName-5594","{}",53.703135,"123456789012","SunBird","BillingAccount","USD","2024-10-01T00:00:00Z","2024-09-01T00:00:00Z",NULL,NULL,"Purchase",NULL,"Amazon Simple Queue Service Queue in Europe (Ireland)","2024-09-29T01:00:00Z","2024-09-29T00:00:00Z","Usage","cd-850541","commit-0541",NULL,"Unused","Savings Plan",NULL,NULL,NULL,NULL,53.703135,0.9995,0,"AWS","INV-202409-15908","AWS",76.72106699999999,1.4279,"Committed","USD",53.73,"Requests","AWS","AWS","eu-west-1","Europe (Ireland)","arn:aws:ec2:eu-west-1:123456789012:instance/i-00a40d19fe5a",NULL,"Queue","Integration","Amazon Simple Queue Service","AWS","DUI6BVY1WF9M28T2","Amazon Simple Queue Service Requests",NULL,"2F786P2RPQWCZ6UN.6CZKUDJP","663626350770","Zenith Apollo","BillingAccount","{""business_unit"": ""MarseilleSRE"", ""team"": ""payments""}",NULL,NULL,"Recurring","Messaging",0.9995,0,1.4279,NULL,NULL
"AllocatedMethodId-4550","AllocatedResourceId-7108","AllocatedResourceName-3146","{}",241.03614681,"ocid1.tenancy.oc1..aaaa1234","Meridian OCI","Tenancy","USD","2024-10-01T00:00:00Z","2024-09-01T00:00:00Z",NULL,NULL,"Usage",NULL,"Oracle Load Balancer Load Balancer in Australia East (Sydney)","2024-09-12T08:00:00Z","2024-09-12T07:00:00Z","Spend","cd-960092","commit-0092",NULL,"Unused","Committed Use Discount",NULL,NULL,NULL,NULL,359.75544299999996,2.0079,241.03614681,"Oracle","INV-202409-38161","Oracle",473.36713999999995,2.6420,"Standard","USD",179.17,"Hours","Oracle","Oracle","ap-sydney-1","Australia East (Sydney)","ocid1.instance.oc1.ap-sydney-1.006b7e1dbdcc",NULL,"Load Balancer","Networking","Oracle Load Balancer","Oracle","T0SY1ATDN4ZQ2R31","Oracle Load Balancer Hours",NULL,"HF1FLLHVCPZUW906.ECCTHU7O","ocid1.compartment.oc1..prod","production","Tenancy","{""cost_center"": ""CC-2042""}",NULL,"us-ashburn-1-AD-1","Usage-Based","Application Networking",2.0079,241.03614681,2.6420,NULL,NULL
"AllocatedMethodId-1282","AllocatedResourceId-9034","AllocatedResourceName-2661","{}",0.50459638,"ocid1.tenancy.oc1..aaaa1234","Meridian OCI","Tenancy","USD","2024-10-01T00:00:00Z","2024-09-01T00:00:00Z",NULL,NULL,"Usage",NULL,"Oracle Functions Function in US East (Ashburn)","2024-09-10T13:00:00Z","2024-09-10T12:00:00Z",NULL,NULL,NULL,NULL,NULL,NULL,NULL,0.1700000000,"Invocations",NULL,0.681887,4.0111,0.50459638,"Oracle","INV-202409-57925","Oracle",0.73321,4.3130,"Other","USD",0.17,"Invocations","Oracle","Oracle","us-ashburn-1","US East (Ashburn)","ocid1.instance.oc1.us-ashburn-1.0028507170fb",NULL,"Function","Compute","Oracle Functions","Oracle","LSW3G8FX9DYFSHMZ","Oracle Functions Invocations",NULL,"XCWVHGO082F615E4.A8ATJNK9","ocid1.compartment.oc1..prod","production","Tenancy",NULL,NULL,NULL,"Usage-Based","Serverless Compute",4.0111,0.50459638,4.3130,NULL,NULL
"AllocatedMethodId-4631","AllocatedResourceId-4205","AllocatedResourceName-1971","{}",94.81071744,"ocid1.tenancy.oc1..aaaa1234","Meridian OCI","Tenancy","USD","2024-10-01T00:00:00Z","2024-09-01T00:00:00Z",NULL,NULL,"Usage",NULL,"Oracle Compute Instance in US East (Ashburn)","2024-09-09T21:00:00Z","2024-09-09T20:00:00Z",NULL,NULL,NULL,NULL,NULL,NULL,NULL,139.7300000000,"Hours",NULL,152.920512,1.0944,94.81071744,"Oracle","INV-202409-99069","Oracle",246.63742299999996,1.7651,"Standard","USD",139.73,"Hours","Oracle","Oracle","us-ashburn-1","US East (Ashburn)","ocid1.instance.oc1.us-ashburn-1.009036445c11",NULL,"Instance","Compute","Oracle Compute","Oracle","5X79WYJ2Q8AYZGEL","Oracle Compute Hours",NULL,"0ICODYXE1U5FKHH9.1DE8FHIO","ocid1.compartment.oc1..prod","production","Tenancy","{""application"": ""BrightSourceCore"", ""owner"": ""a.turing""}",NULL,NULL,"Usage-Based","Virtual Machines",1.0944,94.81071744,1.7651,NULL,NULL
"AllocatedMethodId-5595","AllocatedResourceId-6773","AllocatedResourceName-1488","{}",63.97532616,"8a93b2c1-1234-4abc-9def-0123456789ab","Contoso Cloud","BillingProfile","USD","2024-10-01T00:00:00Z","2024-09-01T00:00:00Z",NULL,NULL,"Adjustment",NULL,"Azure SQL Database SQL Database in Southeast Asia","2024-09-22T17:00:00Z","2024-09-22T16:00:00Z",NULL,NULL,NULL,NULL,NULL,NULL,NULL,NULL,NULL,NULL,92.71786399999999,0.2026,63.97532616,"Microsoft","INV-202409-44552","Microsoft",136.330956,0.2979,"Other","USD",457.64,"Hours","Microsoft","Microsoft","southeastasia","Southeast Asia",NULL,NULL,NULL,"Databases","Azure SQL Database","Microsoft","BYGZ9DSWBWKFEJDN","Azure SQL Database Hours",NULL,"1A7HZRG9AQQ0C8E5.GQC9PR1U","sub-4d3e","Sandbox","BillingProfile","{""cost_center"": ""CC-3090"", ""team"": ""platform""}",NULL,NULL,"One-Time","Relational Databases",0.2026,63.97532616,0.2979,NULL,NULL
"AllocatedMethodId-7393","AllocatedResourceId-7339","AllocatedResourceName-3246","{}",523.4908448,"ocid1.tenancy.oc1..aaaa1234","Meridian OCI","Tenancy","USD","2024-10-01T00:00:00Z","2024-09-01T00:00:00Z",NULL,NULL,"Usage",NULL,"Oracle Compute Instance in Australia East (Sydney)","2024-09-22T10:00:00Z","2024-09-22T09:00:00Z",NULL,NULL,NULL,NULL,NULL,NULL,NULL,346.1600000000,"Hours",NULL,679.85824,1.9640,523.4908448,"Oracle","INV-202409-25854","Oracle",790.5255920000001,2.2837,"Standard","USD",346.16,"Hours","Oracle","Oracle","ap-sydney-1","Australia East (Sydney)","ocid1.instance.oc1.ap-sydney-1.002b8ea78a96",NULL,"Instance","Compute","Oracle Compute","Oracle","TJBSW321LUM8S3ZY","Oracle Compute Hours",NULL,"FWMCGZS5I7ZH4SY7.UAIYI2YF","ocid1.compartment.oc1..dev","development","Tenancy","{""cost_center"": ""CC-2042"", ""business_unit"": ""OsloData"", ""application"": ""BrightSourceCore""}",NULL,NULL,"Usage-Based","Virtual Machines",1.9640,523.4908448,2.2837,NULL,NULL
"AllocatedMethodId-4087","AllocatedResourceId-2950","AllocatedResourceName-9438","{}",611.35064024,"ocid1.tenancy.oc1..aaaa1234","Meridian OCI","Tenancy","USD","2024-10-01T00:00:00Z","2024-09-01T00:00:00Z",NULL,NULL,"Usage",NULL,"Oracle Functions Function in US East (Ashburn)","2024-09-14T04:00:00Z","2024-09-14T03:00:00Z",NULL,NULL,NULL,NULL,NULL,NULL,NULL,403.9600000000,"Invocations",NULL,630.258392,1.5602,611.35064024,"Oracle","INV-202409-21489","Oracle",808.0007919999999,2.0002,"Standard","USD",403.96,"Invocations","Oracle","Oracle","us-ashburn-1","US East (Ashburn)","ocid1.instance.oc1.us-ashburn-1.00971f4bdfef",NULL,"Function","Compute","Oracle Functions","Oracle","5SCKEX5INFJUJRLM","Oracle Functions Invocations",NULL,"VJVYCA7U7TYE2LGX.DVJAXOVM","ocid1.compartment.oc1..prod","production","Tenancy","{""owner"": ""a.lovelace"", ""application"": ""NimbusAPI""}",NULL,"us-ashburn-1-AD-1","Usage-Based","Serverless Compute",1.5602,611.35064024,2.0002,NULL,NULL
"AllocatedMethodId-5624","AllocatedResourceId-6682","AllocatedResourceName-3088","{}",223.2767875,"01ABCD-2345EF-6789GH","Helios Labs","BillingAccount","USD","2024-10-01T00:00:00Z","2024-09-01T00:00:00Z",NULL,NULL,"Usage",NULL,"Cloud SQL Database Instance in Northern Virginia","2024-09-15T02:00:00Z","2024-09-15T01:00:00Z","Spend","cd-852697","commit-2697",NULL,"Used","Reserved Instance",NULL,114.9800000000,"Hours",NULL,343.50275,2.9875,223.2767875,"Google","INV-202409-69199","Google",381.664612,3.3194,"Committed","USD",114.98,"Hours","Google","Google","us-east4","Northern Virginia","//compute.googleapis.com/projects/Helios Labs/zones/us-east4-a/instances/inst-9853",NULL,"Database Instance","Databases","Cloud SQL","Google","6OQM348JTCJGH17J","Cloud SQL Hours",NULL,"OFN57F6GACYJTK0W.371NVX64","proj-helios-prod","helios-prod","BillingAccount","{""business_unit"": ""ViennaAI"", ""owner"": ""k.johnson"", ""environment"": ""prod""}",NULL,"us-central1-a","Usage-Based","Relational Databases",2.9875,223.2767875,3.3194,NULL,NULL
"AllocatedMethodId-2183","AllocatedResourceId-4524","AllocatedResourceName-7390","{}",251.5781856,"ocid1.tenancy.oc1..aaaa1234","Meridian OCI","Tenancy","USD","2024-10-01T00:00:00Z","2024-09-01T00:00:00Z",NULL,NULL,"Usage",NULL,"Oracle Object Storage Bucket in Australia East (Sydney)","2024-09-22T11:00:00Z","2024-09-22T10:00:00Z",NULL,NULL,NULL,NULL,NULL,NULL,NULL,97.7200000000,"GB",NULL,295.974336,3.0288,251.5781856,"Oracle","INV-202409-37211","Oracle",369.96792,3.7860,"Standard","USD",97.72,"GB","Oracle","Oracle","ap-sydney-1","Australia East (Sydney)","ocid1.instance.oc1.ap-sydney-1.00c4cf382e6c",NULL,"Bucket","Storage","Oracle Object Storage","Oracle","9L9BVCPQVXO97L64","Oracle Object Storage GB",NULL,"KAQ2Z41YYC8I885T.U62FID4U","ocid1.compartment.oc1..dev","development","Tenancy","{""environment"": ""staging""}",NULL,"us-ashburn-1-AD-1","Usage-Based","Object Storage",3.0288,251.5781856,3.7860,NULL,NULL
"AllocatedMethodId-9131","AllocatedResourceId-6968","AllocatedResourceName-9892","{}",55.17319078,"01ABCD-2345EF-6789GH","Helios Labs","BillingAccount","USD","2024-10-01T00:00:00Z","2024-09-01T00:00:00Z",NULL,NULL,"Adjustment",NULL,"Cloud Functions Function in Belgium","2024-09-16T21:00:00Z","2024-09-16T20:00:00Z",NULL,NULL,NULL,NULL,NULL,NULL,NULL,NULL,NULL,NULL,69.839482,0.3526,55.17319078,"Google","INV-202409-88611","Google",94.380355,0.4765,"Standard","USD",198.07,"Invocations","Google","Google","europe-west1","Belgium",NULL,NULL,NULL,"Compute","Cloud Functions","Google","OAHAYFRSWJYTW3TR","Cloud Functions Invocations",NULL,"NNE4GHXOOPR2K13B.FBCNTOST","proj-helios-prod","helios-prod","BillingAccount","{""business_unit"": ""OsloData""}",NULL,NULL,"One-Time","Serverless Compute",0.3526,55.17319078,0.4765,NULL,NULL
"AllocatedMethodId-4623","AllocatedResourceId-7597","AllocatedResourceName-7307","{}",47.97588087,"01ABCD-2345EF-6789GH","Helios Labs","BillingAccount","USD","2024-10-01T00:00:00Z","2024-09-01T00:00:00Z",NULL,NULL,"Usage",NULL,"Cloud Functions Function in Northern Virginia","2024-09-23T16:00:00Z","2024-09-23T15:00:00Z",NULL,NULL,NULL,NULL,NULL,NULL,NULL,255.8700000000,"Invocations",NULL,49.459671,0.1933,47.97588087,"Google","INV-202409-12359","Google",68.70109500000001,0.2685,"Dynamic","USD",255.87,"Invocations","Google","Google","us-east4","Northern Virginia","//compute.googleapis.com/projects/Helios Labs/zones/us-east4-a/instances/inst-2273",NULL,"Function","Compute","Cloud Functions","Google","QN31O6I5SCNNHKKL","Cloud Functions Invocations",NULL,"OUQ9C2AS2NHT7NZ9.3T345QA3","proj-helios-prod","helios-prod","BillingAccount",NULL,NULL,NULL,"Usage-Based","Serverless Compute",0.1933,47.97588087,0.2685,NULL,NULL
"AllocatedMethodId-6067","AllocatedResourceId-8094","AllocatedResourceName-6758","{}",221.150328,"ocid1.tenancy.oc1..aaaa1234","Meridian OCI","Tenancy","USD","2024-10-01T00:00:00Z","2024-09-01T00:00:00Z",NULL,NULL,"Purchase",NULL,"Oracle Autonomous Database Database in UK South (London)","2024-09-01T04:00:00Z","2024-09-01T03:00:00Z",NULL,NULL,NULL,NULL,NULL,NULL,NULL,NULL,NULL,NULL,221.150328,0.4596,0,"Oracle","INV-202409-78269","Oracle",335.045634,0.6963,"Dynamic","USD",481.18,"Hours","Oracle","Oracle","uk-london-1","UK South (London)","ocid1.instance.oc1.uk-london-1.004e3603cfb7",NULL,"Database","Databases","Oracle Autonomous Database","Oracle","608K49Q2I1QNNMAT","Oracle Autonomous Database Hours",NULL,"X1KCZZZCR8WOGLMQ.QNV7R9FH","ocid1.compartment.oc1..prod","production","Tenancy","{""owner"": ""g.hopper""}",NULL,NULL,"One-Time","Relational Databases",0.4596,0,0.6963,NULL,NULL
"AllocatedMethodId-9919","AllocatedResourceId-5878","AllocatedResourceName-3935","{}",282.9746304,"123456789012","SunBird","BillingAccount","USD","2024-10-01T00:00:00Z","2024-09-01T00:00:00Z",NULL,NULL,"Usage",NULL,"Amazon Simple Storage Service Bucket in Europe (Ireland)","2024-09-06T02:00:00Z","2024-09-06T01:00:00Z","Spend","cd-686270","commit-6270",NULL,"Unused","Savings Plan",NULL,NULL,NULL,NULL,314.416256,2.6752,282.9746304,"AWS","INV-202409-95505","AWS",327.52085100000005,2.7867,"Other","USD",117.53,"GB","AWS","AWS","eu-west-1","Europe (Ireland)","arn:aws:ec2:eu-west-1:123456789012:instance/i-00a51a73f939",NULL,"Bucket","Storage","Amazon Simple Storage Service","AWS","XQKEP5MGN0MZV5L5","Amazon Simple Storage Service GB",NULL,"Z317545XNX91ENTF.5QEWO9B9","517389287820","Atlas Nimbus","BillingAccount","{""application"": ""AtlasPortal"", ""owner"": ""k.johnson"", ""team"": ""growth""}",NULL,NULL,"Usage-Based","Object Storage",2.6752,282.9746304,2.7867,NULL,NULL
"AllocatedMethodId-6961","AllocatedResourceId-9338","AllocatedResourceName-7339","{}",1555.2649424,"ocid1.tenancy.oc1..aaaa1234","Meridian OCI","Tenancy","USD","2024-10-01T00:00:00Z","2024-09-01T00:00:00Z",NULL,NULL,"Usage",NULL,"Oracle Functions Function in US East (Ashburn)","2024-09-09T14:00:00Z","2024-09-09T13:00:00Z","Spend","cd-178638","commit-8638",NULL,"Used","Reserved Instance",NULL,405.7100000000,"Invocations",NULL,1637.120992,4.0352,1555.2649424,"Oracle","INV-202409-17488","Oracle",1723.293796,4.2476,"Other","USD",405.71,"Invocations","Oracle","Oracle","us-ashburn-1","US East (Ashburn)","ocid1.instance.oc1.us-ashburn-1.00b5c84f04a0",NULL,"Function","Compute","Oracle Functions","Oracle","KEQAFA7ZGYQ3BTFV","Oracle Functions Invocations",NULL,"4O7BY3Y3OY2LCZHC.LM3L1TOL","ocid1.compartment.oc1..prod","production","Tenancy","{""application"": ""BrightSourceCore"", ""business_unit"": ""MarseilleSRE"", ""cost_center"": ""CC-2042""}",NULL,NULL,"Usage-Based","Serverless Compute",4.0352,1555.2649424,4.2476,NULL,NULL
"AllocatedMethodId-7951","AllocatedResourceId-6745","AllocatedResourceName-7450","{}",464.3366604,"ocid1.tenancy.oc1..aaaa1234","Meridian OCI","Tenancy","USD","2024-10-01T00:00:00Z","2024-09-01T00:00:00Z",NULL,NULL,"Usage",NULL,"Oracle Object Storage Bucket in UK South (London)","2024-09-27T12:00:00Z","2024-09-27T11:00:00Z",NULL,NULL,NULL,NULL,NULL,NULL,NULL,182.0200000000,"GB",NULL,682.84803,3.7515,464.3366604,"Oracle","INV-202409-74591","Oracle",832.7415000000001,4.5750,"Other","USD",182.02,"GB","Oracle","Oracle","uk-london-1","UK South (London)","ocid1.instance.oc1.uk-london-1.00c49760abbf",NULL,"Bucket","Storage","Oracle Object Storage","Oracle","G35NL0A16V069890","Oracle Object Storage GB",NULL,"EC7V4MW6Y4SNM0RR.5DKYMJ5Z","ocid1.compartment.oc1..dev","development","Tenancy","{""application"": ""BrightLensMatrix""}",NULL,NULL,"Usage-Based","Object Storage",3.7515,464.3366604,4.5750,NULL,NULL
"AllocatedMethodId-9599","AllocatedResourceId-1702","AllocatedResourceName-5533","{}",262.525692,"01ABCD-2345EF-6789GH","Helios Labs","BillingAccount","USD","2024-10-01T00:00:00Z","2024-09-01T00:00:00Z",NULL,NULL,"Credit",NULL,"Cloud Load Balancing Forwarding Rule in Singapore","2024-09-29T00:00:00Z","2024-09-28T23:00:00Z","Usage","cd-182110","commit-2110",NULL,"Used","Savings Plan",NULL,NULL,NULL,NULL,336.57140000000004,2.5960,262.525692,"Google","INV-202409-49707","Google",378.176085,2.9169,"Committed","USD",129.65,"Hours","Google","Google","asia-southeast1","Singapore",NULL,NULL,NULL,"Networking","Cloud Load Balancing","Google","QBXP25KA9R7ZUOQV","Cloud Load Balancing Hours",NULL,"BP2WR9C47AXO8NM8.XZMLHP0Y","proj-helios-dev","helios-dev","BillingAccount","{""business_unit"": ""ViennaAI"", ""owner"": ""g.hopper""}",NULL,NULL,"One-Time","Application Networking",2.5960,262.525692,2.9169,NULL,NULL
"AllocatedMethodId-7418","AllocatedResourceId-5899","AllocatedResourceName-9482","{}",0.12962823,"123456789012","SunBird","BillingAccount","USD","2024-10-01T00:00:00Z","2024-09-01T00:00:00Z",NULL,NULL,"Usage",NULL,"Amazon Simple Queue Service Queue in US West (Oregon)","2024-09-09T23:00:00Z","2024-09-09T22:00:00Z",NULL,NULL,NULL,NULL,NULL,NULL,NULL,43.6900000000,"Requests",NULL,0.18786699999999998,0.0043,0.12962823,"AWS","INV-202409-25071","AWS",0.288354,0.0066,"Standard","USD",43.69,"Requests","AWS","AWS","us-west-2","US West (Oregon)","arn:aws:ec2:us-west-2:123456789012:instance/i-0073b0d01eef",NULL,"Queue","Integration","Amazon Simple Queue Service","AWS","7O821NMSZ3R1RZ1C","Amazon Simple Queue Service Requests",NULL,"PNI5M4QHVJDSEDFB.L51C48HU","438839167390","Zenith Eclipse","BillingAccount","{""business_unit"": ""ViennaAI""}",NULL,"us-west-2b","Usage-Based","Messaging",0.0043,0.12962823,0.0066,NULL,NULL
"AllocatedMethodId-9274","AllocatedResourceId-1191","AllocatedResourceName-9016","{}",77.634744,"01ABCD-2345EF-6789GH","Helios Labs","BillingAccount","USD","2024-10-01T00:00:00Z","2024-09-01T00:00:00Z",NULL,NULL,"Purchase",NULL,"Cloud Functions Function in Northern Virginia","2024-09-25T04:00:00Z","2024-09-25T03:00:00Z","Usage","cd-376389","commit-6389",NULL,"Unused","Reserved Instance",NULL,NULL,NULL,NULL,77.634744,0.7909,0,"Google","INV-202409-53839","Google",115.86806399999999,1.1804,"Committed","USD",98.16,"Invocations","Google","Google","us-east4","Northern Virginia","//compute.googleapis.com/projects/Helios Labs/zones/us-east4-a/instances/inst-2433",NULL,"Function","Compute","Cloud Functions","Google","L0CL3BZ74V14D4F8","Cloud Functions Invocations",NULL,"HKLPZGNHIM53QX7T.GNP5062A","proj-helios-dev","helios-dev","BillingAccount","{""business_unit"": ""MarseilleSRE"", ""owner"": ""k.johnson"", ""team"": ""platform""}",NULL,NULL,"Recurring","Serverless Compute",0.7909,0,1.1804,NULL,NULL
"AllocatedMethodId-4532","AllocatedResourceId-1392","AllocatedResourceName-4275","{}",163.78411329,"123456789012","SunBird","BillingAccount","USD","2024-10-01T00:00:00Z","2024-09-01T00:00:00Z",NULL,NULL,"Usage",NULL,"Amazon Elastic Compute Cloud Virtual Machine in Asia Pacific (Sydney)","2024-09-16T13:00:00Z","2024-09-16T12:00:00Z",NULL,NULL,NULL,NULL,NULL,NULL,NULL,133.6700000000,"Hours",NULL,202.20260899999997,1.5127,163.78411329,"AWS","INV-202409-87021","AWS",331.47486599999996,2.4798,"Dynamic","USD",133.67,"Hours","AWS","AWS","ap-southeast-2","Asia Pacific (Sydney)","arn:aws:ec2:ap-southeast-2:123456789012:instance/i-001a16ae2929",NULL,"Virtual Machine","Compute","Amazon Elastic Compute Cloud","AWS","OQ7W3N1VSASQI4L6","Amazon Elastic Compute Cloud Hours",NULL,"DAMH296PYQPF157U.6RQRC99U","663626350770","Zenith Apollo","BillingAccount","{""team"": ""growth"", ""cost_center"": ""CC-3090""}",NULL,NULL,"Usage-Based","Virtual Machines",1.5127,163.78411329,2.4798,NULL,NULL
"AllocatedMethodId-9473","AllocatedResourceId-3069","AllocatedResourceName-1908","{}",217.49289835,"8a93b2c1-1234-4abc-9def-0123456789ab","Contoso Cloud","BillingProfile","USD","2024-10-01T00:00:00Z","2024-09-01T00:00:00Z",NULL,NULL,"Usage",NULL,"Azure Load Balancer Load Balancer in East US","2024-09-27T18:00:00Z","2024-09-27T17:00:00Z",NULL,NULL,NULL,NULL,NULL,NULL,NULL,412.4300000000,"Hours",NULL,239.003185,0.5795,217.49289835,"Microsoft","INV-202409-60398","Microsoft",318.684661,0.7727,"Other","USD",412.43,"Hours","Microsoft","Microsoft","eastus","East US","/subscriptions/8a93b2c1-1234-4abc-9def-0123456789ab/resourceGroups/rg-34/providers/Microsoft.Compute/virtualMachines/vm-7615",NULL,"Load Balancer","Networking","Azure Load Balancer","Microsoft","ZYMOBKPWZWQAPB2H","Azure Load Balancer Hours",NULL,"WRDL3NKBHJWNF9UA.BSIMF8IC","sub-2b7c","Staging","BillingProfile","{""owner"": ""a.lovelace""}",NULL,NULL,"Usage-Based","Application Networking",0.5795,217.49289835,0.7727,NULL,NULL
"AllocatedMethodId-9221","AllocatedResourceId-8429","AllocatedResourceName-7351","{}",547.91053416,"01ABCD-2345EF-6789GH","Helios Labs","BillingAccount","USD","2024-10-01T00:00:00Z","2024-09-01T00:00:00Z",NULL,NULL,"Usage",NULL,"Cloud Functions Function in Iowa","2024-09-25T05:00:00Z","2024-09-25T04:00:00Z",NULL,NULL,NULL,NULL,NULL,NULL,NULL,454.7700000000,"Invocations",NULL,622.625607,1.3691,547.91053416,"Google","INV-202409-44314","Google",788.11641,1.7330,"Standard","USD",454.77,"Invocations","Google","Google","us-central1","Iowa","//compute.googleapis.com/projects/Helios Labs/zones/us-central1-a/instances/inst-2795",NULL,"Function","Compute","Cloud Functions","Google","RVUP7GXF8K5JM6I1","Cloud Functions Invocations",NULL,"RIWG6VLXX3077FVV.CPD6H1VT","proj-helios-prod","helios-prod","BillingAccount","{""team"": ""infra"", ""cost_center"": ""CC-1001""}",NULL,NULL,"Usage-Based","Serverless Compute",1.3691,547.91053416,1.7330,NULL,NULL
"AllocatedMethodId-6422","AllocatedResourceId-6966","AllocatedResourceName-5656","{}",960.78851206,"123456789012","SunBird","BillingAccount","USD","2024-10-01T00:00:00Z","2024-09-01T00:00:00Z",NULL,NULL,"Usage",NULL,"AWS Lambda Function in Europe (Ireland)","2024-09-13T14:00:00Z","2024-09-13T13:00:00Z","Spend","cd-635215","commit-5215",NULL,"Unused","Committed Use Discount",NULL,NULL,NULL,NULL,1079.537654,2.9198,960.78851206,"AWS","INV-202409-47358","AWS",1635.648547,4.4239,"Committed","USD",369.73,"Requests","AWS","AWS","eu-west-1","Europe (Ireland)","arn:aws:ec2:eu-west-1:123456789012:instance/i-00afb22f865d",NULL,"Function","Compute","AWS Lambda","AWS","XWWNXV66ED6IJ22V","AWS Lambda Requests",NULL,"T2255RXLXSHIN62J.SP44CB5D","517389287820","Atlas Nimbus","BillingAccount","{""business_unit"": ""OsloData"", ""application"": ""BrightLensMatrix"", ""environment"": ""qa""}",NULL,NULL,"Usage-Based","Serverless Compute",2.9198,960.78851206,4.4239,NULL,NULL
"AllocatedMethodId-6508","AllocatedResourceId-6956","AllocatedResourceName-8129","{}",78.13078434,"01ABCD-2345EF-6789GH","Helios Labs","BillingAccount","USD","2024-10-01T00:00:00Z","2024-09-01T00:00:00Z",NULL,NULL,"Credit",NULL,"Cloud Functions Function in Northern Virginia","2024-09-12T08:00:00Z","2024-09-12T07:00:00Z",NULL,NULL,NULL,NULL,NULL,NULL,NULL,NULL,NULL,NULL,105.582141,0.4839,78.13078434,"Google","INV-202409-91590","Google",144.63815100000002,0.6629,"Standard","USD",218.19,"Invocations","Google","Google","us-east4","Northern Virginia",NULL,NULL,NULL,"Compute","Cloud Functions","Google","XOVBK212QBYTHJJ5","Cloud Functions Invocations",NULL,"J4ZXMESXHMRG5DDV.SXV9PSWW","proj-helios-dev","helios-dev","BillingAccount","{""environment"": ""staging""}",NULL,NULL,"One-Time","Serverless Compute",0.4839,78.13078434,0.6629,NULL,NULL
"AllocatedMethodId-1540","AllocatedResourceId-4110","AllocatedResourceName-4888","{}",623.50255044,"8a93b2c1-1234-4abc-9def-0123456789ab","Contoso Cloud","BillingProfile","USD","2024-10-01T00:00:00Z","2024-09-01T00:00:00Z",NULL,NULL,"Usage",NULL,"Virtual Machines Virtual Machine in UK South","2024-09-29T08:00:00Z","2024-09-29T07:00:00Z","Usage","cd-960222","commit-0222",NULL,"Unused","Reserved Instance",NULL,NULL,NULL,NULL,809.743572,3.3484,623.50255044,"Microsoft","INV-202409-16355","Microsoft",1173.528441,4.8527,"Other","USD",241.83,"Hours","Microsoft","Microsoft","uksouth","UK South","/subscriptions/8a93b2c1-1234-4abc-9def-0123456789ab/resourceGroups/rg-23/providers/Microsoft.Compute/virtualMachines/vm-3347",NULL,"Virtual Machine","Compute","Virtual Machines","Microsoft","XV49UKF3OOZ9YCPE","Virtual Machines Hours",NULL,"0C7768WBFCXX9MFF.GXNLCKZS","sub-4d3e","Sandbox","BillingProfile","{""cost_center"": ""CC-3090"", ""application"": ""NimbusAPI"", ""owner"": ""a.lovelace""}",NULL,"eastus-1","Usage-Based","Virtual Machines",3.3484,623.50255044,4.8527,NULL,NULL
"AllocatedMethodId-6361","AllocatedResourceId-9491","AllocatedResourceName-2522","{}",981.4581525,"8a93b2c1-1234-4abc-9def-0123456789ab","Contoso Cloud","BillingProfile","USD","2024-10-01T00:00:00Z","2024-09-01T00:00:00Z",NULL,NULL,"Usage",NULL,"Azure Functions Function App in UK South","2024-09-22T08:00:00Z","2024-09-22T07:00:00Z",NULL,NULL,NULL,NULL,NULL,NULL,NULL,332.8500000000,"Executions",NULL,1154.6566500000001,3.4690,981.4581525,"Microsoft","INV-202409-87841","Microsoft",1480.31709,4.4474,"Standard","USD",332.85,"Executions","Microsoft","Microsoft","uksouth","UK South","/subscriptions/8a93b2c1-1234-4abc-9def-0123456789ab/resourceGroups/rg-511/providers/Microsoft.Compute/virtualMachines/vm-6415",NULL,"Function App","Compute","Azure Functions","Microsoft","S27G021ZPRIA8OT6","Azure Functions Executions",NULL,"FLSLZ1S4RJ0TRBQ3.9MK510P2","sub-9a1f","Production","BillingProfile","{""cost_center"": ""CC-3090""}",NULL,NULL,"Usage-Based","Serverless Compute",3.4690,981.4581525,4.4474,NULL,NULL
"AllocatedMethodId-7777","AllocatedResourceId-9059","AllocatedResourceName-5928","{}",753.4165716,"ocid1.tenancy.oc1..aaaa1234","Meridian OCI","Tenancy","USD","2024-10-01T00:00:00Z","2024-09-01T00:00:00Z",NULL,NULL,"Usage",NULL,"Oracle Functions Function in UK South (London)","2024-09-27T01:00:00Z","2024-09-27T00:00:00Z",NULL,NULL,NULL,NULL,NULL,NULL,NULL,263.2400000000,"Invocations",NULL,768.7924200000001,2.9205,753.4165716,"Oracle","INV-202409-77460","Oracle",873.6409120000001,3.3188,"Dynamic","USD",263.24,"Invocations","Oracle","Oracle","uk-london-1","UK South (London)","ocid1.instance.oc1.uk-london-1.0066afba8398",NULL,"Function","Compute","Oracle Functions","Oracle","JMRAJYA9YRYY07EH","Oracle Functions Invocations",NULL,"8LIJPIRY95ILDO3N.O59RDYEN","ocid1.compartment.oc1..dev","development","Tenancy","{""cost_center"": ""CC-1001"", ""business_unit"": ""OsloData"", ""environment"": ""staging""}",NULL,NULL,"Usage-Based","Serverless Compute",2.9205,753.4165716,3.3188,NULL,NULL
"AllocatedMethodId-1355","AllocatedResourceId-6575","AllocatedResourceName-7698","{}",1241.02758325,"01ABCD-2345EF-6789GH","Helios Labs","BillingAccount","USD","2024-10-01T00:00:00Z","2024-09-01T00:00:00Z",NULL,NULL,"Usage",NULL,"BigQuery Dataset in Belgium","2024-09-12T08:00:00Z","2024-09-12T07:00:00Z",NULL,NULL,NULL,NULL,NULL,NULL,NULL,343.2500000000,"GiB",NULL,1363.766575,3.9731,1241.02758325,"Google","INV-202409-55560","Google",1567.5540999999998,4.5668,"Dynamic","USD",343.25,"GiB","Google","Google","europe-west1","Belgium","//compute.googleapis.com/projects/Helios Labs/zones/europe-west1-a/instances/inst-77",NULL,"Dataset","Analytics","BigQuery","Google","41QQQN0OK3CX0GQ1","BigQuery GiB",NULL,"WMQQLCDSJF612Q3G.XIDPUFF7","proj-helios-prod","helios-prod","BillingAccount","{""business_unit"": ""ViennaAI"", ""team"": ""platform"", ""cost_center"": ""CC-2042""}",NULL,"asia-southeast1-c","Usage-Based","Data Warehouses",3.9731,1241.02758325,4.5668,NULL,NULL
"AllocatedMethodId-1733","AllocatedResourceId-6113","AllocatedResourceName-1102","{}",325.574904,"01ABCD-2345EF-6789GH","Helios Labs","BillingAccount","USD","2024-10-01T00:00:00Z","2024-09-01T00:00:00Z",NULL,NULL,"Usage",NULL,"Cloud Load Balancing Forwarding Rule in Iowa","2024-09-10T14:00:00Z","2024-09-10T13:00:00Z","Spend","cd-294646","commit-4646",NULL,"Unused","Committed Use Discount",NULL,NULL,NULL,NULL,325.574904,2.0379,325.574904,"Google","INV-202409-35393","Google",434.099872,2.7172,"Committed","USD",159.76,"Hours","Google","Google","us-central1","Iowa","//compute.googleapis.com/projects/Helios Labs/zones/us-central1-a/instances/inst-5775",NULL,"Forwarding Rule","Networking","Cloud Load Balancing","Google","DRINN9GAZC6E5CCX","Cloud Load Balancing Hours",NULL,"JIF7RW3S0XBVI4BL.W1GHSNU6","proj-helios-prod","helios-prod","BillingAccount","{""owner"": ""g.hopper"", ""environment"": ""qa""}",NULL,NULL,"Usage-Based","Application Networking",2.0379,325.574904,2.7172,NULL,NULL
"AllocatedMethodId-8750","AllocatedResourceId-1941","AllocatedResourceName-3358","{}",12.92210766,"ocid1.tenancy.oc1..aaaa1234","Meridian OCI","Tenancy","USD","2024-10-01T00:00:00Z","2024-09-01T00:00:00Z",NULL,NULL,"Usage",NULL,"Oracle Functions Function in Australia East (Sydney)","2024-09-06T07:00:00Z","2024-09-06T06:00:00Z","Usage","cd-676464","commit-6464",NULL,"Unused","Savings Plan",NULL,NULL,NULL,NULL,13.052634,2.4038,12.92210766,"Oracle","INV-202409-92451","Oracle",20.394537,3.7559,"Standard","USD",5.43,"Invocations","Oracle","Oracle","ap-sydney-1","Australia East (Sydney)","ocid1.instance.oc1.ap-sydney-1.003f1e105ce1",NULL,"Function","Compute","Oracle Functions","Oracle","CSPFI2SPFL010WZC","Oracle Functions Invocations",NULL,"LOMZF0WV6B0JQ3UV.VJ03IDPZ","ocid1.compartment.oc1..dev","development","Tenancy","{""team"": ""platform""}",NULL,"uk-london-1-AD-2","Usage-Based","Serverless Compute",2.4038,12.92210766,3.7559,NULL,NULL
"AllocatedMethodId-2061","AllocatedResourceId-6291","AllocatedResourceName-5993","{}",1032.37358385,"ocid1.tenancy.oc1..aaaa1234","Meridian OCI","Tenancy","USD","2024-10-01T00:00:00Z","2024-09-01T00:00:00Z",NULL,NULL,"Usage",NULL,"Oracle Autonomous Database Database in US East (Ashburn)","2024-09-01T08:00:00Z","2024-09-01T07:00:00Z",NULL,NULL,NULL,NULL,NULL,NULL,NULL,461.6500000000,"Hours",NULL,1243.823595,2.6943,1032.37358385,"Oracle","INV-202409-19020","Oracle",1269.2143449999999,2.7493,"Other","USD",461.65,"Hours","Oracle","Oracle","us-ashburn-1","US East (Ashburn)","ocid1.instance.oc1.us-ashburn-1.008baa87e192",NULL,"Database","Databases","Oracle Autonomous Database","Oracle","MLPXMOOBXR7SUF0V","Oracle Autonomous Database Hours",NULL,"4D2SMJG7OCJRLZQ0.7VVHBJCT","ocid1.compartment.oc1..prod","production","Tenancy","{""environment"": ""prod""}",NULL,NULL,"Usage-Based","Relational Databases",2.6943,1032.37358385,2.7493,NULL,NULL
"AllocatedMethodId-2546","AllocatedResourceId-9086","AllocatedResourceName-4878","{}",981.7509702,"123456789012","SunBird","BillingAccount","USD","2024-10-01T00:00:00Z","2024-09-01T00:00:00Z",NULL,NULL,"Usage",NULL,"Amazon Relational Database Service Database Instance in US East (N. Virginia)","2024-09-26T22:00:00Z","2024-09-26T21:00:00Z",NULL,NULL,NULL,NULL,NULL,NULL,NULL,387.3500000000,"Hours",NULL,1275.00126,3.2916,981.7509702,"AWS","INV-202409-56478","AWS",1401.083685,3.6171,"Dynamic","USD",387.35,"Hours","AWS","AWS","us-east-1","US East (N. Virginia)","arn:aws:ec2:us-east-1:123456789012:instance/i-0064fba3ba07",NULL,"Database Instance","Databases","Amazon Relational Database Service","AWS","M3DA8SHZQO22CJG3","Amazon Relational Database Service Hours",NULL,"AR2DHLVK9ON4F28X.Y7G3Y2XC","517389287820","Atlas Nimbus","BillingAccount",NULL,NULL,"eu-west-1c","Usage-Based","Relational Databases",3.2916,981.7509702,3.6171,NULL,NULL
"AllocatedMethodId-2114","AllocatedResourceId-5560","AllocatedResourceName-1057","{}",37.27905792,"8a93b2c1-1234-4abc-9def-0123456789ab","Contoso Cloud","BillingProfile","USD","2024-10-01T00:00:00Z","2024-09-01T00:00:00Z",NULL,NULL,"Usage",NULL,"Virtual Machines Virtual Machine in East US","2024-09-30T07:00:00Z","2024-09-30T06:00:00Z","Spend","cd-852326","commit-2326",NULL,"Used","Savings Plan",NULL,41.9900000000,"Hours",NULL,54.82214400000001,1.3056,37.27905792,"Microsoft","INV-202409-10423","Microsoft",79.453478,1.8922,"Committed","USD",41.99,"Hours","Microsoft","Microsoft","eastus","East US","/subscriptions/8a93b2c1-1234-4abc-9def-0123456789ab/resourceGroups/rg-393/providers/Microsoft.Compute/virtualMachines/vm-1821",NULL,"Virtual Machine","Compute","Virtual Machines","Microsoft","WSWJVMX3B5YXAQZL","Virtual Machines Hours",NULL,"A48U1JL2HK0BIYEH.916BHBO1","sub-9a1f","Production","BillingProfile","{""business_unit"": ""ViennaAI"", ""team"": ""growth""}",NULL,NULL,"Usage-Based","Virtual Machines",1.3056,37.27905792,1.8922,NULL,NULL
"AllocatedMethodId-7816","AllocatedResourceId-8747","AllocatedResourceName-4098","{}",672.7014918,"123456789012","SunBird","BillingAccount","USD","2024-10-01T00:00:00Z","2024-09-01T00:00:00Z",NULL,NULL,"Usage",NULL,"AWS Lambda Function in Asia Pacific (Sydney)","2024-09-03T03:00:00Z","2024-09-03T02:00:00Z",NULL,NULL,NULL,NULL,NULL,NULL,NULL,345.1500000000,"Requests",NULL,909.0560699999999,2.6338,672.7014918,"AWS","INV-202409-78805","AWS",1150.695585,3.3339,"Dynamic","USD",345.15,"Requests","AWS","AWS","ap-southeast-2","Asia Pacific (Sydney)","arn:aws:ec2:ap-southeast-2:123456789012:instance/i-00c96acd5bde",NULL,"Function","Compute","AWS Lambda","AWS","Y6IGGV1ZT1B52MUX","AWS Lambda Requests",NULL,"YHKJCWHNXZP3S7LW.CD5WG13R","517389287820","Atlas Nimbus","BillingAccount","{""cost_center"": ""CC-2042"", ""team"": ""infra"", ""owner"": ""a.lovelace""}",NULL,"ap-southeast-2a","Usage-Based","Serverless Compute",2.6338,672.7014918,3.3339,NULL,NULL
"AllocatedMethodId-6431","AllocatedResourceId-3915","AllocatedResourceName-7939","{}",834.7844232,"01ABCD-2345EF-6789GH","Helios Labs","BillingAccount","USD","2024-10-01T00:00:00Z","2024-09-01T00:00:00Z",NULL,NULL,"Usage",NULL,"Cloud Functions Function in Iowa","2024-09-05T20:00:00Z","2024-09-05T19:00:00Z",NULL,NULL,NULL,NULL,NULL,NULL,NULL,254.8000000000,"Invocations",NULL,1070.2364400000001,4.2003,834.7844232,"Google","INV-202409-53178","Google",1202.50312,4.7194,"Standard","USD",254.80,"Invocations","Google","Google","us-central1","Iowa","//compute.googleapis.com/projects/Helios Labs/zones/us-central1-a/instances/inst-9324",NULL,"Function","Compute","Cloud Functions","Google","HLWJCFMDYQ1HJY5H","Cloud Functions Invocations",NULL,"F0MNXPCNEP949NCU.Z7I64XOP","proj-helios-prod","helios-prod","BillingAccount","{""cost_center"": ""CC-1001"", ""business_unit"": ""MarseilleSRE"", ""owner"": ""k.johnson""}",NULL,"asia-southeast1-c","Usage-Based","Serverless Compute",4.2003,834.7844232,4.7194,NULL,NULL
"AllocatedMethodId-3305","AllocatedResourceId-8527","AllocatedResourceName-3587","{}",249.02252,"8a93b2c1-1234-4abc-9def-0123456789ab","Contoso Cloud","BillingProfile","USD","2024-10-01T00:00:00Z","2024-09-01T00:00:00Z",NULL,NULL,"Usage",NULL,"Virtual Machines Virtual Machine in West Europe","2024-09-29T20:00:00Z","2024-09-29T19:00:00Z",NULL,NULL,NULL,NULL,NULL,NULL,NULL,126.8000000000,"Hours",NULL,303.686,2.3950,249.02252,"Microsoft","INV-202409-87019","Microsoft",319.6628,2.5210,"Dynamic","USD",126.80,"Hours","Microsoft","Microsoft","westeurope","West Europe","/subscriptions/8a93b2c1-1234-4abc-9def-0123456789ab/resourceGroups/rg-998/providers/Microsoft.Compute/virtualMachines/vm-5054",NULL,"Virtual Machine","Compute","Virtual Machines","Microsoft","IIOF2361VAPR2XDU","Virtual Machines Hours",NULL,"U454F3TNEITNTUNW.P6EEV5WC","sub-4d3e","Sandbox","BillingProfile","{""environment"": ""prod"", ""business_unit"": ""LisbonOps"", ""cost_center"": ""CC-1001""}",NULL,NULL,"Usage-Based","Virtual Machines",2.3950,249.02252,2.5210,NULL,NULL
"AllocatedMethodId-6258","AllocatedResourceId-4442","AllocatedResourceName-9661","{}",766.9197792,"123456789012","SunBird","BillingAccount","USD","2024-10-01T00:00:00Z","2024-09-01T00:00:00Z",NULL,NULL,"Credit",NULL,"Elastic Load Balancing Load Balancer in Europe (Ireland)","2024-09-02T12:00:00Z","2024-09-02T11:00:00Z",NULL,NULL,NULL,NULL,NULL,NULL,NULL,NULL,NULL,NULL,1036.37808,3.5040,766.9197792,"AWS","INV-202409-68759","AWS",1263.884364,4.2732,"Dynamic","USD",295.77,"LCU-Hours","AWS","AWS","eu-west-1","Europe (Ireland)",NULL,NULL,NULL,"Networking","Elastic Load Balancing","AWS","8Y3A78UUBZRORRGD","Elastic Load Balancing LCU-Hours",NULL,"EBTJ54QMWRJHAG7E.680HNJPX","663626350770","Zenith Apollo","BillingAccount","{""environment"": ""prod"", ""owner"": ""a.turing""}",NULL,NULL,"One-Time","Application Networking",3.5040,766.9197792,4.2732,NULL,NULL
"AllocatedMethodId-3710","AllocatedResourceId-5768","AllocatedResourceName-2748","{}",337.5011292,"01ABCD-2345EF-6789GH","Helios Labs","BillingAccount","USD","2024-10-01T00:00:00Z","2024-09-01T00:00:00Z",NULL,NULL,"Usage",NULL,"Cloud Functions Function in Iowa","2024-09-04T20:00:00Z","2024-09-04T19:00:00Z","Usage","cd-977779","commit-7779",NULL,"Used","Savings Plan",NULL,427.5500000000,"Invocations",NULL,544.35666,1.2732,337.5011292,"Google","INV-202409-32342","Google",640.427145,1.4979,"Standard","USD",427.55,"Invocations","Google","Google","us-central1","Iowa","//compute.googleapis.com/projects/Helios Labs/zones/us-central1-a/instances/inst-8556",NULL,"Function","Compute","Cloud Functions","Google","QYKJPSA5F2PSORYY","Cloud Functions Invocations",NULL,"DVQ4DD0DP7ED2WGZ.MVIEQFLA","proj-helios-prod","helios-prod","BillingAccount","{""business_unit"": ""OsloData"", ""owner"": ""a.turing""}",NULL,NULL,"Usage-Based","Serverless Compute",1.2732,337.5011292,1.4979,NULL,NULL
"AllocatedMethodId-6266","AllocatedResourceId-3520","AllocatedResourceName-1093","{}",115.87672728,"ocid1.tenancy.oc1..aaaa1234","Meridian OCI","Tenancy","USD","2024-10-01T00:00:00Z","2024-09-01T00:00:00Z",NULL,NULL,"Usage",NULL,"Oracle Autonomous Database Database in UK South (London)","2024-09-17T09:00:00Z","2024-09-17T08:00:00Z","Usage","cd-452086","commit-2086",NULL,"Used","Reserved Instance",NULL,168.7200000000,"Hours",NULL,143.05768799999998,0.8479,115.87672728,"Oracle","INV-202409-64026","Oracle",213.51516,1.2655,"Committed","USD",168.72,"Hours","Oracle","Oracle","uk-london-1","UK South (London)","ocid1.instance.oc1.uk-london-1.009b6c6d4ce2",NULL,"Database","Databases","Oracle Autonomous Database","Oracle","VEV1U9H2GX49KDVL","Oracle Autonomous Database Hours",NULL,"TLKFHGSKR6HSHSAF.N6XZMHSK","ocid1.compartment.oc1..prod","production","Tenancy","{""team"": ""infra""}",NULL,"us-ashburn-1-AD-1","Usage-Based","Relational Databases",0.8479,115.87672728,1.2655,NULL,NULL
"AllocatedMethodId-7439","AllocatedResourceId-8808","AllocatedResourceName-2338","{}",75.87634824,"123456789012","SunBird","BillingAccount","USD","2024-10-01T00:00:00Z","2024-09-01T00:00:00Z",NULL,NULL,"Usage",NULL,"Amazon Simple Storage Service Bucket in US East (N. Virginia)","2024-09-20T06:00:00Z","2024-09-20T05:00:00Z",NULL,NULL,NULL,NULL,NULL,NULL,NULL,25.8300000000,"GB",NULL,86.22312299999999,3.3381,75.87634824,"AWS","INV-202409-32826","AWS",116.516547,4.5109,"Standard","USD",25.83,"GB","AWS","AWS","us-east-1","US East (N. Virginia)","arn:aws:ec2:us-east-1:123456789012:instance/i-008d6e108a84",NULL,"Bucket","Storage","Amazon Simple Storage Service","AWS","LHPY3UG0TRHUMJH9","Amazon Simple Storage Service GB",NULL,"BGGMD7UINGWZ8KPS.L8QAIJQZ","517389287820","Atlas Nimbus","BillingAccount","{""cost_center"": ""CC-2042"", ""team"": ""growth"", ""owner"": ""a.lovelace""}",NULL,NULL,"Usage-Based","Object Storage",3.3381,75.87634824,4.5109,NULL,NULL
"AllocatedMethodId-3914","AllocatedResourceId-8952","AllocatedResourceName-8117","{}",108.46113282,"8a93b2c1-1234-4abc-9def-0123456789ab","Contoso Cloud","BillingProfile","USD","2024-10-01T00:00:00Z","2024-09-01T00:00:00Z",NULL,NULL,"Usage",NULL,"Azure Blob Storage Storage Account in East US","2024-09-14T09:00:00Z","2024-09-14T08:00:00Z",NULL,NULL,NULL,NULL,NULL,NULL,NULL,79.4700000000,"GB",NULL,174.937311,2.2013,108.46113282,"Microsoft","INV-202409-87794","Microsoft",213.337215,2.6845,"Standard","USD",79.47,"GB","Microsoft","Microsoft","eastus","East US","/subscriptions/8a93b2c1-1234-4abc-9def-0123456789ab/resourceGroups/rg-412/providers/Microsoft.Compute/virtualMachines/vm-6660",NULL,"Storage Account","Storage","Azure Blob Storage","Microsoft","851Z4TD855IEC2VL","Azure Blob Storage GB",NULL,"SDBPNCXEB5JS3IWR.L1WSE18N","sub-9a1f","Production","BillingProfile","{""environment"": ""dev"", ""cost_center"": ""CC-3090""}",NULL,NULL,"Usage-Based","Object Storage",2.2013,108.46113282,2.6845,NULL,NULL
"AllocatedMethodId-2158","AllocatedResourceId-4894","AllocatedResourceName-9959","{}",178.11551332,"8a93b2c1-1234-4abc-9def-0123456789ab","Contoso Cloud","BillingProfile","USD","2024-10-01T00:00:00Z","2024-09-01T00:00:00Z",NULL,NULL,"Usage",NULL,"Azure Functions Function App in Southeast Asia","2024-09-08T22:00:00Z","2024-09-08T21:00:00Z",NULL,NULL,NULL,NULL,NULL,NULL,NULL,402.4700000000,"Executions",NULL,214.59700400000003,0.5332,178.11551332,"Microsoft","INV-202409-26416","Microsoft",340.65060800000003,0.8464,"Standard","USD",402.47,"Executions","Microsoft","Microsoft","southeastasia","Southeast Asia","/subscriptions/8a93b2c1-1234-4abc-9def-0123456789ab/resourceGroups/rg-614/providers/Microsoft.Compute/virtualMachines/vm-2458",NULL,"Function App","Compute","Azure Functions","Microsoft","LOW3OF7XPEF1LFMU","Azure Functions Executions",NULL,"PT3DWA4A54XA99TS.ZMW3Y600","sub-4d3e","Sandbox","BillingProfile","{""owner"": ""a.turing"", ""environment"": ""prod"", ""team"": ""infra""}",NULL,NULL,"Usage-Based","Serverless Compute",0.5332,178.11551332,0.8464,NULL,NULL
"AllocatedMethodId-4255","AllocatedResourceId-3826","AllocatedResourceName-4546","{}",117.6408177,"123456789012","SunBird","BillingAccount","USD","2024-10-01T00:00:00Z","2024-09-01T00:00:00Z",NULL,NULL,"Adjustment",NULL,"Amazon Relational Database Service Database Instance in Europe (Ireland)","2024-09-27T02:00:00Z","2024-09-27T01:00:00Z","Usage","cd-488798","commit-8798",NULL,"Used","Savings Plan",NULL,NULL,NULL,NULL,175.58331,1.2565,117.6408177,"AWS","INV-202409-15182","AWS",250.8333,1.7950,"Committed","USD",139.74,"Hours","AWS","AWS","eu-west-1","Europe (Ireland)",NULL,NULL,NULL,"Databases","Amazon Relational Database Service","AWS","MCUEWSG0NWHGB05T","Amazon Relational Database Service Hours",NULL,"VGO1OZWAVBQE5P5J.JPQI0563","517389287820","Atlas Nimbus","BillingAccount",NULL,NULL,NULL,"One-Time","Relational Databases",1.2565,117.6408177,1.7950,NULL,NULL
"AllocatedMethodId-5142","AllocatedResourceId-1388","AllocatedResourceName-9912","{}",1099.8167978,"123456789012","SunBird","BillingAccount","USD","2024-10-01T00:00:00Z","2024-09-01T00:00:00Z",NULL,NULL,"Usage",NULL,"Amazon Simple Storage Service Bucket in US East (N. Virginia)","2024-09-03T17:00:00Z","2024-09-03T16:00:00Z",NULL,NULL,NULL,NULL,NULL,NULL,NULL,362.7400000000,"GB",NULL,1170.01787,3.2255,1099.8167978,"AWS","INV-202409-19935","AWS",1360.492644,3.7506,"Other","USD",362.74,"GB","AWS","AWS","us-east-1","US East (N. Virginia)","arn:aws:ec2:us-east-1:123456789012:instance/i-00ac3b266e71",NULL,"Bucket","Storage","Amazon Simple Storage Service","AWS","1P5NEFTNPGB86ZKP","Amazon Simple Storage Service GB",NULL,"D1VQBBP8G6BP0T9X.FCCIE6JT","438839167390","Zenith Eclipse","BillingAccount","{""business_unit"": ""ViennaAI"", ""environment"": ""dev"", ""application"": ""NimbusAPI""}",NULL,NULL,"Usage-Based","Object Storage",3.2255,1099.8167978,3.7506,NULL,NULL
"AllocatedMethodId-4801","AllocatedResourceId-6854","AllocatedResourceName-7934","{}",396.77894046,"123456789012","SunBird","BillingAccount","USD","2024-10-01T00:00:00Z","2024-09-01T00:00:00Z",NULL,NULL,"Usage",NULL,"Amazon Simple Queue Service Queue in US East (N. Virginia)","2024-09-23T03:00:00Z","2024-09-23T02:00:00Z",NULL,NULL,NULL,NULL,NULL,NULL,NULL,212.3100000000,"Requests",NULL,461.370861,2.1731,396.77894046,"AWS","INV-202409-98999","AWS",584.022348,2.7508,"Standard","USD",212.31,"Requests","AWS","AWS","us-east-1","US East (N. Virginia)","arn:aws:ec2:us-east-1:123456789012:instance/i-001a231907e9",NULL,"Queue","Integration","Amazon Simple Queue Service","AWS","NIBRMT5QNNTTIGC0","Amazon Simple Queue Service Requests",NULL,"XECBSZAEASHMHPVX.V3TID4JI","517389287820","Atlas Nimbus","BillingAccount",NULL,NULL,"ap-southeast-2a","Usage-Based","Messaging",2.1731,396.77894046,2.7508,NULL,NULL
"AllocatedMethodId-2752","AllocatedResourceId-6698","AllocatedResourceName-8937","{}",973.2426228,"ocid1.tenancy.oc1..aaaa1234","Meridian OCI","Tenancy","USD","2024-10-01T00:00:00Z","2024-09-01T00:00:00Z",NULL,NULL,"Usage",NULL,"Oracle Object Storage Bucket in Australia East (Sydney)","2024-09-21T21:00:00Z","2024-09-21T20:00:00Z",NULL,NULL,NULL,NULL,NULL,NULL,NULL,355.3900000000,"GB",NULL,1081.380692,3.0428,973.2426228,"Oracle","INV-202409-42502","Oracle",1422.874943,4.0037,"Standard","USD",355.39,"GB","Oracle","Oracle","ap-sydney-1","Australia East (Sydney)","ocid1.instance.oc1.ap-sydney-1.002825d85b0b",NULL,"Bucket","Storage","Oracle Object Storage","Oracle","N643EIN8F8O3KCR6","Oracle Object Storage GB",NULL,"4OCRXHQUV606F3OR.H89B5ZTC","ocid1.compartment.oc1..prod","production","Tenancy","{""cost_center"": ""CC-2042"", ""team"": ""infra"", ""owner"": ""a.turing""}",NULL,NULL,"Usage-Based","Object Storage",3.0428,973.2426228,4.0037,NULL,NULL
"AllocatedMethodId-1354","AllocatedResourceId-6084","AllocatedResourceName-9101","{}",210.68935272,"01ABCD-2345EF-6789GH","Helios Labs","BillingAccount","USD","2024-10-01T00:00:00Z","2024-09-01T00:00:00Z",NULL,NULL,"Usage",NULL,"Cloud Functions Function in Singapore","2024-09-25T07:00:00Z","2024-09-25T06:00:00Z","Usage","cd-479266","commit-9266",NULL,"Used","Savings Plan",NULL,318.7800000000,"Invocations",NULL,319.226292,1.0014,210.68935272,"Google","INV-202409-46337","Google",380.0495159999999,1.1922,"Committed","USD",318.78,"Invocations","Google","Google","asia-southeast1","Singapore","//compute.googleapis.com/projects/Helios Labs/zones/asia-southeast1-a/instances/inst-498",NULL,"Function","Compute","Cloud Functions","Google","U03AID3EWM39RLDW","Cloud Functions Invocations",NULL,"WWVOURSC27033678.KIGCC3IA","proj-helios-prod","helios-prod","BillingAccount","{""environment"": ""staging"", ""team"": ""growth"", ""application"": ""BrightLensMatrix""}",NULL,NULL,"Usage-Based","Serverless Compute",1.0014,210.68935272,1.1922,NULL,NULL
"AllocatedMethodId-2656","AllocatedResourceId-8602","AllocatedResourceName-8246","{}",871.62304264,"123456789012","SunBird","BillingAccount","USD","2024-10-01T00:00:00Z","2024-09-01T00:00:00Z",NULL,NULL,"Usage",NULL,"Amazon Elastic Compute Cloud Virtual Machine in US West (Oregon)","2024-09-18T05:00:00Z","2024-09-18T04:00:00Z","Usage","cd-124102","commit-4102",NULL,"Unused","Committed Use Discount",NULL,NULL,NULL,NULL,889.411268,2.6602,871.62304264,"AWS","INV-202409-77295","AWS",898.4050139999999,2.6871,"Standard","USD",334.34,"Hours","AWS","AWS","us-west-2","US West (Oregon)","arn:aws:ec2:us-west-2:123456789012:instance/i-0037b76a732f",NULL,"Virtual Machine","Compute","Amazon Elastic Compute Cloud","AWS","ST5DQ904FHBH633A","Amazon Elastic Compute Cloud Hours",NULL,"OPKU3DSSOB3PITY1.74QDNDQO","438839167390","Zenith Eclipse","BillingAccount","{""cost_center"": ""CC-2042""}",NULL,"eu-west-1c","Usage-Based","Virtual Machines",2.6602,871.62304264,2.6871,NULL,NULL
"AllocatedMethodId-3252","AllocatedResourceId-1454","AllocatedResourceName-7212","{}",142.01425164,"8a93b2c1-1234-4abc-9def-0123456789ab","Contoso Cloud","BillingProfile","USD","2024-10-01T00:00:00Z","2024-09-01T00:00:00Z",NULL,NULL,"Usage",NULL,"Azure SQL Database SQL Database in UK South","2024-09-07T21:00:00Z","2024-09-07T20:00:00Z","Usage","cd-636511","commit-6511",NULL,"Used","Savings Plan",NULL,427.5400000000,"Hours",NULL,163.234772,0.3818,142.01425164,"Microsoft","INV-202409-93896","Microsoft",259.131994,0.6061,"Standard","USD",427.54,"Hours","Microsoft","Microsoft","uksouth","UK South","/subscriptions/8a93b2c1-1234-4abc-9def-0123456789ab/resourceGroups/rg-474/providers/Microsoft.Compute/virtualMachines/vm-2761",NULL,"SQL Database","Databases","Azure SQL Database","Microsoft","YXG6HK3XF4DBPRP3","Azure SQL Database Hours",NULL,"RMJWY4SBVNYIUFJN.HEVQGEHB","sub-4d3e","Sandbox","BillingProfile",NULL,NULL,"westeurope-2","Usage-Based","Relational Databases",0.3818,142.01425164,0.6061,NULL,NULL
"AllocatedMethodId-4379","AllocatedResourceId-6460","AllocatedResourceName-3808","{}",671.3121719999999,"123456789012","SunBird","BillingAccount","USD","2024-10-01T00:00:00Z","2024-09-01T00:00:00Z",NULL,NULL,"Purchase",NULL,"Amazon Simple Queue Service Queue in US East (N. Virginia)","2024-09-18T04:00:00Z","2024-09-18T03:00:00Z",NULL,NULL,NULL,NULL,NULL,NULL,NULL,NULL,NULL,NULL,671.3121719999999,1.7124,0,"AWS","INV-202409-17335","AWS",706.6340749999999,1.8025,"Standard","USD",392.03,"Requests","AWS","AWS","us-east-1","US East (N. Virginia)","arn:aws:ec2:us-east-1:123456789012:instance/i-00dd9959da29",NULL,"Queue","Integration","Amazon Simple Queue Service","AWS","1HH0GUTRJ0F8RVUN","Amazon Simple Queue Service Requests",NULL,"2U8JZ7IXD8GRTCLM.IMW9XOW6","517389287820","Atlas Nimbus","BillingAccount","{""team"": ""growth"", ""owner"": ""g.hopper"", ""environment"": ""staging""}",NULL,NULL,"One-Time","Messaging",1.7124,0,1.8025,NULL,NULL
"AllocatedMethodId-1399","AllocatedResourceId-8664","AllocatedResourceName-3574","{}",102.66074784,"123456789012","SunBird","BillingAccount","USD","2024-10-01T00:00:00Z","2024-09-01T00:00:00Z",NULL,NULL,"Usage",NULL,"Amazon Relational Database Service Database Instance in US East (N. Virginia)","2024-09-14T12:00:00Z","2024-09-14T11:00:00Z",NULL,NULL,NULL,NULL,NULL,NULL,NULL,332.8300000000,"Hours",NULL,106.93827899999998,0.3213,102.66074784,"AWS","INV-202409-43313","AWS",146.511766,0.4402,"Other","USD",332.83,"Hours","AWS","AWS","us-east-1","US East (N. Virginia)","arn:aws:ec2:us-east-1:123456789012:instance/i-0094c680f16e",NULL,"Database Instance","Databases","Amazon Relational Database Service","AWS","4QSRYQPCT1SDD1AY","Amazon Relational Database Service Hours",NULL,"86IYT81I3XXN53O9.WSYBGIHB","438839167390","Zenith Eclipse","BillingAccount","{""business_unit"": ""MarseilleSRE"", ""owner"": ""k.johnson""}",NULL,"ap-southeast-2a","Usage-Based","Relational Databases",0.3213,102.66074784,0.4402,NULL,NULL
"AllocatedMethodId-9077","AllocatedResourceId-5716","AllocatedResourceName-3354","{}",93.5839179,"01ABCD-2345EF-6789GH","Helios Labs","BillingAccount","USD","2024-10-01T00:00:00Z","2024-09-01T00:00:00Z",NULL,NULL,"Usage",NULL,"Cloud SQL Database Instance in Singapore","2024-09-26T18:00:00Z","2024-09-26T17:00:00Z",NULL,NULL,NULL,NULL,NULL,NULL,NULL,30.2300000000,"Hours",NULL,94.52920999999999,3.1270,93.5839179,"Google","INV-202409-24312","Google",126.037939,4.1693,"Dynamic","USD",30.23,"Hours","Google","Google","asia-southeast1","Singapore","//compute.googleapis.com/projects/Helios Labs/zones/asia-southeast1-a/instances/inst-6574",NULL,"Database Instance","Databases","Cloud SQL","Google","G4SMHZDNIXDOTP67","Cloud SQL Hours",NULL,"QRJ39WJP1F5Q0QVT.WW36HL2M","proj-helios-prod","helios-prod","BillingAccount","{""business_unit"": ""LisbonOps"", ""team"": ""payments"", ""application"": ""NimbusAPI""}",NULL,NULL,"Usage-Based","Relational Databases",3.1270,93.5839179,4.1693,NULL,NULL
"AllocatedMethodId-4555","AllocatedResourceId-4755","AllocatedResourceName-8484","{}",188.16756544,"ocid1.tenancy.oc1..aaaa1234","Meridian OCI","Tenancy","USD","2024-10-01T00:00:00Z","2024-09-01T00:00:00Z",NULL,NULL,"Usage",NULL,"Oracle Compute Instance in Australia East (Sydney)","2024-09-06T16:00:00Z","2024-09-06T15:00:00Z",NULL,NULL,NULL,NULL,NULL,NULL,NULL,451.1200000000,"Hours",NULL,276.71700799999996,0.6134,188.16756544,"Oracle","INV-202409-44733","Oracle",364.098952,0.8071,"Standard","USD",451.12,"Hours","Oracle","Oracle","ap-sydney-1","Australia East (Sydney)","ocid1.instance.oc1.ap-sydney-1.00cc8dbe80d9",NULL,"Instance","Compute","Oracle Compute","Oracle","BRCRYVXGFK9YO6FH","Oracle Compute Hours",NULL,"BWAII8KC4SVWK7I2.054RLNNU","ocid1.compartment.oc1..prod","production","Tenancy","{""team"": ""infra"", ""application"": ""NimbusAPI""}",NULL,NULL,"Usage-Based","Virtual Machines",0.6134,188.16756544,0.8071,NULL,NULL
"AllocatedMethodId-2403","AllocatedResourceId-6101","AllocatedResourceName-9473","{}",674.79280752,"8a93b2c1-1234-4abc-9def-0123456789ab","Contoso Cloud","BillingProfile","USD","2024-10-01T00:00:00Z","2024-09-01T00:00:00Z",NULL,NULL,"Usage",NULL,"Azure Load Balancer Load Balancer in West Europe","2024-09-19T20:00:00Z","2024-09-19T19:00:00Z","Spend","cd-461457","commit-1457",NULL,"Used","Reserved Instance",NULL,209.1200000000,"Hours",NULL,725.583664,3.4697,674.79280752,"Microsoft","INV-202409-46065","Microsoft",780.205808,3.7309,"Committed","USD",209.12,"Hours","Microsoft","Microsoft","westeurope","West Europe","/subscriptions/8a93b2c1-1234-4abc-9def-0123456789ab/resourceGroups/rg-209/providers/Microsoft.Compute/virtualMachines/vm-3861",NULL,"Load Balancer","Networking","Azure Load Balancer","Microsoft","EQMQ7YYVN5EXW4PH","Azure Load Balancer Hours",NULL,"BWLA99ME93OBXD4N.O32OGI4M","sub-4d3e","Sandbox","BillingProfile",NULL,NULL,"westeurope-2","Usage-Based","Application Networking",3.4697,674.79280752,3.7309,NULL,NULL
"AllocatedMethodId-1393","AllocatedResourceId-1771","AllocatedResourceName-8269","{}",4.76654427,"01ABCD-2345EF-6789GH","Helios Labs","BillingAccount","USD","2024-10-01T00:00:00Z","2024-09-01T00:00:00Z",NULL,NULL,"Usage",NULL,"Compute Engine VM Instance in Belgium","2024-09-29T14:00:00Z","2024-09-29T13:00:00Z",NULL,NULL,NULL,NULL,NULL,NULL,NULL,13.4100000000,"Hours",NULL,7.814007,0.5827,4.76654427,"Google","INV-202409-38971","Google",10.01727,0.7470,"Other","USD",13.41,"Hours","Google","Google","europe-west1","Belgium","//compute.googleapis.com/projects/Helios Labs/zones/europe-west1-a/instances/inst-8733",NULL,"VM Instance","Compute","Compute Engine","Google","H7RWLPU0CIPNEU73","Compute Engine Hours",NULL,"WH3X2BMKMA978D1A.SE3VAKRH","proj-helios-dev","helios-dev","BillingAccount","{""application"": ""NimbusAPI""}",NULL,"us-central1-a","Usage-Based","Virtual Machines",0.5827,4.76654427,0.7470,NULL,NULL
"AllocatedMethodId-5860","AllocatedResourceId-8171","AllocatedResourceName-3883","{}",171.4778712,"ocid1.tenancy.oc1..aaaa1234","Meridian OCI","Tenancy","USD","2024-10-01T00:00:00Z","2024-09-01T00:00:00Z",NULL,NULL,"Tax",NULL,"Tax charge in Australia East (Sydney)","2024-09-23T01:00:00Z","2024-09-23T00:00:00Z",NULL,NULL,NULL,NULL,NULL,NULL,NULL,NULL,NULL,NULL,90.1256930000,NULL,171.4778712,"Oracle","INV-202409-15648","Oracle",39.0826540000,NULL,NULL,"USD",NULL,NULL,"Oracle","Oracle",NULL,NULL,NULL,NULL,NULL,"Other","Tax","Oracle",NULL,NULL,NULL,NULL,"ocid1.compartment.oc1..dev","development","Tenancy","{""business_unit"": ""OsloData""}",NULL,NULL,"One-Time","Other (Security)",NULL,171.4778712,NULL,NULL,NULL
"AllocatedMethodId-3623","AllocatedResourceId-5566","AllocatedResourceName-4485","{}",184.1849856,"01ABCD-2345EF-6789GH","Helios Labs","BillingAccount","USD","2024-10-01T00:00:00Z","2024-09-01T00:00:00Z",NULL,NULL,"Usage",NULL,"Cloud Load Balancing Forwarding Rule in Northern Virginia","2024-09-20T01:00:00Z","2024-09-20T00:00:00Z","Spend","cd-931761","commit-1761",NULL,"Unused","Committed Use Discount",NULL,NULL,NULL,NULL,209.30112,4.0096,184.1849856,"Google","INV-202409-19500","Google",237.84408000000002,4.5564,"Standard","USD",52.20,"Hours","Google","Google","us-east4","Northern Virginia","//compute.googleapis.com/projects/Helios Labs/zones/us-east4-a/instances/inst-4173",NULL,"Forwarding Rule","Networking","Cloud Load Balancing","Google","MSMSG1Y2QC29906X","Cloud Load Balancing Hours",NULL,"8U2REFDZ13J1SF62.P28UN34D","proj-helios-prod","helios-prod","BillingAccount","{""application"": ""NimbusAPI"", ""business_unit"": ""MarseilleSRE""}",NULL,"europe-west1-b","Usage-Based","Application Networking",4.0096,184.1849856,4.5564,NULL,NULL
"AllocatedMethodId-7362","AllocatedResourceId-7236","AllocatedResourceName-1323","{}",539.19923,"123456789012","SunBird","BillingAccount","USD","2024-10-01T00:00:00Z","2024-09-01T00:00:00Z",NULL,NULL,"Purchase",NULL,"Amazon Simple Queue Service Queue in Europe (Ireland)","2024-09-29T21:00:00Z","2024-09-29T20:00:00Z",NULL,NULL,NULL,NULL,NULL,NULL,NULL,NULL,NULL,NULL,539.19923,1.1642,0,"AWS","INV-202409-54619","AWS",599.084525,1.2935,"Standard","USD",463.15,"Requests","AWS","AWS","eu-west-1","Europe (Ireland)","arn:aws:ec2:eu-west-1:123456789012:instance/i-00ade94cf54f",NULL,"Queue","Integration","Amazon Simple Queue Service","AWS","MYWE62XZL1IDOK4N","Amazon Simple Queue Service Requests",NULL,"V5HJXY4LEJPAB9V3.6WHXOJTL","438839167390","Zenith Eclipse","BillingAccount","{""business_unit"": ""ViennaAI""}",NULL,NULL,"Recurring","Messaging",1.1642,0,1.2935,NULL,NULL
"AllocatedMethodId-4054","AllocatedResourceId-2299","AllocatedResourceName-6861","{}",661.08527232,"123456789012","SunBird","BillingAccount","USD","2024-10-01T00:00:00Z","2024-09-01T00:00:00Z",NULL,NULL,"Usage",NULL,"Elastic Load Balancing Load Balancer in US East (N. Virginia)","2024-09-21T23:00:00Z","2024-09-21T22:00:00Z",NULL,NULL,NULL,NULL,NULL,NULL,NULL,302.8800000000,"LCU-Hours",NULL,972.184224,3.2098,661.08527232,"AWS","INV-202409-67234","AWS",1056.718032,3.4889,"Other","USD",302.88,"LCU-Hours","AWS","AWS","us-east-1","US East (N. Virginia)","arn:aws:ec2:us-east-1:123456789012:instance/i-007eeb80fca8",NULL,"Load Balancer","Networking","Elastic Load Balancing","AWS","VMI6U18R22B5C1CB","Elastic Load Balancing LCU-Hours",NULL,"5RYGRPP2CDRF5TSM.Y92FYP63","438839167390","Zenith Eclipse","BillingAccount",NULL,NULL,NULL,"Usage-Based","Application Networking",3.2098,661.08527232,3.4889,NULL,NULL
"AllocatedMethodId-2384","AllocatedResourceId-2617","AllocatedResourceName-7584","{}",112.7558916,"ocid1.tenancy.oc1..aaaa1234","Meridian OCI","Tenancy","USD","2024-10-01T00:00:00Z","2024-09-01T00:00:00Z",NULL,NULL,"Usage",NULL,"Oracle Functions Function in UK South (London)","2024-09-14T21:00:00Z","2024-09-14T20:00:00Z","Usage","cd-859623","commit-9623",NULL,"Used","Savings Plan",NULL,218.5700000000,"Invocations",NULL,125.28432400000001,0.5732,112.7558916,"Oracle","INV-202409-85593","Oracle",133.283986,0.6098,"Committed","USD",218.57,"Invocations","Oracle","Oracle","uk-london-1","UK South (London)","ocid1.instance.oc1.uk-london-1.008274c88fa2",NULL,"Function","Compute","Oracle Functions","Oracle","NQLFKINO7KHUBA3H","Oracle Functions Invocations",NULL,"NIASR6QW034EXRH3.YYASU09O","ocid1.compartment.oc1..prod","production","Tenancy","{""cost_center"": ""CC-1001"", ""business_unit"": ""ViennaAI""}",NULL,"uk-london-1-AD-2","Usage-Based","Serverless Compute",0.5732,112.7558916,0.6098,NULL,NULL
"AllocatedMethodId-5515","AllocatedResourceId-1568","AllocatedResourceName-2010","{}",1350.926613,"01ABCD-2345EF-6789GH","Helios Labs","BillingAccount","USD","2024-10-01T00:00:00Z","2024-09-01T00:00:00Z",NULL,NULL,"Purchase",NULL,"Cloud SQL Database Instance in Northern Virginia","2024-09-22T00:00:00Z","2024-09-21T23:00:00Z",NULL,NULL,NULL,NULL,NULL,NULL,NULL,NULL,NULL,NULL,1350.926613,2.8983,0,"Google","INV-202409-99859","Google",1902.7076309999998,4.0821,"Dynamic","USD",466.11,"Hours","Google","Google","us-east4","Northern Virginia","//compute.googleapis.com/projects/Helios Labs/zones/us-east4-a/instances/inst-3625",NULL,"Database Instance","Databases","Cloud SQL","Google","VI1TVULE5XDS8757","Cloud SQL Hours",NULL,"I965J3XTRJKA1E9X.C0K83O71","proj-helios-dev","helios-dev","BillingAccount","{""application"": ""AtlasPortal"", ""cost_center"": ""CC-1001""}",NULL,NULL,"One-Time","Relational Databases",2.8983,0,4.0821,NULL,NULL
"AllocatedMethodId-4957","AllocatedResourceId-6376","AllocatedResourceName-6719","{}",330.344448,"ocid1.tenancy.oc1..aaaa1234","Meridian OCI","Tenancy","USD","2024-10-01T00:00:00Z","2024-09-01T00:00:00Z",NULL,NULL,"Usage",NULL,"Oracle Functions Function in US East (Ashburn)","2024-09-18T17:00:00Z","2024-09-18T16:00:00Z",NULL,NULL,NULL,NULL,NULL,NULL,NULL,122.8800000000,"Invocations",NULL,471.92064,3.8405,330.344448,"Oracle","INV-202409-21664","Oracle",491.58143999999993,4.0005,"Standard","USD",122.88,"Invocations","Oracle","Oracle","us-ashburn-1","US East (Ashburn)","ocid1.instance.oc1.us-ashburn-1.002c2e0e10c0",NULL,"Function","Compute","Oracle Functions","Oracle","GH6QBZWQ68UV75UX","Oracle Functions Invocations",NULL,"ISWJZGVERM03QW37.NUE28M63","ocid1.compartment.oc1..dev","development","Tenancy","{""cost_center"": ""CC-1001""}",NULL,"us-ashburn-1-AD-1","Usage-Based","Serverless Compute",3.8405,330.344448,4.0005,NULL,NULL
"AllocatedMethodId-2232","AllocatedResourceId-1679","AllocatedResourceName-5489","{}",737.195718,"ocid1.tenancy.oc1..aaaa1234","Meridian OCI","Tenancy","USD","2024-10-01T00:00:00Z","2024-09-01T00:00:00Z",NULL,NULL,"Purchase",NULL,"Oracle Functions Function in Australia East (Sydney)","2024-09-11T14:00:00Z","2024-09-11T13:00:00Z","Usage","cd-558608","commit-8608",NULL,"Unused","Reserved Instance",NULL,NULL,NULL,NULL,737.195718,2.0706,0,"Oracle","INV-202409-57884","Oracle",1023.906677,2.8759,"Committed","USD",356.03,"Invocations","Oracle","Oracle","ap-sydney-1","Australia East (Sydney)","ocid1.instance.oc1.ap-sydney-1.0036f9bea022",NULL,"Function","Compute","Oracle Functions","Oracle","H1IQ1T40KMZ8SI17","Oracle Functions Invocations",NULL,"XH53M14DFAI5EDUI.AM83KGIH","ocid1.compartment.oc1..dev","development","Tenancy","{""business_unit"": ""LisbonOps""}",NULL,NULL,"One-Time","Serverless Compute",2.0706,0,2.8759,NULL,NULL
"AllocatedMethodId-1064","AllocatedResourceId-5952","AllocatedResourceName-4313","{}",10.55427912,"01ABCD-2345EF-6789GH","Helios Labs","BillingAccount","USD","2024-10-01T00:00:00Z","2024-09-01T00:00:00Z",NULL,NULL,"Credit",NULL,"Cloud Load Balancing Forwarding Rule in Northern Virginia","2024-09-14T01:00:00Z","2024-09-14T00:00:00Z",NULL,NULL,NULL,NULL,NULL,NULL,NULL,NULL,NULL,NULL,13.706856,0.1499,10.55427912,"Google","INV-202409-45367","Google",16.312896,0.1784,"Other","USD",91.44,"Hours","Google","Google","us-east4","Northern Virginia",NULL,NULL,NULL,"Networking","Cloud Load Balancing","Google","IYIUP8FRAPD5UU7S","Cloud Load Balancing Hours",NULL,"ERKDJS7TMWD5RXAN.PL6D3BIQ","proj-helios-prod","helios-prod","BillingAccount","{""environment"": ""dev"", ""business_unit"": ""OsloData"", ""application"": ""BrightSourceCore""}",NULL,NULL,"One-Time","Application Networking",0.1499,10.55427912,0.1784,NULL,NULL
"AllocatedMethodId-9840","AllocatedResourceId-6415","AllocatedResourceName-9261","{}",136.55875464,"123456789012","SunBird","BillingAccount","USD","2024-10-01T00:00:00Z","2024-09-01T00:00:00Z",NULL,NULL,"Usage",NULL,"Amazon Elastic Compute Cloud Virtual Machine in US East (N. Virginia)","2024-09-21T16:00:00Z","2024-09-21T15:00:00Z",NULL,NULL,NULL,NULL,NULL,NULL,NULL,117.8100000000,"Hours",NULL,139.34566800000002,1.1828,136.55875464,"AWS","INV-202409-71938","AWS",193.53826800000002,1.6428,"Standard","USD",117.81,"Hours","AWS","AWS","us-east-1","US East (N. Virginia)","arn:aws:ec2:us-east-1:123456789012:instance/i-007cb951893e",NULL,"Virtual Machine","Compute","Amazon Elastic Compute Cloud","AWS","E2I2W4OVUT9GS3GL","Amazon Elastic Compute Cloud Hours",NULL,"Y01GVPNIRL3DIEWD.GNQOPD1K","438839167390","Zenith Eclipse","BillingAccount","{""owner"": ""a.turing"", ""environment"": ""qa""}",NULL,"eu-west-1c","Usage-Based","Virtual Machines",1.1828,136.55875464,1.6428,NULL,NULL
"AllocatedMethodId-9195","AllocatedResourceId-4915","AllocatedResourceName-6228","{}",14.1999654,"8a93b2c1-1234-4abc-9def-0123456789ab","Contoso Cloud","BillingProfile","USD","2024-10-01T00:00:00Z","2024-09-01T00:00:00Z",NULL,NULL,"Usage",NULL,"Azure SQL Database SQL Database in UK South","2024-09-09T02:00:00Z","2024-09-09T01:00:00Z","Usage","cd-331784","commit-1784",NULL,"Used","Reserved Instance",NULL,34.9400000000,"Hours",NULL,14.947332,0.4278,14.1999654,"Microsoft","INV-202409-62163","Microsoft",22.994014,0.6581,"Committed","USD",34.94,"Hours","Microsoft","Microsoft","uksouth","UK South","/subscriptions/8a93b2c1-1234-4abc-9def-0123456789ab/resourceGroups/rg-605/providers/Microsoft.Compute/virtualMachines/vm-3988",NULL,"SQL Database","Databases","Azure SQL Database","Microsoft","XU3FSLFF0LLCZUFC","Azure SQL Database Hours",NULL,"ARQMZQNZRSQNK0FQ.JKAD3JK2","sub-2b7c","Staging","BillingProfile",NULL,NULL,"uksouth-1","Usage-Based","Relational Databases",0.4278,14.1999654,0.6581,NULL,NULL
"AllocatedMethodId-8627","AllocatedResourceId-6121","AllocatedResourceName-9111","{}",93.31317465,"8a93b2c1-1234-4abc-9def-0123456789ab","Contoso Cloud","BillingProfile","USD","2024-10-01T00:00:00Z","2024-09-01T00:00:00Z",NULL,NULL,"Usage",NULL,"Azure Kubernetes Service Cluster in East US","2024-09-22T16:00:00Z","2024-09-22T15:00:00Z",NULL,NULL,NULL,NULL,NULL,NULL,NULL,334.3300000000,"Hours",NULL,135.23648500000002,0.4045,93.31317465,"Microsoft","INV-202409-25871","Microsoft",177.93042599999998,0.5322,"Standard","USD",334.33,"Hours","Microsoft","Microsoft","eastus","East US","/subscriptions/8a93b2c1-1234-4abc-9def-0123456789ab/resourceGroups/rg-753/providers/Microsoft.Compute/virtualMachines/vm-6224",NULL,"Cluster","Compute","Azure Kubernetes Service","Microsoft","1NIV6142VSZX90H4","Azure Kubernetes Service Hours",NULL,"K9T3BPSR0NOLSYW0.7SEVS0MV","sub-4d3e","Sandbox","BillingProfile","{""application"": ""BrightLensMatrix""}",NULL,NULL,"Usage-Based","Containers",0.4045,93.31317465,0.5322,NULL,NULL
"AllocatedMethodId-4615","AllocatedResourceId-8973","AllocatedResourceName-3543","{}",534.03683415,"8a93b2c1-1234-4abc-9def-0123456789ab","Contoso Cloud","BillingProfile","USD","2024-10-01T00:00:00Z","2024-09-01T00:00:00Z",NULL,NULL,"Usage",NULL,"Azure SQL Database SQL Database in East US","2024-09-16T16:00:00Z","2024-09-16T15:00:00Z",NULL,NULL,NULL,NULL,NULL,NULL,NULL,197.9500000000,"Hours",NULL,574.233155,2.9009,534.03683415,"Microsoft","INV-202409-20155","Microsoft",667.705145,3.3731,"Dynamic","USD",197.95,"Hours","Microsoft","Microsoft","eastus","East US","/subscriptions/8a93b2c1-1234-4abc-9def-0123456789ab/resourceGroups/rg-314/providers/Microsoft.Compute/virtualMachines/vm-3160",NULL,"SQL Database","Databases","Azure SQL Database","Microsoft","UJLZR7QIFAKLIUFQ","Azure SQL Database Hours",NULL,"VW4XM3IO5Z0CRESJ.1TNDL4C8","sub-4d3e","Sandbox","BillingProfile","{""team"": ""platform"", ""application"": ""BrightSourceCore""}",NULL,NULL,"Usage-Based","Relational Databases",2.9009,534.03683415,3.3731,NULL,NULL
"AllocatedMethodId-6832","AllocatedResourceId-1268","AllocatedResourceName-9673","{}",132.07188468,"8a93b2c1-1234-4abc-9def-0123456789ab","Contoso Cloud","BillingProfile","USD","2024-10-01T00:00:00Z","2024-09-01T00:00:00Z",NULL,NULL,"Usage",NULL,"Azure Functions Function App in West Europe","2024-09-01T17:00:00Z","2024-09-01T16:00:00Z",NULL,NULL,NULL,NULL,NULL,NULL,NULL,319.1900000000,"Executions",NULL,151.80676400000002,0.4756,132.07188468,"Microsoft","INV-202409-30810","Microsoft",237.190089,0.7431,"Standard","USD",319.19,"Executions","Microsoft","Microsoft","westeurope","West Europe","/subscriptions/8a93b2c1-1234-4abc-9def-0123456789ab/resourceGroups/rg-255/providers/Microsoft.Compute/virtualMachines/vm-276",NULL,"Function App","Compute","Azure Functions","Microsoft","TZI9QB31VMD838NS","Azure Functions Executions",NULL,"5Z3BD26JTTZ1ZYT9.O1ATN706","sub-9a1f","Production","BillingProfile",NULL,NULL,NULL,"Usage-Based","Serverless Compute",0.4756,132.07188468,0.7431,NULL,NULL
"AllocatedMethodId-5027","AllocatedResourceId-6901","AllocatedResourceName-2366","{}",540.8248358,"01ABCD-2345EF-6789GH","Helios Labs","BillingAccount","USD","2024-10-01T00:00:00Z","2024-09-01T00:00:00Z",NULL,NULL,"Usage",NULL,"Cloud SQL Database Instance in Belgium","2024-09-28T01:00:00Z","2024-09-28T00:00:00Z",NULL,NULL,NULL,NULL,NULL,NULL,NULL,396.3800000000,"Hours",NULL,575.34557,1.4515,540.8248358,"Google","INV-202409-12491","Google",747.2159379999999,1.8851,"Dynamic","USD",396.38,"Hours","Google","Google","europe-west1","Belgium","//compute.googleapis.com/projects/Helios Labs/zones/europe-west1-a/instances/inst-7782",NULL,"Database Instance","Databases","Cloud SQL","Google","PT08K4DR3LMPQQ10","Cloud SQL Hours",NULL,"ZGCWGTYF8DY6ZK69.Y774KRQQ","proj-helios-dev","helios-dev","BillingAccount","{""business_unit"": ""LisbonOps""}",NULL,NULL,"Usage-Based","Relational Databases",1.4515,540.8248358,1.8851,NULL,NULL
"AllocatedMethodId-5004","AllocatedResourceId-3002","AllocatedResourceName-9999","{}",244.27442928,"ocid1.tenancy.oc1..aaaa1234","Meridian OCI","Tenancy","USD","2024-10-01T00:00:00Z","2024-09-01T00:00:00Z",NULL,NULL,"Usage",NULL,"Oracle Load Balancer Load Balancer in Australia East (Sydney)","2024-09-18T20:00:00Z","2024-09-18T19:00:00Z",NULL,NULL,NULL,NULL,NULL,NULL,NULL,136.5400000000,"Hours",NULL,354.02091199999995,2.5928,244.27442928,"Oracle","INV-202409-34063","Oracle",580.3632699999999,4.2505,"Standard","USD",136.54,"Hours","Oracle","Oracle","ap-sydney-1","Australia East (Sydney)","ocid1.instance.oc1.ap-sydney-1.0028de61e6dc",NULL,"Load Balancer","Networking","Oracle Load Balancer","Oracle","IN55P9AFKKBEYNG6","Oracle Load Balancer Hours",NULL,"XLBAJPGXJNEMPZNE.SA9LFK5C","ocid1.compartment.oc1..dev","development","Tenancy","{""environment"": ""prod"", ""cost_center"": ""CC-2042"", ""application"": ""BrightSourceCore""}",NULL,"uk-london-1-AD-2","Usage-Based","Application Networking",2.5928,244.27442928,4.2505,NULL,NULL
"AllocatedMethodId-9934","AllocatedResourceId-4311","AllocatedResourceName-5637","{}",30.18439944,"ocid1.tenancy.oc1..aaaa1234","Meridian OCI","Tenancy","USD","2024-10-01T00:00:00Z","2024-09-01T00:00:00Z",NULL,NULL,"Usage",NULL,"Oracle Functions Function in US East (Ashburn)","2024-09-05T20:00:00Z","2024-09-05T19:00:00Z","Usage","cd-578674","commit-8674",NULL,"Unused","Committed Use Discount",NULL,NULL,NULL,NULL,34.694712,3.8168,30.18439944,"Oracle","INV-202409-11267","Oracle",38.549780999999996,4.2409,"Committed","USD",9.09,"Invocations","Oracle","Oracle","us-ashburn-1","US East (Ashburn)","ocid1.instance.oc1.us-ashburn-1.00d847df2bd8",NULL,"Function","Compute","Oracle Functions","Oracle","F3YVNLST7PQN64HX","Oracle Functions Invocations",NULL,"EUS5T1HH3D92AI4J.8LCQDCP7","ocid1.compartment.oc1..prod","production","Tenancy","{""owner"": ""a.lovelace"", ""application"": ""BrightLensMatrix"", ""cost_center"": ""CC-3090""}",NULL,NULL,"Usage-Based","Serverless Compute",3.8168,30.18439944,4.2409,NULL,NULL
"AllocatedMethodId-7504","AllocatedResourceId-5203","AllocatedResourceName-3773","{}",24.15723534,"123456789012","SunBird","BillingAccount","USD","2024-10-01T00:00:00Z","2024-09-01T00:00:00Z",NULL,NULL,"Usage",NULL,"Amazon Simple Storage Service Bucket in US West (Oregon)","2024-09-05T20:00:00Z","2024-09-05T19:00:00Z",NULL,NULL,NULL,NULL,NULL,NULL,NULL,12.5100000000,"GB",NULL,35.010486,2.7986,24.15723534,"AWS","INV-202409-76479","AWS",53.863056,4.3056,"Standard","USD",12.51,"GB","AWS","AWS","us-west-2","US West (Oregon)","arn:aws:ec2:us-west-2:123456789012:instance/i-00cd784fbb46",NULL,"Bucket","Storage","Amazon Simple Storage Service","AWS","2YKXJCKFOHG13WSK","Amazon Simple Storage Service GB",NULL,"7NKY5BGFZ26HH138.0IALUGVM","517389287820","Atlas Nimbus","BillingAccount",NULL,NULL,"eu-west-1c","Usage-Based","Object Storage",2.7986,24.15723534,4.3056,NULL,NULL
"AllocatedMethodId-9151","AllocatedResourceId-3677","AllocatedResourceName-8239","{}",240.67790208,"ocid1.tenancy.oc1..aaaa1234","Meridian OCI","Tenancy","USD","2024-10-01T00:00:00Z","2024-09-01T00:00:00Z",NULL,NULL,"Usage",NULL,"Oracle Functions Function in US East (Ashburn)","2024-09-08T07:00:00Z","2024-09-08T06:00:00Z","Spend","cd-318854","commit-8854",NULL,"Used","Savings Plan",NULL,149.4400000000,"Invocations",NULL,245.589696,1.6434,240.67790208,"Oracle","INV-202409-21037","Oracle",361.151648,2.4167,"Committed","USD",149.44,"Invocations","Oracle","Oracle","us-ashburn-1","US East (Ashburn)","ocid1.instance.oc1.us-ashburn-1.00c157fd9301",NULL,"Function","Compute","Oracle Functions","Oracle","VB2UUA7Q6UK9S052","Oracle Functions Invocations",NULL,"DO56Q125DA9OB2ZR.SCV6OUUA","ocid1.compartment.oc1..prod","production","Tenancy","{""application"": ""AtlasPortal""}",NULL,NULL,"Usage-Based","Serverless Compute",1.6434,240.67790208,2.4167,NULL,NULL
"AllocatedMethodId-5878","AllocatedResourceId-9896","AllocatedResourceName-2314","{}",84.5016822,"8a93b2c1-1234-4abc-9def-0123456789ab","Contoso Cloud","BillingProfile","USD","2024-10-01T00:00:00Z","2024-09-01T00:00:00Z",NULL,NULL,"Usage",NULL,"Azure Kubernetes Service Cluster in UK South","2024-09-06T21:00:00Z","2024-09-06T20:00:00Z",NULL,NULL,NULL,NULL,NULL,NULL,NULL,58.9100000000,"Hours",NULL,130.00258799999997,2.2068,84.5016822,"Microsoft","INV-202409-93194","Microsoft",203.127571,3.4481,"Standard","USD",58.91,"Hours","Microsoft","Microsoft","uksouth","UK South","/subscriptions/8a93b2c1-1234-4abc-9def-0123456789ab/resourceGroups/rg-3/providers/Microsoft.Compute/virtualMachines/vm-3579",NULL,"Cluster","Compute","Azure Kubernetes Service","Microsoft","1MY8BECXBLTCZUEE","Azure Kubernetes Service Hours",NULL,"4R4EF3DZR8W2169Z.MFKQD2BT","sub-9a1f","Production","BillingProfile",NULL,NULL,"eastus-1","Usage-Based","Containers",2.2068,84.5016822,3.4481,NULL,NULL
"AllocatedMethodId-6910","AllocatedResourceId-9225","AllocatedResourceName-9173","{}",531.78194568,"8a93b2c1-1234-4abc-9def-0123456789ab","Contoso Cloud","BillingProfile","USD","2024-10-01T00:00:00Z","2024-09-01T00:00:00Z",NULL,NULL,"Usage",NULL,"Azure Functions Function App in East US","2024-09-03T16:00:00Z","2024-09-03T15:00:00Z",NULL,NULL,NULL,NULL,NULL,NULL,NULL,410.4700000000,"Executions",NULL,578.023854,1.4082,531.78194568,"Microsoft","INV-202409-40896","Microsoft",688.111908,1.6764,"Standard","USD",410.47,"Executions","Microsoft","Microsoft","eastus","East US","/subscriptions/8a93b2c1-1234-4abc-9def-0123456789ab/resourceGroups/rg-320/providers/Microsoft.Compute/virtualMachines/vm-4212",NULL,"Function App","Compute","Azure Functions","Microsoft","BG4CJG21TVE43CIJ","Azure Functions Executions",NULL,"N9AQWOT26K23IUMJ.DWL8R794","sub-4d3e","Sandbox","BillingProfile","{""cost_center"": ""CC-2042""}",NULL,"uksouth-1","Usage-Based","Serverless Compute",1.4082,531.78194568,1.6764,NULL,NULL
"AllocatedMethodId-7134","AllocatedResourceId-7526","AllocatedResourceName-4215","{}",178.5983925,"8a93b2c1-1234-4abc-9def-0123456789ab","Contoso Cloud","BillingProfile","USD","2024-10-01T00:00:00Z","2024-09-01T00:00:00Z",NULL,NULL,"Usage",NULL,"Azure Kubernetes Service Cluster in West Europe","2024-09-26T23:00:00Z","2024-09-26T22:00:00Z",NULL,NULL,NULL,NULL,NULL,NULL,NULL,169.7300000000,"Hours",NULL,292.78425,1.7250,178.5983925,"Microsoft","INV-202409-22041","Microsoft",401.07198999999997,2.3630,"Other","USD",169.73,"Hours","Microsoft","Microsoft","westeurope","West Europe","/subscriptions/8a93b2c1-1234-4abc-9def-0123456789ab/resourceGroups/rg-767/providers/Microsoft.Compute/virtualMachines/vm-5090",NULL,"Cluster","Compute","Azure Kubernetes Service","Microsoft","SRI3P9OUZWIPE990","Azure Kubernetes Service Hours",NULL,"3ZKJ4PVOPTAYKDG0.1MPRDHQI","sub-4d3e","Sandbox","BillingProfile","{""environment"": ""qa"", ""cost_center"": ""CC-1001"", ""team"": ""growth""}",NULL,NULL,"Usage-Based","Containers",1.7250,178.5983925,2.3630,NULL,NULL
"AllocatedMethodId-2937","AllocatedResourceId-6900","AllocatedResourceName-4929","{}",172.80963675,"01ABCD-2345EF-6789GH","Helios Labs","BillingAccount","USD","2024-10-01T00:00:00Z","2024-09-01T00:00:00Z",NULL,NULL,"Usage",NULL,"Cloud Load Balancing Forwarding Rule in Singapore","2024-09-18T18:00:00Z","2024-09-18T17:00:00Z","Usage","cd-133716","commit-3716",NULL,"Unused","Savings Plan",NULL,NULL,NULL,NULL,230.412849,0.8279,172.80963675,"Google","INV-202409-59107","Google",253.20643800000002,0.9098,"Committed","USD",278.31,"Hours","Google","Google","asia-southeast1","Singapore","//compute.googleapis.com/projects/Helios Labs/zones/asia-southeast1-a/instances/inst-9309",NULL,"Forwarding Rule","Networking","Cloud Load Balancing","Google","QQSV4SKF98TLTYP6","Cloud Load Balancing Hours",NULL,"HXEKHH0R5LQYSL62.LQ2NUN75","proj-helios-prod","helios-prod","BillingAccount","{""application"": ""AtlasPortal"", ""business_unit"": ""OsloData"", ""environment"": ""dev""}",NULL,"us-central1-a","Usage-Based","Application Networking",0.8279,172.80963675,0.9098,NULL,NULL
"AllocatedMethodId-1146","AllocatedResourceId-7958","AllocatedResourceName-2270","{}",51.93999412,"123456789012","SunBird","BillingAccount","USD","2024-10-01T00:00:00Z","2024-09-01T00:00:00Z",NULL,NULL,"Usage",NULL,"Amazon Elastic Compute Cloud Virtual Machine in Asia Pacific (Sydney)","2024-09-06T03:00:00Z","2024-09-06T02:00:00Z",NULL,NULL,NULL,NULL,NULL,NULL,NULL,37.6600000000,"Hours",NULL,65.746828,1.7458,51.93999412,"AWS","INV-202409-54324","AWS",99.61823199999999,2.6452,"Other","USD",37.66,"Hours","AWS","AWS","ap-southeast-2","Asia Pacific (Sydney)","arn:aws:ec2:ap-southeast-2:123456789012:instance/i-0042d73cab4e",NULL,"Virtual Machine","Compute","Amazon Elastic Compute Cloud","AWS","QUMEB6FIQZTP48YK","Amazon Elastic Compute Cloud Hours",NULL,"TNDER0A10YHBY0P2.TGJE75CY","438839167390","Zenith Eclipse","BillingAccount","{""application"": ""AtlasPortal""}",NULL,NULL,"Usage-Based","Virtual Machines",1.7458,51.93999412,2.6452,NULL,NULL
"AllocatedMethodId-2109","AllocatedResourceId-6799","AllocatedResourceName-7032","{}",41.7785319,"01ABCD-2345EF-6789GH","Helios Labs","BillingAccount","USD","2024-10-01T00:00:00Z","2024-09-01T00:00:00Z",NULL,NULL,"Usage",NULL,"BigQuery Dataset in Iowa","2024-09-25T20:00:00Z","2024-09-25T19:00:00Z","Spend","cd-366673","commit-6673",NULL,"Unused","Reserved Instance",NULL,NULL,NULL,NULL,66.31513,0.4165,41.7785319,"Google","INV-202409-65461","Google",110.51460200000001,0.6941,"Standard","USD",159.22,"GiB","Google","Google","us-central1","Iowa","//compute.googleapis.com/projects/Helios Labs/zones/us-central1-a/instances/inst-7124",NULL,"Dataset","Analytics","BigQuery","Google","06OIHLD9ZFQ9SJXC","BigQuery GiB",NULL,"3ZY26QKCDESFRRIQ.ZA4O5KP8","proj-helios-dev","helios-dev","BillingAccount",NULL,NULL,NULL,"Usage-Based","Data Warehouses",0.4165,41.7785319,0.6941,NULL,NULL
"AllocatedMethodId-1470","AllocatedResourceId-6570","AllocatedResourceName-6150","{}",230.62611264,"8a93b2c1-1234-4abc-9def-0123456789ab","Contoso Cloud","BillingProfile","USD","2024-10-01T00:00:00Z","2024-09-01T00:00:00Z",NULL,NULL,"Tax",NULL,"Tax charge in Southeast Asia","2024-09-26T14:00:00Z","2024-09-26T13:00:00Z",NULL,NULL,NULL,NULL,NULL,NULL,NULL,NULL,NULL,NULL,49.8912490000,NULL,230.62611264,"Microsoft","INV-202409-40097","Microsoft",57.4781500000,NULL,NULL,"USD",NULL,NULL,"Microsoft","Microsoft",NULL,NULL,NULL,NULL,NULL,"Other","Tax","Microsoft",NULL,NULL,NULL,NULL,"sub-4d3e","Sandbox","BillingProfile","{""owner"": ""g.hopper"", ""cost_center"": ""CC-3090""}",NULL,NULL,"One-Time","Other (Security)",NULL,230.62611264,NULL,NULL,NULL
"AllocatedMethodId-6656","AllocatedResourceId-5806","AllocatedResourceName-1997","{}",59.43406734,"8a93b2c1-1234-4abc-9def-0123456789ab","Contoso Cloud","BillingProfile","USD","2024-10-01T00:00:00Z","2024-09-01T00:00:00Z",NULL,NULL,"Usage",NULL,"Azure Kubernetes Service Cluster in UK South","2024-09-01T17:00:00Z","2024-09-01T16:00:00Z",NULL,NULL,NULL,NULL,NULL,NULL,NULL,49.8600000000,"Hours",NULL,83.709954,1.6789,59.43406734,"Microsoft","INV-202409-46362","Microsoft",91.98671399999999,1.8449,"Other","USD",49.86,"Hours","Microsoft","Microsoft","uksouth","UK South","/subscriptions/8a93b2c1-1234-4abc-9def-0123456789ab/resourceGroups/rg-389/providers/Microsoft.Compute/virtualMachines/vm-1388",NULL,"Cluster","Compute","Azure Kubernetes Service","Microsoft","DPV1BI7W90Y1A0NW","Azure Kubernetes Service Hours",NULL,"T3ZB5UFKFDF6SIYK.IYTSG7BI","sub-2b7c","Staging","BillingProfile",NULL,NULL,"westeurope-2","Usage-Based","Containers",1.6789,59.43406734,1.8449,NULL,NULL
"AllocatedMethodId-8170","AllocatedResourceId-1015","AllocatedResourceName-1964","{}",810.9719553,"01ABCD-2345EF-6789GH","Helios Labs","BillingAccount","USD","2024-10-01T00:00:00Z","2024-09-01T00:00:00Z",NULL,NULL,"Usage",NULL,"Cloud Functions Function in Belgium","2024-09-18T08:00:00Z","2024-09-18T07:00:00Z",NULL,NULL,NULL,NULL,NULL,NULL,NULL,400.5500000000,"Invocations",NULL,1039.707635,2.5957,810.9719553,"Google","INV-202409-14986","Google",1283.6025300000001,3.2046,"Standard","USD",400.55,"Invocations","Google","Google","europe-west1","Belgium","//compute.googleapis.com/projects/Helios Labs/zones/europe-west1-a/instances/inst-557",NULL,"Function","Compute","Cloud Functions","Google","U3O5Q9WJVEKKV9S0","Cloud Functions Invocations",NULL,"3DF5UKK4LR1UKNZ5.QDJDO7VR","proj-helios-dev","helios-dev","BillingAccount","{""team"": ""infra""}",NULL,NULL,"Usage-Based","Serverless Compute",2.5957,810.9719553,3.2046,NULL,NULL
"AllocatedMethodId-4791","AllocatedResourceId-2001","AllocatedResourceName-9267","{}",703.0127052,"01ABCD-2345EF-6789GH","Helios Labs","BillingAccount","USD","2024-10-01T00:00:00Z","2024-09-01T00:00:00Z",NULL,NULL,"Usage",NULL,"Compute Engine VM Instance in Singapore","2024-09-06T12:00:00Z","2024-09-06T11:00:00Z","Usage","cd-669751","commit-9751",NULL,"Used","Reserved Instance",NULL,369.9000000000,"Hours",NULL,755.92764,2.0436,703.0127052,"Google","INV-202409-98784","Google",868.8951000000001,2.3490,"Committed","USD",369.90,"Hours","Google","Google","asia-southeast1","Singapore","//compute.googleapis.com/projects/Helios Labs/zones/asia-southeast1-a/instances/inst-9592",NULL,"VM Instance","Compute","Compute Engine","Google","1KBRD6WJBZPNQ0EE","Compute Engine Hours",NULL,"7575M2J7LYWMN6CS.GE4FYDPM","proj-helios-prod","helios-prod","BillingAccount","{""team"": ""growth"", ""owner"": ""g.hopper"", ""environment"": ""staging""}",NULL,"europe-west1-b","Usage-Based","Virtual Machines",2.0436,703.0127052,2.3490,NULL,NULL
"AllocatedMethodId-2347","AllocatedResourceId-4371","AllocatedResourceName-6983","{}",1383.26711,"01ABCD-2345EF-6789GH","Helios Labs","BillingAccount","USD","2024-10-01T00:00:00Z","2024-09-01T00:00:00Z",NULL,NULL,"Purchase",NULL,"Cloud SQL Database Instance in Singapore","2024-09-23T14:00:00Z","2024-09-23T13:00:00Z","Spend","cd-734274","commit-4274",NULL,"Used","Reserved Instance",NULL,NULL,NULL,NULL,1383.26711,4.2386,0,"Google","INV-202409-34719","Google",1411.4963850000001,4.3251,"Dynamic","USD",326.35,"Hours","Google","Google","asia-southeast1","Singapore","//compute.googleapis.com/projects/Helios Labs/zones/asia-southeast1-a/instances/inst-4273",NULL,"Database Instance","Databases","Cloud SQL","Google","505333P0V3YTWWTV","Cloud SQL Hours",NULL,"DNQ6HVQMWHGDIYNU.XNPD8IMP","proj-helios-prod","helios-prod","BillingAccount","{""cost_center"": ""CC-3090"", ""application"": ""BrightLensMatrix"", ""environment"": ""prod""}",NULL,NULL,"One-Time","Relational Databases",4.2386,0,4.3251,NULL,NULL
"AllocatedMethodId-2386","AllocatedResourceId-5917","AllocatedResourceName-6869","{}",141.66735198,"123456789012","SunBird","BillingAccount","USD","2024-10-01T00:00:00Z","2024-09-01T00:00:00Z",NULL,NULL,"Usage","Correction","Amazon Relational Database Service Database Instance in Europe (Ireland)","2024-09-02T06:00:00Z","2024-09-02T05:00:00Z",NULL,NULL,NULL,NULL,NULL,NULL,NULL,125.2100000000,"Hours",NULL,183.983574,1.4694,141.66735198,"AWS","INV-202409-83313","AWS",270.566289,2.1609,"Dynamic","USD",125.21,"Hours","AWS","AWS","eu-west-1","Europe (Ireland)","arn:aws:ec2:eu-west-1:123456789012:instance/i-0065947c1084",NULL,"Database Instance","Databases","Amazon Relational Database Service","AWS","641KG0S9PQI33PDL","Amazon Relational Database Service Hours",NULL,"SD1U4KWKCKOX6N33.HKX8L8Q7","438839167390","Zenith Eclipse","BillingAccount","{""business_unit"": ""ViennaAI""}",NULL,NULL,"Usage-Based","Relational Databases",1.4694,141.66735198,2.1609,NULL,NULL
"AllocatedMethodId-7936","AllocatedResourceId-1702","AllocatedResourceName-5066","{}",263.7925257,"123456789012","SunBird","BillingAccount","USD","2024-10-01T00:00:00Z","2024-09-01T00:00:00Z",NULL,NULL,"Usage",NULL,"Amazon Simple Queue Service Queue in Europe (Ireland)","2024-09-25T21:00:00Z","2024-09-25T20:00:00Z",NULL,NULL,NULL,NULL,NULL,NULL,NULL,291.9900000000,"Requests",NULL,306.735495,1.0505,263.7925257,"AWS","INV-202409-45369","AWS",457.811121,1.5679,"Other","USD",291.99,"Requests","AWS","AWS","eu-west-1","Europe (Ireland)","arn:aws:ec2:eu-west-1:123456789012:instance/i-00764068ccdd",NULL,"Queue","Integration","Amazon Simple Queue Service","AWS","KTJ7Y58XVQ5AE645","Amazon Simple Queue Service Requests",NULL,"WCHTY2CO15JVCI6B.DTE34C5P","663626350770","Zenith Apollo","BillingAccount","{""business_unit"": ""MarseilleSRE"", ""environment"": ""prod""}",NULL,"us-east-1a","Usage-Based","Messaging",1.0505,263.7925257,1.5679,NULL,NULL
"AllocatedMethodId-2909","AllocatedResourceId-2175","AllocatedResourceName-4589","{}",87.48328576,"123456789012","SunBird","BillingAccount","USD","2024-10-01T00:00:00Z","2024-09-01T00:00:00Z",NULL,NULL,"Usage","Correction","Amazon Simple Queue Service Queue in US East (N. Virginia)","2024-09-29T08:00:00Z","2024-09-29T07:00:00Z",NULL,NULL,NULL,NULL,NULL,NULL,NULL,293.7100000000,"Requests",NULL,136.692634,0.4654,87.48328576,"AWS","INV-202409-64174","AWS",187.26949599999998,0.6376,"Dynamic","USD",293.71,"Requests","AWS","AWS","us-east-1","US East (N. Virginia)","arn:aws:ec2:us-east-1:123456789012:instance/i-00980028c4ab",NULL,"Queue","Integration","Amazon Simple Queue Service","AWS","MI9Z56VFWD1Z76EW","Amazon Simple Queue Service Requests",NULL,"W3HUX00F009TCP0P.YQ0AVXUH","517389287820","Atlas Nimbus","BillingAccount","{""environment"": ""staging"", ""team"": ""growth""}",NULL,NULL,"Usage-Based","Messaging",0.4654,87.48328576,0.6376,NULL,NULL
"AllocatedMethodId-6944","AllocatedResourceId-6667","AllocatedResourceName-4706","{}",848.8782834,"8a93b2c1-1234-4abc-9def-0123456789ab","Contoso Cloud","BillingProfile","USD","2024-10-01T00:00:00Z","2024-09-01T00:00:00Z",NULL,NULL,"Usage",NULL,"Azure Functions Function App in Southeast Asia","2024-09-09T01:00:00Z","2024-09-09T00:00:00Z","Spend","cd-234909","commit-4909",NULL,"Unused","Reserved Instance",NULL,NULL,NULL,NULL,1010.569385,2.1707,848.8782834,"Microsoft","INV-202409-78703","Microsoft",1188.92159,2.5538,"Standard","USD",465.55,"Executions","Microsoft","Microsoft","southeastasia","Southeast Asia","/subscriptions/8a93b2c1-1234-4abc-9def-0123456789ab/resourceGroups/rg-369/providers/Microsoft.Compute/virtualMachines/vm-8513",NULL,"Function App","Compute","Azure Functions","Microsoft","60MF1ODWK5DQNYLL","Azure Functions Executions",NULL,"WF1QIPAHI4SZAH5Y.NGF61P3B","sub-2b7c","Staging","BillingProfile","{""owner"": ""a.turing"", ""business_unit"": ""LisbonOps""}",NULL,NULL,"Usage-Based","Serverless Compute",2.1707,848.8782834,2.5538,NULL,NULL
"AllocatedMethodId-3680","AllocatedResourceId-9233","AllocatedResourceName-2287","{}",224.33863088,"ocid1.tenancy.oc1..aaaa1234","Meridian OCI","Tenancy","USD","2024-10-01T00:00:00Z","2024-09-01T00:00:00Z",NULL,NULL,"Usage","Correction","Oracle Compute Instance in UK South (London)","2024-09-08T10:00:00Z","2024-09-08T09:00:00Z",NULL,NULL,NULL,NULL,NULL,NULL,NULL,174.1600000000,"Hours",NULL,303.160312,1.7407,224.33863088,"Oracle","INV-202409-95965","Oracle",409.676568,2.3523,"Standard","USD",174.16,"Hours","Oracle","Oracle","uk-london-1","UK South (London)","ocid1.instance.oc1.uk-london-1.0020fe3539a8",NULL,"Instance","Compute","Oracle Compute","Oracle","NK4NBNIT7L2TYNUI","Oracle Compute Hours",NULL,"OV0FH96JAP8A1V60.IE9VMEGG","ocid1.compartment.oc1..prod","production","Tenancy","{""business_unit"": ""ViennaAI"", ""environment"": ""prod"", ""owner"": ""k.johnson""}",NULL,NULL,"Usage-Based","Virtual Machines",1.7407,224.33863088,2.3523,NULL,NULL
"AllocatedMethodId-2183","AllocatedResourceId-9200","AllocatedResourceName-6825","{}",273.846601,"ocid1.tenancy.oc1..aaaa1234","Meridian OCI","Tenancy","USD","2024-10-01T00:00:00Z","2024-09-01T00:00:00Z",NULL,NULL,"Purchase",NULL,"Oracle Functions Function in Australia East (Sydney)","2024-09-09T23:00:00Z","2024-09-09T22:00:00Z",NULL,NULL,NULL,NULL,NULL,NULL,NULL,NULL,NULL,NULL,273.846601,1.3927,0,"Oracle","INV-202409-81016","Oracle",385.689745,1.9615,"Dynamic","USD",196.63,"Invocations","Oracle","Oracle","ap-sydney-1","Australia East (Sydney)","ocid1.instance.oc1.ap-sydney-1.004a79be3cc0",NULL,"Function","Compute","Oracle Functions","Oracle","5DLRBO5XNWMGMJQV","Oracle Functions Invocations",NULL,"I2V02GVDPDXZ639D.3EIZVJSS","ocid1.compartment.oc1..prod","production","Tenancy","{""environment"": ""staging"", ""owner"": ""k.johnson"", ""team"": ""growth""}",NULL,NULL,"One-Time","Serverless Compute",1.3927,0,1.9615,NULL,NULL
"AllocatedMethodId-6973","AllocatedResourceId-4084","AllocatedResourceName-7285","{}",13.40027208,"8a93b2c1-1234-4abc-9def-0123456789ab","Contoso Cloud","BillingProfile","USD","2024-10-01T00:00:00Z","2024-09-01T00:00:00Z",NULL,NULL,"Usage",NULL,"Azure Load Balancer Load Balancer in West Europe","2024-09-22T11:00:00Z","2024-09-22T10:00:00Z",NULL,NULL,NULL,NULL,NULL,NULL,NULL,36.9300000000,"Hours",NULL,17.179836,0.4652,13.40027208,"Microsoft","INV-202409-83966","Microsoft",22.309413,0.6041,"Other","USD",36.93,"Hours","Microsoft","Microsoft","westeurope","West Europe","/subscriptions/8a93b2c1-1234-4abc-9def-0123456789ab/resourceGroups/rg-241/providers/Microsoft.Compute/virtualMachines/vm-4104",NULL,"Load Balancer","Networking","Azure Load Balancer","Microsoft","WI6KIYGURBIT9QSM","Azure Load Balancer Hours",NULL,"QU340ZEP881VVBCF.XWZ26MJN","sub-4d3e","Sandbox","BillingProfile","{""team"": ""platform""}",NULL,"westeurope-2","Usage-Based","Application Networking",0.4652,13.40027208,0.6041,NULL,NULL
"AllocatedMethodId-5270","AllocatedResourceId-7407","AllocatedResourceName-8382","{}",467.95593599999995,"123456789012","SunBird","BillingAccount","USD","2024-10-01T00:00:00Z","2024-09-01T00:00:00Z",NULL,NULL,"Purchase",NULL,"Amazon Elastic Compute Cloud Virtual Machine in Europe (Ireland)","2024-09-07T14:00:00Z","2024-09-07T13:00:00Z","Usage","cd-656849","commit-6849",NULL,"Used","Committed Use Discount",NULL,NULL,NULL,NULL,467.95593599999995,2.4444,0,"AWS","INV-202409-51634","AWS",537.869824,2.8096,"Dynamic","USD",191.44,"Hours","AWS","AWS","eu-west-1","Europe (Ireland)","arn:aws:ec2:eu-west-1:123456789012:instance/i-00ba35a08663",NULL,"Virtual Machine","Compute","Amazon Elastic Compute Cloud","AWS","N99GEKA1Z41O2KBM","Amazon Elastic Compute Cloud Hours",NULL,"2OSQ6OYX04A3GAWZ.U5SM054C","517389287820","Atlas Nimbus","BillingAccount","{""environment"": ""dev"", ""application"": ""BrightLensMatrix""}",NULL,NULL,"One-Time","Virtual Machines",2.4444,0,2.8096,NULL,NULL
"AllocatedMethodId-7430","AllocatedResourceId-8225","AllocatedResourceName-4797","{}",942.686848,"8a93b2c1-1234-4abc-9def-0123456789ab","Contoso Cloud","BillingProfile","USD","2024-10-01T00:00:00Z","2024-09-01T00:00:00Z",NULL,NULL,"Usage",NULL,"Azure Functions Function App in West Europe","2024-09-17T18:00:00Z","2024-09-17T17:00:00Z",NULL,NULL,NULL,NULL,NULL,NULL,NULL,295.1800000000,"Executions",NULL,942.686848,3.1936,942.686848,"Microsoft","INV-202409-43768","Microsoft",1096.15093,3.7135,"Standard","USD",295.18,"Executions","Microsoft","Microsoft","westeurope","West Europe","/subscriptions/8a93b2c1-1234-4abc-9def-0123456789ab/resourceGroups/rg-592/providers/Microsoft.Compute/virtualMachines/vm-1310",NULL,"Function App","Compute","Azure Functions","Microsoft","8HDKVNGIL10IUR56","Azure Functions Executions",NULL,"DCU7DTAFSYHU3ACB.EDC2N76U","sub-9a1f","Production","BillingProfile","{""owner"": ""a.lovelace"", ""environment"": ""staging""}",NULL,NULL,"Usage-Based","Serverless Compute",3.1936,942.686848,3.7135,NULL,NULL
"AllocatedMethodId-4569","AllocatedResourceId-9745","AllocatedResourceName-8555","{}",1085.02372944,"01ABCD-2345EF-6789GH","Helios Labs","BillingAccount","USD","2024-10-01T00:00:00Z","2024-09-01T00:00:00Z",NULL,NULL,"Usage",NULL,"Cloud Load Balancing Forwarding Rule in Northern Virginia","2024-09-11T10:00:00Z","2024-09-11T09:00:00Z","Usage","cd-212525","commit-2525",NULL,"Unused","Committed Use Discount",NULL,NULL,NULL,NULL,1291.694916,3.1494,1085.02372944,"Google","INV-202409-82104","Google",1304.737368,3.1812,"Standard","USD",410.14,"Hours","Google","Google","us-east4","Northern Virginia","//compute.googleapis.com/projects/Helios Labs/zones/us-east4-a/instances/inst-7807",NULL,"Forwarding Rule","Networking","Cloud Load Balancing","Google","QLWEGFCMWTASKSEL","Cloud Load Balancing Hours",NULL,"U2COIP98203Y1CYK.7UEMTBN4","proj-helios-dev","helios-dev","BillingAccount","{""environment"": ""dev"", ""owner"": ""a.lovelace"", ""application"": ""AtlasPortal""}",NULL,"asia-southeast1-c","Usage-Based","Application Networking",3.1494,1085.02372944,3.1812,NULL,NULL
"AllocatedMethodId-9249","AllocatedResourceId-4042","AllocatedResourceName-4903","{}",215.90132872,"01ABCD-2345EF-6789GH","Helios Labs","BillingAccount","USD","2024-10-01T00:00:00Z","2024-09-01T00:00:00Z",NULL,NULL,"Usage",NULL,"Cloud SQL Database Instance in Belgium","2024-09-23T13:00:00Z","2024-09-23T12:00:00Z",NULL,NULL,NULL,NULL,NULL,NULL,NULL,119.4200000000,"Hours",NULL,317.501954,2.6587,215.90132872,"Google","INV-202409-56861","Google",412.345318,3.4529,"Dynamic","USD",119.42,"Hours","Google","Google","europe-west1","Belgium","//compute.googleapis.com/projects/Helios Labs/zones/europe-west1-a/instances/inst-4198",NULL,"Database Instance","Databases","Cloud SQL","Google","KA4HWT9F9UHOOGE4","Cloud SQL Hours",NULL,"60DV22Z25EI99ICO.DJ72U2RC","proj-helios-prod","helios-prod","BillingAccount","{""owner"": ""g.hopper"", ""application"": ""NimbusAPI""}",NULL,NULL,"Usage-Based","Relational Databases",2.6587,215.90132872,3.4529,NULL,NULL
"AllocatedMethodId-9100","AllocatedResourceId-1607","AllocatedResourceName-7033","{}",202.1158944,"123456789012","SunBird","BillingAccount","USD","2024-10-01T00:00:00Z","2024-09-01T00:00:00Z",NULL,NULL,"Usage",NULL,"Amazon Simple Storage Service Bucket in Asia Pacific (Sydney)","2024-09-17T04:00:00Z","2024-09-17T03:00:00Z",NULL,NULL,NULL,NULL,NULL,NULL,NULL,55.3900000000,"GB",NULL,224.573216,4.0544,202.1158944,"AWS","INV-202409-65110","AWS",241.47824400000002,4.3596,"Dynamic","USD",55.39,"GB","AWS","AWS","ap-southeast-2","Asia Pacific (Sydney)","arn:aws:ec2:ap-southeast-2:123456789012:instance/i-00aa909b3507",NULL,"Bucket","Storage","Amazon Simple Storage Service","AWS","04QXGTUO2WLW2TT7","Amazon Simple Storage Service GB",NULL,"8JUI0DH7XGGHU14P.O8WEU31S","517389287820","Atlas Nimbus","BillingAccount","{""business_unit"": ""LisbonOps"", ""owner"": ""a.lovelace""}",NULL,"ap-southeast-2a","Usage-Based","Object Storage",4.0544,202.1158944,4.3596,NULL,NULL
"AllocatedMethodId-7190","AllocatedResourceId-8580","AllocatedResourceName-5111","{}",830.78002656,"123456789012","SunBird","BillingAccount","USD","2024-10-01T00:00:00Z","2024-09-01T00:00:00Z",NULL,NULL,"Usage",NULL,"AWS Lambda Function in Asia Pacific (Sydney)","2024-09-01T10:00:00Z","2024-09-01T09:00:00Z","Usage","cd-554995","commit-4995",NULL,"Used","Committed Use Discount",NULL,367.6200000000,"Requests",NULL,1204.029024,3.2752,830.78002656,"AWS","INV-202409-92829","AWS",1824.277488,4.9624,"Committed","USD",367.62,"Requests","AWS","AWS","ap-southeast-2","Asia Pacific (Sydney)","arn:aws:ec2:ap-southeast-2:123456789012:instance/i-005655adeaba",NULL,"Function","Compute","AWS Lambda","AWS","TWYMPN8JPTXIRU2D","AWS Lambda Requests",NULL,"VEUV47IZM88AMKRJ.3FYH7YK6","663626350770","Zenith Apollo","BillingAccount",NULL,NULL,"ap-southeast-2a","Usage-Based","Serverless Compute",3.2752,830.78002656,4.9624,NULL,NULL
"AllocatedMethodId-4125","AllocatedResourceId-6347","AllocatedResourceName-5960","{}",353.804499,"ocid1.tenancy.oc1..aaaa1234","Meridian OCI","Tenancy","USD","2024-10-01T00:00:00Z","2024-09-01T00:00:00Z",NULL,NULL,"Purchase",NULL,"Oracle Functions Function in Australia East (Sydney)","2024-09-10T05:00:00Z","2024-09-10T04:00:00Z",NULL,NULL,NULL,NULL,NULL,NULL,NULL,NULL,NULL,NULL,353.804499,1.0337,0,"Oracle","INV-202409-72238","Oracle",589.6627560000001,1.7228,"Standard","USD",342.27,"Invocations","Oracle","Oracle","ap-sydney-1","Australia East (Sydney)","ocid1.instance.oc1.ap-sydney-1.00aa01c8adec",NULL,"Function","Compute","Oracle Functions","Oracle","RFLOI6AZLWPQG6XR","Oracle Functions Invocations",NULL,"VXRE8KU87PFQADOW.ZOBMK6J1","ocid1.compartment.oc1..prod","production","Tenancy","{""environment"": ""dev"", ""team"": ""platform"", ""application"": ""BrightSourceCore""}",NULL,NULL,"One-Time","Serverless Compute",1.0337,0,1.7228,NULL,NULL
"AllocatedMethodId-2689","AllocatedResourceId-8685","AllocatedResourceName-3583","{}",501.60619432,"123456789012","SunBird","BillingAccount","USD","2024-10-01T00:00:00Z","2024-09-01T00:00:00Z",NULL,NULL,"Usage",NULL,"Amazon Relational Database Service Database Instance in Asia Pacific (Sydney)","2024-09-24T08:00:00Z","2024-09-24T07:00:00Z",NULL,NULL,NULL,NULL,NULL,NULL,NULL,213.3200000000,"Hours",NULL,651.436616,3.0538,501.60619432,"AWS","INV-202409-15489","AWS",846.02712,3.9660,"Standard","USD",213.32,"Hours","AWS","AWS","ap-southeast-2","Asia Pacific (Sydney)","arn:aws:ec2:ap-southeast-2:123456789012:instance/i-007513aa8305",NULL,"Database Instance","Databases","Amazon Relational Database Service","AWS","D70L808UYSNT2YD7","Amazon Relational Database Service Hours",NULL,"8LNBKX82L7SZ3NZN.EZMPB9SY","663626350770","Zenith Apollo","BillingAccount",NULL,NULL,NULL,"Usage-Based","Relational Databases",3.0538,501.60619432,3.9660,NULL,NULL
"AllocatedMethodId-1100","AllocatedResourceId-5852","AllocatedResourceName-7862","{}",18.20889146,"ocid1.tenancy.oc1..aaaa1234","Meridian OCI","Tenancy","USD","2024-10-01T00:00:00Z","2024-09-01T00:00:00Z",NULL,NULL,"Usage",NULL,"Oracle Object Storage Bucket in Australia East (Sydney)","2024-09-11T02:00:00Z","2024-09-11T01:00:00Z",NULL,NULL,NULL,NULL,NULL,NULL,NULL,155.8100000000,"GB",NULL,25.646326,0.1646,18.20889146,"Oracle","INV-202409-61048","Oracle",38.266936,0.2456,"Dynamic","USD",155.81,"GB","Oracle","Oracle","ap-sydney-1","Australia East (Sydney)","ocid1.instance.oc1.ap-sydney-1.001ff67f1355",NULL,"Bucket","Storage","Oracle Object Storage","Oracle","OGDGY0PY1LJ7RXUT","Oracle Object Storage GB",NULL,"ESA8V3YJKWEGA6T7.1FCY0CDL","ocid1.compartment.oc1..prod","production","Tenancy","{""application"": ""BrightSourceCore"", ""owner"": ""k.johnson"", ""team"": ""payments""}",NULL,NULL,"Usage-Based","Object Storage",0.1646,18.20889146,0.2456,NULL,NULL
"AllocatedMethodId-4643","AllocatedResourceId-4263","AllocatedResourceName-2999","{}",723.51744936,"123456789012","SunBird","BillingAccount","USD","2024-10-01T00:00:00Z","2024-09-01T00:00:00Z",NULL,NULL,"Usage",NULL,"AWS Lambda Function in US East (N. Virginia)","2024-09-12T05:00:00Z","2024-09-12T04:00:00Z",NULL,NULL,NULL,NULL,NULL,NULL,NULL,255.5600000000,"Requests",NULL,777.975752,3.0442,723.51744936,"AWS","INV-202409-40668","AWS",810.38076,3.1710,"Standard","USD",255.56,"Requests","AWS","AWS","us-east-1","US East (N. Virginia)","arn:aws:ec2:us-east-1:123456789012:instance/i-00a2d4292cfd",NULL,"Function","Compute","AWS Lambda","AWS","SU4OJE1WDLRJN7MW","AWS Lambda Requests",NULL,"RQA3EEA3K7XBKPBW.B112GQ8V","438839167390","Zenith Eclipse","BillingAccount","{""business_unit"": ""ViennaAI"", ""application"": ""NimbusAPI""}",NULL,"ap-southeast-2a","Usage-Based","Serverless Compute",3.0442,723.51744936,3.1710,NULL,NULL
"AllocatedMethodId-8968","AllocatedResourceId-5105","AllocatedResourceName-7511","{}",85.97432844,"ocid1.tenancy.oc1..aaaa1234","Meridian OCI","Tenancy","USD","2024-10-01T00:00:00Z","2024-09-01T00:00:00Z",NULL,NULL,"Adjustment",NULL,"Oracle Compute Instance in UK South (London)","2024-09-25T13:00:00Z","2024-09-25T12:00:00Z",NULL,NULL,NULL,NULL,NULL,NULL,NULL,NULL,NULL,NULL,93.450357,0.2541,85.97432844,"Oracle","INV-202409-32070","Oracle",121.3641,0.3300,"Standard","USD",367.77,"Hours","Oracle","Oracle","uk-london-1","UK South (London)",NULL,NULL,NULL,"Compute","Oracle Compute","Oracle","LKAL69EWLD6WIH2Z","Oracle Compute Hours",NULL,"9AHK01KVCUD4OIRE.OSPDPKXC","ocid1.compartment.oc1..dev","development","Tenancy",NULL,NULL,NULL,"One-Time","Virtual Machines",0.2541,85.97432844,0.3300,NULL,NULL
"AllocatedMethodId-2756","AllocatedResourceId-2175","AllocatedResourceName-8727","{}",594.826141,"8a93b2c1-1234-4abc-9def-0123456789ab","Contoso Cloud","BillingProfile","USD","2024-10-01T00:00:00Z","2024-09-01T00:00:00Z",NULL,NULL,"Usage",NULL,"Azure Blob Storage Storage Account in West Europe","2024-09-13T01:00:00Z","2024-09-13T00:00:00Z",NULL,NULL,NULL,NULL,NULL,NULL,NULL,419.9000000000,"GB",NULL,849.7516299999999,2.0237,594.826141,"Microsoft","INV-202409-84448","Microsoft",1011.6230799999998,2.4092,"Other","USD",419.90,"GB","Microsoft","Microsoft","westeurope","West Europe","/subscriptions/8a93b2c1-1234-4abc-9def-0123456789ab/resourceGroups/rg-915/providers/Microsoft.Compute/virtualMachines/vm-9048",NULL,"Storage Account","Storage","Azure Blob Storage","Microsoft","OB70QGS90PIC6UBV","Azure Blob Storage GB",NULL,"DR65GVBUH9IN35KG.DD4QSQ4O","sub-4d3e","Sandbox","BillingProfile","{""owner"": ""k.johnson""}",NULL,NULL,"Usage-Based","Object Storage",2.0237,594.826141,2.4092,NULL,NULL
"AllocatedMethodId-8227","AllocatedResourceId-7118","AllocatedResourceName-3169","{}",265.01250688,"123456789012","SunBird","BillingAccount","USD","2024-10-01T00:00:00Z","2024-09-01T00:00:00Z",NULL,NULL,"Usage",NULL,"Amazon Simple Queue Service Queue in Europe (Ireland)","2024-09-01T11:00:00Z","2024-09-01T10:00:00Z",NULL,NULL,NULL,NULL,NULL,NULL,NULL,178.2800000000,"Requests",NULL,301.150576,1.6892,265.01250688,"AWS","INV-202409-73327","AWS",470.55223200000006,2.6394,"Standard","USD",178.28,"Requests","AWS","AWS","eu-west-1","Europe (Ireland)","arn:aws:ec2:eu-west-1:123456789012:instance/i-0077e1c6cfdc",NULL,"Queue","Integration","Amazon Simple Queue Service","AWS","ZYA2IOZYDS4QGJA9","Amazon Simple Queue Service Requests",NULL,"G8AM17N6JWI8SATN.PXHZBIZV","663626350770","Zenith Apollo","BillingAccount","{""owner"": ""g.hopper"", ""team"": ""infra""}",NULL,"eu-west-1c","Usage-Based","Messaging",1.6892,265.01250688,2.6394,NULL,NULL
"AllocatedMethodId-6079","AllocatedResourceId-6973","AllocatedResourceName-7379","{}",24.71003829,"ocid1.tenancy.oc1..aaaa1234","Meridian OCI","Tenancy","USD","2024-10-01T00:00:00Z","2024-09-01T00:00:00Z",NULL,NULL,"Usage",NULL,"Oracle Functions Function in Australia East (Sydney)","2024-09-24T21:00:00Z","2024-09-24T20:00:00Z",NULL,NULL,NULL,NULL,NULL,NULL,NULL,49.3300000000,"Invocations",NULL,39.222283,0.7951,24.71003829,"Oracle","INV-202409-89056","Oracle",48.422328,0.9816,"Other","USD",49.33,"Invocations","Oracle","Oracle","ap-sydney-1","Australia East (Sydney)","ocid1.instance.oc1.ap-sydney-1.00b370967f2c",NULL,"Function","Compute","Oracle Functions","Oracle","6OOANWPXIZC78WML","Oracle Functions Invocations",NULL,"93PSBFFQ5T3VR5M2.3CRC038E","ocid1.compartment.oc1..dev","development","Tenancy","{""cost_center"": ""CC-2042"", ""application"": ""BrightSourceCore"", ""environment"": ""qa""}",NULL,"uk-london-1-AD-2","Usage-Based","Serverless Compute",0.7951,24.71003829,0.9816,NULL,NULL
"AllocatedMethodId-9998","AllocatedResourceId-2092","AllocatedResourceName-3352","{}",854.09204042,"01ABCD-2345EF-6789GH","Helios Labs","BillingAccount","USD","2024-10-01T00:00:00Z","2024-09-01T00:00:00Z",NULL,NULL,"Usage",NULL,"Cloud Functions Function in Northern Virginia","2024-09-10T23:00:00Z","2024-09-10T22:00:00Z",NULL,NULL,NULL,NULL,NULL,NULL,NULL,331.6700000000,"Invocations",NULL,1154.178433,3.4799,854.09204042,"Google","INV-202409-30947","Google",1282.435222,3.8666,"Standard","USD",331.67,"Invocations","Google","Google","us-east4","Northern Virginia","//compute.googleapis.com/projects/Helios Labs/zones/us-east4-a/instances/inst-3207",NULL,"Function","Compute","Cloud Functions","Google","5U1RNC4KG6633E1G","Cloud Functions Invocations",NULL,"YU63LO0PTEHCQ8V2.902HJYU4","proj-helios-dev","helios-dev","BillingAccount","{""owner"": ""a.lovelace"", ""cost_center"": ""CC-3090"", ""application"": ""BrightLensMatrix""}",NULL,"us-central1-a","Usage-Based","Serverless Compute",3.4799,854.09204042,3.8666,NULL,NULL
"AllocatedMethodId-1834","AllocatedResourceId-7927","AllocatedResourceName-6117","{}",535.584768,"123456789012","SunBird","BillingAccount","USD","2024-10-01T00:00:00Z","2024-09-01T00:00:00Z",NULL,NULL,"Purchase",NULL,"Amazon Simple Storage Service Bucket in Asia Pacific (Sydney)","2024-09-27T15:00:00Z","2024-09-27T14:00:00Z","Spend","cd-710795","commit-0795",NULL,"Unused","Committed Use Discount",NULL,NULL,NULL,NULL,535.584768,2.9184,0,"AWS","INV-202409-26126","AWS",595.100304,3.2427,"Committed","USD",183.52,"GB","AWS","AWS","ap-southeast-2","Asia Pacific (Sydney)","arn:aws:ec2:ap-southeast-2:123456789012:instance/i-00cf620b4d32",NULL,"Bucket","Storage","Amazon Simple Storage Service","AWS","W9VXM3ODRN30NH7U","Amazon Simple Storage Service GB",NULL,"XZ5B5H1QQ9GRTAAD.RC2X0CJP","663626350770","Zenith Apollo","BillingAccount",NULL,NULL,NULL,"Recurring","Object Storage",2.9184,0,3.2427,NULL,NULL
"AllocatedMethodId-3585","AllocatedResourceId-6737","AllocatedResourceName-7177","{}",133.89987624,"123456789012","SunBird","BillingAccount","USD","2024-10-01T00:00:00Z","2024-09-01T00:00:00Z",NULL,NULL,"Usage",NULL,"Amazon Simple Queue Service Queue in Asia Pacific (Sydney)","2024-09-25T23:00:00Z","2024-09-25T22:00:00Z",NULL,NULL,NULL,NULL,NULL,NULL,NULL,88.2400000000,"Requests",NULL,183.424488,2.0787,133.89987624,"AWS","INV-202409-18030","AWS",247.87498399999998,2.8091,"Standard","USD",88.24,"Requests","AWS","AWS","ap-southeast-2","Asia Pacific (Sydney)","arn:aws:ec2:ap-southeast-2:123456789012:instance/i-005c06949b67",NULL,"Queue","Integration","Amazon Simple Queue Service","AWS","Q5JXH4M00UR2X639","Amazon Simple Queue Service Requests",NULL,"P4EDUMJWD153H9UM.ZAG4SOBQ","517389287820","Atlas Nimbus","BillingAccount",NULL,NULL,NULL,"Usage-Based","Messaging",2.0787,133.89987624,2.8091,NULL,NULL
"AllocatedMethodId-1734","AllocatedResourceId-4345","AllocatedResourceName-8140","{}",841.71080448,"123456789012","SunBird","BillingAccount","USD","2024-10-01T00:00:00Z","2024-09-01T00:00:00Z",NULL,NULL,"Usage",NULL,"Amazon Elastic Compute Cloud Virtual Machine in Europe (Ireland)","2024-09-09T14:00:00Z","2024-09-09T13:00:00Z","Spend","cd-215866","commit-5866",NULL,"Unused","Savings Plan",NULL,NULL,NULL,NULL,924.9569280000001,2.1848,841.71080448,"AWS","INV-202409-30653","AWS",984.015648,2.3243,"Dynamic","USD",423.36,"Hours","AWS","AWS","eu-west-1","Europe (Ireland)","arn:aws:ec2:eu-west-1:123456789012:instance/i-00804ad676d3",NULL,"Virtual Machine","Compute","Amazon Elastic Compute Cloud","AWS","SL3KBSN69G503ZIK","Amazon Elastic Compute Cloud Hours",NULL,"2CJWTPEZOEU6T0R4.IV0DSY36","517389287820","Atlas Nimbus","BillingAccount",NULL,NULL,"eu-west-1c","Usage-Based","Virtual Machines",2.1848,841.71080448,2.3243,NULL,NULL
"AllocatedMethodId-7305","AllocatedResourceId-5859","AllocatedResourceName-6847","{}",50.32164192,"123456789012","SunBird","BillingAccount","USD","2024-10-01T00:00:00Z","2024-09-01T00:00:00Z",NULL,NULL,"Usage",NULL,"Amazon Simple Queue Service Queue in US East (N. Virginia)","2024-09-16T00:00:00Z","2024-09-15T23:00:00Z",NULL,NULL,NULL,NULL,NULL,NULL,NULL,196.4400000000,"Requests",NULL,57.18368400000001,0.2911,50.32164192,"AWS","INV-202409-83127","AWS",63.528696000000004,0.3234,"Standard","USD",196.44,"Requests","AWS","AWS","us-east-1","US East (N. Virginia)","arn:aws:ec2:us-east-1:123456789012:instance/i-0025f48014a2",NULL,"Queue","Integration","Amazon Simple Queue Service","AWS","1Y21ZUSAUOLRKH0R","Amazon Simple Queue Service Requests",NULL,"OVOK61E39AX9EP7C.V2OLHOY2","438839167390","Zenith Eclipse","BillingAccount","{""environment"": ""dev""}",NULL,NULL,"Usage-Based","Messaging",0.2911,50.32164192,0.3234,NULL,NULL
"AllocatedMethodId-9069","AllocatedResourceId-7932","AllocatedResourceName-3613","{}",14.8214286,"01ABCD-2345EF-6789GH","Helios Labs","BillingAccount","USD","2024-10-01T00:00:00Z","2024-09-01T00:00:00Z",NULL,NULL,"Usage",NULL,"Cloud SQL Database Instance in Belgium","2024-09-05T17:00:00Z","2024-09-05T16:00:00Z","Usage","cd-264038","commit-4038",NULL,"Unused","Reserved Instance",NULL,NULL,NULL,NULL,14.97114,2.6830,14.8214286,"Google","INV-202409-91842","Google",20.508732,3.6754,"Dynamic","USD",5.58,"Hours","Google","Google","europe-west1","Belgium","//compute.googleapis.com/projects/Helios Labs/zones/europe-west1-a/instances/inst-8731",NULL,"Database Instance","Databases","Cloud SQL","Google","81LU9ZJZPU1BCYLV","Cloud SQL Hours",NULL,"WEXF42XEM47QVNEL.3MRQV7BE","proj-helios-dev","helios-dev","BillingAccount","{""business_unit"": ""MarseilleSRE"", ""application"": ""BrightSourceCore""}",NULL,"asia-southeast1-c","Usage-Based","Relational Databases",2.6830,14.8214286,3.6754,NULL,NULL
"AllocatedMethodId-5387","AllocatedResourceId-1263","AllocatedResourceName-4155","{}",19.98412624,"123456789012","SunBird","BillingAccount","USD","2024-10-01T00:00:00Z","2024-09-01T00:00:00Z",NULL,NULL,"Usage",NULL,"Amazon Simple Storage Service Bucket in Europe (Ireland)","2024-09-04T20:00:00Z","2024-09-04T19:00:00Z",NULL,NULL,NULL,NULL,NULL,NULL,NULL,38.4800000000,"GB",NULL,20.602192,0.5354,19.98412624,"AWS","INV-202409-25825","AWS",28.613728,0.7436,"Dynamic","USD",38.48,"GB","AWS","AWS","eu-west-1","Europe (Ireland)","arn:aws:ec2:eu-west-1:123456789012:instance/i-008b0e8d6253",NULL,"Bucket","Storage","Amazon Simple Storage Service","AWS","C6GAGR7GK2E98RC9","Amazon Simple Storage Service GB",NULL,"QP2T9HIZ6H5PAA7B.U68AV6C8","438839167390","Zenith Eclipse","BillingAccount","{""environment"": ""staging""}",NULL,NULL,"Usage-Based","Object Storage",0.5354,19.98412624,0.7436,NULL,NULL
"AllocatedMethodId-7052","AllocatedResourceId-7836","AllocatedResourceName-6799","{}",1321.06867992,"8a93b2c1-1234-4abc-9def-0123456789ab","Contoso Cloud","BillingProfile","USD","2024-10-01T00:00:00Z","2024-09-01T00:00:00Z",NULL,NULL,"Usage",NULL,"Azure SQL Database SQL Database in East US","2024-09-02T11:00:00Z","2024-09-02T10:00:00Z",NULL,NULL,NULL,NULL,NULL,NULL,NULL,347.4400000000,"Hours",NULL,1334.412808,3.8407,1321.06867992,"Microsoft","INV-202409-66719","Microsoft",1551.6322960000002,4.4659,"Standard","USD",347.44,"Hours","Microsoft","Microsoft","eastus","East US","/subscriptions/8a93b2c1-1234-4abc-9def-0123456789ab/resourceGroups/rg-278/providers/Microsoft.Compute/virtualMachines/vm-842",NULL,"SQL Database","Databases","Azure SQL Database","Microsoft","G00T0BIEKS121QJ6","Azure SQL Database Hours",NULL,"HJW7MZKD3R69QUEL.YAJAPOFQ","sub-2b7c","Staging","BillingProfile","{""cost_center"": ""CC-3090"", ""team"": ""payments"", ""application"": ""BrightLensMatrix""}",NULL,NULL,"Usage-Based","Relational Databases",3.8407,1321.06867992,4.4659,NULL,NULL
"AllocatedMethodId-8763","AllocatedResourceId-9437","AllocatedResourceName-9690","{}",246.27667372,"ocid1.tenancy.oc1..aaaa1234","Meridian OCI","Tenancy","USD","2024-10-01T00:00:00Z","2024-09-01T00:00:00Z",NULL,NULL,"Usage",NULL,"Oracle Compute Instance in UK South (London)","2024-09-16T03:00:00Z","2024-09-16T02:00:00Z","Spend","cd-462139","commit-2139",NULL,"Used","Savings Plan",NULL,315.8600000000,"Hours",NULL,296.718884,0.9394,246.27667372,"Oracle","INV-202409-98516","Oracle",333.39023000000003,1.0555,"Committed","USD",315.86,"Hours","Oracle","Oracle","uk-london-1","UK South (London)","ocid1.instance.oc1.uk-london-1.00cc01d62de0",NULL,"Instance","Compute","Oracle Compute","Oracle","UMIIOB4JR95YQGL0","Oracle Compute Hours",NULL,"GNXX5QU8ZH6AU6MP.TC7OXRRJ","ocid1.compartment.oc1..dev","development","Tenancy","{""owner"": ""a.lovelace"", ""team"": ""infra"", ""business_unit"": ""OsloData""}",NULL,"uk-london-1-AD-2","Usage-Based","Virtual Machines",0.9394,246.27667372,1.0555,NULL,NULL
"AllocatedMethodId-2564","AllocatedResourceId-5618","AllocatedResourceName-5042","{}",154.01482005,"01ABCD-2345EF-6789GH","Helios Labs","BillingAccount","USD","2024-10-01T00:00:00Z","2024-09-01T00:00:00Z",NULL,NULL,"Usage",NULL,"Cloud Functions Function in Iowa","2024-09-01T16:00:00Z","2024-09-01T15:00:00Z",NULL,NULL,NULL,NULL,NULL,NULL,NULL,190.4500000000,"Invocations",NULL,158.778165,0.8337,154.01482005,"Google","INV-202409-46382","Google",186.79335999999998,0.9808,"Standard","USD",190.45,"Invocations","Google","Google","us-central1","Iowa","//compute.googleapis.com/projects/Helios Labs/zones/us-central1-a/instances/inst-8968",NULL,"Function","Compute","Cloud Functions","Google","P08PFL4VOQH8NWV4","Cloud Functions Invocations",NULL,"9CKI6BF35FB0ISXB.IYSR3OXN","proj-helios-prod","helios-prod","BillingAccount",NULL,NULL,"asia-southeast1-c","Usage-Based","Serverless Compute",0.8337,154.01482005,0.9808,NULL,NULL
"AllocatedMethodId-6932","AllocatedResourceId-8305","AllocatedResourceName-6555","{}",468.6294536,"123456789012","SunBird","BillingAccount","USD","2024-10-01T00:00:00Z","2024-09-01T00:00:00Z",NULL,NULL,"Credit",NULL,"Amazon Elastic Compute Cloud Virtual Machine in US West (Oregon)","2024-09-11T05:00:00Z","2024-09-11T04:00:00Z","Spend","cd-700958","commit-0958",NULL,"Unused","Savings Plan",NULL,NULL,NULL,NULL,593.20184,2.7514,468.6294536,"AWS","INV-202409-43063","AWS",714.69244,3.3149,"Committed","USD",215.60,"Hours","AWS","AWS","us-west-2","US West (Oregon)",NULL,NULL,NULL,"Compute","Amazon Elastic Compute Cloud","AWS","GFDSA9O6QP39LZBF","Amazon Elastic Compute Cloud Hours",NULL,"8244WOMSJIUNOIIQ.IX542L33","517389287820","Atlas Nimbus","BillingAccount","{""business_unit"": ""MarseilleSRE"", ""team"": ""platform"", ""cost_center"": ""CC-3090""}",NULL,NULL,"One-Time","Virtual Machines",2.7514,468.6294536,3.3149,NULL,NULL
"AllocatedMethodId-9466","AllocatedResourceId-8119","AllocatedResourceName-4526","{}",139.79375568,"123456789012","SunBird","BillingAccount","USD","2024-10-01T00:00:00Z","2024-09-01T00:00:00Z",NULL,NULL,"Usage",NULL,"Amazon Simple Storage Service Bucket in US East (N. Virginia)","2024-09-23T06:00:00Z","2024-09-23T05:00:00Z",NULL,NULL,NULL,NULL,NULL,NULL,NULL,46.6300000000,"GB",NULL,194.15799400000003,4.1638,139.79375568,"AWS","INV-202409-84646","AWS",218.153792,4.6784,"Standard","USD",46.63,"GB","AWS","AWS","us-east-1","US East (N. Virginia)","arn:aws:ec2:us-east-1:123456789012:instance/i-00dbfe9c0a0b",NULL,"Bucket","Storage","Amazon Simple Storage Service","AWS","8586TLBS3V9PX6T2","Amazon Simple Storage Service GB",NULL,"4DYPL7VPIDJUT0F0.4S0227E7","663626350770","Zenith Apollo","BillingAccount","{""environment"": ""dev"", ""cost_center"": ""CC-3090""}",NULL,NULL,"Usage-Based","Object Storage",4.1638,139.79375568,4.6784,NULL,NULL
"AllocatedMethodId-6493","AllocatedResourceId-8179","AllocatedResourceName-3833","{}",605.61170208,"ocid1.tenancy.oc1..aaaa1234","Meridian OCI","Tenancy","USD","2024-10-01T00:00:00Z","2024-09-01T00:00:00Z",NULL,NULL,"Tax",NULL,"Tax charge in US East (Ashburn)","2024-09-27T10:00:00Z","2024-09-27T09:00:00Z",NULL,NULL,NULL,NULL,NULL,NULL,NULL,NULL,NULL,NULL,22.9656370000,NULL,605.61170208,"Oracle","INV-202409-83436","Oracle",63.2557180000,NULL,NULL,"USD",NULL,NULL,"Oracle","Oracle",NULL,NULL,NULL,NULL,NULL,"Other","Tax","Oracle",NULL,NULL,NULL,NULL,"ocid1.compartment.oc1..dev","development","Tenancy",NULL,NULL,NULL,"One-Time","Other (Security)",NULL,605.61170208,NULL,NULL,NULL
"AllocatedMethodId-3858","AllocatedResourceId-8926","AllocatedResourceName-5800","{}",169.04014764,"123456789012","SunBird","BillingAccount","USD","2024-10-01T00:00:00Z","2024-09-01T00:00:00Z",NULL,NULL,"Usage",NULL,"Amazon Elastic Compute Cloud Virtual Machine in Europe (Ireland)","2024-09-10T03:00:00Z","2024-09-10T02:00:00Z",NULL,NULL,NULL,NULL,NULL,NULL,NULL,68.8300000000,"Hours",NULL,185.75840399999998,2.6988,169.04014764,"AWS","INV-202409-30529","AWS",232.198005,3.3735,"Dynamic","USD",68.83,"Hours","AWS","AWS","eu-west-1","Europe (Ireland)","arn:aws:ec2:eu-west-1:123456789012:instance/i-0091fdb665dc",NULL,"Virtual Machine","Compute","Amazon Elastic Compute Cloud","AWS","9JIBC9HBBGQL600D","Amazon Elastic Compute Cloud Hours",NULL,"ZLUFU5UVGQCZ2GA6.AAQW64LR","438839167390","Zenith Eclipse","BillingAccount","{""cost_center"": ""CC-2042"", ""owner"": ""a.turing""}",NULL,NULL,"Usage-Based","Virtual Machines",2.6988,169.04014764,3.3735,NULL,NULL
"AllocatedMethodId-7439","AllocatedResourceId-7755","AllocatedResourceName-9151","{}",1359.52194768,"ocid1.tenancy.oc1..aaaa1234","Meridian OCI","Tenancy","USD","2024-10-01T00:00:00Z","2024-09-01T00:00:00Z",NULL,NULL,"Usage",NULL,"Oracle Functions Function in UK South (London)","2024-09-27T11:00:00Z","2024-09-27T10:00:00Z",NULL,NULL,NULL,NULL,NULL,NULL,NULL,426.7400000000,"Invocations",NULL,1742.9768559999998,4.0844,1359.52194768,"Oracle","INV-202409-61685","Oracle",2026.716282,4.7493,"Standard","USD",426.74,"Invocations","Oracle","Oracle","uk-london-1","UK South (London)","ocid1.instance.oc1.uk-london-1.004eef836e62",NULL,"Function","Compute","Oracle Functions","Oracle","QNPUO13X2452NQIY","Oracle Functions Invocations",NULL,"V84UDNEAT2FQA44E.L6B0FC4Q","ocid1.compartment.oc1..prod","production","Tenancy",NULL,NULL,"us-ashburn-1-AD-1","Usage-Based","Serverless Compute",4.0844,1359.52194768,4.7493,NULL,NULL
"AllocatedMethodId-1626","AllocatedResourceId-6216","AllocatedResourceName-2042","{}",112.1332992,"01ABCD-2345EF-6789GH","Helios Labs","BillingAccount","USD","2024-10-01T00:00:00Z","2024-09-01T00:00:00Z",NULL,NULL,"Usage",NULL,"BigQuery Dataset in Belgium","2024-09-20T15:00:00Z","2024-09-20T14:00:00Z",NULL,NULL,NULL,NULL,NULL,NULL,NULL,144.9200000000,"GiB",NULL,140.16662399999998,0.9672,112.1332992,"Google","INV-202409-86034","Google",166.860888,1.1514,"Standard","USD",144.92,"GiB","Google","Google","europe-west1","Belgium","//compute.googleapis.com/projects/Helios Labs/zones/europe-west1-a/instances/inst-6575",NULL,"Dataset","Analytics","BigQuery","Google","JXU82Y5NUA49FD5L","BigQuery GiB",NULL,"7OT3YR0ELYFQNZPG.ZL2VZTQO","proj-helios-prod","helios-prod","BillingAccount","{""application"": ""AtlasPortal"", ""environment"": ""dev"", ""cost_center"": ""CC-2042""}",NULL,NULL,"Usage-Based","Data Warehouses",0.9672,112.1332992,1.1514,NULL,NULL
"AllocatedMethodId-5051","AllocatedResourceId-4553","AllocatedResourceName-2718","{}",658.708592,"01ABCD-2345EF-6789GH","Helios Labs","BillingAccount","USD","2024-10-01T00:00:00Z","2024-09-01T00:00:00Z",NULL,NULL,"Usage",NULL,"BigQuery Dataset in Northern Virginia","2024-09-01T17:00:00Z","2024-09-01T16:00:00Z",NULL,NULL,NULL,NULL,NULL,NULL,NULL,195.0400000000,"GiB",NULL,658.708592,3.3773,658.708592,"Google","INV-202409-85219","Google",693.386704,3.5551,"Standard","USD",195.04,"GiB","Google","Google","us-east4","Northern Virginia","//compute.googleapis.com/projects/Helios Labs/zones/us-east4-a/instances/inst-3889",NULL,"Dataset","Analytics","BigQuery","Google","DT6GFNXM4P0XK4KU","BigQuery GiB",NULL,"8Z234DVXT7C4FLYG.US9L4ADI","proj-helios-prod","helios-prod","BillingAccount",NULL,NULL,"europe-west1-b","Usage-Based","Data Warehouses",3.3773,658.708592,3.5551,NULL,NULL
"AllocatedMethodId-4176","AllocatedResourceId-6746","AllocatedResourceName-7716","{}",133.429212,"8a93b2c1-1234-4abc-9def-0123456789ab","Contoso Cloud","BillingProfile","USD","2024-10-01T00:00:00Z","2024-09-01T00:00:00Z",NULL,NULL,"Usage",NULL,"Azure Blob Storage Storage Account in UK South","2024-09-25T10:00:00Z","2024-09-25T09:00:00Z",NULL,NULL,NULL,NULL,NULL,NULL,NULL,210.3500000000,"GB",NULL,148.25467999999998,0.7048,133.429212,"Microsoft","INV-202409-59094","Microsoft",164.725085,0.7831,"Standard","USD",210.35,"GB","Microsoft","Microsoft","uksouth","UK South","/subscriptions/8a93b2c1-1234-4abc-9def-0123456789ab/resourceGroups/rg-184/providers/Microsoft.Compute/virtualMachines/vm-6957",NULL,"Storage Account","Storage","Azure Blob Storage","Microsoft","7RLXEW0F41XV9KJO","Azure Blob Storage GB",NULL,"XXI8U95B1MAJJ9LO.PWJ8275G","sub-4d3e","Sandbox","BillingProfile","{""team"": ""platform"", ""owner"": ""g.hopper""}",NULL,NULL,"Usage-Based","Object Storage",0.7048,133.429212,0.7831,NULL,NULL
"AllocatedMethodId-7293","AllocatedResourceId-5844","AllocatedResourceName-7367","{}",375.426984,"01ABCD-2345EF-6789GH","Helios Labs","BillingAccount","USD","2024-10-01T00:00:00Z","2024-09-01T00:00:00Z",NULL,NULL,"Purchase",NULL,"BigQuery Dataset in Belgium","2024-09-23T11:00:00Z","2024-09-23T10:00:00Z",NULL,NULL,NULL,NULL,NULL,NULL,NULL,NULL,NULL,NULL,375.426984,1.5052,0,"Google","INV-202409-35409","Google",514.279098,2.0619,"Other","USD",249.42,"GiB","Google","Google","europe-west1","Belgium","//compute.googleapis.com/projects/Helios Labs/zones/europe-west1-a/instances/inst-392",NULL,"Dataset","Analytics","BigQuery","Google","AH9WD78D84UZTWBV","BigQuery GiB",NULL,"8HAU7AGA99055QQ5.1FN2891Y","proj-helios-dev","helios-dev","BillingAccount",NULL,NULL,NULL,"One-Time","Data Warehouses",1.5052,0,2.0619,NULL,NULL
"AllocatedMethodId-1263","AllocatedResourceId-9726","AllocatedResourceName-6195","{}",1016.05070112,"01ABCD-2345EF-6789GH","Helios Labs","BillingAccount","USD","2024-10-01T00:00:00Z","2024-09-01T00:00:00Z",NULL,NULL,"Usage",NULL,"Cloud Storage Bucket in Belgium","2024-09-13T20:00:00Z","2024-09-13T19:00:00Z",NULL,NULL,NULL,NULL,NULL,NULL,NULL,287.0400000000,"GiB",NULL,1286.140128,4.4807,1016.05070112,"Google","INV-202409-59499","Google",1397.9709120000002,4.8703,"Other","USD",287.04,"GiB","Google","Google","europe-west1","Belgium","//compute.googleapis.com/projects/Helios Labs/zones/europe-west1-a/instances/inst-7468",NULL,"Bucket","Storage","Cloud Storage","Google","1K6HEWALN5SN95PS","Cloud Storage GiB",NULL,"UDUKHSAUAQ4I0B41.KERW52P0","proj-helios-prod","helios-prod","BillingAccount",NULL,NULL,NULL,"Usage-Based","Object Storage",4.4807,1016.05070112,4.8703,NULL,NULL
"AllocatedMethodId-9073","AllocatedResourceId-9812","AllocatedResourceName-4619","{}",228.78821488,"123456789012","SunBird","BillingAccount","USD","2024-10-01T00:00:00Z","2024-09-01T00:00:00Z",NULL,NULL,"Usage",NULL,"Elastic Load Balancing Load Balancer in US East (N. Virginia)","2024-09-13T18:00:00Z","2024-09-13T17:00:00Z",NULL,NULL,NULL,NULL,NULL,NULL,NULL,194.4400000000,"LCU-Hours",NULL,266.032808,1.3682,228.78821488,"AWS","INV-202409-58930","AWS",354.71689200000003,1.8243,"Standard","USD",194.44,"LCU-Hours","AWS","AWS","us-east-1","US East (N. Virginia)","arn:aws:ec2:us-east-1:123456789012:instance/i-007427b85127",NULL,"Load Balancer","Networking","Elastic Load Balancing","AWS","2HPH8QQQYE1PULV4","Elastic Load Balancing LCU-Hours",NULL,"Q444RP2KFJO6R632.XYEF974V","438839167390","Zenith Eclipse","BillingAccount","{""cost_center"": ""CC-3090"", ""owner"": ""k.johnson""}",NULL,NULL,"Usage-Based","Application Networking",1.3682,228.78821488,1.8243,NULL,NULL
"AllocatedMethodId-1776","AllocatedResourceId-8681","AllocatedResourceName-8465","{}",8.86938,"8a93b2c1-1234-4abc-9def-0123456789ab","Contoso Cloud","BillingProfile","USD","2024-10-01T00:00:00Z","2024-09-01T00:00:00Z",NULL,NULL,"Purchase",NULL,"Azure Load Balancer Load Balancer in West Europe","2024-09-02T18:00:00Z","2024-09-02T17:00:00Z",NULL,NULL,NULL,NULL,NULL,NULL,NULL,NULL,NULL,NULL,8.86938,0.0548,0,"Microsoft","INV-202409-42446","Microsoft",9.96996,0.0616,"Standard","USD",161.85,"Hours","Microsoft","Microsoft","westeurope","West Europe","/subscriptions/8a93b2c1-1234-4abc-9def-0123456789ab/resourceGroups/rg-486/providers/Microsoft.Compute/virtualMachines/vm-4846",NULL,"Load Balancer","Networking","Azure Load Balancer","Microsoft","0I4GIMOPD0VPMXMX","Azure Load Balancer Hours",NULL,"4U8BZK6LHZA7595U.469J4M31","sub-4d3e","Sandbox","BillingProfile","{""business_unit"": ""OsloData"", ""owner"": ""a.lovelace"", ""application"": ""BrightSourceCore""}",NULL,NULL,"Recurring","Application Networking",0.0548,0,0.0616,NULL,NULL
"AllocatedMethodId-5554","AllocatedResourceId-6172","AllocatedResourceName-2483","{}",955.6666812,"8a93b2c1-1234-4abc-9def-0123456789ab","Contoso Cloud","BillingProfile","USD","2024-10-01T00:00:00Z","2024-09-01T00:00:00Z",NULL,NULL,"Usage","Correction","Azure Functions Function App in West Europe","2024-09-17T11:00:00Z","2024-09-17T10:00:00Z",NULL,NULL,NULL,NULL,NULL,NULL,NULL,328.6800000000,"Executions",NULL,1309.13244,3.9830,955.6666812,"Microsoft","INV-202409-31573","Microsoft",1636.4319839999998,4.9788,"Dynamic","USD",328.68,"Executions","Microsoft","Microsoft","westeurope","West Europe","/subscriptions/8a93b2c1-1234-4abc-9def-0123456789ab/resourceGroups/rg-504/providers/Microsoft.Compute/virtualMachines/vm-2680",NULL,"Function App","Compute","Azure Functions","Microsoft","SRXC2IZKBFB2OLJZ","Azure Functions Executions",NULL,"WJ27KWSYPBVTFW15.HE32UN92","sub-2b7c","Staging","BillingProfile",NULL,NULL,NULL,"Usage-Based","Serverless Compute",3.9830,955.6666812,4.9788,NULL,NULL
"AllocatedMethodId-1579","AllocatedResourceId-9670","AllocatedResourceName-7094","{}",673.51005225,"ocid1.tenancy.oc1..aaaa1234","Meridian OCI","Tenancy","USD","2024-10-01T00:00:00Z","2024-09-01T00:00:00Z",NULL,NULL,"Usage",NULL,"Oracle Compute Instance in Australia East (Sydney)","2024-09-01T08:00:00Z","2024-09-01T07:00:00Z",NULL,NULL,NULL,NULL,NULL,NULL,NULL,382.4100000000,"Hours",NULL,898.013403,2.3483,673.51005225,"Oracle","INV-202409-35194","Oracle",1320.614694,3.4534,"Standard","USD",382.41,"Hours","Oracle","Oracle","ap-sydney-1","Australia East (Sydney)","ocid1.instance.oc1.ap-sydney-1.00ca0619595d",NULL,"Instance","Compute","Oracle Compute","Oracle","BWFMC002LEI8GUY9","Oracle Compute Hours",NULL,"P92BL47VO29JHSKT.FO4G4PA1","ocid1.compartment.oc1..dev","development","Tenancy","{""team"": ""payments"", ""environment"": ""staging"", ""owner"": ""a.lovelace""}",NULL,NULL,"Usage-Based","Virtual Machines",2.3483,673.51005225,3.4534,NULL,NULL
"AllocatedMethodId-8743","AllocatedResourceId-3440","AllocatedResourceName-1761","{}",654.5748209999999,"8a93b2c1-1234-4abc-9def-0123456789ab","Contoso Cloud","BillingProfile","USD","2024-10-01T00:00:00Z","2024-09-01T00:00:00Z",NULL,NULL,"Purchase",NULL,"Virtual Machines Virtual Machine in UK South","2024-09-12T04:00:00Z","2024-09-12T03:00:00Z",NULL,NULL,NULL,NULL,NULL,NULL,NULL,NULL,NULL,NULL,654.5748209999999,1.3389,0,"Microsoft","INV-202409-57158","Microsoft",1039.037917,2.1253,"Standard","USD",488.89,"Hours","Microsoft","Microsoft","uksouth","UK South","/subscriptions/8a93b2c1-1234-4abc-9def-0123456789ab/resourceGroups/rg-688/providers/Microsoft.Compute/virtualMachines/vm-6747",NULL,"Virtual Machine","Compute","Virtual Machines","Microsoft","0CZ44XWW2PUSGAU2","Virtual Machines Hours",NULL,"4IWASCLV869EB8UU.72JNV56S","sub-4d3e","Sandbox","BillingProfile","{""cost_center"": ""CC-2042""}",NULL,NULL,"Recurring","Virtual Machines",1.3389,0,2.1253,NULL,NULL
"AllocatedMethodId-8982","AllocatedResourceId-3295","AllocatedResourceName-3699","{}",657.93483144,"123456789012","SunBird","BillingAccount","USD","2024-10-01T00:00:00Z","2024-09-01T00:00:00Z",NULL,NULL,"Usage",NULL,"Amazon Simple Storage Service Bucket in Europe (Ireland)","2024-09-01T17:00:00Z","2024-09-01T16:00:00Z",NULL,NULL,NULL,NULL,NULL,NULL,NULL,394.6100000000,"GB",NULL,913.7983770000001,2.3157,657.93483144,"AWS","INV-202409-48388","AWS",1450.467977,3.6757,"Standard","USD",394.61,"GB","AWS","AWS","eu-west-1","Europe (Ireland)","arn:aws:ec2:eu-west-1:123456789012:instance/i-006e5e7a61b4",NULL,"Bucket","Storage","Amazon Simple Storage Service","AWS","XY1FOSBR2WCCCTV9","Amazon Simple Storage Service GB",NULL,"TC9II4BZCYTTPV1W.6COZN9NZ","517389287820","Atlas Nimbus","BillingAccount","{""cost_center"": ""CC-3090""}",NULL,"us-east-1a","Usage-Based","Object Storage",2.3157,657.93483144,3.6757,NULL,NULL
"AllocatedMethodId-9938","AllocatedResourceId-5817","AllocatedResourceName-7221","{}",18.9236016,"01ABCD-2345EF-6789GH","Helios Labs","BillingAccount","USD","2024-10-01T00:00:00Z","2024-09-01T00:00:00Z",NULL,NULL,"Usage",NULL,"Cloud SQL Database Instance in Singapore","2024-09-21T17:00:00Z","2024-09-21T16:00:00Z",NULL,NULL,NULL,NULL,NULL,NULL,NULL,117.8600000000,"Hours",NULL,26.28278,0.2230,18.9236016,"Google","INV-202409-40123","Google",38.092352,0.3232,"Standard","USD",117.86,"Hours","Google","Google","asia-southeast1","Singapore","//compute.googleapis.com/projects/Helios Labs/zones/asia-southeast1-a/instances/inst-5611",NULL,"Database Instance","Databases","Cloud SQL","Google","0ZPCCCQWN9BR9805","Cloud SQL Hours",NULL,"KUGTAYH2D62NE5A6.HZ089GOB","proj-helios-prod","helios-prod","BillingAccount",NULL,NULL,"asia-southeast1-c","Usage-Based","Relational Databases",0.2230,18.9236016,0.3232,NULL,NULL
"AllocatedMethodId-4036","AllocatedResourceId-8047","AllocatedResourceName-5280","{}",138.40354,"123456789012","SunBird","BillingAccount","USD","2024-10-01T00:00:00Z","2024-09-01T00:00:00Z",NULL,NULL,"Usage",NULL,"AWS Lambda Function in US West (Oregon)","2024-09-05T03:00:00Z","2024-09-05T02:00:00Z",NULL,NULL,NULL,NULL,NULL,NULL,NULL,126.2000000000,"Requests",NULL,138.40354,1.0967,138.40354,"AWS","INV-202409-58493","AWS",164.76672000000002,1.3056,"Dynamic","USD",126.20,"Requests","AWS","AWS","us-west-2","US West (Oregon)","arn:aws:ec2:us-west-2:123456789012:instance/i-007eb974dde6",NULL,"Function","Compute","AWS Lambda","AWS","62ZLKW5T5RXC9D62","AWS Lambda Requests",NULL,"H3OOFV5G1CRLYFQQ.2F0VCQQG","663626350770","Zenith Apollo","BillingAccount","{""business_unit"": ""MarseilleSRE""}",NULL,"us-west-2b","Usage-Based","Serverless Compute",1.0967,138.40354,1.3056,NULL,NULL
"AllocatedMethodId-6760","AllocatedResourceId-5475","AllocatedResourceName-3171","{}",257.383984,"01ABCD-2345EF-6789GH","Helios Labs","BillingAccount","USD","2024-10-01T00:00:00Z","2024-09-01T00:00:00Z",NULL,NULL,"Usage",NULL,"Cloud SQL Database Instance in Belgium","2024-09-26T11:00:00Z","2024-09-26T10:00:00Z","Usage","cd-329842","commit-9842",NULL,"Used","Committed Use Discount",NULL,128.4800000000,"Hours",NULL,279.7652,2.1775,257.383984,"Google","INV-202409-11165","Google",423.89406399999996,3.2993,"Standard","USD",128.48,"Hours","Google","Google","europe-west1","Belgium","//compute.googleapis.com/projects/Helios Labs/zones/europe-west1-a/instances/inst-8614",NULL,"Database Instance","Databases","Cloud SQL","Google","KTL40A5SHT1QRAK1","Cloud SQL Hours",NULL,"HMWMSJUWVYF9MJ1J.FN8QHXWE","proj-helios-dev","helios-dev","BillingAccount","{""team"": ""platform"", ""owner"": ""g.hopper"", ""environment"": ""dev""}",NULL,"asia-southeast1-c","Usage-Based","Relational Databases",2.1775,257.383984,3.2993,NULL,NULL
"AllocatedMethodId-9108","AllocatedResourceId-3572","AllocatedResourceName-7607","{}",42.78773652,"01ABCD-2345EF-6789GH","Helios Labs","BillingAccount","USD","2024-10-01T00:00:00Z","2024-09-01T00:00:00Z",NULL,NULL,"Usage",NULL,"Cloud Storage Bucket in Northern Virginia","2024-09-01T07:00:00Z","2024-09-01T06:00:00Z","Spend","cd-651122","commit-1122",NULL,"Used","Committed Use Discount",NULL,251.6600000000,"GiB",NULL,49.753181999999995,0.1977,42.78773652,"Google","INV-202409-55426","Google",77.737774,0.3089,"Committed","USD",251.66,"GiB","Google","Google","us-east4","Northern Virginia","//compute.googleapis.com/projects/Helios Labs/zones/us-east4-a/instances/inst-5009",NULL,"Bucket","Storage","Cloud Storage","Google","LN57GPJ04K2PPJ0I","Cloud Storage GiB",NULL,"2212S1V66HSY823S.JSRMEM05","proj-helios-dev","helios-dev","BillingAccount","{""application"": ""NimbusAPI"", ""environment"": ""dev""}",NULL,"us-central1-a","Usage-Based","Object Storage",0.1977,42.78773652,0.3089,NULL,NULL
"AllocatedMethodId-6202","AllocatedResourceId-2383","AllocatedResourceName-1352","{}",337.8442431,"ocid1.tenancy.oc1..aaaa1234","Meridian OCI","Tenancy","USD","2024-10-01T00:00:00Z","2024-09-01T00:00:00Z",NULL,NULL,"Usage",NULL,"Oracle Load Balancer Load Balancer in UK South (London)","2024-09-30T08:00:00Z","2024-09-30T07:00:00Z","Usage","cd-179316","commit-9316",NULL,"Used","Reserved Instance",NULL,211.3500000000,"Hours",NULL,371.25741,1.7566,337.8442431,"Oracle","INV-202409-21349","Oracle",464.08233,2.1958,"Other","USD",211.35,"Hours","Oracle","Oracle","uk-london-1","UK South (London)","ocid1.instance.oc1.uk-london-1.004d32bd74d2",NULL,"Load Balancer","Networking","Oracle Load Balancer","Oracle","98OMMGUG6BGZZR8A","Oracle Load Balancer Hours",NULL,"KP1I8DHO67XMEHWR.P48GX5PQ","ocid1.compartment.oc1..prod","production","Tenancy","{""team"": ""platform"", ""cost_center"": ""CC-2042""}",NULL,"us-ashburn-1-AD-1","Usage-Based","Application Networking",1.7566,337.8442431,2.1958,NULL,NULL
"AllocatedMethodId-2522","AllocatedResourceId-7411","AllocatedResourceName-3686","{}",27.89584028,"ocid1.tenancy.oc1..aaaa1234","Meridian OCI","Tenancy","USD","2024-10-01T00:00:00Z","2024-09-01T00:00:00Z",NULL,NULL,"Usage",NULL,"Oracle Functions Function in US East (Ashburn)","2024-09-08T20:00:00Z","2024-09-08T19:00:00Z",NULL,NULL,NULL,NULL,NULL,NULL,NULL,29.8100000000,"Invocations",NULL,36.705053,1.2313,27.89584028,"Oracle","INV-202409-82396","Oracle",59.202659999999995,1.9860,"Standard","USD",29.81,"Invocations","Oracle","Oracle","us-ashburn-1","US East (Ashburn)","ocid1.instance.oc1.us-ashburn-1.00bad5d38a66",NULL,"Function","Compute","Oracle Functions","Oracle","IJVG9J1GPVC0IED7","Oracle Functions Invocations",NULL,"SCEU45BZI7EC4WL1.7Z0XD8N0","ocid1.compartment.oc1..dev","development","Tenancy",NULL,NULL,"uk-london-1-AD-2","Usage-Based","Serverless Compute",1.2313,27.89584028,1.9860,NULL,NULL
"AllocatedMethodId-5076","AllocatedResourceId-5845","AllocatedResourceName-9016","{}",880.88981409,"123456789012","SunBird","BillingAccount","USD","2024-10-01T00:00:00Z","2024-09-01T00:00:00Z",NULL,NULL,"Usage",NULL,"Amazon Relational Database Service Database Instance in US East (N. Virginia)","2024-09-10T16:00:00Z","2024-09-10T15:00:00Z",NULL,NULL,NULL,NULL,NULL,NULL,NULL,262.7300000000,"Hours",NULL,1240.689879,4.7223,880.88981409,"AWS","INV-202409-87680","AWS",1279.048459,4.8683,"Standard","USD",262.73,"Hours","AWS","AWS","us-east-1","US East (N. Virginia)","arn:aws:ec2:us-east-1:123456789012:instance/i-003f3cb3875a",NULL,"Database Instance","Databases","Amazon Relational Database Service","AWS","BDVZLZC4ALS5S6U2","Amazon Relational Database Service Hours",NULL,"787KEOK3O8HVLJNL.I3LUQCHS","438839167390","Zenith Eclipse","BillingAccount",NULL,NULL,NULL,"Usage-Based","Relational Databases",4.7223,880.88981409,4.8683,NULL,NULL
"AllocatedMethodId-2366","AllocatedResourceId-6118","AllocatedResourceName-7647","{}",117.09792006,"01ABCD-2345EF-6789GH","Helios Labs","BillingAccount","USD","2024-10-01T00:00:00Z","2024-09-01T00:00:00Z",NULL,NULL,"Usage",NULL,"Cloud SQL Database Instance in Belgium","2024-09-22T15:00:00Z","2024-09-22T14:00:00Z",NULL,NULL,NULL,NULL,NULL,NULL,NULL,180.5100000000,"Hours",NULL,188.867613,1.0463,117.09792006,"Google","INV-202409-16391","Google",242.13611399999996,1.3414,"Standard","USD",180.51,"Hours","Google","Google","europe-west1","Belgium","//compute.googleapis.com/projects/Helios Labs/zones/europe-west1-a/instances/inst-826",NULL,"Database Instance","Databases","Cloud SQL","Google","P4WXXBRV8P85XCA5","Cloud SQL Hours",NULL,"3CDMH2JGEOX6ASMN.PHX00QBH","proj-helios-prod","helios-prod","BillingAccount","{""environment"": ""dev"", ""business_unit"": ""LisbonOps"", ""team"": ""infra""}",NULL,NULL,"Usage-Based","Relational Databases",1.0463,117.09792006,1.3414,NULL,NULL
"AllocatedMethodId-7047","AllocatedResourceId-2425","AllocatedResourceName-8730","{}",27.4014208,"123456789012","SunBird","BillingAccount","USD","2024-10-01T00:00:00Z","2024-09-01T00:00:00Z",NULL,NULL,"Usage","Correction","Amazon Elastic Compute Cloud Virtual Machine in US West (Oregon)","2024-09-14T23:00:00Z","2024-09-14T22:00:00Z",NULL,NULL,NULL,NULL,NULL,NULL,NULL,83.2000000000,"Hours",NULL,44.195840000000004,0.5312,27.4014208,"AWS","INV-202409-57815","AWS",72.45056000000001,0.8708,"Dynamic","USD",83.20,"Hours","AWS","AWS","us-west-2","US West (Oregon)","arn:aws:ec2:us-west-2:123456789012:instance/i-00d969dc441f",NULL,"Virtual Machine","Compute","Amazon Elastic Compute Cloud","AWS","YZOOHYGSD9JMGAE4","Amazon Elastic Compute Cloud Hours",NULL,"F2HSU3QCVHXB9EAA.V02OWK0O","517389287820","Atlas Nimbus","BillingAccount",NULL,NULL,"eu-west-1c","Usage-Based","Virtual Machines",0.5312,27.4014208,0.8708,NULL,NULL
"AllocatedMethodId-5228","AllocatedResourceId-3662","AllocatedResourceName-5310","{}",35.56378224,"ocid1.tenancy.oc1..aaaa1234","Meridian OCI","Tenancy","USD","2024-10-01T00:00:00Z","2024-09-01T00:00:00Z",NULL,NULL,"Usage",NULL,"Oracle Object Storage Bucket in UK South (London)","2024-09-12T07:00:00Z","2024-09-12T06:00:00Z",NULL,NULL,NULL,NULL,NULL,NULL,NULL,75.0400000000,"GB",NULL,43.905904,0.5851,35.56378224,"Oracle","INV-202409-18741","Oracle",69.689648,0.9287,"Standard","USD",75.04,"GB","Oracle","Oracle","uk-london-1","UK South (London)","ocid1.instance.oc1.uk-london-1.00424e052cfa",NULL,"Bucket","Storage","Oracle Object Storage","Oracle","SKMX222SFTCX4F5V","Oracle Object Storage GB",NULL,"MJI55WKZHU7377HZ.9PG4GUHF","ocid1.compartment.oc1..prod","production","Tenancy","{""application"": ""NimbusAPI""}",NULL,"uk-london-1-AD-2","Usage-Based","Object Storage",0.5851,35.56378224,0.9287,NULL,NULL
"AllocatedMethodId-6208","AllocatedResourceId-8702","AllocatedResourceName-7237","{}",896.12016312,"123456789012","SunBird","BillingAccount","USD","2024-10-01T00:00:00Z","2024-09-01T00:00:00Z",NULL,NULL,"Usage",NULL,"Amazon Simple Storage Service Bucket in Europe (Ireland)","2024-09-22T09:00:00Z","2024-09-22T08:00:00Z",NULL,NULL,NULL,NULL,NULL,NULL,NULL,483.0800000000,"GB",NULL,1030.023176,2.1322,896.12016312,"AWS","INV-202409-42032","AWS",1061.858148,2.1981,"Standard","USD",483.08,"GB","AWS","AWS","eu-west-1","Europe (Ireland)","arn:aws:ec2:eu-west-1:123456789012:instance/i-00ce2af7d223",NULL,"Bucket","Storage","Amazon Simple Storage Service","AWS","QFA0ZUTUD8W4AMQA","Amazon Simple Storage Service GB",NULL,"HF5ZF3BYGNCHGI2N.8OF7F3KB","663626350770","Zenith Apollo","BillingAccount",NULL,NULL,NULL,"Usage-Based","Object Storage",2.1322,896.12016312,2.1981,NULL,NULL
"AllocatedMethodId-5696","AllocatedResourceId-7958","AllocatedResourceName-5212","{}",652.3688946,"01ABCD-2345EF-6789GH","Helios Labs","BillingAccount","USD","2024-10-01T00:00:00Z","2024-09-01T00:00:00Z",NULL,NULL,"Usage",NULL,"BigQuery Dataset in Singapore","2024-09-02T08:00:00Z","2024-09-02T07:00:00Z",NULL,NULL,NULL,NULL,NULL,NULL,NULL,387.3000000000,"GiB",NULL,893.65602,2.3074,652.3688946,"Google","INV-202409-74912","Google",1258.64754,3.2498,"Other","USD",387.30,"GiB","Google","Google","asia-southeast1","Singapore","//compute.googleapis.com/projects/Helios Labs/zones/asia-southeast1-a/instances/inst-9394",NULL,"Dataset","Analytics","BigQuery","Google","LTEHQ4USZ1JR7JIO","BigQuery GiB",NULL,"D1SIEF16QZDO7WGV.JPR1ZUJE","proj-helios-prod","helios-prod","BillingAccount","{""application"": ""AtlasPortal"", ""team"": ""platform"", ""environment"": ""prod""}",NULL,"europe-west1-b","Usage-Based","Data Warehouses",2.3074,652.3688946,3.2498,NULL,NULL
"AllocatedMethodId-7988","AllocatedResourceId-9224","AllocatedResourceName-6902","{}",13.68246154,"01ABCD-2345EF-6789GH","Helios Labs","BillingAccount","USD","2024-10-01T00:00:00Z","2024-09-01T00:00:00Z",NULL,NULL,"Adjustment",NULL,"Cloud Storage Bucket in Belgium","2024-09-19T12:00:00Z","2024-09-19T11:00:00Z","Usage","cd-961433","commit-1433",NULL,"Used","Reserved Instance",NULL,NULL,NULL,NULL,18.743098,0.0473,13.68246154,"Google","INV-202409-97143","Google",18.941228,0.0478,"Committed","USD",396.26,"GiB","Google","Google","europe-west1","Belgium",NULL,NULL,NULL,"Storage","Cloud Storage","Google","OS1PGA58C481U2YD","Cloud Storage GiB",NULL,"H97OARGURS5T5PPR.OX4P14CG","proj-helios-prod","helios-prod","BillingAccount","{""team"": ""platform""}",NULL,NULL,"One-Time","Object Storage",0.0473,13.68246154,0.0478,NULL,NULL
"AllocatedMethodId-9492","AllocatedResourceId-6365","AllocatedResourceName-7518","{}",56.2962168,"8a93b2c1-1234-4abc-9def-0123456789ab","Contoso Cloud","BillingProfile","USD","2024-10-01T00:00:00Z","2024-09-01T00:00:00Z",NULL,NULL,"Tax",NULL,"Tax charge in West Europe","2024-09-29T10:00:00Z","2024-09-29T09:00:00Z",NULL,NULL,NULL,NULL,NULL,NULL,NULL,NULL,NULL,NULL,55.7008840000,NULL,56.2962168,"Microsoft","INV-202409-25148","Microsoft",69.6531300000,NULL,NULL,"USD",NULL,NULL,"Microsoft","Microsoft",NULL,NULL,NULL,NULL,NULL,"Other","Tax","Microsoft",NULL,NULL,NULL,NULL,"sub-9a1f","Production","BillingProfile",NULL,NULL,NULL,"One-Time","Other (Security)",NULL,56.2962168,NULL,NULL,NULL
"AllocatedMethodId-6395","AllocatedResourceId-7392","AllocatedResourceName-8963","{}",1353.5839648,"01ABCD-2345EF-6789GH","Helios Labs","BillingAccount","USD","2024-10-01T00:00:00Z","2024-09-01T00:00:00Z",NULL,NULL,"Usage","Correction","Cloud Load Balancing Forwarding Rule in Iowa","2024-09-08T06:00:00Z","2024-09-08T05:00:00Z",NULL,NULL,NULL,NULL,NULL,NULL,NULL,393.9200000000,"Hours",NULL,1829.1675200000002,4.6435,1353.5839648,"Google","INV-202409-34297","Google",1847.6423680000003,4.6904,"Other","USD",393.92,"Hours","Google","Google","us-central1","Iowa","//compute.googleapis.com/projects/Helios Labs/zones/us-central1-a/instances/inst-9342",NULL,"Forwarding Rule","Networking","Cloud Load Balancing","Google","JYZ6DZNLSE1GFWRC","Cloud Load Balancing Hours",NULL,"YL56B68DZ6MFHJH3.VI9JKNPF","proj-helios-dev","helios-dev","BillingAccount",NULL,NULL,"europe-west1-b","Usage-Based","Application Networking",4.6435,1353.5839648,4.6904,NULL,NULL
"AllocatedMethodId-2902","AllocatedResourceId-5279","AllocatedResourceName-2506","{}",834.7958788,"ocid1.tenancy.oc1..aaaa1234","Meridian OCI","Tenancy","USD","2024-10-01T00:00:00Z","2024-09-01T00:00:00Z",NULL,NULL,"Tax",NULL,"Tax charge in UK South (London)","2024-09-30T11:00:00Z","2024-09-30T10:00:00Z",NULL,NULL,NULL,NULL,NULL,NULL,NULL,NULL,NULL,NULL,18.9479550000,NULL,834.7958788,"Oracle","INV-202409-70357","Oracle",79.1157380000,NULL,NULL,"USD",NULL,NULL,"Oracle","Oracle",NULL,NULL,NULL,NULL,NULL,"Other","Tax","Oracle",NULL,NULL,NULL,NULL,"ocid1.compartment.oc1..prod","production","Tenancy",NULL,NULL,NULL,"One-Time","Other (Security)",NULL,834.7958788,NULL,NULL,NULL
"AllocatedMethodId-2698","AllocatedResourceId-2670","AllocatedResourceName-2206","{}",1277.17326282,"ocid1.tenancy.oc1..aaaa1234","Meridian OCI","Tenancy","USD","2024-10-01T00:00:00Z","2024-09-01T00:00:00Z",NULL,NULL,"Usage",NULL,"Oracle Functions Function in US East (Ashburn)","2024-09-09T15:00:00Z","2024-09-09T14:00:00Z",NULL,NULL,NULL,NULL,NULL,NULL,NULL,349.7700000000,"Invocations",NULL,1403.4871019999998,4.0126,1277.17326282,"Oracle","INV-202409-52024","Oracle",1509.1176420000002,4.3146,"Standard","USD",349.77,"Invocations","Oracle","Oracle","us-ashburn-1","US East (Ashburn)","ocid1.instance.oc1.us-ashburn-1.0054e081f4a5",NULL,"Function","Compute","Oracle Functions","Oracle","4QHX63ESJVDVIVOA","Oracle Functions Invocations",NULL,"XW955OZSL5N3W3JO.7G1EIJFP","ocid1.compartment.oc1..prod","production","Tenancy","{""application"": ""AtlasPortal""}",NULL,"uk-london-1-AD-2","Usage-Based","Serverless Compute",4.0126,1277.17326282,4.3146,NULL,NULL
"AllocatedMethodId-5941","AllocatedResourceId-5422","AllocatedResourceName-9920","{}",664.0161192,"8a93b2c1-1234-4abc-9def-0123456789ab","Contoso Cloud","BillingProfile","USD","2024-10-01T00:00:00Z","2024-09-01T00:00:00Z",NULL,NULL,"Usage",NULL,"Azure Load Balancer Load Balancer in West Europe","2024-09-05T14:00:00Z","2024-09-05T13:00:00Z",NULL,NULL,NULL,NULL,NULL,NULL,NULL,186.4800000000,"Hours",NULL,698.964336,3.7482,664.0161192,"Microsoft","INV-202409-81231","Microsoft",713.230056,3.8247,"Standard","USD",186.48,"Hours","Microsoft","Microsoft","westeurope","West Europe","/subscriptions/8a93b2c1-1234-4abc-9def-0123456789ab/resourceGroups/rg-900/providers/Microsoft.Compute/virtualMachines/vm-3530",NULL,"Load Balancer","Networking","Azure Load Balancer","Microsoft","94P7U4DTNGP4A7W9","Azure Load Balancer Hours",NULL,"27N4KHOH19LIYD7A.N2EXGOE2","sub-9a1f","Production","BillingProfile","{""business_unit"": ""MarseilleSRE"", ""application"": ""BrightSourceCore"", ""environment"": ""dev""}",NULL,"eastus-1","Usage-Based","Application Networking",3.7482,664.0161192,3.8247,NULL,NULL
"AllocatedMethodId-8610","AllocatedResourceId-2149","AllocatedResourceName-7080","{}",737.27196,"8a93b2c1-1234-4abc-9def-0123456789ab","Contoso Cloud","BillingProfile","USD","2024-10-01T00:00:00Z","2024-09-01T00:00:00Z",NULL,NULL,"Purchase",NULL,"Azure Functions Function App in East US","2024-09-19T23:00:00Z","2024-09-19T22:00:00Z",NULL,NULL,NULL,NULL,NULL,NULL,NULL,NULL,NULL,NULL,737.27196,3.3690,0,"Microsoft","INV-202409-38728","Microsoft",810.189448,3.7022,"Other","USD",218.84,"Executions","Microsoft","Microsoft","eastus","East US","/subscriptions/8a93b2c1-1234-4abc-9def-0123456789ab/resourceGroups/rg-18/providers/Microsoft.Compute/virtualMachines/vm-4188",NULL,"Function App","Compute","Azure Functions","Microsoft","TXUTB25AAUOWU67I","Azure Functions Executions",NULL,"NQ9GH6B9LO7UDI8R.549KV65W","sub-9a1f","Production","BillingProfile","{""owner"": ""k.johnson""}",NULL,NULL,"Recurring","Serverless Compute",3.3690,0,3.7022,NULL,NULL
"AllocatedMethodId-8352","AllocatedResourceId-5891","AllocatedResourceName-3080","{}",586.31151936,"ocid1.tenancy.oc1..aaaa1234","Meridian OCI","Tenancy","USD","2024-10-01T00:00:00Z","2024-09-01T00:00:00Z",NULL,NULL,"Usage",NULL,"Oracle Autonomous Database Database in US East (Ashburn)","2024-09-11T01:00:00Z","2024-09-11T00:00:00Z","Usage","cd-794682","commit-4682",NULL,"Used","Reserved Instance",NULL,385.9100000000,"Hours",NULL,610.741166,1.5826,586.31151936,"Oracle","INV-202409-45428","Oracle",735.814597,1.9067,"Dynamic","USD",385.91,"Hours","Oracle","Oracle","us-ashburn-1","US East (Ashburn)","ocid1.instance.oc1.us-ashburn-1.0029451d7596",NULL,"Database","Databases","Oracle Autonomous Database","Oracle","1FGVVOBP5NHMQDO5","Oracle Autonomous Database Hours",NULL,"5E3AN5NB0G8IDASX.7IC4JGZL","ocid1.compartment.oc1..dev","development","Tenancy",NULL,NULL,NULL,"Usage-Based","Relational Databases",1.5826,586.31151936,1.9067,NULL,NULL
"AllocatedMethodId-5597","AllocatedResourceId-1157","AllocatedResourceName-3855","{}",36.4026468,"01ABCD-2345EF-6789GH","Helios Labs","BillingAccount","USD","2024-10-01T00:00:00Z","2024-09-01T00:00:00Z",NULL,NULL,"Usage",NULL,"BigQuery Dataset in Singapore","2024-09-11T10:00:00Z","2024-09-11T09:00:00Z",NULL,NULL,NULL,NULL,NULL,NULL,NULL,30.3200000000,"GiB",NULL,56.004072,1.8471,36.4026468,"Google","INV-202409-73484","Google",64.372392,2.1231,"Standard","USD",30.32,"GiB","Google","Google","asia-southeast1","Singapore","//compute.googleapis.com/projects/Helios Labs/zones/asia-southeast1-a/instances/inst-9798",NULL,"Dataset","Analytics","BigQuery","Google","2HIB2KCW49BOUUA8","BigQuery GiB",NULL,"G08QRU1U28F2QSLC.UQDXFXU0","proj-helios-dev","helios-dev","BillingAccount",NULL,NULL,NULL,"Usage-Based","Data Warehouses",1.8471,36.4026468,2.1231,NULL,NULL
"AllocatedMethodId-2362","AllocatedResourceId-4152","AllocatedResourceName-9689","{}",23.16144348,"123456789012","SunBird","BillingAccount","USD","2024-10-01T00:00:00Z","2024-09-01T00:00:00Z",NULL,NULL,"Usage",NULL,"Amazon Elastic Compute Cloud Virtual Machine in Asia Pacific (Sydney)","2024-09-22T07:00:00Z","2024-09-22T06:00:00Z","Spend","cd-370002","commit-0002",NULL,"Used","Savings Plan",NULL,339.7800000000,"Hours",NULL,36.764196,0.1082,23.16144348,"AWS","INV-202409-17932","AWS",60.242994,0.1773,"Committed","USD",339.78,"Hours","AWS","AWS","ap-southeast-2","Asia Pacific (Sydney)","arn:aws:ec2:ap-southeast-2:123456789012:instance/i-0059203f74e7",NULL,"Virtual Machine","Compute","Amazon Elastic Compute Cloud","AWS","R1WT7QADACSCBS0Q","Amazon Elastic Compute Cloud Hours",NULL,"WQ3Y7NS82WKX0BS9.JSZ1IU21","663626350770","Zenith Apollo","BillingAccount","{""cost_center"": ""CC-3090"", ""application"": ""NimbusAPI"", ""team"": ""platform""}",NULL,NULL,"Usage-Based","Virtual Machines",0.1082,23.16144348,0.1773,NULL,NULL
"AllocatedMethodId-7871","AllocatedResourceId-5634","AllocatedResourceName-6987","{}",167.0691711,"123456789012","SunBird","BillingAccount","USD","2024-10-01T00:00:00Z","2024-09-01T00:00:00Z",NULL,NULL,"Credit",NULL,"AWS Lambda Function in Asia Pacific (Sydney)","2024-09-15T04:00:00Z","2024-09-15T03:00:00Z","Spend","cd-470046","commit-0046",NULL,"Unused","Committed Use Discount",NULL,NULL,NULL,NULL,179.64427,3.2045,167.0691711,"AWS","INV-202409-59771","AWS",187.12828000000002,3.3380,"Committed","USD",56.06,"Requests","AWS","AWS","ap-southeast-2","Asia Pacific (Sydney)",NULL,NULL,NULL,"Compute","AWS Lambda","AWS","HXVBTPGVB2E5QE1R","AWS Lambda Requests",NULL,"44YMGCOKPH3Z4DKX.TYG06QSR","663626350770","Zenith Apollo","BillingAccount",NULL,NULL,NULL,"One-Time","Serverless Compute",3.2045,167.0691711,3.3380,NULL,NULL
"AllocatedMethodId-3008","AllocatedResourceId-7937","AllocatedResourceName-3077","{}",132.98162724,"8a93b2c1-1234-4abc-9def-0123456789ab","Contoso Cloud","BillingProfile","USD","2024-10-01T00:00:00Z","2024-09-01T00:00:00Z",NULL,NULL,"Usage",NULL,"Azure SQL Database SQL Database in Southeast Asia","2024-09-29T09:00:00Z","2024-09-29T08:00:00Z","Usage","cd-353838","commit-3838",NULL,"Used","Committed Use Discount",NULL,447.3700000000,"Hours",NULL,144.545247,0.3231,132.98162724,"Microsoft","INV-202409-69582","Microsoft",150.584742,0.3366,"Committed","USD",447.37,"Hours","Microsoft","Microsoft","southeastasia","Southeast Asia","/subscriptions/8a93b2c1-1234-4abc-9def-0123456789ab/resourceGroups/rg-138/providers/Microsoft.Compute/virtualMachines/vm-9553",NULL,"SQL Database","Databases","Azure SQL Database","Microsoft","RT7TBATYV8QZPJS9","Azure SQL Database Hours",NULL,"659B4P4Z40Q4N27C.UPRJWHG8","sub-9a1f","Production","BillingProfile","{""owner"": ""g.hopper"", ""business_unit"": ""LisbonOps"", ""team"": ""growth""}",NULL,NULL,"Usage-Based","Relational Databases",0.3231,132.98162724,0.3366,NULL,NULL
"AllocatedMethodId-3165","AllocatedResourceId-7065","AllocatedResourceName-7380","{}",822.0548362,"ocid1.tenancy.oc1..aaaa1234","Meridian OCI","Tenancy","USD","2024-10-01T00:00:00Z","2024-09-01T00:00:00Z",NULL,NULL,"Usage",NULL,"Oracle Autonomous Database Database in UK South (London)","2024-09-20T13:00:00Z","2024-09-20T12:00:00Z",NULL,NULL,NULL,NULL,NULL,NULL,NULL,376.7800000000,"Hours",NULL,1264.6997479999998,3.3566,822.0548362,"Oracle","INV-202409-52437","Oracle",1303.8095119999998,3.4604,"Dynamic","USD",376.78,"Hours","Oracle","Oracle","uk-london-1","UK South (London)","ocid1.instance.oc1.uk-london-1.00ac25d20069",NULL,"Database","Databases","Oracle Autonomous Database","Oracle","5A7W02UHBX1N05CT","Oracle Autonomous Database Hours",NULL,"R244HRCW23DIXBFX.XSQSC8U3","ocid1.compartment.oc1..dev","development","Tenancy","{""business_unit"": ""OsloData"", ""environment"": ""dev""}",NULL,"uk-london-1-AD-2","Usage-Based","Relational Databases",3.3566,822.0548362,3.4604,NULL,NULL
"AllocatedMethodId-1756","AllocatedResourceId-1927","AllocatedResourceName-8896","{}",447.27333084,"8a93b2c1-1234-4abc-9def-0123456789ab","Contoso Cloud","BillingProfile","USD","2024-10-01T00:00:00Z","2024-09-01T00:00:00Z",NULL,NULL,"Usage",NULL,"Azure Kubernetes Service Cluster in Southeast Asia","2024-09-24T11:00:00Z","2024-09-24T10:00:00Z",NULL,NULL,NULL,NULL,NULL,NULL,NULL,168.4200000000,"Hours",NULL,456.401358,2.7099,447.27333084,"Microsoft","INV-202409-57232","Microsoft",563.465952,3.3456,"Other","USD",168.42,"Hours","Microsoft","Microsoft","southeastasia","Southeast Asia","/subscriptions/8a93b2c1-1234-4abc-9def-0123456789ab/resourceGroups/rg-411/providers/Microsoft.Compute/virtualMachines/vm-5099",NULL,"Cluster","Compute","Azure Kubernetes Service","Microsoft","AVBVNA2K44I7J4YU","Azure Kubernetes Service Hours",NULL,"695D9RK1ZBP018BL.31TQ8LSM","sub-2b7c","Staging","BillingProfile","{""environment"": ""staging""}",NULL,NULL,"Usage-Based","Containers",2.7099,447.27333084,3.3456,NULL,NULL
"AllocatedMethodId-1061","AllocatedResourceId-2479","AllocatedResourceName-7215","{}",248.2323264,"ocid1.tenancy.oc1..aaaa1234","Meridian OCI","Tenancy","USD","2024-10-01T00:00:00Z","2024-09-01T00:00:00Z",NULL,NULL,"Usage",NULL,"Oracle Compute Instance in UK South (London)","2024-09-10T14:00:00Z","2024-09-10T13:00:00Z",NULL,NULL,NULL,NULL,NULL,NULL,NULL,340.3800000000,"Hours",NULL,387.86301,1.1395,248.2323264,"Oracle","INV-202409-82378","Oracle",435.78851399999996,1.2803,"Dynamic","USD",340.38,"Hours","Oracle","Oracle","uk-london-1","UK South (London)","ocid1.instance.oc1.uk-london-1.006cdd710d5f",NULL,"Instance","Compute","Oracle Compute","Oracle","B4LVLWCGYEW147D4","Oracle Compute Hours",NULL,"6JND4CB7EMNTBJN4.TOL1LRSG","ocid1.compartment.oc1..dev","development","Tenancy","{""cost_center"": ""CC-1001""}",NULL,"uk-london-1-AD-2","Usage-Based","Virtual Machines",1.1395,248.2323264,1.2803,NULL,NULL
"AllocatedMethodId-6716","AllocatedResourceId-2571","AllocatedResourceName-2345","{}",248.728383,"01ABCD-2345EF-6789GH","Helios Labs","BillingAccount","USD","2024-10-01T00:00:00Z","2024-09-01T00:00:00Z",NULL,NULL,"Tax",NULL,"Tax charge in Iowa","2024-09-28T13:00:00Z","2024-09-28T12:00:00Z",NULL,NULL,NULL,NULL,NULL,NULL,NULL,NULL,NULL,NULL,65.3524420000,NULL,248.728383,"Google","INV-202409-87348","Google",2.7494610000,NULL,NULL,"USD",NULL,NULL,"Google","Google",NULL,NULL,NULL,NULL,NULL,"Other","Tax","Google",NULL,NULL,NULL,NULL,"proj-helios-prod","helios-prod","BillingAccount","{""team"": ""growth"", ""cost_center"": ""CC-2042"", ""application"": ""AtlasPortal""}",NULL,NULL,"One-Time","Other (Security)",NULL,248.728383,NULL,NULL,NULL
"AllocatedMethodId-9626","AllocatedResourceId-5397","AllocatedResourceName-2298","{}",489.2624406,"8a93b2c1-1234-4abc-9def-0123456789ab","Contoso Cloud","BillingProfile","USD","2024-10-01T00:00:00Z","2024-09-01T00:00:00Z",NULL,NULL,"Usage",NULL,"Azure Blob Storage Storage Account in East US","2024-09-26T18:00:00Z","2024-09-26T17:00:00Z",NULL,NULL,NULL,NULL,NULL,NULL,NULL,216.3600000000,"GB",NULL,589.4728200000001,2.7245,489.2624406,"Microsoft","INV-202409-76872","Microsoft",627.0978240000001,2.8984,"Other","USD",216.36,"GB","Microsoft","Microsoft","eastus","East US","/subscriptions/8a93b2c1-1234-4abc-9def-0123456789ab/resourceGroups/rg-44/providers/Microsoft.Compute/virtualMachines/vm-1756",NULL,"Storage Account","Storage","Azure Blob Storage","Microsoft","P44PT9UDPAL24IF3","Azure Blob Storage GB",NULL,"NEZKWCVWMK12JRT6.P3JZ935P","sub-2b7c","Staging","BillingProfile","{""owner"": ""k.johnson"", ""environment"": ""staging"", ""team"": ""payments""}",NULL,NULL,"Usage-Based","Object Storage",2.7245,489.2624406,2.8984,NULL,NULL
"AllocatedMethodId-2864","AllocatedResourceId-6296","AllocatedResourceName-9374","{}",265.97172798,"8a93b2c1-1234-4abc-9def-0123456789ab","Contoso Cloud","BillingProfile","USD","2024-10-01T00:00:00Z","2024-09-01T00:00:00Z",NULL,NULL,"Usage",NULL,"Azure Functions Function App in UK South","2024-09-08T02:00:00Z","2024-09-08T01:00:00Z",NULL,NULL,NULL,NULL,NULL,NULL,NULL,248.9400000000,"Executions",NULL,422.177346,1.6959,265.97172798,"Microsoft","INV-202409-13978","Microsoft",670.121586,2.6919,"Standard","USD",248.94,"Executions","Microsoft","Microsoft","uksouth","UK South","/subscriptions/8a93b2c1-1234-4abc-9def-0123456789ab/resourceGroups/rg-432/providers/Microsoft.Compute/virtualMachines/vm-8924",NULL,"Function App","Compute","Azure Functions","Microsoft","U5OE6DJBSBQEA3GE","Azure Functions Executions",NULL,"IRPP3DL1X27GSZOW.UBFNXNEF","sub-2b7c","Staging","BillingProfile","{""environment"": ""qa"", ""cost_center"": ""CC-2042"", ""team"": ""payments""}",NULL,NULL,"Usage-Based","Serverless Compute",1.6959,265.97172798,2.6919,NULL,NULL
"AllocatedMethodId-1678","AllocatedResourceId-5534","AllocatedResourceName-8716","{}",3.02431752,"01ABCD-2345EF-6789GH","Helios Labs","BillingAccount","USD","2024-10-01T00:00:00Z","2024-09-01T00:00:00Z",NULL,NULL,"Usage",NULL,"Cloud SQL Database Instance in Northern Virginia","2024-09-10T15:00:00Z","2024-09-10T14:00:00Z",NULL,NULL,NULL,NULL,NULL,NULL,NULL,28.7800000000,"Hours",NULL,4.800504,0.1668,3.02431752,"Google","INV-202409-81104","Google",6.6683259999999995,0.2317,"Dynamic","USD",28.78,"Hours","Google","Google","us-east4","Northern Virginia","//compute.googleapis.com/projects/Helios Labs/zones/us-east4-a/instances/inst-7508",NULL,"Database Instance","Databases","Cloud SQL","Google","ALG2N3NP4CFAGSK0","Cloud SQL Hours",NULL,"KE9KKQAA0EN7YVR1.ZDKUFRPV","proj-helios-dev","helios-dev","BillingAccount","{""environment"": ""staging"", ""application"": ""NimbusAPI"", ""team"": ""platform""}",NULL,NULL,"Usage-Based","Relational Databases",0.1668,3.02431752,0.2317,NULL,NULL
"AllocatedMethodId-7269","AllocatedResourceId-1909","AllocatedResourceName-7047","{}",1028.89233892,"123456789012","SunBird","BillingAccount","USD","2024-10-01T00:00:00Z","2024-09-01T00:00:00Z",NULL,NULL,"Usage",NULL,"Amazon Elastic Compute Cloud Virtual Machine in US East (N. Virginia)","2024-09-13T23:00:00Z","2024-09-13T22:00:00Z",NULL,NULL,NULL,NULL,NULL,NULL,NULL,373.1800000000,"Hours",NULL,1239.629324,3.3218,1028.89233892,"AWS","INV-202409-22731","AWS",1721.703248,4.6136,"Standard","USD",373.18,"Hours","AWS","AWS","us-east-1","US East (N. Virginia)","arn:aws:ec2:us-east-1:123456789012:instance/i-00e28e9dbe42",NULL,"Virtual Machine","Compute","Amazon Elastic Compute Cloud","AWS","5510DUQ6VYJU4WAR","Amazon Elastic Compute Cloud Hours",NULL,"KLTZQDYQ60H5VQG7.K55GHT99","517389287820","Atlas Nimbus","BillingAccount","{""team"": ""infra"", ""application"": ""NimbusAPI"", ""environment"": ""dev""}",NULL,NULL,"Usage-Based","Virtual Machines",3.3218,1028.89233892,4.6136,NULL,NULL
"AllocatedMethodId-8031","AllocatedResourceId-9763","AllocatedResourceName-2274","{}",293.331987,"123456789012","SunBird","BillingAccount","USD","2024-10-01T00:00:00Z","2024-09-01T00:00:00Z",NULL,NULL,"Usage",NULL,"Amazon Elastic Compute Cloud Virtual Machine in Asia Pacific (Sydney)","2024-09-15T03:00:00Z","2024-09-15T02:00:00Z",NULL,NULL,NULL,NULL,NULL,NULL,NULL,278.3300000000,"Hours",NULL,391.109316,1.4052,293.331987,"AWS","INV-202409-15779","AWS",558.7474749999999,2.0075,"Standard","USD",278.33,"Hours","AWS","AWS","ap-southeast-2","Asia Pacific (Sydney)","arn:aws:ec2:ap-southeast-2:123456789012:instance/i-00d68fe2ffbe",NULL,"Virtual Machine","Compute","Amazon Elastic Compute Cloud","AWS","IQJZ5B78DWCEVHO2","Amazon Elastic Compute Cloud Hours",NULL,"60L06Q2CSJQE06HS.JA2Y8F2A","663626350770","Zenith Apollo","BillingAccount","{""business_unit"": ""ViennaAI"", ""owner"": ""k.johnson""}",NULL,NULL,"Usage-Based","Virtual Machines",1.4052,293.331987,2.0075,NULL,NULL
"AllocatedMethodId-3595","AllocatedResourceId-8413","AllocatedResourceName-3895","{}",596.70947952,"01ABCD-2345EF-6789GH","Helios Labs","BillingAccount","USD","2024-10-01T00:00:00Z","2024-09-01T00:00:00Z",NULL,NULL,"Usage",NULL,"Cloud Storage Bucket in Northern Virginia","2024-09-25T15:00:00Z","2024-09-25T14:00:00Z","Usage","cd-149672","commit-9672",NULL,"Used","Savings Plan",NULL,297.9900000000,"GiB",NULL,785.144052,2.6348,596.70947952,"Google","INV-202409-57497","Google",969.3018720000001,3.2528,"Standard","USD",297.99,"GiB","Google","Google","us-east4","Northern Virginia","//compute.googleapis.com/projects/Helios Labs/zones/us-east4-a/instances/inst-5250",NULL,"Bucket","Storage","Cloud Storage","Google","F3WH8AA249QL6SXX","Cloud Storage GiB",NULL,"31G7144C115IFKL9.OTHQNAJH","proj-helios-dev","helios-dev","BillingAccount","{""business_unit"": ""ViennaAI""}",NULL,"europe-west1-b","Usage-Based","Object Storage",2.6348,596.70947952,3.2528,NULL,NULL
"AllocatedMethodId-7413","AllocatedResourceId-8178","AllocatedResourceName-7206","{}",441.6811392,"01ABCD-2345EF-6789GH","Helios Labs","BillingAccount","USD","2024-10-01T00:00:00Z","2024-09-01T00:00:00Z",NULL,NULL,"Usage",NULL,"Cloud Functions Function in Northern Virginia","2024-09-09T09:00:00Z","2024-09-09T08:00:00Z",NULL,NULL,NULL,NULL,NULL,NULL,NULL,455.8000000000,"Invocations",NULL,460.08452000000005,1.0094,441.6811392,"Google","INV-202409-26154","Google",639.0316,1.4020,"Dynamic","USD",455.80,"Invocations","Google","Google","us-east4","Northern Virginia","//compute.googleapis.com/projects/Helios Labs/zones/us-east4-a/instances/inst-2708",NULL,"Function","Compute","Cloud Functions","Google","RS3Z88BFLKVZID8N","Cloud Functions Invocations",NULL,"0GA98CJW5CEZKDZP.3DOXVWGU","proj-helios-prod","helios-prod","BillingAccount",NULL,NULL,NULL,"Usage-Based","Serverless Compute",1.0094,441.6811392,1.4020,NULL,NULL
"AllocatedMethodId-5532","AllocatedResourceId-8054","AllocatedResourceName-2015","{}",237.3870242,"123456789012","SunBird","BillingAccount","USD","2024-10-01T00:00:00Z","2024-09-01T00:00:00Z",NULL,NULL,"Usage",NULL,"Amazon Simple Queue Service Queue in Asia Pacific (Sydney)","2024-09-25T11:00:00Z","2024-09-25T10:00:00Z",NULL,NULL,NULL,NULL,NULL,NULL,NULL,270.8500000000,"Requests",NULL,349.098565,1.2889,237.3870242,"AWS","INV-202409-10762","AWS",537.0684650000001,1.9829,"Standard","USD",270.85,"Requests","AWS","AWS","ap-southeast-2","Asia Pacific (Sydney)","arn:aws:ec2:ap-southeast-2:123456789012:instance/i-00782510f281",NULL,"Queue","Integration","Amazon Simple Queue Service","AWS","65MJDJLURXC9BYRB","Amazon Simple Queue Service Requests",NULL,"293N95G8MSHDDA1Y.U8S6SPOB","517389287820","Atlas Nimbus","BillingAccount",NULL,NULL,NULL,"Usage-Based","Messaging",1.2889,237.3870242,1.9829,NULL,NULL
"AllocatedMethodId-9364","AllocatedResourceId-3696","AllocatedResourceName-9214","{}",821.7759744,"8a93b2c1-1234-4abc-9def-0123456789ab","Contoso Cloud","BillingProfile","USD","2024-10-01T00:00:00Z","2024-09-01T00:00:00Z",NULL,NULL,"Usage",NULL,"Azure Load Balancer Load Balancer in Southeast Asia","2024-09-18T17:00:00Z","2024-09-18T16:00:00Z","Spend","cd-389322","commit-9322",NULL,"Unused","Savings Plan",NULL,NULL,NULL,NULL,1325.44512,3.8070,821.7759744,"Microsoft","INV-202409-30960","Microsoft",1656.7889920000002,4.7587,"Committed","USD",348.16,"Hours","Microsoft","Microsoft","southeastasia","Southeast Asia","/subscriptions/8a93b2c1-1234-4abc-9def-0123456789ab/resourceGroups/rg-44/providers/Microsoft.Compute/virtualMachines/vm-7946",NULL,"Load Balancer","Networking","Azure Load Balancer","Microsoft","U9PDQ4AI57BK31QX","Azure Load Balancer Hours",NULL,"HMADUDH8U5VT4N86.A8SL5TBY","sub-4d3e","Sandbox","BillingProfile","{""business_unit"": ""OsloData""}",NULL,"uksouth-1","Usage-Based","Application Networking",3.8070,821.7759744,4.7587,NULL,NULL
"AllocatedMethodId-9371","AllocatedResourceId-8626","AllocatedResourceName-4327","{}",64.55561868,"01ABCD-2345EF-6789GH","Helios Labs","BillingAccount","USD","2024-10-01T00:00:00Z","2024-09-01T00:00:00Z",NULL,NULL,"Usage",NULL,"Compute Engine VM Instance in Northern Virginia","2024-09-15T17:00:00Z","2024-09-15T16:00:00Z",NULL,NULL,NULL,NULL,NULL,NULL,NULL,185.2300000000,"Hours",NULL,102.469236,0.5532,64.55561868,"Google","INV-202409-39638","Google",129.716569,0.7003,"Standard","USD",185.23,"Hours","Google","Google","us-east4","Northern Virginia","//compute.googleapis.com/projects/Helios Labs/zones/us-east4-a/instances/inst-6128",NULL,"VM Instance","Compute","Compute Engine","Google","2964WAXHNH7RF6BW","Compute Engine Hours",NULL,"FSGIBA5QCRXEV1NN.J40JY9Q2","proj-helios-prod","helios-prod","BillingAccount","{""environment"": ""staging""}",NULL,"europe-west1-b","Usage-Based","Virtual Machines",0.5532,64.55561868,0.7003,NULL,NULL
"AllocatedMethodId-8846","AllocatedResourceId-7731","AllocatedResourceName-4739","{}",68.53688108,"123456789012","SunBird","BillingAccount","USD","2024-10-01T00:00:00Z","2024-09-01T00:00:00Z",NULL,NULL,"Usage",NULL,"Elastic Load Balancing Load Balancer in US West (Oregon)","2024-09-16T19:00:00Z","2024-09-16T18:00:00Z","Spend","cd-950603","commit-0603",NULL,"Used","Savings Plan",NULL,24.2300000000,"LCU-Hours",NULL,100.789531,4.1597,68.53688108,"AWS","INV-202409-85882","AWS",118.576774,4.8938,"Committed","USD",24.23,"LCU-Hours","AWS","AWS","us-west-2","US West (Oregon)","arn:aws:ec2:us-west-2:123456789012:instance/i-00372176e502",NULL,"Load Balancer","Networking","Elastic Load Balancing","AWS","N4NTFIU8EO1YSM1T","Elastic Load Balancing LCU-Hours",NULL,"N1WMFTURX09HXC8U.GSYOG829","663626350770","Zenith Apollo","BillingAccount",NULL,NULL,NULL,"Usage-Based","Application Networking",4.1597,68.53688108,4.8938,NULL,NULL
"AllocatedMethodId-4111","AllocatedResourceId-1707","AllocatedResourceName-8543","{}",89.72513725,"8a93b2c1-1234-4abc-9def-0123456789ab","Contoso Cloud","BillingProfile","USD","2024-10-01T00:00:00Z","2024-09-01T00:00:00Z",NULL,NULL,"Usage",NULL,"Azure Load Balancer Load Balancer in East US","2024-09-09T12:00:00Z","2024-09-09T11:00:00Z",NULL,NULL,NULL,NULL,NULL,NULL,NULL,120.3500000000,"Hours",NULL,105.55898499999999,0.8771,89.72513725,"Microsoft","INV-202409-36377","Microsoft",133.61257,1.1102,"Standard","USD",120.35,"Hours","Microsoft","Microsoft","eastus","East US","/subscriptions/8a93b2c1-1234-4abc-9def-0123456789ab/resourceGroups/rg-255/providers/Microsoft.Compute/virtualMachines/vm-4487",NULL,"Load Balancer","Networking","Azure Load Balancer","Microsoft","J5BQABTP81Y16T3C","Azure Load Balancer Hours",NULL,"5JYCK3U4601M06BW.N5M7D97J","sub-9a1f","Production","BillingProfile","{""application"": ""AtlasPortal"", ""environment"": ""prod""}",NULL,NULL,"Usage-Based","Application Networking",0.8771,89.72513725,1.1102,NULL,NULL
"AllocatedMethodId-9695","AllocatedResourceId-8471","AllocatedResourceName-1729","{}",63.403912,"123456789012","SunBird","BillingAccount","USD","2024-10-01T00:00:00Z","2024-09-01T00:00:00Z",NULL,NULL,"Usage",NULL,"Amazon Elastic Compute Cloud Virtual Machine in US West (Oregon)","2024-09-20T20:00:00Z","2024-09-20T19:00:00Z","Usage","cd-690813","commit-0813",NULL,"Unused","Reserved Instance",NULL,NULL,NULL,NULL,83.4262,0.3575,63.403912,"AWS","INV-202409-43739","AWS",115.86324,0.4965,"Other","USD",233.36,"Hours","AWS","AWS","us-west-2","US West (Oregon)","arn:aws:ec2:us-west-2:123456789012:instance/i-007e2e89988a",NULL,"Virtual Machine","Compute","Amazon Elastic Compute Cloud","AWS","67EK5DTKXK8RYU6B","Amazon Elastic Compute Cloud Hours",NULL,"18E2IKSG32ANHC9D.7NQ9A8WQ","438839167390","Zenith Eclipse","BillingAccount","{""environment"": ""qa"", ""cost_center"": ""CC-3090"", ""application"": ""NimbusAPI""}",NULL,"ap-southeast-2a","Usage-Based","Virtual Machines",0.3575,63.403912,0.4965,NULL,NULL
"AllocatedMethodId-3737","AllocatedResourceId-2956","AllocatedResourceName-8831","{}",903.0532384,"01ABCD-2345EF-6789GH","Helios Labs","BillingAccount","USD","2024-10-01T00:00:00Z","2024-09-01T00:00:00Z",NULL,NULL,"Usage",NULL,"Cloud Functions Function in Belgium","2024-09-11T22:00:00Z","2024-09-11T21:00:00Z",NULL,NULL,NULL,NULL,NULL,NULL,NULL,269.6000000000,"Invocations",NULL,1014.66656,3.7636,903.0532384,"Google","INV-202409-47185","Google",1237.38312,4.5897,"Standard","USD",269.60,"Invocations","Google","Google","europe-west1","Belgium","//compute.googleapis.com/projects/Helios Labs/zones/europe-west1-a/instances/inst-5782",NULL,"Function","Compute","Cloud Functions","Google","B110TDU4TOB759AN","Cloud Functions Invocations",NULL,"27LVP2GI0775BSFV.U58GP2ME","proj-helios-prod","helios-prod","BillingAccount",NULL,NULL,"us-central1-a","Usage-Based","Serverless Compute",3.7636,903.0532384,4.5897,NULL,NULL
"AllocatedMethodId-5445","AllocatedResourceId-1715","AllocatedResourceName-8101","{}",117.61106346,"01ABCD-2345EF-6789GH","Helios Labs","BillingAccount","USD","2024-10-01T00:00:00Z","2024-09-01T00:00:00Z",NULL,NULL,"Usage",NULL,"BigQuery Dataset in Belgium","2024-09-21T13:00:00Z","2024-09-21T12:00:00Z",NULL,NULL,NULL,NULL,NULL,NULL,NULL,126.0200000000,"GiB",NULL,118.799054,0.9427,117.61106346,"Google","INV-202409-71889","Google",123.75164,0.9820,"Other","USD",126.02,"GiB","Google","Google","europe-west1","Belgium","//compute.googleapis.com/projects/Helios Labs/zones/europe-west1-a/instances/inst-8567",NULL,"Dataset","Analytics","BigQuery","Google","TA27RZQAHV22S0YI","BigQuery GiB",NULL,"H56U1VIUVTJQV91Z.3LLD3KI0","proj-helios-dev","helios-dev","BillingAccount","{""business_unit"": ""LisbonOps""}",NULL,"us-central1-a","Usage-Based","Data Warehouses",0.9427,117.61106346,0.9820,NULL,NULL
"AllocatedMethodId-1594","AllocatedResourceId-2369","AllocatedResourceName-1104","{}",1129.0327908,"123456789012","SunBird","BillingAccount","USD","2024-10-01T00:00:00Z","2024-09-01T00:00:00Z",NULL,NULL,"Usage",NULL,"Amazon Elastic Compute Cloud Virtual Machine in Europe (Ireland)","2024-09-05T11:00:00Z","2024-09-05T10:00:00Z",NULL,NULL,NULL,NULL,NULL,NULL,NULL,358.6400000000,"Hours",NULL,1297.73884,3.6185,1129.0327908,"AWS","INV-202409-47321","AWS",1663.766824,4.6391,"Dynamic","USD",358.64,"Hours","AWS","AWS","eu-west-1","Europe (Ireland)","arn:aws:ec2:eu-west-1:123456789012:instance/i-00838933efab",NULL,"Virtual Machine","Compute","Amazon Elastic Compute Cloud","AWS","60L01FDOXZX5R9D9","Amazon Elastic Compute Cloud Hours",NULL,"TM5FTK0J4OXAZCDE.J10SYC1E","438839167390","Zenith Eclipse","BillingAccount","{""environment"": ""dev"", ""owner"": ""g.hopper"", ""team"": ""growth""}",NULL,NULL,"Usage-Based","Virtual Machines",3.6185,1129.0327908,4.6391,NULL,NULL
"AllocatedMethodId-6080","AllocatedResourceId-6023","AllocatedResourceName-7781","{}",405.4949685,"123456789012","SunBird","BillingAccount","USD","2024-10-01T00:00:00Z","2024-09-01T00:00:00Z",NULL,NULL,"Usage",NULL,"Elastic Load Balancing Load Balancer in US East (N. Virginia)","2024-09-17T18:00:00Z","2024-09-17T17:00:00Z","Spend","cd-360695","commit-0695",NULL,"Used","Reserved Instance",NULL,436.5000000000,"LCU-Hours",NULL,418.03605,0.9577,405.4949685,"AWS","INV-202409-42138","AWS",674.2179,1.5446,"Committed","USD",436.50,"LCU-Hours","AWS","AWS","us-east-1","US East (N. Virginia)","arn:aws:ec2:us-east-1:123456789012:instance/i-0067ee05af78",NULL,"Load Balancer","Networking","Elastic Load Balancing","AWS","LIV963MD5MKG0ZXZ","Elastic Load Balancing LCU-Hours",NULL,"GC2D8ZEH5FNQAJWC.B0RLJ30Q","438839167390","Zenith Eclipse","BillingAccount","{""business_unit"": ""LisbonOps"", ""team"": ""growth"", ""environment"": ""dev""}",NULL,NULL,"Usage-Based","Application Networking",0.9577,405.4949685,1.5446,NULL,NULL
"AllocatedMethodId-9173","AllocatedResourceId-5626","AllocatedResourceName-1881","{}",254.4077403,"01ABCD-2345EF-6789GH","Helios Labs","BillingAccount","USD","2024-10-01T00:00:00Z","2024-09-01T00:00:00Z",NULL,NULL,"Usage",NULL,"Cloud Storage Bucket in Northern Virginia","2024-09-03T15:00:00Z","2024-09-03T14:00:00Z",NULL,NULL,NULL,NULL,NULL,NULL,NULL,249.5500000000,"GiB",NULL,403.82181,1.6182,254.4077403,"Google","INV-202409-66175","Google",611.84669,2.4518,"Standard","USD",249.55,"GiB","Google","Google","us-east4","Northern Virginia","//compute.googleapis.com/projects/Helios Labs/zones/us-east4-a/instances/inst-4064",NULL,"Bucket","Storage","Cloud Storage","Google","WM985VW95ULDQEWU","Cloud Storage GiB",NULL,"K7KODGZROBPI53RS.SOOJTW37","proj-helios-dev","helios-dev","BillingAccount",NULL,NULL,NULL,"Usage-Based","Object Storage",1.6182,254.4077403,2.4518,NULL,NULL
"AllocatedMethodId-5333","AllocatedResourceId-6746","AllocatedResourceName-7207","{}",1330.781062,"01ABCD-2345EF-6789GH","Helios Labs","BillingAccount","USD","2024-10-01T00:00:00Z","2024-09-01T00:00:00Z",NULL,NULL,"Purchase",NULL,"BigQuery Dataset in Northern Virginia","2024-09-12T05:00:00Z","2024-09-12T04:00:00Z",NULL,NULL,NULL,NULL,NULL,NULL,NULL,NULL,NULL,NULL,1330.781062,3.6998,0,"Google","INV-202409-39962","Google",1642.920044,4.5676,"Dynamic","USD",359.69,"GiB","Google","Google","us-east4","Northern Virginia","//compute.googleapis.com/projects/Helios Labs/zones/us-east4-a/instances/inst-5297",NULL,"Dataset","Analytics","BigQuery","Google","A02EBC29SSL6KPEY","BigQuery GiB",NULL,"QIHI6I1W6W4DLS7E.AVX4FX7Q","proj-helios-prod","helios-prod","BillingAccount","{""owner"": ""k.johnson""}",NULL,NULL,"One-Time","Data Warehouses",3.6998,0,4.5676,NULL,NULL
"AllocatedMethodId-3937","AllocatedResourceId-5183","AllocatedResourceName-4312","{}",70.8389955,"01ABCD-2345EF-6789GH","Helios Labs","BillingAccount","USD","2024-10-01T00:00:00Z","2024-09-01T00:00:00Z",NULL,NULL,"Usage",NULL,"Compute Engine VM Instance in Belgium","2024-09-13T06:00:00Z","2024-09-13T05:00:00Z","Spend","cd-994769","commit-4769",NULL,"Used","Reserved Instance",NULL,27.9500000000,"Hours",NULL,87.45555,3.1290,70.8389955,"Google","INV-202409-63040","Google",121.46510999999998,4.3458,"Standard","USD",27.95,"Hours","Google","Google","europe-west1","Belgium","//compute.googleapis.com/projects/Helios Labs/zones/europe-west1-a/instances/inst-7348",NULL,"VM Instance","Compute","Compute Engine","Google","4NHJ7KEGELZTJG6F","Compute Engine Hours",NULL,"UQQ596N33D5DXB2B.XBZIYNL2","proj-helios-prod","helios-prod","BillingAccount","{""owner"": ""k.johnson"", ""business_unit"": ""LisbonOps"", ""environment"": ""staging""}",NULL,NULL,"Usage-Based","Virtual Machines",3.1290,70.8389955,4.3458,NULL,NULL
"AllocatedMethodId-8306","AllocatedResourceId-4730","AllocatedResourceName-2167","{}",34.60671298,"8a93b2c1-1234-4abc-9def-0123456789ab","Contoso Cloud","BillingProfile","USD","2024-10-01T00:00:00Z","2024-09-01T00:00:00Z",NULL,NULL,"Usage",NULL,"Azure Kubernetes Service Cluster in Southeast Asia","2024-09-07T13:00:00Z","2024-09-07T12:00:00Z",NULL,NULL,NULL,NULL,NULL,NULL,NULL,303.1900000000,"Hours",NULL,55.817279000000006,0.1841,34.60671298,"Microsoft","INV-202409-94882","Microsoft",79.73897000000001,0.2630,"Dynamic","USD",303.19,"Hours","Microsoft","Microsoft","southeastasia","Southeast Asia","/subscriptions/8a93b2c1-1234-4abc-9def-0123456789ab/resourceGroups/rg-66/providers/Microsoft.Compute/virtualMachines/vm-1297",NULL,"Cluster","Compute","Azure Kubernetes Service","Microsoft","1MYG7TXRRG8O6X2J","Azure Kubernetes Service Hours",NULL,"7KZJBG0WGUUK4S28.5GXVOMNE","sub-2b7c","Staging","BillingProfile","{""owner"": ""a.turing"", ""environment"": ""qa"", ""team"": ""growth""}",NULL,"uksouth-1","Usage-Based","Containers",0.1841,34.60671298,0.2630,NULL,NULL
"AllocatedMethodId-9831","AllocatedResourceId-9060","AllocatedResourceName-3195","{}",771.490008,"8a93b2c1-1234-4abc-9def-0123456789ab","Contoso Cloud","BillingProfile","USD","2024-10-01T00:00:00Z","2024-09-01T00:00:00Z",NULL,NULL,"Usage",NULL,"Azure Load Balancer Load Balancer in Southeast Asia","2024-09-15T02:00:00Z","2024-09-15T01:00:00Z","Spend","cd-761072","commit-1072",NULL,"Used","Reserved Instance",NULL,415.9200000000,"Hours",NULL,1028.653344,2.4732,771.490008,"Microsoft","INV-202409-37054","Microsoft",1558.535424,3.7472,"Committed","USD",415.92,"Hours","Microsoft","Microsoft","southeastasia","Southeast Asia","/subscriptions/8a93b2c1-1234-4abc-9def-0123456789ab/resourceGroups/rg-457/providers/Microsoft.Compute/virtualMachines/vm-5829",NULL,"Load Balancer","Networking","Azure Load Balancer","Microsoft","W73DAWHIUO6D0MGA","Azure Load Balancer Hours",NULL,"VN5YNK93K5SYLLZ6.4UMFEWKQ","sub-2b7c","Staging","BillingProfile","{""application"": ""BrightSourceCore""}",NULL,"westeurope-2","Usage-Based","Application Networking",2.4732,771.490008,3.7472,NULL,NULL
"AllocatedMethodId-5551","AllocatedResourceId-7115","AllocatedResourceName-7787","{}",339.11034768,"123456789012","SunBird","BillingAccount","USD","2024-10-01T00:00:00Z","2024-09-01T00:00:00Z",NULL,NULL,"Usage",NULL,"Amazon Simple Queue Service Queue in Europe (Ireland)","2024-09-26T18:00:00Z","2024-09-26T17:00:00Z",NULL,NULL,NULL,NULL,NULL,NULL,NULL,430.5600000000,"Requests",NULL,477.620208,1.1093,339.11034768,"AWS","INV-202409-45899","AWS",645.40944,1.4990,"Standard","USD",430.56,"Requests","AWS","AWS","eu-west-1","Europe (Ireland)","arn:aws:ec2:eu-west-1:123456789012:instance/i-00bfa89ec5c3",NULL,"Queue","Integration","Amazon Simple Queue Service","AWS","RUYLQM9RAJ52EW2O","Amazon Simple Queue Service Requests",NULL,"07VA2DUH8JWFHBMF.812IB4WG","438839167390","Zenith Eclipse","BillingAccount",NULL,NULL,NULL,"Usage-Based","Messaging",1.1093,339.11034768,1.4990,NULL,NULL
"AllocatedMethodId-4609","AllocatedResourceId-8583","AllocatedResourceName-4600","{}",848.7468114,"ocid1.tenancy.oc1..aaaa1234","Meridian OCI","Tenancy","USD","2024-10-01T00:00:00Z","2024-09-01T00:00:00Z",NULL,NULL,"Credit",NULL,"Oracle Compute Instance in Australia East (Sydney)","2024-09-18T05:00:00Z","2024-09-18T04:00:00Z",NULL,NULL,NULL,NULL,NULL,NULL,NULL,NULL,NULL,NULL,1368.94647,3.4387,848.7468114,"Oracle","INV-202409-53832","Oracle",1928.0779200000002,4.8432,"Dynamic","USD",398.10,"Hours","Oracle","Oracle","ap-sydney-1","Australia East (Sydney)",NULL,NULL,NULL,"Compute","Oracle Compute","Oracle","LZXV3YT3X0ZX3MI4","Oracle Compute Hours",NULL,"4TFDVA17UBJPPDT1.LHT5B0GY","ocid1.compartment.oc1..dev","development","Tenancy","{""application"": ""BrightLensMatrix""}",NULL,NULL,"One-Time","Virtual Machines",3.4387,848.7468114,4.8432,NULL,NULL
"AllocatedMethodId-1301","AllocatedResourceId-9406","AllocatedResourceName-9029","{}",61.4465775,"123456789012","SunBird","BillingAccount","USD","2024-10-01T00:00:00Z","2024-09-01T00:00:00Z",NULL,NULL,"Usage",NULL,"Amazon Relational Database Service Database Instance in US West (Oregon)","2024-09-08T01:00:00Z","2024-09-08T00:00:00Z",NULL,NULL,NULL,NULL,NULL,NULL,NULL,354.6700000000,"Hours",NULL,79.80075000000001,0.2250,61.4465775,"AWS","INV-202409-38703","AWS",124.70197200000001,0.3516,"Dynamic","USD",354.67,"Hours","AWS","AWS","us-west-2","US West (Oregon)","arn:aws:ec2:us-west-2:123456789012:instance/i-0077eeb2549f",NULL,"Database Instance","Databases","Amazon Relational Database Service","AWS","HWD4HD1ZHZDO13DV","Amazon Relational Database Service Hours",NULL,"DRHH3421MGS02CYD.93R0EJJ6","438839167390","Zenith Eclipse","BillingAccount",NULL,NULL,NULL,"Usage-Based","Relational Databases",0.2250,61.4465775,0.3516,NULL,NULL
"AllocatedMethodId-2733","AllocatedResourceId-7122","AllocatedResourceName-7689","{}",207.52192825,"01ABCD-2345EF-6789GH","Helios Labs","BillingAccount","USD","2024-10-01T00:00:00Z","2024-09-01T00:00:00Z",NULL,NULL,"Usage",NULL,"Cloud Load Balancing Forwarding Rule in Northern Virginia","2024-09-25T01:00:00Z","2024-09-25T00:00:00Z","Usage","cd-656824","commit-6824",NULL,"Unused","Committed Use Discount",NULL,NULL,NULL,NULL,244.14344499999996,3.1885,207.52192825,"Google","INV-202409-96594","Google",297.734788,3.8884,"Committed","USD",76.57,"Hours","Google","Google","us-east4","Northern Virginia","//compute.googleapis.com/projects/Helios Labs/zones/us-east4-a/instances/inst-7738",NULL,"Forwarding Rule","Networking","Cloud Load Balancing","Google","2EUQ5VWBHMNY2JFE","Cloud Load Balancing Hours",NULL,"UY27ERB8K8LSZTHP.2F0UDRKN","proj-helios-dev","helios-dev","BillingAccount","{""business_unit"": ""MarseilleSRE"", ""cost_center"": ""CC-3090""}",NULL,"us-central1-a","Usage-Based","Application Networking",3.1885,207.52192825,3.8884,NULL,NULL
"AllocatedMethodId-7704","AllocatedResourceId-8680","AllocatedResourceName-1821","{}",453.27072000000004,"8a93b2c1-1234-4abc-9def-0123456789ab","Contoso Cloud","BillingProfile","USD","2024-10-01T00:00:00Z","2024-09-01T00:00:00Z",NULL,NULL,"Purchase",NULL,"Azure Kubernetes Service Cluster in East US","2024-09-06T01:00:00Z","2024-09-06T00:00:00Z",NULL,NULL,NULL,NULL,NULL,NULL,NULL,NULL,NULL,NULL,453.27072000000004,2.4864,0,"Microsoft","INV-202409-10256","Microsoft",467.28959000000003,2.5633,"Standard","USD",182.30,"Hours","Microsoft","Microsoft","eastus","East US","/subscriptions/8a93b2c1-1234-4abc-9def-0123456789ab/resourceGroups/rg-681/providers/Microsoft.Compute/virtualMachines/vm-8567",NULL,"Cluster","Compute","Azure Kubernetes Service","Microsoft","TSQDW8EVGOQJ59FE","Azure Kubernetes Service Hours",NULL,"K18DB61D17ESTF11.YGG43JRK","sub-9a1f","Production","BillingProfile","{""business_unit"": ""LisbonOps""}",NULL,NULL,"One-Time","Containers",2.4864,0,2.5633,NULL,NULL
"AllocatedMethodId-3710","AllocatedResourceId-7924","AllocatedResourceName-9292","{}",290.855181,"123456789012","SunBird","BillingAccount","USD","2024-10-01T00:00:00Z","2024-09-01T00:00:00Z",NULL,NULL,"Usage",NULL,"Amazon Relational Database Service Database Instance in Europe (Ireland)","2024-09-07T14:00:00Z","2024-09-07T13:00:00Z",NULL,NULL,NULL,NULL,NULL,NULL,NULL,127.4800000000,"Hours",NULL,334.3163,2.6225,290.855181,"AWS","INV-202409-98997","AWS",412.741996,3.2377,"Standard","USD",127.48,"Hours","AWS","AWS","eu-west-1","Europe (Ireland)","arn:aws:ec2:eu-west-1:123456789012:instance/i-00745dd8011a",NULL,"Database Instance","Databases","Amazon Relational Database Service","AWS","E70F2W91LJTT30QG","Amazon Relational Database Service Hours",NULL,"RW6NLXECFAIZONQI.J254D8UT","663626350770","Zenith Apollo","BillingAccount","{""environment"": ""prod"", ""business_unit"": ""ViennaAI""}",NULL,"us-west-2b","Usage-Based","Relational Databases",2.6225,290.855181,3.2377,NULL,NULL
"AllocatedMethodId-1725","AllocatedResourceId-5994","AllocatedResourceName-9495","{}",392.19881184,"8a93b2c1-1234-4abc-9def-0123456789ab","Contoso Cloud","BillingProfile","USD","2024-10-01T00:00:00Z","2024-09-01T00:00:00Z",NULL,NULL,"Usage",NULL,"Azure Blob Storage Storage Account in Southeast Asia","2024-09-16T20:00:00Z","2024-09-16T19:00:00Z","Usage","cd-226578","commit-6578",NULL,"Unused","Committed Use Discount",NULL,NULL,NULL,NULL,484.196064,3.7816,392.19881184,"Microsoft","INV-202409-78577","Microsoft",504.375168,3.9392,"Standard","USD",128.04,"GB","Microsoft","Microsoft","southeastasia","Southeast Asia","/subscriptions/8a93b2c1-1234-4abc-9def-0123456789ab/resourceGroups/rg-50/providers/Microsoft.Compute/virtualMachines/vm-343",NULL,"Storage Account","Storage","Azure Blob Storage","Microsoft","N4XA6N5PH3UKUJOJ","Azure Blob Storage GB",NULL,"RPQJGNW41U1K9A5M.OXBA0QUU","sub-4d3e","Sandbox","BillingProfile","{""business_unit"": ""ViennaAI"", ""application"": ""BrightSourceCore"", ""owner"": ""k.johnson""}",NULL,NULL,"Usage-Based","Object Storage",3.7816,392.19881184,3.9392,NULL,NULL
"AllocatedMethodId-8988","AllocatedResourceId-2470","AllocatedResourceName-4872","{}",297.73267699999997,"8a93b2c1-1234-4abc-9def-0123456789ab","Contoso Cloud","BillingProfile","USD","2024-10-01T00:00:00Z","2024-09-01T00:00:00Z",NULL,NULL,"Purchase",NULL,"Azure Functions Function App in Southeast Asia","2024-09-21T08:00:00Z","2024-09-21T07:00:00Z","Spend","cd-288428","commit-8428",NULL,"Unused","Committed Use Discount",NULL,NULL,NULL,NULL,297.73267699999997,1.5709,0,"Microsoft","INV-202409-37727","Microsoft",346.195498,1.8266,"Committed","USD",189.53,"Executions","Microsoft","Microsoft","southeastasia","Southeast Asia","/subscriptions/8a93b2c1-1234-4abc-9def-0123456789ab/resourceGroups/rg-770/providers/Microsoft.Compute/virtualMachines/vm-945",NULL,"Function App","Compute","Azure Functions","Microsoft","KX63NYB7DXW8II0J","Azure Functions Executions",NULL,"MF03XBEFXMI2BNTG.S24VY860","sub-9a1f","Production","BillingProfile",NULL,NULL,NULL,"Recurring","Serverless Compute",1.5709,0,1.8266,NULL,NULL
"AllocatedMethodId-7296","AllocatedResourceId-9671","AllocatedResourceName-4271","{}",529.9787961,"ocid1.tenancy.oc1..aaaa1234","Meridian OCI","Tenancy","USD","2024-10-01T00:00:00Z","2024-09-01T00:00:00Z",NULL,NULL,"Usage",NULL,"Oracle Load Balancer Load Balancer in Australia East (Sydney)","2024-09-01T09:00:00Z","2024-09-01T08:00:00Z",NULL,NULL,NULL,NULL,NULL,NULL,NULL,485.5500000000,"Hours",NULL,646.315605,1.3311,529.9787961,"Oracle","INV-202409-14841","Oracle",807.906645,1.6639,"Other","USD",485.55,"Hours","Oracle","Oracle","ap-sydney-1","Australia East (Sydney)","ocid1.instance.oc1.ap-sydney-1.00510f46b61e",NULL,"Load Balancer","Networking","Oracle Load Balancer","Oracle","YV2XM5YRSVHKUYJK","Oracle Load Balancer Hours",NULL,"JA8NR0QRIYHN7D2E.9YC1MQVE","ocid1.compartment.oc1..dev","development","Tenancy","{""environment"": ""dev""}",NULL,NULL,"Usage-Based","Application Networking",1.3311,529.9787961,1.6639,NULL,NULL
"AllocatedMethodId-9283","AllocatedResourceId-5689","AllocatedResourceName-5277","{}",556.7365938,"8a93b2c1-1234-4abc-9def-0123456789ab","Contoso Cloud","BillingProfile","USD","2024-10-01T00:00:00Z","2024-09-01T00:00:00Z",NULL,NULL,"Usage",NULL,"Azure Functions Function App in West Europe","2024-09-17T07:00:00Z","2024-09-17T06:00:00Z","Usage","cd-631468","commit-1468",NULL,"Unused","Committed Use Discount",NULL,NULL,NULL,NULL,830.95014,1.6620,556.7365938,"Microsoft","INV-202409-83184","Microsoft",944.2433420000001,1.8886,"Committed","USD",499.97,"Executions","Microsoft","Microsoft","westeurope","West Europe","/subscriptions/8a93b2c1-1234-4abc-9def-0123456789ab/resourceGroups/rg-558/providers/Microsoft.Compute/virtualMachines/vm-5495",NULL,"Function App","Compute","Azure Functions","Microsoft","XYV0LUCYTEINUK97","Azure Functions Executions",NULL,"8A967YB7EFA3GSLN.ZBP06B6V","sub-9a1f","Production","BillingProfile","{""application"": ""BrightSourceCore""}",NULL,"eastus-1","Usage-Based","Serverless Compute",1.6620,556.7365938,1.8886,NULL,NULL
"AllocatedMethodId-2182","AllocatedResourceId-9017","AllocatedResourceName-9647","{}",792.43874528,"01ABCD-2345EF-6789GH","Helios Labs","BillingAccount","USD","2024-10-01T00:00:00Z","2024-09-01T00:00:00Z",NULL,NULL,"Usage",NULL,"Cloud Storage Bucket in Northern Virginia","2024-09-05T20:00:00Z","2024-09-05T19:00:00Z",NULL,NULL,NULL,NULL,NULL,NULL,NULL,355.4200000000,"GiB",NULL,1165.351096,3.2788,792.43874528,"Google","INV-202409-27423","Google",1765.6910180000002,4.9679,"Other","USD",355.42,"GiB","Google","Google","us-east4","Northern Virginia","//compute.googleapis.com/projects/Helios Labs/zones/us-east4-a/instances/inst-5681",NULL,"Bucket","Storage","Cloud Storage","Google","TO6TPC45VY6QLH9H","Cloud Storage GiB",NULL,"9CE74R3KFOGHKYW2.TYANDING","proj-helios-prod","helios-prod","BillingAccount","{""owner"": ""a.lovelace""}",NULL,NULL,"Usage-Based","Object Storage",3.2788,792.43874528,4.9679,NULL,NULL
"AllocatedMethodId-3732","AllocatedResourceId-1396","AllocatedResourceName-7791","{}",194.00382592,"123456789012","SunBird","BillingAccount","USD","2024-10-01T00:00:00Z","2024-09-01T00:00:00Z",NULL,NULL,"Tax",NULL,"Tax charge in US East (N. Virginia)","2024-09-08T14:00:00Z","2024-09-08T13:00:00Z",NULL,NULL,NULL,NULL,NULL,NULL,NULL,NULL,NULL,NULL,21.8645100000,NULL,194.00382592,"AWS","INV-202409-51610","AWS",85.7035440000,NULL,NULL,"USD",NULL,NULL,"AWS","AWS",NULL,NULL,NULL,NULL,NULL,"Other","Tax","AWS",NULL,NULL,NULL,NULL,"438839167390","Zenith Eclipse","BillingAccount",NULL,NULL,NULL,"One-Time","Other (Security)",NULL,194.00382592,NULL,NULL,NULL
"AllocatedMethodId-4071","AllocatedResourceId-7901","AllocatedResourceName-3163","{}",579.74794136,"123456789012","SunBird","BillingAccount","USD","2024-10-01T00:00:00Z","2024-09-01T00:00:00Z",NULL,NULL,"Usage",NULL,"Amazon Simple Queue Service Queue in Europe (Ireland)","2024-09-20T09:00:00Z","2024-09-20T08:00:00Z","Spend","cd-144587","commit-4587",NULL,"Unused","Reserved Instance",NULL,NULL,NULL,NULL,783.4431639999999,2.8322,579.74794136,"AWS","INV-202409-62723","AWS",783.4431639999999,2.8322,"Standard","USD",276.62,"Requests","AWS","AWS","eu-west-1","Europe (Ireland)","arn:aws:ec2:eu-west-1:123456789012:instance/i-0048706d2541",NULL,"Queue","Integration","Amazon Simple Queue Service","AWS","8BEN2CLB9FTAERYY","Amazon Simple Queue Service Requests",NULL,"FPZC35J5KCSXD9A1.NWOPNXBH","517389287820","Atlas Nimbus","BillingAccount","{""business_unit"": ""ViennaAI""}",NULL,"us-west-2b","Usage-Based","Messaging",2.8322,579.74794136,2.8322,NULL,NULL
"AllocatedMethodId-1717","AllocatedResourceId-2515","AllocatedResourceName-6080","{}",24.00566292,"01ABCD-2345EF-6789GH","Helios Labs","BillingAccount","USD","2024-10-01T00:00:00Z","2024-09-01T00:00:00Z",NULL,NULL,"Usage",NULL,"Compute Engine VM Instance in Iowa","2024-09-25T15:00:00Z","2024-09-25T14:00:00Z",NULL,NULL,NULL,NULL,NULL,NULL,NULL,242.6800000000,"Hours",NULL,27.592716,0.1137,24.00566292,"Google","INV-202409-57261","Google",43.099968000000004,0.1776,"Standard","USD",242.68,"Hours","Google","Google","us-central1","Iowa","//compute.googleapis.com/projects/Helios Labs/zones/us-central1-a/instances/inst-6605",NULL,"VM Instance","Compute","Compute Engine","Google","Z2MDJSA4TFMV00VP","Compute Engine Hours",NULL,"PDOYO7X4RMOGU6BA.B9TGZJY5","proj-helios-dev","helios-dev","BillingAccount","{""environment"": ""dev""}",NULL,NULL,"Usage-Based","Virtual Machines",0.1137,24.00566292,0.1776,NULL,NULL
"AllocatedMethodId-9176","AllocatedResourceId-3697","AllocatedResourceName-1166","{}",106.86228696,"ocid1.tenancy.oc1..aaaa1234","Meridian OCI","Tenancy","USD","2024-10-01T00:00:00Z","2024-09-01T00:00:00Z",NULL,NULL,"Usage",NULL,"Oracle Load Balancer Load Balancer in US East (Ashburn)","2024-09-12T11:00:00Z","2024-09-12T10:00:00Z",NULL,NULL,NULL,NULL,NULL,NULL,NULL,112.5800000000,"Hours",NULL,107.941704,0.9588,106.86228696,"Oracle","INV-202409-93421","Oracle",143.922272,1.2784,"Standard","USD",112.58,"Hours","Oracle","Oracle","us-ashburn-1","US East (Ashburn)","ocid1.instance.oc1.us-ashburn-1.00bd0bbc4310",NULL,"Load Balancer","Networking","Oracle Load Balancer","Oracle","BINKAGYWG79AZBH5","Oracle Load Balancer Hours",NULL,"WC3VHKY34WBRZGZK.J6SM1W18","ocid1.compartment.oc1..prod","production","Tenancy","{""owner"": ""k.johnson"", ""business_unit"": ""MarseilleSRE"", ""team"": ""platform""}",NULL,"us-ashburn-1-AD-1","Usage-Based","Application Networking",0.9588,106.86228696,1.2784,NULL,NULL
"AllocatedMethodId-8055","AllocatedResourceId-5868","AllocatedResourceName-8240","{}",470.1372984,"8a93b2c1-1234-4abc-9def-0123456789ab","Contoso Cloud","BillingProfile","USD","2024-10-01T00:00:00Z","2024-09-01T00:00:00Z",NULL,NULL,"Usage",NULL,"Virtual Machines Virtual Machine in Southeast Asia","2024-09-21T18:00:00Z","2024-09-21T17:00:00Z",NULL,NULL,NULL,NULL,NULL,NULL,NULL,191.7300000000,"Hours",NULL,587.671623,3.0651,470.1372984,"Microsoft","INV-202409-44618","Microsoft",645.7849859999999,3.3682,"Standard","USD",191.73,"Hours","Microsoft","Microsoft","southeastasia","Southeast Asia","/subscriptions/8a93b2c1-1234-4abc-9def-0123456789ab/resourceGroups/rg-694/providers/Microsoft.Compute/virtualMachines/vm-2983",NULL,"Virtual Machine","Compute","Virtual Machines","Microsoft","H2SVNESXXWA9DDJB","Virtual Machines Hours",NULL,"1WT4MU1QI2IQN0FC.B7KQUD7H","sub-4d3e","Sandbox","BillingProfile",NULL,NULL,"eastus-1","Usage-Based","Virtual Machines",3.0651,470.1372984,3.3682,NULL,NULL
"AllocatedMethodId-5551","AllocatedResourceId-7697","AllocatedResourceName-8856","{}",44.21610825,"123456789012","SunBird","BillingAccount","USD","2024-10-01T00:00:00Z","2024-09-01T00:00:00Z",NULL,NULL,"Usage",NULL,"Amazon Simple Storage Service Bucket in US West (Oregon)","2024-09-01T07:00:00Z","2024-09-01T06:00:00Z",NULL,NULL,NULL,NULL,NULL,NULL,NULL,29.6300000000,"GB",NULL,58.954811,1.9897,44.21610825,"AWS","INV-202409-60654","AWS",63.393384999999995,2.1395,"Dynamic","USD",29.63,"GB","AWS","AWS","us-west-2","US West (Oregon)","arn:aws:ec2:us-west-2:123456789012:instance/i-0082bbb11a48",NULL,"Bucket","Storage","Amazon Simple Storage Service","AWS","LL8BWTE5XRCGYP2C","Amazon Simple Storage Service GB",NULL,"W9R9K9H2MNNZGB8K.1W1GIDYS","438839167390","Zenith Eclipse","BillingAccount","{""owner"": ""a.lovelace""}",NULL,"us-east-1a","Usage-Based","Object Storage",1.9897,44.21610825,2.1395,NULL,NULL
"AllocatedMethodId-9868","AllocatedResourceId-4686","AllocatedResourceName-1869","{}",1090.50489474,"ocid1.tenancy.oc1..aaaa1234","Meridian OCI","Tenancy","USD","2024-10-01T00:00:00Z","2024-09-01T00:00:00Z",NULL,NULL,"Usage",NULL,"Oracle Autonomous Database Database in UK South (London)","2024-09-17T08:00:00Z","2024-09-17T07:00:00Z",NULL,NULL,NULL,NULL,NULL,NULL,NULL,277.5400000000,"Hours",NULL,1253.4539020000002,4.5163,1090.50489474,"Oracle","INV-202409-97915","Oracle",1279.0430900000001,4.6085,"Standard","USD",277.54,"Hours","Oracle","Oracle","uk-london-1","UK South (London)","ocid1.instance.oc1.uk-london-1.00ac29e7e083",NULL,"Database","Databases","Oracle Autonomous Database","Oracle","K61HAJ7WVGQP7JUV","Oracle Autonomous Database Hours",NULL,"JAPL80VH8H7CWL7N.CVMA15OA","ocid1.compartment.oc1..dev","development","Tenancy","{""environment"": ""dev"", ""cost_center"": ""CC-2042""}",NULL,"us-ashburn-1-AD-1","Usage-Based","Relational Databases",4.5163,1090.50489474,4.6085,NULL,NULL
"AllocatedMethodId-2291","AllocatedResourceId-1660","AllocatedResourceName-6348","{}",385.53050976,"8a93b2c1-1234-4abc-9def-0123456789ab","Contoso Cloud","BillingProfile","USD","2024-10-01T00:00:00Z","2024-09-01T00:00:00Z",NULL,NULL,"Credit",NULL,"Azure Functions Function App in Southeast Asia","2024-09-05T12:00:00Z","2024-09-05T11:00:00Z","Spend","cd-778104","commit-8104",NULL,"Used","Committed Use Discount",NULL,NULL,NULL,NULL,438.10285200000004,1.8887,385.53050976,"Microsoft","INV-202409-34989","Microsoft",466.07722800000005,2.0093,"Dynamic","USD",231.96,"Executions","Microsoft","Microsoft","southeastasia","Southeast Asia",NULL,NULL,NULL,"Compute","Azure Functions","Microsoft","W5STWRB1HTP6314N","Azure Functions Executions",NULL,"9TPHUX051U3KYL0O.K4NKQO5C","sub-9a1f","Production","BillingProfile","{""application"": ""NimbusAPI"", ""cost_center"": ""CC-1001""}",NULL,NULL,"One-Time","Serverless Compute",1.8887,385.53050976,2.0093,NULL,NULL
"AllocatedMethodId-4358","AllocatedResourceId-5183","AllocatedResourceName-8557","{}",308.2853352,"ocid1.tenancy.oc1..aaaa1234","Meridian OCI","Tenancy","USD","2024-10-01T00:00:00Z","2024-09-01T00:00:00Z",NULL,NULL,"Usage",NULL,"Oracle Functions Function in UK South (London)","2024-09-12T08:00:00Z","2024-09-12T07:00:00Z",NULL,NULL,NULL,NULL,NULL,NULL,NULL,95.6000000000,"Invocations",NULL,358.47131999999993,3.7497,308.2853352,"Oracle","INV-202409-68357","Oracle",426.74884,4.4639,"Standard","USD",95.60,"Invocations","Oracle","Oracle","uk-london-1","UK South (London)","ocid1.instance.oc1.uk-london-1.002de90b7ec9",NULL,"Function","Compute","Oracle Functions","Oracle","G4AKRLP1P2QN3P8C","Oracle Functions Invocations",NULL,"ENE7QMSEMW4H19J0.HEGS3YKB","ocid1.compartment.oc1..prod","production","Tenancy","{""team"": ""infra"", ""owner"": ""a.lovelace"", ""application"": ""AtlasPortal""}",NULL,NULL,"Usage-Based","Serverless Compute",3.7497,308.2853352,4.4639,NULL,NULL
"AllocatedMethodId-8081","AllocatedResourceId-2074","AllocatedResourceName-8656","{}",1104.5591352,"ocid1.tenancy.oc1..aaaa1234","Meridian OCI","Tenancy","USD","2024-10-01T00:00:00Z","2024-09-01T00:00:00Z",NULL,NULL,"Usage",NULL,"Oracle Object Storage Bucket in Australia East (Sydney)","2024-09-14T08:00:00Z","2024-09-14T07:00:00Z",NULL,NULL,NULL,NULL,NULL,NULL,NULL,465.8700000000,"GB",NULL,1534.1099100000001,3.2930,1104.5591352,"Oracle","INV-202409-32344","Oracle",1848.339225,3.9675,"Standard","USD",465.87,"GB","Oracle","Oracle","ap-sydney-1","Australia East (Sydney)","ocid1.instance.oc1.ap-sydney-1.009fcb7fe2c2",NULL,"Bucket","Storage","Oracle Object Storage","Oracle","ULZZO4BA87RO9MCH","Oracle Object Storage GB",NULL,"T9X46GZX1A77DQE6.CISSZL97","ocid1.compartment.oc1..dev","development","Tenancy","{""owner"": ""a.lovelace""}",NULL,NULL,"Usage-Based","Object Storage",3.2930,1104.5591352,3.9675,NULL,NULL
"AllocatedMethodId-9764","AllocatedResourceId-5080","AllocatedResourceName-1559","{}",110.557898,"8a93b2c1-1234-4abc-9def-0123456789ab","Contoso Cloud","BillingProfile","USD","2024-10-01T00:00:00Z","2024-09-01T00:00:00Z",NULL,NULL,"Usage",NULL,"Azure SQL Database SQL Database in UK South","2024-09-24T07:00:00Z","2024-09-24T06:00:00Z",NULL,NULL,NULL,NULL,NULL,NULL,NULL,417.2500000000,"Hours",NULL,125.63397499999999,0.3011,110.557898,"Microsoft","INV-202409-76041","Microsoft",163.186475,0.3911,"Dynamic","USD",417.25,"Hours","Microsoft","Microsoft","uksouth","UK South","/subscriptions/8a93b2c1-1234-4abc-9def-0123456789ab/resourceGroups/rg-308/providers/Microsoft.Compute/virtualMachines/vm-8603",NULL,"SQL Database","Databases","Azure SQL Database","Microsoft","M7ATVAOA7ORHFZS5","Azure SQL Database Hours",NULL,"0QL4M909GNO4IK59.G9EXWNLX","sub-9a1f","Production","BillingProfile",NULL,NULL,NULL,"Usage-Based","Relational Databases",0.3011,110.557898,0.3911,NULL,NULL
"AllocatedMethodId-1700","AllocatedResourceId-8187","AllocatedResourceName-3742","{}",259.30395284,"8a93b2c1-1234-4abc-9def-0123456789ab","Contoso Cloud","BillingProfile","USD","2024-10-01T00:00:00Z","2024-09-01T00:00:00Z",NULL,NULL,"Usage",NULL,"Virtual Machines Virtual Machine in West Europe","2024-09-21T19:00:00Z","2024-09-21T18:00:00Z",NULL,NULL,NULL,NULL,NULL,NULL,NULL,119.2700000000,"Hours",NULL,291.352756,2.4428,259.30395284,"Microsoft","INV-202409-32850","Microsoft",300.357641,2.5183,"Other","USD",119.27,"Hours","Microsoft","Microsoft","westeurope","West Europe","/subscriptions/8a93b2c1-1234-4abc-9def-0123456789ab/resourceGroups/rg-756/providers/Microsoft.Compute/virtualMachines/vm-2119",NULL,"Virtual Machine","Compute","Virtual Machines","Microsoft","0Q76EAVBPF048EL7","Virtual Machines Hours",NULL,"6P2O8VOD9JL27GR1.WPUP07JP","sub-2b7c","Staging","BillingProfile","{""environment"": ""qa""}",NULL,"eastus-1","Usage-Based","Virtual Machines",2.4428,259.30395284,2.5183,NULL,NULL
"AllocatedMethodId-1806","AllocatedResourceId-7990","AllocatedResourceName-6893","{}",1526.311122,"01ABCD-2345EF-6789GH","Helios Labs","BillingAccount","USD","2024-10-01T00:00:00Z","2024-09-01T00:00:00Z",NULL,NULL,"Usage",NULL,"Cloud Functions Function in Northern Virginia","2024-09-30T00:00:00Z","2024-09-29T23:00:00Z",NULL,NULL,NULL,NULL,NULL,NULL,NULL,415.7300000000,"Invocations",NULL,1526.311122,3.6714,1526.311122,"Google","INV-202409-63430","Google",1623.7166610000002,3.9057,"Other","USD",415.73,"Invocations","Google","Google","us-east4","Northern Virginia","//compute.googleapis.com/projects/Helios Labs/zones/us-east4-a/instances/inst-3765",NULL,"Function","Compute","Cloud Functions","Google","EJ9AQS2GKC9M0IS9","Cloud Functions Invocations",NULL,"2T6VZLN2891E4OI2.30B0MVEP","proj-helios-prod","helios-prod","BillingAccount","{""application"": ""NimbusAPI"", ""owner"": ""a.turing"", ""business_unit"": ""ViennaAI""}",NULL,NULL,"Usage-Based","Serverless Compute",3.6714,1526.311122,3.9057,NULL,NULL
"AllocatedMethodId-7520","AllocatedResourceId-2776","AllocatedResourceName-1055","{}",438.5571806,"ocid1.tenancy.oc1..aaaa1234","Meridian OCI","Tenancy","USD","2024-10-01T00:00:00Z","2024-09-01T00:00:00Z",NULL,NULL,"Usage",NULL,"Oracle Autonomous Database Database in US East (Ashburn)","2024-09-26T08:00:00Z","2024-09-26T07:00:00Z",NULL,NULL,NULL,NULL,NULL,NULL,NULL,479.0200000000,"Hours",NULL,626.510258,1.3079,438.5571806,"Oracle","INV-202409-19387","Oracle",994.4934219999999,2.0761,"Standard","USD",479.02,"Hours","Oracle","Oracle","us-ashburn-1","US East (Ashburn)","ocid1.instance.oc1.us-ashburn-1.0092bc6749a2",NULL,"Database","Databases","Oracle Autonomous Database","Oracle","57XIRV6O0E86M2ST","Oracle Autonomous Database Hours",NULL,"8KMYCSIRRUALWY5D.JH47LV98","ocid1.compartment.oc1..dev","development","Tenancy","{""team"": ""growth"", ""application"": ""AtlasPortal""}",NULL,"uk-london-1-AD-2","Usage-Based","Relational Databases",1.3079,438.5571806,2.0761,NULL,NULL
"AllocatedMethodId-2167","AllocatedResourceId-1176","AllocatedResourceName-9116","{}",695.40920736,"8a93b2c1-1234-4abc-9def-0123456789ab","Contoso Cloud","BillingProfile","USD","2024-10-01T00:00:00Z","2024-09-01T00:00:00Z",NULL,NULL,"Usage",NULL,"Azure Kubernetes Service Cluster in UK South","2024-09-07T22:00:00Z","2024-09-07T21:00:00Z",NULL,NULL,NULL,NULL,NULL,NULL,NULL,417.0200000000,"Hours",NULL,709.601232,1.7016,695.40920736,"Microsoft","INV-202409-82776","Microsoft",1059.1056939999999,2.5397,"Standard","USD",417.02,"Hours","Microsoft","Microsoft","uksouth","UK South","/subscriptions/8a93b2c1-1234-4abc-9def-0123456789ab/resourceGroups/rg-198/providers/Microsoft.Compute/virtualMachines/vm-106",NULL,"Cluster","Compute","Azure Kubernetes Service","Microsoft","6YUUHA70G3A56NNF","Azure Kubernetes Service Hours",NULL,"PITCK4XSLWCEZX2X.XU4T7YNJ","sub-9a1f","Production","BillingProfile","{""owner"": ""g.hopper""}",NULL,"uksouth-1","Usage-Based","Containers",1.7016,695.40920736,2.5397,NULL,NULL
"AllocatedMethodId-9957","AllocatedResourceId-2889","AllocatedResourceName-9419","{}",586.8923333,"123456789012","SunBird","BillingAccount","USD","2024-10-01T00:00:00Z","2024-09-01T00:00:00Z",NULL,NULL,"Usage",NULL,"Amazon Relational Database Service Database Instance in Asia Pacific (Sydney)","2024-09-15T10:00:00Z","2024-09-15T09:00:00Z","Usage","cd-700041","commit-0041",NULL,"Used","Reserved Instance",NULL,358.5400000000,"Hours",NULL,902.911282,2.5183,586.8923333,"AWS","INV-202409-16577","AWS",1368.045224,3.8156,"Committed","USD",358.54,"Hours","AWS","AWS","ap-southeast-2","Asia Pacific (Sydney)","arn:aws:ec2:ap-southeast-2:123456789012:instance/i-0077b93bdba7",NULL,"Database Instance","Databases","Amazon Relational Database Service","AWS","ZBKSSXY3F6FSNOY2","Amazon Relational Database Service Hours",NULL,"V3VXQZBY9MRL0BXM.P78KT1ZY","517389287820","Atlas Nimbus","BillingAccount","{""application"": ""BrightLensMatrix"", ""team"": ""growth""}",NULL,"us-east-1a","Usage-Based","Relational Databases",2.5183,586.8923333,3.8156,NULL,NULL
"AllocatedMethodId-1861","AllocatedResourceId-5666","AllocatedResourceName-2622","{}",237.71421135,"ocid1.tenancy.oc1..aaaa1234","Meridian OCI","Tenancy","USD","2024-10-01T00:00:00Z","2024-09-01T00:00:00Z",NULL,NULL,"Usage",NULL,"Oracle Autonomous Database Database in Australia East (Sydney)","2024-09-13T08:00:00Z","2024-09-13T07:00:00Z",NULL,NULL,NULL,NULL,NULL,NULL,NULL,96.4900000000,"Hours",NULL,293.474335,3.0415,237.71421135,"Oracle","INV-202409-24307","Oracle",473.34134399999994,4.9056,"Standard","USD",96.49,"Hours","Oracle","Oracle","ap-sydney-1","Australia East (Sydney)","ocid1.instance.oc1.ap-sydney-1.0035ac645c8e",NULL,"Database","Databases","Oracle Autonomous Database","Oracle","P2DKKNBSSNEKFMRU","Oracle Autonomous Database Hours",NULL,"V2BC4LVZY95IPDYN.0W27M2EX","ocid1.compartment.oc1..prod","production","Tenancy",NULL,NULL,NULL,"Usage-Based","Relational Databases",3.0415,237.71421135,4.9056,NULL,NULL
"AllocatedMethodId-1625","AllocatedResourceId-5674","AllocatedResourceName-1867","{}",256.49218112,"8a93b2c1-1234-4abc-9def-0123456789ab","Contoso Cloud","BillingProfile","USD","2024-10-01T00:00:00Z","2024-09-01T00:00:00Z",NULL,NULL,"Usage",NULL,"Azure Kubernetes Service Cluster in UK South","2024-09-21T15:00:00Z","2024-09-21T14:00:00Z","Spend","cd-234867","commit-4867",NULL,"Unused","Savings Plan",NULL,NULL,NULL,NULL,377.19438399999996,2.0881,256.49218112,"Microsoft","INV-202409-52408","Microsoft",523.874064,2.9001,"Committed","USD",180.64,"Hours","Microsoft","Microsoft","uksouth","UK South","/subscriptions/8a93b2c1-1234-4abc-9def-0123456789ab/resourceGroups/rg-13/providers/Microsoft.Compute/virtualMachines/vm-2529",NULL,"Cluster","Compute","Azure Kubernetes Service","Microsoft","IBTVQBK8RTN97IY2","Azure Kubernetes Service Hours",NULL,"ZRHPYY5R8716ZA74.71OFTH8P","sub-2b7c","Staging","BillingProfile","{""application"": ""NimbusAPI"", ""cost_center"": ""CC-2042""}",NULL,"westeurope-2","Usage-Based","Containers",2.0881,256.49218112,2.9001,NULL,NULL
"AllocatedMethodId-8403","AllocatedResourceId-8833","AllocatedResourceName-5988","{}",58.66376208,"01ABCD-2345EF-6789GH","Helios Labs","BillingAccount","USD","2024-10-01T00:00:00Z","2024-09-01T00:00:00Z",NULL,NULL,"Usage",NULL,"Cloud SQL Database Instance in Singapore","2024-09-12T22:00:00Z","2024-09-12T21:00:00Z",NULL,NULL,NULL,NULL,NULL,NULL,NULL,68.8600000000,"Hours",NULL,88.88448799999999,1.2908,58.66376208,"Google","INV-202409-61601","Google",103.351974,1.5009,"Dynamic","USD",68.86,"Hours","Google","Google","asia-southeast1","Singapore","//compute.googleapis.com/projects/Helios Labs/zones/asia-southeast1-a/instances/inst-1338",NULL,"Database Instance","Databases","Cloud SQL","Google","K94RD3UFPHQYAP28","Cloud SQL Hours",NULL,"K9BOU07HB9X8543A.4WBGMNLU","proj-helios-dev","helios-dev","BillingAccount",NULL,NULL,NULL,"Usage-Based","Relational Databases",1.2908,58.66376208,1.5009,NULL,NULL
"AllocatedMethodId-3679","AllocatedResourceId-9726","AllocatedResourceName-1149","{}",495.6880709,"ocid1.tenancy.oc1..aaaa1234","Meridian OCI","Tenancy","USD","2024-10-01T00:00:00Z","2024-09-01T00:00:00Z",NULL,NULL,"Usage",NULL,"Oracle Object Storage Bucket in US East (Ashburn)","2024-09-21T14:00:00Z","2024-09-21T13:00:00Z",NULL,NULL,NULL,NULL,NULL,NULL,NULL,203.1700000000,"GB",NULL,527.327735,2.5955,495.6880709,"Oracle","INV-202409-76542","Oracle",742.708252,3.6556,"Standard","USD",203.17,"GB","Oracle","Oracle","us-ashburn-1","US East (Ashburn)","ocid1.instance.oc1.us-ashburn-1.0019865cdd22",NULL,"Bucket","Storage","Oracle Object Storage","Oracle","MJ0IT70TBQZZXR52","Oracle Object Storage GB",NULL,"BUOZTRPQVSGIG3YK.D8CEL7PQ","ocid1.compartment.oc1..dev","development","Tenancy","{""environment"": ""qa""}",NULL,"us-ashburn-1-AD-1","Usage-Based","Object Storage",2.5955,495.6880709,3.6556,NULL,NULL
"AllocatedMethodId-7785","AllocatedResourceId-3871","AllocatedResourceName-6963","{}",26.5102299,"123456789012","SunBird","BillingAccount","USD","2024-10-01T00:00:00Z","2024-09-01T00:00:00Z",NULL,NULL,"Usage",NULL,"AWS Lambda Function in US West (Oregon)","2024-09-16T04:00:00Z","2024-09-16T03:00:00Z",NULL,NULL,NULL,NULL,NULL,NULL,NULL,12.9500000000,"Requests",NULL,34.428869999999996,2.6586,26.5102299,"AWS","INV-202409-21006","AWS",40.98675,3.1650,"Standard","USD",12.95,"Requests","AWS","AWS","us-west-2","US West (Oregon)","arn:aws:ec2:us-west-2:123456789012:instance/i-0042e2593808",NULL,"Function","Compute","AWS Lambda","AWS","NMFUITARHU3U6RJ3","AWS Lambda Requests",NULL,"170FL42MPOPV1TJB.F9RQU2ZY","517389287820","Atlas Nimbus","BillingAccount",NULL,NULL,NULL,"Usage-Based","Serverless Compute",2.6586,26.5102299,3.1650,NULL,NULL
"AllocatedMethodId-6457","AllocatedResourceId-2195","AllocatedResourceName-5011","{}",302.734922,"123456789012","SunBird","BillingAccount","USD","2024-10-01T00:00:00Z","2024-09-01T00:00:00Z",NULL,NULL,"Usage",NULL,"AWS Lambda Function in Asia Pacific (Sydney)","2024-09-03T19:00:00Z","2024-09-03T18:00:00Z","Spend","cd-357660","commit-7660",NULL,"Unused","Committed Use Discount",NULL,NULL,NULL,NULL,302.734922,1.9726,302.734922,"AWS","INV-202409-69587","AWS",488.280152,3.1816,"Committed","USD",153.47,"Requests","AWS","AWS","ap-southeast-2","Asia Pacific (Sydney)","arn:aws:ec2:ap-southeast-2:123456789012:instance/i-0075b60a0ee4",NULL,"Function","Compute","AWS Lambda","AWS","XS1EIDO8R03L1QTD","AWS Lambda Requests",NULL,"E6L6HTNVNVQLV1I8.1A56FP6S","438839167390","Zenith Eclipse","BillingAccount","{""environment"": ""staging""}",NULL,NULL,"Usage-Based","Serverless Compute",1.9726,302.734922,3.1816,NULL,NULL
"AllocatedMethodId-6607","AllocatedResourceId-4095","AllocatedResourceName-1441","{}",183.34783875,"01ABCD-2345EF-6789GH","Helios Labs","BillingAccount","USD","2024-10-01T00:00:00Z","2024-09-01T00:00:00Z",NULL,NULL,"Usage",NULL,"Compute Engine VM Instance in Northern Virginia","2024-09-27T10:00:00Z","2024-09-27T09:00:00Z",NULL,NULL,NULL,NULL,NULL,NULL,NULL,158.6500000000,"Hours",NULL,192.997725,1.2165,183.34783875,"Google","INV-202409-11978","Google",296.92934,1.8716,"Other","USD",158.65,"Hours","Google","Google","us-east4","Northern Virginia","//compute.googleapis.com/projects/Helios Labs/zones/us-east4-a/instances/inst-579",NULL,"VM Instance","Compute","Compute Engine","Google","DZB1GGW3N2JVPAOH","Compute Engine Hours",NULL,"U8RYTOQRI9BUQBDK.NGWD495P","proj-helios-dev","helios-dev","BillingAccount","{""owner"": ""k.johnson"", ""business_unit"": ""LisbonOps""}",NULL,NULL,"Usage-Based","Virtual Machines",1.2165,183.34783875,1.8716,NULL,NULL
"AllocatedMethodId-9562","AllocatedResourceId-5790","AllocatedResourceName-7622","{}",1236.26329536,"123456789012","SunBird","BillingAccount","USD","2024-10-01T00:00:00Z","2024-09-01T00:00:00Z",NULL,NULL,"Usage",NULL,"Amazon Simple Storage Service Bucket in Europe (Ireland)","2024-09-28T00:00:00Z","2024-09-27T23:00:00Z",NULL,NULL,NULL,NULL,NULL,NULL,NULL,311.3800000000,"GB",NULL,1287.774266,4.1357,1236.26329536,"AWS","INV-202409-92727","AWS",1369.978586,4.3997,"Other","USD",311.38,"GB","AWS","AWS","eu-west-1","Europe (Ireland)","arn:aws:ec2:eu-west-1:123456789012:instance/i-00b295a83200",NULL,"Bucket","Storage","Amazon Simple Storage Service","AWS","5XYW28OOPSNEBWF8","Amazon Simple Storage Service GB",NULL,"66W2927L7AV4L6P2.7MAE991X","663626350770","Zenith Apollo","BillingAccount","{""owner"": ""a.turing"", ""business_unit"": ""MarseilleSRE""}",NULL,NULL,"Usage-Based","Object Storage",4.1357,1236.26329536,4.3997,NULL,NULL
"AllocatedMethodId-1006","AllocatedResourceId-2979","AllocatedResourceName-2107","{}",812.55816232,"123456789012","SunBird","BillingAccount","USD","2024-10-01T00:00:00Z","2024-09-01T00:00:00Z",NULL,NULL,"Usage",NULL,"Amazon Simple Queue Service Queue in Europe (Ireland)","2024-09-18T22:00:00Z","2024-09-18T21:00:00Z",NULL,NULL,NULL,NULL,NULL,NULL,NULL,373.2200000000,"Requests",NULL,1194.9384740000003,3.2017,812.55816232,"AWS","INV-202409-80964","AWS",1194.9384740000003,3.2017,"Other","USD",373.22,"Requests","AWS","AWS","eu-west-1","Europe (Ireland)","arn:aws:ec2:eu-west-1:123456789012:instance/i-0098ec038163",NULL,"Queue","Integration","Amazon Simple Queue Service","AWS","2W72VD9CIC5VICQZ","Amazon Simple Queue Service Requests",NULL,"D3SNBZQ8Q45MKCJT.QRA4PG4F","438839167390","Zenith Eclipse","BillingAccount",NULL,NULL,NULL,"Usage-Based","Messaging",3.2017,812.55816232,3.2017,NULL,NULL
"AllocatedMethodId-4852","AllocatedResourceId-2579","AllocatedResourceName-7517","{}",33.8447522,"8a93b2c1-1234-4abc-9def-0123456789ab","Contoso Cloud","BillingProfile","USD","2024-10-01T00:00:00Z","2024-09-01T00:00:00Z",NULL,NULL,"Usage",NULL,"Virtual Machines Virtual Machine in West Europe","2024-09-21T21:00:00Z","2024-09-21T20:00:00Z",NULL,NULL,NULL,NULL,NULL,NULL,NULL,36.0200000000,"Hours",NULL,48.34964600000001,1.3423,33.8447522,"Microsoft","INV-202409-96958","Microsoft",71.10348,1.9740,"Other","USD",36.02,"Hours","Microsoft","Microsoft","westeurope","West Europe","/subscriptions/8a93b2c1-1234-4abc-9def-0123456789ab/resourceGroups/rg-815/providers/Microsoft.Compute/virtualMachines/vm-1261",NULL,"Virtual Machine","Compute","Virtual Machines","Microsoft","OWL2V0XIB8PGMAAE","Virtual Machines Hours",NULL,"YF7OLFVKCD5SEYYR.NC9YBSJ9","sub-2b7c","Staging","BillingProfile","{""team"": ""growth"", ""owner"": ""a.turing"", ""cost_center"": ""CC-1001""}",NULL,NULL,"Usage-Based","Virtual Machines",1.3423,33.8447522,1.9740,NULL,NULL
"AllocatedMethodId-4558","AllocatedResourceId-1704","AllocatedResourceName-9815","{}",709.871418,"ocid1.tenancy.oc1..aaaa1234","Meridian OCI","Tenancy","USD","2024-10-01T00:00:00Z","2024-09-01T00:00:00Z",NULL,NULL,"Usage",NULL,"Oracle Object Storage Bucket in US East (Ashburn)","2024-09-13T20:00:00Z","2024-09-13T19:00:00Z",NULL,NULL,NULL,NULL,NULL,NULL,NULL,492.7500000000,"GB",NULL,1144.9539,2.3236,709.871418,"Oracle","INV-202409-31264","Oracle",1168.31025,2.3710,"Standard","USD",492.75,"GB","Oracle","Oracle","us-ashburn-1","US East (Ashburn)","ocid1.instance.oc1.us-ashburn-1.0026528a132c",NULL,"Bucket","Storage","Oracle Object Storage","Oracle","3KB6Q48CGG3DWZR3","Oracle Object Storage GB",NULL,"1V8X3X2BOOZ3UR5F.BN47S8ZU","ocid1.compartment.oc1..prod","production","Tenancy","{""environment"": ""dev"", ""team"": ""platform"", ""cost_center"": ""CC-2042""}",NULL,"us-ashburn-1-AD-1","Usage-Based","Object Storage",2.3236,709.871418,2.3710,NULL,NULL
"AllocatedMethodId-9226","AllocatedResourceId-1339","AllocatedResourceName-5957","{}",461.4164688,"123456789012","SunBird","BillingAccount","USD","2024-10-01T00:00:00Z","2024-09-01T00:00:00Z",NULL,NULL,"Usage",NULL,"Amazon Relational Database Service Database Instance in Europe (Ireland)","2024-09-09T07:00:00Z","2024-09-09T06:00:00Z",NULL,NULL,NULL,NULL,NULL,NULL,NULL,131.8800000000,"Hours",NULL,501.53963999999996,3.8030,461.4164688,"AWS","INV-202409-58147","AWS",539.283696,4.0892,"Standard","USD",131.88,"Hours","AWS","AWS","eu-west-1","Europe (Ireland)","arn:aws:ec2:eu-west-1:123456789012:instance/i-006da1f0a617",NULL,"Database Instance","Databases","Amazon Relational Database Service","AWS","Q2WM1SF1N7IVFG4J","Amazon Relational Database Service Hours",NULL,"MDMW6KF4LYOPB8DQ.9A861FGK","517389287820","Atlas Nimbus","BillingAccount",NULL,NULL,"ap-southeast-2a","Usage-Based","Relational Databases",3.8030,461.4164688,4.0892,NULL,NULL
"AllocatedMethodId-6202","AllocatedResourceId-8526","AllocatedResourceName-8278","{}",219.126726,"01ABCD-2345EF-6789GH","Helios Labs","BillingAccount","USD","2024-10-01T00:00:00Z","2024-09-01T00:00:00Z",NULL,NULL,"Usage",NULL,"Cloud Load Balancing Forwarding Rule in Belgium","2024-09-18T00:00:00Z","2024-09-17T23:00:00Z",NULL,NULL,NULL,NULL,NULL,NULL,NULL,461.3000000000,"Hours",NULL,280.9317,0.6090,219.126726,"Google","INV-202409-32596","Google",292.64871999999997,0.6344,"Dynamic","USD",461.30,"Hours","Google","Google","europe-west1","Belgium","//compute.googleapis.com/projects/Helios Labs/zones/europe-west1-a/instances/inst-6402",NULL,"Forwarding Rule","Networking","Cloud Load Balancing","Google","301OXIFVJ04M2HEA","Cloud Load Balancing Hours",NULL,"2AZ8071R0TGS4PWT.19VM3SLV","proj-helios-prod","helios-prod","BillingAccount","{""cost_center"": ""CC-3090""}",NULL,NULL,"Usage-Based","Application Networking",0.6090,219.126726,0.6344,NULL,NULL
"AllocatedMethodId-2373","AllocatedResourceId-9552","AllocatedResourceName-4530","{}",141.61799589,"ocid1.tenancy.oc1..aaaa1234","Meridian OCI","Tenancy","USD","2024-10-01T00:00:00Z","2024-09-01T00:00:00Z",NULL,NULL,"Adjustment",NULL,"Oracle Load Balancer Load Balancer in Australia East (Sydney)","2024-09-21T14:00:00Z","2024-09-21T13:00:00Z","Spend","cd-860368","commit-0368",NULL,"Used","Committed Use Discount",NULL,NULL,NULL,NULL,232.160649,1.2417,141.61799589,"Oracle","INV-202409-56053","Oracle",362.759194,1.9402,"Committed","USD",186.97,"Hours","Oracle","Oracle","ap-sydney-1","Australia East (Sydney)",NULL,NULL,NULL,"Networking","Oracle Load Balancer","Oracle","2EWGYOJODT55JV0E","Oracle Load Balancer Hours",NULL,"FXWOO6SFZIB1L96F.U0ZDMB8D","ocid1.compartment.oc1..dev","development","Tenancy","{""application"": ""BrightLensMatrix"", ""owner"": ""k.johnson"", ""business_unit"": ""ViennaAI""}",NULL,NULL,"One-Time","Application Networking",1.2417,141.61799589,1.9402,NULL,NULL
"AllocatedMethodId-4370","AllocatedResourceId-4657","AllocatedResourceName-2672","{}",94.01504814,"01ABCD-2345EF-6789GH","Helios Labs","BillingAccount","USD","2024-10-01T00:00:00Z","2024-09-01T00:00:00Z",NULL,NULL,"Usage",NULL,"Cloud Storage Bucket in Singapore","2024-09-18T10:00:00Z","2024-09-18T09:00:00Z","Spend","cd-759549","commit-9549",NULL,"Unused","Savings Plan",NULL,NULL,NULL,NULL,120.532113,3.9351,94.01504814,"Google","INV-202409-72492","Google",152.57415600000002,4.9812,"Committed","USD",30.63,"GiB","Google","Google","asia-southeast1","Singapore","//compute.googleapis.com/projects/Helios Labs/zones/asia-southeast1-a/instances/inst-8220",NULL,"Bucket","Storage","Cloud Storage","Google","13YJG85SPB0S5TIM","Cloud Storage GiB",NULL,"IZ7PT74BLVG0K9C9.TWQ7JYI2","proj-helios-prod","helios-prod","BillingAccount",NULL,NULL,NULL,"Usage-Based","Object Storage",3.9351,94.01504814,4.9812,NULL,NULL
"AllocatedMethodId-2884","AllocatedResourceId-4700","AllocatedResourceName-9939","{}",534.61410807,"8a93b2c1-1234-4abc-9def-0123456789ab","Contoso Cloud","BillingProfile","USD","2024-10-01T00:00:00Z","2024-09-01T00:00:00Z",NULL,NULL,"Adjustment",NULL,"Azure SQL Database SQL Database in East US","2024-09-29T15:00:00Z","2024-09-29T14:00:00Z","Spend","cd-368545","commit-8545",NULL,"Unused","Committed Use Discount",NULL,NULL,NULL,NULL,752.9776169999999,1.6521,534.61410807,"Microsoft","INV-202409-49074","Microsoft",896.408436,1.9668,"Committed","USD",455.77,"Hours","Microsoft","Microsoft","eastus","East US",NULL,NULL,NULL,"Databases","Azure SQL Database","Microsoft","ITZZ7VH0LE4XE3GP","Azure SQL Database Hours",NULL,"XJ9TUQ3BUABW2QV7.C500T837","sub-9a1f","Production","BillingProfile","{""business_unit"": ""LisbonOps"", ""owner"": ""k.johnson"", ""team"": ""payments""}",NULL,NULL,"One-Time","Relational Databases",1.6521,534.61410807,1.9668,NULL,NULL
"AllocatedMethodId-8248","AllocatedResourceId-9025","AllocatedResourceName-2722","{}",197.610686,"8a93b2c1-1234-4abc-9def-0123456789ab","Contoso Cloud","BillingProfile","USD","2024-10-01T00:00:00Z","2024-09-01T00:00:00Z",NULL,NULL,"Usage",NULL,"Virtual Machines Virtual Machine in West Europe","2024-09-19T15:00:00Z","2024-09-19T14:00:00Z",NULL,NULL,NULL,NULL,NULL,NULL,NULL,98.2600000000,"Hours",NULL,232.48316000000003,2.3660,197.610686,"Microsoft","INV-202409-27755","Microsoft",298.05205800000005,3.0333,"Standard","USD",98.26,"Hours","Microsoft","Microsoft","westeurope","West Europe","/subscriptions/8a93b2c1-1234-4abc-9def-0123456789ab/resourceGroups/rg-290/providers/Microsoft.Compute/virtualMachines/vm-6479",NULL,"Virtual Machine","Compute","Virtual Machines","Microsoft","88HYAMXPTG51WT0G","Virtual Machines Hours",NULL,"QGGGCGS3OFK6PU7Q.S9AGI34E","sub-2b7c","Staging","BillingProfile",NULL,NULL,"eastus-1","Usage-Based","Virtual Machines",2.3660,197.610686,3.0333,NULL,NULL
"AllocatedMethodId-2968","AllocatedResourceId-9612","AllocatedResourceName-9379","{}",373.15579584,"01ABCD-2345EF-6789GH","Helios Labs","BillingAccount","USD","2024-10-01T00:00:00Z","2024-09-01T00:00:00Z",NULL,NULL,"Usage",NULL,"BigQuery Dataset in Singapore","2024-09-26T17:00:00Z","2024-09-26T16:00:00Z",NULL,NULL,NULL,NULL,NULL,NULL,NULL,340.5800000000,"GiB",NULL,388.70395399999995,1.1413,373.15579584,"Google","INV-202409-97703","Google",479.87721999999997,1.4090,"Standard","USD",340.58,"GiB","Google","Google","asia-southeast1","Singapore","//compute.googleapis.com/projects/Helios Labs/zones/asia-southeast1-a/instances/inst-5379",NULL,"Dataset","Analytics","BigQuery","Google","KKCZQGYU9SCJP30Q","BigQuery GiB",NULL,"UI0U92I7AKP9YU0L.0CA9AX8B","proj-helios-prod","helios-prod","BillingAccount","{""owner"": ""g.hopper""}",NULL,"asia-southeast1-c","Usage-Based","Data Warehouses",1.1413,373.15579584,1.4090,NULL,NULL
"AllocatedMethodId-3744","AllocatedResourceId-7397","AllocatedResourceName-4280","{}",499.89219336,"123456789012","SunBird","BillingAccount","USD","2024-10-01T00:00:00Z","2024-09-01T00:00:00Z",NULL,NULL,"Usage",NULL,"Amazon Elastic Compute Cloud Virtual Machine in US West (Oregon)","2024-09-01T01:00:00Z","2024-09-01T00:00:00Z",NULL,NULL,NULL,NULL,NULL,NULL,NULL,269.0400000000,"Hours",NULL,617.150856,2.2939,499.89219336,"AWS","INV-202409-86513","AWS",734.694432,2.7308,"Dynamic","USD",269.04,"Hours","AWS","AWS","us-west-2","US West (Oregon)","arn:aws:ec2:us-west-2:123456789012:instance/i-00b8214cc70d",NULL,"Virtual Machine","Compute","Amazon Elastic Compute Cloud","AWS","JDMA3ED8E1KKN3YZ","Amazon Elastic Compute Cloud Hours",NULL,"KHXREWE9D2AI3IKT.J90NV8PT","517389287820","Atlas Nimbus","BillingAccount",NULL,NULL,NULL,"Usage-Based","Virtual Machines",2.2939,499.89219336,2.7308,NULL,NULL
"AllocatedMethodId-1722","AllocatedResourceId-3855","AllocatedResourceName-7895","{}",173.5493844,"ocid1.tenancy.oc1..aaaa1234","Meridian OCI","Tenancy","USD","2024-10-01T00:00:00Z","2024-09-01T00:00:00Z",NULL,NULL,"Usage",NULL,"Oracle Autonomous Database Database in Australia East (Sydney)","2024-09-16T00:00:00Z","2024-09-15T23:00:00Z","Usage","cd-480887","commit-0887",NULL,"Used","Savings Plan",NULL,70.4100000000,"Hours",NULL,247.92769199999998,3.5212,173.5493844,"Oracle","INV-202409-15626","Oracle",272.444454,3.8694,"Committed","USD",70.41,"Hours","Oracle","Oracle","ap-sydney-1","Australia East (Sydney)","ocid1.instance.oc1.ap-sydney-1.0069a219fe1f",NULL,"Database","Databases","Oracle Autonomous Database","Oracle","95XNBJ0FRDTE13UK","Oracle Autonomous Database Hours",NULL,"CL36GRVQ8FE9H4K6.RV7T84RQ","ocid1.compartment.oc1..dev","development","Tenancy","{""environment"": ""dev"", ""business_unit"": ""ViennaAI"", ""team"": ""infra""}",NULL,"us-ashburn-1-AD-1","Usage-Based","Relational Databases",3.5212,173.5493844,3.8694,NULL,NULL
"AllocatedMethodId-1829","AllocatedResourceId-6890","AllocatedResourceName-8750","{}",890.67006,"8a93b2c1-1234-4abc-9def-0123456789ab","Contoso Cloud","BillingProfile","USD","2024-10-01T00:00:00Z","2024-09-01T00:00:00Z",NULL,NULL,"Usage",NULL,"Azure Functions Function App in UK South","2024-09-24T02:00:00Z","2024-09-24T01:00:00Z",NULL,NULL,NULL,NULL,NULL,NULL,NULL,328.4000000000,"Executions",NULL,1086.183,3.3075,890.67006,"Microsoft","INV-202409-65701","Microsoft",1621.1465999999998,4.9365,"Dynamic","USD",328.40,"Executions","Microsoft","Microsoft","uksouth","UK South","/subscriptions/8a93b2c1-1234-4abc-9def-0123456789ab/resourceGroups/rg-839/providers/Microsoft.Compute/virtualMachines/vm-9334",NULL,"Function App","Compute","Azure Functions","Microsoft","U2UJIVWX06B9R1AA","Azure Functions Executions",NULL,"GV9HINYJRLSS4CAI.WHCZ2ITR","sub-2b7c","Staging","BillingProfile","{""application"": ""NimbusAPI""}",NULL,"eastus-1","Usage-Based","Serverless Compute",3.3075,890.67006,4.9365,NULL,NULL
"AllocatedMethodId-9857","AllocatedResourceId-6899","AllocatedResourceName-1400","{}",1144.68698448,"ocid1.tenancy.oc1..aaaa1234","Meridian OCI","Tenancy","USD","2024-10-01T00:00:00Z","2024-09-01T00:00:00Z",NULL,NULL,"Usage",NULL,"Oracle Object Storage Bucket in UK South (London)","2024-09-21T17:00:00Z","2024-09-21T16:00:00Z",NULL,NULL,NULL,NULL,NULL,NULL,NULL,476.3200000000,"GB",NULL,1413.193808,2.9669,1144.68698448,"Oracle","INV-202409-60354","Oracle",2279.334096,4.7853,"Standard","USD",476.32,"GB","Oracle","Oracle","uk-london-1","UK South (London)","ocid1.instance.oc1.uk-london-1.002fe6aa5ad7",NULL,"Bucket","Storage","Oracle Object Storage","Oracle","DC0PR3TF6AQICJKM","Oracle Object Storage GB",NULL,"AU4W3PN19L64YW2X.WWIV609U","ocid1.compartment.oc1..dev","development","Tenancy",NULL,NULL,NULL,"Usage-Based","Object Storage",2.9669,1144.68698448,4.7853,NULL,NULL
"AllocatedMethodId-8540","AllocatedResourceId-8569","AllocatedResourceName-2427","{}",664.0851744,"ocid1.tenancy.oc1..aaaa1234","Meridian OCI","Tenancy","USD","2024-10-01T00:00:00Z","2024-09-01T00:00:00Z",NULL,NULL,"Usage",NULL,"Oracle Functions Function in UK South (London)","2024-09-23T10:00:00Z","2024-09-23T09:00:00Z","Usage","cd-460085","commit-0085",NULL,"Unused","Savings Plan",NULL,NULL,NULL,NULL,1071.10512,2.4488,664.0851744,"Oracle","INV-202409-20034","Oracle",1115.71992,2.5508,"Standard","USD",437.40,"Invocations","Oracle","Oracle","uk-london-1","UK South (London)","ocid1.instance.oc1.uk-london-1.0039a1d6f711",NULL,"Function","Compute","Oracle Functions","Oracle","Q6SS3ASHTXCVYNM4","Oracle Functions Invocations",NULL,"C1VGE7GZHM82XWUR.KL7GMPJS","ocid1.compartment.oc1..dev","development","Tenancy","{""environment"": ""staging"", ""owner"": ""a.turing""}",NULL,NULL,"Usage-Based","Serverless Compute",2.4488,664.0851744,2.5508,NULL,NULL
"AllocatedMethodId-6219","AllocatedResourceId-9029","AllocatedResourceName-5901","{}",476.07184716,"123456789012","SunBird","BillingAccount","USD","2024-10-01T00:00:00Z","2024-09-01T00:00:00Z",NULL,NULL,"Usage",NULL,"Elastic Load Balancing Load Balancer in US East (N. Virginia)","2024-09-30T15:00:00Z","2024-09-30T14:00:00Z",NULL,NULL,NULL,NULL,NULL,NULL,NULL,147.2600000000,"LCU-Hours",NULL,511.90521199999995,3.4762,476.07184716,"AWS","INV-202409-58563","AWS",602.2344959999999,4.0896,"Dynamic","USD",147.26,"LCU-Hours","AWS","AWS","us-east-1","US East (N. Virginia)","arn:aws:ec2:us-east-1:123456789012:instance/i-00dcdb43fdbb",NULL,"Load Balancer","Networking","Elastic Load Balancing","AWS","R4QNT4Y78N60FZF7","Elastic Load Balancing LCU-Hours",NULL,"43YTU7D8SMF0UKE2.CBUMEI0B","517389287820","Atlas Nimbus","BillingAccount","{""cost_center"": ""CC-2042"", ""business_unit"": ""ViennaAI"", ""environment"": ""staging""}",NULL,"ap-southeast-2a","Usage-Based","Application Networking",3.4762,476.07184716,4.0896,NULL,NULL
"AllocatedMethodId-5201","AllocatedResourceId-1545","AllocatedResourceName-3125","{}",245.98809804,"123456789012","SunBird","BillingAccount","USD","2024-10-01T00:00:00Z","2024-09-01T00:00:00Z",NULL,NULL,"Usage",NULL,"Amazon Simple Storage Service Bucket in Europe (Ireland)","2024-09-27T13:00:00Z","2024-09-27T12:00:00Z",NULL,NULL,NULL,NULL,NULL,NULL,NULL,211.7400000000,"GB",NULL,261.68946600000004,1.2359,245.98809804,"AWS","INV-202409-70905","AWS",339.863874,1.6051,"Dynamic","USD",211.74,"GB","AWS","AWS","eu-west-1","Europe (Ireland)","arn:aws:ec2:eu-west-1:123456789012:instance/i-00327e261aab",NULL,"Bucket","Storage","Amazon Simple Storage Service","AWS","7PWTGKPQULMLX7DL","Amazon Simple Storage Service GB",NULL,"SWU5EGYL3RNVGSI6.0MI5DJNG","438839167390","Zenith Eclipse","BillingAccount","{""environment"": ""prod""}",NULL,"us-west-2b","Usage-Based","Object Storage",1.2359,245.98809804,1.6051,NULL,NULL
"AllocatedMethodId-2259","AllocatedResourceId-2899","AllocatedResourceName-4697","{}",62.253906,"123456789012","SunBird","BillingAccount","USD","2024-10-01T00:00:00Z","2024-09-01T00:00:00Z",NULL,NULL,"Usage",NULL,"Amazon Elastic Compute Cloud Virtual Machine in Asia Pacific (Sydney)","2024-09-27T23:00:00Z","2024-09-27T22:00:00Z",NULL,NULL,NULL,NULL,NULL,NULL,NULL,136.9000000000,"Hours",NULL,103.75651,0.7579,62.253906,"AWS","INV-202409-63163","AWS",142.12958,1.0382,"Standard","USD",136.90,"Hours","AWS","AWS","ap-southeast-2","Asia Pacific (Sydney)","arn:aws:ec2:ap-southeast-2:123456789012:instance/i-0044ebdfb08b",NULL,"Virtual Machine","Compute","Amazon Elastic Compute Cloud","AWS","95CKVJGXFROWG4IM","Amazon Elastic Compute Cloud Hours",NULL,"Y6XCQT8XKYDJPVS4.JKQCUXPC","517389287820","Atlas Nimbus","BillingAccount","{""team"": ""growth"", ""environment"": ""qa"", ""cost_center"": ""CC-2042""}",NULL,"ap-southeast-2a","Usage-Based","Virtual Machines",0.7579,62.253906,1.0382,NULL,NULL
"AllocatedMethodId-6154","AllocatedResourceId-1254","AllocatedResourceName-6458","{}",660.66622368,"123456789012","SunBird","BillingAccount","USD","2024-10-01T00:00:00Z","2024-09-01T00:00:00Z",NULL,NULL,"Usage",NULL,"Amazon Elastic Compute Cloud Virtual Machine in Europe (Ireland)","2024-09-29T00:00:00Z","2024-09-28T23:00:00Z",NULL,NULL,NULL,NULL,NULL,NULL,NULL,236.6400000000,"Hours",NULL,930.5158079999999,3.9322,660.66622368,"AWS","INV-202409-69635","AWS",1000.561248,4.2282,"Standard","USD",236.64,"Hours","AWS","AWS","eu-west-1","Europe (Ireland)","arn:aws:ec2:eu-west-1:123456789012:instance/i-006c8082f8f6",NULL,"Virtual Machine","Compute","Amazon Elastic Compute Cloud","AWS","XWZP6X9E7J9QN2T7","Amazon Elastic Compute Cloud Hours",NULL,"Y9CCWX5NM7A3IZYA.SATQ3XBG","438839167390","Zenith Eclipse","BillingAccount",NULL,NULL,"us-west-2b","Usage-Based","Virtual Machines",3.9322,660.66622368,4.2282,NULL,NULL
"AllocatedMethodId-4929","AllocatedResourceId-1366","AllocatedResourceName-3435","{}",63.992592,"ocid1.tenancy.oc1..aaaa1234","Meridian OCI","Tenancy","USD","2024-10-01T00:00:00Z","2024-09-01T00:00:00Z",NULL,NULL,"Usage",NULL,"Oracle Functions Function in UK South (London)","2024-09-23T01:00:00Z","2024-09-23T00:00:00Z",NULL,NULL,NULL,NULL,NULL,NULL,NULL,483.2000000000,"Invocations",NULL,79.0032,0.1635,63.992592,"Oracle","INV-202409-47649","Oracle",94.07904,0.1947,"Other","USD",483.20,"Invocations","Oracle","Oracle","uk-london-1","UK South (London)","ocid1.instance.oc1.uk-london-1.001b85f6b0e6",NULL,"Function","Compute","Oracle Functions","Oracle","DZPEGC14GPYPVFFT","Oracle Functions Invocations",NULL,"JDJ9ZGIJNK90HRAI.SVTIJQJK","ocid1.compartment.oc1..dev","development","Tenancy","{""owner"": ""g.hopper"", ""environment"": ""dev"", ""cost_center"": ""CC-2042""}",NULL,"uk-london-1-AD-2","Usage-Based","Serverless Compute",0.1635,63.992592,0.1947,NULL,NULL
"AllocatedMethodId-4075","AllocatedResourceId-2998","AllocatedResourceName-6478","{}",106.1673352,"8a93b2c1-1234-4abc-9def-0123456789ab","Contoso Cloud","BillingProfile","USD","2024-10-01T00:00:00Z","2024-09-01T00:00:00Z",NULL,NULL,"Usage","Correction","Azure Load Balancer Load Balancer in West Europe","2024-09-03T10:00:00Z","2024-09-03T09:00:00Z",NULL,NULL,NULL,NULL,NULL,NULL,NULL,64.7200000000,"Hours",NULL,129.47236,2.0005,106.1673352,"Microsoft","INV-202409-73590","Microsoft",170.355984,2.6322,"Standard","USD",64.72,"Hours","Microsoft","Microsoft","westeurope","West Europe","/subscriptions/8a93b2c1-1234-4abc-9def-0123456789ab/resourceGroups/rg-482/providers/Microsoft.Compute/virtualMachines/vm-9112",NULL,"Load Balancer","Networking","Azure Load Balancer","Microsoft","GOVOKUYH50LR7R05","Azure Load Balancer Hours",NULL,"YSD833XNYERA9MA3.CDZPPYDI","sub-4d3e","Sandbox","BillingProfile","{""business_unit"": ""ViennaAI""}",NULL,NULL,"Usage-Based","Application Networking",2.0005,106.1673352,2.6322,NULL,NULL
"AllocatedMethodId-1430","AllocatedResourceId-9559","AllocatedResourceName-4612","{}",510.70594076,"ocid1.tenancy.oc1..aaaa1234","Meridian OCI","Tenancy","USD","2024-10-01T00:00:00Z","2024-09-01T00:00:00Z",NULL,NULL,"Usage",NULL,"Oracle Functions Function in Australia East (Sydney)","2024-09-19T00:00:00Z","2024-09-18T23:00:00Z",NULL,NULL,NULL,NULL,NULL,NULL,NULL,214.6700000000,"Invocations",NULL,555.115153,2.5859,510.70594076,"Oracle","INV-202409-98519","Oracle",630.8077949999999,2.9385,"Standard","USD",214.67,"Invocations","Oracle","Oracle","ap-sydney-1","Australia East (Sydney)","ocid1.instance.oc1.ap-sydney-1.002770739d1d",NULL,"Function","Compute","Oracle Functions","Oracle","R1KKKLK7OM7FM6UL","Oracle Functions Invocations",NULL,"KNVBYJ5BSCGRTEKT.VKLJQXY2","ocid1.compartment.oc1..prod","production","Tenancy","{""team"": ""payments"", ""owner"": ""k.johnson"", ""environment"": ""dev""}",NULL,NULL,"Usage-Based","Serverless Compute",2.5859,510.70594076,2.9385,NULL,NULL
"AllocatedMethodId-9973","AllocatedResourceId-5089","AllocatedResourceName-7008","{}",1504.93241654,"8a93b2c1-1234-4abc-9def-0123456789ab","Contoso Cloud","BillingProfile","USD","2024-10-01T00:00:00Z","2024-09-01T00:00:00Z",NULL,NULL,"Usage",NULL,"Azure Load Balancer Load Balancer in Southeast Asia","2024-09-12T23:00:00Z","2024-09-12T22:00:00Z",NULL,NULL,NULL,NULL,NULL,NULL,NULL,482.7100000000,"Hours",NULL,1535.6453229999997,3.1813,1504.93241654,"Microsoft","INV-202409-45242","Microsoft",1669.162909,3.4579,"Other","USD",482.71,"Hours","Microsoft","Microsoft","southeastasia","Southeast Asia","/subscriptions/8a93b2c1-1234-4abc-9def-0123456789ab/resourceGroups/rg-84/providers/Microsoft.Compute/virtualMachines/vm-6152",NULL,"Load Balancer","Networking","Azure Load Balancer","Microsoft","XFBVPCRV94XWD6LW","Azure Load Balancer Hours",NULL,"4IOLMAA4A90E91T6.TZ3S3WKG","sub-9a1f","Production","BillingProfile","{""business_unit"": ""MarseilleSRE""}",NULL,"uksouth-1","Usage-Based","Application Networking",3.1813,1504.93241654,3.4579,NULL,NULL
"AllocatedMethodId-4403","AllocatedResourceId-8839","AllocatedResourceName-2166","{}",406.362768,"ocid1.tenancy.oc1..aaaa1234","Meridian OCI","Tenancy","USD","2024-10-01T00:00:00Z","2024-09-01T00:00:00Z",NULL,NULL,"Usage",NULL,"Oracle Autonomous Database Database in US East (Ashburn)","2024-09-25T10:00:00Z","2024-09-25T09:00:00Z",NULL,NULL,NULL,NULL,NULL,NULL,NULL,229.0400000000,"Hours",NULL,677.2712799999999,2.9570,406.362768,"Oracle","INV-202409-17688","Oracle",1075.022144,4.6936,"Standard","USD",229.04,"Hours","Oracle","Oracle","us-ashburn-1","US East (Ashburn)","ocid1.instance.oc1.us-ashburn-1.00d82cdb680f",NULL,"Database","Databases","Oracle Autonomous Database","Oracle","XW0LTEJ10206BQDU","Oracle Autonomous Database Hours",NULL,"ZT4CPM1RKSUMJB1U.ROI0ESOT","ocid1.compartment.oc1..dev","development","Tenancy","{""owner"": ""a.lovelace"", ""business_unit"": ""ViennaAI"", ""cost_center"": ""CC-3090""}",NULL,NULL,"Usage-Based","Relational Databases",2.9570,406.362768,4.6936,NULL,NULL
"AllocatedMethodId-5578","AllocatedResourceId-5197","AllocatedResourceName-2139","{}",1074.27063142,"01ABCD-2345EF-6789GH","Helios Labs","BillingAccount","USD","2024-10-01T00:00:00Z","2024-09-01T00:00:00Z",NULL,NULL,"Usage",NULL,"Cloud Storage Bucket in Singapore","2024-09-06T03:00:00Z","2024-09-06T02:00:00Z","Usage","cd-872964","commit-2964",NULL,"Used","Reserved Instance",NULL,337.9100000000,"GiB",NULL,1249.151897,3.6967,1074.27063142,"Google","INV-202409-13344","Google",1581.2160540000002,4.6794,"Standard","USD",337.91,"GiB","Google","Google","asia-southeast1","Singapore","//compute.googleapis.com/projects/Helios Labs/zones/asia-southeast1-a/instances/inst-9110",NULL,"Bucket","Storage","Cloud Storage","Google","2S293D12YSSK60OC","Cloud Storage GiB",NULL,"3B37FCECGISS7AXZ.TIGH64TB","proj-helios-prod","helios-prod","BillingAccount","{""environment"": ""staging""}",NULL,"europe-west1-b","Usage-Based","Object Storage",3.6967,1074.27063142,4.6794,NULL,NULL
"AllocatedMethodId-4407","AllocatedResourceId-1266","AllocatedResourceName-7787","{}",622.25327008,"123456789012","SunBird","BillingAccount","USD","2024-10-01T00:00:00Z","2024-09-01T00:00:00Z",NULL,NULL,"Tax",NULL,"Tax charge in US East (N. Virginia)","2024-09-08T06:00:00Z","2024-09-08T05:00:00Z",NULL,NULL,NULL,NULL,NULL,NULL,NULL,NULL,NULL,NULL,28.9163210000,NULL,622.25327008,"AWS","INV-202409-84506","AWS",88.8176230000,NULL,NULL,"USD",NULL,NULL,"AWS","AWS",NULL,NULL,NULL,NULL,NULL,"Other","Tax","AWS",NULL,NULL,NULL,NULL,"438839167390","Zenith Eclipse","BillingAccount",NULL,NULL,NULL,"One-Time","Other (Security)",NULL,622.25327008,NULL,NULL,NULL
"AllocatedMethodId-4158","AllocatedResourceId-5313","AllocatedResourceName-2832","{}",259.6822689,"123456789012","SunBird","BillingAccount","USD","2024-10-01T00:00:00Z","2024-09-01T00:00:00Z",NULL,NULL,"Usage",NULL,"Amazon Simple Storage Service Bucket in US East (N. Virginia)","2024-09-20T14:00:00Z","2024-09-20T13:00:00Z",NULL,NULL,NULL,NULL,NULL,NULL,NULL,342.5300000000,"GB",NULL,350.92198499999995,1.0245,259.6822689,"AWS","INV-202409-90784","AWS",354.45004399999993,1.0348,"Standard","USD",342.53,"GB","AWS","AWS","us-east-1","US East (N. Virginia)","arn:aws:ec2:us-east-1:123456789012:instance/i-001ab2c5236f",NULL,"Bucket","Storage","Amazon Simple Storage Service","AWS","12WHRHQ7OWEVZBWH","Amazon Simple Storage Service GB",NULL,"RI34DJEVO8YHGVHH.F1L4GQNX","517389287820","Atlas Nimbus","BillingAccount","{""owner"": ""a.turing"", ""cost_center"": ""CC-3090""}",NULL,"ap-southeast-2a","Usage-Based","Object Storage",1.0245,259.6822689,1.0348,NULL,NULL
"AllocatedMethodId-2259","AllocatedResourceId-6495","AllocatedResourceName-5208","{}",1413.65027279,"123456789012","SunBird","BillingAccount","USD","2024-10-01T00:00:00Z","2024-09-01T00:00:00Z",NULL,NULL,"Usage","Correction","Amazon Simple Queue Service Queue in US East (N. Virginia)","2024-09-19T00:00:00Z","2024-09-18T23:00:00Z",NULL,NULL,NULL,NULL,NULL,NULL,NULL,476.8900000000,"Requests",NULL,1936.5072229999998,4.0607,1413.65027279,"AWS","INV-202409-50095","AWS",2082.244807,4.3663,"Standard","USD",476.89,"Requests","AWS","AWS","us-east-1","US East (N. Virginia)","arn:aws:ec2:us-east-1:123456789012:instance/i-003c784f19ab",NULL,"Queue","Integration","Amazon Simple Queue Service","AWS","A2JUC8TULTB971C1","Amazon Simple Queue Service Requests",NULL,"IUOP0CGAPEGRDB6H.K2HIL772","663626350770","Zenith Apollo","BillingAccount","{""team"": ""payments""}",NULL,"us-east-1a","Usage-Based","Messaging",4.0607,1413.65027279,4.3663,NULL,NULL
"AllocatedMethodId-2374","AllocatedResourceId-7346","AllocatedResourceName-3686","{}",92.63777632,"8a93b2c1-1234-4abc-9def-0123456789ab","Contoso Cloud","BillingProfile","USD","2024-10-01T00:00:00Z","2024-09-01T00:00:00Z",NULL,NULL,"Usage",NULL,"Azure SQL Database SQL Database in Southeast Asia","2024-09-09T05:00:00Z","2024-09-09T04:00:00Z",NULL,NULL,NULL,NULL,NULL,NULL,NULL,74.3300000000,"Hours",NULL,117.26300799999999,1.5776,92.63777632,"Microsoft","INV-202409-60507","Microsoft",158.464127,2.1319,"Standard","USD",74.33,"Hours","Microsoft","Microsoft","southeastasia","Southeast Asia","/subscriptions/8a93b2c1-1234-4abc-9def-0123456789ab/resourceGroups/rg-147/providers/Microsoft.Compute/virtualMachines/vm-3930",NULL,"SQL Database","Databases","Azure SQL Database","Microsoft","KI3JRMB15457OY33","Azure SQL Database Hours",NULL,"6EA5A6IQD6OWFOMG.W3LD9LP1","sub-4d3e","Sandbox","BillingProfile","{""cost_center"": ""CC-2042"", ""team"": ""platform"", ""owner"": ""a.lovelace""}",NULL,"eastus-1","Usage-Based","Relational Databases",1.5776,92.63777632,2.1319,NULL,NULL
"AllocatedMethodId-9274","AllocatedResourceId-1584","AllocatedResourceName-6758","{}",91.18263616,"123456789012","SunBird","BillingAccount","USD","2024-10-01T00:00:00Z","2024-09-01T00:00:00Z",NULL,NULL,"Usage",NULL,"Amazon Elastic Compute Cloud Virtual Machine in Asia Pacific (Sydney)","2024-09-26T04:00:00Z","2024-09-26T03:00:00Z",NULL,NULL,NULL,NULL,NULL,NULL,NULL,70.2200000000,"Hours",NULL,147.06876799999998,2.0944,91.18263616,"AWS","INV-202409-87403","AWS",226.255862,3.2221,"Other","USD",70.22,"Hours","AWS","AWS","ap-southeast-2","Asia Pacific (Sydney)","arn:aws:ec2:ap-southeast-2:123456789012:instance/i-00a44d8f2491",NULL,"Virtual Machine","Compute","Amazon Elastic Compute Cloud","AWS","RAPBL4Z4N0B70ONN","Amazon Elastic Compute Cloud Hours",NULL,"WCZZZ51AVWB7BCVD.D9NC0LXD","517389287820","Atlas Nimbus","BillingAccount","{""cost_center"": ""CC-1001"", ""team"": ""platform""}",NULL,NULL,"Usage-Based","Virtual Machines",2.0944,91.18263616,3.2221,NULL,NULL
"AllocatedMethodId-7449","AllocatedResourceId-1586","AllocatedResourceName-4241","{}",1133.2926066,"01ABCD-2345EF-6789GH","Helios Labs","BillingAccount","USD","2024-10-01T00:00:00Z","2024-09-01T00:00:00Z",NULL,NULL,"Usage",NULL,"BigQuery Dataset in Singapore","2024-09-04T08:00:00Z","2024-09-04T07:00:00Z",NULL,NULL,NULL,NULL,NULL,NULL,NULL,387.4200000000,"GiB",NULL,1471.8085800000001,3.7990,1133.2926066,"Google","INV-202409-83262","Google",1635.338562,4.2211,"Standard","USD",387.42,"GiB","Google","Google","asia-southeast1","Singapore","//compute.googleapis.com/projects/Helios Labs/zones/asia-southeast1-a/instances/inst-7658",NULL,"Dataset","Analytics","BigQuery","Google","6HT8N057QAPIF22R","BigQuery GiB",NULL,"FH412VXBCRM5VMGV.2WILUD8P","proj-helios-dev","helios-dev","BillingAccount","{""environment"": ""qa"", ""cost_center"": ""CC-2042"", ""application"": ""BrightLensMatrix""}",NULL,NULL,"Usage-Based","Data Warehouses",3.7990,1133.2926066,4.2211,NULL,NULL
"AllocatedMethodId-5355","AllocatedResourceId-1786","AllocatedResourceName-5598","{}",601.9003,"123456789012","SunBird","BillingAccount","USD","2024-10-01T00:00:00Z","2024-09-01T00:00:00Z",NULL,NULL,"Usage",NULL,"Amazon Simple Storage Service Bucket in Asia Pacific (Sydney)","2024-09-13T11:00:00Z","2024-09-13T10:00:00Z",NULL,NULL,NULL,NULL,NULL,NULL,NULL,441.2500000000,"GB",NULL,885.1474999999999,2.0060,601.9003,"AWS","INV-202409-50950","AWS",1041.35,2.3600,"Standard","USD",441.25,"GB","AWS","AWS","ap-southeast-2","Asia Pacific (Sydney)","arn:aws:ec2:ap-southeast-2:123456789012:instance/i-0017c78f7dbe",NULL,"Bucket","Storage","Amazon Simple Storage Service","AWS","7GKD38CBN58FAHAP","Amazon Simple Storage Service GB",NULL,"JA6JPQGZAB3W578W.HZZFB5ZQ","438839167390","Zenith Eclipse","BillingAccount","{""environment"": ""qa"", ""business_unit"": ""OsloData""}",NULL,"us-west-2b","Usage-Based","Object Storage",2.0060,601.9003,2.3600,NULL,NULL
"AllocatedMethodId-8273","AllocatedResourceId-3166","AllocatedResourceName-8070","{}",374.626161,"8a93b2c1-1234-4abc-9def-0123456789ab","Contoso Cloud","BillingProfile","USD","2024-10-01T00:00:00Z","2024-09-01T00:00:00Z",NULL,NULL,"Tax",NULL,"Tax charge in Southeast Asia","2024-09-29T16:00:00Z","2024-09-29T15:00:00Z",NULL,NULL,NULL,NULL,NULL,NULL,NULL,NULL,NULL,NULL,10.4654800000,NULL,374.626161,"Microsoft","INV-202409-71110","Microsoft",34.0477250000,NULL,NULL,"USD",NULL,NULL,"Microsoft","Microsoft",NULL,NULL,NULL,NULL,NULL,"Other","Tax","Microsoft",NULL,NULL,NULL,NULL,"sub-4d3e","Sandbox","BillingProfile",NULL,NULL,NULL,"One-Time","Other (Security)",NULL,374.626161,NULL,NULL,NULL
"AllocatedMethodId-3718","AllocatedResourceId-8982","AllocatedResourceName-9801","{}",177.14286848,"123456789012","SunBird","BillingAccount","USD","2024-10-01T00:00:00Z","2024-09-01T00:00:00Z",NULL,NULL,"Usage",NULL,"Amazon Simple Storage Service Bucket in Asia Pacific (Sydney)","2024-09-08T17:00:00Z","2024-09-08T16:00:00Z",NULL,NULL,NULL,NULL,NULL,NULL,NULL,177.8600000000,"GB",NULL,276.78573200000005,1.5562,177.14286848,"AWS","INV-202409-47422","AWS",294.44723,1.6555,"Dynamic","USD",177.86,"GB","AWS","AWS","ap-southeast-2","Asia Pacific (Sydney)","arn:aws:ec2:ap-southeast-2:123456789012:instance/i-00718eb7db19",NULL,"Bucket","Storage","Amazon Simple Storage Service","AWS","ME8CLO8S920FTTQO","Amazon Simple Storage Service GB",NULL,"O2OYCD6V2VO3T2ZN.G7NQLBAK","517389287820","Atlas Nimbus","BillingAccount","{""cost_center"": ""CC-3090"", ""team"": ""payments"", ""business_unit"": ""MarseilleSRE""}",NULL,NULL,"Usage-Based","Object Storage",1.5562,177.14286848,1.6555,NULL,NULL
"AllocatedMethodId-1713","AllocatedResourceId-3251","AllocatedResourceName-7626","{}",264.58684032,"01ABCD-2345EF-6789GH","Helios Labs","BillingAccount","USD","2024-10-01T00:00:00Z","2024-09-01T00:00:00Z",NULL,NULL,"Credit",NULL,"Cloud Storage Bucket in Belgium","2024-09-18T02:00:00Z","2024-09-18T01:00:00Z",NULL,NULL,NULL,NULL,NULL,NULL,NULL,NULL,NULL,NULL,400.889152,2.5264,264.58684032,"Google","INV-202409-61288","Google",626.3893,3.9475,"Standard","USD",158.68,"GiB","Google","Google","europe-west1","Belgium",NULL,NULL,NULL,"Storage","Cloud Storage","Google","FBY1U626KTIX0X9I","Cloud Storage GiB",NULL,"N9VQCTSVBO9ZM7MQ.YYB7HQS7","proj-helios-dev","helios-dev","BillingAccount","{""owner"": ""a.turing"", ""application"": ""BrightLensMatrix""}",NULL,NULL,"One-Time","Object Storage",2.5264,264.58684032,3.9475,NULL,NULL
"AllocatedMethodId-6473","AllocatedResourceId-1009","AllocatedResourceName-1566","{}",0.54482952,"01ABCD-2345EF-6789GH","Helios Labs","BillingAccount","USD","2024-10-01T00:00:00Z","2024-09-01T00:00:00Z",NULL,NULL,"Usage",NULL,"Cloud Storage Bucket in Belgium","2024-09-04T07:00:00Z","2024-09-04T06:00:00Z","Usage","cd-144509","commit-4509",NULL,"Unused","Committed Use Discount",NULL,NULL,NULL,NULL,0.592206,0.0534,0.54482952,"Google","INV-202409-53639","Google",0.924906,0.0834,"Standard","USD",11.09,"GiB","Google","Google","europe-west1","Belgium","//compute.googleapis.com/projects/Helios Labs/zones/europe-west1-a/instances/inst-7569",NULL,"Bucket","Storage","Cloud Storage","Google","OPRUEL7JQWRF6NM5","Cloud Storage GiB",NULL,"97GT5TJWB3TO7ICM.WDD26122","proj-helios-prod","helios-prod","BillingAccount","{""application"": ""AtlasPortal""}",NULL,"asia-southeast1-c","Usage-Based","Object Storage",0.0534,0.54482952,0.0834,NULL,NULL
"AllocatedMethodId-3540","AllocatedResourceId-6364","AllocatedResourceName-7755","{}",976.675653,"01ABCD-2345EF-6789GH","Helios Labs","BillingAccount","USD","2024-10-01T00:00:00Z","2024-09-01T00:00:00Z",NULL,NULL,"Purchase",NULL,"Cloud Storage Bucket in Singapore","2024-09-28T05:00:00Z","2024-09-28T04:00:00Z",NULL,NULL,NULL,NULL,NULL,NULL,NULL,NULL,NULL,NULL,976.675653,2.7397,0,"Google","INV-202409-18048","Google",1162.7277840000002,3.2616,"Dynamic","USD",356.49,"GiB","Google","Google","asia-southeast1","Singapore","//compute.googleapis.com/projects/Helios Labs/zones/asia-southeast1-a/instances/inst-696",NULL,"Bucket","Storage","Cloud Storage","Google","F1OJU10ER6KQP0T8","Cloud Storage GiB",NULL,"VE27K2X54MDYEQZB.F5QFYTBD","proj-helios-dev","helios-dev","BillingAccount","{""environment"": ""qa"", ""business_unit"": ""OsloData""}",NULL,NULL,"One-Time","Object Storage",2.7397,0,3.2616,NULL,NULL
"AllocatedMethodId-1804","AllocatedResourceId-5292","AllocatedResourceName-8176","{}",392.31426465,"8a93b2c1-1234-4abc-9def-0123456789ab","Contoso Cloud","BillingProfile","USD","2024-10-01T00:00:00Z","2024-09-01T00:00:00Z",NULL,NULL,"Usage",NULL,"Azure Load Balancer Load Balancer in Southeast Asia","2024-09-28T23:00:00Z","2024-09-28T22:00:00Z",NULL,NULL,NULL,NULL,NULL,NULL,NULL,260.1500000000,"Hours",NULL,496.600335,1.9089,392.31426465,"Microsoft","INV-202409-99894","Microsoft",814.1134099999999,3.1294,"Dynamic","USD",260.15,"Hours","Microsoft","Microsoft","southeastasia","Southeast Asia","/subscriptions/8a93b2c1-1234-4abc-9def-0123456789ab/resourceGroups/rg-610/providers/Microsoft.Compute/virtualMachines/vm-4609",NULL,"Load Balancer","Networking","Azure Load Balancer","Microsoft","SWHM2RAI8K0W1VLO","Azure Load Balancer Hours",NULL,"Y4XYL3XQVQAOT6P2.XWVPZTKL","sub-4d3e","Sandbox","BillingProfile","{""environment"": ""dev""}",NULL,"westeurope-2","Usage-Based","Application Networking",1.9089,392.31426465,3.1294,NULL,NULL
"AllocatedMethodId-1766","AllocatedResourceId-9835","AllocatedResourceName-8395","{}",571.949598,"123456789012","SunBird","BillingAccount","USD","2024-10-01T00:00:00Z","2024-09-01T00:00:00Z",NULL,NULL,"Usage",NULL,"Amazon Relational Database Service Database Instance in Europe (Ireland)","2024-09-22T03:00:00Z","2024-09-22T02:00:00Z",NULL,NULL,NULL,NULL,NULL,NULL,NULL,349.1500000000,"Hours",NULL,649.9427249999999,1.8615,571.949598,"AWS","INV-202409-93397","AWS",1065.501055,3.0517,"Other","USD",349.15,"Hours","AWS","AWS","eu-west-1","Europe (Ireland)","arn:aws:ec2:eu-west-1:123456789012:instance/i-008ef028cd76",NULL,"Database Instance","Databases","Amazon Relational Database Service","AWS","YK2DRP68VJ72EW7O","Amazon Relational Database Service Hours",NULL,"RROBI3P9UTRLRDJQ.8AT167Y9","438839167390","Zenith Eclipse","BillingAccount",NULL,NULL,NULL,"Usage-Based","Relational Databases",1.8615,571.949598,3.0517,NULL,NULL
"AllocatedMethodId-8468","AllocatedResourceId-2679","AllocatedResourceName-7429","{}",48.22039596,"ocid1.tenancy.oc1..aaaa1234","Meridian OCI","Tenancy","USD","2024-10-01T00:00:00Z","2024-09-01T00:00:00Z",NULL,NULL,"Usage",NULL,"Oracle Object Storage Bucket in UK South (London)","2024-09-21T20:00:00Z","2024-09-21T19:00:00Z",NULL,NULL,NULL,NULL,NULL,NULL,NULL,51.8100000000,"GB",NULL,70.91234700000001,1.3687,48.22039596,"Oracle","INV-202409-15559","Oracle",90.916188,1.7548,"Dynamic","USD",51.81,"GB","Oracle","Oracle","uk-london-1","UK South (London)","ocid1.instance.oc1.uk-london-1.00777ea42314",NULL,"Bucket","Storage","Oracle Object Storage","Oracle","4FP75MESBNEHZ10H","Oracle Object Storage GB",NULL,"1KTZ8714ZLE6ILT3.LIQ5Z912","ocid1.compartment.oc1..prod","production","Tenancy","{""team"": ""infra"", ""application"": ""BrightSourceCore""}",NULL,"uk-london-1-AD-2","Usage-Based","Object Storage",1.3687,48.22039596,1.7548,NULL,NULL
"AllocatedMethodId-4218","AllocatedResourceId-4164","AllocatedResourceName-7557","{}",402.188605,"ocid1.tenancy.oc1..aaaa1234","Meridian OCI","Tenancy","USD","2024-10-01T00:00:00Z","2024-09-01T00:00:00Z",NULL,NULL,"Purchase",NULL,"Oracle Compute Instance in Australia East (Sydney)","2024-09-23T04:00:00Z","2024-09-23T03:00:00Z",NULL,NULL,NULL,NULL,NULL,NULL,NULL,NULL,NULL,NULL,402.188605,1.3193,0,"Oracle","INV-202409-41953","Oracle",509.09950000000003,1.6700,"Dynamic","USD",304.85,"Hours","Oracle","Oracle","ap-sydney-1","Australia East (Sydney)","ocid1.instance.oc1.ap-sydney-1.00df4f17d0fc",NULL,"Instance","Compute","Oracle Compute","Oracle","MSEO2PQVRIS4GEWU","Oracle Compute Hours",NULL,"7LLE9HVF2FA2B134.1MHNGZTU","ocid1.compartment.oc1..dev","development","Tenancy","{""cost_center"": ""CC-3090""}",NULL,NULL,"One-Time","Virtual Machines",1.3193,0,1.6700,NULL,NULL
"AllocatedMethodId-5920","AllocatedResourceId-6110","AllocatedResourceName-6069","{}",386.71123194,"01ABCD-2345EF-6789GH","Helios Labs","BillingAccount","USD","2024-10-01T00:00:00Z","2024-09-01T00:00:00Z",NULL,NULL,"Usage",NULL,"Cloud Storage Bucket in Singapore","2024-09-01T09:00:00Z","2024-09-01T08:00:00Z",NULL,NULL,NULL,NULL,NULL,NULL,NULL,121.5400000000,"GiB",NULL,390.617406,3.2139,386.71123194,"Google","INV-202409-92930","Google",558.026602,4.5913,"Standard","USD",121.54,"GiB","Google","Google","asia-southeast1","Singapore","//compute.googleapis.com/projects/Helios Labs/zones/asia-southeast1-a/instances/inst-2970",NULL,"Bucket","Storage","Cloud Storage","Google","Z2UESW24COG4AX18","Cloud Storage GiB",NULL,"IX9MLCERNVTXYMZ4.66O161P0","proj-helios-dev","helios-dev","BillingAccount",NULL,NULL,"europe-west1-b","Usage-Based","Object Storage",3.2139,386.71123194,4.5913,NULL,NULL
"AllocatedMethodId-6353","AllocatedResourceId-5425","AllocatedResourceName-7881","{}",669.0589356,"123456789012","SunBird","BillingAccount","USD","2024-10-01T00:00:00Z","2024-09-01T00:00:00Z",NULL,NULL,"Usage",NULL,"Amazon Elastic Compute Cloud Virtual Machine in Asia Pacific (Sydney)","2024-09-06T16:00:00Z","2024-09-06T15:00:00Z","Usage","cd-247433","commit-7433",NULL,"Used","Reserved Instance",NULL,282.2700000000,"Hours",NULL,760.2942449999999,2.6935,669.0589356,"AWS","INV-202409-10803","AWS",894.457176,3.1688,"Standard","USD",282.27,"Hours","AWS","AWS","ap-southeast-2","Asia Pacific (Sydney)","arn:aws:ec2:ap-southeast-2:123456789012:instance/i-004e3d756805",NULL,"Virtual Machine","Compute","Amazon Elastic Compute Cloud","AWS","VD148KDN64IHGIBN","Amazon Elastic Compute Cloud Hours",NULL,"6J6MCGXAXWT51F19.DY6CPCTB","517389287820","Atlas Nimbus","BillingAccount","{""cost_center"": ""CC-1001""}",NULL,"eu-west-1c","Usage-Based","Virtual Machines",2.6935,669.0589356,3.1688,NULL,NULL
"AllocatedMethodId-5370","AllocatedResourceId-9075","AllocatedResourceName-4400","{}",0.539283,"123456789012","SunBird","BillingAccount","USD","2024-10-01T00:00:00Z","2024-09-01T00:00:00Z",NULL,NULL,"Usage",NULL,"Amazon Elastic Compute Cloud Virtual Machine in US West (Oregon)","2024-09-12T17:00:00Z","2024-09-12T16:00:00Z",NULL,NULL,NULL,NULL,NULL,NULL,NULL,0.5000000000,"Hours",NULL,0.8049,1.6098,0.539283,"AWS","INV-202409-95881","AWS",0.89435,1.7887,"Dynamic","USD",0.50,"Hours","AWS","AWS","us-west-2","US West (Oregon)","arn:aws:ec2:us-west-2:123456789012:instance/i-005ba0896d52",NULL,"Virtual Machine","Compute","Amazon Elastic Compute Cloud","AWS","VIF4GYDEPYSE50UI","Amazon Elastic Compute Cloud Hours",NULL,"BXT8NZBBE07AGFVN.0BYSNTXM","517389287820","Atlas Nimbus","BillingAccount",NULL,NULL,NULL,"Usage-Based","Virtual Machines",1.6098,0.539283,1.7887,NULL,NULL
"AllocatedMethodId-4098","AllocatedResourceId-5266","AllocatedResourceName-3365","{}",73.48036212,"8a93b2c1-1234-4abc-9def-0123456789ab","Contoso Cloud","BillingProfile","USD","2024-10-01T00:00:00Z","2024-09-01T00:00:00Z",NULL,NULL,"Usage",NULL,"Virtual Machines Virtual Machine in East US","2024-09-18T16:00:00Z","2024-09-18T15:00:00Z","Spend","cd-331146","commit-1146",NULL,"Unused","Savings Plan",NULL,NULL,NULL,NULL,74.222588,0.7556,73.48036212,"Microsoft","INV-202409-44230","Microsoft",98.95690200000001,1.0074,"Standard","USD",98.23,"Hours","Microsoft","Microsoft","eastus","East US","/subscriptions/8a93b2c1-1234-4abc-9def-0123456789ab/resourceGroups/rg-602/providers/Microsoft.Compute/virtualMachines/vm-4356",NULL,"Virtual Machine","Compute","Virtual Machines","Microsoft","Q0R9VUWGZNKSCV2S","Virtual Machines Hours",NULL,"GFNXMGAP6EZZ52BX.JE6V6Y7C","sub-4d3e","Sandbox","BillingProfile","{""owner"": ""a.lovelace"", ""cost_center"": ""CC-2042""}",NULL,NULL,"Usage-Based","Virtual Machines",0.7556,73.48036212,1.0074,NULL,NULL
"AllocatedMethodId-2696","AllocatedResourceId-1137","AllocatedResourceName-5659","{}",806.3188269999999,"123456789012","SunBird","BillingAccount","USD","2024-10-01T00:00:00Z","2024-09-01T00:00:00Z",NULL,NULL,"Purchase",NULL,"Amazon Elastic Compute Cloud Virtual Machine in US West (Oregon)","2024-09-24T01:00:00Z","2024-09-24T00:00:00Z","Usage","cd-301041","commit-1041",NULL,"Used","Reserved Instance",NULL,NULL,NULL,NULL,806.3188269999999,2.0393,0,"AWS","INV-202409-76366","AWS",1203.448543,3.0437,"Committed","USD",395.39,"Hours","AWS","AWS","us-west-2","US West (Oregon)","arn:aws:ec2:us-west-2:123456789012:instance/i-00e1d5b8309a",NULL,"Virtual Machine","Compute","Amazon Elastic Compute Cloud","AWS","90T7WND3Q739EMQB","Amazon Elastic Compute Cloud Hours",NULL,"WHRAUDE9GPYE5CAC.R6WTGIMQ","438839167390","Zenith Eclipse","BillingAccount","{""application"": ""BrightSourceCore""}",NULL,NULL,"One-Time","Virtual Machines",2.0393,0,3.0437,NULL,NULL
"AllocatedMethodId-4125","AllocatedResourceId-3116","AllocatedResourceName-2985","{}",200.9715776,"01ABCD-2345EF-6789GH","Helios Labs","BillingAccount","USD","2024-10-01T00:00:00Z","2024-09-01T00:00:00Z",NULL,NULL,"Tax",NULL,"Tax charge in Singapore","2024-09-11T15:00:00Z","2024-09-11T14:00:00Z",NULL,NULL,NULL,NULL,NULL,NULL,NULL,NULL,NULL,NULL,33.3326880000,NULL,200.9715776,"Google","INV-202409-90236","Google",58.8813090000,NULL,NULL,"USD",NULL,NULL,"Google","Google",NULL,NULL,NULL,NULL,NULL,"Other","Tax","Google",NULL,NULL,NULL,NULL,"proj-helios-dev","helios-dev","BillingAccount","{""owner"": ""a.lovelace"", ""cost_center"": ""CC-1001"", ""team"": ""platform""}",NULL,NULL,"One-Time","Other (Security)",NULL,200.9715776,NULL,NULL,NULL
"AllocatedMethodId-1913","AllocatedResourceId-6141","AllocatedResourceName-4272","{}",238.86938592,"123456789012","SunBird","BillingAccount","USD","2024-10-01T00:00:00Z","2024-09-01T00:00:00Z",NULL,NULL,"Usage",NULL,"Amazon Simple Queue Service Queue in Asia Pacific (Sydney)","2024-09-05T18:00:00Z","2024-09-05T17:00:00Z",NULL,NULL,NULL,NULL,NULL,NULL,NULL,257.5600000000,"Requests",NULL,271.44248400000004,1.0539,238.86938592,"AWS","INV-202409-44581","AWS",301.60276,1.1710,"Standard","USD",257.56,"Requests","AWS","AWS","ap-southeast-2","Asia Pacific (Sydney)","arn:aws:ec2:ap-southeast-2:123456789012:instance/i-00366a2ef600",NULL,"Queue","Integration","Amazon Simple Queue Service","AWS","Y0T7FDAEEKNOBH03","Amazon Simple Queue Service Requests",NULL,"YVXY3PLO9MY6TGSP.TSZKL6B5","517389287820","Atlas Nimbus","BillingAccount","{""owner"": ""a.turing""}",NULL,NULL,"Usage-Based","Messaging",1.0539,238.86938592,1.1710,NULL,NULL
"AllocatedMethodId-9593","AllocatedResourceId-8856","AllocatedResourceName-3811","{}",223.61217494,"123456789012","SunBird","BillingAccount","USD","2024-10-01T00:00:00Z","2024-09-01T00:00:00Z",NULL,NULL,"Adjustment",NULL,"Amazon Relational Database Service Database Instance in Europe (Ireland)","2024-09-27T06:00:00Z","2024-09-27T05:00:00Z",NULL,NULL,NULL,NULL,NULL,NULL,NULL,NULL,NULL,NULL,290.405422,0.5987,223.61217494,"AWS","INV-202409-44667","AWS",392.46204600000004,0.8091,"Other","USD",485.06,"Hours","AWS","AWS","eu-west-1","Europe (Ireland)",NULL,NULL,NULL,"Databases","Amazon Relational Database Service","AWS","25LFB65L3SHDXFW3","Amazon Relational Database Service Hours",NULL,"6FXVVF9TWXK1QPUI.IG4MI9TJ","517389287820","Atlas Nimbus","BillingAccount",NULL,NULL,NULL,"One-Time","Relational Databases",0.5987,223.61217494,0.8091,NULL,NULL
"AllocatedMethodId-3078","AllocatedResourceId-8002","AllocatedResourceName-1869","{}",563.34377658,"123456789012","SunBird","BillingAccount","USD","2024-10-01T00:00:00Z","2024-09-01T00:00:00Z",NULL,NULL,"Usage",NULL,"AWS Lambda Function in US West (Oregon)","2024-09-07T15:00:00Z","2024-09-07T14:00:00Z",NULL,NULL,NULL,NULL,NULL,NULL,NULL,494.4900000000,"Requests",NULL,655.0509030000001,1.3247,563.34377658,"AWS","INV-202409-13085","AWS",949.371351,1.9199,"Dynamic","USD",494.49,"Requests","AWS","AWS","us-west-2","US West (Oregon)","arn:aws:ec2:us-west-2:123456789012:instance/i-00d7cc7b6e73",NULL,"Function","Compute","AWS Lambda","AWS","HPGSXYIXODNDIREO","AWS Lambda Requests",NULL,"BAHHNES1TTLFSP34.6BXVII44","517389287820","Atlas Nimbus","BillingAccount","{""business_unit"": ""OsloData""}",NULL,NULL,"Usage-Based","Serverless Compute",1.3247,563.34377658,1.9199,NULL,NULL
"AllocatedMethodId-4805","AllocatedResourceId-4476","AllocatedResourceName-2830","{}",781.8584899999998,"01ABCD-2345EF-6789GH","Helios Labs","BillingAccount","USD","2024-10-01T00:00:00Z","2024-09-01T00:00:00Z",NULL,NULL,"Purchase",NULL,"Cloud Functions Function in Northern Virginia","2024-09-27T14:00:00Z","2024-09-27T13:00:00Z","Usage","cd-522413","commit-2413",NULL,"Unused","Committed Use Discount",NULL,NULL,NULL,NULL,781.8584899999998,2.1245,0,"Google","INV-202409-49916","Google",953.466216,2.5908,"Committed","USD",368.02,"Invocations","Google","Google","us-east4","Northern Virginia","//compute.googleapis.com/projects/Helios Labs/zones/us-east4-a/instances/inst-3879",NULL,"Function","Compute","Cloud Functions","Google","21SY2K2ZMN06BC2H","Cloud Functions Invocations",NULL,"GS5UDWLICGEJ4ASJ.IXOPIN9F","proj-helios-dev","helios-dev","BillingAccount",NULL,NULL,NULL,"One-Time","Serverless Compute",2.1245,0,2.5908,NULL,NULL
"AllocatedMethodId-6026","AllocatedResourceId-5572","AllocatedResourceName-1804","{}",519.3523,"ocid1.tenancy.oc1..aaaa1234","Meridian OCI","Tenancy","USD","2024-10-01T00:00:00Z","2024-09-01T00:00:00Z",NULL,NULL,"Purchase",NULL,"Oracle Compute Instance in UK South (London)","2024-09-27T13:00:00Z","2024-09-27T12:00:00Z","Usage","cd-732950","commit-2950",NULL,"Used","Reserved Instance",NULL,NULL,NULL,NULL,519.3523,3.3790,0,"Oracle","INV-202409-43838","Oracle",674.4817099999999,4.3883,"Other","USD",153.70,"Hours","Oracle","Oracle","uk-london-1","UK South (London)","ocid1.instance.oc1.uk-london-1.0037bc9981f3",NULL,"Instance","Compute","Oracle Compute","Oracle","PDM5HUX7ZALZTINZ","Oracle Compute Hours",NULL,"LTV68SYN2ER395WB.7BW3EE57","ocid1.compartment.oc1..dev","development","Tenancy",NULL,NULL,NULL,"Recurring","Virtual Machines",3.3790,0,4.3883,NULL,NULL
"AllocatedMethodId-1999","AllocatedResourceId-8801","AllocatedResourceName-8241","{}",91.61428044,"123456789012","SunBird","BillingAccount","USD","2024-10-01T00:00:00Z","2024-09-01T00:00:00Z",NULL,NULL,"Usage",NULL,"Amazon Simple Storage Service Bucket in Asia Pacific (Sydney)","2024-09-22T18:00:00Z","2024-09-22T17:00:00Z",NULL,NULL,NULL,NULL,NULL,NULL,NULL,153.4300000000,"GB",NULL,134.72688300000002,0.8781,91.61428044,"AWS","INV-202409-88791","AWS",177.273022,1.1554,"Standard","USD",153.43,"GB","AWS","AWS","ap-southeast-2","Asia Pacific (Sydney)","arn:aws:ec2:ap-southeast-2:123456789012:instance/i-009dd2565f20",NULL,"Bucket","Storage","Amazon Simple Storage Service","AWS","E0E7K52OS23S027S","Amazon Simple Storage Service GB",NULL,"XI3PPG77GU05USHN.VRWV23B3","438839167390","Zenith Eclipse","BillingAccount","{""business_unit"": ""LisbonOps"", ""cost_center"": ""CC-3090""}",NULL,"us-east-1a","Usage-Based","Object Storage",0.8781,91.61428044,1.1554,NULL,NULL
"AllocatedMethodId-2010","AllocatedResourceId-2750","AllocatedResourceName-5564","{}",50.79067584,"123456789012","SunBird","BillingAccount","USD","2024-10-01T00:00:00Z","2024-09-01T00:00:00Z",NULL,NULL,"Usage",NULL,"Amazon Relational Database Service Database Instance in Europe (Ireland)","2024-09-10T00:00:00Z","2024-09-09T23:00:00Z",NULL,NULL,NULL,NULL,NULL,NULL,NULL,242.4700000000,"Hours",NULL,79.36043099999999,0.3273,50.79067584,"AWS","INV-202409-30497","AWS",125.96316499999999,0.5195,"Standard","USD",242.47,"Hours","AWS","AWS","eu-west-1","Europe (Ireland)","arn:aws:ec2:eu-west-1:123456789012:instance/i-00248a990144",NULL,"Database Instance","Databases","Amazon Relational Database Service","AWS","XXVKUG54S8W1UJZT","Amazon Relational Database Service Hours",NULL,"JRN2TJ6IJBLIDREA.0SZC3KYV","438839167390","Zenith Eclipse","BillingAccount","{""environment"": ""staging"", ""application"": ""NimbusAPI"", ""owner"": ""a.turing""}",NULL,NULL,"Usage-Based","Relational Databases",0.3273,50.79067584,0.5195,NULL,NULL
"AllocatedMethodId-6526","AllocatedResourceId-9569","AllocatedResourceName-8051","{}",28.58461254,"ocid1.tenancy.oc1..aaaa1234","Meridian OCI","Tenancy","USD","2024-10-01T00:00:00Z","2024-09-01T00:00:00Z",NULL,NULL,"Usage",NULL,"Oracle Functions Function in US East (Ashburn)","2024-09-20T07:00:00Z","2024-09-20T06:00:00Z",NULL,NULL,NULL,NULL,NULL,NULL,NULL,16.7800000000,"Invocations",NULL,28.873346,1.7207,28.58461254,"Oracle","INV-202409-13599","Oracle",48.12336200000001,2.8679,"Standard","USD",16.78,"Invocations","Oracle","Oracle","us-ashburn-1","US East (Ashburn)","ocid1.instance.oc1.us-ashburn-1.007c532235fd",NULL,"Function","Compute","Oracle Functions","Oracle","YHV87QRWINZQQEGB","Oracle Functions Invocations",NULL,"CKC8Y5ZCTD0JPLGX.H3UHY4L0","ocid1.compartment.oc1..dev","development","Tenancy","{""cost_center"": ""CC-1001"", ""environment"": ""staging"", ""owner"": ""a.lovelace""}",NULL,"uk-london-1-AD-2","Usage-Based","Serverless Compute",1.7207,28.58461254,2.8679,NULL,NULL
"AllocatedMethodId-9589","AllocatedResourceId-1491","AllocatedResourceName-7513","{}",154.66536624,"01ABCD-2345EF-6789GH","Helios Labs","BillingAccount","USD","2024-10-01T00:00:00Z","2024-09-01T00:00:00Z",NULL,NULL,"Usage",NULL,"Cloud Storage Bucket in Iowa","2024-09-30T00:00:00Z","2024-09-29T23:00:00Z","Spend","cd-818081","commit-8081",NULL,"Unused","Savings Plan",NULL,NULL,NULL,NULL,217.83854399999998,2.4269,154.66536624,"Google","INV-202409-47555","Google",222.281664,2.4764,"Standard","USD",89.76,"GiB","Google","Google","us-central1","Iowa","//compute.googleapis.com/projects/Helios Labs/zones/us-central1-a/instances/inst-4001",NULL,"Bucket","Storage","Cloud Storage","Google","V6MZ5SK8ZCF5Z472","Cloud Storage GiB",NULL,"N67DHGENCWLJN7OX.KJN35VCR","proj-helios-dev","helios-dev","BillingAccount",NULL,NULL,"europe-west1-b","Usage-Based","Object Storage",2.4269,154.66536624,2.4764,NULL,NULL
"AllocatedMethodId-3758","AllocatedResourceId-4893","AllocatedResourceName-8390","{}",320.294128,"8a93b2c1-1234-4abc-9def-0123456789ab","Contoso Cloud","BillingProfile","USD","2024-10-01T00:00:00Z","2024-09-01T00:00:00Z",NULL,NULL,"Usage",NULL,"Azure Load Balancer Load Balancer in West Europe","2024-09-12T22:00:00Z","2024-09-12T21:00:00Z",NULL,NULL,NULL,NULL,NULL,NULL,NULL,274.4500000000,"Hours",NULL,500.459575,1.8235,320.294128,"Microsoft","INV-202409-64205","Microsoft",562.320605,2.0489,"Dynamic","USD",274.45,"Hours","Microsoft","Microsoft","westeurope","West Europe","/subscriptions/8a93b2c1-1234-4abc-9def-0123456789ab/resourceGroups/rg-324/providers/Microsoft.Compute/virtualMachines/vm-1909",NULL,"Load Balancer","Networking","Azure Load Balancer","Microsoft","UTI3PM4DIHTYEYCT","Azure Load Balancer Hours",NULL,"4YEDJ1XQSFCQM53C.K03CVANU","sub-2b7c","Staging","BillingProfile",NULL,NULL,"uksouth-1","Usage-Based","Application Networking",1.8235,320.294128,2.0489,NULL,NULL
"AllocatedMethodId-8143","AllocatedResourceId-8092","AllocatedResourceName-1230","{}",6.12003236,"8a93b2c1-1234-4abc-9def-0123456789ab","Contoso Cloud","BillingProfile","USD","2024-10-01T00:00:00Z","2024-09-01T00:00:00Z",NULL,NULL,"Adjustment",NULL,"Azure SQL Database SQL Database in UK South","2024-09-12T11:00:00Z","2024-09-12T10:00:00Z","Spend","cd-713572","commit-3572",NULL,"Unused","Savings Plan",NULL,NULL,NULL,NULL,8.270313999999999,1.7194,6.12003236,"Microsoft","INV-202409-40874","Microsoft",12.922065,2.6865,"Dynamic","USD",4.81,"Hours","Microsoft","Microsoft","uksouth","UK South",NULL,NULL,NULL,"Databases","Azure SQL Database","Microsoft","EHE56VHLWK3LEZSI","Azure SQL Database Hours",NULL,"JIJWP8QE92V4YF5Z.X5KKQX77","sub-4d3e","Sandbox","BillingProfile","{""environment"": ""qa"", ""owner"": ""a.turing"", ""cost_center"": ""CC-3090""}",NULL,NULL,"One-Time","Relational Databases",1.7194,6.12003236,2.6865,NULL,NULL
"AllocatedMethodId-6369","AllocatedResourceId-5260","AllocatedResourceName-3585","{}",376.216204,"ocid1.tenancy.oc1..aaaa1234","Meridian OCI","Tenancy","USD","2024-10-01T00:00:00Z","2024-09-01T00:00:00Z",NULL,NULL,"Purchase",NULL,"Oracle Load Balancer Load Balancer in Australia East (Sydney)","2024-09-11T01:00:00Z","2024-09-11T00:00:00Z","Spend","cd-511424","commit-1424",NULL,"Used","Savings Plan",NULL,NULL,NULL,NULL,376.216204,3.7427,0,"Oracle","INV-202409-84786","Oracle",408.93546399999997,4.0682,"Committed","USD",100.52,"Hours","Oracle","Oracle","ap-sydney-1","Australia East (Sydney)","ocid1.instance.oc1.ap-sydney-1.00adc3af51d2",NULL,"Load Balancer","Networking","Oracle Load Balancer","Oracle","X0VPDBDLJ5XAM0BR","Oracle Load Balancer Hours",NULL,"4AJ9CPO2FQJHN4S2.L5OLJ06R","ocid1.compartment.oc1..prod","production","Tenancy","{""cost_center"": ""CC-2042"", ""team"": ""platform""}",NULL,NULL,"One-Time","Application Networking",3.7427,0,4.0682,NULL,NULL
"AllocatedMethodId-4073","AllocatedResourceId-4045","AllocatedResourceName-8251","{}",893.1115712,"ocid1.tenancy.oc1..aaaa1234","Meridian OCI","Tenancy","USD","2024-10-01T00:00:00Z","2024-09-01T00:00:00Z",NULL,NULL,"Usage",NULL,"Oracle Functions Function in Australia East (Sydney)","2024-09-27T02:00:00Z","2024-09-27T01:00:00Z",NULL,NULL,NULL,NULL,NULL,NULL,NULL,469.9400000000,"Invocations",NULL,1116.3894639999999,2.3756,893.1115712,"Oracle","INV-202409-91067","Oracle",1717.5367119999999,3.6548,"Standard","USD",469.94,"Invocations","Oracle","Oracle","ap-sydney-1","Australia East (Sydney)","ocid1.instance.oc1.ap-sydney-1.0097f2a6cf4b",NULL,"Function","Compute","Oracle Functions","Oracle","B6B89DQBNOZL2JRT","Oracle Functions Invocations",NULL,"VIL4XQIY5OI4LLJG.UWPJUDGZ","ocid1.compartment.oc1..prod","production","Tenancy","{""team"": ""growth"", ""environment"": ""prod"", ""application"": ""NimbusAPI""}",NULL,NULL,"Usage-Based","Serverless Compute",2.3756,893.1115712,3.6548,NULL,NULL
"AllocatedMethodId-3259","AllocatedResourceId-4232","AllocatedResourceName-7197","{}",1314.41644488,"01ABCD-2345EF-6789GH","Helios Labs","BillingAccount","USD","2024-10-01T00:00:00Z","2024-09-01T00:00:00Z",NULL,NULL,"Usage",NULL,"Cloud SQL Database Instance in Iowa","2024-09-29T10:00:00Z","2024-09-29T09:00:00Z",NULL,NULL,NULL,NULL,NULL,NULL,NULL,494.3400000000,"Hours",NULL,1602.946884,3.2426,1314.41644488,"Google","INV-202409-34088","Google",1931.2875119999999,3.9068,"Other","USD",494.34,"Hours","Google","Google","us-central1","Iowa","//compute.googleapis.com/projects/Helios Labs/zones/us-central1-a/instances/inst-8219",NULL,"Database Instance","Databases","Cloud SQL","Google","JZZT4EF6FNIA3JMH","Cloud SQL Hours",NULL,"F8QZVXD0N16VEY30.XWEY02ZD","proj-helios-prod","helios-prod","BillingAccount","{""business_unit"": ""MarseilleSRE"", ""application"": ""NimbusAPI"", ""environment"": ""qa""}",NULL,NULL,"Usage-Based","Relational Databases",3.2426,1314.41644488,3.9068,NULL,NULL
"AllocatedMethodId-5889","AllocatedResourceId-6145","AllocatedResourceName-4395","{}",262.8262989,"01ABCD-2345EF-6789GH","Helios Labs","BillingAccount","USD","2024-10-01T00:00:00Z","2024-09-01T00:00:00Z",NULL,NULL,"Usage",NULL,"Cloud SQL Database Instance in Singapore","2024-09-13T09:00:00Z","2024-09-13T08:00:00Z",NULL,NULL,NULL,NULL,NULL,NULL,NULL,368.9800000000,"Hours",NULL,265.48111,0.7195,262.8262989,"Google","INV-202409-13197","Google",363.666688,0.9856,"Standard","USD",368.98,"Hours","Google","Google","asia-southeast1","Singapore","//compute.googleapis.com/projects/Helios Labs/zones/asia-southeast1-a/instances/inst-4184",NULL,"Database Instance","Databases","Cloud SQL","Google","534RRJLJGLTIG4M6","Cloud SQL Hours",NULL,"FBOQ2NG3UGCLX8P9.UA6NPK4G","proj-helios-prod","helios-prod","BillingAccount",NULL,NULL,"europe-west1-b","Usage-Based","Relational Databases",0.7195,262.8262989,0.9856,NULL,NULL
"AllocatedMethodId-7852","AllocatedResourceId-6549","AllocatedResourceName-2635","{}",1335.97567974,"01ABCD-2345EF-6789GH","Helios Labs","BillingAccount","USD","2024-10-01T00:00:00Z","2024-09-01T00:00:00Z",NULL,NULL,"Usage",NULL,"Compute Engine VM Instance in Belgium","2024-09-28T18:00:00Z","2024-09-28T17:00:00Z","Spend","cd-806434","commit-6434",NULL,"Used","Savings Plan",NULL,354.4900000000,"Hours",NULL,1712.789333,4.8317,1335.97567974,"Google","INV-202409-42611","Google",1765.750139,4.9811,"Other","USD",354.49,"Hours","Google","Google","europe-west1","Belgium","//compute.googleapis.com/projects/Helios Labs/zones/europe-west1-a/instances/inst-304",NULL,"VM Instance","Compute","Compute Engine","Google","QNP6KUTG508JJCZ8","Compute Engine Hours",NULL,"IQV9CL6TW3H90G6F.1LXSMGTU","proj-helios-dev","helios-dev","BillingAccount","{""business_unit"": ""OsloData""}",NULL,"us-central1-a","Usage-Based","Virtual Machines",4.8317,1335.97567974,4.9811,NULL,NULL
"AllocatedMethodId-3356","AllocatedResourceId-6957","AllocatedResourceName-6644","{}",154.8588942,"8a93b2c1-1234-4abc-9def-0123456789ab","Contoso Cloud","BillingProfile","USD","2024-10-01T00:00:00Z","2024-09-01T00:00:00Z",NULL,NULL,"Usage",NULL,"Azure Blob Storage Storage Account in UK South","2024-09-10T13:00:00Z","2024-09-10T12:00:00Z",NULL,NULL,NULL,NULL,NULL,NULL,NULL,424.3500000000,"GB",NULL,166.51494000000002,0.3924,154.8588942,"Microsoft","INV-202409-89630","Microsoft",173.47428000000002,0.4088,"Standard","USD",424.35,"GB","Microsoft","Microsoft","uksouth","UK South","/subscriptions/8a93b2c1-1234-4abc-9def-0123456789ab/resourceGroups/rg-50/providers/Microsoft.Compute/virtualMachines/vm-5164",NULL,"Storage Account","Storage","Azure Blob Storage","Microsoft","Q4A0XPELG37TAY2I","Azure Blob Storage GB",NULL,"12JDRF91KMEGY292.U9YQ5QAH","sub-9a1f","Production","BillingProfile","{""owner"": ""a.turing"", ""application"": ""BrightSourceCore""}",NULL,"eastus-1","Usage-Based","Object Storage",0.3924,154.8588942,0.4088,NULL,NULL
"AllocatedMethodId-5050","AllocatedResourceId-9392","AllocatedResourceName-6930","{}",274.07213964,"8a93b2c1-1234-4abc-9def-0123456789ab","Contoso Cloud","BillingProfile","USD","2024-10-01T00:00:00Z","2024-09-01T00:00:00Z",NULL,NULL,"Usage",NULL,"Virtual Machines Virtual Machine in UK South","2024-09-14T23:00:00Z","2024-09-14T22:00:00Z",NULL,NULL,NULL,NULL,NULL,NULL,NULL,217.2300000000,"Hours",NULL,291.566106,1.3422,274.07213964,"Microsoft","INV-202409-63646","Microsoft",320.39252700000003,1.4749,"Standard","USD",217.23,"Hours","Microsoft","Microsoft","uksouth","UK South","/subscriptions/8a93b2c1-1234-4abc-9def-0123456789ab/resourceGroups/rg-345/providers/Microsoft.Compute/virtualMachines/vm-548",NULL,"Virtual Machine","Compute","Virtual Machines","Microsoft","SW20DSFQIWDWZM0D","Virtual Machines Hours",NULL,"N6VUK67LMHNJ156N.TMW8XG33","sub-2b7c","Staging","BillingProfile","{""cost_center"": ""CC-2042""}",NULL,"westeurope-2","Usage-Based","Virtual Machines",1.3422,274.07213964,1.4749,NULL,NULL
"AllocatedMethodId-8163","AllocatedResourceId-7077","AllocatedResourceName-4476","{}",274.2281476,"ocid1.tenancy.oc1..aaaa1234","Meridian OCI","Tenancy","USD","2024-10-01T00:00:00Z","2024-09-01T00:00:00Z",NULL,NULL,"Tax",NULL,"Tax charge in US East (Ashburn)","2024-09-15T07:00:00Z","2024-09-15T06:00:00Z",NULL,NULL,NULL,NULL,NULL,NULL,NULL,NULL,NULL,NULL,96.5203320000,NULL,274.2281476,"Oracle","INV-202409-25187","Oracle",34.2492590000,NULL,NULL,"USD",NULL,NULL,"Oracle","Oracle",NULL,NULL,NULL,NULL,NULL,"Other","Tax","Oracle",NULL,NULL,NULL,NULL,"ocid1.compartment.oc1..prod","production","Tenancy","{""application"": ""NimbusAPI""}",NULL,NULL,"One-Time","Other (Security)",NULL,274.2281476,NULL,NULL,NULL
"AllocatedMethodId-9003","AllocatedResourceId-6250","AllocatedResourceName-2260","{}",196.94999155,"01ABCD-2345EF-6789GH","Helios Labs","BillingAccount","USD","2024-10-01T00:00:00Z","2024-09-01T00:00:00Z",NULL,NULL,"Usage",NULL,"Cloud SQL Database Instance in Belgium","2024-09-16T19:00:00Z","2024-09-16T18:00:00Z","Usage","cd-376477","commit-6477",NULL,"Used","Reserved Instance",NULL,260.6900000000,"Hours",NULL,302.99998700000003,1.1623,196.94999155,"Google","INV-202409-84755","Google",439.13230500000003,1.6845,"Committed","USD",260.69,"Hours","Google","Google","europe-west1","Belgium","//compute.googleapis.com/projects/Helios Labs/zones/europe-west1-a/instances/inst-9215",NULL,"Database Instance","Databases","Cloud SQL","Google","TOFTHQKEWQTCZ3YJ","Cloud SQL Hours",NULL,"TJ9X5QCTBXK53BMX.Q31YOD22","proj-helios-dev","helios-dev","BillingAccount","{""team"": ""growth"", ""environment"": ""staging"", ""business_unit"": ""ViennaAI""}",NULL,"us-central1-a","Usage-Based","Relational Databases",1.1623,196.94999155,1.6845,NULL,NULL
"AllocatedMethodId-3234","AllocatedResourceId-7261","AllocatedResourceName-4799","{}",327.06631902,"123456789012","SunBird","BillingAccount","USD","2024-10-01T00:00:00Z","2024-09-01T00:00:00Z",NULL,NULL,"Usage",NULL,"Elastic Load Balancing Load Balancer in US East (N. Virginia)","2024-09-29T00:00:00Z","2024-09-28T23:00:00Z",NULL,NULL,NULL,NULL,NULL,NULL,NULL,310.7300000000,"LCU-Hours",NULL,351.684214,1.1318,327.06631902,"AWS","INV-202409-47165","AWS",439.620804,1.4148,"Standard","USD",310.73,"LCU-Hours","AWS","AWS","us-east-1","US East (N. Virginia)","arn:aws:ec2:us-east-1:123456789012:instance/i-0023c836fb56",NULL,"Load Balancer","Networking","Elastic Load Balancing","AWS","6JJIDJUFNBALWCEF","Elastic Load Balancing LCU-Hours",NULL,"T2Q2LDWXUIP46MBQ.5W4SUY8S","438839167390","Zenith Eclipse","BillingAccount","{""application"": ""BrightLensMatrix"", ""business_unit"": ""OsloData""}",NULL,"us-east-1a","Usage-Based","Application Networking",1.1318,327.06631902,1.4148,NULL,NULL
"AllocatedMethodId-1995","AllocatedResourceId-3527","AllocatedResourceName-4859","{}",354.36508704,"8a93b2c1-1234-4abc-9def-0123456789ab","Contoso Cloud","BillingProfile","USD","2024-10-01T00:00:00Z","2024-09-01T00:00:00Z",NULL,NULL,"Usage",NULL,"Azure Blob Storage Storage Account in West Europe","2024-09-24T20:00:00Z","2024-09-24T19:00:00Z",NULL,NULL,NULL,NULL,NULL,NULL,NULL,433.2600000000,"GB",NULL,571.5565919999999,1.3192,354.36508704,"Microsoft","INV-202409-81306","Microsoft",742.304358,1.7133,"Other","USD",433.26,"GB","Microsoft","Microsoft","westeurope","West Europe","/subscriptions/8a93b2c1-1234-4abc-9def-0123456789ab/resourceGroups/rg-979/providers/Microsoft.Compute/virtualMachines/vm-9841",NULL,"Storage Account","Storage","Azure Blob Storage","Microsoft","1DZQQCMXPSH54MNS","Azure Blob Storage GB",NULL,"OC3H9JG8KFYB1MKO.E7Y37HFB","sub-4d3e","Sandbox","BillingProfile","{""cost_center"": ""CC-1001""}",NULL,"eastus-1","Usage-Based","Object Storage",1.3192,354.36508704,1.7133,NULL,NULL
"AllocatedMethodId-6242","AllocatedResourceId-4545","AllocatedResourceName-5841","{}",405.7357626,"8a93b2c1-1234-4abc-9def-0123456789ab","Contoso Cloud","BillingProfile","USD","2024-10-01T00:00:00Z","2024-09-01T00:00:00Z",NULL,NULL,"Usage",NULL,"Azure Kubernetes Service Cluster in UK South","2024-09-29T20:00:00Z","2024-09-29T19:00:00Z",NULL,NULL,NULL,NULL,NULL,NULL,NULL,396.5400000000,"Hours",NULL,579.622518,1.4617,405.7357626,"Microsoft","INV-202409-60331","Microsoft",891.6994980000001,2.2487,"Other","USD",396.54,"Hours","Microsoft","Microsoft","uksouth","UK South","/subscriptions/8a93b2c1-1234-4abc-9def-0123456789ab/resourceGroups/rg-253/providers/Microsoft.Compute/virtualMachines/vm-8029",NULL,"Cluster","Compute","Azure Kubernetes Service","Microsoft","PZKTBKO6QJDOE4WE","Azure Kubernetes Service Hours",NULL,"QUACBMX4I7YPVPFB.Y4OON7L2","sub-9a1f","Production","BillingProfile","{""application"": ""AtlasPortal"", ""owner"": ""k.johnson"", ""environment"": ""qa""}",NULL,NULL,"Usage-Based","Containers",1.4617,405.7357626,2.2487,NULL,NULL
"AllocatedMethodId-9326","AllocatedResourceId-2107","AllocatedResourceName-1897","{}",265.20747008,"123456789012","SunBird","BillingAccount","USD","2024-10-01T00:00:00Z","2024-09-01T00:00:00Z",NULL,NULL,"Usage",NULL,"Amazon Simple Storage Service Bucket in Europe (Ireland)","2024-09-17T15:00:00Z","2024-09-17T14:00:00Z","Usage","cd-859749","commit-9749",NULL,"Used","Committed Use Discount",NULL,352.1600000000,"GB",NULL,323.423744,0.9184,265.20747008,"AWS","INV-202409-27201","AWS",414.633184,1.1774,"Committed","USD",352.16,"GB","AWS","AWS","eu-west-1","Europe (Ireland)","arn:aws:ec2:eu-west-1:123456789012:instance/i-00ba43dafe2f",NULL,"Bucket","Storage","Amazon Simple Storage Service","AWS","XTTT9T5JA2RDXG93","Amazon Simple Storage Service GB",NULL,"AMIKG23VDIWQ7PEB.NLARGDO5","663626350770","Zenith Apollo","BillingAccount",NULL,NULL,"us-east-1a","Usage-Based","Object Storage",0.9184,265.20747008,1.1774,NULL,NULL
"AllocatedMethodId-6971","AllocatedResourceId-4408","AllocatedResourceName-8192","{}",117.4744659,"8a93b2c1-1234-4abc-9def-0123456789ab","Contoso Cloud","BillingProfile","USD","2024-10-01T00:00:00Z","2024-09-01T00:00:00Z",NULL,NULL,"Usage",NULL,"Azure Functions Function App in UK South","2024-09-26T10:00:00Z","2024-09-26T09:00:00Z",NULL,NULL,NULL,NULL,NULL,NULL,NULL,163.3700000000,"Executions",NULL,177.991615,1.0895,117.4744659,"Microsoft","INV-202409-75333","Microsoft",291.795157,1.7861,"Dynamic","USD",163.37,"Executions","Microsoft","Microsoft","uksouth","UK South","/subscriptions/8a93b2c1-1234-4abc-9def-0123456789ab/resourceGroups/rg-553/providers/Microsoft.Compute/virtualMachines/vm-2004",NULL,"Function App","Compute","Azure Functions","Microsoft","NNBLKWG3Y118LHK5","Azure Functions Executions",NULL,"S0KGNNTXW9LXZWZK.EKUCTTET","sub-9a1f","Production","BillingProfile",NULL,NULL,"uksouth-1","Usage-Based","Serverless Compute",1.0895,117.4744659,1.7861,NULL,NULL
"AllocatedMethodId-3330","AllocatedResourceId-8613","AllocatedResourceName-6410","{}",266.8406,"ocid1.tenancy.oc1..aaaa1234","Meridian OCI","Tenancy","USD","2024-10-01T00:00:00Z","2024-09-01T00:00:00Z",NULL,NULL,"Usage",NULL,"Oracle Object Storage Bucket in UK South (London)","2024-09-15T22:00:00Z","2024-09-15T21:00:00Z","Usage","cd-537983","commit-7983",NULL,"Unused","Committed Use Discount",NULL,NULL,NULL,NULL,333.55075,1.8850,266.8406,"Oracle","INV-202409-64726","Oracle",379.044595,2.1421,"Committed","USD",176.95,"GB","Oracle","Oracle","uk-london-1","UK South (London)","ocid1.instance.oc1.uk-london-1.00752506ca4a",NULL,"Bucket","Storage","Oracle Object Storage","Oracle","DZ30RVEGXAUIV063","Oracle Object Storage GB",NULL,"ATK1QY5WC8DTZ0AY.O6L6XCSG","ocid1.compartment.oc1..prod","production","Tenancy","{""owner"": ""k.johnson"", ""application"": ""BrightLensMatrix""}",NULL,NULL,"Usage-Based","Object Storage",1.8850,266.8406,2.1421,NULL,NULL
"AllocatedMethodId-2036","AllocatedResourceId-3007","AllocatedResourceName-2303","{}",38.3787384,"123456789012","SunBird","BillingAccount","USD","2024-10-01T00:00:00Z","2024-09-01T00:00:00Z",NULL,NULL,"Usage",NULL,"AWS Lambda Function in US West (Oregon)","2024-09-28T07:00:00Z","2024-09-28T06:00:00Z","Usage","cd-709066","commit-9066",NULL,"Unused","Savings Plan",NULL,NULL,NULL,NULL,55.62136,0.6364,38.3787384,"AWS","INV-202409-42693","AWS",80.60902,0.9223,"Standard","USD",87.40,"Requests","AWS","AWS","us-west-2","US West (Oregon)","arn:aws:ec2:us-west-2:123456789012:instance/i-009993a32edb",NULL,"Function","Compute","AWS Lambda","AWS","3Q4FUGIVRX9P8UOO","AWS Lambda Requests",NULL,"V6SE1WOWVJI94UFI.ACE9F5T3","517389287820","Atlas Nimbus","BillingAccount","{""team"": ""infra""}",NULL,"us-east-1a","Usage-Based","Serverless Compute",0.6364,38.3787384,0.9223,NULL,NULL
"AllocatedMethodId-8632","AllocatedResourceId-1036","AllocatedResourceName-8255","{}",380.5717356,"01ABCD-2345EF-6789GH","Helios Labs","BillingAccount","USD","2024-10-01T00:00:00Z","2024-09-01T00:00:00Z",NULL,NULL,"Usage",NULL,"Cloud Functions Function in Northern Virginia","2024-09-09T23:00:00Z","2024-09-09T22:00:00Z","Spend","cd-801970","commit-1970",NULL,"Unused","Savings Plan",NULL,NULL,NULL,NULL,613.8253799999999,2.2617,380.5717356,"Google","INV-202409-68686","Google",974.3259999999999,3.5900,"Committed","USD",271.40,"Invocations","Google","Google","us-east4","Northern Virginia","//compute.googleapis.com/projects/Helios Labs/zones/us-east4-a/instances/inst-4215",NULL,"Function","Compute","Cloud Functions","Google","5X7NQSWRKFBTKB6S","Cloud Functions Invocations",NULL,"F6L80URC392LUVCX.THVHDN3X","proj-helios-prod","helios-prod","BillingAccount","{""owner"": ""a.turing"", ""application"": ""AtlasPortal""}",NULL,"asia-southeast1-c","Usage-Based","Serverless Compute",2.2617,380.5717356,3.5900,NULL,NULL
"AllocatedMethodId-6874","AllocatedResourceId-9387","AllocatedResourceName-5400","{}",143.62805,"ocid1.tenancy.oc1..aaaa1234","Meridian OCI","Tenancy","USD","2024-10-01T00:00:00Z","2024-09-01T00:00:00Z",NULL,NULL,"Purchase",NULL,"Oracle Compute Instance in Australia East (Sydney)","2024-09-04T23:00:00Z","2024-09-04T22:00:00Z",NULL,NULL,NULL,NULL,NULL,NULL,NULL,NULL,NULL,NULL,143.62805,2.5475,0,"Oracle","INV-202409-72476","Oracle",214.36803600000002,3.8022,"Standard","USD",56.38,"Hours","Oracle","Oracle","ap-sydney-1","Australia East (Sydney)","ocid1.instance.oc1.ap-sydney-1.00d3beff863b",NULL,"Instance","Compute","Oracle Compute","Oracle","D0II0HXYQB1B7L51","Oracle Compute Hours",NULL,"HBAKOWEIBQXYHV4N.QQM9W1MN","ocid1.compartment.oc1..dev","development","Tenancy","{""environment"": ""staging"", ""team"": ""growth"", ""business_unit"": ""MarseilleSRE""}",NULL,NULL,"Recurring","Virtual Machines",2.5475,0,3.8022,NULL,NULL
"AllocatedMethodId-2838","AllocatedResourceId-9041","AllocatedResourceName-9436","{}",75.45850752,"123456789012","SunBird","BillingAccount","USD","2024-10-01T00:00:00Z","2024-09-01T00:00:00Z",NULL,NULL,"Usage",NULL,"Amazon Simple Storage Service Bucket in Asia Pacific (Sydney)","2024-09-23T14:00:00Z","2024-09-23T13:00:00Z",NULL,NULL,NULL,NULL,NULL,NULL,NULL,280.5900000000,"GB",NULL,85.74830399999999,0.3056,75.45850752,"AWS","INV-202409-51688","AWS",124.27331099999999,0.4429,"Standard","USD",280.59,"GB","AWS","AWS","ap-southeast-2","Asia Pacific (Sydney)","arn:aws:ec2:ap-southeast-2:123456789012:instance/i-00e284475861",NULL,"Bucket","Storage","Amazon Simple Storage Service","AWS","4UKNMGRPKRF2A3GJ","Amazon Simple Storage Service GB",NULL,"5650PP65C6EMLLD6.JLDTS7SP","663626350770","Zenith Apollo","BillingAccount",NULL,NULL,NULL,"Usage-Based","Object Storage",0.3056,75.45850752,0.4429,NULL,NULL
"AllocatedMethodId-6483","AllocatedResourceId-3555","AllocatedResourceName-8970","{}",1052.19495402,"123456789012","SunBird","BillingAccount","USD","2024-10-01T00:00:00Z","2024-09-01T00:00:00Z",NULL,NULL,"Usage",NULL,"Amazon Simple Queue Service Queue in Europe (Ireland)","2024-09-16T02:00:00Z","2024-09-16T01:00:00Z",NULL,NULL,NULL,NULL,NULL,NULL,NULL,400.6100000000,"Requests",NULL,1421.8850730000001,3.5493,1052.19495402,"AWS","INV-202409-20708","AWS",1947.76582,4.8620,"Standard","USD",400.61,"Requests","AWS","AWS","eu-west-1","Europe (Ireland)","arn:aws:ec2:eu-west-1:123456789012:instance/i-00b9260e057e",NULL,"Queue","Integration","Amazon Simple Queue Service","AWS","L6SKIRG5CH8OGP55","Amazon Simple Queue Service Requests",NULL,"RNQCODV4KVF5OOPW.7HO06KKD","663626350770","Zenith Apollo","BillingAccount",NULL,NULL,NULL,"Usage-Based","Messaging",3.5493,1052.19495402,4.8620,NULL,NULL
"AllocatedMethodId-6910","AllocatedResourceId-7748","AllocatedResourceName-4783","{}",13.63304677,"ocid1.tenancy.oc1..aaaa1234","Meridian OCI","Tenancy","USD","2024-10-01T00:00:00Z","2024-09-01T00:00:00Z",NULL,NULL,"Usage",NULL,"Oracle Load Balancer Load Balancer in UK South (London)","2024-09-18T06:00:00Z","2024-09-18T05:00:00Z",NULL,NULL,NULL,NULL,NULL,NULL,NULL,476.5300000000,"Hours",NULL,20.347831,0.0427,13.63304677,"Oracle","INV-202409-68689","Oracle",20.776708,0.0436,"Dynamic","USD",476.53,"Hours","Oracle","Oracle","uk-london-1","UK South (London)","ocid1.instance.oc1.uk-london-1.005fb73cd68c",NULL,"Load Balancer","Networking","Oracle Load Balancer","Oracle","VNYJIHPVCGGPRQY8","Oracle Load Balancer Hours",NULL,"UBIF7S6QWRR2JWS3.JDS5QTIG","ocid1.compartment.oc1..dev","development","Tenancy","{""business_unit"": ""ViennaAI""}",NULL,"uk-london-1-AD-2","Usage-Based","Application Networking",0.0427,13.63304677,0.0436,NULL,NULL
"AllocatedMethodId-2893","AllocatedResourceId-3689","AllocatedResourceName-6199","{}",124.037433,"01ABCD-2345EF-6789GH","Helios Labs","BillingAccount","USD","2024-10-01T00:00:00Z","2024-09-01T00:00:00Z",NULL,NULL,"Usage",NULL,"Cloud Functions Function in Iowa","2024-09-17T10:00:00Z","2024-09-17T09:00:00Z",NULL,NULL,NULL,NULL,NULL,NULL,NULL,150.5400000000,"Invocations",NULL,165.383244,1.0986,124.037433,"Google","INV-202409-43736","Google",229.70898599999998,1.5259,"Standard","USD",150.54,"Invocations","Google","Google","us-central1","Iowa","//compute.googleapis.com/projects/Helios Labs/zones/us-central1-a/instances/inst-7504",NULL,"Function","Compute","Cloud Functions","Google","I668ZTYUB9OBQPF4","Cloud Functions Invocations",NULL,"9SJEPGO15VQ7ON55.4I2HXQJK","proj-helios-dev","helios-dev","BillingAccount",NULL,NULL,"europe-west1-b","Usage-Based","Serverless Compute",1.0986,124.037433,1.5259,NULL,NULL
"AllocatedMethodId-9452","AllocatedResourceId-2529","AllocatedResourceName-9646","{}",203.34692763,"123456789012","SunBird","BillingAccount","USD","2024-10-01T00:00:00Z","2024-09-01T00:00:00Z",NULL,NULL,"Usage",NULL,"AWS Lambda Function in US West (Oregon)","2024-09-29T22:00:00Z","2024-09-29T21:00:00Z",NULL,NULL,NULL,NULL,NULL,NULL,NULL,93.0300000000,"Requests",NULL,205.400937,2.2079,203.34692763,"AWS","INV-202409-76505","AWS",220.86252299999998,2.3741,"Standard","USD",93.03,"Requests","AWS","AWS","us-west-2","US West (Oregon)","arn:aws:ec2:us-west-2:123456789012:instance/i-0092e1dc0491",NULL,"Function","Compute","AWS Lambda","AWS","WN4DD1PKP9953NOX","AWS Lambda Requests",NULL,"KGA7V7M3XW8L0OKF.7RXGD97W","663626350770","Zenith Apollo","BillingAccount","{""team"": ""growth""}",NULL,NULL,"Usage-Based","Serverless Compute",2.2079,203.34692763,2.3741,NULL,NULL
"AllocatedMethodId-9842","AllocatedResourceId-8072","AllocatedResourceName-2279","{}",165.467796,"123456789012","SunBird","BillingAccount","USD","2024-10-01T00:00:00Z","2024-09-01T00:00:00Z",NULL,NULL,"Usage",NULL,"Amazon Elastic Compute Cloud Virtual Machine in Europe (Ireland)","2024-09-24T23:00:00Z","2024-09-24T22:00:00Z",NULL,NULL,NULL,NULL,NULL,NULL,NULL,280.1500000000,"Hours",NULL,275.77966,0.9844,165.467796,"AWS","INV-202409-91189","AWS",399.66199,1.4266,"Other","USD",280.15,"Hours","AWS","AWS","eu-west-1","Europe (Ireland)","arn:aws:ec2:eu-west-1:123456789012:instance/i-0030fecf5877",NULL,"Virtual Machine","Compute","Amazon Elastic Compute Cloud","AWS","2IARDNLSJRMCBF3O","Amazon Elastic Compute Cloud Hours",NULL,"HYMOISOA75KTQ46P.B5HIFKX5","517389287820","Atlas Nimbus","BillingAccount","{""owner"": ""g.hopper"", ""business_unit"": ""OsloData"", ""cost_center"": ""CC-1001""}",NULL,"ap-southeast-2a","Usage-Based","Virtual Machines",0.9844,165.467796,1.4266,NULL,NULL
"AllocatedMethodId-1316","AllocatedResourceId-4532","AllocatedResourceName-7323","{}",148.08366936,"123456789012","SunBird","BillingAccount","USD","2024-10-01T00:00:00Z","2024-09-01T00:00:00Z",NULL,NULL,"Usage",NULL,"Amazon Simple Storage Service Bucket in Europe (Ireland)","2024-09-25T07:00:00Z","2024-09-25T06:00:00Z",NULL,NULL,NULL,NULL,NULL,NULL,NULL,89.5900000000,"GB",NULL,205.67176300000003,2.2957,148.08366936,"AWS","INV-202409-14407","AWS",342.789258,3.8262,"Other","USD",89.59,"GB","AWS","AWS","eu-west-1","Europe (Ireland)","arn:aws:ec2:eu-west-1:123456789012:instance/i-00acda85d10d",NULL,"Bucket","Storage","Amazon Simple Storage Service","AWS","EWJ8NFF356WG1ZWD","Amazon Simple Storage Service GB",NULL,"G8DDXRSBJ32YDHIO.GYIV4XFB","517389287820","Atlas Nimbus","BillingAccount",NULL,NULL,"ap-southeast-2a","Usage-Based","Object Storage",2.2957,148.08366936,3.8262,NULL,NULL
"AllocatedMethodId-3616","AllocatedResourceId-6341","AllocatedResourceName-5609","{}",481.70378256,"ocid1.tenancy.oc1..aaaa1234","Meridian OCI","Tenancy","USD","2024-10-01T00:00:00Z","2024-09-01T00:00:00Z",NULL,NULL,"Usage",NULL,"Oracle Load Balancer Load Balancer in UK South (London)","2024-09-14T08:00:00Z","2024-09-14T07:00:00Z",NULL,NULL,NULL,NULL,NULL,NULL,NULL,496.8600000000,"Hours",NULL,523.5910680000001,1.0538,481.70378256,"Oracle","INV-202409-85465","Oracle",588.28224,1.1840,"Dynamic","USD",496.86,"Hours","Oracle","Oracle","uk-london-1","UK South (London)","ocid1.instance.oc1.uk-london-1.0097a62fc838",NULL,"Load Balancer","Networking","Oracle Load Balancer","Oracle","EYODLGLE8KM0M4IV","Oracle Load Balancer Hours",NULL,"HFI7CNFDJYJO2BXC.Y3S9LWKJ","ocid1.compartment.oc1..dev","development","Tenancy","{""owner"": ""k.johnson""}",NULL,NULL,"Usage-Based","Application Networking",1.0538,481.70378256,1.1840,NULL,NULL
"AllocatedMethodId-7523","AllocatedResourceId-1655","AllocatedResourceName-4097","{}",81.39996,"ocid1.tenancy.oc1..aaaa1234","Meridian OCI","Tenancy","USD","2024-10-01T00:00:00Z","2024-09-01T00:00:00Z",NULL,NULL,"Usage",NULL,"Oracle Autonomous Database Database in Australia East (Sydney)","2024-09-22T03:00:00Z","2024-09-22T02:00:00Z",NULL,NULL,NULL,NULL,NULL,NULL,NULL,216.2500000000,"Hours",NULL,84.791625,0.3921,81.39996,"Oracle","INV-202409-90921","Oracle",99.756125,0.4613,"Standard","USD",216.25,"Hours","Oracle","Oracle","ap-sydney-1","Australia East (Sydney)","ocid1.instance.oc1.ap-sydney-1.003f90b10c43",NULL,"Database","Databases","Oracle Autonomous Database","Oracle","N2KQ112YIK04YE5T","Oracle Autonomous Database Hours",NULL,"2ARWVKJSKCX1QJXS.28DYRO4F","ocid1.compartment.oc1..dev","development","Tenancy",NULL,NULL,"us-ashburn-1-AD-1","Usage-Based","Relational Databases",0.3921,81.39996,0.4613,NULL,NULL
"AllocatedMethodId-4489","AllocatedResourceId-7301","AllocatedResourceName-9686","{}",636.20664,"01ABCD-2345EF-6789GH","Helios Labs","BillingAccount","USD","2024-10-01T00:00:00Z","2024-09-01T00:00:00Z",NULL,NULL,"Usage",NULL,"Cloud Functions Function in Northern Virginia","2024-09-03T23:00:00Z","2024-09-03T22:00:00Z",NULL,NULL,NULL,NULL,NULL,NULL,NULL,174.0000000000,"Invocations",NULL,669.6912000000001,3.8488,636.20664,"Google","INV-202409-49746","Google",735.9156,4.2294,"Standard","USD",174.00,"Invocations","Google","Google","us-east4","Northern Virginia","//compute.googleapis.com/projects/Helios Labs/zones/us-east4-a/instances/inst-8639",NULL,"Function","Compute","Cloud Functions","Google","URLQAFWBQN3D709B","Cloud Functions Invocations",NULL,"76PV7XW6O1QUQ92X.24QIWSKD","proj-helios-prod","helios-prod","BillingAccount",NULL,NULL,"asia-southeast1-c","Usage-Based","Serverless Compute",3.8488,636.20664,4.2294,NULL,NULL
"AllocatedMethodId-5025","AllocatedResourceId-7164","AllocatedResourceName-2250","{}",1008.8217216,"8a93b2c1-1234-4abc-9def-0123456789ab","Contoso Cloud","BillingProfile","USD","2024-10-01T00:00:00Z","2024-09-01T00:00:00Z",NULL,NULL,"Usage",NULL,"Azure Kubernetes Service Cluster in Southeast Asia","2024-09-23T00:00:00Z","2024-09-22T23:00:00Z",NULL,NULL,NULL,NULL,NULL,NULL,NULL,443.1000000000,"Hours",NULL,1146.38832,2.5872,1008.8217216,"Microsoft","INV-202409-83756","Microsoft",1169.784,2.6400,"Dynamic","USD",443.10,"Hours","Microsoft","Microsoft","southeastasia","Southeast Asia","/subscriptions/8a93b2c1-1234-4abc-9def-0123456789ab/resourceGroups/rg-838/providers/Microsoft.Compute/virtualMachines/vm-6668",NULL,"Cluster","Compute","Azure Kubernetes Service","Microsoft","7A8Z27QXGGOKS04E","Azure Kubernetes Service Hours",NULL,"J3VKN2GBAJXYMUE9.5W2DXNLC","sub-2b7c","Staging","BillingProfile","{""team"": ""growth"", ""owner"": ""g.hopper"", ""environment"": ""prod""}",NULL,NULL,"Usage-Based","Containers",2.5872,1008.8217216,2.6400,NULL,NULL
"AllocatedMethodId-7548","AllocatedResourceId-8250","AllocatedResourceName-8711","{}",87.6134688,"8a93b2c1-1234-4abc-9def-0123456789ab","Contoso Cloud","BillingProfile","USD","2024-10-01T00:00:00Z","2024-09-01T00:00:00Z",NULL,NULL,"Usage",NULL,"Azure Load Balancer Load Balancer in East US","2024-09-13T08:00:00Z","2024-09-13T07:00:00Z",NULL,NULL,NULL,NULL,NULL,NULL,NULL,395.2000000000,"Hours",NULL,132.74767999999997,0.3359,87.6134688,"Microsoft","INV-202409-12126","Microsoft",214.11935999999997,0.5418,"Standard","USD",395.20,"Hours","Microsoft","Microsoft","eastus","East US","/subscriptions/8a93b2c1-1234-4abc-9def-0123456789ab/resourceGroups/rg-856/providers/Microsoft.Compute/virtualMachines/vm-7809",NULL,"Load Balancer","Networking","Azure Load Balancer","Microsoft","YOJ7RCEF3EMCP5B3","Azure Load Balancer Hours",NULL,"G7Q03D934O4NG0J2.WK5T0DFC","sub-9a1f","Production","BillingProfile","{""application"": ""BrightSourceCore"", ""owner"": ""a.turing""}",NULL,"uksouth-1","Usage-Based","Application Networking",0.3359,87.6134688,0.5418,NULL,NULL
"AllocatedMethodId-3454","AllocatedResourceId-3487","AllocatedResourceName-6944","{}",323.74812,"01ABCD-2345EF-6789GH","Helios Labs","BillingAccount","USD","2024-10-01T00:00:00Z","2024-09-01T00:00:00Z",NULL,NULL,"Usage",NULL,"Compute Engine VM Instance in Iowa","2024-09-03T09:00:00Z","2024-09-03T08:00:00Z",NULL,NULL,NULL,NULL,NULL,NULL,NULL,185.2000000000,"Hours",NULL,431.66416,2.3308,323.74812,"Google","INV-202409-33523","Google",625.6056,3.3780,"Standard","USD",185.20,"Hours","Google","Google","us-central1","Iowa","//compute.googleapis.com/projects/Helios Labs/zones/us-central1-a/instances/inst-2010",NULL,"VM Instance","Compute","Compute Engine","Google","5DBGAJIIHKZ9NCUG","Compute Engine Hours",NULL,"CHE8EYMRHAY3174E.CHSTFF1O","proj-helios-dev","helios-dev","BillingAccount","{""application"": ""AtlasPortal"", ""owner"": ""g.hopper""}",NULL,NULL,"Usage-Based","Virtual Machines",2.3308,323.74812,3.3780,NULL,NULL
"AllocatedMethodId-3134","AllocatedResourceId-1235","AllocatedResourceName-4851","{}",100.65606656,"123456789012","SunBird","BillingAccount","USD","2024-10-01T00:00:00Z","2024-09-01T00:00:00Z",NULL,NULL,"Usage",NULL,"Elastic Load Balancing Load Balancer in Asia Pacific (Sydney)","2024-09-06T19:00:00Z","2024-09-06T18:00:00Z","Spend","cd-608225","commit-8225",NULL,"Unused","Reserved Instance",NULL,NULL,NULL,NULL,157.275104,0.4984,100.65606656,"AWS","INV-202409-90689","AWS",191.797368,0.6078,"Committed","USD",315.56,"LCU-Hours","AWS","AWS","ap-southeast-2","Asia Pacific (Sydney)","arn:aws:ec2:ap-southeast-2:123456789012:instance/i-005dfd3a7c09",NULL,"Load Balancer","Networking","Elastic Load Balancing","AWS","KF7JUQ7DV3WVAKSJ","Elastic Load Balancing LCU-Hours",NULL,"QI0NPXLOH3US625H.MJAJBZFN","438839167390","Zenith Eclipse","BillingAccount","{""cost_center"": ""CC-2042"", ""team"": ""growth""}",NULL,"us-west-2b","Usage-Based","Application Networking",0.4984,100.65606656,0.6078,NULL,NULL
"AllocatedMethodId-5172","AllocatedResourceId-3741","AllocatedResourceName-8628","{}",269.8962912,"123456789012","SunBird","BillingAccount","USD","2024-10-01T00:00:00Z","2024-09-01T00:00:00Z",NULL,NULL,"Credit",NULL,"Elastic Load Balancing Load Balancer in Asia Pacific (Sydney)","2024-09-19T04:00:00Z","2024-09-19T03:00:00Z",NULL,NULL,NULL,NULL,NULL,NULL,NULL,NULL,NULL,NULL,337.370364,2.4091,269.8962912,"AWS","INV-202409-35889","AWS",362.75961599999994,2.5904,"Dynamic","USD",140.04,"LCU-Hours","AWS","AWS","ap-southeast-2","Asia Pacific (Sydney)",NULL,NULL,NULL,"Networking","Elastic Load Balancing","AWS","MDCT1OCY0Z21LYCK","Elastic Load Balancing LCU-Hours",NULL,"1TECQ5H0TUQU6QT0.W33HP2HW","438839167390","Zenith Eclipse","BillingAccount",NULL,NULL,NULL,"One-Time","Application Networking",2.4091,269.8962912,2.5904,NULL,NULL
"AllocatedMethodId-3437","AllocatedResourceId-1086","AllocatedResourceName-4622","{}",936.84472036,"8a93b2c1-1234-4abc-9def-0123456789ab","Contoso Cloud","BillingProfile","USD","2024-10-01T00:00:00Z","2024-09-01T00:00:00Z",NULL,NULL,"Adjustment",NULL,"Azure Load Balancer Load Balancer in West Europe","2024-09-20T20:00:00Z","2024-09-20T19:00:00Z",NULL,NULL,NULL,NULL,NULL,NULL,NULL,NULL,NULL,NULL,1283.348932,3.1852,936.84472036,"Microsoft","INV-202409-89271","Microsoft",1546.2074160000002,3.8376,"Standard","USD",402.91,"Hours","Microsoft","Microsoft","westeurope","West Europe",NULL,NULL,NULL,"Networking","Azure Load Balancer","Microsoft","1TVRDMBBJGTOY0US","Azure Load Balancer Hours",NULL,"WM99LNIPTVPNWY06.KI70X4XT","sub-4d3e","Sandbox","BillingProfile","{""environment"": ""staging"", ""team"": ""growth""}",NULL,NULL,"One-Time","Application Networking",3.1852,936.84472036,3.8376,NULL,NULL
"AllocatedMethodId-3279","AllocatedResourceId-8527","AllocatedResourceName-8997","{}",102.4376769,"123456789012","SunBird","BillingAccount","USD","2024-10-01T00:00:00Z","2024-09-01T00:00:00Z",NULL,NULL,"Usage",NULL,"Amazon Elastic Compute Cloud Virtual Machine in US West (Oregon)","2024-09-28T03:00:00Z","2024-09-28T02:00:00Z",NULL,NULL,NULL,NULL,NULL,NULL,NULL,396.1700000000,"Hours",NULL,131.33035500000003,0.3315,102.4376769,"AWS","INV-202409-14652","AWS",154.5063,0.3900,"Standard","USD",396.17,"Hours","AWS","AWS","us-west-2","US West (Oregon)","arn:aws:ec2:us-west-2:123456789012:instance/i-00725caf5194",NULL,"Virtual Machine","Compute","Amazon Elastic Compute Cloud","AWS","7GYJNEWPRK9EHW83","Amazon Elastic Compute Cloud Hours",NULL,"ZVCEYM2XBX2IHXEC.9FDBQSOA","517389287820","Atlas Nimbus","BillingAccount",NULL,NULL,"us-east-1a","Usage-Based","Virtual Machines",0.3315,102.4376769,0.3900,NULL,NULL
"AllocatedMethodId-5659","AllocatedResourceId-8775","AllocatedResourceName-5252","{}",144.45363212,"8a93b2c1-1234-4abc-9def-0123456789ab","Contoso Cloud","BillingProfile","USD","2024-10-01T00:00:00Z","2024-09-01T00:00:00Z",NULL,NULL,"Usage",NULL,"Azure Blob Storage Storage Account in East US","2024-09-17T01:00:00Z","2024-09-17T00:00:00Z",NULL,NULL,NULL,NULL,NULL,NULL,NULL,73.0300000000,"GB",NULL,176.16296599999998,2.4122,144.45363212,"Microsoft","INV-202409-79769","Microsoft",234.87908600000003,3.2162,"Standard","USD",73.03,"GB","Microsoft","Microsoft","eastus","East US","/subscriptions/8a93b2c1-1234-4abc-9def-0123456789ab/resourceGroups/rg-288/providers/Microsoft.Compute/virtualMachines/vm-316",NULL,"Storage Account","Storage","Azure Blob Storage","Microsoft","GFTPFD3VO64FRGRL","Azure Blob Storage GB",NULL,"1SIOBYQYHSM6M6E0.5TI8UTDW","sub-4d3e","Sandbox","BillingProfile","{""environment"": ""qa"", ""owner"": ""a.turing""}",NULL,"eastus-1","Usage-Based","Object Storage",2.4122,144.45363212,3.2162,NULL,NULL
"AllocatedMethodId-7049","AllocatedResourceId-7558","AllocatedResourceName-4377","{}",538.71418793,"8a93b2c1-1234-4abc-9def-0123456789ab","Contoso Cloud","BillingProfile","USD","2024-10-01T00:00:00Z","2024-09-01T00:00:00Z",NULL,NULL,"Usage",NULL,"Azure Functions Function App in Southeast Asia","2024-09-15T09:00:00Z","2024-09-15T08:00:00Z","Usage","cd-736613","commit-6613",NULL,"Used","Committed Use Discount",NULL,242.1700000000,"Executions",NULL,737.9646409999999,3.0473,538.71418793,"Microsoft","INV-202409-93833","Microsoft",997.25606,4.1180,"Committed","USD",242.17,"Executions","Microsoft","Microsoft","southeastasia","Southeast Asia","/subscriptions/8a93b2c1-1234-4abc-9def-0123456789ab/resourceGroups/rg-302/providers/Microsoft.Compute/virtualMachines/vm-5780",NULL,"Function App","Compute","Azure Functions","Microsoft","SBRJHBAHTZHH427U","Azure Functions Executions",NULL,"RXNCW28YYI1LNPVP.ACIWWMVL","sub-2b7c","Staging","BillingProfile",NULL,NULL,NULL,"Usage-Based","Serverless Compute",3.0473,538.71418793,4.1180,NULL,NULL
"AllocatedMethodId-8052","AllocatedResourceId-2350","AllocatedResourceName-3526","{}",250.98318888,"ocid1.tenancy.oc1..aaaa1234","Meridian OCI","Tenancy","USD","2024-10-01T00:00:00Z","2024-09-01T00:00:00Z",NULL,NULL,"Usage",NULL,"Oracle Functions Function in Australia East (Sydney)","2024-09-05T13:00:00Z","2024-09-05T12:00:00Z",NULL,NULL,NULL,NULL,NULL,NULL,NULL,155.7300000000,"Invocations",NULL,272.807814,1.7518,250.98318888,"Oracle","INV-202409-26340","Oracle",413.33856599999996,2.6542,"Standard","USD",155.73,"Invocations","Oracle","Oracle","ap-sydney-1","Australia East (Sydney)","ocid1.instance.oc1.ap-sydney-1.00a5a5dd0669",NULL,"Function","Compute","Oracle Functions","Oracle","M0JSLHVFV1TTO959","Oracle Functions Invocations",NULL,"4E3EOUNW6FDWR8LV.1K4N1RMM","ocid1.compartment.oc1..prod","production","Tenancy","{""application"": ""AtlasPortal"", ""owner"": ""a.lovelace"", ""team"": ""infra""}",NULL,"us-ashburn-1-AD-1","Usage-Based","Serverless Compute",1.7518,250.98318888,2.6542,NULL,NULL
"AllocatedMethodId-5093","AllocatedResourceId-3781","AllocatedResourceName-4782","{}",923.3337119999999,"123456789012","SunBird","BillingAccount","USD","2024-10-01T00:00:00Z","2024-09-01T00:00:00Z",NULL,NULL,"Purchase",NULL,"AWS Lambda Function in US West (Oregon)","2024-09-18T23:00:00Z","2024-09-18T22:00:00Z",NULL,NULL,NULL,NULL,NULL,NULL,NULL,NULL,NULL,NULL,923.3337119999999,2.6243,0,"AWS","INV-202409-63585","AWS",982.2669119999998,2.7918,"Other","USD",351.84,"Requests","AWS","AWS","us-west-2","US West (Oregon)","arn:aws:ec2:us-west-2:123456789012:instance/i-00bfae19d225",NULL,"Function","Compute","AWS Lambda","AWS","2ID2WCYYGI8UZ7VR","AWS Lambda Requests",NULL,"SF0SPNGFFUY8UTBK.YIG7CZAP","663626350770","Zenith Apollo","BillingAccount",NULL,NULL,NULL,"One-Time","Serverless Compute",2.6243,0,2.7918,NULL,NULL
"AllocatedMethodId-4061","AllocatedResourceId-6514","AllocatedResourceName-1380","{}",319.77725472,"01ABCD-2345EF-6789GH","Helios Labs","BillingAccount","USD","2024-10-01T00:00:00Z","2024-09-01T00:00:00Z",NULL,NULL,"Usage",NULL,"Cloud Load Balancing Forwarding Rule in Iowa","2024-09-08T08:00:00Z","2024-09-08T07:00:00Z","Spend","cd-561599","commit-1599",NULL,"Unused","Committed Use Discount",NULL,NULL,NULL,NULL,363.383244,1.6998,319.77725472,"Google","INV-202409-17648","Google",378.518868,1.7706,"Standard","USD",213.78,"Hours","Google","Google","us-central1","Iowa","//compute.googleapis.com/projects/Helios Labs/zones/us-central1-a/instances/inst-9356",NULL,"Forwarding Rule","Networking","Cloud Load Balancing","Google","URTMBA3SV254SHS0","Cloud Load Balancing Hours",NULL,"WG6NGZPMLXOP1MCV.3W36YZD3","proj-helios-dev","helios-dev","BillingAccount",NULL,NULL,NULL,"Usage-Based","Application Networking",1.6998,319.77725472,1.7706,NULL,NULL
"AllocatedMethodId-3106","AllocatedResourceId-2578","AllocatedResourceName-7771","{}",261.31076664,"ocid1.tenancy.oc1..aaaa1234","Meridian OCI","Tenancy","USD","2024-10-01T00:00:00Z","2024-09-01T00:00:00Z",NULL,NULL,"Usage",NULL,"Oracle Functions Function in UK South (London)","2024-09-02T22:00:00Z","2024-09-02T21:00:00Z","Usage","cd-149548","commit-9548",NULL,"Unused","Committed Use Discount",NULL,NULL,NULL,NULL,395.925404,2.2172,261.31076664,"Oracle","INV-202409-89158","Oracle",460.371317,2.5781,"Other","USD",178.57,"Invocations","Oracle","Oracle","uk-london-1","UK South (London)","ocid1.instance.oc1.uk-london-1.00ccee7b9d98",NULL,"Function","Compute","Oracle Functions","Oracle","QELRAQM17S6NUYDA","Oracle Functions Invocations",NULL,"AE9JA65GYN79HNJ4.FG6O9G84","ocid1.compartment.oc1..dev","development","Tenancy","{""environment"": ""staging"", ""owner"": ""a.turing"", ""team"": ""growth""}",NULL,NULL,"Usage-Based","Serverless Compute",2.2172,261.31076664,2.5781,NULL,NULL
"AllocatedMethodId-8164","AllocatedResourceId-7944","AllocatedResourceName-6530","{}",153.07886088,"01ABCD-2345EF-6789GH","Helios Labs","BillingAccount","USD","2024-10-01T00:00:00Z","2024-09-01T00:00:00Z",NULL,NULL,"Credit",NULL,"Compute Engine VM Instance in Iowa","2024-09-20T21:00:00Z","2024-09-20T20:00:00Z",NULL,NULL,NULL,NULL,NULL,NULL,NULL,NULL,NULL,NULL,188.98624800000002,0.5077,153.07886088,"Google","INV-202409-52007","Google",190.88467200000002,0.5128,"Dynamic","USD",372.24,"Hours","Google","Google","us-central1","Iowa",NULL,NULL,NULL,"Compute","Compute Engine","Google","ITFVI7OK6GZ1VF55","Compute Engine Hours",NULL,"MENF3SPHPUI51LWV.P51XEF7I","proj-helios-prod","helios-prod","BillingAccount","{""owner"": ""g.hopper"", ""environment"": ""qa""}",NULL,NULL,"One-Time","Virtual Machines",0.5077,153.07886088,0.5128,NULL,NULL
"AllocatedMethodId-4407","AllocatedResourceId-6084","AllocatedResourceName-7213","{}",267.81217848,"123456789012","SunBird","BillingAccount","USD","2024-10-01T00:00:00Z","2024-09-01T00:00:00Z",NULL,NULL,"Usage",NULL,"Amazon Simple Queue Service Queue in US West (Oregon)","2024-09-05T17:00:00Z","2024-09-05T16:00:00Z",NULL,NULL,NULL,NULL,NULL,NULL,NULL,383.6400000000,"Requests",NULL,347.808024,0.9066,267.81217848,"AWS","INV-202409-18688","AWS",483.079488,1.2592,"Standard","USD",383.64,"Requests","AWS","AWS","us-west-2","US West (Oregon)","arn:aws:ec2:us-west-2:123456789012:instance/i-00474e7a80e4",NULL,"Queue","Integration","Amazon Simple Queue Service","AWS","MSZA4T062U2TS1UT","Amazon Simple Queue Service Requests",NULL,"Q8JH65N9LGIVU685.4RCWDNEV","663626350770","Zenith Apollo","BillingAccount","{""business_unit"": ""ViennaAI""}",NULL,"eu-west-1c","Usage-Based","Messaging",0.9066,267.81217848,1.2592,NULL,NULL
"AllocatedMethodId-5511","AllocatedResourceId-1576","AllocatedResourceName-5022","{}",214.64225982,"01ABCD-2345EF-6789GH","Helios Labs","BillingAccount","USD","2024-10-01T00:00:00Z","2024-09-01T00:00:00Z",NULL,NULL,"Usage",NULL,"Compute Engine VM Instance in Northern Virginia","2024-09-30T14:00:00Z","2024-09-30T13:00:00Z",NULL,NULL,NULL,NULL,NULL,NULL,NULL,344.8700000000,"Hours",NULL,302.313042,0.8766,214.64225982,"Google","INV-202409-38552","Google",377.90854600000006,1.0958,"Dynamic","USD",344.87,"Hours","Google","Google","us-east4","Northern Virginia","//compute.googleapis.com/projects/Helios Labs/zones/us-east4-a/instances/inst-9139",NULL,"VM Instance","Compute","Compute Engine","Google","7PQFB1X3I20YX0KC","Compute Engine Hours",NULL,"05DPONY253QTGC9Q.M4HH7LDA","proj-helios-dev","helios-dev","BillingAccount","{""business_unit"": ""ViennaAI""}",NULL,"asia-southeast1-c","Usage-Based","Virtual Machines",0.8766,214.64225982,1.0958,NULL,NULL
"AllocatedMethodId-4751","AllocatedResourceId-4068","AllocatedResourceName-7312","{}",336.5721996,"01ABCD-2345EF-6789GH","Helios Labs","BillingAccount","USD","2024-10-01T00:00:00Z","2024-09-01T00:00:00Z",NULL,NULL,"Usage",NULL,"Cloud Load Balancing Forwarding Rule in Belgium","2024-09-30T05:00:00Z","2024-09-30T04:00:00Z","Spend","cd-183607","commit-3607",NULL,"Unused","Savings Plan",NULL,NULL,NULL,NULL,343.44102000000004,3.4670,336.5721996,"Google","INV-202409-12736","Google",361.51947,3.6495,"Dynamic","USD",99.06,"Hours","Google","Google","europe-west1","Belgium","//compute.googleapis.com/projects/Helios Labs/zones/europe-west1-a/instances/inst-6449",NULL,"Forwarding Rule","Networking","Cloud Load Balancing","Google","3796TW65W34FGSF3","Cloud Load Balancing Hours",NULL,"S0EDYLOWGB8NI57Z.Z7187TJB","proj-helios-dev","helios-dev","BillingAccount","{""owner"": ""a.lovelace"", ""business_unit"": ""OsloData""}",NULL,"asia-southeast1-c","Usage-Based","Application Networking",3.4670,336.5721996,3.6495,NULL,NULL
"AllocatedMethodId-4233","AllocatedResourceId-9390","AllocatedResourceName-4132","{}",81.49377,"01ABCD-2345EF-6789GH","Helios Labs","BillingAccount","USD","2024-10-01T00:00:00Z","2024-09-01T00:00:00Z",NULL,NULL,"Usage",NULL,"Compute Engine VM Instance in Belgium","2024-09-14T13:00:00Z","2024-09-14T12:00:00Z",NULL,NULL,NULL,NULL,NULL,NULL,NULL,136.3000000000,"Hours",NULL,81.49377000000001,0.5979,81.49377,"Google","INV-202409-55147","Google",114.77823000000001,0.8421,"Standard","USD",136.30,"Hours","Google","Google","europe-west1","Belgium","//compute.googleapis.com/projects/Helios Labs/zones/europe-west1-a/instances/inst-1458",NULL,"VM Instance","Compute","Compute Engine","Google","LSX41DP0EB8RK4DT","Compute Engine Hours",NULL,"UN7182ZEJ205YJHM.VTUZEROH","proj-helios-prod","helios-prod","BillingAccount",NULL,NULL,NULL,"Usage-Based","Virtual Machines",0.5979,81.49377,0.8421,NULL,NULL
"AllocatedMethodId-9033","AllocatedResourceId-7911","AllocatedResourceName-4865","{}",29.1616721,"01ABCD-2345EF-6789GH","Helios Labs","BillingAccount","USD","2024-10-01T00:00:00Z","2024-09-01T00:00:00Z",NULL,NULL,"Usage",NULL,"Cloud Functions Function in Singapore","2024-09-03T20:00:00Z","2024-09-03T19:00:00Z","Spend","cd-916536","commit-6536",NULL,"Unused","Reserved Instance",NULL,NULL,NULL,NULL,47.034955,2.9489,29.1616721,"Google","INV-202409-12593","Google",61.08531,3.8298,"Standard","USD",15.95,"Invocations","Google","Google","asia-southeast1","Singapore","//compute.googleapis.com/projects/Helios Labs/zones/asia-southeast1-a/instances/inst-2975",NULL,"Function","Compute","Cloud Functions","Google","ZQLP5PNENTJTES2H","Cloud Functions Invocations",NULL,"64ZKE44SJLGCG5I5.R8IFVF4V","proj-helios-prod","helios-prod","BillingAccount",NULL,NULL,NULL,"Usage-Based","Serverless Compute",2.9489,29.1616721,3.8298,NULL,NULL
"AllocatedMethodId-1174","AllocatedResourceId-4594","AllocatedResourceName-9930","{}",780.10082205,"123456789012","SunBird","BillingAccount","USD","2024-10-01T00:00:00Z","2024-09-01T00:00:00Z",NULL,NULL,"Usage",NULL,"Amazon Simple Storage Service Bucket in US West (Oregon)","2024-09-30T08:00:00Z","2024-09-30T07:00:00Z",NULL,NULL,NULL,NULL,NULL,NULL,NULL,466.8900000000,"GB",NULL,917.765673,1.9657,780.10082205,"AWS","INV-202409-10010","AWS",1369.808571,2.9339,"Other","USD",466.89,"GB","AWS","AWS","us-west-2","US West (Oregon)","arn:aws:ec2:us-west-2:123456789012:instance/i-0024c46dc894",NULL,"Bucket","Storage","Amazon Simple Storage Service","AWS","1U8161KN26X23G3H","Amazon Simple Storage Service GB",NULL,"LEMF5Y4A5AAIK21K.RTVL26SM","438839167390","Zenith Eclipse","BillingAccount","{""business_unit"": ""LisbonOps"", ""application"": ""BrightSourceCore"", ""team"": ""infra""}",NULL,"eu-west-1c","Usage-Based","Object Storage",1.9657,780.10082205,2.9339,NULL,NULL
"AllocatedMethodId-6012","AllocatedResourceId-4908","AllocatedResourceName-7118","{}",418.8679235,"ocid1.tenancy.oc1..aaaa1234","Meridian OCI","Tenancy","USD","2024-10-01T00:00:00Z","2024-09-01T00:00:00Z",NULL,NULL,"Usage",NULL,"Oracle Load Balancer Load Balancer in Australia East (Sydney)","2024-09-18T23:00:00Z","2024-09-18T22:00:00Z",NULL,NULL,NULL,NULL,NULL,NULL,NULL,416.7500000000,"Hours",NULL,487.05572500000005,1.1687,418.8679235,"Oracle","INV-202409-61542","Oracle",640.8364750000001,1.5377,"Standard","USD",416.75,"Hours","Oracle","Oracle","ap-sydney-1","Australia East (Sydney)","ocid1.instance.oc1.ap-sydney-1.0077732e9301",NULL,"Load Balancer","Networking","Oracle Load Balancer","Oracle","9Z64BN4XX58XSU4Y","Oracle Load Balancer Hours",NULL,"UNAJQ0SNB6HOIJLW.3XBQEIK0","ocid1.compartment.oc1..prod","production","Tenancy","{""owner"": ""k.johnson"", ""business_unit"": ""MarseilleSRE"", ""team"": ""payments""}",NULL,"us-ashburn-1-AD-1","Usage-Based","Application Networking",1.1687,418.8679235,1.5377,NULL,NULL
"AllocatedMethodId-9552","AllocatedResourceId-9672","AllocatedResourceName-3451","{}",110.22448774,"123456789012","SunBird","BillingAccount","USD","2024-10-01T00:00:00Z","2024-09-01T00:00:00Z",NULL,NULL,"Credit",NULL,"Elastic Load Balancing Load Balancer in Europe (Ireland)","2024-09-16T19:00:00Z","2024-09-16T18:00:00Z",NULL,NULL,NULL,NULL,NULL,NULL,NULL,NULL,NULL,NULL,128.16800899999998,1.1029,110.22448774,"AWS","INV-202409-62239","AWS",166.45920399999997,1.4324,"Dynamic","USD",116.21,"LCU-Hours","AWS","AWS","eu-west-1","Europe (Ireland)",NULL,NULL,NULL,"Networking","Elastic Load Balancing","AWS","Q521AM9J6D4EDDJQ","Elastic Load Balancing LCU-Hours",NULL,"U771RH3PY4POMP6M.M72196N9","438839167390","Zenith Eclipse","BillingAccount",NULL,NULL,NULL,"One-Time","Application Networking",1.1029,110.22448774,1.4324,NULL,NULL
"AllocatedMethodId-1743","AllocatedResourceId-6879","AllocatedResourceName-8173","{}",110.02888912,"01ABCD-2345EF-6789GH","Helios Labs","BillingAccount","USD","2024-10-01T00:00:00Z","2024-09-01T00:00:00Z",NULL,NULL,"Usage",NULL,"Cloud Functions Function in Iowa","2024-09-10T00:00:00Z","2024-09-09T23:00:00Z",NULL,NULL,NULL,NULL,NULL,NULL,NULL,483.3800000000,"Invocations",NULL,148.68768799999998,0.3076,110.02888912,"Google","INV-202409-89797","Google",247.78058799999997,0.5126,"Dynamic","USD",483.38,"Invocations","Google","Google","us-central1","Iowa","//compute.googleapis.com/projects/Helios Labs/zones/us-central1-a/instances/inst-7887",NULL,"Function","Compute","Cloud Functions","Google","XIH7BY7QZBMNSLWD","Cloud Functions Invocations",NULL,"8Z3JJ01L8FD2Z232.802O4E8E","proj-helios-dev","helios-dev","BillingAccount","{""team"": ""payments""}",NULL,"europe-west1-b","Usage-Based","Serverless Compute",0.3076,110.02888912,0.5126,NULL,NULL
"AllocatedMethodId-9325","AllocatedResourceId-6814","AllocatedResourceName-9596","{}",308.6787424,"01ABCD-2345EF-6789GH","Helios Labs","BillingAccount","USD","2024-10-01T00:00:00Z","2024-09-01T00:00:00Z",NULL,NULL,"Usage",NULL,"BigQuery Dataset in Belgium","2024-09-02T10:00:00Z","2024-09-02T09:00:00Z",NULL,NULL,NULL,NULL,NULL,NULL,NULL,140.3200000000,"GiB",NULL,440.96963199999993,3.1426,308.6787424,"Google","INV-202409-39703","Google",469.117824,3.3432,"Dynamic","USD",140.32,"GiB","Google","Google","europe-west1","Belgium","//compute.googleapis.com/projects/Helios Labs/zones/europe-west1-a/instances/inst-27",NULL,"Dataset","Analytics","BigQuery","Google","45MYWG78RH80ZFNJ","BigQuery GiB",NULL,"TBZPX4LQ3ZN9W4JZ.7UCA3I9T","proj-helios-prod","helios-prod","BillingAccount",NULL,NULL,"us-central1-a","Usage-Based","Data Warehouses",3.1426,308.6787424,3.3432,NULL,NULL
"AllocatedMethodId-2061","AllocatedResourceId-5379","AllocatedResourceName-1470","{}",746.58221572,"123456789012","SunBird","BillingAccount","USD","2024-10-01T00:00:00Z","2024-09-01T00:00:00Z",NULL,NULL,"Tax",NULL,"Tax charge in Asia Pacific (Sydney)","2024-09-30T08:00:00Z","2024-09-30T07:00:00Z",NULL,NULL,NULL,NULL,NULL,NULL,NULL,NULL,NULL,NULL,31.0459400000,NULL,746.58221572,"AWS","INV-202409-52825","AWS",75.5532830000,NULL,NULL,"USD",NULL,NULL,"AWS","AWS",NULL,NULL,NULL,NULL,NULL,"Other","Tax","AWS",NULL,NULL,NULL,NULL,"438839167390","Zenith Eclipse","BillingAccount",NULL,NULL,NULL,"One-Time","Other (Security)",NULL,746.58221572,NULL,NULL,NULL
"AllocatedMethodId-2325","AllocatedResourceId-6701","AllocatedResourceName-6995","{}",163.70540524,"8a93b2c1-1234-4abc-9def-0123456789ab","Contoso Cloud","BillingProfile","USD","2024-10-01T00:00:00Z","2024-09-01T00:00:00Z",NULL,NULL,"Usage",NULL,"Azure SQL Database SQL Database in UK South","2024-09-12T16:00:00Z","2024-09-12T15:00:00Z","Usage","cd-164485","commit-4485",NULL,"Unused","Savings Plan",NULL,NULL,NULL,NULL,197.235428,1.6796,163.70540524,"Microsoft","INV-202409-90198","Microsoft",224.126898,1.9086,"Standard","USD",117.43,"Hours","Microsoft","Microsoft","uksouth","UK South","/subscriptions/8a93b2c1-1234-4abc-9def-0123456789ab/resourceGroups/rg-909/providers/Microsoft.Compute/virtualMachines/vm-8504",NULL,"SQL Database","Databases","Azure SQL Database","Microsoft","FUPPCAJ5AI3XD404","Azure SQL Database Hours",NULL,"1P8CUGQWP9YAH17E.JC5VADBZ","sub-2b7c","Staging","BillingProfile","{""environment"": ""dev""}",NULL,NULL,"Usage-Based","Relational Databases",1.6796,163.70540524,1.9086,NULL,NULL
"AllocatedMethodId-9932","AllocatedResourceId-8222","AllocatedResourceName-9510","{}",477.9848619,"01ABCD-2345EF-6789GH","Helios Labs","BillingAccount","USD","2024-10-01T00:00:00Z","2024-09-01T00:00:00Z",NULL,NULL,"Usage",NULL,"Cloud Functions Function in Belgium","2024-09-07T04:00:00Z","2024-09-07T03:00:00Z",NULL,NULL,NULL,NULL,NULL,NULL,NULL,471.9300000000,"Invocations",NULL,735.3613260000001,1.5582,477.9848619,"Google","INV-202409-27345","Google",799.307841,1.6937,"Standard","USD",471.93,"Invocations","Google","Google","europe-west1","Belgium","//compute.googleapis.com/projects/Helios Labs/zones/europe-west1-a/instances/inst-8168",NULL,"Function","Compute","Cloud Functions","Google","MNDP9FU1UC4AW1XE","Cloud Functions Invocations",NULL,"A1N0HEI75SC6HE3M.BYO7JERU","proj-helios-prod","helios-prod","BillingAccount","{""business_unit"": ""MarseilleSRE"", ""owner"": ""k.johnson"", ""application"": ""BrightLensMatrix""}",NULL,NULL,"Usage-Based","Serverless Compute",1.5582,477.9848619,1.6937,NULL,NULL
"AllocatedMethodId-7411","AllocatedResourceId-2770","AllocatedResourceName-6909","{}",185.68515564,"ocid1.tenancy.oc1..aaaa1234","Meridian OCI","Tenancy","USD","2024-10-01T00:00:00Z","2024-09-01T00:00:00Z",NULL,NULL,"Adjustment",NULL,"Oracle Object Storage Bucket in Australia East (Sydney)","2024-09-01T08:00:00Z","2024-09-01T07:00:00Z","Usage","cd-435983","commit-5983",NULL,"Used","Reserved Instance",NULL,NULL,NULL,NULL,250.92588600000002,1.7491,185.68515564,"Oracle","INV-202409-92070","Oracle",258.687072,1.8032,"Committed","USD",143.46,"GB","Oracle","Oracle","ap-sydney-1","Australia East (Sydney)",NULL,NULL,NULL,"Storage","Oracle Object Storage","Oracle","70UQ9E9RRAP81WT3","Oracle Object Storage GB",NULL,"EL5DXQ63T74CVZYJ.OBDXZATR","ocid1.compartment.oc1..prod","production","Tenancy","{""application"": ""BrightLensMatrix"", ""environment"": ""staging"", ""team"": ""growth""}",NULL,NULL,"One-Time","Object Storage",1.7491,185.68515564,1.8032,NULL,NULL
"AllocatedMethodId-7824","AllocatedResourceId-3189","AllocatedResourceName-4842","{}",695.0385504,"123456789012","SunBird","BillingAccount","USD","2024-10-01T00:00:00Z","2024-09-01T00:00:00Z",NULL,NULL,"Usage",NULL,"Amazon Elastic Compute Cloud Virtual Machine in US West (Oregon)","2024-09-10T11:00:00Z","2024-09-10T10:00:00Z",NULL,NULL,NULL,NULL,NULL,NULL,NULL,314.1900000000,"Hours",NULL,1121.02992,3.5680,695.0385504,"AWS","INV-202409-94939","AWS",1350.639972,4.2988,"Dynamic","USD",314.19,"Hours","AWS","AWS","us-west-2","US West (Oregon)","arn:aws:ec2:us-west-2:123456789012:instance/i-008cfab341d5",NULL,"Virtual Machine","Compute","Amazon Elastic Compute Cloud","AWS","1V58N4PGT5RO3JCM","Amazon Elastic Compute Cloud Hours",NULL,"UJFYBHBI31R5ETLQ.OKFGEDI1","663626350770","Zenith Apollo","BillingAccount","{""cost_center"": ""CC-3090"", ""application"": ""AtlasPortal""}",NULL,NULL,"Usage-Based","Virtual Machines",3.5680,695.0385504,4.2988,NULL,NULL
"AllocatedMethodId-9691","AllocatedResourceId-9513","AllocatedResourceName-2875","{}",340.2160344,"ocid1.tenancy.oc1..aaaa1234","Meridian OCI","Tenancy","USD","2024-10-01T00:00:00Z","2024-09-01T00:00:00Z",NULL,NULL,"Usage","Correction","Oracle Functions Function in US East (Ashburn)","2024-09-10T09:00:00Z","2024-09-10T08:00:00Z","Spend","cd-614608","commit-4608",NULL,"Unused","Reserved Instance",NULL,NULL,NULL,NULL,515.47884,4.2360,340.2160344,"Oracle","INV-202409-46968","Oracle",606.4421150000001,4.9835,"Committed","USD",121.69,"Invocations","Oracle","Oracle","us-ashburn-1","US East (Ashburn)","ocid1.instance.oc1.us-ashburn-1.00b98c1e0d5b",NULL,"Function","Compute","Oracle Functions","Oracle","JX0UZ9Z08CV9CCDX","Oracle Functions Invocations",NULL,"9WN8HU4XDFURO8V3.8G9D43RG","ocid1.compartment.oc1..prod","production","Tenancy","{""owner"": ""g.hopper""}",NULL,NULL,"Usage-Based","Serverless Compute",4.2360,340.2160344,4.9835,NULL,NULL
"AllocatedMethodId-1979","AllocatedResourceId-7128","AllocatedResourceName-4385","{}",344.69768,"01ABCD-2345EF-6789GH","Helios Labs","BillingAccount","USD","2024-10-01T00:00:00Z","2024-09-01T00:00:00Z",NULL,NULL,"Usage",NULL,"Cloud Load Balancing Forwarding Rule in Iowa","2024-09-12T14:00:00Z","2024-09-12T13:00:00Z","Usage","cd-103910","commit-3910",NULL,"Unused","Savings Plan",NULL,NULL,NULL,NULL,538.5901250000001,1.6375,344.69768,"Google","INV-202409-80450","Google",561.021787,1.7057,"Committed","USD",328.91,"Hours","Google","Google","us-central1","Iowa","//compute.googleapis.com/projects/Helios Labs/zones/us-central1-a/instances/inst-9433",NULL,"Forwarding Rule","Networking","Cloud Load Balancing","Google","VPZO5511XWCKORSI","Cloud Load Balancing Hours",NULL,"O9G1LLY1R6TG7ZGT.YK97OZNV","proj-helios-dev","helios-dev","BillingAccount","{""team"": ""growth"", ""owner"": ""k.johnson""}",NULL,NULL,"Usage-Based","Application Networking",1.6375,344.69768,1.7057,NULL,NULL
"AllocatedMethodId-3043","AllocatedResourceId-9303","AllocatedResourceName-4979","{}",73.54807824,"8a93b2c1-1234-4abc-9def-0123456789ab","Contoso Cloud","BillingProfile","USD","2024-10-01T00:00:00Z","2024-09-01T00:00:00Z",NULL,NULL,"Usage",NULL,"Virtual Machines Virtual Machine in Southeast Asia","2024-09-27T22:00:00Z","2024-09-27T21:00:00Z","Usage","cd-608713","commit-8713",NULL,"Used","Savings Plan",NULL,172.7600000000,"Hours",NULL,94.29240799999998,0.5458,73.54807824,"Microsoft","INV-202409-60445","Microsoft",98.21405999999999,0.5685,"Standard","USD",172.76,"Hours","Microsoft","Microsoft","southeastasia","Southeast Asia","/subscriptions/8a93b2c1-1234-4abc-9def-0123456789ab/resourceGroups/rg-521/providers/Microsoft.Compute/virtualMachines/vm-3199",NULL,"Virtual Machine","Compute","Virtual Machines","Microsoft","H4YE09KKW78V7RMH","Virtual Machines Hours",NULL,"NU5TA72T2RB2M4J0.G5W0V25D","sub-9a1f","Production","BillingProfile","{""cost_center"": ""CC-2042"", ""environment"": ""dev""}",NULL,NULL,"Usage-Based","Virtual Machines",0.5458,73.54807824,0.5685,NULL,NULL
"AllocatedMethodId-9051","AllocatedResourceId-9303","AllocatedResourceName-2127","{}",245.74196928,"01ABCD-2345EF-6789GH","Helios Labs","BillingAccount","USD","2024-10-01T00:00:00Z","2024-09-01T00:00:00Z",NULL,NULL,"Usage",NULL,"Cloud SQL Database Instance in Belgium","2024-09-06T08:00:00Z","2024-09-06T07:00:00Z","Spend","cd-794709","commit-4709",NULL,"Used","Savings Plan",NULL,158.1400000000,"Hours",NULL,255.98121799999998,1.6187,245.74196928,"Google","INV-202409-92482","Google",263.904032,1.6688,"Committed","USD",158.14,"Hours","Google","Google","europe-west1","Belgium","//compute.googleapis.com/projects/Helios Labs/zones/europe-west1-a/instances/inst-484",NULL,"Database Instance","Databases","Cloud SQL","Google","E1F2DYQHTTUNP5WL","Cloud SQL Hours",NULL,"BGXYGR1GYTEW4OM4.17RAFMRE","proj-helios-dev","helios-dev","BillingAccount","{""cost_center"": ""CC-2042""}",NULL,"asia-southeast1-c","Usage-Based","Relational Databases",1.6187,245.74196928,1.6688,NULL,NULL
"AllocatedMethodId-4868","AllocatedResourceId-1358","AllocatedResourceName-1112","{}",100.12006912,"123456789012","SunBird","BillingAccount","USD","2024-10-01T00:00:00Z","2024-09-01T00:00:00Z",NULL,NULL,"Usage",NULL,"Elastic Load Balancing Load Balancer in US East (N. Virginia)","2024-09-05T18:00:00Z","2024-09-05T17:00:00Z",NULL,NULL,NULL,NULL,NULL,NULL,NULL,51.0800000000,"LCU-Hours",NULL,156.437608,3.0626,100.12006912,"AWS","INV-202409-10420","AWS",244.43312400000002,4.7853,"Other","USD",51.08,"LCU-Hours","AWS","AWS","us-east-1","US East (N. Virginia)","arn:aws:ec2:us-east-1:123456789012:instance/i-00bdf940461e",NULL,"Load Balancer","Networking","Elastic Load Balancing","AWS","WU8M85NY9C3LZ1E7","Elastic Load Balancing LCU-Hours",NULL,"D8QP77EY8T7I3KMB.C3BTYRQV","438839167390","Zenith Eclipse","BillingAccount",NULL,NULL,NULL,"Usage-Based","Application Networking",3.0626,100.12006912,4.7853,NULL,NULL
"AllocatedMethodId-8510","AllocatedResourceId-3561","AllocatedResourceName-8652","{}",868.8926299999999,"ocid1.tenancy.oc1..aaaa1234","Meridian OCI","Tenancy","USD","2024-10-01T00:00:00Z","2024-09-01T00:00:00Z",NULL,NULL,"Purchase",NULL,"Oracle Compute Instance in UK South (London)","2024-09-06T08:00:00Z","2024-09-06T07:00:00Z","Usage","cd-616927","commit-6927",NULL,"Used","Reserved Instance",NULL,NULL,NULL,NULL,868.8926299999999,3.3965,0,"Oracle","INV-202409-91546","Oracle",1072.704424,4.1932,"Standard","USD",255.82,"Hours","Oracle","Oracle","uk-london-1","UK South (London)","ocid1.instance.oc1.uk-london-1.00851da4704c",NULL,"Instance","Compute","Oracle Compute","Oracle","UDQNJYCVDQ3OWNUJ","Oracle Compute Hours",NULL,"K0XQNDWN3MTXGMW1.SJ0DYDB9","ocid1.compartment.oc1..dev","development","Tenancy","{""environment"": ""dev"", ""owner"": ""a.turing""}",NULL,NULL,"One-Time","Virtual Machines",3.3965,0,4.1932,NULL,NULL
"AllocatedMethodId-7000","AllocatedResourceId-6155","AllocatedResourceName-2673","{}",851.029452,"01ABCD-2345EF-6789GH","Helios Labs","BillingAccount","USD","2024-10-01T00:00:00Z","2024-09-01T00:00:00Z",NULL,NULL,"Purchase",NULL,"Compute Engine VM Instance in Singapore","2024-09-12T01:00:00Z","2024-09-12T00:00:00Z",NULL,NULL,NULL,NULL,NULL,NULL,NULL,NULL,NULL,NULL,851.029452,1.8564,0,"Google","INV-202409-62186","Google",886.511934,1.9338,"Standard","USD",458.43,"Hours","Google","Google","asia-southeast1","Singapore","//compute.googleapis.com/projects/Helios Labs/zones/asia-southeast1-a/instances/inst-8966",NULL,"VM Instance","Compute","Compute Engine","Google","0TDKXSL1CC0I8LKM","Compute Engine Hours",NULL,"7QNX3M8UTX9KJUE4.R5ULR23W","proj-helios-prod","helios-prod","BillingAccount",NULL,NULL,NULL,"One-Time","Virtual Machines",1.8564,0,1.9338,NULL,NULL
"AllocatedMethodId-5694","AllocatedResourceId-7222","AllocatedResourceName-7880","{}",197.31695796,"8a93b2c1-1234-4abc-9def-0123456789ab","Contoso Cloud","BillingProfile","USD","2024-10-01T00:00:00Z","2024-09-01T00:00:00Z",NULL,NULL,"Usage",NULL,"Azure Functions Function App in Southeast Asia","2024-09-09T15:00:00Z","2024-09-09T14:00:00Z",NULL,NULL,NULL,NULL,NULL,NULL,NULL,203.9300000000,"Executions",NULL,290.17199700000003,1.4229,197.31695796,"Microsoft","INV-202409-99165","Microsoft",353.879729,1.7353,"Dynamic","USD",203.93,"Executions","Microsoft","Microsoft","southeastasia","Southeast Asia","/subscriptions/8a93b2c1-1234-4abc-9def-0123456789ab/resourceGroups/rg-757/providers/Microsoft.Compute/virtualMachines/vm-1923",NULL,"Function App","Compute","Azure Functions","Microsoft","75WNQLETS6NVSV3S","Azure Functions Executions",NULL,"67O17M9IXJXSNCMV.PVLEWE5M","sub-2b7c","Staging","BillingProfile",NULL,NULL,"eastus-1","Usage-Based","Serverless Compute",1.4229,197.31695796,1.7353,NULL,NULL
"AllocatedMethodId-9192","AllocatedResourceId-1528","AllocatedResourceName-2285","{}",149.03522928,"123456789012","SunBird","BillingAccount","USD","2024-10-01T00:00:00Z","2024-09-01T00:00:00Z",NULL,NULL,"Usage",NULL,"Amazon Simple Queue Service Queue in US West (Oregon)","2024-09-11T22:00:00Z","2024-09-11T21:00:00Z","Spend","cd-180567","commit-0567",NULL,"Used","Reserved Instance",NULL,237.9200000000,"Requests",NULL,244.32004799999996,1.0269,149.03522928,"AWS","INV-202409-74715","AWS",381.74264,1.6045,"Standard","USD",237.92,"Requests","AWS","AWS","us-west-2","US West (Oregon)","arn:aws:ec2:us-west-2:123456789012:instance/i-003affb1bbbe",NULL,"Queue","Integration","Amazon Simple Queue Service","AWS","NVXGLG06OIMJ9WQG","Amazon Simple Queue Service Requests",NULL,"QIK0OI0IHSQUM4GV.CRUHZ582","663626350770","Zenith Apollo","BillingAccount",NULL,NULL,NULL,"Usage-Based","Messaging",1.0269,149.03522928,1.6045,NULL,NULL
"AllocatedMethodId-3020","AllocatedResourceId-5757","AllocatedResourceName-8538","{}",118.169142,"123456789012","SunBird","BillingAccount","USD","2024-10-01T00:00:00Z","2024-09-01T00:00:00Z",NULL,NULL,"Usage",NULL,"AWS Lambda Function in Europe (Ireland)","2024-09-05T07:00:00Z","2024-09-05T06:00:00Z","Usage","cd-299411","commit-9411",NULL,"Unused","Savings Plan",NULL,NULL,NULL,NULL,135.82659999999998,0.9100,118.169142,"AWS","INV-202409-84644","AWS",146.05091,0.9785,"Committed","USD",149.26,"Requests","AWS","AWS","eu-west-1","Europe (Ireland)","arn:aws:ec2:eu-west-1:123456789012:instance/i-002cba3d2e23",NULL,"Function","Compute","AWS Lambda","AWS","3PLM9GWSVVI3941K","AWS Lambda Requests",NULL,"YALNV1SBOA816FXA.4915ZN7G","663626350770","Zenith Apollo","BillingAccount","{""application"": ""NimbusAPI"", ""environment"": ""dev"", ""cost_center"": ""CC-1001""}",NULL,"eu-west-1c","Usage-Based","Serverless Compute",0.9100,118.169142,0.9785,NULL,NULL
"AllocatedMethodId-3357","AllocatedResourceId-8552","AllocatedResourceName-6415","{}",52.64013,"01ABCD-2345EF-6789GH","Helios Labs","BillingAccount","USD","2024-10-01T00:00:00Z","2024-09-01T00:00:00Z",NULL,NULL,"Purchase",NULL,"BigQuery Dataset in Iowa","2024-09-11T01:00:00Z","2024-09-11T00:00:00Z","Usage","cd-989283","commit-9283",NULL,"Unused","Committed Use Discount",NULL,NULL,NULL,NULL,52.64013,0.1590,0,"Google","INV-202409-96659","Google",59.824349,0.1807,"Other","USD",331.07,"GiB","Google","Google","us-central1","Iowa","//compute.googleapis.com/projects/Helios Labs/zones/us-central1-a/instances/inst-1945",NULL,"Dataset","Analytics","BigQuery","Google","CI6Z01618X8RNEFY","BigQuery GiB",NULL,"KEDZWFTQ3NZXSMFB.VW25ECND","proj-helios-prod","helios-prod","BillingAccount","{""environment"": ""dev"", ""business_unit"": ""MarseilleSRE""}",NULL,NULL,"One-Time","Data Warehouses",0.1590,0,0.1807,NULL,NULL
"AllocatedMethodId-4591","AllocatedResourceId-3921","AllocatedResourceName-5675","{}",84.2394642,"ocid1.tenancy.oc1..aaaa1234","Meridian OCI","Tenancy","USD","2024-10-01T00:00:00Z","2024-09-01T00:00:00Z",NULL,NULL,"Usage",NULL,"Oracle Compute Instance in Australia East (Sydney)","2024-09-24T10:00:00Z","2024-09-24T09:00:00Z","Spend","cd-268932","commit-8932",NULL,"Unused","Reserved Instance",NULL,NULL,NULL,NULL,123.881565,1.3105,84.2394642,"Oracle","INV-202409-44988","Oracle",156.806364,1.6588,"Committed","USD",94.53,"Hours","Oracle","Oracle","ap-sydney-1","Australia East (Sydney)","ocid1.instance.oc1.ap-sydney-1.0085d4ce8901",NULL,"Instance","Compute","Oracle Compute","Oracle","C1IA6G9CRDHUHTGS","Oracle Compute Hours",NULL,"AWD9WAFPR4RKZO0Q.ELK0T2IU","ocid1.compartment.oc1..dev","development","Tenancy","{""environment"": ""dev"", ""application"": ""AtlasPortal""}",NULL,NULL,"Usage-Based","Virtual Machines",1.3105,84.2394642,1.6588,NULL,NULL
"AllocatedMethodId-9706","AllocatedResourceId-7377","AllocatedResourceName-1842","{}",553.18904784,"01ABCD-2345EF-6789GH","Helios Labs","BillingAccount","USD","2024-10-01T00:00:00Z","2024-09-01T00:00:00Z",NULL,NULL,"Usage",NULL,"Cloud Storage Bucket in Northern Virginia","2024-09-13T09:00:00Z","2024-09-13T08:00:00Z","Spend","cd-485259","commit-5259",NULL,"Unused","Committed Use Discount",NULL,NULL,NULL,NULL,779.139504,1.6328,553.18904784,"Google","INV-202409-10223","Google",1082.148804,2.2678,"Committed","USD",477.18,"GiB","Google","Google","us-east4","Northern Virginia","//compute.googleapis.com/projects/Helios Labs/zones/us-east4-a/instances/inst-4245",NULL,"Bucket","Storage","Cloud Storage","Google","G99GKJTYYHQK8C5A","Cloud Storage GiB",NULL,"KA3A1PWGUEE4VNPH.2DIWNP54","proj-helios-prod","helios-prod","BillingAccount","{""owner"": ""a.turing"", ""environment"": ""qa""}",NULL,NULL,"Usage-Based","Object Storage",1.6328,553.18904784,2.2678,NULL,NULL
"AllocatedMethodId-4394","AllocatedResourceId-7568","AllocatedResourceName-6015","{}",243.98708928,"01ABCD-2345EF-6789GH","Helios Labs","BillingAccount","USD","2024-10-01T00:00:00Z","2024-09-01T00:00:00Z",NULL,NULL,"Usage",NULL,"Cloud Load Balancing Forwarding Rule in Belgium","2024-09-21T11:00:00Z","2024-09-21T10:00:00Z",NULL,NULL,NULL,NULL,NULL,NULL,NULL,384.3200000000,"Hours",NULL,369.67740799999996,0.9619,243.98708928,"Google","INV-202409-21528","Google",381.09171200000003,0.9916,"Standard","USD",384.32,"Hours","Google","Google","europe-west1","Belgium","//compute.googleapis.com/projects/Helios Labs/zones/europe-west1-a/instances/inst-65",NULL,"Forwarding Rule","Networking","Cloud Load Balancing","Google","0R2QEMPEGWF06OS8","Cloud Load Balancing Hours",NULL,"TKJ01MFXTNBBNTHP.EWYVMY15","proj-helios-dev","helios-dev","BillingAccount","{""environment"": ""prod""}",NULL,"us-central1-a","Usage-Based","Application Networking",0.9619,243.98708928,0.9916,NULL,NULL
"AllocatedMethodId-1270","AllocatedResourceId-6672","AllocatedResourceName-3054","{}",175.70624624,"ocid1.tenancy.oc1..aaaa1234","Meridian OCI","Tenancy","USD","2024-10-01T00:00:00Z","2024-09-01T00:00:00Z",NULL,NULL,"Usage",NULL,"Oracle Object Storage Bucket in UK South (London)","2024-09-13T21:00:00Z","2024-09-13T20:00:00Z","Usage","cd-326845","commit-6845",NULL,"Unused","Committed Use Discount",NULL,NULL,NULL,NULL,240.693488,0.6377,175.70624624,"Oracle","INV-202409-23396","Oracle",256.055296,0.6784,"Committed","USD",377.44,"GB","Oracle","Oracle","uk-london-1","UK South (London)","ocid1.instance.oc1.uk-london-1.0067bd3849d0",NULL,"Bucket","Storage","Oracle Object Storage","Oracle","9POWLH5AYSA1SFJM","Oracle Object Storage GB",NULL,"EURCJTQ36NA2VAGZ.MJ5BMRHQ","ocid1.compartment.oc1..prod","production","Tenancy","{""cost_center"": ""CC-3090"", ""team"": ""growth"", ""environment"": ""qa""}",NULL,"uk-london-1-AD-2","Usage-Based","Object Storage",0.6377,175.70624624,0.6784,NULL,NULL
"AllocatedMethodId-7812","AllocatedResourceId-1681","AllocatedResourceName-4421","{}",165.22142688,"ocid1.tenancy.oc1..aaaa1234","Meridian OCI","Tenancy","USD","2024-10-01T00:00:00Z","2024-09-01T00:00:00Z",NULL,NULL,"Usage",NULL,"Oracle Load Balancer Load Balancer in Australia East (Sydney)","2024-09-09T14:00:00Z","2024-09-09T13:00:00Z",NULL,NULL,NULL,NULL,NULL,NULL,NULL,232.2300000000,"Hours",NULL,172.105653,0.7411,165.22142688,"Oracle","INV-202409-26145","Oracle",177.42372,0.7640,"Standard","USD",232.23,"Hours","Oracle","Oracle","ap-sydney-1","Australia East (Sydney)","ocid1.instance.oc1.ap-sydney-1.00dc3a3a200a",NULL,"Load Balancer","Networking","Oracle Load Balancer","Oracle","414TY4LY60MAFONO","Oracle Load Balancer Hours",NULL,"I599IG2AK04HYESS.G8WHT3W1","ocid1.compartment.oc1..dev","development","Tenancy","{""business_unit"": ""LisbonOps"", ""owner"": ""a.turing"", ""environment"": ""qa""}",NULL,NULL,"Usage-Based","Application Networking",0.7411,165.22142688,0.7640,NULL,NULL
"AllocatedMethodId-4973","AllocatedResourceId-7089","AllocatedResourceName-3459","{}",880.67911932,"01ABCD-2345EF-6789GH","Helios Labs","BillingAccount","USD","2024-10-01T00:00:00Z","2024-09-01T00:00:00Z",NULL,NULL,"Usage",NULL,"Cloud Functions Function in Singapore","2024-09-18T00:00:00Z","2024-09-17T23:00:00Z","Usage","cd-428608","commit-8608",NULL,"Unused","Reserved Instance",NULL,NULL,NULL,NULL,1129.0757939999999,2.5641,880.67911932,"Google","INV-202409-36824","Google",1850.925156,4.2034,"Committed","USD",440.34,"Invocations","Google","Google","asia-southeast1","Singapore","//compute.googleapis.com/projects/Helios Labs/zones/asia-southeast1-a/instances/inst-9237",NULL,"Function","Compute","Cloud Functions","Google","KMKV27C96VC1AMDO","Cloud Functions Invocations",NULL,"S4EFLDI4NBIO7XVG.IJC3JJMC","proj-helios-prod","helios-prod","BillingAccount","{""cost_center"": ""CC-2042""}",NULL,"asia-southeast1-c","Usage-Based","Serverless Compute",2.5641,880.67911932,4.2034,NULL,NULL
"AllocatedMethodId-3577","AllocatedResourceId-8192","AllocatedResourceName-8664","{}",1088.51432508,"8a93b2c1-1234-4abc-9def-0123456789ab","Contoso Cloud","BillingProfile","USD","2024-10-01T00:00:00Z","2024-09-01T00:00:00Z",NULL,NULL,"Tax",NULL,"Tax charge in Southeast Asia","2024-09-05T13:00:00Z","2024-09-05T12:00:00Z",NULL,NULL,NULL,NULL,NULL,NULL,NULL,NULL,NULL,NULL,39.0021750000,NULL,1088.51432508,"Microsoft","INV-202409-69995","Microsoft",43.7611310000,NULL,NULL,"USD",NULL,NULL,"Microsoft","Microsoft",NULL,NULL,NULL,NULL,NULL,"Other","Tax","Microsoft",NULL,NULL,NULL,NULL,"sub-9a1f","Production","BillingProfile","{""cost_center"": ""CC-3090""}",NULL,NULL,"One-Time","Other (Security)",NULL,1088.51432508,NULL,NULL,NULL
"AllocatedMethodId-5634","AllocatedResourceId-4916","AllocatedResourceName-3798","{}",153.5355081,"8a93b2c1-1234-4abc-9def-0123456789ab","Contoso Cloud","BillingProfile","USD","2024-10-01T00:00:00Z","2024-09-01T00:00:00Z",NULL,NULL,"Usage",NULL,"Azure Blob Storage Storage Account in UK South","2024-09-28T03:00:00Z","2024-09-28T02:00:00Z",NULL,NULL,NULL,NULL,NULL,NULL,NULL,65.1300000000,"GB",NULL,170.59500899999998,2.6193,153.5355081,"Microsoft","INV-202409-46999","Microsoft",250.874247,3.8519,"Standard","USD",65.13,"GB","Microsoft","Microsoft","uksouth","UK South","/subscriptions/8a93b2c1-1234-4abc-9def-0123456789ab/resourceGroups/rg-673/providers/Microsoft.Compute/virtualMachines/vm-5796",NULL,"Storage Account","Storage","Azure Blob Storage","Microsoft","BY7ET9TH62JDL6FE","Azure Blob Storage GB",NULL,"NAA7RPNHSF9HE20P.MBVA3RVD","sub-9a1f","Production","BillingProfile","{""business_unit"": ""LisbonOps"", ""owner"": ""k.johnson""}",NULL,"eastus-1","Usage-Based","Object Storage",2.6193,153.5355081,3.8519,NULL,NULL
"AllocatedMethodId-8071","AllocatedResourceId-4838","AllocatedResourceName-6158","{}",96.9276889,"ocid1.tenancy.oc1..aaaa1234","Meridian OCI","Tenancy","USD","2024-10-01T00:00:00Z","2024-09-01T00:00:00Z",NULL,NULL,"Usage",NULL,"Oracle Compute Instance in Australia East (Sydney)","2024-09-25T09:00:00Z","2024-09-25T08:00:00Z",NULL,NULL,NULL,NULL,NULL,NULL,NULL,71.0500000000,"Hours",NULL,112.706615,1.5863,96.9276889,"Oracle","INV-202409-20966","Oracle",184.76552499999997,2.6005,"Standard","USD",71.05,"Hours","Oracle","Oracle","ap-sydney-1","Australia East (Sydney)","ocid1.instance.oc1.ap-sydney-1.00c35e99c66f",NULL,"Instance","Compute","Oracle Compute","Oracle","YN0LRD77VH1OIP6G","Oracle Compute Hours",NULL,"M5AU4SECP40KL0VR.HUIX8N7W","ocid1.compartment.oc1..prod","production","Tenancy",NULL,NULL,NULL,"Usage-Based","Virtual Machines",1.5863,96.9276889,2.6005,NULL,NULL
"AllocatedMethodId-3340","AllocatedResourceId-8421","AllocatedResourceName-2557","{}",539.78719872,"ocid1.tenancy.oc1..aaaa1234","Meridian OCI","Tenancy","USD","2024-10-01T00:00:00Z","2024-09-01T00:00:00Z",NULL,NULL,"Usage",NULL,"Oracle Load Balancer Load Balancer in US East (Ashburn)","2024-09-18T14:00:00Z","2024-09-18T13:00:00Z","Spend","cd-299298","commit-9298",NULL,"Used","Committed Use Discount",NULL,357.2800000000,"Hours",NULL,586.725216,1.6422,539.78719872,"Oracle","INV-202409-16431","Oracle",733.4243839999999,2.0528,"Standard","USD",357.28,"Hours","Oracle","Oracle","us-ashburn-1","US East (Ashburn)","ocid1.instance.oc1.us-ashburn-1.0030ee941c75",NULL,"Load Balancer","Networking","Oracle Load Balancer","Oracle","V7VHG9X7FHDGSYCI","Oracle Load Balancer Hours",NULL,"MXPVZ6K6AGRD8HIP.V1OFZ5YZ","ocid1.compartment.oc1..prod","production","Tenancy","{""application"": ""BrightSourceCore""}",NULL,NULL,"Usage-Based","Application Networking",1.6422,539.78719872,2.0528,NULL,NULL
"AllocatedMethodId-9617","AllocatedResourceId-4704","AllocatedResourceName-5042","{}",831.925842,"ocid1.tenancy.oc1..aaaa1234","Meridian OCI","Tenancy","USD","2024-10-01T00:00:00Z","2024-09-01T00:00:00Z",NULL,NULL,"Usage",NULL,"Oracle Load Balancer Load Balancer in Australia East (Sydney)","2024-09-20T19:00:00Z","2024-09-20T18:00:00Z","Spend","cd-582216","commit-2216",NULL,"Used","Committed Use Discount",NULL,278.0000000000,"Hours",NULL,956.2366000000001,3.4397,831.925842,"Oracle","INV-202409-65023","Oracle",1210.4397999999999,4.3541,"Committed","USD",278.00,"Hours","Oracle","Oracle","ap-sydney-1","Australia East (Sydney)","ocid1.instance.oc1.ap-sydney-1.002307bd8c0d",NULL,"Load Balancer","Networking","Oracle Load Balancer","Oracle","WFAQ4OA9BL7KGNHF","Oracle Load Balancer Hours",NULL,"T6LTFTOBRSTY38SJ.U0OTBBF2","ocid1.compartment.oc1..prod","production","Tenancy","{""cost_center"": ""CC-1001""}",NULL,"uk-london-1-AD-2","Usage-Based","Application Networking",3.4397,831.925842,4.3541,NULL,NULL
"AllocatedMethodId-2218","AllocatedResourceId-7687","AllocatedResourceName-1124","{}",197.38218228,"01ABCD-2345EF-6789GH","Helios Labs","BillingAccount","USD","2024-10-01T00:00:00Z","2024-09-01T00:00:00Z",NULL,NULL,"Usage",NULL,"Cloud SQL Database Instance in Iowa","2024-09-12T01:00:00Z","2024-09-12T00:00:00Z",NULL,NULL,NULL,NULL,NULL,NULL,NULL,333.3100000000,"Hours",NULL,323.57734800000003,0.9708,197.38218228,"Google","INV-202409-13355","Google",330.176886,0.9906,"Standard","USD",333.31,"Hours","Google","Google","us-central1","Iowa","//compute.googleapis.com/projects/Helios Labs/zones/us-central1-a/instances/inst-2003",NULL,"Database Instance","Databases","Cloud SQL","Google","Z9R0T8IB75I7T7E6","Cloud SQL Hours",NULL,"G8YZIORQQDUX2JT5.3KFO0MZJ","proj-helios-prod","helios-prod","BillingAccount","{""team"": ""platform""}",NULL,"us-central1-a","Usage-Based","Relational Databases",0.9708,197.38218228,0.9906,NULL,NULL
"AllocatedMethodId-9625","AllocatedResourceId-4141","AllocatedResourceName-7016","{}",64.0864364,"01ABCD-2345EF-6789GH","Helios Labs","BillingAccount","USD","2024-10-01T00:00:00Z","2024-09-01T00:00:00Z",NULL,NULL,"Credit",NULL,"Cloud Functions Function in Singapore","2024-09-21T09:00:00Z","2024-09-21T08:00:00Z",NULL,NULL,NULL,NULL,NULL,NULL,NULL,NULL,NULL,NULL,103.36522000000001,3.0268,64.0864364,"Google","INV-202409-92051","Google",106.56166,3.1204,"Standard","USD",34.15,"Invocations","Google","Google","asia-southeast1","Singapore",NULL,NULL,NULL,"Compute","Cloud Functions","Google","9NW6QDT4CX3FK0UY","Cloud Functions Invocations",NULL,"WYRG1UZY03GV3HFH.IC5BG7BV","proj-helios-prod","helios-prod","BillingAccount","{""team"": ""payments"", ""environment"": ""prod"", ""owner"": ""k.johnson""}",NULL,NULL,"One-Time","Serverless Compute",3.0268,64.0864364,3.1204,NULL,NULL
"AllocatedMethodId-1260","AllocatedResourceId-2737","AllocatedResourceName-5981","{}",93.48716833,"ocid1.tenancy.oc1..aaaa1234","Meridian OCI","Tenancy","USD","2024-10-01T00:00:00Z","2024-09-01T00:00:00Z",NULL,NULL,"Usage",NULL,"Oracle Functions Function in Australia East (Sydney)","2024-09-18T12:00:00Z","2024-09-18T11:00:00Z",NULL,NULL,NULL,NULL,NULL,NULL,NULL,68.6300000000,"Invocations",NULL,153.25765299999998,2.2331,93.48716833,"Oracle","INV-202409-96025","Oracle",157.99998599999998,2.3022,"Standard","USD",68.63,"Invocations","Oracle","Oracle","ap-sydney-1","Australia East (Sydney)","ocid1.instance.oc1.ap-sydney-1.00e3e3f56a3a",NULL,"Function","Compute","Oracle Functions","Oracle","6Q8D70E617MAQNRJ","Oracle Functions Invocations",NULL,"K58XNIHAEPO8NAAR.ADP50W9T","ocid1.compartment.oc1..prod","production","Tenancy","{""environment"": ""staging""}",NULL,NULL,"Usage-Based","Serverless Compute",2.2331,93.48716833,2.3022,NULL,NULL
"AllocatedMethodId-3684","AllocatedResourceId-8285","AllocatedResourceName-8738","{}",32.93846928,"123456789012","SunBird","BillingAccount","USD","2024-10-01T00:00:00Z","2024-09-01T00:00:00Z",NULL,NULL,"Usage",NULL,"Amazon Relational Database Service Database Instance in Asia Pacific (Sydney)","2024-09-01T01:00:00Z","2024-09-01T00:00:00Z","Spend","cd-440688","commit-0688",NULL,"Unused","Reserved Instance",NULL,NULL,NULL,NULL,35.802684,0.1306,32.93846928,"AWS","INV-202409-52976","AWS",51.127109999999995,0.1865,"Dynamic","USD",274.14,"Hours","AWS","AWS","ap-southeast-2","Asia Pacific (Sydney)","arn:aws:ec2:ap-southeast-2:123456789012:instance/i-00ab0bb73861",NULL,"Database Instance","Databases","Amazon Relational Database Service","AWS","H7M70R78MYI00F0M","Amazon Relational Database Service Hours",NULL,"Y24E33UL0TLYGWR8.388FQGIQ","438839167390","Zenith Eclipse","BillingAccount","{""application"": ""BrightSourceCore"", ""business_unit"": ""LisbonOps"", ""team"": ""platform""}",NULL,NULL,"Usage-Based","Relational Databases",0.1306,32.93846928,0.1865,NULL,NULL
"AllocatedMethodId-6010","AllocatedResourceId-6218","AllocatedResourceName-5861","{}",107.4713115,"123456789012","SunBird","BillingAccount","USD","2024-10-01T00:00:00Z","2024-09-01T00:00:00Z",NULL,NULL,"Usage",NULL,"Amazon Relational Database Service Database Instance in US East (N. Virginia)","2024-09-21T04:00:00Z","2024-09-21T03:00:00Z","Usage","cd-878881","commit-8881",NULL,"Unused","Savings Plan",NULL,NULL,NULL,NULL,115.56055,0.7175,107.4713115,"AWS","INV-202409-41706","AWS",131.312218,0.8153,"Standard","USD",161.06,"Hours","AWS","AWS","us-east-1","US East (N. Virginia)","arn:aws:ec2:us-east-1:123456789012:instance/i-009d7be52fcd",NULL,"Database Instance","Databases","Amazon Relational Database Service","AWS","3D2RFTKBGPR8TN9L","Amazon Relational Database Service Hours",NULL,"8ETBSYLT481MW2LN.0K4OOD6A","663626350770","Zenith Apollo","BillingAccount","{""environment"": ""prod""}",NULL,NULL,"Usage-Based","Relational Databases",0.7175,107.4713115,0.8153,NULL,NULL
"AllocatedMethodId-6642","AllocatedResourceId-7986","AllocatedResourceName-7262","{}",949.64653056,"01ABCD-2345EF-6789GH","Helios Labs","BillingAccount","USD","2024-10-01T00:00:00Z","2024-09-01T00:00:00Z",NULL,NULL,"Usage",NULL,"BigQuery Dataset in Singapore","2024-09-08T15:00:00Z","2024-09-08T14:00:00Z",NULL,NULL,NULL,NULL,NULL,NULL,NULL,432.6400000000,"GiB",NULL,1130.531584,2.6131,949.64653056,"Google","INV-202409-19659","Google",1284.681216,2.9694,"Standard","USD",432.64,"GiB","Google","Google","asia-southeast1","Singapore","//compute.googleapis.com/projects/Helios Labs/zones/asia-southeast1-a/instances/inst-4942",NULL,"Dataset","Analytics","BigQuery","Google","D4AE6RZ20E3BXHFC","BigQuery GiB",NULL,"NWZKU4ZIEDCJ7BW3.VXBBDQTR","proj-helios-prod","helios-prod","BillingAccount",NULL,NULL,"asia-southeast1-c","Usage-Based","Data Warehouses",2.6131,949.64653056,2.9694,NULL,NULL
"AllocatedMethodId-5682","AllocatedResourceId-8163","AllocatedResourceName-6644","{}",135.67078381,"8a93b2c1-1234-4abc-9def-0123456789ab","Contoso Cloud","BillingProfile","USD","2024-10-01T00:00:00Z","2024-09-01T00:00:00Z",NULL,NULL,"Usage",NULL,"Virtual Machines Virtual Machine in Southeast Asia","2024-09-20T04:00:00Z","2024-09-20T03:00:00Z","Spend","cd-434827","commit-4827",NULL,"Used","Committed Use Discount",NULL,77.3900000000,"Hours",NULL,222.41112099999998,2.8739,135.67078381,"Microsoft","INV-202409-72423","Microsoft",342.172146,4.4214,"Dynamic","USD",77.39,"Hours","Microsoft","Microsoft","southeastasia","Southeast Asia","/subscriptions/8a93b2c1-1234-4abc-9def-0123456789ab/resourceGroups/rg-313/providers/Microsoft.Compute/virtualMachines/vm-3314",NULL,"Virtual Machine","Compute","Virtual Machines","Microsoft","4ZB3LANJR7MJO34X","Virtual Machines Hours",NULL,"054RYY8UNLRHS6SJ.0969C52W","sub-4d3e","Sandbox","BillingProfile","{""business_unit"": ""MarseilleSRE""}",NULL,"eastus-1","Usage-Based","Virtual Machines",2.8739,135.67078381,4.4214,NULL,NULL
"AllocatedMethodId-5632","AllocatedResourceId-3862","AllocatedResourceName-1150","{}",231.2953657,"01ABCD-2345EF-6789GH","Helios Labs","BillingAccount","USD","2024-10-01T00:00:00Z","2024-09-01T00:00:00Z",NULL,NULL,"Usage",NULL,"Cloud Load Balancing Forwarding Rule in Northern Virginia","2024-09-17T20:00:00Z","2024-09-17T19:00:00Z",NULL,NULL,NULL,NULL,NULL,NULL,NULL,290.8900000000,"Hours",NULL,330.421951,1.1359,231.2953657,"Google","INV-202409-67421","Google",402.96991699999995,1.3853,"Other","USD",290.89,"Hours","Google","Google","us-east4","Northern Virginia","//compute.googleapis.com/projects/Helios Labs/zones/us-east4-a/instances/inst-4135",NULL,"Forwarding Rule","Networking","Cloud Load Balancing","Google","NUGF9347ZPQERS94","Cloud Load Balancing Hours",NULL,"52T20M2EBME782L5.50D0867Y","proj-helios-dev","helios-dev","BillingAccount","{""cost_center"": ""CC-1001"", ""owner"": ""a.turing"", ""business_unit"": ""OsloData""}",NULL,"asia-southeast1-c","Usage-Based","Application Networking",1.1359,231.2953657,1.3853,NULL,NULL
"AllocatedMethodId-5308","AllocatedResourceId-7321","AllocatedResourceName-7128","{}",212.2548393,"01ABCD-2345EF-6789GH","Helios Labs","BillingAccount","USD","2024-10-01T00:00:00Z","2024-09-01T00:00:00Z",NULL,NULL,"Usage",NULL,"Cloud Load Balancing Forwarding Rule in Iowa","2024-09-21T02:00:00Z","2024-09-21T01:00:00Z",NULL,NULL,NULL,NULL,NULL,NULL,NULL,87.7300000000,"Hours",NULL,303.221199,3.4563,212.2548393,"Google","INV-202409-27527","Google",360.97385800000006,4.1146,"Dynamic","USD",87.73,"Hours","Google","Google","us-central1","Iowa","//compute.googleapis.com/projects/Helios Labs/zones/us-central1-a/instances/inst-1284",NULL,"Forwarding Rule","Networking","Cloud Load Balancing","Google","HWOFIESEO7I64D81","Cloud Load Balancing Hours",NULL,"61UGQ10DG5AWP03C.GVXKLYTE","proj-helios-dev","helios-dev","BillingAccount",NULL,NULL,NULL,"Usage-Based","Application Networking",3.4563,212.2548393,4.1146,NULL,NULL
"AllocatedMethodId-9404","AllocatedResourceId-1162","AllocatedResourceName-9591","{}",135.82932264,"01ABCD-2345EF-6789GH","Helios Labs","BillingAccount","USD","2024-10-01T00:00:00Z","2024-09-01T00:00:00Z",NULL,NULL,"Usage",NULL,"Cloud Storage Bucket in Singapore","2024-09-24T23:00:00Z","2024-09-24T22:00:00Z",NULL,NULL,NULL,NULL,NULL,NULL,NULL,459.7900000000,"GiB",NULL,205.802004,0.4476,135.82932264,"Google","INV-202409-87020","Google",263.827502,0.5738,"Standard","USD",459.79,"GiB","Google","Google","asia-southeast1","Singapore","//compute.googleapis.com/projects/Helios Labs/zones/asia-southeast1-a/instances/inst-8510",NULL,"Bucket","Storage","Cloud Storage","Google","HFNF6DDJFR7DC8Q2","Cloud Storage GiB",NULL,"UVX25PSNJ9LOEMIE.9P0YQ7PW","proj-helios-dev","helios-dev","BillingAccount",NULL,NULL,NULL,"Usage-Based","Object Storage",0.4476,135.82932264,0.5738,NULL,NULL
"AllocatedMethodId-1725","AllocatedResourceId-9448","AllocatedResourceName-2508","{}",613.97372652,"01ABCD-2345EF-6789GH","Helios Labs","BillingAccount","USD","2024-10-01T00:00:00Z","2024-09-01T00:00:00Z",NULL,NULL,"Usage",NULL,"BigQuery Dataset in Northern Virginia","2024-09-06T22:00:00Z","2024-09-06T21:00:00Z",NULL,NULL,NULL,NULL,NULL,NULL,NULL,446.2800000000,"GiB",NULL,797.368476,1.7867,613.97372652,"Google","INV-202409-99846","Google",1139.0850719999999,2.5524,"Dynamic","USD",446.28,"GiB","Google","Google","us-east4","Northern Virginia","//compute.googleapis.com/projects/Helios Labs/zones/us-east4-a/instances/inst-5441",NULL,"Dataset","Analytics","BigQuery","Google","7RW8BDYZBT37MD0J","BigQuery GiB",NULL,"1SZV6895LRRTYPFJ.7RICL3TP","proj-helios-prod","helios-prod","BillingAccount","{""team"": ""platform""}",NULL,NULL,"Usage-Based","Data Warehouses",1.7867,613.97372652,2.5524,NULL,NULL
"AllocatedMethodId-4576","AllocatedResourceId-4800","AllocatedResourceName-9925","{}",18.0226926,"123456789012","SunBird","BillingAccount","USD","2024-10-01T00:00:00Z","2024-09-01T00:00:00Z",NULL,NULL,"Adjustment",NULL,"Amazon Simple Storage Service Bucket in US West (Oregon)","2024-09-08T19:00:00Z","2024-09-08T18:00:00Z",NULL,NULL,NULL,NULL,NULL,NULL,NULL,NULL,NULL,NULL,24.354989999999997,0.5055,18.0226926,"AWS","INV-202409-28393","AWS",33.36465,0.6925,"Other","USD",48.18,"GB","AWS","AWS","us-west-2","US West (Oregon)",NULL,NULL,NULL,"Storage","Amazon Simple Storage Service","AWS","GYVKO5AA8254XEDC","Amazon Simple Storage Service GB",NULL,"NLK1B4PS36SPK13Q.8T1ROEDN","517389287820","Atlas Nimbus","BillingAccount","{""business_unit"": ""OsloData""}",NULL,NULL,"One-Time","Object Storage",0.5055,18.0226926,0.6925,NULL,NULL
"AllocatedMethodId-4455","AllocatedResourceId-2918","AllocatedResourceName-1679","{}",240.90590435,"01ABCD-2345EF-6789GH","Helios Labs","BillingAccount","USD","2024-10-01T00:00:00Z","2024-09-01T00:00:00Z",NULL,NULL,"Usage",NULL,"Cloud SQL Database Instance in Belgium","2024-09-19T14:00:00Z","2024-09-19T13:00:00Z",NULL,NULL,NULL,NULL,NULL,NULL,NULL,177.7700000000,"Hours",NULL,283.41871100000003,1.5943,240.90590435,"Google","INV-202409-73761","Google",304.751111,1.7143,"Other","USD",177.77,"Hours","Google","Google","europe-west1","Belgium","//compute.googleapis.com/projects/Helios Labs/zones/europe-west1-a/instances/inst-5189",NULL,"Database Instance","Databases","Cloud SQL","Google","FJWX667MKNB48HRH","Cloud SQL Hours",NULL,"IV3B02D35LTQVT4U.2EGOHX07","proj-helios-dev","helios-dev","BillingAccount","{""cost_center"": ""CC-2042"", ""owner"": ""g.hopper""}",NULL,"us-central1-a","Usage-Based","Relational Databases",1.5943,240.90590435,1.7143,NULL,NULL
"AllocatedMethodId-7783","AllocatedResourceId-3351","AllocatedResourceName-4095","{}",868.164143,"8a93b2c1-1234-4abc-9def-0123456789ab","Contoso Cloud","BillingProfile","USD","2024-10-01T00:00:00Z","2024-09-01T00:00:00Z",NULL,NULL,"Usage",NULL,"Azure SQL Database SQL Database in West Europe","2024-09-13T15:00:00Z","2024-09-13T14:00:00Z",NULL,NULL,NULL,NULL,NULL,NULL,NULL,443.0200000000,"Hours",NULL,1127.4859,2.5450,868.164143,"Microsoft","INV-202409-55284","Microsoft",1266.81569,2.8595,"Dynamic","USD",443.02,"Hours","Microsoft","Microsoft","westeurope","West Europe","/subscriptions/8a93b2c1-1234-4abc-9def-0123456789ab/resourceGroups/rg-134/providers/Microsoft.Compute/virtualMachines/vm-4597",NULL,"SQL Database","Databases","Azure SQL Database","Microsoft","4IYML4WCL5EJYTLH","Azure SQL Database Hours",NULL,"ALP92K79B5P10T5C.YUAHZROP","sub-2b7c","Staging","BillingProfile","{""application"": ""BrightSourceCore"", ""owner"": ""k.johnson"", ""cost_center"": ""CC-3090""}",NULL,NULL,"Usage-Based","Relational Databases",2.5450,868.164143,2.8595,NULL,NULL
"AllocatedMethodId-2984","AllocatedResourceId-7958","AllocatedResourceName-1325","{}",311.1197076,"01ABCD-2345EF-6789GH","Helios Labs","BillingAccount","USD","2024-10-01T00:00:00Z","2024-09-01T00:00:00Z",NULL,NULL,"Usage",NULL,"Compute Engine VM Instance in Belgium","2024-09-04T08:00:00Z","2024-09-04T07:00:00Z","Spend","cd-246805","commit-6805",NULL,"Used","Reserved Instance",NULL,235.8000000000,"Hours",NULL,501.80598,2.1281,311.1197076,"Google","INV-202409-35802","Google",809.35992,3.4324,"Committed","USD",235.80,"Hours","Google","Google","europe-west1","Belgium","//compute.googleapis.com/projects/Helios Labs/zones/europe-west1-a/instances/inst-2277",NULL,"VM Instance","Compute","Compute Engine","Google","WYD77BS1YE2HAFS4","Compute Engine Hours",NULL,"8LQ3WGH5MCZ0UDZ6.76X31CL3","proj-helios-prod","helios-prod","BillingAccount","{""owner"": ""g.hopper""}",NULL,"asia-southeast1-c","Usage-Based","Virtual Machines",2.1281,311.1197076,3.4324,NULL,NULL
"AllocatedMethodId-9883","AllocatedResourceId-4653","AllocatedResourceName-4656","{}",12.9410138,"8a93b2c1-1234-4abc-9def-0123456789ab","Contoso Cloud","BillingProfile","USD","2024-10-01T00:00:00Z","2024-09-01T00:00:00Z",NULL,NULL,"Usage",NULL,"Azure SQL Database SQL Database in East US","2024-09-30T10:00:00Z","2024-09-30T09:00:00Z",NULL,NULL,NULL,NULL,NULL,NULL,NULL,7.8100000000,"Hours",NULL,19.909252,2.5492,12.9410138,"Microsoft","INV-202409-52613","Microsoft",32.111596,4.1116,"Standard","USD",7.81,"Hours","Microsoft","Microsoft","eastus","East US","/subscriptions/8a93b2c1-1234-4abc-9def-0123456789ab/resourceGroups/rg-18/providers/Microsoft.Compute/virtualMachines/vm-6871",NULL,"SQL Database","Databases","Azure SQL Database","Microsoft","1QU1TY80Y3ZQ0HRK","Azure SQL Database Hours",NULL,"6TABAAHN2QM26R5G.B4P6LMLJ","sub-9a1f","Production","BillingProfile","{""owner"": ""k.johnson""}",NULL,"westeurope-2","Usage-Based","Relational Databases",2.5492,12.9410138,4.1116,NULL,NULL
"AllocatedMethodId-3225","AllocatedResourceId-4155","AllocatedResourceName-9047","{}",28.890768,"ocid1.tenancy.oc1..aaaa1234","Meridian OCI","Tenancy","USD","2024-10-01T00:00:00Z","2024-09-01T00:00:00Z",NULL,NULL,"Credit",NULL,"Oracle Functions Function in US East (Ashburn)","2024-09-09T23:00:00Z","2024-09-09T22:00:00Z",NULL,NULL,NULL,NULL,NULL,NULL,NULL,NULL,NULL,NULL,36.113459999999996,1.6260,28.890768,"Oracle","INV-202409-39277","Oracle",38.014636,1.7116,"Standard","USD",22.21,"Invocations","Oracle","Oracle","us-ashburn-1","US East (Ashburn)",NULL,NULL,NULL,"Compute","Oracle Functions","Oracle","CBWFH7YKR5PNNT6F","Oracle Functions Invocations",NULL,"SDIZYOFUWW7DB64X.5V3VGNH6","ocid1.compartment.oc1..prod","production","Tenancy","{""team"": ""platform"", ""application"": ""BrightLensMatrix""}",NULL,NULL,"One-Time","Serverless Compute",1.6260,28.890768,1.7116,NULL,NULL
"AllocatedMethodId-7360","AllocatedResourceId-1175","AllocatedResourceName-6888","{}",63.5592373,"123456789012","SunBird","BillingAccount","USD","2024-10-01T00:00:00Z","2024-09-01T00:00:00Z",NULL,NULL,"Usage",NULL,"AWS Lambda Function in Europe (Ireland)","2024-09-11T23:00:00Z","2024-09-11T22:00:00Z",NULL,NULL,NULL,NULL,NULL,NULL,NULL,159.8500000000,"Requests",NULL,77.511265,0.4849,63.5592373,"AWS","INV-202409-66840","AWS",84.256935,0.5271,"Other","USD",159.85,"Requests","AWS","AWS","eu-west-1","Europe (Ireland)","arn:aws:ec2:eu-west-1:123456789012:instance/i-005f05ddf728",NULL,"Function","Compute","AWS Lambda","AWS","U3CE42PO5CED1XMZ","AWS Lambda Requests",NULL,"CWS5FL4OFC8JYK43.U0A1BTH6","438839167390","Zenith Eclipse","BillingAccount","{""business_unit"": ""MarseilleSRE"", ""application"": ""BrightSourceCore"", ""owner"": ""g.hopper""}",NULL,NULL,"Usage-Based","Serverless Compute",0.4849,63.5592373,0.5271,NULL,NULL
"AllocatedMethodId-2587","AllocatedResourceId-1642","AllocatedResourceName-9305","{}",678.82922577,"ocid1.tenancy.oc1..aaaa1234","Meridian OCI","Tenancy","USD","2024-10-01T00:00:00Z","2024-09-01T00:00:00Z",NULL,NULL,"Usage",NULL,"Oracle Functions Function in US East (Ashburn)","2024-09-24T18:00:00Z","2024-09-24T17:00:00Z",NULL,NULL,NULL,NULL,NULL,NULL,NULL,431.7700000000,"Invocations",NULL,929.903049,2.1537,678.82922577,"Oracle","INV-202409-47990","Oracle",1524.450339,3.5307,"Standard","USD",431.77,"Invocations","Oracle","Oracle","us-ashburn-1","US East (Ashburn)","ocid1.instance.oc1.us-ashburn-1.00337b35f917",NULL,"Function","Compute","Oracle Functions","Oracle","QI60G7ZH4UZ81NQU","Oracle Functions Invocations",NULL,"RYRKLB0JVV7PDAMW.8D93XZPQ","ocid1.compartment.oc1..prod","production","Tenancy","{""environment"": ""staging"", ""application"": ""BrightSourceCore"", ""team"": ""payments""}",NULL,NULL,"Usage-Based","Serverless Compute",2.1537,678.82922577,3.5307,NULL,NULL
"AllocatedMethodId-4912","AllocatedResourceId-1966","AllocatedResourceName-3760","{}",644.92045178,"01ABCD-2345EF-6789GH","Helios Labs","BillingAccount","USD","2024-10-01T00:00:00Z","2024-09-01T00:00:00Z",NULL,NULL,"Usage",NULL,"Cloud Storage Bucket in Singapore","2024-09-04T16:00:00Z","2024-09-04T15:00:00Z",NULL,NULL,NULL,NULL,NULL,NULL,NULL,220.3300000000,"GiB",NULL,686.085587,3.1139,644.92045178,"Google","INV-202409-39840","Google",1089.0250910000002,4.9427,"Standard","USD",220.33,"GiB","Google","Google","asia-southeast1","Singapore","//compute.googleapis.com/projects/Helios Labs/zones/asia-southeast1-a/instances/inst-4622",NULL,"Bucket","Storage","Cloud Storage","Google","MI6F9FY4F52GHAOS","Cloud Storage GiB",NULL,"CLD5O1E5TU3QG4E6.R7ABDBAF","proj-helios-prod","helios-prod","BillingAccount","{""business_unit"": ""ViennaAI""}",NULL,"asia-southeast1-c","Usage-Based","Object Storage",3.1139,644.92045178,4.9427,NULL,NULL
"AllocatedMethodId-3221","AllocatedResourceId-7176","AllocatedResourceName-7605","{}",792.61984512,"123456789012","SunBird","BillingAccount","USD","2024-10-01T00:00:00Z","2024-09-01T00:00:00Z",NULL,NULL,"Usage",NULL,"Amazon Relational Database Service Database Instance in US East (N. Virginia)","2024-09-01T09:00:00Z","2024-09-01T08:00:00Z",NULL,NULL,NULL,NULL,NULL,NULL,NULL,417.3300000000,"Hours",NULL,1238.468508,2.9676,792.61984512,"AWS","INV-202409-19238","AWS",1608.3898199999999,3.8540,"Standard","USD",417.33,"Hours","AWS","AWS","us-east-1","US East (N. Virginia)","arn:aws:ec2:us-east-1:123456789012:instance/i-0089ed9c3400",NULL,"Database Instance","Databases","Amazon Relational Database Service","AWS","0SUYE7T19GX8MNZV","Amazon Relational Database Service Hours",NULL,"2T5CGS63HLA6OO7I.YW1H48Y8","438839167390","Zenith Eclipse","BillingAccount","{""application"": ""NimbusAPI"", ""cost_center"": ""CC-2042"", ""environment"": ""dev""}",NULL,"us-west-2b","Usage-Based","Relational Databases",2.9676,792.61984512,3.8540,NULL,NULL
"AllocatedMethodId-5284","AllocatedResourceId-7596","AllocatedResourceName-1049","{}",920.9176405,"ocid1.tenancy.oc1..aaaa1234","Meridian OCI","Tenancy","USD","2024-10-01T00:00:00Z","2024-09-01T00:00:00Z",NULL,NULL,"Credit",NULL,"Oracle Load Balancer Load Balancer in Australia East (Sydney)","2024-09-17T11:00:00Z","2024-09-17T10:00:00Z","Spend","cd-806799","commit-6799",NULL,"Unused","Committed Use Discount",NULL,NULL,NULL,NULL,969.3869899999999,2.2226,920.9176405,"Oracle","INV-202409-58245","Oracle",1589.15614,3.6436,"Committed","USD",436.15,"Hours","Oracle","Oracle","ap-sydney-1","Australia East (Sydney)",NULL,NULL,NULL,"Networking","Oracle Load Balancer","Oracle","X22U3514N6BC3UC0","Oracle Load Balancer Hours",NULL,"7IMP4POPR3SFL159.6ZV2D2P8","ocid1.compartment.oc1..prod","production","Tenancy","{""business_unit"": ""OsloData"", ""team"": ""infra""}",NULL,NULL,"One-Time","Application Networking",2.2226,920.9176405,3.6436,NULL,NULL
"AllocatedMethodId-7922","AllocatedResourceId-7122","AllocatedResourceName-1770","{}",1.50387678,"01ABCD-2345EF-6789GH","Helios Labs","BillingAccount","USD","2024-10-01T00:00:00Z","2024-09-01T00:00:00Z",NULL,NULL,"Usage",NULL,"Cloud Storage Bucket in Iowa","2024-09-10T00:00:00Z","2024-09-09T23:00:00Z",NULL,NULL,NULL,NULL,NULL,NULL,NULL,1.5300000000,"GiB",NULL,1.728594,1.1298,1.50387678,"Google","INV-202409-36481","Google",2.541942,1.6614,"Standard","USD",1.53,"GiB","Google","Google","us-central1","Iowa","//compute.googleapis.com/projects/Helios Labs/zones/us-central1-a/instances/inst-6241",NULL,"Bucket","Storage","Cloud Storage","Google","ND678N5C2EA0IMFW","Cloud Storage GiB",NULL,"SOTSF5T3A8S8Z5HH.2KS7UYPQ","proj-helios-dev","helios-dev","BillingAccount","{""cost_center"": ""CC-3090"", ""application"": ""BrightSourceCore"", ""environment"": ""staging""}",NULL,"europe-west1-b","Usage-Based","Object Storage",1.1298,1.50387678,1.6614,NULL,NULL
"AllocatedMethodId-9068","AllocatedResourceId-1930","AllocatedResourceName-2365","{}",361.38089232,"01ABCD-2345EF-6789GH","Helios Labs","BillingAccount","USD","2024-10-01T00:00:00Z","2024-09-01T00:00:00Z",NULL,NULL,"Tax",NULL,"Tax charge in Northern Virginia","2024-09-27T23:00:00Z","2024-09-27T22:00:00Z",NULL,NULL,NULL,NULL,NULL,NULL,NULL,NULL,NULL,NULL,89.0407960000,NULL,361.38089232,"Google","INV-202409-97127","Google",24.6592060000,NULL,NULL,"USD",NULL,NULL,"Google","Google",NULL,NULL,NULL,NULL,NULL,"Other","Tax","Google",NULL,NULL,NULL,NULL,"proj-helios-prod","helios-prod","BillingAccount",NULL,NULL,NULL,"One-Time","Other (Security)",NULL,361.38089232,NULL,NULL,NULL
"AllocatedMethodId-7728","AllocatedResourceId-7654","AllocatedResourceName-4168","{}",43.3100304,"123456789012","SunBird","BillingAccount","USD","2024-10-01T00:00:00Z","2024-09-01T00:00:00Z",NULL,NULL,"Usage",NULL,"Amazon Relational Database Service Database Instance in Asia Pacific (Sydney)","2024-09-20T04:00:00Z","2024-09-20T03:00:00Z","Usage","cd-924217","commit-4217",NULL,"Used","Committed Use Discount",NULL,38.3200000000,"Hours",NULL,72.183384,1.8837,43.3100304,"AWS","INV-202409-55736","AWS",89.11316,2.3255,"Committed","USD",38.32,"Hours","AWS","AWS","ap-southeast-2","Asia Pacific (Sydney)","arn:aws:ec2:ap-southeast-2:123456789012:instance/i-00b3264401fc",NULL,"Database Instance","Databases","Amazon Relational Database Service","AWS","9BJLFPG9ZCUCMTYG","Amazon Relational Database Service Hours",NULL,"F4PSF4QFR0WXTUFL.PNVXE0TF","438839167390","Zenith Eclipse","BillingAccount","{""team"": ""platform""}",NULL,NULL,"Usage-Based","Relational Databases",1.8837,43.3100304,2.3255,NULL,NULL
"AllocatedMethodId-7619","AllocatedResourceId-6963","AllocatedResourceName-2610","{}",237.40879266,"123456789012","SunBird","BillingAccount","USD","2024-10-01T00:00:00Z","2024-09-01T00:00:00Z",NULL,NULL,"Usage",NULL,"AWS Lambda Function in US West (Oregon)","2024-09-09T13:00:00Z","2024-09-09T12:00:00Z",NULL,NULL,NULL,NULL,NULL,NULL,NULL,153.8700000000,"Requests",NULL,304.370247,1.9781,237.40879266,"AWS","INV-202409-93490","AWS",307.447647,1.9981,"Other","USD",153.87,"Requests","AWS","AWS","us-west-2","US West (Oregon)","arn:aws:ec2:us-west-2:123456789012:instance/i-0074b23fc5e4",NULL,"Function","Compute","AWS Lambda","AWS","OZQ3BZ11456GNQET","AWS Lambda Requests",NULL,"VJRR91REUNWBBQMW.E7RCYNJQ","438839167390","Zenith Eclipse","BillingAccount","{""business_unit"": ""ViennaAI""}",NULL,"us-east-1a","Usage-Based","Serverless Compute",1.9781,237.40879266,1.9981,NULL,NULL
"AllocatedMethodId-2899","AllocatedResourceId-7790","AllocatedResourceName-9091","{}",1025.96590922,"8a93b2c1-1234-4abc-9def-0123456789ab","Contoso Cloud","BillingProfile","USD","2024-10-01T00:00:00Z","2024-09-01T00:00:00Z",NULL,NULL,"Usage",NULL,"Azure Blob Storage Storage Account in UK South","2024-09-03T03:00:00Z","2024-09-03T02:00:00Z",NULL,NULL,NULL,NULL,NULL,NULL,NULL,291.4300000000,"GB",NULL,1046.903989,3.5923,1025.96590922,"Microsoft","INV-202409-57717","Microsoft",1261.338183,4.3281,"Other","USD",291.43,"GB","Microsoft","Microsoft","uksouth","UK South","/subscriptions/8a93b2c1-1234-4abc-9def-0123456789ab/resourceGroups/rg-751/providers/Microsoft.Compute/virtualMachines/vm-7531",NULL,"Storage Account","Storage","Azure Blob Storage","Microsoft","9GKBXDGYNPJPZIUO","Azure Blob Storage GB",NULL,"I91X5HHKSGI6NAB1.LP8H6NKR","sub-9a1f","Production","BillingProfile","{""cost_center"": ""CC-2042""}",NULL,NULL,"Usage-Based","Object Storage",3.5923,1025.96590922,4.3281,NULL,NULL
"AllocatedMethodId-7150","AllocatedResourceId-3132","AllocatedResourceName-8998","{}",11.851125999999999,"123456789012","SunBird","BillingAccount","USD","2024-10-01T00:00:00Z","2024-09-01T00:00:00Z",NULL,NULL,"Purchase",NULL,"Amazon Simple Queue Service Queue in Asia Pacific (Sydney)","2024-09-06T06:00:00Z","2024-09-06T05:00:00Z",NULL,NULL,NULL,NULL,NULL,NULL,NULL,NULL,NULL,NULL,11.851125999999999,3.0079,0,"AWS","INV-202409-35505","AWS",12.217546,3.1009,"Dynamic","USD",3.94,"Requests","AWS","AWS","ap-southeast-2","Asia Pacific (Sydney)","arn:aws:ec2:ap-southeast-2:123456789012:instance/i-0036d91ac71f",NULL,"Queue","Integration","Amazon Simple Queue Service","AWS","PNXNFXPW1K83ITWB","Amazon Simple Queue Service Requests",NULL,"RBQGR25F19K88LE8.ISSY9KGZ","438839167390","Zenith Eclipse","BillingAccount","{""environment"": ""dev""}",NULL,NULL,"Recurring","Messaging",3.0079,0,3.1009,NULL,NULL
"AllocatedMethodId-3893","AllocatedResourceId-5042","AllocatedResourceName-3100","{}",638.5407349999999,"123456789012","SunBird","BillingAccount","USD","2024-10-01T00:00:00Z","2024-09-01T00:00:00Z",NULL,NULL,"Purchase",NULL,"Amazon Simple Storage Service Bucket in Asia Pacific (Sydney)","2024-09-13T04:00:00Z","2024-09-13T03:00:00Z",NULL,NULL,NULL,NULL,NULL,NULL,NULL,NULL,NULL,NULL,638.5407349999999,1.9985,0,"AWS","INV-202409-38433","AWS",701.6759109999999,2.1961,"Other","USD",319.51,"GB","AWS","AWS","ap-southeast-2","Asia Pacific (Sydney)","arn:aws:ec2:ap-southeast-2:123456789012:instance/i-008a7ba6eed1",NULL,"Bucket","Storage","Amazon Simple Storage Service","AWS","9NZ6FKVQGSVI758R","Amazon Simple Storage Service GB",NULL,"4WARQ3SF21TNRREA.W3TCYULW","663626350770","Zenith Apollo","BillingAccount","{""business_unit"": ""MarseilleSRE""}",NULL,NULL,"Recurring","Object Storage",1.9985,0,2.1961,NULL,NULL
"AllocatedMethodId-3876","AllocatedResourceId-1349","AllocatedResourceName-8764","{}",497.2512375,"01ABCD-2345EF-6789GH","Helios Labs","BillingAccount","USD","2024-10-01T00:00:00Z","2024-09-01T00:00:00Z",NULL,NULL,"Credit",NULL,"Cloud SQL Database Instance in Singapore","2024-09-12T21:00:00Z","2024-09-12T20:00:00Z","Usage","cd-783768","commit-3768",NULL,"Unused","Savings Plan",NULL,NULL,NULL,NULL,552.501375,1.1625,497.2512375,"Google","INV-202409-76678","Google",877.015731,1.8453,"Committed","USD",475.27,"Hours","Google","Google","asia-southeast1","Singapore",NULL,NULL,NULL,"Databases","Cloud SQL","Google","2B11LWAG1LLBTM22","Cloud SQL Hours",NULL,"HQS94KS7QI1HWL7P.AU19ID9D","proj-helios-prod","helios-prod","BillingAccount","{""team"": ""platform"", ""environment"": ""staging""}",NULL,NULL,"One-Time","Relational Databases",1.1625,497.2512375,1.8453,NULL,NULL
"AllocatedMethodId-8883","AllocatedResourceId-9751","AllocatedResourceName-2705","{}",34.64452096,"123456789012","SunBird","BillingAccount","USD","2024-10-01T00:00:00Z","2024-09-01T00:00:00Z",NULL,NULL,"Usage",NULL,"Elastic Load Balancing Load Balancer in US West (Oregon)","2024-09-02T13:00:00Z","2024-09-02T12:00:00Z",NULL,NULL,NULL,NULL,NULL,NULL,NULL,88.4800000000,"LCU-Hours",NULL,37.657088,0.4256,34.64452096,"AWS","INV-202409-40536","AWS",50.893696000000006,0.5752,"Standard","USD",88.48,"LCU-Hours","AWS","AWS","us-west-2","US West (Oregon)","arn:aws:ec2:us-west-2:123456789012:instance/i-0059f6388e8c",NULL,"Load Balancer","Networking","Elastic Load Balancing","AWS","5FNDK5IAKUFBAKK4","Elastic Load Balancing LCU-Hours",NULL,"9IX367PVQNK1COLK.TD9A34CA","517389287820","Atlas Nimbus","BillingAccount",NULL,NULL,NULL,"Usage-Based","Application Networking",0.4256,34.64452096,0.5752,NULL,NULL
"AllocatedMethodId-9032","AllocatedResourceId-2219","AllocatedResourceName-6492","{}",253.219608,"ocid1.tenancy.oc1..aaaa1234","Meridian OCI","Tenancy","USD","2024-10-01T00:00:00Z","2024-09-01T00:00:00Z",NULL,NULL,"Usage",NULL,"Oracle Compute Instance in UK South (London)","2024-09-17T05:00:00Z","2024-09-17T04:00:00Z",NULL,NULL,NULL,NULL,NULL,NULL,NULL,190.6200000000,"Hours",NULL,308.80440000000004,1.6200,253.219608,"Oracle","INV-202409-92406","Oracle",482.516406,2.5313,"Standard","USD",190.62,"Hours","Oracle","Oracle","uk-london-1","UK South (London)","ocid1.instance.oc1.uk-london-1.002ca4263988",NULL,"Instance","Compute","Oracle Compute","Oracle","LI60YCB3SRHG2HXD","Oracle Compute Hours",NULL,"PZS65P4IWBGJU16R.7NROI281","ocid1.compartment.oc1..prod","production","Tenancy","{""owner"": ""a.lovelace""}",NULL,NULL,"Usage-Based","Virtual Machines",1.6200,253.219608,2.5313,NULL,NULL
"AllocatedMethodId-6537","AllocatedResourceId-5207","AllocatedResourceName-2878","{}",458.12681744,"01ABCD-2345EF-6789GH","Helios Labs","BillingAccount","USD","2024-10-01T00:00:00Z","2024-09-01T00:00:00Z",NULL,NULL,"Usage",NULL,"Cloud Load Balancing Forwarding Rule in Belgium","2024-09-29T18:00:00Z","2024-09-29T17:00:00Z","Usage","cd-416690","commit-6690",NULL,"Unused","Committed Use Discount",NULL,NULL,NULL,NULL,497.963932,1.3124,458.12681744,"Google","INV-202409-75565","Google",614.7524860000001,1.6202,"Committed","USD",379.43,"Hours","Google","Google","europe-west1","Belgium","//compute.googleapis.com/projects/Helios Labs/zones/europe-west1-a/instances/inst-9445",NULL,"Forwarding Rule","Networking","Cloud Load Balancing","Google","FDOXMOZOWJH4LMRA","Cloud Load Balancing Hours",NULL,"VFXU8810PHRO83DY.HEVTJHH7","proj-helios-dev","helios-dev","BillingAccount",NULL,NULL,"us-central1-a","Usage-Based","Application Networking",1.3124,458.12681744,1.6202,NULL,NULL
"AllocatedMethodId-5646","AllocatedResourceId-5469","AllocatedResourceName-1809","{}",122.280786,"8a93b2c1-1234-4abc-9def-0123456789ab","Contoso Cloud","BillingProfile","USD","2024-10-01T00:00:00Z","2024-09-01T00:00:00Z",NULL,NULL,"Usage",NULL,"Azure Load Balancer Load Balancer in UK South","2024-09-29T16:00:00Z","2024-09-29T15:00:00Z","Spend","cd-333862","commit-3862",NULL,"Unused","Reserved Instance",NULL,NULL,NULL,NULL,169.834425,1.6545,122.280786,"Microsoft","INV-202409-13751","Microsoft",202.17944,1.9696,"Dynamic","USD",102.65,"Hours","Microsoft","Microsoft","uksouth","UK South","/subscriptions/8a93b2c1-1234-4abc-9def-0123456789ab/resourceGroups/rg-839/providers/Microsoft.Compute/virtualMachines/vm-5327",NULL,"Load Balancer","Networking","Azure Load Balancer","Microsoft","DHGA0P9KLRRPKYWQ","Azure Load Balancer Hours",NULL,"UF66H56VUE2HWSPZ.9CNRXQ8N","sub-2b7c","Staging","BillingProfile","{""owner"": ""a.lovelace""}",NULL,NULL,"Usage-Based","Application Networking",1.6545,122.280786,1.9696,NULL,NULL
"AllocatedMethodId-4083","AllocatedResourceId-2394","AllocatedResourceName-9605","{}",78.04736142,"123456789012","SunBird","BillingAccount","USD","2024-10-01T00:00:00Z","2024-09-01T00:00:00Z",NULL,NULL,"Usage",NULL,"Elastic Load Balancing Load Balancer in US East (N. Virginia)","2024-09-01T06:00:00Z","2024-09-01T05:00:00Z",NULL,NULL,NULL,NULL,NULL,NULL,NULL,306.6200000000,"LCU-Hours",NULL,113.11211800000001,0.3689,78.04736142,"AWS","INV-202409-87850","AWS",143.19154,0.4670,"Dynamic","USD",306.62,"LCU-Hours","AWS","AWS","us-east-1","US East (N. Virginia)","arn:aws:ec2:us-east-1:123456789012:instance/i-00e3ac23ce15",NULL,"Load Balancer","Networking","Elastic Load Balancing","AWS","YSBPD2WAVB1RB7HD","Elastic Load Balancing LCU-Hours",NULL,"Y2HDG2YXGBUKB8YV.N5SRWW8M","517389287820","Atlas Nimbus","BillingAccount","{""application"": ""NimbusAPI""}",NULL,"us-west-2b","Usage-Based","Application Networking",0.3689,78.04736142,0.4670,NULL,NULL
"AllocatedMethodId-8270","AllocatedResourceId-7738","AllocatedResourceName-6170","{}",217.5511212,"01ABCD-2345EF-6789GH","Helios Labs","BillingAccount","USD","2024-10-01T00:00:00Z","2024-09-01T00:00:00Z",NULL,NULL,"Usage",NULL,"Cloud Load Balancing Forwarding Rule in Northern Virginia","2024-09-15T05:00:00Z","2024-09-15T04:00:00Z",NULL,NULL,NULL,NULL,NULL,NULL,NULL,127.8900000000,"Hours",NULL,236.46860999999998,1.8490,217.5511212,"Google","INV-202409-55247","Google",295.579368,2.3112,"Standard","USD",127.89,"Hours","Google","Google","us-east4","Northern Virginia","//compute.googleapis.com/projects/Helios Labs/zones/us-east4-a/instances/inst-322",NULL,"Forwarding Rule","Networking","Cloud Load Balancing","Google","CNB57H31IPLUV78H","Cloud Load Balancing Hours",NULL,"FHK230GXG8B26RTI.QY31BDQI","proj-helios-dev","helios-dev","BillingAccount","{""cost_center"": ""CC-2042"", ""application"": ""NimbusAPI"", ""owner"": ""g.hopper""}",NULL,"us-central1-a","Usage-Based","Application Networking",1.8490,217.5511212,2.3112,NULL,NULL
"AllocatedMethodId-2076","AllocatedResourceId-2678","AllocatedResourceName-3145","{}",565.50790296,"ocid1.tenancy.oc1..aaaa1234","Meridian OCI","Tenancy","USD","2024-10-01T00:00:00Z","2024-09-01T00:00:00Z",NULL,NULL,"Usage",NULL,"Oracle Compute Instance in US East (Ashburn)","2024-09-11T23:00:00Z","2024-09-11T22:00:00Z","Spend","cd-469996","commit-9996",NULL,"Unused","Committed Use Discount",NULL,NULL,NULL,NULL,571.220104,3.7912,565.50790296,"Oracle","INV-202409-83061","Oracle",741.838812,4.9236,"Committed","USD",150.67,"Hours","Oracle","Oracle","us-ashburn-1","US East (Ashburn)","ocid1.instance.oc1.us-ashburn-1.00b52f5f06f1",NULL,"Instance","Compute","Oracle Compute","Oracle","BEQBBVTTT1KXJH0W","Oracle Compute Hours",NULL,"P93ND3ZYZ5WJQTLA.PGU45AZW","ocid1.compartment.oc1..dev","development","Tenancy",NULL,NULL,NULL,"Usage-Based","Virtual Machines",3.7912,565.50790296,4.9236,NULL,NULL
"AllocatedMethodId-1279","AllocatedResourceId-8424","AllocatedResourceName-2538","{}",369.03758864,"01ABCD-2345EF-6789GH","Helios Labs","BillingAccount","USD","2024-10-01T00:00:00Z","2024-09-01T00:00:00Z",NULL,NULL,"Usage",NULL,"Cloud SQL Database Instance in Iowa","2024-09-19T17:00:00Z","2024-09-19T16:00:00Z","Spend","cd-207931","commit-7931",NULL,"Unused","Reserved Instance",NULL,NULL,NULL,NULL,414.64897599999995,2.5336,369.03758864,"Google","INV-202409-50484","Google",552.859846,3.3781,"Standard","USD",163.66,"Hours","Google","Google","us-central1","Iowa","//compute.googleapis.com/projects/Helios Labs/zones/us-central1-a/instances/inst-2048",NULL,"Database Instance","Databases","Cloud SQL","Google","NOWL0AF32L0VV6EN","Cloud SQL Hours",NULL,"I1GMVQI2AF9INMID.DKUOCRZ4","proj-helios-dev","helios-dev","BillingAccount",NULL,NULL,NULL,"Usage-Based","Relational Databases",2.5336,369.03758864,3.3781,NULL,NULL
"AllocatedMethodId-9924","AllocatedResourceId-9948","AllocatedResourceName-4120","{}",333.8563844,"01ABCD-2345EF-6789GH","Helios Labs","BillingAccount","USD","2024-10-01T00:00:00Z","2024-09-01T00:00:00Z",NULL,NULL,"Usage",NULL,"Cloud Storage Bucket in Belgium","2024-09-04T08:00:00Z","2024-09-04T07:00:00Z",NULL,NULL,NULL,NULL,NULL,NULL,NULL,253.5500000000,"GiB",NULL,340.66978,1.3436,333.8563844,"Google","INV-202409-23610","Google",410.44674000000003,1.6188,"Other","USD",253.55,"GiB","Google","Google","europe-west1","Belgium","//compute.googleapis.com/projects/Helios Labs/zones/europe-west1-a/instances/inst-4303",NULL,"Bucket","Storage","Cloud Storage","Google","YSJHWJ0QX73EYYMN","Cloud Storage GiB",NULL,"DNIKG196C3AG6JFV.V5QFIXGL","proj-helios-prod","helios-prod","BillingAccount","{""business_unit"": ""ViennaAI"", ""environment"": ""staging""}",NULL,NULL,"Usage-Based","Object Storage",1.3436,333.8563844,1.6188,NULL,NULL
"AllocatedMethodId-3649","AllocatedResourceId-8240","AllocatedResourceName-1142","{}",238.0232624,"8a93b2c1-1234-4abc-9def-0123456789ab","Contoso Cloud","BillingProfile","USD","2024-10-01T00:00:00Z","2024-09-01T00:00:00Z",NULL,NULL,"Usage",NULL,"Azure SQL Database SQL Database in East US","2024-09-04T08:00:00Z","2024-09-04T07:00:00Z",NULL,NULL,NULL,NULL,NULL,NULL,NULL,296.4500000000,"Hours",NULL,270.48098,0.9124,238.0232624,"Microsoft","INV-202409-27496","Microsoft",450.78186999999997,1.5206,"Standard","USD",296.45,"Hours","Microsoft","Microsoft","eastus","East US","/subscriptions/8a93b2c1-1234-4abc-9def-0123456789ab/resourceGroups/rg-690/providers/Microsoft.Compute/virtualMachines/vm-4077",NULL,"SQL Database","Databases","Azure SQL Database","Microsoft","5HICOTX4RH2VYWLN","Azure SQL Database Hours",NULL,"ADILSLIO2FZYTONM.WF2KEEEU","sub-4d3e","Sandbox","BillingProfile","{""owner"": ""a.turing"", ""team"": ""payments""}",NULL,"westeurope-2","Usage-Based","Relational Databases",0.9124,238.0232624,1.5206,NULL,NULL
"AllocatedMethodId-8138","AllocatedResourceId-6847","AllocatedResourceName-8580","{}",52.8403733,"8a93b2c1-1234-4abc-9def-0123456789ab","Contoso Cloud","BillingProfile","USD","2024-10-01T00:00:00Z","2024-09-01T00:00:00Z",NULL,NULL,"Usage",NULL,"Azure Load Balancer Load Balancer in East US","2024-09-21T03:00:00Z","2024-09-21T02:00:00Z",NULL,NULL,NULL,NULL,NULL,NULL,NULL,23.7400000000,"Hours",NULL,81.29288199999999,3.4243,52.8403733,"Microsoft","INV-202409-88455","Microsoft",112.90744,4.7560,"Standard","USD",23.74,"Hours","Microsoft","Microsoft","eastus","East US","/subscriptions/8a93b2c1-1234-4abc-9def-0123456789ab/resourceGroups/rg-236/providers/Microsoft.Compute/virtualMachines/vm-3543",NULL,"Load Balancer","Networking","Azure Load Balancer","Microsoft","QZCDVLCTVY08ZWFB","Azure Load Balancer Hours",NULL,"M9WN4LI37OLAKVNL.TR788B50","sub-2b7c","Staging","BillingProfile","{""environment"": ""prod"", ""application"": ""BrightLensMatrix"", ""cost_center"": ""CC-3090""}",NULL,NULL,"Usage-Based","Application Networking",3.4243,52.8403733,4.7560,NULL,NULL
"AllocatedMethodId-4325","AllocatedResourceId-2397","AllocatedResourceName-5420","{}",977.95825127,"ocid1.tenancy.oc1..aaaa1234","Meridian OCI","Tenancy","USD","2024-10-01T00:00:00Z","2024-09-01T00:00:00Z",NULL,NULL,"Usage",NULL,"Oracle Functions Function in UK South (London)","2024-09-10T03:00:00Z","2024-09-10T02:00:00Z","Spend","cd-899607","commit-9607",NULL,"Unused","Reserved Instance",NULL,NULL,NULL,NULL,1270.0756509999999,2.6599,977.95825127,"Oracle","INV-202409-38759","Oracle",1322.981543,2.7707,"Committed","USD",477.49,"Invocations","Oracle","Oracle","uk-london-1","UK South (London)","ocid1.instance.oc1.uk-london-1.002b3b715b24",NULL,"Function","Compute","Oracle Functions","Oracle","ZC6Q38H9KJKNRRSR","Oracle Functions Invocations",NULL,"3T8T7WZTTVFQLHX3.IFQIYD4E","ocid1.compartment.oc1..dev","development","Tenancy","{""business_unit"": ""LisbonOps""}",NULL,"us-ashburn-1-AD-1","Usage-Based","Serverless Compute",2.6599,977.95825127,2.7707,NULL,NULL
"AllocatedMethodId-2949","AllocatedResourceId-6664","AllocatedResourceName-2538","{}",163.67795598,"8a93b2c1-1234-4abc-9def-0123456789ab","Contoso Cloud","BillingProfile","USD","2024-10-01T00:00:00Z","2024-09-01T00:00:00Z",NULL,NULL,"Usage",NULL,"Azure Functions Function App in West Europe","2024-09-18T05:00:00Z","2024-09-18T04:00:00Z",NULL,NULL,NULL,NULL,NULL,NULL,NULL,470.9100000000,"Executions",NULL,221.186427,0.4697,163.67795598,"Microsoft","INV-202409-76772","Microsoft",311.554056,0.6616,"Standard","USD",470.91,"Executions","Microsoft","Microsoft","westeurope","West Europe","/subscriptions/8a93b2c1-1234-4abc-9def-0123456789ab/resourceGroups/rg-120/providers/Microsoft.Compute/virtualMachines/vm-3186",NULL,"Function App","Compute","Azure Functions","Microsoft","32ND39BPNQZ9ZKD4","Azure Functions Executions",NULL,"VNHFM9K7F6NUA2P6.T8UVAXCZ","sub-2b7c","Staging","BillingProfile","{""environment"": ""dev"", ""business_unit"": ""LisbonOps"", ""application"": ""BrightSourceCore""}",NULL,NULL,"Usage-Based","Serverless Compute",0.4697,163.67795598,0.6616,NULL,NULL
"AllocatedMethodId-5014","AllocatedResourceId-1916","AllocatedResourceName-9526","{}",40.293,"123456789012","SunBird","BillingAccount","USD","2024-10-01T00:00:00Z","2024-09-01T00:00:00Z",NULL,NULL,"Usage",NULL,"Amazon Relational Database Service Database Instance in Asia Pacific (Sydney)","2024-09-20T16:00:00Z","2024-09-20T15:00:00Z",NULL,NULL,NULL,NULL,NULL,NULL,NULL,203.5000000000,"Hours",NULL,45.7875,0.2250,40.293,"AWS","INV-202409-56909","AWS",72.66985,0.3571,"Other","USD",203.50,"Hours","AWS","AWS","ap-southeast-2","Asia Pacific (Sydney)","arn:aws:ec2:ap-southeast-2:123456789012:instance/i-005197c36e88",NULL,"Database Instance","Databases","Amazon Relational Database Service","AWS","6HTRX0WFR2VNCESQ","Amazon Relational Database Service Hours",NULL,"YNP8QUUSVAFIJIE7.6T9GNFID","517389287820","Atlas Nimbus","BillingAccount",NULL,NULL,"us-west-2b","Usage-Based","Relational Databases",0.2250,40.293,0.3571,NULL,NULL
"AllocatedMethodId-4449","AllocatedResourceId-2414","AllocatedResourceName-5388","{}",989.75935512,"8a93b2c1-1234-4abc-9def-0123456789ab","Contoso Cloud","BillingProfile","USD","2024-10-01T00:00:00Z","2024-09-01T00:00:00Z",NULL,NULL,"Usage",NULL,"Virtual Machines Virtual Machine in West Europe","2024-09-08T22:00:00Z","2024-09-08T21:00:00Z",NULL,NULL,NULL,NULL,NULL,NULL,NULL,358.7400000000,"Hours",NULL,1075.825386,2.9989,989.75935512,"Microsoft","INV-202409-12997","Microsoft",1655.118738,4.6137,"Standard","USD",358.74,"Hours","Microsoft","Microsoft","westeurope","West Europe","/subscriptions/8a93b2c1-1234-4abc-9def-0123456789ab/resourceGroups/rg-872/providers/Microsoft.Compute/virtualMachines/vm-9399",NULL,"Virtual Machine","Compute","Virtual Machines","Microsoft","DBA45OUS0LXWBHJF","Virtual Machines Hours",NULL,"NXVMDHKVOQM1QY1O.3D14V1TS","sub-4d3e","Sandbox","BillingProfile","{""team"": ""payments"", ""application"": ""BrightSourceCore"", ""owner"": ""g.hopper""}",NULL,"westeurope-2","Usage-Based","Virtual Machines",2.9989,989.75935512,4.6137,NULL,NULL
"AllocatedMethodId-1524","AllocatedResourceId-6144","AllocatedResourceName-3861","{}",876.92261904,"8a93b2c1-1234-4abc-9def-0123456789ab","Contoso Cloud","BillingProfile","USD","2024-10-01T00:00:00Z","2024-09-01T00:00:00Z",NULL,NULL,"Credit",NULL,"Azure Blob Storage Storage Account in East US","2024-09-27T11:00:00Z","2024-09-27T10:00:00Z",NULL,NULL,NULL,NULL,NULL,NULL,NULL,NULL,NULL,NULL,1437.578064,3.0186,876.92261904,"Microsoft","INV-202409-35646","Microsoft",1796.948768,3.7732,"Standard","USD",476.24,"GB","Microsoft","Microsoft","eastus","East US",NULL,NULL,NULL,"Storage","Azure Blob Storage","Microsoft","Z9UWUAJYSXAW7NZD","Azure Blob Storage GB",NULL,"3KJ96SMJ890Y67AG.BZVL7WST","sub-9a1f","Production","BillingProfile","{""environment"": ""prod""}",NULL,NULL,"One-Time","Object Storage",3.0186,876.92261904,3.7732,NULL,NULL
"AllocatedMethodId-6722","AllocatedResourceId-2270","AllocatedResourceName-6296","{}",17.2813776,"8a93b2c1-1234-4abc-9def-0123456789ab","Contoso Cloud","BillingProfile","USD","2024-10-01T00:00:00Z","2024-09-01T00:00:00Z",NULL,NULL,"Adjustment",NULL,"Azure Load Balancer Load Balancer in UK South","2024-09-11T21:00:00Z","2024-09-11T20:00:00Z",NULL,NULL,NULL,NULL,NULL,NULL,NULL,NULL,NULL,NULL,21.601722,0.0662,17.2813776,"Microsoft","INV-202409-73958","Microsoft",29.172113999999997,0.0894,"Standard","USD",326.31,"Hours","Microsoft","Microsoft","uksouth","UK South",NULL,NULL,NULL,"Networking","Azure Load Balancer","Microsoft","BCWDLSA2O2496FDQ","Azure Load Balancer Hours",NULL,"6XGWBWQKS927SCTG.T5GQA673","sub-9a1f","Production","BillingProfile",NULL,NULL,NULL,"One-Time","Application Networking",0.0662,17.2813776,0.0894,NULL,NULL
"AllocatedMethodId-2161","AllocatedResourceId-9097","AllocatedResourceName-2927","{}",206.3123876,"ocid1.tenancy.oc1..aaaa1234","Meridian OCI","Tenancy","USD","2024-10-01T00:00:00Z","2024-09-01T00:00:00Z",NULL,NULL,"Usage",NULL,"Oracle Load Balancer Load Balancer in Australia East (Sydney)","2024-09-06T18:00:00Z","2024-09-06T17:00:00Z",NULL,NULL,NULL,NULL,NULL,NULL,NULL,99.7700000000,"Hours",NULL,242.72045599999998,2.4328,206.3123876,"Oracle","INV-202409-50725","Oracle",315.22331499999996,3.1595,"Other","USD",99.77,"Hours","Oracle","Oracle","ap-sydney-1","Australia East (Sydney)","ocid1.instance.oc1.ap-sydney-1.00ddc106e230",NULL,"Load Balancer","Networking","Oracle Load Balancer","Oracle","GTGUL6TI3Y53RG1V","Oracle Load Balancer Hours",NULL,"P2R0Y29V0N2GYSPZ.EHGZ7XXI","ocid1.compartment.oc1..prod","production","Tenancy","{""application"": ""NimbusAPI"", ""business_unit"": ""MarseilleSRE"", ""team"": ""payments""}",NULL,"uk-london-1-AD-2","Usage-Based","Application Networking",2.4328,206.3123876,3.1595,NULL,NULL
"AllocatedMethodId-3680","AllocatedResourceId-6407","AllocatedResourceName-5497","{}",204.1868952,"ocid1.tenancy.oc1..aaaa1234","Meridian OCI","Tenancy","USD","2024-10-01T00:00:00Z","2024-09-01T00:00:00Z",NULL,NULL,"Usage",NULL,"Oracle Load Balancer Load Balancer in UK South (London)","2024-09-21T23:00:00Z","2024-09-21T22:00:00Z","Spend","cd-228512","commit-8512",NULL,"Used","Reserved Instance",NULL,319.0500000000,"Hours",NULL,304.75656000000004,0.9552,204.1868952,"Oracle","INV-202409-47762","Oracle",435.343725,1.3645,"Dynamic","USD",319.05,"Hours","Oracle","Oracle","uk-london-1","UK South (London)","ocid1.instance.oc1.uk-london-1.00d45f706954",NULL,"Load Balancer","Networking","Oracle Load Balancer","Oracle","ICF3T3Q9FU41GRIM","Oracle Load Balancer Hours",NULL,"6DLELQU8JQ4A6B5C.L37X2RM0","ocid1.compartment.oc1..dev","development","Tenancy","{""cost_center"": ""CC-2042"", ""environment"": ""prod"", ""application"": ""AtlasPortal""}",NULL,"us-ashburn-1-AD-1","Usage-Based","Application Networking",0.9552,204.1868952,1.3645,NULL,NULL
"AllocatedMethodId-1904","AllocatedResourceId-5324","AllocatedResourceName-5691","{}",135.05427684,"8a93b2c1-1234-4abc-9def-0123456789ab","Contoso Cloud","BillingProfile","USD","2024-10-01T00:00:00Z","2024-09-01T00:00:00Z",NULL,NULL,"Usage",NULL,"Azure Load Balancer Load Balancer in Southeast Asia","2024-09-20T17:00:00Z","2024-09-20T16:00:00Z",NULL,NULL,NULL,NULL,NULL,NULL,NULL,312.2700000000,"Hours",NULL,146.798127,0.4701,135.05427684,"Microsoft","INV-202409-70004","Microsoft",168.75070799999997,0.5404,"Dynamic","USD",312.27,"Hours","Microsoft","Microsoft","southeastasia","Southeast Asia","/subscriptions/8a93b2c1-1234-4abc-9def-0123456789ab/resourceGroups/rg-43/providers/Microsoft.Compute/virtualMachines/vm-1711",NULL,"Load Balancer","Networking","Azure Load Balancer","Microsoft","72B60PNTRWO2XC9L","Azure Load Balancer Hours",NULL,"BM6UY6CI9TRAJ27M.0IY9RSGS","sub-4d3e","Sandbox","BillingProfile","{""owner"": ""a.turing"", ""environment"": ""dev"", ""application"": ""NimbusAPI""}",NULL,"eastus-1","Usage-Based","Application Networking",0.4701,135.05427684,0.5404,NULL,NULL
"AllocatedMethodId-7421","AllocatedResourceId-1948","AllocatedResourceName-9450","{}",329.8024884,"ocid1.tenancy.oc1..aaaa1234","Meridian OCI","Tenancy","USD","2024-10-01T00:00:00Z","2024-09-01T00:00:00Z",NULL,NULL,"Usage",NULL,"Oracle Autonomous Database Database in US East (Ashburn)","2024-09-11T01:00:00Z","2024-09-11T00:00:00Z",NULL,NULL,NULL,NULL,NULL,NULL,NULL,200.4000000000,"Hours",NULL,428.31492000000003,2.1373,329.8024884,"Oracle","INV-202409-19359","Oracle",639.276,3.1900,"Standard","USD",200.40,"Hours","Oracle","Oracle","us-ashburn-1","US East (Ashburn)","ocid1.instance.oc1.us-ashburn-1.00c54bfea5bd",NULL,"Database","Databases","Oracle Autonomous Database","Oracle","L48A049IR1UUMAJJ","Oracle Autonomous Database Hours",NULL,"LKHI69GZBNU8NLJO.K5JOTQIR","ocid1.compartment.oc1..dev","development","Tenancy","{""environment"": ""dev""}",NULL,"us-ashburn-1-AD-1","Usage-Based","Relational Databases",2.1373,329.8024884,3.1900,NULL,NULL
"AllocatedMethodId-9054","AllocatedResourceId-5146","AllocatedResourceName-9439","{}",364.58380846,"8a93b2c1-1234-4abc-9def-0123456789ab","Contoso Cloud","BillingProfile","USD","2024-10-01T00:00:00Z","2024-09-01T00:00:00Z",NULL,NULL,"Usage",NULL,"Azure Functions Function App in East US","2024-09-24T05:00:00Z","2024-09-24T04:00:00Z",NULL,NULL,NULL,NULL,NULL,NULL,NULL,270.9800000000,"Executions",NULL,544.1549380000001,2.0081,364.58380846,"Microsoft","INV-202409-38623","Microsoft",906.9429620000001,3.3469,"Standard","USD",270.98,"Executions","Microsoft","Microsoft","eastus","East US","/subscriptions/8a93b2c1-1234-4abc-9def-0123456789ab/resourceGroups/rg-528/providers/Microsoft.Compute/virtualMachines/vm-7146",NULL,"Function App","Compute","Azure Functions","Microsoft","ZH2FC6G6ZMJHPO2U","Azure Functions Executions",NULL,"LFQWWTQ2IJ4BDQ75.QQKLV2MC","sub-2b7c","Staging","BillingProfile",NULL,NULL,"uksouth-1","Usage-Based","Serverless Compute",2.0081,364.58380846,3.3469,NULL,NULL
"AllocatedMethodId-1719","AllocatedResourceId-8559","AllocatedResourceName-7566","{}",883.119816,"01ABCD-2345EF-6789GH","Helios Labs","BillingAccount","USD","2024-10-01T00:00:00Z","2024-09-01T00:00:00Z",NULL,NULL,"Usage",NULL,"Cloud Load Balancing Forwarding Rule in Iowa","2024-09-19T17:00:00Z","2024-09-19T16:00:00Z",NULL,NULL,NULL,NULL,NULL,NULL,NULL,367.1100000000,"Hours",NULL,883.1198160000001,2.4056,883.119816,"Google","INV-202409-30105","Google",1379.893068,3.7588,"Standard","USD",367.11,"Hours","Google","Google","us-central1","Iowa","//compute.googleapis.com/projects/Helios Labs/zones/us-central1-a/instances/inst-1517",NULL,"Forwarding Rule","Networking","Cloud Load Balancing","Google","A35P1Y4X6W725FU3","Cloud Load Balancing Hours",NULL,"OOOVO6N5CLP8SDU1.S3YGK37H","proj-helios-prod","helios-prod","BillingAccount",NULL,NULL,NULL,"Usage-Based","Application Networking",2.4056,883.119816,3.7588,NULL,NULL
"AllocatedMethodId-5958","AllocatedResourceId-2976","AllocatedResourceName-9739","{}",700.7249704,"8a93b2c1-1234-4abc-9def-0123456789ab","Contoso Cloud","BillingProfile","USD","2024-10-01T00:00:00Z","2024-09-01T00:00:00Z",NULL,NULL,"Usage",NULL,"Azure SQL Database SQL Database in East US","2024-09-27T05:00:00Z","2024-09-27T04:00:00Z",NULL,NULL,NULL,NULL,NULL,NULL,NULL,328.5100000000,"Hours",NULL,1078.038416,3.2816,700.7249704,"Microsoft","INV-202409-39406","Microsoft",1239.106869,3.7719,"Standard","USD",328.51,"Hours","Microsoft","Microsoft","eastus","East US","/subscriptions/8a93b2c1-1234-4abc-9def-0123456789ab/resourceGroups/rg-180/providers/Microsoft.Compute/virtualMachines/vm-4744",NULL,"SQL Database","Databases","Azure SQL Database","Microsoft","EH2UVVZ33S4PXHC0","Azure SQL Database Hours",NULL,"3TTQ6C5HZ5576DPB.KSIOAA9N","sub-4d3e","Sandbox","BillingProfile","{""environment"": ""prod"", ""application"": ""NimbusAPI""}",NULL,NULL,"Usage-Based","Relational Databases",3.2816,700.7249704,3.7719,NULL,NULL
"AllocatedMethodId-2041","AllocatedResourceId-7348","AllocatedResourceName-2104","{}",142.58622024,"ocid1.tenancy.oc1..aaaa1234","Meridian OCI","Tenancy","USD","2024-10-01T00:00:00Z","2024-09-01T00:00:00Z",NULL,NULL,"Usage",NULL,"Oracle Compute Instance in UK South (London)","2024-09-30T06:00:00Z","2024-09-30T05:00:00Z",NULL,NULL,NULL,NULL,NULL,NULL,NULL,308.5200000000,"Hours",NULL,206.64669599999996,0.6698,142.58622024,"Oracle","INV-202409-81151","Oracle",299.480364,0.9707,"Standard","USD",308.52,"Hours","Oracle","Oracle","uk-london-1","UK South (London)","ocid1.instance.oc1.uk-london-1.00d3b95dc19f",NULL,"Instance","Compute","Oracle Compute","Oracle","OGJXBR968G85X3OI","Oracle Compute Hours",NULL,"LI47CJ7P8ZNGC0LB.R1390MCO","ocid1.compartment.oc1..dev","development","Tenancy","{""business_unit"": ""OsloData""}",NULL,"us-ashburn-1-AD-1","Usage-Based","Virtual Machines",0.6698,142.58622024,0.9707,NULL,NULL
"AllocatedMethodId-3599","AllocatedResourceId-7847","AllocatedResourceName-8569","{}",656.9979562,"01ABCD-2345EF-6789GH","Helios Labs","BillingAccount","USD","2024-10-01T00:00:00Z","2024-09-01T00:00:00Z",NULL,NULL,"Usage",NULL,"Cloud Functions Function in Northern Virginia","2024-09-02T17:00:00Z","2024-09-02T16:00:00Z",NULL,NULL,NULL,NULL,NULL,NULL,NULL,306.1700000000,"Invocations",NULL,691.5767960000001,2.2588,656.9979562,"Google","INV-202409-81059","Google",823.2911300000001,2.6890,"Other","USD",306.17,"Invocations","Google","Google","us-east4","Northern Virginia","//compute.googleapis.com/projects/Helios Labs/zones/us-east4-a/instances/inst-4542",NULL,"Function","Compute","Cloud Functions","Google","LUV3OAG6C75IV6TL","Cloud Functions Invocations",NULL,"OBIK4L5XKHWK5JPE.HROSEYYO","proj-helios-dev","helios-dev","BillingAccount","{""application"": ""BrightLensMatrix"", ""owner"": ""a.lovelace"", ""business_unit"": ""ViennaAI""}",NULL,"asia-southeast1-c","Usage-Based","Serverless Compute",2.2588,656.9979562,2.6890,NULL,NULL
"AllocatedMethodId-9847","AllocatedResourceId-8940","AllocatedResourceName-1780","{}",451.414274,"ocid1.tenancy.oc1..aaaa1234","Meridian OCI","Tenancy","USD","2024-10-01T00:00:00Z","2024-09-01T00:00:00Z",NULL,NULL,"Usage",NULL,"Oracle Autonomous Database Database in Australia East (Sydney)","2024-09-06T16:00:00Z","2024-09-06T15:00:00Z",NULL,NULL,NULL,NULL,NULL,NULL,NULL,326.7500000000,"Hours",NULL,740.0234,2.2648,451.414274,"Oracle","INV-202409-19266","Oracle",831.480725,2.5447,"Standard","USD",326.75,"Hours","Oracle","Oracle","ap-sydney-1","Australia East (Sydney)","ocid1.instance.oc1.ap-sydney-1.002708ef00f7",NULL,"Database","Databases","Oracle Autonomous Database","Oracle","Y8OQ8165G1SZKIF5","Oracle Autonomous Database Hours",NULL,"4MYBUPA8EFABC448.PH7K0N4Q","ocid1.compartment.oc1..dev","development","Tenancy","{""owner"": ""a.turing"", ""business_unit"": ""OsloData""}",NULL,NULL,"Usage-Based","Relational Databases",2.2648,451.414274,2.5447,NULL,NULL
"AllocatedMethodId-1476","AllocatedResourceId-2146","AllocatedResourceName-3896","{}",230.76295,"8a93b2c1-1234-4abc-9def-0123456789ab","Contoso Cloud","BillingProfile","USD","2024-10-01T00:00:00Z","2024-09-01T00:00:00Z",NULL,NULL,"Credit",NULL,"Azure Blob Storage Storage Account in West Europe","2024-09-03T10:00:00Z","2024-09-03T09:00:00Z","Usage","cd-370737","commit-0737",NULL,"Unused","Savings Plan",NULL,NULL,NULL,NULL,292.105,2.9375,230.76295,"Microsoft","INV-202409-74716","Microsoft",310.75,3.1250,"Committed","USD",99.44,"GB","Microsoft","Microsoft","westeurope","West Europe",NULL,NULL,NULL,"Storage","Azure Blob Storage","Microsoft","K275LSS23E3TB0Z9","Azure Blob Storage GB",NULL,"Y2QIAYHN418KM2YF.9IUNB857","sub-2b7c","Staging","BillingProfile","{""owner"": ""k.johnson"", ""business_unit"": ""LisbonOps""}",NULL,NULL,"One-Time","Object Storage",2.9375,230.76295,3.1250,NULL,NULL
"AllocatedMethodId-4157","AllocatedResourceId-2597","AllocatedResourceName-9031","{}",114.9959538,"123456789012","SunBird","BillingAccount","USD","2024-10-01T00:00:00Z","2024-09-01T00:00:00Z",NULL,NULL,"Usage",NULL,"Amazon Simple Storage Service Bucket in US East (N. Virginia)","2024-09-18T08:00:00Z","2024-09-18T07:00:00Z",NULL,NULL,NULL,NULL,NULL,NULL,NULL,393.9000000000,"GB",NULL,182.53325999999998,0.4634,114.9959538,"AWS","INV-202409-13408","AWS",219.91437,0.5583,"Other","USD",393.90,"GB","AWS","AWS","us-east-1","US East (N. Virginia)","arn:aws:ec2:us-east-1:123456789012:instance/i-003204e8c73f",NULL,"Bucket","Storage","Amazon Simple Storage Service","AWS","MMU0I6SSO5L8L6QB","Amazon Simple Storage Service GB",NULL,"GKWIDCQPLCE8K6HJ.S4Z0136N","517389287820","Atlas Nimbus","BillingAccount","{""environment"": ""staging""}",NULL,NULL,"Usage-Based","Object Storage",0.4634,114.9959538,0.5583,NULL,NULL
"AllocatedMethodId-3564","AllocatedResourceId-4025","AllocatedResourceName-8780","{}",148.7318592,"8a93b2c1-1234-4abc-9def-0123456789ab","Contoso Cloud","BillingProfile","USD","2024-10-01T00:00:00Z","2024-09-01T00:00:00Z",NULL,NULL,"Usage",NULL,"Azure Functions Function App in Southeast Asia","2024-09-27T06:00:00Z","2024-09-27T05:00:00Z",NULL,NULL,NULL,NULL,NULL,NULL,NULL,175.1600000000,"Executions",NULL,154.92901999999998,0.8845,148.7318592,"Microsoft","INV-202409-96781","Microsoft",186.668012,1.0657,"Dynamic","USD",175.16,"Executions","Microsoft","Microsoft","southeastasia","Southeast Asia","/subscriptions/8a93b2c1-1234-4abc-9def-0123456789ab/resourceGroups/rg-273/providers/Microsoft.Compute/virtualMachines/vm-1348",NULL,"Function App","Compute","Azure Functions","Microsoft","EJA6R1WP6VFQCXZ8","Azure Functions Executions",NULL,"SWNQDGD3XL924KIV.4UDILVPH","sub-9a1f","Production","BillingProfile","{""application"": ""NimbusAPI"", ""business_unit"": ""LisbonOps"", ""owner"": ""a.lovelace""}",NULL,NULL,"Usage-Based","Serverless Compute",0.8845,148.7318592,1.0657,NULL,NULL
"AllocatedMethodId-1415","AllocatedResourceId-3986","AllocatedResourceName-2308","{}",797.38592562,"8a93b2c1-1234-4abc-9def-0123456789ab","Contoso Cloud","BillingProfile","USD","2024-10-01T00:00:00Z","2024-09-01T00:00:00Z",NULL,NULL,"Adjustment",NULL,"Azure SQL Database SQL Database in Southeast Asia","2024-09-29T22:00:00Z","2024-09-29T21:00:00Z",NULL,NULL,NULL,NULL,NULL,NULL,NULL,NULL,NULL,NULL,1307.190042,2.8134,797.38592562,"Microsoft","INV-202409-42877","Microsoft",1452.43338,3.1260,"Standard","USD",464.63,"Hours","Microsoft","Microsoft","southeastasia","Southeast Asia",NULL,NULL,NULL,"Databases","Azure SQL Database","Microsoft","JPY257MA2UF0M8AZ","Azure SQL Database Hours",NULL,"1LZ4TAC3N3IKH5YR.8ANZESWT","sub-2b7c","Staging","BillingProfile","{""business_unit"": ""LisbonOps"", ""team"": ""infra""}",NULL,NULL,"One-Time","Relational Databases",2.8134,797.38592562,3.1260,NULL,NULL
"AllocatedMethodId-6500","AllocatedResourceId-1821","AllocatedResourceName-9643","{}",61.07401118,"01ABCD-2345EF-6789GH","Helios Labs","BillingAccount","USD","2024-10-01T00:00:00Z","2024-09-01T00:00:00Z",NULL,NULL,"Usage",NULL,"BigQuery Dataset in Singapore","2024-09-29T10:00:00Z","2024-09-29T09:00:00Z",NULL,NULL,NULL,NULL,NULL,NULL,NULL,280.2100000000,"GiB",NULL,73.583146,0.2626,61.07401118,"Google","INV-202409-65290","Google",99.41850799999999,0.3548,"Standard","USD",280.21,"GiB","Google","Google","asia-southeast1","Singapore","//compute.googleapis.com/projects/Helios Labs/zones/asia-southeast1-a/instances/inst-7916",NULL,"Dataset","Analytics","BigQuery","Google","5T6ZM0P8CW8QZC4A","BigQuery GiB",NULL,"QOVG5XMF2K1EC8QU.ZMEQ2ZGL","proj-helios-prod","helios-prod","BillingAccount","{""owner"": ""a.lovelace"", ""team"": ""payments""}",NULL,"asia-southeast1-c","Usage-Based","Data Warehouses",0.2626,61.07401118,0.3548,NULL,NULL
"AllocatedMethodId-7976","AllocatedResourceId-6961","AllocatedResourceName-3463","{}",323.7931746,"ocid1.tenancy.oc1..aaaa1234","Meridian OCI","Tenancy","USD","2024-10-01T00:00:00Z","2024-09-01T00:00:00Z",NULL,NULL,"Usage",NULL,"Oracle Autonomous Database Database in UK South (London)","2024-09-09T08:00:00Z","2024-09-09T07:00:00Z",NULL,NULL,NULL,NULL,NULL,NULL,NULL,238.4400000000,"Hours",NULL,513.95742,2.1555,323.7931746,"Oracle","INV-202409-52172","Oracle",642.452736,2.6944,"Other","USD",238.44,"Hours","Oracle","Oracle","uk-london-1","UK South (London)","ocid1.instance.oc1.uk-london-1.00a3db80b556",NULL,"Database","Databases","Oracle Autonomous Database","Oracle","692ST4MLF426USU3","Oracle Autonomous Database Hours",NULL,"S43BZC7VV96MT8X0.SOK3XTFE","ocid1.compartment.oc1..dev","development","Tenancy","{""cost_center"": ""CC-2042""}",NULL,"us-ashburn-1-AD-1","Usage-Based","Relational Databases",2.1555,323.7931746,2.6944,NULL,NULL
"AllocatedMethodId-1348","AllocatedResourceId-1351","AllocatedResourceName-3484","{}",94.28069268,"ocid1.tenancy.oc1..aaaa1234","Meridian OCI","Tenancy","USD","2024-10-01T00:00:00Z","2024-09-01T00:00:00Z",NULL,NULL,"Usage",NULL,"Oracle Functions Function in US East (Ashburn)","2024-09-28T10:00:00Z","2024-09-28T09:00:00Z","Usage","cd-159598","commit-9598",NULL,"Unused","Reserved Instance",NULL,NULL,NULL,NULL,113.591196,1.4034,94.28069268,"Oracle","INV-202409-14582","Oracle",162.268512,2.0048,"Dynamic","USD",80.94,"Invocations","Oracle","Oracle","us-ashburn-1","US East (Ashburn)","ocid1.instance.oc1.us-ashburn-1.00cfb4973cbd",NULL,"Function","Compute","Oracle Functions","Oracle","R0CZZTMKP5VV8N67","Oracle Functions Invocations",NULL,"MOOFQPJWS6UK6LAZ.11UNQ52F","ocid1.compartment.oc1..prod","production","Tenancy","{""environment"": ""staging"", ""application"": ""AtlasPortal"", ""cost_center"": ""CC-2042""}",NULL,"us-ashburn-1-AD-1","Usage-Based","Serverless Compute",1.4034,94.28069268,2.0048,NULL,NULL
"AllocatedMethodId-5811","AllocatedResourceId-6054","AllocatedResourceName-7492","{}",57.5068928,"123456789012","SunBird","BillingAccount","USD","2024-10-01T00:00:00Z","2024-09-01T00:00:00Z",NULL,NULL,"Usage",NULL,"Amazon Elastic Compute Cloud Virtual Machine in US East (N. Virginia)","2024-09-09T19:00:00Z","2024-09-09T18:00:00Z",NULL,NULL,NULL,NULL,NULL,NULL,NULL,204.6800000000,"Hours",NULL,71.883616,0.3512,57.5068928,"AWS","INV-202409-70419","AWS",92.167404,0.4503,"Dynamic","USD",204.68,"Hours","AWS","AWS","us-east-1","US East (N. Virginia)","arn:aws:ec2:us-east-1:123456789012:instance/i-00c8c6f9966b",NULL,"Virtual Machine","Compute","Amazon Elastic Compute Cloud","AWS","50WAJSKWDFJIHXMX","Amazon Elastic Compute Cloud Hours",NULL,"M3UK4E3ZZHYKSIMN.7BHD4CH2","517389287820","Atlas Nimbus","BillingAccount","{""business_unit"": ""ViennaAI"", ""cost_center"": ""CC-2042""}",NULL,NULL,"Usage-Based","Virtual Machines",0.3512,57.5068928,0.4503,NULL,NULL
"AllocatedMethodId-1275","AllocatedResourceId-2114","AllocatedResourceName-3312","{}",290.8635102,"123456789012","SunBird","BillingAccount","USD","2024-10-01T00:00:00Z","2024-09-01T00:00:00Z",NULL,NULL,"Usage",NULL,"Elastic Load Balancing Load Balancer in US West (Oregon)","2024-09-24T21:00:00Z","2024-09-24T20:00:00Z",NULL,NULL,NULL,NULL,NULL,NULL,NULL,243.6900000000,"LCU-Hours",NULL,323.18167800000003,1.3262,290.8635102,"AWS","INV-202409-56635","AWS",394.11983699999996,1.6173,"Standard","USD",243.69,"LCU-Hours","AWS","AWS","us-west-2","US West (Oregon)","arn:aws:ec2:us-west-2:123456789012:instance/i-003481752b64",NULL,"Load Balancer","Networking","Elastic Load Balancing","AWS","UOR5YLG5SEBO2WGT","Elastic Load Balancing LCU-Hours",NULL,"GYR90Y79LM3MI27Z.CK7S0NXX","438839167390","Zenith Eclipse","BillingAccount",NULL,NULL,"us-west-2b","Usage-Based","Application Networking",1.3262,290.8635102,1.6173,NULL,NULL
"AllocatedMethodId-1990","AllocatedResourceId-9622","AllocatedResourceName-5659","{}",32.8303014,"123456789012","SunBird","BillingAccount","USD","2024-10-01T00:00:00Z","2024-09-01T00:00:00Z",NULL,NULL,"Usage",NULL,"AWS Lambda Function in US East (N. Virginia)","2024-09-29T21:00:00Z","2024-09-29T20:00:00Z",NULL,NULL,NULL,NULL,NULL,NULL,NULL,64.6000000000,"Requests",NULL,39.554579999999994,0.6123,32.8303014,"AWS","INV-202409-15300","AWS",61.80282,0.9567,"Standard","USD",64.60,"Requests","AWS","AWS","us-east-1","US East (N. Virginia)","arn:aws:ec2:us-east-1:123456789012:instance/i-0074abb30aaa",NULL,"Function","Compute","AWS Lambda","AWS","R5DVSQXGQUJEAICN","AWS Lambda Requests",NULL,"684A2EP1BSIEJGAC.S0854WJF","438839167390","Zenith Eclipse","BillingAccount",NULL,NULL,NULL,"Usage-Based","Serverless Compute",0.6123,32.8303014,0.9567,NULL,NULL
"AllocatedMethodId-7401","AllocatedResourceId-3125","AllocatedResourceName-8571","{}",648.9546389999999,"ocid1.tenancy.oc1..aaaa1234","Meridian OCI","Tenancy","USD","2024-10-01T00:00:00Z","2024-09-01T00:00:00Z",NULL,NULL,"Purchase",NULL,"Oracle Autonomous Database Database in UK South (London)","2024-09-15T20:00:00Z","2024-09-15T19:00:00Z",NULL,NULL,NULL,NULL,NULL,NULL,NULL,NULL,NULL,NULL,648.9546389999999,2.9943,0,"Oracle","INV-202409-68544","Oracle",763.4747709999999,3.5227,"Other","USD",216.73,"Hours","Oracle","Oracle","uk-london-1","UK South (London)","ocid1.instance.oc1.uk-london-1.005c17025cff",NULL,"Database","Databases","Oracle Autonomous Database","Oracle","SG3FBWY5NJN0C3AY","Oracle Autonomous Database Hours",NULL,"Q75JPV7M9VF3XIDT.34BCT7MA","ocid1.compartment.oc1..prod","production","Tenancy",NULL,NULL,NULL,"Recurring","Relational Databases",2.9943,0,3.5227,NULL,NULL
"AllocatedMethodId-4955","AllocatedResourceId-5164","AllocatedResourceName-1672","{}",374.7074625,"8a93b2c1-1234-4abc-9def-0123456789ab","Contoso Cloud","BillingProfile","USD","2024-10-01T00:00:00Z","2024-09-01T00:00:00Z",NULL,NULL,"Usage",NULL,"Azure Blob Storage Storage Account in Southeast Asia","2024-09-10T03:00:00Z","2024-09-10T02:00:00Z",NULL,NULL,NULL,NULL,NULL,NULL,NULL,153.4900000000,"GB",NULL,402.91125,2.6250,374.7074625,"Microsoft","INV-202409-16999","Microsoft",428.63617400000004,2.7926,"Other","USD",153.49,"GB","Microsoft","Microsoft","southeastasia","Southeast Asia","/subscriptions/8a93b2c1-1234-4abc-9def-0123456789ab/resourceGroups/rg-600/providers/Microsoft.Compute/virtualMachines/vm-5112",NULL,"Storage Account","Storage","Azure Blob Storage","Microsoft","T7N3PIOAEQ0Q14XB","Azure Blob Storage GB",NULL,"P7DUSF8UKDN5GCHB.RRNNCXC8","sub-2b7c","Staging","BillingProfile",NULL,NULL,"eastus-1","Usage-Based","Object Storage",2.6250,374.7074625,2.7926,NULL,NULL
"AllocatedMethodId-4611","AllocatedResourceId-2969","AllocatedResourceName-3896","{}",154.6905591,"ocid1.tenancy.oc1..aaaa1234","Meridian OCI","Tenancy","USD","2024-10-01T00:00:00Z","2024-09-01T00:00:00Z",NULL,NULL,"Usage",NULL,"Oracle Compute Instance in US East (Ashburn)","2024-09-18T06:00:00Z","2024-09-18T05:00:00Z","Spend","cd-468620","commit-8620",NULL,"Unused","Savings Plan",NULL,NULL,NULL,NULL,234.379635,1.1949,154.6905591,"Oracle","INV-202409-91634","Oracle",321.05832000000004,1.6368,"Committed","USD",196.15,"Hours","Oracle","Oracle","us-ashburn-1","US East (Ashburn)","ocid1.instance.oc1.us-ashburn-1.00632b4e87d9",NULL,"Instance","Compute","Oracle Compute","Oracle","TJL55VBFNJXI02TR","Oracle Compute Hours",NULL,"ILLF1YDWLM6GR92E.SLBOU352","ocid1.compartment.oc1..dev","development","Tenancy","{""team"": ""growth"", ""business_unit"": ""LisbonOps""}",NULL,NULL,"Usage-Based","Virtual Machines",1.1949,154.6905591,1.6368,NULL,NULL
"AllocatedMethodId-6191","AllocatedResourceId-7485","AllocatedResourceName-2287","{}",411.65964151,"01ABCD-2345EF-6789GH","Helios Labs","BillingAccount","USD","2024-10-01T00:00:00Z","2024-09-01T00:00:00Z",NULL,NULL,"Usage",NULL,"Compute Engine VM Instance in Singapore","2024-09-23T02:00:00Z","2024-09-23T01:00:00Z",NULL,NULL,NULL,NULL,NULL,NULL,NULL,187.5100000000,"Hours",NULL,424.391383,2.2633,411.65964151,"Google","INV-202409-13091","Google",707.306471,3.7721,"Standard","USD",187.51,"Hours","Google","Google","asia-southeast1","Singapore","//compute.googleapis.com/projects/Helios Labs/zones/asia-southeast1-a/instances/inst-3612",NULL,"VM Instance","Compute","Compute Engine","Google","31ND1U8W6J31WTYE","Compute Engine Hours",NULL,"W95OBP56U7GRTI7M.0830HB3U","proj-helios-prod","helios-prod","BillingAccount","{""owner"": ""a.turing""}",NULL,"europe-west1-b","Usage-Based","Virtual Machines",2.2633,411.65964151,3.7721,NULL,NULL
"AllocatedMethodId-9136","AllocatedResourceId-2726","AllocatedResourceName-1527","{}",970.7414868,"123456789012","SunBird","BillingAccount","USD","2024-10-01T00:00:00Z","2024-09-01T00:00:00Z",NULL,NULL,"Usage",NULL,"AWS Lambda Function in Europe (Ireland)","2024-09-16T13:00:00Z","2024-09-16T12:00:00Z",NULL,NULL,NULL,NULL,NULL,NULL,NULL,403.3000000000,"Requests",NULL,1198.4462800000001,2.9716,970.7414868,"AWS","INV-202409-32690","AWS",1261.5224,3.1280,"Standard","USD",403.30,"Requests","AWS","AWS","eu-west-1","Europe (Ireland)","arn:aws:ec2:eu-west-1:123456789012:instance/i-0098045d78b9",NULL,"Function","Compute","AWS Lambda","AWS","2I3AFL06NHWZKQLD","AWS Lambda Requests",NULL,"YDXEGZ40AVRPVJZ9.IET2FAIP","438839167390","Zenith Eclipse","BillingAccount","{""application"": ""AtlasPortal"", ""owner"": ""a.lovelace""}",NULL,"us-east-1a","Usage-Based","Serverless Compute",2.9716,970.7414868,3.1280,NULL,NULL
"AllocatedMethodId-1350","AllocatedResourceId-6603","AllocatedResourceName-5559","{}",34.08909672,"ocid1.tenancy.oc1..aaaa1234","Meridian OCI","Tenancy","USD","2024-10-01T00:00:00Z","2024-09-01T00:00:00Z",NULL,NULL,"Usage",NULL,"Oracle Object Storage Bucket in US East (Ashburn)","2024-09-20T07:00:00Z","2024-09-20T06:00:00Z",NULL,NULL,NULL,NULL,NULL,NULL,NULL,60.2200000000,"GB",NULL,37.053366,0.6153,34.08909672,"Oracle","INV-202409-56907","Oracle",54.487056,0.9048,"Standard","USD",60.22,"GB","Oracle","Oracle","us-ashburn-1","US East (Ashburn)","ocid1.instance.oc1.us-ashburn-1.002c28893322",NULL,"Bucket","Storage","Oracle Object Storage","Oracle","2IFDRZNEE7Y3BE85","Oracle Object Storage GB",NULL,"8NWBUTSXMG9GOGJW.S2A5MQGP","ocid1.compartment.oc1..dev","development","Tenancy","{""cost_center"": ""CC-2042"", ""application"": ""AtlasPortal"", ""business_unit"": ""MarseilleSRE""}",NULL,NULL,"Usage-Based","Object Storage",0.6153,34.08909672,0.9048,NULL,NULL
"AllocatedMethodId-1626","AllocatedResourceId-7645","AllocatedResourceName-8209","{}",65.4081528,"123456789012","SunBird","BillingAccount","USD","2024-10-01T00:00:00Z","2024-09-01T00:00:00Z",NULL,NULL,"Usage",NULL,"Amazon Simple Queue Service Queue in Asia Pacific (Sydney)","2024-09-21T15:00:00Z","2024-09-21T14:00:00Z",NULL,NULL,NULL,NULL,NULL,NULL,NULL,192.3000000000,"Requests",NULL,96.18846,0.5002,65.4081528,"AWS","INV-202409-87168","AWS",124.91808,0.6496,"Other","USD",192.30,"Requests","AWS","AWS","ap-southeast-2","Asia Pacific (Sydney)","arn:aws:ec2:ap-southeast-2:123456789012:instance/i-005339d12fd0",NULL,"Queue","Integration","Amazon Simple Queue Service","AWS","S9A3IB28QW7RV8TD","Amazon Simple Queue Service Requests",NULL,"LIK24YAIG9D115IV.L2MSQRWH","438839167390","Zenith Eclipse","BillingAccount",NULL,NULL,"eu-west-1c","Usage-Based","Messaging",0.5002,65.4081528,0.6496,NULL,NULL
"AllocatedMethodId-6488","AllocatedResourceId-3300","AllocatedResourceName-3664","{}",102.19758912,"ocid1.tenancy.oc1..aaaa1234","Meridian OCI","Tenancy","USD","2024-10-01T00:00:00Z","2024-09-01T00:00:00Z",NULL,NULL,"Credit",NULL,"Oracle Autonomous Database Database in Australia East (Sydney)","2024-09-03T19:00:00Z","2024-09-03T18:00:00Z","Usage","cd-974849","commit-4849",NULL,"Used","Reserved Instance",NULL,NULL,NULL,NULL,141.941096,1.4764,102.19758912,"Oracle","INV-202409-74365","Oracle",199.92313,2.0795,"Committed","USD",96.14,"Hours","Oracle","Oracle","ap-sydney-1","Australia East (Sydney)",NULL,NULL,NULL,"Databases","Oracle Autonomous Database","Oracle","LO3PVNQ3IT7076MK","Oracle Autonomous Database Hours",NULL,"KVOVBLL22QZAMO7Q.5HO4AV75","ocid1.compartment.oc1..prod","production","Tenancy","{""business_unit"": ""LisbonOps"", ""environment"": ""staging"", ""owner"": ""k.johnson""}",NULL,NULL,"One-Time","Relational Databases",1.4764,102.19758912,2.0795,NULL,NULL
"AllocatedMethodId-9054","AllocatedResourceId-6165","AllocatedResourceName-6105","{}",134.982666,"8a93b2c1-1234-4abc-9def-0123456789ab","Contoso Cloud","BillingProfile","USD","2024-10-01T00:00:00Z","2024-09-01T00:00:00Z",NULL,NULL,"Usage",NULL,"Virtual Machines Virtual Machine in West Europe","2024-09-02T23:00:00Z","2024-09-02T22:00:00Z",NULL,NULL,NULL,NULL,NULL,NULL,NULL,316.9500000000,"Hours",NULL,207.66564,0.6552,134.982666,"Microsoft","INV-202409-34889","Microsoft",340.435995,1.0741,"Standard","USD",316.95,"Hours","Microsoft","Microsoft","westeurope","West Europe","/subscriptions/8a93b2c1-1234-4abc-9def-0123456789ab/resourceGroups/rg-386/providers/Microsoft.Compute/virtualMachines/vm-9921",NULL,"Virtual Machine","Compute","Virtual Machines","Microsoft","N9TXNWCDIGU0P8MZ","Virtual Machines Hours",NULL,"Y0RM0V6YTE48UHOT.SUUPKY55","sub-4d3e","Sandbox","BillingProfile",NULL,NULL,"uksouth-1","Usage-Based","Virtual Machines",0.6552,134.982666,1.0741,NULL,NULL
"AllocatedMethodId-4541","AllocatedResourceId-4621","AllocatedResourceName-5947","{}",324.9675,"8a93b2c1-1234-4abc-9def-0123456789ab","Contoso Cloud","BillingProfile","USD","2024-10-01T00:00:00Z","2024-09-01T00:00:00Z",NULL,NULL,"Purchase",NULL,"Azure Functions Function App in West Europe","2024-09-22T12:00:00Z","2024-09-22T11:00:00Z",NULL,NULL,NULL,NULL,NULL,NULL,NULL,NULL,NULL,NULL,324.9675,1.6500,0,"Microsoft","INV-202409-31530","Microsoft",391.51690499999995,1.9879,"Other","USD",196.95,"Executions","Microsoft","Microsoft","westeurope","West Europe","/subscriptions/8a93b2c1-1234-4abc-9def-0123456789ab/resourceGroups/rg-261/providers/Microsoft.Compute/virtualMachines/vm-1162",NULL,"Function App","Compute","Azure Functions","Microsoft","GVQHY6LS33AWQHEQ","Azure Functions Executions",NULL,"C1XR5ZWGL14RB3WO.WGM6PQX0","sub-9a1f","Production","BillingProfile",NULL,NULL,NULL,"One-Time","Serverless Compute",1.6500,0,1.9879,NULL,NULL
"AllocatedMethodId-7689","AllocatedResourceId-6964","AllocatedResourceName-8090","{}",864.8590272,"01ABCD-2345EF-6789GH","Helios Labs","BillingAccount","USD","2024-10-01T00:00:00Z","2024-09-01T00:00:00Z",NULL,NULL,"Tax",NULL,"Tax charge in Singapore","2024-09-15T07:00:00Z","2024-09-15T06:00:00Z",NULL,NULL,NULL,NULL,NULL,NULL,NULL,NULL,NULL,NULL,8.3755280000,NULL,864.8590272,"Google","INV-202409-68650","Google",27.3161330000,NULL,NULL,"USD",NULL,NULL,"Google","Google",NULL,NULL,NULL,NULL,NULL,"Other","Tax","Google",NULL,NULL,NULL,NULL,"proj-helios-prod","helios-prod","BillingAccount","{""team"": ""growth"", ""application"": ""NimbusAPI""}",NULL,NULL,"One-Time","Other (Security)",NULL,864.8590272,NULL,NULL,NULL
"AllocatedMethodId-8574","AllocatedResourceId-5393","AllocatedResourceName-1343","{}",583.52178088,"8a93b2c1-1234-4abc-9def-0123456789ab","Contoso Cloud","BillingProfile","USD","2024-10-01T00:00:00Z","2024-09-01T00:00:00Z",NULL,NULL,"Usage",NULL,"Azure Blob Storage Storage Account in Southeast Asia","2024-09-05T04:00:00Z","2024-09-05T03:00:00Z","Spend","cd-715601","commit-5601",NULL,"Used","Savings Plan",NULL,421.6600000000,"GB",NULL,858.120266,2.0351,583.52178088,"Microsoft","INV-202409-39921","Microsoft",1225.8921180000002,2.9073,"Committed","USD",421.66,"GB","Microsoft","Microsoft","southeastasia","Southeast Asia","/subscriptions/8a93b2c1-1234-4abc-9def-0123456789ab/resourceGroups/rg-494/providers/Microsoft.Compute/virtualMachines/vm-144",NULL,"Storage Account","Storage","Azure Blob Storage","Microsoft","VKD7OFFZ602QQ271","Azure Blob Storage GB",NULL,"72MIA3E8FGZQQH9J.Z5F63DHV","sub-2b7c","Staging","BillingProfile","{""business_unit"": ""MarseilleSRE""}",NULL,NULL,"Usage-Based","Object Storage",2.0351,583.52178088,2.9073,NULL,NULL
"AllocatedMethodId-8496","AllocatedResourceId-3927","AllocatedResourceName-7559","{}",722.6401254,"01ABCD-2345EF-6789GH","Helios Labs","BillingAccount","USD","2024-10-01T00:00:00Z","2024-09-01T00:00:00Z",NULL,NULL,"Adjustment",NULL,"Cloud SQL Database Instance in Iowa","2024-09-25T21:00:00Z","2024-09-25T20:00:00Z",NULL,NULL,NULL,NULL,NULL,NULL,NULL,NULL,NULL,NULL,989.91798,2.7582,722.6401254,"Google","INV-202409-97493","Google",1253.0634599999998,3.4914,"Standard","USD",358.90,"Hours","Google","Google","us-central1","Iowa",NULL,NULL,NULL,"Databases","Cloud SQL","Google","TIJ2TBSWFKK7V6N3","Cloud SQL Hours",NULL,"B9HDPW2ROF9HCBTL.QZCHJ8WQ","proj-helios-prod","helios-prod","BillingAccount","{""business_unit"": ""LisbonOps"", ""environment"": ""prod""}",NULL,NULL,"One-Time","Relational Databases",2.7582,722.6401254,3.4914,NULL,NULL
"AllocatedMethodId-2816","AllocatedResourceId-5026","AllocatedResourceName-9491","{}",711.95105763,"8a93b2c1-1234-4abc-9def-0123456789ab","Contoso Cloud","BillingProfile","USD","2024-10-01T00:00:00Z","2024-09-01T00:00:00Z",NULL,NULL,"Usage","Correction","Virtual Machines Virtual Machine in Southeast Asia","2024-09-22T21:00:00Z","2024-09-22T20:00:00Z",NULL,NULL,NULL,NULL,NULL,NULL,NULL,218.7300000000,"Hours",NULL,818.3345489999999,3.7413,711.95105763,"Microsoft","INV-202409-21686","Microsoft",919.4753010000001,4.2037,"Dynamic","USD",218.73,"Hours","Microsoft","Microsoft","southeastasia","Southeast Asia","/subscriptions/8a93b2c1-1234-4abc-9def-0123456789ab/resourceGroups/rg-897/providers/Microsoft.Compute/virtualMachines/vm-9519",NULL,"Virtual Machine","Compute","Virtual Machines","Microsoft","J7KOX6R865ZF80S7","Virtual Machines Hours",NULL,"SELFJPSYCWN5CZJ3.JOVIZRNY","sub-9a1f","Production","BillingProfile","{""team"": ""payments"", ""cost_center"": ""CC-2042"", ""application"": ""AtlasPortal""}",NULL,NULL,"Usage-Based","Virtual Machines",3.7413,711.95105763,4.2037,NULL,NULL
"AllocatedMethodId-7080","AllocatedResourceId-8182","AllocatedResourceName-5675","{}",198.74684518,"ocid1.tenancy.oc1..aaaa1234","Meridian OCI","Tenancy","USD","2024-10-01T00:00:00Z","2024-09-01T00:00:00Z",NULL,NULL,"Usage",NULL,"Oracle Compute Instance in Australia East (Sydney)","2024-09-21T01:00:00Z","2024-09-21T00:00:00Z",NULL,NULL,NULL,NULL,NULL,NULL,NULL,80.8600000000,"Hours",NULL,223.311062,2.7617,198.74684518,"Oracle","INV-202409-92887","Oracle",250.90858,3.1030,"Dynamic","USD",80.86,"Hours","Oracle","Oracle","ap-sydney-1","Australia East (Sydney)","ocid1.instance.oc1.ap-sydney-1.008089bce523",NULL,"Instance","Compute","Oracle Compute","Oracle","HRYR6P6WZCH116V9","Oracle Compute Hours",NULL,"0327VOIT2VNNCOZE.NIYBP8ZH","ocid1.compartment.oc1..dev","development","Tenancy","{""owner"": ""a.lovelace""}",NULL,NULL,"Usage-Based","Virtual Machines",2.7617,198.74684518,3.1030,NULL,NULL
"AllocatedMethodId-8719","AllocatedResourceId-6685","AllocatedResourceName-1112","{}",2.86540254,"8a93b2c1-1234-4abc-9def-0123456789ab","Contoso Cloud","BillingProfile","USD","2024-10-01T00:00:00Z","2024-09-01T00:00:00Z",NULL,NULL,"Usage",NULL,"Azure Load Balancer Load Balancer in West Europe","2024-09-23T20:00:00Z","2024-09-23T19:00:00Z","Usage","cd-554358","commit-4358",NULL,"Used","Committed Use Discount",NULL,4.2900000000,"Hours",NULL,4.548258000000001,1.0602,2.86540254,"Microsoft","INV-202409-74791","Microsoft",4.68897,1.0930,"Committed","USD",4.29,"Hours","Microsoft","Microsoft","westeurope","West Europe","/subscriptions/8a93b2c1-1234-4abc-9def-0123456789ab/resourceGroups/rg-242/providers/Microsoft.Compute/virtualMachines/vm-3916",NULL,"Load Balancer","Networking","Azure Load Balancer","Microsoft","UYU1YOYNZM9HNJIL","Azure Load Balancer Hours",NULL,"NDSLGDO59LBT82N5.CFLOMV2N","sub-2b7c","Staging","BillingProfile","{""application"": ""BrightLensMatrix"", ""environment"": ""staging""}",NULL,NULL,"Usage-Based","Application Networking",1.0602,2.86540254,1.0930,NULL,NULL
"AllocatedMethodId-2429","AllocatedResourceId-6235","AllocatedResourceName-9780","{}",84.6375,"123456789012","SunBird","BillingAccount","USD","2024-10-01T00:00:00Z","2024-09-01T00:00:00Z",NULL,NULL,"Usage",NULL,"Amazon Simple Storage Service Bucket in US West (Oregon)","2024-09-30T01:00:00Z","2024-09-30T00:00:00Z",NULL,NULL,NULL,NULL,NULL,NULL,NULL,444.0000000000,"GB",NULL,138.75,0.3125,84.6375,"AWS","INV-202409-65129","AWS",150.8268,0.3397,"Standard","USD",444.00,"GB","AWS","AWS","us-west-2","US West (Oregon)","arn:aws:ec2:us-west-2:123456789012:instance/i-0090384fa6c8",NULL,"Bucket","Storage","Amazon Simple Storage Service","AWS","SFFOJ8IM01TP8J19","Amazon Simple Storage Service GB",NULL,"OFP9ABNP9MP13MZE.TDS50ESX","663626350770","Zenith Apollo","BillingAccount","{""owner"": ""k.johnson"", ""application"": ""BrightLensMatrix""}",NULL,NULL,"Usage-Based","Object Storage",0.3125,84.6375,0.3397,NULL,NULL
"AllocatedMethodId-5916","AllocatedResourceId-2509","AllocatedResourceName-9125","{}",917.64219918,"123456789012","SunBird","BillingAccount","USD","2024-10-01T00:00:00Z","2024-09-01T00:00:00Z",NULL,NULL,"Usage",NULL,"Elastic Load Balancing Load Balancer in US East (N. Virginia)","2024-09-04T05:00:00Z","2024-09-04T04:00:00Z","Spend","cd-931696","commit-1696",NULL,"Used","Reserved Instance",NULL,301.1900000000,"LCU-Hours",NULL,936.369591,3.1089,917.64219918,"AWS","INV-202409-88399","AWS",996.1256870000001,3.3073,"Committed","USD",301.19,"LCU-Hours","AWS","AWS","us-east-1","US East (N. Virginia)","arn:aws:ec2:us-east-1:123456789012:instance/i-009906bd9249",NULL,"Load Balancer","Networking","Elastic Load Balancing","AWS","V7NJCEC97EA4KOJJ","Elastic Load Balancing LCU-Hours",NULL,"5T27PCFTRHA68NTR.QJVP5SIR","663626350770","Zenith Apollo","BillingAccount",NULL,NULL,NULL,"Usage-Based","Application Networking",3.1089,917.64219918,3.3073,NULL,NULL
"AllocatedMethodId-9067","AllocatedResourceId-7012","AllocatedResourceName-9946","{}",124.8426296,"01ABCD-2345EF-6789GH","Helios Labs","BillingAccount","USD","2024-10-01T00:00:00Z","2024-09-01T00:00:00Z",NULL,NULL,"Usage",NULL,"Cloud Functions Function in Singapore","2024-09-22T08:00:00Z","2024-09-22T07:00:00Z","Usage","cd-168947","commit-8947",NULL,"Used","Savings Plan",NULL,65.3000000000,"Invocations",NULL,201.35908,3.0836,124.8426296,"Google","INV-202409-86901","Google",218.86601,3.3517,"Committed","USD",65.30,"Invocations","Google","Google","asia-southeast1","Singapore","//compute.googleapis.com/projects/Helios Labs/zones/asia-southeast1-a/instances/inst-4576",NULL,"Function","Compute","Cloud Functions","Google","2LPTFBJTJWCUYNGD","Cloud Functions Invocations",NULL,"YK19SSE933180F41.82L0IBTK","proj-helios-dev","helios-dev","BillingAccount","{""application"": ""AtlasPortal""}",NULL,NULL,"Usage-Based","Serverless Compute",3.0836,124.8426296,3.3517,NULL,NULL
"AllocatedMethodId-3638","AllocatedResourceId-3709","AllocatedResourceName-9555","{}",902.3872704,"123456789012","SunBird","BillingAccount","USD","2024-10-01T00:00:00Z","2024-09-01T00:00:00Z",NULL,NULL,"Usage",NULL,"Amazon Elastic Compute Cloud Virtual Machine in US East (N. Virginia)","2024-09-14T05:00:00Z","2024-09-14T04:00:00Z",NULL,NULL,NULL,NULL,NULL,NULL,NULL,263.5600000000,"Hours",NULL,1074.27056,4.0760,902.3872704,"AWS","INV-202409-39406","AWS",1249.1426199999999,4.7395,"Standard","USD",263.56,"Hours","AWS","AWS","us-east-1","US East (N. Virginia)","arn:aws:ec2:us-east-1:123456789012:instance/i-0080c3064c07",NULL,"Virtual Machine","Compute","Amazon Elastic Compute Cloud","AWS","9KUHUJ66BCT0BXR0","Amazon Elastic Compute Cloud Hours",NULL,"BXC6TVF4AQIDS4NB.72982VIY","663626350770","Zenith Apollo","BillingAccount",NULL,NULL,"us-east-1a","Usage-Based","Virtual Machines",4.0760,902.3872704,4.7395,NULL,NULL
"AllocatedMethodId-4208","AllocatedResourceId-4777","AllocatedResourceName-1924","{}",1025.523912,"01ABCD-2345EF-6789GH","Helios Labs","BillingAccount","USD","2024-10-01T00:00:00Z","2024-09-01T00:00:00Z",NULL,NULL,"Purchase",NULL,"Cloud SQL Database Instance in Iowa","2024-09-10T21:00:00Z","2024-09-10T20:00:00Z","Usage","cd-326287","commit-6287",NULL,"Unused","Committed Use Discount",NULL,NULL,NULL,NULL,1025.523912,3.1452,0,"Google","INV-202409-40490","Google",1404.8295100000003,4.3085,"Committed","USD",326.06,"Hours","Google","Google","us-central1","Iowa","//compute.googleapis.com/projects/Helios Labs/zones/us-central1-a/instances/inst-5785",NULL,"Database Instance","Databases","Cloud SQL","Google","8IMVB1L3TFX4D67M","Cloud SQL Hours",NULL,"K6ZCQGYGTOVROTH6.JTWU2S0S","proj-helios-prod","helios-prod","BillingAccount",NULL,NULL,NULL,"One-Time","Relational Databases",3.1452,0,4.3085,NULL,NULL
"AllocatedMethodId-4094","AllocatedResourceId-7057","AllocatedResourceName-2628","{}",526.986708,"01ABCD-2345EF-6789GH","Helios Labs","BillingAccount","USD","2024-10-01T00:00:00Z","2024-09-01T00:00:00Z",NULL,NULL,"Purchase",NULL,"Compute Engine VM Instance in Belgium","2024-09-29T11:00:00Z","2024-09-29T10:00:00Z",NULL,NULL,NULL,NULL,NULL,NULL,NULL,NULL,NULL,NULL,526.986708,3.1098,0,"Google","INV-202409-81584","Google",658.724912,3.8872,"Other","USD",169.46,"Hours","Google","Google","europe-west1","Belgium","//compute.googleapis.com/projects/Helios Labs/zones/europe-west1-a/instances/inst-7005",NULL,"VM Instance","Compute","Compute Engine","Google","CREQP2MPNELN7YWV","Compute Engine Hours",NULL,"Z9VDKIA8BXM8T5J2.XENLRZUE","proj-helios-prod","helios-prod","BillingAccount","{""application"": ""BrightSourceCore"", ""team"": ""payments""}",NULL,NULL,"Recurring","Virtual Machines",3.1098,0,3.8872,NULL,NULL
"AllocatedMethodId-1739","AllocatedResourceId-4031","AllocatedResourceName-3381","{}",593.1419952,"01ABCD-2345EF-6789GH","Helios Labs","BillingAccount","USD","2024-10-01T00:00:00Z","2024-09-01T00:00:00Z",NULL,NULL,"Usage",NULL,"BigQuery Dataset in Iowa","2024-09-02T22:00:00Z","2024-09-02T21:00:00Z","Usage","cd-571558","commit-1558",NULL,"Unused","Reserved Instance",NULL,NULL,NULL,NULL,859.62608,2.3585,593.1419952,"Google","INV-202409-93760","Google",1074.523488,2.9481,"Standard","USD",364.48,"GiB","Google","Google","us-central1","Iowa","//compute.googleapis.com/projects/Helios Labs/zones/us-central1-a/instances/inst-8538",NULL,"Dataset","Analytics","BigQuery","Google","OH2PT1MLGXXOP3UM","BigQuery GiB",NULL,"G5UI8YGLKQBDCIUM.5V8F8OVC","proj-helios-prod","helios-prod","BillingAccount","{""owner"": ""a.lovelace""}",NULL,NULL,"Usage-Based","Data Warehouses",2.3585,593.1419952,2.9481,NULL,NULL
"AllocatedMethodId-2825","AllocatedResourceId-5311","AllocatedResourceName-1185","{}",320.609287,"ocid1.tenancy.oc1..aaaa1234","Meridian OCI","Tenancy","USD","2024-10-01T00:00:00Z","2024-09-01T00:00:00Z",NULL,NULL,"Purchase",NULL,"Oracle Autonomous Database Database in US East (Ashburn)","2024-09-16T21:00:00Z","2024-09-16T20:00:00Z","Spend","cd-688486","commit-8486",NULL,"Used","Committed Use Discount",NULL,NULL,NULL,NULL,320.609287,1.2407,0,"Oracle","INV-202409-37036","Oracle",337.48346000000004,1.3060,"Other","USD",258.41,"Hours","Oracle","Oracle","us-ashburn-1","US East (Ashburn)","ocid1.instance.oc1.us-ashburn-1.007a5b0ff30a",NULL,"Database","Databases","Oracle Autonomous Database","Oracle","ORS53L50MJAWXFX3","Oracle Autonomous Database Hours",NULL,"AQWMOASOQR9HX96J.Y74SSOP5","ocid1.compartment.oc1..dev","development","Tenancy","{""environment"": ""staging"", ""application"": ""BrightSourceCore""}",NULL,NULL,"Recurring","Relational Databases",1.2407,0,1.3060,NULL,NULL
"AllocatedMethodId-6623","AllocatedResourceId-5820","AllocatedResourceName-3334","{}",275.8832258,"8a93b2c1-1234-4abc-9def-0123456789ab","Contoso Cloud","BillingProfile","USD","2024-10-01T00:00:00Z","2024-09-01T00:00:00Z",NULL,NULL,"Usage",NULL,"Azure Functions Function App in East US","2024-09-01T21:00:00Z","2024-09-01T20:00:00Z",NULL,NULL,NULL,NULL,NULL,NULL,NULL,398.1200000000,"Executions",NULL,424.43573200000003,1.0661,275.8832258,"Microsoft","INV-202409-55703","Microsoft",442.11226000000005,1.1105,"Other","USD",398.12,"Executions","Microsoft","Microsoft","eastus","East US","/subscriptions/8a93b2c1-1234-4abc-9def-0123456789ab/resourceGroups/rg-729/providers/Microsoft.Compute/virtualMachines/vm-5695",NULL,"Function App","Compute","Azure Functions","Microsoft","Q6TSODVNTQ4VWB6J","Azure Functions Executions",NULL,"O9J789GZFO3FU68B.5OJ5HTYO","sub-9a1f","Production","BillingProfile","{""cost_center"": ""CC-3090"", ""team"": ""infra""}",NULL,"westeurope-2","Usage-Based","Serverless Compute",1.0661,275.8832258,1.1105,NULL,NULL
"AllocatedMethodId-6114","AllocatedResourceId-5285","AllocatedResourceName-4916","{}",24.25512292,"01ABCD-2345EF-6789GH","Helios Labs","BillingAccount","USD","2024-10-01T00:00:00Z","2024-09-01T00:00:00Z",NULL,NULL,"Tax",NULL,"Tax charge in Northern Virginia","2024-09-27T23:00:00Z","2024-09-27T22:00:00Z",NULL,NULL,NULL,NULL,NULL,NULL,NULL,NULL,NULL,NULL,87.6627660000,NULL,24.25512292,"Google","INV-202409-17936","Google",14.0607390000,NULL,NULL,"USD",NULL,NULL,"Google","Google",NULL,NULL,NULL,NULL,NULL,"Other","Tax","Google",NULL,NULL,NULL,NULL,"proj-helios-prod","helios-prod","BillingAccount","{""environment"": ""qa""}",NULL,NULL,"One-Time","Other (Security)",NULL,24.25512292,NULL,NULL,NULL
"AllocatedMethodId-2877","AllocatedResourceId-6791","AllocatedResourceName-8591","{}",69.88301536,"01ABCD-2345EF-6789GH","Helios Labs","BillingAccount","USD","2024-10-01T00:00:00Z","2024-09-01T00:00:00Z",NULL,NULL,"Usage",NULL,"Compute Engine VM Instance in Belgium","2024-09-16T02:00:00Z","2024-09-16T01:00:00Z","Spend","cd-856184","commit-6184",NULL,"Used","Reserved Instance",NULL,90.2900000000,"Hours",NULL,104.303008,1.1552,69.88301536,"Google","INV-202409-44752","Google",165.555744,1.8336,"Committed","USD",90.29,"Hours","Google","Google","europe-west1","Belgium","//compute.googleapis.com/projects/Helios Labs/zones/europe-west1-a/instances/inst-2182",NULL,"VM Instance","Compute","Compute Engine","Google","L4O5RCQR5F8EMJSC","Compute Engine Hours",NULL,"0JES0GONWQ2MP4DK.UUWZMS9H","proj-helios-dev","helios-dev","BillingAccount","{""business_unit"": ""OsloData"", ""owner"": ""a.lovelace"", ""application"": ""AtlasPortal""}",NULL,"asia-southeast1-c","Usage-Based","Virtual Machines",1.1552,69.88301536,1.8336,NULL,NULL
"AllocatedMethodId-5215","AllocatedResourceId-3813","AllocatedResourceName-9835","{}",494.85938656,"ocid1.tenancy.oc1..aaaa1234","Meridian OCI","Tenancy","USD","2024-10-01T00:00:00Z","2024-09-01T00:00:00Z",NULL,NULL,"Usage",NULL,"Oracle Compute Instance in Australia East (Sydney)","2024-09-20T05:00:00Z","2024-09-20T04:00:00Z",NULL,NULL,NULL,NULL,NULL,NULL,NULL,375.7600000000,"Hours",NULL,727.7343920000001,1.9367,494.85938656,"Oracle","INV-202409-12717","Oracle",1212.8781279999998,3.2278,"Standard","USD",375.76,"Hours","Oracle","Oracle","ap-sydney-1","Australia East (Sydney)","ocid1.instance.oc1.ap-sydney-1.0059ec02b81f",NULL,"Instance","Compute","Oracle Compute","Oracle","GA6L2RU2RX0WJXB5","Oracle Compute Hours",NULL,"1MO4O0SMXO5HLGSZ.PD5DDV7N","ocid1.compartment.oc1..prod","production","Tenancy","{""cost_center"": ""CC-3090""}",NULL,"us-ashburn-1-AD-1","Usage-Based","Virtual Machines",1.9367,494.85938656,3.2278,NULL,NULL
"AllocatedMethodId-2511","AllocatedResourceId-7756","AllocatedResourceName-7347","{}",1024.589552,"ocid1.tenancy.oc1..aaaa1234","Meridian OCI","Tenancy","USD","2024-10-01T00:00:00Z","2024-09-01T00:00:00Z",NULL,NULL,"Usage",NULL,"Oracle Object Storage Bucket in US East (Ashburn)","2024-09-03T20:00:00Z","2024-09-03T19:00:00Z",NULL,NULL,NULL,NULL,NULL,NULL,NULL,344.0000000000,"GB",NULL,1296.9488,3.7702,1024.589552,"Oracle","INV-202409-18560","Oracle",1621.2032,4.7128,"Standard","USD",344.00,"GB","Oracle","Oracle","us-ashburn-1","US East (Ashburn)","ocid1.instance.oc1.us-ashburn-1.007d61e74b49",NULL,"Bucket","Storage","Oracle Object Storage","Oracle","B7PTCK63RANNRZR4","Oracle Object Storage GB",NULL,"MXOVYKGUSJ0I03F7.8K04DFN1","ocid1.compartment.oc1..prod","production","Tenancy","{""team"": ""payments"", ""owner"": ""k.johnson""}",NULL,NULL,"Usage-Based","Object Storage",3.7702,1024.589552,4.7128,NULL,NULL
"AllocatedMethodId-5588","AllocatedResourceId-6597","AllocatedResourceName-4695","{}",747.71802168,"ocid1.tenancy.oc1..aaaa1234","Meridian OCI","Tenancy","USD","2024-10-01T00:00:00Z","2024-09-01T00:00:00Z",NULL,NULL,"Tax",NULL,"Tax charge in US East (Ashburn)","2024-09-06T04:00:00Z","2024-09-06T03:00:00Z",NULL,NULL,NULL,NULL,NULL,NULL,NULL,NULL,NULL,NULL,89.1857120000,NULL,747.71802168,"Oracle","INV-202409-13161","Oracle",97.4269910000,NULL,NULL,"USD",NULL,NULL,"Oracle","Oracle",NULL,NULL,NULL,NULL,NULL,"Other","Tax","Oracle",NULL,NULL,NULL,NULL,"ocid1.compartment.oc1..prod","production","Tenancy","{""business_unit"": ""LisbonOps"", ""team"": ""payments""}",NULL,NULL,"One-Time","Other (Security)",NULL,747.71802168,NULL,NULL,NULL
"AllocatedMethodId-3681","AllocatedResourceId-4835","AllocatedResourceName-7531","{}",81.147066,"ocid1.tenancy.oc1..aaaa1234","Meridian OCI","Tenancy","USD","2024-10-01T00:00:00Z","2024-09-01T00:00:00Z",NULL,NULL,"Usage",NULL,"Oracle Functions Function in Australia East (Sydney)","2024-09-26T13:00:00Z","2024-09-26T12:00:00Z",NULL,NULL,NULL,NULL,NULL,NULL,NULL,230.1000000000,"Invocations",NULL,115.92438,0.5038,81.147066,"Oracle","INV-202409-69850","Oracle",173.01219,0.7519,"Standard","USD",230.10,"Invocations","Oracle","Oracle","ap-sydney-1","Australia East (Sydney)","ocid1.instance.oc1.ap-sydney-1.004c74ba695d",NULL,"Function","Compute","Oracle Functions","Oracle","N9E465NX0OLEG639","Oracle Functions Invocations",NULL,"GYJY742OVHDW3NTT.07VACS2Q","ocid1.compartment.oc1..dev","development","Tenancy","{""environment"": ""prod"", ""application"": ""NimbusAPI""}",NULL,NULL,"Usage-Based","Serverless Compute",0.5038,81.147066,0.7519,NULL,NULL
"AllocatedMethodId-5275","AllocatedResourceId-1657","AllocatedResourceName-3803","{}",247.40712,"123456789012","SunBird","BillingAccount","USD","2024-10-01T00:00:00Z","2024-09-01T00:00:00Z",NULL,NULL,"Usage",NULL,"Amazon Simple Queue Service Queue in Asia Pacific (Sydney)","2024-09-27T01:00:00Z","2024-09-27T00:00:00Z","Spend","cd-501900","commit-1900",NULL,"Unused","Committed Use Discount",NULL,NULL,NULL,NULL,247.40712,0.5576,247.40712,"AWS","INV-202409-65888","AWS",294.52806,0.6638,"Committed","USD",443.70,"Requests","AWS","AWS","ap-southeast-2","Asia Pacific (Sydney)","arn:aws:ec2:ap-southeast-2:123456789012:instance/i-009069411fb9",NULL,"Queue","Integration","Amazon Simple Queue Service","AWS","PZAB2XXAQA9RHM6O","Amazon Simple Queue Service Requests",NULL,"6DGE3UJ8IA4A5468.ZH7LX0E0","517389287820","Atlas Nimbus","BillingAccount","{""team"": ""payments"", ""owner"": ""a.turing""}",NULL,"eu-west-1c","Usage-Based","Messaging",0.5576,247.40712,0.6638,NULL,NULL
"AllocatedMethodId-6363","AllocatedResourceId-3321","AllocatedResourceName-7764","{}",427.73201856,"123456789012","SunBird","BillingAccount","USD","2024-10-01T00:00:00Z","2024-09-01T00:00:00Z",NULL,NULL,"Usage",NULL,"Amazon Simple Storage Service Bucket in US East (N. Virginia)","2024-09-08T07:00:00Z","2024-09-08T06:00:00Z","Usage","cd-832867","commit-2867",NULL,"Unused","Committed Use Discount",NULL,NULL,NULL,NULL,555.496128,1.3211,427.73201856,"AWS","INV-202409-60909","AWS",910.6335360000002,2.1657,"Standard","USD",420.48,"GB","AWS","AWS","us-east-1","US East (N. Virginia)","arn:aws:ec2:us-east-1:123456789012:instance/i-002518f0a746",NULL,"Bucket","Storage","Amazon Simple Storage Service","AWS","TN87MMLM7QBHLZE3","Amazon Simple Storage Service GB",NULL,"ZQ9X22SK2NU9QD3B.UT3JDI1R","517389287820","Atlas Nimbus","BillingAccount","{""team"": ""growth""}",NULL,NULL,"Usage-Based","Object Storage",1.3211,427.73201856,2.1657,NULL,NULL
"AllocatedMethodId-7598","AllocatedResourceId-6460","AllocatedResourceName-5275","{}",486.0819816,"ocid1.tenancy.oc1..aaaa1234","Meridian OCI","Tenancy","USD","2024-10-01T00:00:00Z","2024-09-01T00:00:00Z",NULL,NULL,"Usage",NULL,"Oracle Load Balancer Load Balancer in UK South (London)","2024-09-05T18:00:00Z","2024-09-05T17:00:00Z",NULL,NULL,NULL,NULL,NULL,NULL,NULL,350.8300000000,"Hours",NULL,704.46664,2.0080,486.0819816,"Oracle","INV-202409-34798","Oracle",718.8506699999999,2.0490,"Standard","USD",350.83,"Hours","Oracle","Oracle","uk-london-1","UK South (London)","ocid1.instance.oc1.uk-london-1.008fda25d643",NULL,"Load Balancer","Networking","Oracle Load Balancer","Oracle","4ZYCDLKABP1TIN6K","Oracle Load Balancer Hours",NULL,"IPVULJBTGKQVZLGJ.BKXQBQGF","ocid1.compartment.oc1..dev","development","Tenancy","{""application"": ""BrightLensMatrix""}",NULL,NULL,"Usage-Based","Application Networking",2.0080,486.0819816,2.0490,NULL,NULL
"AllocatedMethodId-9724","AllocatedResourceId-9647","AllocatedResourceName-8651","{}",417.74885568,"01ABCD-2345EF-6789GH","Helios Labs","BillingAccount","USD","2024-10-01T00:00:00Z","2024-09-01T00:00:00Z",NULL,NULL,"Usage",NULL,"Cloud Storage Bucket in Singapore","2024-09-05T04:00:00Z","2024-09-05T03:00:00Z",NULL,NULL,NULL,NULL,NULL,NULL,NULL,207.8700000000,"GiB",NULL,580.206744,2.7912,417.74885568,"Google","INV-202409-60462","Google",637.599651,3.0673,"Standard","USD",207.87,"GiB","Google","Google","asia-southeast1","Singapore","//compute.googleapis.com/projects/Helios Labs/zones/asia-southeast1-a/instances/inst-7435",NULL,"Bucket","Storage","Cloud Storage","Google","DMGSMAZGTPL66X7S","Cloud Storage GiB",NULL,"2CB09H9IO4EDQTD5.GGO1Q18D","proj-helios-dev","helios-dev","BillingAccount","{""owner"": ""g.hopper"", ""environment"": ""qa"", ""team"": ""growth""}",NULL,NULL,"Usage-Based","Object Storage",2.7912,417.74885568,3.0673,NULL,NULL
"AllocatedMethodId-3739","AllocatedResourceId-2527","AllocatedResourceName-2042","{}",478.09558215,"01ABCD-2345EF-6789GH","Helios Labs","BillingAccount","USD","2024-10-01T00:00:00Z","2024-09-01T00:00:00Z",NULL,NULL,"Usage",NULL,"Cloud Functions Function in Iowa","2024-09-26T14:00:00Z","2024-09-26T13:00:00Z",NULL,NULL,NULL,NULL,NULL,NULL,NULL,398.0100000000,"Invocations",NULL,654.9254549999999,1.6455,478.09558215,"Google","INV-202409-49107","Google",963.104598,2.4198,"Dynamic","USD",398.01,"Invocations","Google","Google","us-central1","Iowa","//compute.googleapis.com/projects/Helios Labs/zones/us-central1-a/instances/inst-4866",NULL,"Function","Compute","Cloud Functions","Google","2DO35MO6ABQFQMK0","Cloud Functions Invocations",NULL,"TTHAQINJAC9YX8YL.MOQ957EO","proj-helios-prod","helios-prod","BillingAccount","{""business_unit"": ""OsloData"", ""application"": ""BrightSourceCore""}",NULL,NULL,"Usage-Based","Serverless Compute",1.6455,478.09558215,2.4198,NULL,NULL
"AllocatedMethodId-9263","AllocatedResourceId-4311","AllocatedResourceName-1734","{}",317.4844044,"01ABCD-2345EF-6789GH","Helios Labs","BillingAccount","USD","2024-10-01T00:00:00Z","2024-09-01T00:00:00Z",NULL,NULL,"Usage",NULL,"BigQuery Dataset in Singapore","2024-09-21T00:00:00Z","2024-09-20T23:00:00Z","Spend","cd-540146","commit-0146",NULL,"Used","Savings Plan",NULL,109.7400000000,"GiB",NULL,373.511064,3.4036,317.4844044,"Google","INV-202409-90390","Google",385.066686,3.5089,"Dynamic","USD",109.74,"GiB","Google","Google","asia-southeast1","Singapore","//compute.googleapis.com/projects/Helios Labs/zones/asia-southeast1-a/instances/inst-9905",NULL,"Dataset","Analytics","BigQuery","Google","JQ4ZH3RDOUNCCVY7","BigQuery GiB",NULL,"RH2J5NRDZ5VQHOLY.MAGUD9II","proj-helios-dev","helios-dev","BillingAccount","{""business_unit"": ""MarseilleSRE""}",NULL,"asia-southeast1-c","Usage-Based","Data Warehouses",3.4036,317.4844044,3.5089,NULL,NULL
"AllocatedMethodId-3587","AllocatedResourceId-3047","AllocatedResourceName-2727","{}",512.754176,"8a93b2c1-1234-4abc-9def-0123456789ab","Contoso Cloud","BillingProfile","USD","2024-10-01T00:00:00Z","2024-09-01T00:00:00Z",NULL,NULL,"Usage",NULL,"Azure Blob Storage Storage Account in East US","2024-09-09T20:00:00Z","2024-09-09T19:00:00Z",NULL,NULL,NULL,NULL,NULL,NULL,NULL,160.9600000000,"GB",NULL,512.754176,3.1856,512.754176,"Microsoft","INV-202409-51673","Microsoft",563.4726720000001,3.5007,"Other","USD",160.96,"GB","Microsoft","Microsoft","eastus","East US","/subscriptions/8a93b2c1-1234-4abc-9def-0123456789ab/resourceGroups/rg-391/providers/Microsoft.Compute/virtualMachines/vm-5977",NULL,"Storage Account","Storage","Azure Blob Storage","Microsoft","0I63MRVHIXH2J8VV","Azure Blob Storage GB",NULL,"8Y5PHYCJ461MS820.XZGI7D0W","sub-9a1f","Production","BillingProfile",NULL,NULL,"westeurope-2","Usage-Based","Object Storage",3.1856,512.754176,3.5007,NULL,NULL
"AllocatedMethodId-7481","AllocatedResourceId-1635","AllocatedResourceName-3393","{}",230.66172888,"123456789012","SunBird","BillingAccount","USD","2024-10-01T00:00:00Z","2024-09-01T00:00:00Z",NULL,NULL,"Usage",NULL,"AWS Lambda Function in Europe (Ireland)","2024-09-04T09:00:00Z","2024-09-04T08:00:00Z",NULL,NULL,NULL,NULL,NULL,NULL,NULL,191.1800000000,"Requests",NULL,265.128424,1.3868,230.66172888,"AWS","INV-202409-10144","AWS",373.412776,1.9532,"Standard","USD",191.18,"Requests","AWS","AWS","eu-west-1","Europe (Ireland)","arn:aws:ec2:eu-west-1:123456789012:instance/i-003ce401392d",NULL,"Function","Compute","AWS Lambda","AWS","87EARKN9ULQ2ZUWS","AWS Lambda Requests",NULL,"WC6UUQ87V6CYDTP9.4678S8TR","517389287820","Atlas Nimbus","BillingAccount","{""business_unit"": ""ViennaAI""}",NULL,"us-west-2b","Usage-Based","Serverless Compute",1.3868,230.66172888,1.9532,NULL,NULL
"AllocatedMethodId-5509","AllocatedResourceId-3905","AllocatedResourceName-3246","{}",108.30682616,"ocid1.tenancy.oc1..aaaa1234","Meridian OCI","Tenancy","USD","2024-10-01T00:00:00Z","2024-09-01T00:00:00Z",NULL,NULL,"Usage",NULL,"Oracle Load Balancer Load Balancer in US East (Ashburn)","2024-09-26T11:00:00Z","2024-09-26T10:00:00Z","Usage","cd-100933","commit-0933",NULL,"Unused","Savings Plan",NULL,NULL,NULL,NULL,130.490152,0.4054,108.30682616,"Oracle","INV-202409-73730","Oracle",169.46982,0.5265,"Other","USD",321.88,"Hours","Oracle","Oracle","us-ashburn-1","US East (Ashburn)","ocid1.instance.oc1.us-ashburn-1.00982dcfc094",NULL,"Load Balancer","Networking","Oracle Load Balancer","Oracle","FVOBKONMY32DWJ5I","Oracle Load Balancer Hours",NULL,"WO8TGJ2GOJXOPIW7.96QBTF1L","ocid1.compartment.oc1..dev","development","Tenancy",NULL,NULL,NULL,"Usage-Based","Application Networking",0.4054,108.30682616,0.5265,NULL,NULL
"AllocatedMethodId-6974","AllocatedResourceId-1534","AllocatedResourceName-2389","{}",472.156014,"123456789012","SunBird","BillingAccount","USD","2024-10-01T00:00:00Z","2024-09-01T00:00:00Z",NULL,NULL,"Usage",NULL,"Amazon Simple Storage Service Bucket in US East (N. Virginia)","2024-09-14T22:00:00Z","2024-09-14T21:00:00Z",NULL,NULL,NULL,NULL,NULL,NULL,NULL,323.5000000000,"GB",NULL,715.3879,2.2114,472.156014,"AWS","INV-202409-54186","AWS",831.8479000000001,2.5714,"Standard","USD",323.50,"GB","AWS","AWS","us-east-1","US East (N. Virginia)","arn:aws:ec2:us-east-1:123456789012:instance/i-001829c52b44",NULL,"Bucket","Storage","Amazon Simple Storage Service","AWS","5GP455OAVGTZA2M5","Amazon Simple Storage Service GB",NULL,"LDTCPLTASTBGKE29.V1NTMZER","517389287820","Atlas Nimbus","BillingAccount","{""application"": ""BrightLensMatrix""}",NULL,"us-east-1a","Usage-Based","Object Storage",2.2114,472.156014,2.5714,NULL,NULL
"AllocatedMethodId-7732","AllocatedResourceId-8075","AllocatedResourceName-5999","{}",847.60422786,"8a93b2c1-1234-4abc-9def-0123456789ab","Contoso Cloud","BillingProfile","USD","2024-10-01T00:00:00Z","2024-09-01T00:00:00Z",NULL,NULL,"Usage",NULL,"Azure Functions Function App in East US","2024-09-11T05:00:00Z","2024-09-11T04:00:00Z","Usage","cd-462005","commit-2005",NULL,"Unused","Savings Plan",NULL,NULL,NULL,NULL,1086.672087,2.2251,847.60422786,"Microsoft","INV-202409-91819","Microsoft",1309.2222960000001,2.6808,"Committed","USD",488.37,"Executions","Microsoft","Microsoft","eastus","East US","/subscriptions/8a93b2c1-1234-4abc-9def-0123456789ab/resourceGroups/rg-21/providers/Microsoft.Compute/virtualMachines/vm-4176",NULL,"Function App","Compute","Azure Functions","Microsoft","G06WMFA74CETYH64","Azure Functions Executions",NULL,"DK4OIRY38OFTYRKV.B67LPJQM","sub-2b7c","Staging","BillingProfile","{""owner"": ""g.hopper"", ""environment"": ""dev"", ""team"": ""payments""}",NULL,"westeurope-2","Usage-Based","Serverless Compute",2.2251,847.60422786,2.6808,NULL,NULL
"AllocatedMethodId-3410","AllocatedResourceId-5363","AllocatedResourceName-2778","{}",172.10898873,"ocid1.tenancy.oc1..aaaa1234","Meridian OCI","Tenancy","USD","2024-10-01T00:00:00Z","2024-09-01T00:00:00Z",NULL,NULL,"Usage",NULL,"Oracle Functions Function in US East (Ashburn)","2024-09-11T16:00:00Z","2024-09-11T15:00:00Z","Spend","cd-341709","commit-1709",NULL,"Used","Savings Plan",NULL,356.6900000000,"Invocations",NULL,273.188871,0.7659,172.10898873,"Oracle","INV-202409-48970","Oracle",293.734215,0.8235,"Committed","USD",356.69,"Invocations","Oracle","Oracle","us-ashburn-1","US East (Ashburn)","ocid1.instance.oc1.us-ashburn-1.0060edc26a0d",NULL,"Function","Compute","Oracle Functions","Oracle","ZBWZJ2QXBX0W7KYF","Oracle Functions Invocations",NULL,"1GMRO7EJV9DLUZKF.2R41DTTD","ocid1.compartment.oc1..prod","production","Tenancy","{""cost_center"": ""CC-2042""}",NULL,NULL,"Usage-Based","Serverless Compute",0.7659,172.10898873,0.8235,NULL,NULL
"AllocatedMethodId-8505","AllocatedResourceId-6685","AllocatedResourceName-7581","{}",47.3293952,"01ABCD-2345EF-6789GH","Helios Labs","BillingAccount","USD","2024-10-01T00:00:00Z","2024-09-01T00:00:00Z",NULL,NULL,"Usage",NULL,"Cloud Storage Bucket in Northern Virginia","2024-09-17T01:00:00Z","2024-09-17T00:00:00Z","Usage","cd-267984","commit-7984",NULL,"Unused","Savings Plan",NULL,NULL,NULL,NULL,49.820416,1.8176,47.3293952,"Google","INV-202409-33266","Google",55.35449499999999,2.0195,"Dynamic","USD",27.41,"GiB","Google","Google","us-east4","Northern Virginia","//compute.googleapis.com/projects/Helios Labs/zones/us-east4-a/instances/inst-5473",NULL,"Bucket","Storage","Cloud Storage","Google","S4YYO544LTLQK46T","Cloud Storage GiB",NULL,"EL850GI6J1GKR932.S6ETC09H","proj-helios-dev","helios-dev","BillingAccount","{""application"": ""BrightLensMatrix"", ""business_unit"": ""MarseilleSRE"", ""environment"": ""qa""}",NULL,NULL,"Usage-Based","Object Storage",1.8176,47.3293952,2.0195,NULL,NULL
"AllocatedMethodId-2182","AllocatedResourceId-4414","AllocatedResourceName-8736","{}",142.7731536,"123456789012","SunBird","BillingAccount","USD","2024-10-01T00:00:00Z","2024-09-01T00:00:00Z",NULL,NULL,"Usage",NULL,"AWS Lambda Function in US East (N. Virginia)","2024-09-02T14:00:00Z","2024-09-02T13:00:00Z",NULL,NULL,NULL,NULL,NULL,NULL,NULL,71.6100000000,"Requests",NULL,178.466442,2.4922,142.7731536,"AWS","INV-202409-98291","AWS",283.281999,3.9559,"Standard","USD",71.61,"Requests","AWS","AWS","us-east-1","US East (N. Virginia)","arn:aws:ec2:us-east-1:123456789012:instance/i-008c8f187da6",NULL,"Function","Compute","AWS Lambda","AWS","EYWZM80UELBVQHWI","AWS Lambda Requests",NULL,"6B460T34AH0YIBJP.MYI5BZXP","438839167390","Zenith Eclipse","BillingAccount",NULL,NULL,"us-west-2b","Usage-Based","Serverless Compute",2.4922,142.7731536,3.9559,NULL,NULL
"AllocatedMethodId-3980","AllocatedResourceId-9596","AllocatedResourceName-2535","{}",51.11136991,"01ABCD-2345EF-6789GH","Helios Labs","BillingAccount","USD","2024-10-01T00:00:00Z","2024-09-01T00:00:00Z",NULL,NULL,"Usage",NULL,"BigQuery Dataset in Belgium","2024-09-15T00:00:00Z","2024-09-14T23:00:00Z",NULL,NULL,NULL,NULL,NULL,NULL,NULL,324.8900000000,"GiB",NULL,83.789131,0.2579,51.11136991,"Google","INV-202409-80642","Google",110.26766599999999,0.3394,"Standard","USD",324.89,"GiB","Google","Google","europe-west1","Belgium","//compute.googleapis.com/projects/Helios Labs/zones/europe-west1-a/instances/inst-4569",NULL,"Dataset","Analytics","BigQuery","Google","DVCDRUFBZY0AX96C","BigQuery GiB",NULL,"UKQN6FV76PKJX5DK.HG08YZCK","proj-helios-prod","helios-prod","BillingAccount","{""environment"": ""staging"", ""cost_center"": ""CC-3090""}",NULL,NULL,"Usage-Based","Data Warehouses",0.2579,51.11136991,0.3394,NULL,NULL
"AllocatedMethodId-9083","AllocatedResourceId-8009","AllocatedResourceName-7840","{}",956.729988,"01ABCD-2345EF-6789GH","Helios Labs","BillingAccount","USD","2024-10-01T00:00:00Z","2024-09-01T00:00:00Z",NULL,NULL,"Purchase",NULL,"Cloud Functions Function in Northern Virginia","2024-09-19T13:00:00Z","2024-09-19T12:00:00Z",NULL,NULL,NULL,NULL,NULL,NULL,NULL,NULL,NULL,NULL,956.729988,2.3148,0,"Google","INV-202409-77029","Google",996.573072,2.4112,"Standard","USD",413.31,"Invocations","Google","Google","us-east4","Northern Virginia","//compute.googleapis.com/projects/Helios Labs/zones/us-east4-a/instances/inst-2397",NULL,"Function","Compute","Cloud Functions","Google","EUP9OOYYTSMS3SOD","Cloud Functions Invocations",NULL,"OSJ139RVZ1EGVWZ9.E0AYTDX2","proj-helios-dev","helios-dev","BillingAccount","{""owner"": ""g.hopper"", ""cost_center"": ""CC-2042""}",NULL,NULL,"One-Time","Serverless Compute",2.3148,0,2.4112,NULL,NULL
"AllocatedMethodId-7949","AllocatedResourceId-8405","AllocatedResourceName-8681","{}",54.2639736,"123456789012","SunBird","BillingAccount","USD","2024-10-01T00:00:00Z","2024-09-01T00:00:00Z",NULL,NULL,"Usage",NULL,"AWS Lambda Function in US East (N. Virginia)","2024-09-24T06:00:00Z","2024-09-24T05:00:00Z","Spend","cd-593953","commit-3953",NULL,"Unused","Reserved Instance",NULL,NULL,NULL,NULL,60.293304,0.3166,54.2639736,"AWS","INV-202409-54869","AWS",91.354068,0.4797,"Committed","USD",190.44,"Requests","AWS","AWS","us-east-1","US East (N. Virginia)","arn:aws:ec2:us-east-1:123456789012:instance/i-00972f81723c",NULL,"Function","Compute","AWS Lambda","AWS","MAH1TZXJG4SXZU98","AWS Lambda Requests",NULL,"8RM919STO9BZ7RGT.X3WW3M9E","438839167390","Zenith Eclipse","BillingAccount","{""owner"": ""a.turing"", ""application"": ""NimbusAPI"", ""environment"": ""dev""}",NULL,NULL,"Usage-Based","Serverless Compute",0.3166,54.2639736,0.4797,NULL,NULL
"AllocatedMethodId-8099","AllocatedResourceId-7804","AllocatedResourceName-7876","{}",148.38963546,"8a93b2c1-1234-4abc-9def-0123456789ab","Contoso Cloud","BillingProfile","USD","2024-10-01T00:00:00Z","2024-09-01T00:00:00Z",NULL,NULL,"Usage",NULL,"Azure Functions Function App in East US","2024-09-19T03:00:00Z","2024-09-19T02:00:00Z",NULL,NULL,NULL,NULL,NULL,NULL,NULL,62.5700000000,"Executions",NULL,224.832781,3.5933,148.38963546,"Microsoft","INV-202409-33933","Microsoft",247.07015900000002,3.9487,"Standard","USD",62.57,"Executions","Microsoft","Microsoft","eastus","East US","/subscriptions/8a93b2c1-1234-4abc-9def-0123456789ab/resourceGroups/rg-463/providers/Microsoft.Compute/virtualMachines/vm-3391",NULL,"Function App","Compute","Azure Functions","Microsoft","S5N2Z73YX0S5G8F4","Azure Functions Executions",NULL,"WORC1G2WHF5U0NSR.D0DJHCGY","sub-2b7c","Staging","BillingProfile","{""cost_center"": ""CC-1001""}",NULL,"uksouth-1","Usage-Based","Serverless Compute",3.5933,148.38963546,3.9487,NULL,NULL
"AllocatedMethodId-7135","AllocatedResourceId-8691","AllocatedResourceName-9342","{}",99.406944,"ocid1.tenancy.oc1..aaaa1234","Meridian OCI","Tenancy","USD","2024-10-01T00:00:00Z","2024-09-01T00:00:00Z",NULL,NULL,"Usage",NULL,"Oracle Object Storage Bucket in UK South (London)","2024-09-10T04:00:00Z","2024-09-10T03:00:00Z",NULL,NULL,NULL,NULL,NULL,NULL,NULL,189.6500000000,"GB",NULL,157.7888,0.8320,99.406944,"Oracle","INV-202409-52963","Oracle",197.23600000000002,1.0400,"Standard","USD",189.65,"GB","Oracle","Oracle","uk-london-1","UK South (London)","ocid1.instance.oc1.uk-london-1.008553e74663",NULL,"Bucket","Storage","Oracle Object Storage","Oracle","492K13HX1FT3AEK8","Oracle Object Storage GB",NULL,"NQWSFYRYB5GWCA1Z.WK9VMDCQ","ocid1.compartment.oc1..prod","production","Tenancy","{""environment"": ""prod"", ""team"": ""payments""}",NULL,NULL,"Usage-Based","Object Storage",0.8320,99.406944,1.0400,NULL,NULL
"AllocatedMethodId-9837","AllocatedResourceId-1037","AllocatedResourceName-2573","{}",35.2585262,"ocid1.tenancy.oc1..aaaa1234","Meridian OCI","Tenancy","USD","2024-10-01T00:00:00Z","2024-09-01T00:00:00Z",NULL,NULL,"Usage",NULL,"Oracle Load Balancer Load Balancer in UK South (London)","2024-09-07T10:00:00Z","2024-09-07T09:00:00Z",NULL,NULL,NULL,NULL,NULL,NULL,NULL,488.2100000000,"Hours",NULL,38.324484999999996,0.0785,35.2585262,"Oracle","INV-202409-89150","Oracle",45.06178299999999,0.0923,"Other","USD",488.21,"Hours","Oracle","Oracle","uk-london-1","UK South (London)","ocid1.instance.oc1.uk-london-1.0025ebedf946",NULL,"Load Balancer","Networking","Oracle Load Balancer","Oracle","F6ANSJAY93LE5BR1","Oracle Load Balancer Hours",NULL,"074B9H5YJHF14GJP.CQYV6OZX","ocid1.compartment.oc1..prod","production","Tenancy","{""owner"": ""k.johnson"", ""team"": ""platform""}",NULL,"us-ashburn-1-AD-1","Usage-Based","Application Networking",0.0785,35.2585262,0.0923,NULL,NULL
