"BilledCost","BillingAccountId","BillingAccountName","BillingAccountType","BillingCurrency","BillingPeriodEnd","BillingPeriodStart","CapacityReservationId","CapacityReservationStatus","ChargeCategory","ChargeClass","ChargeDescription","ChargePeriodEnd","ChargePeriodStart","CommitmentDiscountCategory","CommitmentDiscountId","CommitmentDiscountName","CommitmentDiscountQuantity","CommitmentDiscountStatus","CommitmentDiscountType","CommitmentDiscountUnit","ConsumedQuantity","ConsumedUnit","ContractedCost","ContractedUnitPrice","EffectiveCost","InvoiceIssuerName","ListCost","ListUnitPrice","PricingCategory","PricingCurrency","PricingQuantity","PricingUnit","ProviderName","PublisherName","RegionId","RegionName","ResourceId","ResourceName","ResourceType","ServiceCategory","ServiceName","SkuId","SkuMeter","SkuPriceDetails","SkuPriceId","SubAccountId","SubAccountName","SubAccountType","Tags","AvailabilityZone","ChargeFrequency","InvoiceId","ServiceSubcategory","PricingCurrencyContractedUnitPrice","PricingCurrencyEffectiveCost","PricingCurrencyListUnitPrice"
468.17049576,"123456789012","SunBird","BillingAccount","USD","2024-10-01T00:00:00Z","2024-09-01T00:00:00Z",NULL,NULL,"Usage",NULL,"Amazon Elastic Compute Cloud Virtual Machine in Europe (Ireland)","2024-09-10T13:00:00Z","2024-09-10T12:00:00Z","Spend","cd-343962","commit-3962",NULL,"Used","Committed Use Discount",NULL,370.3400000000,"Hours",767.492616,2.0724,468.17049576,"AWS",1009.880146,2.7269,"Other","USD",370.34,"Hours","AWS","AWS","eu-west-1","Europe (Ireland)","arn:aws:ec2:eu-west-1:123456789012:instance/i-00c9715656c4",NULL,"Virtual Machine","Compute","Amazon Elastic Compute Cloud","1VRJNVGFYGWWQC38","Amazon Elastic Compute Cloud Hours",NULL,"HYF9SXMECOSFOGYR.3XKXWNRE","517389287820","Atlas Nimbus","BillingAccount","{""cost_center"": ""CC-2042"", ""team"": ""growth"", ""environment"": ""prod""}",NULL,"Usage-Based",NULL,"Virtual Machines",2.0724,468.17049576,2.7269
299.14796912,"8a93b2c1-1234-4abc-9def-0123456789ab","Contoso Cloud","BillingProfile","USD","2024-10-01T00:00:00Z","2024-09-01T00:00:00Z",NULL,NULL,"Usage",NULL,"Azure Functions Function App in West Europe","2024-09-20T18:00:00Z","2024-09-20T17:00:00Z","Spend","cd-961722","commit-1722",NULL,"Unused","Savings Plan",NULL,NULL,NULL,328.734032,0.9554,299.14796912,"Microsoft",377.868656,1.0982,"Other","USD",344.08,"Executions","Microsoft","Microsoft","westeurope","West Europe","/subscriptions/8a93b2c1-1234-4abc-9def-0123456789ab/resourceGroups/rg-833/providers/Microsoft.Compute/virtualMachines/vm-7780",NULL,"Function App","Compute","Azure Functions","3JQIP98Q1ZXOI65F","Azure Functions Executions",NULL,"DHJK1EYY37Q9AH8R.VHS1K3AQ","sub-9a1f","Production","BillingProfile","{""cost_center"": ""CC-3090""}","uksouth-1","Usage-Based",NULL,"Serverless Compute",0.9554,299.14796912,1.0982
227.28753400000005,"8a93b2c1-1234-4abc-9def-0123456789ab","Contoso Cloud","BillingProfile","USD","2024-10-01T00:00:00Z","2024-09-01T00:00:00Z",NULL,NULL,"Purchase",NULL,"Azure Functions Function App in East US","2024-09-13T18:00:00Z","2024-09-13T17:00:00Z",NULL,NULL,NULL,NULL,NULL,NULL,NULL,NULL,NULL,227.28753400000005,2.9738,0,"Microsoft",291.39701800000006,3.8126,"Standard","USD",76.43,"Executions","Microsoft","Microsoft","eastus","East US","/subscriptions/8a93b2c1-1234-4abc-9def-0123456789ab/resourceGroups/rg-725/providers/Microsoft.Compute/virtualMachines/vm-3759",NULL,"Function App","Compute","Azure Functions","HXTPDPFF5E8II49K","Azure Functions Executions",NULL,"Q71N8MTZX272HPOE.VB9OOAED","sub-4d3e","Sandbox","BillingProfile",NULL,NULL,"Recurring",NULL,"Serverless Compute",2.9738,0,3.8126
37.06098072,"123456789012","SunBird","BillingAccount","USD","2024-10-01T00:00:00Z","2024-09-01T00:00:00Z",NULL,NULL,"Usage",NULL,"Amazon Elastic Compute Cloud Virtual Machine in Europe (Ireland)","2024-09-22T23:00:00Z","2024-09-22T22:00:00Z",NULL,NULL,NULL,NULL,NULL,NULL,NULL,107.1300000000,"Hours",44.651784,0.4168,37.06098072,"AWS",70.877208,0.6616,"Dynamic","USD",107.13,"Hours","AWS","AWS","eu-west-1","Europe (Ireland)","arn:aws:ec2:eu-west-1:123456789012:instance/i-0025031b9f1a",NULL,"Virtual Machine","Compute","Amazon Elastic Compute Cloud","GDZVGPMM82I1LR3P","Amazon Elastic Compute Cloud Hours",NULL,"E29GD8AFPK054NZD.KYAYQ3S1","517389287820","Atlas Nimbus","BillingAccount","{""environment"": ""prod"", ""application"": ""NimbusAPI""}","ap-southeast-2a","Usage-Based",NULL,"Virtual Machines",0.4168,37.06098072,0.6616
37.01464657,"ocid1.tenancy.oc1..aaaa1234","Meridian OCI","Tenancy","USD","2024-10-01T00:00:00Z","2024-09-01T00:00:00Z",NULL,NULL,"Usage",NULL,"Oracle Object Storage Bucket in US East (Ashburn)","2024-09-10T07:00:00Z","2024-09-10T06:00:00Z","Spend","cd-994141","commit-4141",NULL,"Used","Reserved Instance",NULL,30.4900000000,"GB",46.853983,1.5367,37.01464657,"Oracle",47.811369,1.5681,"Committed","USD",30.49,"GB","Oracle","Oracle","us-ashburn-1","US East (Ashburn)","ocid1.instance.oc1.us-ashburn-1.007e84ad3a96",NULL,"Bucket","Storage","Oracle Object Storage","HPCF07UQNUPQZIT3","Oracle Object Storage GB",NULL,"UEA3GE8N6QIWEPXS.K28T7A9T","ocid1.compartment.oc1..dev","development","Tenancy","{""cost_center"": ""CC-1001""}",NULL,"Usage-Based",NULL,"Object Storage",1.5367,37.01464657,1.5681
111.02780094,"123456789012","SunBird","BillingAccount","USD","2024-10-01T00:00:00Z","2024-09-01T00:00:00Z",NULL,NULL,"Credit",NULL,"Amazon Simple Storage Service Bucket in Europe (Ireland)","2024-09-05T14:00:00Z","2024-09-05T13:00:00Z",NULL,NULL,NULL,NULL,NULL,NULL,NULL,NULL,NULL,127.618162,0.9058,111.02780094,"AWS",148.38534799999996,1.0532,"Standard","USD",140.89,"GB","AWS","AWS","eu-west-1","Europe (Ireland)",NULL,NULL,NULL,"Storage","Amazon Simple Storage Service","CAVIQK2919AHEJ8C","Amazon Simple Storage Service GB",NULL,"X9J1ICTXCWNPGW90.JPKL0BLV","517389287820","Atlas Nimbus","BillingAccount","{""application"": ""NimbusAPI"", ""owner"": ""k.johnson""}",NULL,"One-Time",NULL,"Object Storage",0.9058,111.02780094,1.0532
268.11049104,"8a93b2c1-1234-4abc-9def-0123456789ab","Contoso Cloud","BillingProfile","USD","2024-10-01T00:00:00Z","2024-09-01T00:00:00Z",NULL,NULL,"Usage",NULL,"Azure SQL Database SQL Database in West Europe","2024-09-05T15:00:00Z","2024-09-05T14:00:00Z",NULL,NULL,NULL,NULL,NULL,NULL,NULL,111.2200000000,"Hours",372.375682,3.3481,268.11049104,"Microsoft",454.11126,4.0830,"Dynamic","USD",111.22,"Hours","Microsoft","Microsoft","westeurope","West Europe","/subscriptions/8a93b2c1-1234-4abc-9def-0123456789ab/resourceGroups/rg-657/providers/Microsoft.Compute/virtualMachines/vm-6105",NULL,"SQL Database","Databases","Azure SQL Database","RW6Z8VBHQLQCG1WU","Azure SQL Database Hours",NULL,"16HYMQC1A78MX1EV.UHT6T0UZ","sub-4d3e","Sandbox","BillingProfile","{""owner"": ""g.hopper""}","westeurope-2","Usage-Based",NULL,"Relational Databases",3.3481,268.11049104,4.0830
361.21791199999996,"8a93b2c1-1234-4abc-9def-0123456789ab","Contoso Cloud","BillingProfile","USD","2024-10-01T00:00:00Z","2024-09-01T00:00:00Z",NULL,NULL,"Purchase",NULL,"Azure Blob Storage Storage Account in UK South","2024-09-17T05:00:00Z","2024-09-17T04:00:00Z",NULL,NULL,NULL,NULL,NULL,NULL,NULL,NULL,NULL,361.21791199999996,1.1737,0,"Microsoft",463.11724799999996,1.5048,"Standard","USD",307.76,"GB","Microsoft","Microsoft","uksouth","UK South","/subscriptions/8a93b2c1-1234-4abc-9def-0123456789ab/resourceGroups/rg-135/providers/Microsoft.Compute/virtualMachines/vm-7976",NULL,"Storage Account","Storage","Azure Blob Storage","KFS6VFPTOMJBCP4E","Azure Blob Storage GB",NULL,"30MY5ZPJAG1OL73D.9PH3I379","sub-4d3e","Sandbox","BillingProfile","{""cost_center"": ""CC-2042"", ""business_unit"": ""LisbonOps"", ""team"": ""payments""}",NULL,"Recurring",NULL,"Object Storage",1.1737,0,1.5048
107.8996464,"01ABCD-2345EF-6789GH","Helios Labs","BillingAccount","USD","2024-10-01T00:00:00Z","2024-09-01T00:00:00Z",NULL,NULL,"Credit",NULL,"BigQuery Dataset in Northern Virginia","2024-09-07T19:00:00Z","2024-09-07T18:00:00Z",NULL,NULL,NULL,NULL,NULL,NULL,NULL,NULL,NULL,118.57104,0.9149,107.8996464,"Google",160.22448,1.2363,"Dynamic","USD",129.60,"GiB","Google","Google","us-east4","Northern Virginia",NULL,NULL,NULL,"Analytics","BigQuery","RVU8FIJOYJNE00V8","BigQuery GiB",NULL,"30DN0YBY4AWTY088.O5OR15BY","proj-helios-dev","helios-dev","BillingAccount","{""team"": ""growth"", ""application"": ""BrightSourceCore""}",NULL,"One-Time",NULL,"Data Warehouses",0.9149,107.8996464,1.2363
732.7757514,"ocid1.tenancy.oc1..aaaa1234","Meridian OCI","Tenancy","USD","2024-10-01T00:00:00Z","2024-09-01T00:00:00Z",NULL,NULL,"Usage","Correction","Oracle Object Storage Bucket in UK South (London)","2024-09-27T14:00:00Z","2024-09-27T13:00:00Z",NULL,NULL,NULL,NULL,NULL,NULL,NULL,295.9500000000,"GB",951.6568199999999,3.2156,732.7757514,"Oracle",981.0742499999999,3.3150,"Dynamic","USD",295.95,"GB","Oracle","Oracle","uk-london-1","UK South (London)","ocid1.instance.oc1.uk-london-1.008b7ea6465c",NULL,"Bucket","Storage","Oracle Object Storage","UVYR0QF4B8DWOECB","Oracle Object Storage GB",NULL,"PMBJPI4HN3QXKHKT.GBTYZMEP","ocid1.compartment.oc1..prod","production","Tenancy",NULL,"uk-london-1-AD-2","Usage-Based",NULL,"Object Storage",3.2156,732.7757514,3.3150
85.12676942,"01ABCD-2345EF-6789GH","Helios Labs","BillingAccount","USD","2024-10-01T00:00:00Z","2024-09-01T00:00:00Z",NULL,NULL,"Usage",NULL,"Cloud Load Balancing Forwarding Rule in Iowa","2024-09-15T20:00:00Z","2024-09-15T19:00:00Z",NULL,NULL,NULL,NULL,NULL,NULL,NULL,34.4900000000,"Hours",110.554246,3.2054,85.12676942,"Google",111.671722,3.2378,"Standard","USD",34.49,"Hours","Google","Google","us-central1","Iowa","//compute.googleapis.com/projects/Helios Labs/zones/us-central1-a/instances/inst-8529",NULL,"Forwarding Rule","Networking","Cloud Load Balancing","R8431RUPFR2P3YVB","Cloud Load Balancing Hours",NULL,"5UL5NWQVRR9A7MFP.059P452B","proj-helios-prod","helios-prod","BillingAccount","{""owner"": ""g.hopper"", ""team"": ""infra""}","asia-southeast1-c","Usage-Based",NULL,"Application Networking",3.2054,85.12676942,3.2378
285.401962,"01ABCD-2345EF-6789GH","Helios Labs","BillingAccount","USD","2024-10-01T00:00:00Z","2024-09-01T00:00:00Z",NULL,NULL,"Purchase",NULL,"Cloud Storage Bucket in Northern Virginia","2024-09-14T02:00:00Z","2024-09-14T01:00:00Z",NULL,NULL,NULL,NULL,NULL,NULL,NULL,NULL,NULL,285.401962,1.0313,0,"Google",475.68838600000004,1.7189,"Dynamic","USD",276.74,"GiB","Google","Google","us-east4","Northern Virginia","//compute.googleapis.com/projects/Helios Labs/zones/us-east4-a/instances/inst-4841",NULL,"Bucket","Storage","Cloud Storage","8LMN4R7SGMSOXLTA","Cloud Storage GiB",NULL,"8IRCD9SI5GAS442V.LDQ4HEZ5","proj-helios-prod","helios-prod","BillingAccount","{""business_unit"": ""ViennaAI"", ""environment"": ""dev""}",NULL,"Recurring",NULL,"Object Storage",1.0313,0,1.7189
375.106496,"123456789012","SunBird","BillingAccount","USD","2024-10-01T00:00:00Z","2024-09-01T00:00:00Z",NULL,NULL,"Usage",NULL,"Amazon Simple Storage Service Bucket in US West (Oregon)","2024-09-14T00:00:00Z","2024-09-13T23:00:00Z",NULL,NULL,NULL,NULL,NULL,NULL,NULL,279.0400000000,"GB",441.30176,1.5815,375.106496,"AWS",580.6543360000001,2.0809,"Standard","USD",279.04,"GB","AWS","AWS","us-west-2","US West (Oregon)","arn:aws:ec2:us-west-2:123456789012:instance/i-00b357e228d0",NULL,"Bucket","Storage","Amazon Simple Storage Service","GNNQFKPL9EKA024S","Amazon Simple Storage Service GB",NULL,"COSS3EOQM1H8OJRJ.EDKTS2H3","663626350770","Zenith Apollo","BillingAccount","{""business_unit"": ""LisbonOps"", ""cost_center"": ""CC-2042""}",NULL,"Usage-Based",NULL,"Object Storage",1.5815,375.106496,2.0809
757.30927092,"ocid1.tenancy.oc1..aaaa1234","Meridian OCI","Tenancy","USD","2024-10-01T00:00:00Z","2024-09-01T00:00:00Z",NULL,NULL,"Usage",NULL,"Oracle Autonomous Database Database in Australia East (Sydney)","2024-09-19T17:00:00Z","2024-09-19T16:00:00Z",NULL,NULL,NULL,NULL,NULL,NULL,NULL,367.2700000000,"Hours",1097.5496679999999,2.9884,757.30927092,"Oracle",1108.641222,3.0186,"Dynamic","USD",367.27,"Hours","Oracle","Oracle","ap-sydney-1","Australia East (Sydney)","ocid1.instance.oc1.ap-sydney-1.0086de4f1180",NULL,"Database","Databases","Oracle Autonomous Database","5F4W0VUGKV05SZ9C","Oracle Autonomous Database Hours",NULL,"3FUQUHZ6A830DM7X.52DNR9IS","ocid1.compartment.oc1..dev","development","Tenancy","{""application"": ""BrightSourceCore"", ""business_unit"": ""LisbonOps"", ""owner"": ""a.turing""}",NULL,"Usage-Based",NULL,"Relational Databases",2.9884,757.30927092,3.0186
98.33616,"ocid1.tenancy.oc1..aaaa1234","Meridian OCI","Tenancy","USD","2024-10-01T00:00:00Z","2024-09-01T00:00:00Z",NULL,NULL,"Usage",NULL,"Oracle Compute Instance in US East (Ashburn)","2024-09-07T19:00:00Z","2024-09-07T18:00:00Z","Spend","cd-223172","commit-3172",NULL,"Unused","Savings Plan",NULL,NULL,NULL,151.28640000000001,0.7416,98.33616,"Oracle",229.21439999999998,1.1236,"Committed","USD",204.00,"Hours","Oracle","Oracle","us-ashburn-1","US East (Ashburn)","ocid1.instance.oc1.us-ashburn-1.0047aaa9997a",NULL,"Instance","Compute","Oracle Compute","6IER0V6RAST5J284","Oracle Compute Hours",NULL,"WV98Y3UMPYO0CU4Y.YJ5CI6VG","ocid1.compartment.oc1..prod","production","Tenancy","{""team"": ""infra"", ""owner"": ""g.hopper""}","us-ashburn-1-AD-1","Usage-Based",NULL,"Virtual Machines",0.7416,98.33616,1.1236
110.6183846,"123456789012","SunBird","BillingAccount","USD","2024-10-01T00:00:00Z","2024-09-01T00:00:00Z",NULL,NULL,"Usage",NULL,"Elastic Load Balancing Load Balancer in Asia Pacific (Sydney)","2024-09-07T04:00:00Z","2024-09-07T03:00:00Z",NULL,NULL,NULL,NULL,NULL,NULL,NULL,37.4200000000,"LCU-Hours",130.139276,3.4778,110.6183846,"AWS",146.222392,3.9076,"Standard","USD",37.42,"LCU-Hours","AWS","AWS","ap-southeast-2","Asia Pacific (Sydney)","arn:aws:ec2:ap-southeast-2:123456789012:instance/i-00693cb9660b",NULL,"Load Balancer","Networking","Elastic Load Balancing","58CEPSOF1GG2KTBC","Elastic Load Balancing LCU-Hours",NULL,"UDSWX1JP70LKLFYP.5JO3Q3QA","517389287820","Atlas Nimbus","BillingAccount",NULL,"ap-southeast-2a","Usage-Based",NULL,"Application Networking",3.4778,110.6183846,3.9076
573.39625692,"01ABCD-2345EF-6789GH","Helios Labs","BillingAccount","USD","2024-10-01T00:00:00Z","2024-09-01T00:00:00Z",NULL,NULL,"Usage",NULL,"Cloud Load Balancing Forwarding Rule in Belgium","2024-09-19T21:00:00Z","2024-09-19T20:00:00Z",NULL,NULL,NULL,NULL,NULL,NULL,NULL,319.4700000000,"Hours",609.996018,1.9094,573.39625692,"Google",677.787552,2.1216,"Standard","USD",319.47,"Hours","Google","Google","europe-west1","Belgium","//compute.googleapis.com/projects/Helios Labs/zones/europe-west1-a/instances/inst-844",NULL,"Forwarding Rule","Networking","Cloud Load Balancing","SBZRAD5SOWOMQIGC","Cloud Load Balancing Hours",NULL,"T2CXIFSU0LMI8X76.RKQ4SVH3","proj-helios-prod","helios-prod","BillingAccount","{""application"": ""NimbusAPI"", ""environment"": ""staging""}",NULL,"Usage-Based",NULL,"Application Networking",1.9094,573.39625692,2.1216
62.5191048,"8a93b2c1-1234-4abc-9def-0123456789ab","Contoso Cloud","BillingProfile","USD","2024-10-01T00:00:00Z","2024-09-01T00:00:00Z",NULL,NULL,"Usage",NULL,"Azure Blob Storage Storage Account in UK South","2024-09-16T15:00:00Z","2024-09-16T14:00:00Z",NULL,NULL,NULL,NULL,NULL,NULL,NULL,132.2400000000,"GB",69.465672,0.5253,62.5191048,"Microsoft",81.72432,0.6180,"Standard","USD",132.24,"GB","Microsoft","Microsoft","uksouth","UK South","/subscriptions/8a93b2c1-1234-4abc-9def-0123456789ab/resourceGroups/rg-716/providers/Microsoft.Compute/virtualMachines/vm-8849",NULL,"Storage Account","Storage","Azure Blob Storage","E3T0HICCT5HGP8IY","Azure Blob Storage GB",NULL,"3X80J0G50RCXN22P.XGX8WDZR","sub-4d3e","Sandbox","BillingProfile","{""business_unit"": ""LisbonOps"", ""application"": ""BrightLensMatrix"", ""environment"": ""staging""}",NULL,"Usage-Based",NULL,"Object Storage",0.5253,62.5191048,0.6180
25.315179999999998,"123456789012","SunBird","BillingAccount","USD","2024-10-01T00:00:00Z","2024-09-01T00:00:00Z",NULL,NULL,"Purchase",NULL,"Amazon Simple Queue Service Queue in US East (N. Virginia)","2024-09-10T02:00:00Z","2024-09-10T01:00:00Z",NULL,NULL,NULL,NULL,NULL,NULL,NULL,NULL,NULL,25.315179999999998,1.0006,0,"AWS",42.19028,1.6676,"Standard","USD",25.30,"Requests","AWS","AWS","us-east-1","US East (N. Virginia)","arn:aws:ec2:us-east-1:123456789012:instance/i-003d44602c99",NULL,"Queue","Integration","Amazon Simple Queue Service","I8QLHBIAWPUBLQDI","Amazon Simple Queue Service Requests",NULL,"07HE42X6G26OC7T3.BD4Z1G52","663626350770","Zenith Apollo","BillingAccount","{""environment"": ""dev"", ""cost_center"": ""CC-2042"", ""owner"": ""g.hopper""}",NULL,"One-Time",NULL,"Messaging",1.0006,0,1.6676
216.66690648,"123456789012","SunBird","BillingAccount","USD","2024-10-01T00:00:00Z","2024-09-01T00:00:00Z",NULL,NULL,"Usage",NULL,"Amazon Relational Database Service Database Instance in US West (Oregon)","2024-09-06T10:00:00Z","2024-09-06T09:00:00Z","Usage","cd-575755","commit-5755",NULL,"Used","Reserved Instance",NULL,274.1800000000,"Hours",267.490008,0.9756,216.66690648,"AWS",445.81667999999996,1.6260,"Committed","USD",274.18,"Hours","AWS","AWS","us-west-2","US West (Oregon)","arn:aws:ec2:us-west-2:123456789012:instance/i-0081ae8a1669",NULL,"Database Instance","Databases","Amazon Relational Database Service","GU1UQXJ4EFFF1GXI","Amazon Relational Database Service Hours",NULL,"9D99VH0W1DSTWG6N.J4OGW9XH","517389287820","Atlas Nimbus","BillingAccount","{""cost_center"": ""CC-2042"", ""environment"": ""dev"", ""team"": ""infra""}","ap-southeast-2a","Usage-Based",NULL,"Relational Databases",0.9756,216.66690648,1.6260
242.83442176,"8a93b2c1-1234-4abc-9def-0123456789ab","Contoso Cloud","BillingProfile","USD","2024-10-01T00:00:00Z","2024-09-01T00:00:00Z",NULL,NULL,"Tax",NULL,"Tax charge in East US","2024-09-29T02:00:00Z","2024-09-29T01:00:00Z",NULL,NULL,NULL,NULL,NULL,NULL,NULL,NULL,NULL,56.6321090000,NULL,242.83442176,"Microsoft",40.0784340000,NULL,NULL,"USD",NULL,NULL,"Microsoft","Microsoft",NULL,NULL,NULL,NULL,NULL,"Other","Tax",NULL,NULL,NULL,NULL,"sub-4d3e","Sandbox","BillingProfile",NULL,NULL,"One-Time",NULL,"Other (Security)",NULL,242.83442176,NULL
203.76735015,"8a93b2c1-1234-4abc-9def-0123456789ab","Contoso Cloud","BillingProfile","USD","2024-10-01T00:00:00Z","2024-09-01T00:00:00Z",NULL,NULL,"Usage",NULL,"Azure Load Balancer Load Balancer in East US","2024-09-23T16:00:00Z","2024-09-23T15:00:00Z",NULL,NULL,NULL,NULL,NULL,NULL,NULL,170.4500000000,"Hours",223.920165,1.3137,203.76735015,"Microsoft",315.38363499999997,1.8503,"Dynamic","USD",170.45,"Hours","Microsoft","Microsoft","eastus","East US","/subscriptions/8a93b2c1-1234-4abc-9def-0123456789ab/resourceGroups/rg-195/providers/Microsoft.Compute/virtualMachines/vm-2525",NULL,"Load Balancer","Networking","Azure Load Balancer","DFR21520RN6HW1HS","Azure Load Balancer Hours",NULL,"57TCOZDANTNIQSUH.A51LIY8O","sub-9a1f","Production","BillingProfile",NULL,"eastus-1","Usage-Based",NULL,"Application Networking",1.3137,203.76735015,1.8503
840.86701776,"01ABCD-2345EF-6789GH","Helios Labs","BillingAccount","USD","2024-10-01T00:00:00Z","2024-09-01T00:00:00Z",NULL,NULL,"Usage",NULL,"Compute Engine VM Instance in Northern Virginia","2024-09-19T15:00:00Z","2024-09-19T14:00:00Z",NULL,NULL,NULL,NULL,NULL,NULL,NULL,431.0600000000,"Hours",955.5307019999999,2.2167,840.86701776,"Google",1240.935528,2.8788,"Standard","USD",431.06,"Hours","Google","Google","us-east4","Northern Virginia","//compute.googleapis.com/projects/Helios Labs/zones/us-east4-a/instances/inst-5832",NULL,"VM Instance","Compute","Compute Engine","3XF1GP1Z7FZTVOVK","Compute Engine Hours",NULL,"E6H76MWWJPGJQMLJ.EL532UUJ","proj-helios-prod","helios-prod","BillingAccount",NULL,"europe-west1-b","Usage-Based",NULL,"Virtual Machines",2.2167,840.86701776,2.8788
200.16440158,"123456789012","SunBird","BillingAccount","USD","2024-10-01T00:00:00Z","2024-09-01T00:00:00Z",NULL,NULL,"Usage",NULL,"Amazon Simple Queue Service Queue in Asia Pacific (Sydney)","2024-09-13T23:00:00Z","2024-09-13T22:00:00Z",NULL,NULL,NULL,NULL,NULL,NULL,NULL,253.6700000000,"Requests",322.845809,1.2727,200.16440158,"AWS",393.721207,1.5521,"Standard","USD",253.67,"Requests","AWS","AWS","ap-southeast-2","Asia Pacific (Sydney)","arn:aws:ec2:ap-southeast-2:123456789012:instance/i-002f236b69a7",NULL,"Queue","Integration","Amazon Simple Queue Service","6Y39C2MU46JD2GVF","Amazon Simple Queue Service Requests",NULL,"6LCP2277KXXSY0VD.VEVG9YSQ","663626350770","Zenith Apollo","BillingAccount",NULL,NULL,"Usage-Based",NULL,"Messaging",1.2727,200.16440158,1.5521
1192.3147824,"8a93b2c1-1234-4abc-9def-0123456789ab","Contoso Cloud","BillingProfile","USD","2024-10-01T00:00:00Z","2024-09-01T00:00:00Z",NULL,NULL,"Usage",NULL,"Azure SQL Database SQL Database in East US","2024-09-29T08:00:00Z","2024-09-29T07:00:00Z",NULL,NULL,NULL,NULL,NULL,NULL,NULL,483.8500000000,"Hours",1419.4223600000003,2.9336,1192.3147824,"Microsoft",1689.79774,3.4924,"Standard","USD",483.85,"Hours","Microsoft","Microsoft","eastus","East US","/subscriptions/8a93b2c1-1234-4abc-9def-0123456789ab/resourceGroups/rg-981/providers/Microsoft.Compute/virtualMachines/vm-8009",NULL,"SQL Database","Databases","Azure SQL Database","XBXTLNV5MOIJESG6","Azure SQL Database Hours",NULL,"87CVIYJKLK2C0XP2.S2O8PT4M","sub-4d3e","Sandbox","BillingProfile","{""owner"": ""g.hopper"", ""business_unit"": ""ViennaAI""}",NULL,"Usage-Based",NULL,"Relational Databases",2.9336,1192.3147824,3.4924
1076.7272985,"ocid1.tenancy.oc1..aaaa1234","Meridian OCI","Tenancy","USD","2024-10-01T00:00:00Z","2024-09-01T00:00:00Z",NULL,NULL,"Usage",NULL,"Oracle Functions Function in UK South (London)","2024-09-22T11:00:00Z","2024-09-22T10:00:00Z",NULL,NULL,NULL,NULL,NULL,NULL,NULL,408.4500000000,"Invocations",1538.1818549999998,3.7659,1076.7272985,"Oracle",1636.373235,4.0063,"Standard","USD",408.45,"Invocations","Oracle","Oracle","uk-london-1","UK South (London)","ocid1.instance.oc1.uk-london-1.00871d36624b",NULL,"Function","Compute","Oracle Functions","FO2WB0DZ6XPYFXOB","Oracle Functions Invocations",NULL,"UGVJICS4I42AFBQN.J971HSPT","ocid1.compartment.oc1..dev","development","Tenancy","{""application"": ""AtlasPortal"", ""cost_center"": ""CC-1001"", ""owner"": ""g.hopper""}","us-ashburn-1-AD-1","Usage-Based",NULL,"Serverless Compute",3.7659,1076.7272985,4.0063
13.575835,"123456789012","SunBird","BillingAccount","USD","2024-10-01T00:00:00Z","2024-09-01T00:00:00Z",NULL,NULL,"Usage",NULL,"Amazon Simple Storage Service Bucket in Asia Pacific (Sydney)","2024-09-27T14:00:00Z","2024-09-27T13:00:00Z",NULL,NULL,NULL,NULL,NULL,NULL,NULL,298.3700000000,"GB",19.39405,0.0650,13.575835,"AWS",24.555851,0.0823,"Dynamic","USD",298.37,"GB","AWS","AWS","ap-southeast-2","Asia Pacific (Sydney)","arn:aws:ec2:ap-southeast-2:123456789012:instance/i-0022c0d1add0",NULL,"Bucket","Storage","Amazon Simple Storage Service","YXQBWEWPGVICW8VL","Amazon Simple Storage Service GB",NULL,"34LIE3CSMCMCUT6Z.84QCMSWD","663626350770","Zenith Apollo","BillingAccount","{""business_unit"": ""MarseilleSRE"", ""environment"": ""prod"", ""team"": ""growth""}","us-east-1a","Usage-Based",NULL,"Object Storage",0.0650,13.575835,0.0823
85.514364,"01ABCD-2345EF-6789GH","Helios Labs","BillingAccount","USD","2024-10-01T00:00:00Z","2024-09-01T00:00:00Z",NULL,NULL,"Usage",NULL,"Cloud SQL Database Instance in Iowa","2024-09-19T16:00:00Z","2024-09-19T15:00:00Z",NULL,NULL,NULL,NULL,NULL,NULL,NULL,169.5200000000,"Hours",114.019152,0.6726,85.514364,"Google",158.365584,0.9342,"Dynamic","USD",169.52,"Hours","Google","Google","us-central1","Iowa","//compute.googleapis.com/projects/Helios Labs/zones/us-central1-a/instances/inst-3368",NULL,"Database Instance","Databases","Cloud SQL","SUGFUST21K2W2CW1","Cloud SQL Hours",NULL,"RDEZX6KBJ2CIEPXX.YCJ2XX2E","proj-helios-dev","helios-dev","BillingAccount","{""owner"": ""a.turing""}","asia-southeast1-c","Usage-Based",NULL,"Relational Databases",0.6726,85.514364,0.9342
9.531653,"8a93b2c1-1234-4abc-9def-0123456789ab","Contoso Cloud","BillingProfile","USD","2024-10-01T00:00:00Z","2024-09-01T00:00:00Z",NULL,NULL,"Purchase",NULL,"Azure Functions Function App in Southeast Asia","2024-09-14T10:00:00Z","2024-09-14T09:00:00Z","Usage","cd-912609","commit-2609",NULL,"Unused","Committed Use Discount",NULL,NULL,NULL,9.531653,0.7349,0,"Microsoft",12.065991,0.9303,"Standard","USD",12.97,"Executions","Microsoft","Microsoft","southeastasia","Southeast Asia","/subscriptions/8a93b2c1-1234-4abc-9def-0123456789ab/resourceGroups/rg-803/providers/Microsoft.Compute/virtualMachines/vm-208",NULL,"Function App","Compute","Azure Functions","FUWE98STKLX6OHMI","Azure Functions Executions",NULL,"P5BX9X39IFETZ470.0EIUE237","sub-2b7c","Staging","BillingProfile","{""business_unit"": ""ViennaAI"", ""team"": ""payments"", ""environment"": ""prod""}",NULL,"Recurring",NULL,"Serverless Compute",0.7349,0,0.9303
625.4630514,"8a93b2c1-1234-4abc-9def-0123456789ab","Contoso Cloud","BillingProfile","USD","2024-10-01T00:00:00Z","2024-09-01T00:00:00Z",NULL,NULL,"Usage",NULL,"Azure Functions Function App in West Europe","2024-09-19T12:00:00Z","2024-09-19T11:00:00Z",NULL,NULL,NULL,NULL,NULL,NULL,NULL,415.7000000000,"Executions",947.67129,2.2797,625.4630514,"Microsoft",1076.9124199999999,2.5906,"Standard","USD",415.70,"Executions","Microsoft","Microsoft","westeurope","West Europe","/subscriptions/8a93b2c1-1234-4abc-9def-0123456789ab/resourceGroups/rg-625/providers/Microsoft.Compute/virtualMachines/vm-3943",NULL,"Function App","Compute","Azure Functions","F6KJKVCBFCQN0B58","Azure Functions Executions",NULL,"ST4PZT3EDK2043NV.JUUWZIX6","sub-9a1f","Production","BillingProfile","{""business_unit"": ""MarseilleSRE"", ""application"": ""AtlasPortal"", ""owner"": ""g.hopper""}",NULL,"Usage-Based",NULL,"Serverless Compute",2.2797,625.4630514,2.5906
50.7525599,"123456789012","SunBird","BillingAccount","USD","2024-10-01T00:00:00Z","2024-09-01T00:00:00Z",NULL,NULL,"Usage",NULL,"Amazon Relational Database Service Database Instance in US West (Oregon)","2024-09-06T06:00:00Z","2024-09-06T05:00:00Z",NULL,NULL,NULL,NULL,NULL,NULL,NULL,48.4100000000,"Hours",59.708894,1.2334,50.7525599,"AWS",70.247751,1.4511,"Standard","USD",48.41,"Hours","AWS","AWS","us-west-2","US West (Oregon)","arn:aws:ec2:us-west-2:123456789012:instance/i-008ecc3be9cb",NULL,"Database Instance","Databases","Amazon Relational Database Service","5T5BFZ63PNWDDS54","Amazon Relational Database Service Hours",NULL,"S8AG1IQXZXCZD9MX.9SEY629R","438839167390","Zenith Eclipse","BillingAccount","{""business_unit"": ""OsloData""}","us-west-2b","Usage-Based",NULL,"Relational Databases",1.2334,50.7525599,1.4511
240.4762296,"123456789012","SunBird","BillingAccount","USD","2024-10-01T00:00:00Z","2024-09-01T00:00:00Z",NULL,NULL,"Usage",NULL,"Amazon Simple Storage Service Bucket in US East (N. Virginia)","2024-09-16T23:00:00Z","2024-09-16T22:00:00Z","Usage","cd-243693","commit-3693",NULL,"Unused","Savings Plan",NULL,NULL,NULL,300.595287,0.7963,240.4762296,"AWS",375.753546,0.9954,"Standard","USD",377.49,"GB","AWS","AWS","us-east-1","US East (N. Virginia)","arn:aws:ec2:us-east-1:123456789012:instance/i-006a6c3f97db",NULL,"Bucket","Storage","Amazon Simple Storage Service","UKZTV6685T4BXVH0","Amazon Simple Storage Service GB",NULL,"TB4QOD4K7YJPCHMB.2U0J0N06","438839167390","Zenith Eclipse","BillingAccount",NULL,NULL,"Usage-Based",NULL,"Object Storage",0.7963,240.4762296,0.9954
217.94897124,"ocid1.tenancy.oc1..aaaa1234","Meridian OCI","Tenancy","USD","2024-10-01T00:00:00Z","2024-09-01T00:00:00Z",NULL,NULL,"Usage",NULL,"Oracle Compute Instance in Australia East (Sydney)","2024-09-23T04:00:00Z","2024-09-23T03:00:00Z",NULL,NULL,NULL,NULL,NULL,NULL,NULL,239.1900000000,"Hours",279.42175799999995,1.1682,217.94897124,"Oracle",450.681798,1.8842,"Other","USD",239.19,"Hours","Oracle","Oracle","ap-sydney-1","Australia East (Sydney)","ocid1.instance.oc1.ap-sydney-1.00dc94a75fc4",NULL,"Instance","Compute","Oracle Compute","SN5U4W9RSH8YZWJS","Oracle Compute Hours",NULL,"CSFW2Q4NM8R9RIGP.PD7OODG0","ocid1.compartment.oc1..prod","production","Tenancy","{""owner"": ""g.hopper"", ""business_unit"": ""MarseilleSRE"", ""team"": ""growth""}",NULL,"Usage-Based",NULL,"Virtual Machines",1.1682,217.94897124,1.8842
488.45272926,"ocid1.tenancy.oc1..aaaa1234","Meridian OCI","Tenancy","USD","2024-10-01T00:00:00Z","2024-09-01T00:00:00Z",NULL,NULL,"Usage",NULL,"Oracle Compute Instance in Australia East (Sydney)","2024-09-01T06:00:00Z","2024-09-01T05:00:00Z",NULL,NULL,NULL,NULL,NULL,NULL,NULL,203.4600000000,"Hours",618.294594,3.0389,488.45272926,"Oracle",951.2161920000001,4.6752,"Standard","USD",203.46,"Hours","Oracle","Oracle","ap-sydney-1","Australia East (Sydney)","ocid1.instance.oc1.ap-sydney-1.00213840789e",NULL,"Instance","Compute","Oracle Compute","L0LCZ5LSCATGVS38","Oracle Compute Hours",NULL,"75I63RMHVK3QLAVS.MLZ16UFZ","ocid1.compartment.oc1..prod","production","Tenancy","{""business_unit"": ""ViennaAI"", ""application"": ""BrightSourceCore""}",NULL,"Usage-Based",NULL,"Virtual Machines",3.0389,488.45272926,4.6752
198.13907448,"123456789012","SunBird","BillingAccount","USD","2024-10-01T00:00:00Z","2024-09-01T00:00:00Z",NULL,NULL,"Usage","Correction","Amazon Simple Storage Service Bucket in US West (Oregon)","2024-09-14T20:00:00Z","2024-09-14T19:00:00Z",NULL,NULL,NULL,NULL,NULL,NULL,NULL,117.7700000000,"GB",275.193159,2.3367,198.13907448,"AWS",443.851576,3.7688,"Dynamic","USD",117.77,"GB","AWS","AWS","us-west-2","US West (Oregon)","arn:aws:ec2:us-west-2:123456789012:instance/i-0053f9d03047",NULL,"Bucket","Storage","Amazon Simple Storage Service","DH3TKZ6THSXOOI4J","Amazon Simple Storage Service GB",NULL,"3X0948NPF727XEHD.96M8JKU7","438839167390","Zenith Eclipse","BillingAccount",NULL,NULL,"Usage-Based",NULL,"Object Storage",2.3367,198.13907448,3.7688
45.349227,"123456789012","SunBird","BillingAccount","USD","2024-10-01T00:00:00Z","2024-09-01T00:00:00Z",NULL,NULL,"Usage",NULL,"AWS Lambda Function in US West (Oregon)","2024-09-25T22:00:00Z","2024-09-25T21:00:00Z","Spend","cd-691303","commit-1303",NULL,"Unused","Committed Use Discount",NULL,NULL,NULL,58.895100000000006,0.2644,45.349227,"AWS",61.991324999999996,0.2783,"Committed","USD",222.75,"Requests","AWS","AWS","us-west-2","US West (Oregon)","arn:aws:ec2:us-west-2:123456789012:instance/i-004f0763f2f9",NULL,"Function","Compute","AWS Lambda","EC1WE8DE4CS0LI0X","AWS Lambda Requests",NULL,"Y2YYF8IWHL8Z7IOA.BT3818YO","663626350770","Zenith Apollo","BillingAccount","{""owner"": ""a.turing"", ""application"": ""AtlasPortal""}",NULL,"Usage-Based",NULL,"Serverless Compute",0.2644,45.349227,0.2783
556.1451392,"ocid1.tenancy.oc1..aaaa1234","Meridian OCI","Tenancy","USD","2024-10-01T00:00:00Z","2024-09-01T00:00:00Z",NULL,NULL,"Credit",NULL,"Oracle Autonomous Database Database in US East (Ashburn)","2024-09-09T02:00:00Z","2024-09-09T01:00:00Z","Spend","cd-316092","commit-6092",NULL,"Used","Reserved Instance",NULL,NULL,NULL,585.415936,1.4464,556.1451392,"Oracle",848.456462,2.0963,"Standard","USD",404.74,"Hours","Oracle","Oracle","us-ashburn-1","US East (Ashburn)",NULL,NULL,NULL,"Databases","Oracle Autonomous Database","O8NDI6SOUUPTJ7O0","Oracle Autonomous Database Hours",NULL,"TRD9L195DWY7U00J.TYL84POT","ocid1.compartment.oc1..dev","development","Tenancy","{""owner"": ""a.lovelace"", ""application"": ""NimbusAPI"", ""environment"": ""qa""}",NULL,"One-Time",NULL,"Relational Databases",1.4464,556.1451392,2.0963
88.63031232,"ocid1.tenancy.oc1..aaaa1234","Meridian OCI","Tenancy","USD","2024-10-01T00:00:00Z","2024-09-01T00:00:00Z",NULL,NULL,"Usage",NULL,"Oracle Compute Instance in Australia East (Sydney)","2024-09-18T19:00:00Z","2024-09-18T18:00:00Z",NULL,NULL,NULL,NULL,NULL,NULL,NULL,121.4400000000,"Hours",91.371456,0.7524,88.63031232,"Oracle",123.48019199999999,1.0168,"Dynamic","USD",121.44,"Hours","Oracle","Oracle","ap-sydney-1","Australia East (Sydney)","ocid1.instance.oc1.ap-sydney-1.0024793a4f56",NULL,"Instance","Compute","Oracle Compute","RYCEM9N4NVTANMH4","Oracle Compute Hours",NULL,"PNZP9USY38WTQX65.3G4UNXU0","ocid1.compartment.oc1..dev","development","Tenancy",NULL,NULL,"Usage-Based",NULL,"Virtual Machines",0.7524,88.63031232,1.0168
337.31172951,"8a93b2c1-1234-4abc-9def-0123456789ab","Contoso Cloud","BillingProfile","USD","2024-10-01T00:00:00Z","2024-09-01T00:00:00Z",NULL,NULL,"Usage",NULL,"Azure Load Balancer Load Balancer in West Europe","2024-09-12T04:00:00Z","2024-09-12T03:00:00Z","Spend","cd-697467","commit-7467",NULL,"Unused","Savings Plan",NULL,NULL,NULL,488.85757900000004,1.3579,337.31172951,"Microsoft",531.3747599999999,1.4760,"Committed","USD",360.01,"Hours","Microsoft","Microsoft","westeurope","West Europe","/subscriptions/8a93b2c1-1234-4abc-9def-0123456789ab/resourceGroups/rg-866/providers/Microsoft.Compute/virtualMachines/vm-1346",NULL,"Load Balancer","Networking","Azure Load Balancer","I85L8D7CEDA0IOEJ","Azure Load Balancer Hours",NULL,"AN63XD45BA890AB7.R8SB61LG","sub-9a1f","Production","BillingProfile","{""owner"": ""a.turing"", ""team"": ""payments""}",NULL,"Usage-Based",NULL,"Application Networking",1.3579,337.31172951,1.4760
75.956517,"8a93b2c1-1234-4abc-9def-0123456789ab","Contoso Cloud","BillingProfile","USD","2024-10-01T00:00:00Z","2024-09-01T00:00:00Z",NULL,NULL,"Usage",NULL,"Azure Blob Storage Storage Account in West Europe","2024-09-23T12:00:00Z","2024-09-23T11:00:00Z",NULL,NULL,NULL,NULL,NULL,NULL,NULL,397.4700000000,"GB",97.38015,0.2450,75.956517,"Microsoft",157.08014400000002,0.3952,"Standard","USD",397.47,"GB","Microsoft","Microsoft","westeurope","West Europe","/subscriptions/8a93b2c1-1234-4abc-9def-0123456789ab/resourceGroups/rg-426/providers/Microsoft.Compute/virtualMachines/vm-135",NULL,"Storage Account","Storage","Azure Blob Storage","DAKF51VG7CON4RCE","Azure Blob Storage GB",NULL,"R8CLUBNJZETKPY8V.YIF6WDG1","sub-4d3e","Sandbox","BillingProfile","{""owner"": ""a.lovelace"", ""application"": ""BrightLensMatrix""}","westeurope-2","Usage-Based",NULL,"Object Storage",0.2450,75.956517,0.3952
270.57693,"123456789012","SunBird","BillingAccount","USD","2024-10-01T00:00:00Z","2024-09-01T00:00:00Z",NULL,NULL,"Purchase",NULL,"Amazon Relational Database Service Database Instance in Asia Pacific (Sydney)","2024-09-02T07:00:00Z","2024-09-02T06:00:00Z",NULL,NULL,NULL,NULL,NULL,NULL,NULL,NULL,NULL,270.57693,1.1030,0,"AWS",436.431021,1.7791,"Dynamic","USD",245.31,"Hours","AWS","AWS","ap-southeast-2","Asia Pacific (Sydney)","arn:aws:ec2:ap-southeast-2:123456789012:instance/i-0029ff052ffa",NULL,"Database Instance","Databases","Amazon Relational Database Service","FRJYJYUXGFAT2XRG","Amazon Relational Database Service Hours",NULL,"IFL129960GBFW9FU.YAS0YF9P","438839167390","Zenith Eclipse","BillingAccount","{""cost_center"": ""CC-2042""}",NULL,"One-Time",NULL,"Relational Databases",1.1030,0,1.7791
39.09918096,"8a93b2c1-1234-4abc-9def-0123456789ab","Contoso Cloud","BillingProfile","USD","2024-10-01T00:00:00Z","2024-09-01T00:00:00Z",NULL,NULL,"Usage",NULL,"Azure Load Balancer Load Balancer in UK South","2024-09-06T23:00:00Z","2024-09-06T22:00:00Z",NULL,NULL,NULL,NULL,NULL,NULL,NULL,72.9800000000,"Hours",54.304418,0.7441,39.09918096,"Microsoft",61.018578,0.8361,"Dynamic","USD",72.98,"Hours","Microsoft","Microsoft","uksouth","UK South","/subscriptions/8a93b2c1-1234-4abc-9def-0123456789ab/resourceGroups/rg-848/providers/Microsoft.Compute/virtualMachines/vm-7986",NULL,"Load Balancer","Networking","Azure Load Balancer","GITAZVYV2V1ITUM4","Azure Load Balancer Hours",NULL,"ULZUS5PUYRZXHM8L.9B3N2SE0","sub-9a1f","Production","BillingProfile","{""owner"": ""a.turing""}",NULL,"Usage-Based",NULL,"Application Networking",0.7441,39.09918096,0.8361
274.69994916,"ocid1.tenancy.oc1..aaaa1234","Meridian OCI","Tenancy","USD","2024-10-01T00:00:00Z","2024-09-01T00:00:00Z",NULL,NULL,"Usage",NULL,"Oracle Object Storage Bucket in Australia East (Sydney)","2024-09-11T08:00:00Z","2024-09-11T07:00:00Z",NULL,NULL,NULL,NULL,NULL,NULL,NULL,211.5700000000,"GB",327.023749,1.5457,274.69994916,"Oracle",398.80944999999997,1.8850,"Other","USD",211.57,"GB","Oracle","Oracle","ap-sydney-1","Australia East (Sydney)","ocid1.instance.oc1.ap-sydney-1.00c1f0cf7cdf",NULL,"Bucket","Storage","Oracle Object Storage","WKCZV1GAGQO679O2","Oracle Object Storage GB",NULL,"XZ36JWB4GS0FHJWT.V3N74W4G","ocid1.compartment.oc1..dev","development","Tenancy","{""team"": ""growth"", ""cost_center"": ""CC-3090"", ""application"": ""BrightLensMatrix""}","us-ashburn-1-AD-1","Usage-Based",NULL,"Object Storage",1.5457,274.69994916,1.8850
1009.94583987,"ocid1.tenancy.oc1..aaaa1234","Meridian OCI","Tenancy","USD","2024-10-01T00:00:00Z","2024-09-01T00:00:00Z",NULL,NULL,"Tax",NULL,"Tax charge in US East (Ashburn)","2024-09-02T22:00:00Z","2024-09-02T21:00:00Z",NULL,NULL,NULL,NULL,NULL,NULL,NULL,NULL,NULL,55.9848950000,NULL,1009.94583987,"Oracle",95.8462620000,NULL,NULL,"USD",NULL,NULL,"Oracle","Oracle",NULL,NULL,NULL,NULL,NULL,"Other","Tax",NULL,NULL,NULL,NULL,"ocid1.compartment.oc1..dev","development","Tenancy","{""cost_center"": ""CC-1001""}",NULL,"One-Time",NULL,"Other (Security)",NULL,1009.94583987,NULL
1334.95209,"8a93b2c1-1234-4abc-9def-0123456789ab","Contoso Cloud","BillingProfile","USD","2024-10-01T00:00:00Z","2024-09-01T00:00:00Z",NULL,NULL,"Purchase",NULL,"Azure Kubernetes Service Cluster in West Europe","2024-09-28T08:00:00Z","2024-09-28T07:00:00Z","Spend","cd-325230","commit-5230",NULL,"Used","Savings Plan",NULL,NULL,NULL,1334.95209,3.6207,0,"Microsoft",1627.9948499999998,4.4155,"Standard","USD",368.70,"Hours","Microsoft","Microsoft","westeurope","West Europe","/subscriptions/8a93b2c1-1234-4abc-9def-0123456789ab/resourceGroups/rg-638/providers/Microsoft.Compute/virtualMachines/vm-1748",NULL,"Cluster","Compute","Azure Kubernetes Service","UYZHWW3LTFIUHPTH","Azure Kubernetes Service Hours",NULL,"LXJ6Y0IY1L58L9K5.SILU2DWA","sub-9a1f","Production","BillingProfile","{""environment"": ""dev"", ""business_unit"": ""LisbonOps"", ""cost_center"": ""CC-1001""}",NULL,"Recurring",NULL,"Containers",3.6207,0,4.4155
715.875092,"8a93b2c1-1234-4abc-9def-0123456789ab","Contoso Cloud","BillingProfile","USD","2024-10-01T00:00:00Z","2024-09-01T00:00:00Z",NULL,NULL,"Purchase",NULL,"Azure Blob Storage Storage Account in UK South","2024-09-22T14:00:00Z","2024-09-22T13:00:00Z",NULL,NULL,NULL,NULL,NULL,NULL,NULL,NULL,NULL,715.875092,2.9116,0,"Microsoft",873.010609,3.5507,"Other","USD",245.87,"GB","Microsoft","Microsoft","uksouth","UK South","/subscriptions/8a93b2c1-1234-4abc-9def-0123456789ab/resourceGroups/rg-683/providers/Microsoft.Compute/virtualMachines/vm-9198",NULL,"Storage Account","Storage","Azure Blob Storage","SK3596HHR8X8C28N","Azure Blob Storage GB",NULL,"1GPTC2QWF2HPNW1K.INNDW8R8","sub-4d3e","Sandbox","BillingProfile","{""business_unit"": ""ViennaAI""}",NULL,"Recurring",NULL,"Object Storage",2.9116,0,3.5507
1590.56176356,"01ABCD-2345EF-6789GH","Helios Labs","BillingAccount","USD","2024-10-01T00:00:00Z","2024-09-01T00:00:00Z",NULL,NULL,"Usage",NULL,"Cloud Load Balancing Forwarding Rule in Singapore","2024-09-25T11:00:00Z","2024-09-25T10:00:00Z","Usage","cd-923856","commit-3856",NULL,"Unused","Reserved Instance",NULL,NULL,NULL,1606.628044,3.2606,1590.56176356,"Google",1673.59141,3.3965,"Committed","USD",492.74,"Hours","Google","Google","asia-southeast1","Singapore","//compute.googleapis.com/projects/Helios Labs/zones/asia-southeast1-a/instances/inst-2960",NULL,"Forwarding Rule","Networking","Cloud Load Balancing","Z5JR0Y2EFZ6RX35U","Cloud Load Balancing Hours",NULL,"AF3WE8ZN1N5RUSV9.I5VDCG3B","proj-helios-dev","helios-dev","BillingAccount","{""owner"": ""g.hopper""}","asia-southeast1-c","Usage-Based",NULL,"Application Networking",3.2606,1590.56176356,3.3965
411.1064086,"8a93b2c1-1234-4abc-9def-0123456789ab","Contoso Cloud","BillingProfile","USD","2024-10-01T00:00:00Z","2024-09-01T00:00:00Z",NULL,NULL,"Usage",NULL,"Azure Kubernetes Service Cluster in UK South","2024-09-19T07:00:00Z","2024-09-19T06:00:00Z","Usage","cd-477943","commit-7943",NULL,"Unused","Reserved Instance",NULL,NULL,NULL,432.743588,0.9811,411.1064086,"Microsoft",665.766152,1.5094,"Standard","USD",441.08,"Hours","Microsoft","Microsoft","uksouth","UK South","/subscriptions/8a93b2c1-1234-4abc-9def-0123456789ab/resourceGroups/rg-193/providers/Microsoft.Compute/virtualMachines/vm-7411",NULL,"Cluster","Compute","Azure Kubernetes Service","AN4EIO72AAVH1I4E","Azure Kubernetes Service Hours",NULL,"OYFGGUXTIYIJE7AK.2WNJ02NF","sub-9a1f","Production","BillingProfile","{""environment"": ""staging"", ""application"": ""BrightSourceCore"", ""team"": ""infra""}",NULL,"Usage-Based",NULL,"Containers",0.9811,411.1064086,1.5094
38.22656376,"8a93b2c1-1234-4abc-9def-0123456789ab","Contoso Cloud","BillingProfile","USD","2024-10-01T00:00:00Z","2024-09-01T00:00:00Z",NULL,NULL,"Usage",NULL,"Virtual Machines Virtual Machine in UK South","2024-09-19T08:00:00Z","2024-09-19T07:00:00Z",NULL,NULL,NULL,NULL,NULL,NULL,NULL,138.4900000000,"Hours",45.507814,0.3286,38.22656376,"Microsoft",58.345837,0.4213,"Standard","USD",138.49,"Hours","Microsoft","Microsoft","uksouth","UK South","/subscriptions/8a93b2c1-1234-4abc-9def-0123456789ab/resourceGroups/rg-387/providers/Microsoft.Compute/virtualMachines/vm-7193",NULL,"Virtual Machine","Compute","Virtual Machines","YHP5E7AXUIY0X8L4","Virtual Machines Hours",NULL,"EBEAQNCDZ6S601ZF.88JRFTF6","sub-2b7c","Staging","BillingProfile","{""application"": ""BrightSourceCore"", ""business_unit"": ""LisbonOps"", ""environment"": ""staging""}",NULL,"Usage-Based",NULL,"Virtual Machines",0.3286,38.22656376,0.4213
81.080193,"8a93b2c1-1234-4abc-9def-0123456789ab","Contoso Cloud","BillingProfile","USD","2024-10-01T00:00:00Z","2024-09-01T00:00:00Z",NULL,NULL,"Purchase",NULL,"Azure Functions Function App in Southeast Asia","2024-09-26T01:00:00Z","2024-09-26T00:00:00Z",NULL,NULL,NULL,NULL,NULL,NULL,NULL,NULL,NULL,81.080193,0.2381,0,"Microsoft",112.61327099999998,0.3307,"Other","USD",340.53,"Executions","Microsoft","Microsoft","southeastasia","Southeast Asia","/subscriptions/8a93b2c1-1234-4abc-9def-0123456789ab/resourceGroups/rg-820/providers/Microsoft.Compute/virtualMachines/vm-2889",NULL,"Function App","Compute","Azure Functions","H3DTLHAIAK5W77QK","Azure Functions Executions",NULL,"XIRHBV1R7EQE536X.D5KXKQGH","sub-2b7c","Staging","BillingProfile",NULL,NULL,"One-Time",NULL,"Serverless Compute",0.2381,0,0.3307
391.37592396,"123456789012","SunBird","BillingAccount","USD","2024-10-01T00:00:00Z","2024-09-01T00:00:00Z",NULL,NULL,"Usage",NULL,"Amazon Elastic Compute Cloud Virtual Machine in US East (N. Virginia)","2024-09-03T00:00:00Z","2024-09-02T23:00:00Z",NULL,NULL,NULL,NULL,NULL,NULL,NULL,89.4900000000,"Hours",425.408613,4.7537,391.37592396,"AWS",429.704133,4.8017,"Standard","USD",89.49,"Hours","AWS","AWS","us-east-1","US East (N. Virginia)","arn:aws:ec2:us-east-1:123456789012:instance/i-00a95c675022",NULL,"Virtual Machine","Compute","Amazon Elastic Compute Cloud","XH6DLO7CZE3STUF9","Amazon Elastic Compute Cloud Hours",NULL,"3AXMSTP3X5M8PJA0.BO8WAVAY","517389287820","Atlas Nimbus","BillingAccount","{""business_unit"": ""MarseilleSRE""}","eu-west-1c","Usage-Based",NULL,"Virtual Machines",4.7537,391.37592396,4.8017
100.12202208,"123456789012","SunBird","BillingAccount","USD","2024-10-01T00:00:00Z","2024-09-01T00:00:00Z",NULL,NULL,"Usage",NULL,"Amazon Simple Storage Service Bucket in US West (Oregon)","2024-09-22T00:00:00Z","2024-09-21T23:00:00Z",NULL,NULL,NULL,NULL,NULL,NULL,NULL,355.8300000000,"GB",104.293773,0.2931,100.12202208,"AWS",165.532116,0.4652,"Standard","USD",355.83,"GB","AWS","AWS","us-west-2","US West (Oregon)","arn:aws:ec2:us-west-2:123456789012:instance/i-002aad6b1cd6",NULL,"Bucket","Storage","Amazon Simple Storage Service","D1IPSQUZUU2ROEMI","Amazon Simple Storage Service GB",NULL,"GJGK23U0H8WN2T3Q.HFKTCNUJ","438839167390","Zenith Eclipse","BillingAccount","{""team"": ""platform"", ""application"": ""BrightSourceCore""}",NULL,"Usage-Based",NULL,"Object Storage",0.2931,100.12202208,0.4652
25.7819,"8a93b2c1-1234-4abc-9def-0123456789ab","Contoso Cloud","BillingProfile","USD","2024-10-01T00:00:00Z","2024-09-01T00:00:00Z",NULL,NULL,"Purchase",NULL,"Azure SQL Database SQL Database in UK South","2024-09-03T03:00:00Z","2024-09-03T02:00:00Z",NULL,NULL,NULL,NULL,NULL,NULL,NULL,NULL,NULL,25.7819,1.6580,0,"Microsoft",31.4421,2.0220,"Standard","USD",15.55,"Hours","Microsoft","Microsoft","uksouth","UK South","/subscriptions/8a93b2c1-1234-4abc-9def-0123456789ab/resourceGroups/rg-916/providers/Microsoft.Compute/virtualMachines/vm-9990",NULL,"SQL Database","Databases","Azure SQL Database","OIMZXFQEBEM2IFVH","Azure SQL Database Hours",NULL,"C3DK1Z5BY1LWNLRR.2JCPS509","sub-4d3e","Sandbox","BillingProfile","{""application"": ""BrightLensMatrix""}",NULL,"One-Time",NULL,"Relational Databases",1.6580,0,2.0220
294.62036322,"123456789012","SunBird","BillingAccount","USD","2024-10-01T00:00:00Z","2024-09-01T00:00:00Z",NULL,NULL,"Usage",NULL,"Amazon Elastic Compute Cloud Virtual Machine in Europe (Ireland)","2024-09-06T21:00:00Z","2024-09-06T20:00:00Z","Usage","cd-501078","commit-1078",NULL,"Unused","Savings Plan",NULL,NULL,NULL,482.984202,3.8769,294.62036322,"AWS",619.2124319999999,4.9704,"Committed","USD",124.58,"Hours","AWS","AWS","eu-west-1","Europe (Ireland)","arn:aws:ec2:eu-west-1:123456789012:instance/i-00df18003e9d",NULL,"Virtual Machine","Compute","Amazon Elastic Compute Cloud","RD47WOKGPPR8DOYW","Amazon Elastic Compute Cloud Hours",NULL,"LLPUWBWJM58TL5CF.DOOB74AV","438839167390","Zenith Eclipse","BillingAccount","{""cost_center"": ""CC-2042"", ""business_unit"": ""MarseilleSRE"", ""team"": ""platform""}","us-west-2b","Usage-Based",NULL,"Virtual Machines",3.8769,294.62036322,4.9704
872.46115416,"8a93b2c1-1234-4abc-9def-0123456789ab","Contoso Cloud","BillingProfile","USD","2024-10-01T00:00:00Z","2024-09-01T00:00:00Z",NULL,NULL,"Usage",NULL,"Azure Blob Storage Storage Account in Southeast Asia","2024-09-08T14:00:00Z","2024-09-08T13:00:00Z",NULL,NULL,NULL,NULL,NULL,NULL,NULL,293.3100000000,"GB",928.150164,3.1644,872.46115416,"Microsoft",1345.148991,4.5861,"Standard","USD",293.31,"GB","Microsoft","Microsoft","southeastasia","Southeast Asia","/subscriptions/8a93b2c1-1234-4abc-9def-0123456789ab/resourceGroups/rg-514/providers/Microsoft.Compute/virtualMachines/vm-3272",NULL,"Storage Account","Storage","Azure Blob Storage","15UL9WOLYTSILAZC","Azure Blob Storage GB",NULL,"LUOG5JVEPWUKFV2A.QNPEWQGA","sub-4d3e","Sandbox","BillingProfile","{""owner"": ""a.lovelace"", ""team"": ""growth""}","eastus-1","Usage-Based",NULL,"Object Storage",3.1644,872.46115416,4.5861
203.174778,"ocid1.tenancy.oc1..aaaa1234","Meridian OCI","Tenancy","USD","2024-10-01T00:00:00Z","2024-09-01T00:00:00Z",NULL,NULL,"Usage",NULL,"Oracle Functions Function in Australia East (Sydney)","2024-09-08T03:00:00Z","2024-09-08T02:00:00Z",NULL,NULL,NULL,NULL,NULL,NULL,NULL,175.6200000000,"Invocations",220.84215,1.2575,203.174778,"Oracle",329.603616,1.8768,"Dynamic","USD",175.62,"Invocations","Oracle","Oracle","ap-sydney-1","Australia East (Sydney)","ocid1.instance.oc1.ap-sydney-1.001c93f60983",NULL,"Function","Compute","Oracle Functions","UQGEVKYKE9FV4B1K","Oracle Functions Invocations",NULL,"1KDGVNM098QSTPGD.Z95JDXA1","ocid1.compartment.oc1..dev","development","Tenancy","{""environment"": ""qa""}","us-ashburn-1-AD-1","Usage-Based",NULL,"Serverless Compute",1.2575,203.174778,1.8768
28.4174316,"01ABCD-2345EF-6789GH","Helios Labs","BillingAccount","USD","2024-10-01T00:00:00Z","2024-09-01T00:00:00Z",NULL,NULL,"Usage",NULL,"Cloud Load Balancing Forwarding Rule in Northern Virginia","2024-09-05T04:00:00Z","2024-09-05T03:00:00Z",NULL,NULL,NULL,NULL,NULL,NULL,NULL,145.9100000000,"Hours",39.468655,0.2705,28.4174316,"Google",59.793918,0.4098,"Other","USD",145.91,"Hours","Google","Google","us-east4","Northern Virginia","//compute.googleapis.com/projects/Helios Labs/zones/us-east4-a/instances/inst-6387",NULL,"Forwarding Rule","Networking","Cloud Load Balancing","23QORDJGFW80O9DY","Cloud Load Balancing Hours",NULL,"7084P4TFZC67JH2L.KNMIC1F1","proj-helios-prod","helios-prod","BillingAccount","{""business_unit"": ""MarseilleSRE"", ""application"": ""AtlasPortal"", ""team"": ""infra""}","europe-west1-b","Usage-Based",NULL,"Application Networking",0.2705,28.4174316,0.4098
905.95585476,"8a93b2c1-1234-4abc-9def-0123456789ab","Contoso Cloud","BillingProfile","USD","2024-10-01T00:00:00Z","2024-09-01T00:00:00Z",NULL,NULL,"Usage",NULL,"Azure Functions Function App in Southeast Asia","2024-09-03T21:00:00Z","2024-09-03T20:00:00Z","Usage","cd-834435","commit-4435",NULL,"Unused","Reserved Instance",NULL,NULL,NULL,933.9751079999999,3.3836,905.95585476,"Microsoft",1182.264093,4.2831,"Dynamic","USD",276.03,"Executions","Microsoft","Microsoft","southeastasia","Southeast Asia","/subscriptions/8a93b2c1-1234-4abc-9def-0123456789ab/resourceGroups/rg-437/providers/Microsoft.Compute/virtualMachines/vm-6418",NULL,"Function App","Compute","Azure Functions","GGGS8W0QY54CLRZJ","Azure Functions Executions",NULL,"ZCZVPD4RXBVTTR5G.OIT2UR0F","sub-2b7c","Staging","BillingProfile",NULL,NULL,"Usage-Based",NULL,"Serverless Compute",3.3836,905.95585476,4.2831
71.071951,"ocid1.tenancy.oc1..aaaa1234","Meridian OCI","Tenancy","USD","2024-10-01T00:00:00Z","2024-09-01T00:00:00Z",NULL,NULL,"Usage",NULL,"Oracle Object Storage Bucket in UK South (London)","2024-09-23T01:00:00Z","2024-09-23T00:00:00Z","Spend","cd-918430","commit-8430",NULL,"Used","Reserved Instance",NULL,395.7500000000,"GB",93.515725,0.2363,71.071951,"Oracle",129.88515,0.3282,"Committed","USD",395.75,"GB","Oracle","Oracle","uk-london-1","UK South (London)","ocid1.instance.oc1.uk-london-1.0074337afd9c",NULL,"Bucket","Storage","Oracle Object Storage","MRX36ZHBPX52L49W","Oracle Object Storage GB",NULL,"WKQFSBYDKNOONR06.BA4ILAOQ","ocid1.compartment.oc1..dev","development","Tenancy","{""application"": ""BrightSourceCore""}","us-ashburn-1-AD-1","Usage-Based",NULL,"Object Storage",0.2363,71.071951,0.3282
402.3271356,"01ABCD-2345EF-6789GH","Helios Labs","BillingAccount","USD","2024-10-01T00:00:00Z","2024-09-01T00:00:00Z",NULL,NULL,"Usage",NULL,"Cloud Load Balancing Forwarding Rule in Singapore","2024-09-17T02:00:00Z","2024-09-17T01:00:00Z","Usage","cd-636361","commit-6361",NULL,"Unused","Committed Use Discount",NULL,NULL,NULL,529.3778100000001,2.2686,402.3271356,"Google",790.1231,3.3860,"Standard","USD",233.35,"Hours","Google","Google","asia-southeast1","Singapore","//compute.googleapis.com/projects/Helios Labs/zones/asia-southeast1-a/instances/inst-7019",NULL,"Forwarding Rule","Networking","Cloud Load Balancing","RQTMJ7PDZUIB5SQ0","Cloud Load Balancing Hours",NULL,"ZYCMVO84W6TK9LSG.4IQ9LVFO","proj-helios-dev","helios-dev","BillingAccount","{""team"": ""platform""}","europe-west1-b","Usage-Based",NULL,"Application Networking",2.2686,402.3271356,3.3860
113.7698718,"8a93b2c1-1234-4abc-9def-0123456789ab","Contoso Cloud","BillingProfile","USD","2024-10-01T00:00:00Z","2024-09-01T00:00:00Z",NULL,NULL,"Usage",NULL,"Azure Load Balancer Load Balancer in Southeast Asia","2024-09-15T04:00:00Z","2024-09-15T03:00:00Z",NULL,NULL,NULL,NULL,NULL,NULL,NULL,231.8900000000,"Hours",133.846908,0.5772,113.7698718,"Microsoft",136.58320999999998,0.5890,"Standard","USD",231.89,"Hours","Microsoft","Microsoft","southeastasia","Southeast Asia","/subscriptions/8a93b2c1-1234-4abc-9def-0123456789ab/resourceGroups/rg-6/providers/Microsoft.Compute/virtualMachines/vm-9467",NULL,"Load Balancer","Networking","Azure Load Balancer","JIMV03JULF5VLUDA","Azure Load Balancer Hours",NULL,"2RNKK5FI11Z14YAC.8MXAU7MB","sub-2b7c","Staging","BillingProfile","{""environment"": ""prod"", ""cost_center"": ""CC-3090""}","westeurope-2","Usage-Based",NULL,"Application Networking",0.5772,113.7698718,0.5890
488.23007196,"123456789012","SunBird","BillingAccount","USD","2024-10-01T00:00:00Z","2024-09-01T00:00:00Z",NULL,NULL,"Usage",NULL,"AWS Lambda Function in US West (Oregon)","2024-09-30T15:00:00Z","2024-09-30T14:00:00Z",NULL,NULL,NULL,NULL,NULL,NULL,NULL,191.7800000000,"Requests",524.978572,2.7374,488.23007196,"AWS",564.4852520000001,2.9434,"Standard","USD",191.78,"Requests","AWS","AWS","us-west-2","US West (Oregon)","arn:aws:ec2:us-west-2:123456789012:instance/i-0072c5f341a5",NULL,"Function","Compute","AWS Lambda","MKZBOOINB6KHXCYQ","AWS Lambda Requests",NULL,"8DDGBDH02YH9Q4JN.AT0G7RI0","517389287820","Atlas Nimbus","BillingAccount","{""cost_center"": ""CC-2042"", ""owner"": ""g.hopper"", ""business_unit"": ""OsloData""}",NULL,"Usage-Based",NULL,"Serverless Compute",2.7374,488.23007196,2.9434
1322.144868,"123456789012","SunBird","BillingAccount","USD","2024-10-01T00:00:00Z","2024-09-01T00:00:00Z",NULL,NULL,"Usage",NULL,"Amazon Relational Database Service Database Instance in US East (N. Virginia)","2024-09-22T06:00:00Z","2024-09-22T05:00:00Z",NULL,NULL,NULL,NULL,NULL,NULL,NULL,415.7500000000,"Hours",1739.6643000000001,4.1844,1322.144868,"AWS",2022.8731999999998,4.8656,"Standard","USD",415.75,"Hours","AWS","AWS","us-east-1","US East (N. Virginia)","arn:aws:ec2:us-east-1:123456789012:instance/i-00c24bba7364",NULL,"Database Instance","Databases","Amazon Relational Database Service","FH5JF6EGQO3SQ3DG","Amazon Relational Database Service Hours",NULL,"LCSXU1HGCAIKVW2R.FXVLHZZ3","517389287820","Atlas Nimbus","BillingAccount","{""owner"": ""a.turing""}","us-east-1a","Usage-Based",NULL,"Relational Databases",4.1844,1322.144868,4.8656
1909.51897152,"ocid1.tenancy.oc1..aaaa1234","Meridian OCI","Tenancy","USD","2024-10-01T00:00:00Z","2024-09-01T00:00:00Z",NULL,NULL,"Usage",NULL,"Oracle Functions Function in UK South (London)","2024-09-05T20:00:00Z","2024-09-05T19:00:00Z",NULL,NULL,NULL,NULL,NULL,NULL,NULL,490.7800000000,"Invocations",1989.082262,4.0529,1909.51897152,"Oracle",2071.975004,4.2218,"Standard","USD",490.78,"Invocations","Oracle","Oracle","uk-london-1","UK South (London)","ocid1.instance.oc1.uk-london-1.00c72548ac13",NULL,"Function","Compute","Oracle Functions","I45H02CEQUA7OV77","Oracle Functions Invocations",NULL,"G1P4WYJ9DAK645KE.5UPVRD6O","ocid1.compartment.oc1..prod","production","Tenancy","{""environment"": ""qa"", ""cost_center"": ""CC-2042""}",NULL,"Usage-Based",NULL,"Serverless Compute",4.0529,1909.51897152,4.2218
94.49408034,"ocid1.tenancy.oc1..aaaa1234","Meridian OCI","Tenancy","USD","2024-10-01T00:00:00Z","2024-09-01T00:00:00Z",NULL,NULL,"Usage",NULL,"Oracle Functions Function in US East (Ashburn)","2024-09-20T15:00:00Z","2024-09-20T14:00:00Z",NULL,NULL,NULL,NULL,NULL,NULL,NULL,44.0200000000,"Invocations",95.448566,2.1683,94.49408034,"Oracle",109.71104600000001,2.4923,"Dynamic","USD",44.02,"Invocations","Oracle","Oracle","us-ashburn-1","US East (Ashburn)","ocid1.instance.oc1.us-ashburn-1.00a3d7170b46",NULL,"Function","Compute","Oracle Functions","AFT69N3VXDO3V94X","Oracle Functions Invocations",NULL,"2HGOAVWS97XGCK5I.0GQMMHZN","ocid1.compartment.oc1..prod","production","Tenancy",NULL,"us-ashburn-1-AD-1","Usage-Based",NULL,"Serverless Compute",2.1683,94.49408034,2.4923
801.55713308,"8a93b2c1-1234-4abc-9def-0123456789ab","Contoso Cloud","BillingProfile","USD","2024-10-01T00:00:00Z","2024-09-01T00:00:00Z",NULL,NULL,"Usage",NULL,"Azure Load Balancer Load Balancer in Southeast Asia","2024-09-18T17:00:00Z","2024-09-18T16:00:00Z",NULL,NULL,NULL,NULL,NULL,NULL,NULL,294.4100000000,"Hours",932.043178,3.1658,801.55713308,"Microsoft",1136.6286870000001,3.8607,"Other","USD",294.41,"Hours","Microsoft","Microsoft","southeastasia","Southeast Asia","/subscriptions/8a93b2c1-1234-4abc-9def-0123456789ab/resourceGroups/rg-307/providers/Microsoft.Compute/virtualMachines/vm-4016",NULL,"Load Balancer","Networking","Azure Load Balancer","9146LLIGYU6Y0PRZ","Azure Load Balancer Hours",NULL,"VS2II06T9U9NMNSW.IL68UHW9","sub-9a1f","Production","BillingProfile",NULL,"uksouth-1","Usage-Based",NULL,"Application Networking",3.1658,801.55713308,3.8607
201.6505296,"ocid1.tenancy.oc1..aaaa1234","Meridian OCI","Tenancy","USD","2024-10-01T00:00:00Z","2024-09-01T00:00:00Z",NULL,NULL,"Usage",NULL,"Oracle Load Balancer Load Balancer in UK South (London)","2024-09-01T14:00:00Z","2024-09-01T13:00:00Z",NULL,NULL,NULL,NULL,NULL,NULL,NULL,72.6700000000,"Hours",224.05614400000002,3.0832,201.6505296,"Oracle",243.53897100000003,3.3513,"Dynamic","USD",72.67,"Hours","Oracle","Oracle","uk-london-1","UK South (London)","ocid1.instance.oc1.uk-london-1.007250bc232f",NULL,"Load Balancer","Networking","Oracle Load Balancer","2G9O9YP6SDYY0U9D","Oracle Load Balancer Hours",NULL,"AQM2OX8MMS2LELL6.HYC1R9QI","ocid1.compartment.oc1..dev","development","Tenancy","{""environment"": ""staging"", ""application"": ""BrightSourceCore""}",NULL,"Usage-Based",NULL,"Application Networking",3.0832,201.6505296,3.3513
813.88408032,"01ABCD-2345EF-6789GH","Helios Labs","BillingAccount","USD","2024-10-01T00:00:00Z","2024-09-01T00:00:00Z",NULL,NULL,"Usage",NULL,"Compute Engine VM Instance in Singapore","2024-09-07T15:00:00Z","2024-09-07T14:00:00Z",NULL,NULL,NULL,NULL,NULL,NULL,NULL,298.4400000000,"Hours",865.834128,2.9012,813.88408032,"Google",1154.455452,3.8683,"Standard","USD",298.44,"Hours","Google","Google","asia-southeast1","Singapore","//compute.googleapis.com/projects/Helios Labs/zones/asia-southeast1-a/instances/inst-5088",NULL,"VM Instance","Compute","Compute Engine","88ZFWONVVXSN749A","Compute Engine Hours",NULL,"HW2PPCUYHYQ8SB7X.6625CSMU","proj-helios-dev","helios-dev","BillingAccount","{""business_unit"": ""MarseilleSRE"", ""application"": ""BrightSourceCore"", ""owner"": ""a.lovelace""}",NULL,"Usage-Based",NULL,"Virtual Machines",2.9012,813.88408032,3.8683
648.84119069,"123456789012","SunBird","BillingAccount","USD","2024-10-01T00:00:00Z","2024-09-01T00:00:00Z",NULL,NULL,"Usage",NULL,"Amazon Elastic Compute Cloud Virtual Machine in US West (Oregon)","2024-09-23T19:00:00Z","2024-09-23T18:00:00Z","Usage","cd-663876","commit-3876",NULL,"Used","Committed Use Discount",NULL,335.1700000000,"Hours",842.650897,2.5141,648.84119069,"AWS",1296.404043,3.8679,"Standard","USD",335.17,"Hours","AWS","AWS","us-west-2","US West (Oregon)","arn:aws:ec2:us-west-2:123456789012:instance/i-002d5229d2e6",NULL,"Virtual Machine","Compute","Amazon Elastic Compute Cloud","EDLQ9EOQ0Y2Z1UBY","Amazon Elastic Compute Cloud Hours",NULL,"H8AECEW6GSTFS2YZ.B4K8OIZ8","663626350770","Zenith Apollo","BillingAccount","{""application"": ""NimbusAPI""}",NULL,"Usage-Based",NULL,"Virtual Machines",2.5141,648.84119069,3.8679
5.82035328,"8a93b2c1-1234-4abc-9def-0123456789ab","Contoso Cloud","BillingProfile","USD","2024-10-01T00:00:00Z","2024-09-01T00:00:00Z",NULL,NULL,"Usage",NULL,"Azure SQL Database SQL Database in Southeast Asia","2024-09-24T15:00:00Z","2024-09-24T14:00:00Z",NULL,NULL,NULL,NULL,NULL,NULL,NULL,2.5200000000,"Hours",5.9391359999999995,2.3568,5.82035328,"Microsoft",7.517916,2.9833,"Standard","USD",2.52,"Hours","Microsoft","Microsoft","southeastasia","Southeast Asia","/subscriptions/8a93b2c1-1234-4abc-9def-0123456789ab/resourceGroups/rg-342/providers/Microsoft.Compute/virtualMachines/vm-7463",NULL,"SQL Database","Databases","Azure SQL Database","LD939ESEQGM5VWIP","Azure SQL Database Hours",NULL,"GSEMU52VTJXU1KAU.PO1RXIV4","sub-9a1f","Production","BillingProfile","{""business_unit"": ""MarseilleSRE"", ""environment"": ""dev"", ""team"": ""payments""}","westeurope-2","Usage-Based",NULL,"Relational Databases",2.3568,5.82035328,2.9833
37.002336,"ocid1.tenancy.oc1..aaaa1234","Meridian OCI","Tenancy","USD","2024-10-01T00:00:00Z","2024-09-01T00:00:00Z",NULL,NULL,"Usage",NULL,"Oracle Autonomous Database Database in UK South (London)","2024-09-24T13:00:00Z","2024-09-24T12:00:00Z","Usage","cd-305973","commit-5973",NULL,"Used","Committed Use Discount",NULL,41.0000000000,"Hours",38.5441,0.9401,37.002336,"Oracle",57.5312,1.4032,"Committed","USD",41.00,"Hours","Oracle","Oracle","uk-london-1","UK South (London)","ocid1.instance.oc1.uk-london-1.00af0d6136ce",NULL,"Database","Databases","Oracle Autonomous Database","NC9Q884JXZOSI366","Oracle Autonomous Database Hours",NULL,"FZX6APK6I2KLJ4WC.O5OEQXOC","ocid1.compartment.oc1..dev","development","Tenancy","{""cost_center"": ""CC-3090""}","uk-london-1-AD-2","Usage-Based",NULL,"Relational Databases",0.9401,37.002336,1.4032
463.3467381,"8a93b2c1-1234-4abc-9def-0123456789ab","Contoso Cloud","BillingProfile","USD","2024-10-01T00:00:00Z","2024-09-01T00:00:00Z",NULL,NULL,"Usage",NULL,"Azure Functions Function App in Southeast Asia","2024-09-21T01:00:00Z","2024-09-21T00:00:00Z",NULL,NULL,NULL,NULL,NULL,NULL,NULL,490.3000000000,"Executions",572.0330100000001,1.1667,463.3467381,"Microsoft",794.48212,1.6204,"Standard","USD",490.30,"Executions","Microsoft","Microsoft","southeastasia","Southeast Asia","/subscriptions/8a93b2c1-1234-4abc-9def-0123456789ab/resourceGroups/rg-96/providers/Microsoft.Compute/virtualMachines/vm-958",NULL,"Function App","Compute","Azure Functions","E7QYO7ZWW54A6I2K","Azure Functions Executions",NULL,"OE6RNJLKXHO0VH44.4NK0BPCI","sub-2b7c","Staging","BillingProfile","{""cost_center"": ""CC-3090"", ""owner"": ""g.hopper""}","westeurope-2","Usage-Based",NULL,"Serverless Compute",1.1667,463.3467381,1.6204
274.74997146,"8a93b2c1-1234-4abc-9def-0123456789ab","Contoso Cloud","BillingProfile","USD","2024-10-01T00:00:00Z","2024-09-01T00:00:00Z",NULL,NULL,"Usage",NULL,"Azure Blob Storage Storage Account in East US","2024-09-07T07:00:00Z","2024-09-07T06:00:00Z",NULL,NULL,NULL,NULL,NULL,NULL,NULL,258.3300000000,"GB",319.47671099999997,1.2367,274.74997146,"Microsoft",523.712409,2.0273,"Standard","USD",258.33,"GB","Microsoft","Microsoft","eastus","East US","/subscriptions/8a93b2c1-1234-4abc-9def-0123456789ab/resourceGroups/rg-337/providers/Microsoft.Compute/virtualMachines/vm-5824",NULL,"Storage Account","Storage","Azure Blob Storage","0JL6QKV3EOYYIGBM","Azure Blob Storage GB",NULL,"760JGL4C86HF4I8A.170XC71O","sub-4d3e","Sandbox","BillingProfile","{""application"": ""NimbusAPI"", ""environment"": ""qa""}",NULL,"Usage-Based",NULL,"Object Storage",1.2367,274.74997146,2.0273
118.88011008,"ocid1.tenancy.oc1..aaaa1234","Meridian OCI","Tenancy","USD","2024-10-01T00:00:00Z","2024-09-01T00:00:00Z",NULL,NULL,"Usage",NULL,"Oracle Autonomous Database Database in Australia East (Sydney)","2024-09-19T04:00:00Z","2024-09-19T03:00:00Z",NULL,NULL,NULL,NULL,NULL,NULL,NULL,455.0400000000,"Hours",144.975744,0.3186,118.88011008,"Oracle",190.752768,0.4192,"Standard","USD",455.04,"Hours","Oracle","Oracle","ap-sydney-1","Australia East (Sydney)","ocid1.instance.oc1.ap-sydney-1.00aa4a492276",NULL,"Database","Databases","Oracle Autonomous Database","7H7AYNU0XGJ1QQ81","Oracle Autonomous Database Hours",NULL,"XRZN0994LX994QTW.ZIHO2KGN","ocid1.compartment.oc1..prod","production","Tenancy",NULL,NULL,"Usage-Based",NULL,"Relational Databases",0.3186,118.88011008,0.4192
1126.42479432,"ocid1.tenancy.oc1..aaaa1234","Meridian OCI","Tenancy","USD","2024-10-01T00:00:00Z","2024-09-01T00:00:00Z",NULL,NULL,"Usage",NULL,"Oracle Autonomous Database Database in Australia East (Sydney)","2024-09-07T21:00:00Z","2024-09-07T20:00:00Z","Spend","cd-375871","commit-5871",NULL,"Used","Savings Plan",NULL,402.1900000000,"Hours",1340.981898,3.3342,1126.42479432,"Oracle",1655.5346969999998,4.1163,"Standard","USD",402.19,"Hours","Oracle","Oracle","ap-sydney-1","Australia East (Sydney)","ocid1.instance.oc1.ap-sydney-1.00c02235b4ff",NULL,"Database","Databases","Oracle Autonomous Database","7SMC67OKCXPAKFRZ","Oracle Autonomous Database Hours",NULL,"WZZM7AEF9S9WWROM.3ZAQL06G","ocid1.compartment.oc1..prod","production","Tenancy","{""team"": ""platform"", ""owner"": ""g.hopper"", ""business_unit"": ""LisbonOps""}","us-ashburn-1-AD-1","Usage-Based",NULL,"Relational Databases",3.3342,1126.42479432,4.1163
833.04338832,"123456789012","SunBird","BillingAccount","USD","2024-10-01T00:00:00Z","2024-09-01T00:00:00Z",NULL,NULL,"Usage",NULL,"Elastic Load Balancing Load Balancer in Europe (Ireland)","2024-09-06T00:00:00Z","2024-09-05T23:00:00Z","Usage","cd-690525","commit-0525",NULL,"Unused","Reserved Instance",NULL,NULL,NULL,841.4579679999999,2.0696,833.04338832,"AWS",1168.7142099999999,2.8745,"Committed","USD",406.58,"LCU-Hours","AWS","AWS","eu-west-1","Europe (Ireland)","arn:aws:ec2:eu-west-1:123456789012:instance/i-00b9aa6dc7be",NULL,"Load Balancer","Networking","Elastic Load Balancing","OOU0W78AQPSFZVE9","Elastic Load Balancing LCU-Hours",NULL,"L4UWNRLM5MPPQNOM.PWJGHF5A","438839167390","Zenith Eclipse","BillingAccount","{""owner"": ""a.lovelace"", ""team"": ""infra""}","us-east-1a","Usage-Based",NULL,"Application Networking",2.0696,833.04338832,2.8745
630.7733751,"123456789012","SunBird","BillingAccount","USD","2024-10-01T00:00:00Z","2024-09-01T00:00:00Z",NULL,NULL,"Usage",NULL,"Amazon Simple Queue Service Queue in Europe (Ireland)","2024-09-14T11:00:00Z","2024-09-14T10:00:00Z","Usage","cd-393880","commit-3880",NULL,"Used","Reserved Instance",NULL,434.3900000000,"Requests",650.28183,1.4970,630.7733751,"AWS",1066.036499,2.4541,"Committed","USD",434.39,"Requests","AWS","AWS","eu-west-1","Europe (Ireland)","arn:aws:ec2:eu-west-1:123456789012:instance/i-001fd2e6acb3",NULL,"Queue","Integration","Amazon Simple Queue Service","6WZL3H73UAANYGUX","Amazon Simple Queue Service Requests",NULL,"QL9QPR4VXL51N0XX.ZR2LIOGR","663626350770","Zenith Apollo","BillingAccount",NULL,NULL,"Usage-Based",NULL,"Messaging",1.4970,630.7733751,2.4541
77.09018135,"ocid1.tenancy.oc1..aaaa1234","Meridian OCI","Tenancy","USD","2024-10-01T00:00:00Z","2024-09-01T00:00:00Z",NULL,NULL,"Usage",NULL,"Oracle Functions Function in US East (Ashburn)","2024-09-07T10:00:00Z","2024-09-07T09:00:00Z",NULL,NULL,NULL,NULL,NULL,NULL,NULL,210.7700000000,"Invocations",90.694331,0.4303,77.09018135,"Oracle",141.72174800000002,0.6724,"Standard","USD",210.77,"Invocations","Oracle","Oracle","us-ashburn-1","US East (Ashburn)","ocid1.instance.oc1.us-ashburn-1.004e57d57347",NULL,"Function","Compute","Oracle Functions","Q4G2VQXX99QWB0HW","Oracle Functions Invocations",NULL,"M8LSWU652FYS3JKV.0ZEFKVOU","ocid1.compartment.oc1..prod","production","Tenancy","{""business_unit"": ""ViennaAI"", ""owner"": ""a.turing""}","us-ashburn-1-AD-1","Usage-Based",NULL,"Serverless Compute",0.4303,77.09018135,0.6724
535.14226935,"01ABCD-2345EF-6789GH","Helios Labs","BillingAccount","USD","2024-10-01T00:00:00Z","2024-09-01T00:00:00Z",NULL,NULL,"Usage",NULL,"Cloud Load Balancing Forwarding Rule in Singapore","2024-09-12T14:00:00Z","2024-09-12T13:00:00Z",NULL,NULL,NULL,NULL,NULL,NULL,NULL,373.9500000000,"Hours",798.719805,2.1359,535.14226935,"Google",974.0275649999999,2.6047,"Standard","USD",373.95,"Hours","Google","Google","asia-southeast1","Singapore","//compute.googleapis.com/projects/Helios Labs/zones/asia-southeast1-a/instances/inst-1330",NULL,"Forwarding Rule","Networking","Cloud Load Balancing","FNKZGGE49DBZ7FGQ","Cloud Load Balancing Hours",NULL,"JFYTOPS2II7KBCWU.438R92I8","proj-helios-dev","helios-dev","BillingAccount",NULL,"europe-west1-b","Usage-Based",NULL,"Application Networking",2.1359,535.14226935,2.6047
261.85632048,"ocid1.tenancy.oc1..aaaa1234","Meridian OCI","Tenancy","USD","2024-10-01T00:00:00Z","2024-09-01T00:00:00Z",NULL,NULL,"Usage",NULL,"Oracle Load Balancer Load Balancer in UK South (London)","2024-09-15T20:00:00Z","2024-09-15T19:00:00Z","Spend","cd-954987","commit-4987",NULL,"Unused","Savings Plan",NULL,NULL,NULL,363.689334,1.6461,261.85632048,"Oracle",404.09926,1.8290,"Standard","USD",220.94,"Hours","Oracle","Oracle","uk-london-1","UK South (London)","ocid1.instance.oc1.uk-london-1.0063c297f951",NULL,"Load Balancer","Networking","Oracle Load Balancer","A1SOA9XM091ZPKYY","Oracle Load Balancer Hours",NULL,"OQF1P7RS8R0MELIS.H32R5MUB","ocid1.compartment.oc1..dev","development","Tenancy","{""owner"": ""a.turing""}",NULL,"Usage-Based",NULL,"Application Networking",1.6461,261.85632048,1.8290
5.28186495,"123456789012","SunBird","BillingAccount","USD","2024-10-01T00:00:00Z","2024-09-01T00:00:00Z",NULL,NULL,"Usage",NULL,"Elastic Load Balancing Load Balancer in US East (N. Virginia)","2024-09-05T09:00:00Z","2024-09-05T08:00:00Z",NULL,NULL,NULL,NULL,NULL,NULL,NULL,219.2100000000,"LCU-Hours",8.658795,0.0395,5.28186495,"AWS",9.009530999999999,0.0411,"Other","USD",219.21,"LCU-Hours","AWS","AWS","us-east-1","US East (N. Virginia)","arn:aws:ec2:us-east-1:123456789012:instance/i-005b56cf6f70",NULL,"Load Balancer","Networking","Elastic Load Balancing","ZE84LMQYAHPY2PCM","Elastic Load Balancing LCU-Hours",NULL,"3G7N4YTUKC97HQ4T.MXDNHP1U","517389287820","Atlas Nimbus","BillingAccount","{""business_unit"": ""ViennaAI"", ""team"": ""growth""}","us-west-2b","Usage-Based",NULL,"Application Networking",0.0395,5.28186495,0.0411
530.6412105,"8a93b2c1-1234-4abc-9def-0123456789ab","Contoso Cloud","BillingProfile","USD","2024-10-01T00:00:00Z","2024-09-01T00:00:00Z",NULL,NULL,"Usage",NULL,"Azure SQL Database SQL Database in East US","2024-09-11T09:00:00Z","2024-09-11T08:00:00Z","Spend","cd-193826","commit-3826",NULL,"Unused","Reserved Instance",NULL,NULL,NULL,707.521614,1.8061,530.6412105,"Microsoft",930.930936,2.3764,"Committed","USD",391.74,"Hours","Microsoft","Microsoft","eastus","East US","/subscriptions/8a93b2c1-1234-4abc-9def-0123456789ab/resourceGroups/rg-295/providers/Microsoft.Compute/virtualMachines/vm-2233",NULL,"SQL Database","Databases","Azure SQL Database","DDWJ8GI5OU9W2MBY","Azure SQL Database Hours",NULL,"WIQC529S85ML8WU3.R9KE7J2S","sub-2b7c","Staging","BillingProfile",NULL,NULL,"Usage-Based",NULL,"Relational Databases",1.8061,530.6412105,2.3764
282.86782622,"01ABCD-2345EF-6789GH","Helios Labs","BillingAccount","USD","2024-10-01T00:00:00Z","2024-09-01T00:00:00Z",NULL,NULL,"Usage",NULL,"BigQuery Dataset in Iowa","2024-09-08T22:00:00Z","2024-09-08T21:00:00Z",NULL,NULL,NULL,NULL,NULL,NULL,NULL,388.0100000000,"GiB",328.916077,0.8477,282.86782622,"Google",463.28394,1.1940,"Standard","USD",388.01,"GiB","Google","Google","us-central1","Iowa","//compute.googleapis.com/projects/Helios Labs/zones/us-central1-a/instances/inst-2350",NULL,"Dataset","Analytics","BigQuery","7ECILCMG5MGCY57Q","BigQuery GiB",NULL,"DXOEAN5F3DX90XDR.7CETEN7G","proj-helios-dev","helios-dev","BillingAccount","{""owner"": ""k.johnson"", ""team"": ""growth"", ""environment"": ""qa""}",NULL,"Usage-Based",NULL,"Data Warehouses",0.8477,282.86782622,1.1940
150.76134458,"8a93b2c1-1234-4abc-9def-0123456789ab","Contoso Cloud","BillingProfile","USD","2024-10-01T00:00:00Z","2024-09-01T00:00:00Z",NULL,NULL,"Usage",NULL,"Azure Functions Function App in UK South","2024-09-09T06:00:00Z","2024-09-09T05:00:00Z","Usage","cd-210639","commit-0639",NULL,"Unused","Committed Use Discount",NULL,NULL,NULL,195.793954,0.6262,150.76134458,"Microsoft",279.714582,0.8946,"Committed","USD",312.67,"Executions","Microsoft","Microsoft","uksouth","UK South","/subscriptions/8a93b2c1-1234-4abc-9def-0123456789ab/resourceGroups/rg-790/providers/Microsoft.Compute/virtualMachines/vm-4813",NULL,"Function App","Compute","Azure Functions","82WU9UX01UP8NY9Q","Azure Functions Executions",NULL,"X22ZACSB7ITATONU.BR969JGC","sub-9a1f","Production","BillingProfile","{""application"": ""BrightSourceCore"", ""environment"": ""qa""}",NULL,"Usage-Based",NULL,"Serverless Compute",0.6262,150.76134458,0.8946
151.88162418,"01ABCD-2345EF-6789GH","Helios Labs","BillingAccount","USD","2024-10-01T00:00:00Z","2024-09-01T00:00:00Z",NULL,NULL,"Usage",NULL,"Cloud Storage Bucket in Belgium","2024-09-16T16:00:00Z","2024-09-16T15:00:00Z",NULL,NULL,NULL,NULL,NULL,NULL,NULL,405.5400000000,"GiB",156.578994,0.3861,151.88162418,"Google",186.38618400000001,0.4596,"Standard","USD",405.54,"GiB","Google","Google","europe-west1","Belgium","//compute.googleapis.com/projects/Helios Labs/zones/europe-west1-a/instances/inst-9676",NULL,"Bucket","Storage","Cloud Storage","DVW10HOAYDT7CU8J","Cloud Storage GiB",NULL,"U6OJDZ26FO1SZJIV.F4D9ZQFZ","proj-helios-dev","helios-dev","BillingAccount","{""environment"": ""prod"", ""team"": ""growth""}","asia-southeast1-c","Usage-Based",NULL,"Object Storage",0.3861,151.88162418,0.4596
389.54961045,"ocid1.tenancy.oc1..aaaa1234","Meridian OCI","Tenancy","USD","2024-10-01T00:00:00Z","2024-09-01T00:00:00Z",NULL,NULL,"Usage",NULL,"Oracle Object Storage Bucket in US East (Ashburn)","2024-09-24T21:00:00Z","2024-09-24T20:00:00Z",NULL,NULL,NULL,NULL,NULL,NULL,NULL,285.6700000000,"GB",480.925445,1.6835,389.54961045,"Oracle",801.561453,2.8059,"Other","USD",285.67,"GB","Oracle","Oracle","us-ashburn-1","US East (Ashburn)","ocid1.instance.oc1.us-ashburn-1.0074b4e4102b",NULL,"Bucket","Storage","Oracle Object Storage","WMUWBTKW2J2COMXJ","Oracle Object Storage GB",NULL,"FHDPJSAVHT24BVN8.NN87Q94J","ocid1.compartment.oc1..dev","development","Tenancy","{""business_unit"": ""ViennaAI"", ""cost_center"": ""CC-1001""}",NULL,"Usage-Based",NULL,"Object Storage",1.6835,389.54961045,2.8059
36.429921,"123456789012","SunBird","BillingAccount","USD","2024-10-01T00:00:00Z","2024-09-01T00:00:00Z",NULL,NULL,"Usage",NULL,"Amazon Simple Queue Service Queue in US East (N. Virginia)","2024-09-08T07:00:00Z","2024-09-08T06:00:00Z",NULL,NULL,NULL,NULL,NULL,NULL,NULL,308.9900000000,"Requests",60.71653500000001,0.1965,36.429921,"AWS",82.036845,0.2655,"Other","USD",308.99,"Requests","AWS","AWS","us-east-1","US East (N. Virginia)","arn:aws:ec2:us-east-1:123456789012:instance/i-0030fe251256",NULL,"Queue","Integration","Amazon Simple Queue Service","U58FLM639BCP7TV5","Amazon Simple Queue Service Requests",NULL,"ZKBWWWTP6RDQYB9R.OJVZIFY7","438839167390","Zenith Eclipse","BillingAccount","{""business_unit"": ""OsloData"", ""application"": ""NimbusAPI"", ""cost_center"": ""CC-1001""}",NULL,"Usage-Based",NULL,"Messaging",0.1965,36.429921,0.2655
271.0530867,"8a93b2c1-1234-4abc-9def-0123456789ab","Contoso Cloud","BillingProfile","USD","2024-10-01T00:00:00Z","2024-09-01T00:00:00Z",NULL,NULL,"Usage",NULL,"Azure Kubernetes Service Cluster in West Europe","2024-09-07T13:00:00Z","2024-09-07T12:00:00Z","Spend","cd-667650","commit-7650",NULL,"Unused","Reserved Instance",NULL,NULL,NULL,410.68649500000004,2.4943,271.0530867,"Microsoft",446.39907999999997,2.7112,"Committed","USD",164.65,"Hours","Microsoft","Microsoft","westeurope","West Europe","/subscriptions/8a93b2c1-1234-4abc-9def-0123456789ab/resourceGroups/rg-155/providers/Microsoft.Compute/virtualMachines/vm-8918",NULL,"Cluster","Compute","Azure Kubernetes Service","HLUJBU00T2RJMGIL","Azure Kubernetes Service Hours",NULL,"BROOOBWF4I64XLY5.4IKMOC0A","sub-4d3e","Sandbox","BillingProfile","{""environment"": ""dev"", ""team"": ""growth"", ""owner"": ""a.lovelace""}",NULL,"Usage-Based",NULL,"Containers",2.4943,271.0530867,2.7112
720.77283798,"ocid1.tenancy.oc1..aaaa1234","Meridian OCI","Tenancy","USD","2024-10-01T00:00:00Z","2024-09-01T00:00:00Z",NULL,NULL,"Usage",NULL,"Oracle Object Storage Bucket in Australia East (Sydney)","2024-09-09T18:00:00Z","2024-09-09T17:00:00Z",NULL,NULL,NULL,NULL,NULL,NULL,NULL,433.5700000000,"GB",924.067741,2.1313,720.77283798,"Oracle",1062.1597860000002,2.4498,"Dynamic","USD",433.57,"GB","Oracle","Oracle","ap-sydney-1","Australia East (Sydney)","ocid1.instance.oc1.ap-sydney-1.006800d5fe4b",NULL,"Bucket","Storage","Oracle Object Storage","Z87C7G23CP78ZC9Y","Oracle Object Storage GB",NULL,"7DMS2ZTS3K1SD7J3.2F6HL8IZ","ocid1.compartment.oc1..prod","production","Tenancy","{""cost_center"": ""CC-3090""}",NULL,"Usage-Based",NULL,"Object Storage",2.1313,720.77283798,2.4498
148.91611392,"01ABCD-2345EF-6789GH","Helios Labs","BillingAccount","USD","2024-10-01T00:00:00Z","2024-09-01T00:00:00Z",NULL,NULL,"Usage",NULL,"BigQuery Dataset in Iowa","2024-09-20T09:00:00Z","2024-09-20T08:00:00Z",NULL,NULL,NULL,NULL,NULL,NULL,NULL,441.2800000000,"GiB",173.158272,0.3924,148.91611392,"Google",199.01728,0.4510,"Standard","USD",441.28,"GiB","Google","Google","us-central1","Iowa","//compute.googleapis.com/projects/Helios Labs/zones/us-central1-a/instances/inst-1800",NULL,"Dataset","Analytics","BigQuery","2XF7Y6KY9YCKVJKJ","BigQuery GiB",NULL,"LD0TT2SLHIMAQA35.58A5PN43","proj-helios-prod","helios-prod","BillingAccount",NULL,NULL,"Usage-Based",NULL,"Data Warehouses",0.3924,148.91611392,0.4510
744.03817224,"ocid1.tenancy.oc1..aaaa1234","Meridian OCI","Tenancy","USD","2024-10-01T00:00:00Z","2024-09-01T00:00:00Z",NULL,NULL,"Usage",NULL,"Oracle Compute Instance in Australia East (Sydney)","2024-09-11T11:00:00Z","2024-09-11T10:00:00Z",NULL,NULL,NULL,NULL,NULL,NULL,NULL,278.7800000000,"Hours",1127.3305639999999,4.0438,744.03817224,"Oracle",1150.3299139999997,4.1263,"Other","USD",278.78,"Hours","Oracle","Oracle","ap-sydney-1","Australia East (Sydney)","ocid1.instance.oc1.ap-sydney-1.00aaf3373112",NULL,"Instance","Compute","Oracle Compute","TVFDG0LKS9L3XCFT","Oracle Compute Hours",NULL,"UXYE19ES4IHRV707.NNDG7F4S","ocid1.compartment.oc1..prod","production","Tenancy",NULL,NULL,"Usage-Based",NULL,"Virtual Machines",4.0438,744.03817224,4.1263
607.77602424,"01ABCD-2345EF-6789GH","Helios Labs","BillingAccount","USD","2024-10-01T00:00:00Z","2024-09-01T00:00:00Z",NULL,NULL,"Usage",NULL,"Cloud SQL Database Instance in Singapore","2024-09-27T06:00:00Z","2024-09-27T05:00:00Z",NULL,NULL,NULL,NULL,NULL,NULL,NULL,315.9300000000,"Hours",723.5428860000001,2.2902,607.77602424,"Google",778.009218,2.4626,"Other","USD",315.93,"Hours","Google","Google","asia-southeast1","Singapore","//compute.googleapis.com/projects/Helios Labs/zones/asia-southeast1-a/instances/inst-3696",NULL,"Database Instance","Databases","Cloud SQL","00CVW9NAMSQETT69","Cloud SQL Hours",NULL,"UAHVVZBLMVV44CI4.J38V30D7","proj-helios-prod","helios-prod","BillingAccount","{""application"": ""BrightLensMatrix""}","us-central1-a","Usage-Based",NULL,"Relational Databases",2.2902,607.77602424,2.4626
16.321536,"01ABCD-2345EF-6789GH","Helios Labs","BillingAccount","USD","2024-10-01T00:00:00Z","2024-09-01T00:00:00Z",NULL,NULL,"Purchase",NULL,"Cloud Functions Function in Iowa","2024-09-25T16:00:00Z","2024-09-25T15:00:00Z",NULL,NULL,NULL,NULL,NULL,NULL,NULL,NULL,NULL,16.321536,0.4928,0,"Google",24.727392,0.7466,"Standard","USD",33.12,"Invocations","Google","Google","us-central1","Iowa","//compute.googleapis.com/projects/Helios Labs/zones/us-central1-a/instances/inst-6808",NULL,"Function","Compute","Cloud Functions","HTUCR0F5PX2TN7TL","Cloud Functions Invocations",NULL,"HXCMF26B46JMV47T.UJG7INC3","proj-helios-prod","helios-prod","BillingAccount","{""cost_center"": ""CC-3090""}",NULL,"Recurring",NULL,"Serverless Compute",0.4928,0,0.7466
36.59825632,"123456789012","SunBird","BillingAccount","USD","2024-10-01T00:00:00Z","2024-09-01T00:00:00Z",NULL,NULL,"Usage",NULL,"Amazon Elastic Compute Cloud Virtual Machine in Europe (Ireland)","2024-09-30T08:00:00Z","2024-09-30T07:00:00Z",NULL,NULL,NULL,NULL,NULL,NULL,NULL,233.4400000000,"Hours",42.556112,0.1823,36.59825632,"AWS",53.877952,0.2308,"Standard","USD",233.44,"Hours","AWS","AWS","eu-west-1","Europe (Ireland)","arn:aws:ec2:eu-west-1:123456789012:instance/i-0068d0ba2238",NULL,"Virtual Machine","Compute","Amazon Elastic Compute Cloud","2HRJKRHA96GN8W9U","Amazon Elastic Compute Cloud Hours",NULL,"RJSPKETV82DIB4DG.YDF1ZL2W","517389287820","Atlas Nimbus","BillingAccount","{""owner"": ""k.johnson"", ""environment"": ""dev""}","eu-west-1c","Usage-Based",NULL,"Virtual Machines",0.1823,36.59825632,0.2308
342.62923728,"01ABCD-2345EF-6789GH","Helios Labs","BillingAccount","USD","2024-10-01T00:00:00Z","2024-09-01T00:00:00Z",NULL,NULL,"Usage",NULL,"Cloud Storage Bucket in Iowa","2024-09-25T06:00:00Z","2024-09-25T05:00:00Z",NULL,NULL,NULL,NULL,NULL,NULL,NULL,234.1400000000,"GiB",389.351406,1.6629,342.62923728,"Google",533.37092,2.2780,"Other","USD",234.14,"GiB","Google","Google","us-central1","Iowa","//compute.googleapis.com/projects/Helios Labs/zones/us-central1-a/instances/inst-1418",NULL,"Bucket","Storage","Cloud Storage","VU35BE4HW43KSWI6","Cloud Storage GiB",NULL,"GZGU9ET83Z0PP9K4.YEVN11V8","proj-helios-dev","helios-dev","BillingAccount","{""environment"": ""staging""}",NULL,"Usage-Based",NULL,"Object Storage",1.6629,342.62923728,2.2780
288.38342072,"8a93b2c1-1234-4abc-9def-0123456789ab","Contoso Cloud","BillingProfile","USD","2024-10-01T00:00:00Z","2024-09-01T00:00:00Z",NULL,NULL,"Usage",NULL,"Azure Load Balancer Load Balancer in East US","2024-09-25T12:00:00Z","2024-09-25T11:00:00Z","Spend","cd-525505","commit-5505",NULL,"Used","Committed Use Discount",NULL,231.4600000000,"Hours",430.423016,1.8596,288.38342072,"Microsoft",642.41723,2.7755,"Committed","USD",231.46,"Hours","Microsoft","Microsoft","eastus","East US","/subscriptions/8a93b2c1-1234-4abc-9def-0123456789ab/resourceGroups/rg-76/providers/Microsoft.Compute/virtualMachines/vm-3063",NULL,"Load Balancer","Networking","Azure Load Balancer","AJJ28SY2MNUTT1WF","Azure Load Balancer Hours",NULL,"A6ZISDX9DA9WHSBP.1ZUYZY18","sub-4d3e","Sandbox","BillingProfile","{""team"": ""platform"", ""business_unit"": ""ViennaAI"", ""owner"": ""g.hopper""}",NULL,"Usage-Based",NULL,"Application Networking",1.8596,288.38342072,2.7755
169.09906728,"8a93b2c1-1234-4abc-9def-0123456789ab","Contoso Cloud","BillingProfile","USD","2024-10-01T00:00:00Z","2024-09-01T00:00:00Z",NULL,NULL,"Usage",NULL,"Azure Kubernetes Service Cluster in West Europe","2024-09-24T17:00:00Z","2024-09-24T16:00:00Z",NULL,NULL,NULL,NULL,NULL,NULL,NULL,419.9800000000,"Hours",194.366744,0.4628,169.09906728,"Microsoft",323.972572,0.7714,"Standard","USD",419.98,"Hours","Microsoft","Microsoft","westeurope","West Europe","/subscriptions/8a93b2c1-1234-4abc-9def-0123456789ab/resourceGroups/rg-669/providers/Microsoft.Compute/virtualMachines/vm-6684",NULL,"Cluster","Compute","Azure Kubernetes Service","1IFI031L36192YWO","Azure Kubernetes Service Hours",NULL,"L1A5P6R08XCC4XH4.FJ7R37F7","sub-9a1f","Production","BillingProfile",NULL,"uksouth-1","Usage-Based",NULL,"Containers",0.4628,169.09906728,0.7714
586.00256,"123456789012","SunBird","BillingAccount","USD","2024-10-01T00:00:00Z","2024-09-01T00:00:00Z",NULL,NULL,"Purchase",NULL,"Amazon Simple Storage Service Bucket in Asia Pacific (Sydney)","2024-09-29T08:00:00Z","2024-09-29T07:00:00Z",NULL,NULL,NULL,NULL,NULL,NULL,NULL,NULL,NULL,586.00256,2.1736,0,"AWS",781.35472,2.8982,"Other","USD",269.60,"GB","AWS","AWS","ap-southeast-2","Asia Pacific (Sydney)","arn:aws:ec2:ap-southeast-2:123456789012:instance/i-00a9c096853f",NULL,"Bucket","Storage","Amazon Simple Storage Service","V0WSSKCTQD4KDSBS","Amazon Simple Storage Service GB",NULL,"5FI6ERQIRRQAHLJ2.XLQP5L7C","663626350770","Zenith Apollo","BillingAccount",NULL,NULL,"Recurring",NULL,"Object Storage",2.1736,0,2.8982
574.5228481,"123456789012","SunBird","BillingAccount","USD","2024-10-01T00:00:00Z","2024-09-01T00:00:00Z",NULL,NULL,"Adjustment",NULL,"Amazon Simple Storage Service Bucket in US West (Oregon)","2024-09-18T15:00:00Z","2024-09-18T14:00:00Z",NULL,NULL,NULL,NULL,NULL,NULL,NULL,NULL,NULL,645.53129,2.9329,574.5228481,"AWS",701.65679,3.1879,"Other","USD",220.10,"GB","AWS","AWS","us-west-2","US West (Oregon)",NULL,NULL,NULL,"Storage","Amazon Simple Storage Service","3Z4T48OYY4QJ71AS","Amazon Simple Storage Service GB",NULL,"2YU7CG8W1RVRRGQZ.3PM7VLU9","438839167390","Zenith Eclipse","BillingAccount","{""application"": ""BrightSourceCore""}",NULL,"One-Time",NULL,"Object Storage",2.9329,574.5228481,3.1879
349.91302632,"123456789012","SunBird","BillingAccount","USD","2024-10-01T00:00:00Z","2024-09-01T00:00:00Z",NULL,NULL,"Usage",NULL,"Amazon Elastic Compute Cloud Virtual Machine in US East (N. Virginia)","2024-09-05T05:00:00Z","2024-09-05T04:00:00Z",NULL,NULL,NULL,NULL,NULL,NULL,NULL,175.7600000000,"Hours",573.6279119999999,3.2637,349.91302632,"AWS",637.358488,3.6263,"Dynamic","USD",175.76,"Hours","AWS","AWS","us-east-1","US East (N. Virginia)","arn:aws:ec2:us-east-1:123456789012:instance/i-00bae1e8332b",NULL,"Virtual Machine","Compute","Amazon Elastic Compute Cloud","HHFIYLHLQS3E3R1U","Amazon Elastic Compute Cloud Hours",NULL,"QKERDYYVDQQL2E5M.ZL5GJ81N","438839167390","Zenith Eclipse","BillingAccount",NULL,NULL,"Usage-Based",NULL,"Virtual Machines",3.2637,349.91302632,3.6263
118.01119374,"123456789012","SunBird","BillingAccount","USD","2024-10-01T00:00:00Z","2024-09-01T00:00:00Z",NULL,NULL,"Usage",NULL,"Amazon Simple Queue Service Queue in Europe (Ireland)","2024-09-02T12:00:00Z","2024-09-02T11:00:00Z",NULL,NULL,NULL,NULL,NULL,NULL,NULL,125.3100000000,"Requests",178.80483900000002,1.4269,118.01119374,"AWS",279.378645,2.2295,"Other","USD",125.31,"Requests","AWS","AWS","eu-west-1","Europe (Ireland)","arn:aws:ec2:eu-west-1:123456789012:instance/i-00dd3914eb02",NULL,"Queue","Integration","Amazon Simple Queue Service","541ZE8OAY4H8WVTZ","Amazon Simple Queue Service Requests",NULL,"DFX8VF3SML9CYMTY.GW5F2MIC","517389287820","Atlas Nimbus","BillingAccount","{""team"": ""growth"", ""business_unit"": ""LisbonOps"", ""environment"": ""prod""}",NULL,"Usage-Based",NULL,"Messaging",1.4269,118.01119374,2.2295
214.67726982,"123456789012","SunBird","BillingAccount","USD","2024-10-01T00:00:00Z","2024-09-01T00:00:00Z",NULL,NULL,"Usage",NULL,"AWS Lambda Function in US West (Oregon)","2024-09-17T15:00:00Z","2024-09-17T14:00:00Z",NULL,NULL,NULL,NULL,NULL,NULL,NULL,153.8700000000,"Requests",275.227269,1.7887,214.67726982,"AWS",410.78673900000007,2.6697,"Other","USD",153.87,"Requests","AWS","AWS","us-west-2","US West (Oregon)","arn:aws:ec2:us-west-2:123456789012:instance/i-0035b04644e0",NULL,"Function","Compute","AWS Lambda","N738JOECJ5B4CPIA","AWS Lambda Requests",NULL,"LDTG3KEGH5OEM1VZ.UH8IUNCL","438839167390","Zenith Eclipse","BillingAccount",NULL,"us-east-1a","Usage-Based",NULL,"Serverless Compute",1.7887,214.67726982,2.6697
50.31171015,"123456789012","SunBird","BillingAccount","USD","2024-10-01T00:00:00Z","2024-09-01T00:00:00Z",NULL,NULL,"Usage",NULL,"Amazon Elastic Compute Cloud Virtual Machine in Europe (Ireland)","2024-09-18T18:00:00Z","2024-09-18T17:00:00Z","Usage","cd-929478","commit-9478",NULL,"Used","Reserved Instance",NULL,82.5100000000,"Hours",77.40263100000001,0.9381,50.31171015,"AWS",100.521933,1.2183,"Committed","USD",82.51,"Hours","AWS","AWS","eu-west-1","Europe (Ireland)","arn:aws:ec2:eu-west-1:123456789012:instance/i-00bdfd63e68d",NULL,"Virtual Machine","Compute","Amazon Elastic Compute Cloud","S04INJR720PLCL5F","Amazon Elastic Compute Cloud Hours",NULL,"TW0A9PMH7GX86O3N.RDMHJ45L","517389287820","Atlas Nimbus","BillingAccount","{""application"": ""BrightLensMatrix""}","us-east-1a","Usage-Based",NULL,"Virtual Machines",0.9381,50.31171015,1.2183
1346.4972486,"123456789012","SunBird","BillingAccount","USD","2024-10-01T00:00:00Z","2024-09-01T00:00:00Z",NULL,NULL,"Usage",NULL,"Amazon Elastic Compute Cloud Virtual Machine in Europe (Ireland)","2024-09-09T23:00:00Z","2024-09-09T22:00:00Z","Spend","cd-663463","commit-3463",NULL,"Used","Reserved Instance",NULL,402.5800000000,"Hours",1496.1080539999998,3.7163,1346.4972486,"AWS",1526.6236179999999,3.7921,"Committed","USD",402.58,"Hours","AWS","AWS","eu-west-1","Europe (Ireland)","arn:aws:ec2:eu-west-1:123456789012:instance/i-00abe03287bf",NULL,"Virtual Machine","Compute","Amazon Elastic Compute Cloud","U0MUOHUOGP0MYOE4","Amazon Elastic Compute Cloud Hours",NULL,"5D1JN3LYXI3MWRMV.ICDRIH33","438839167390","Zenith Eclipse","BillingAccount","{""application"": ""BrightSourceCore""}",NULL,"Usage-Based",NULL,"Virtual Machines",3.7163,1346.4972486,3.7921
1361.9370734,"8a93b2c1-1234-4abc-9def-0123456789ab","Contoso Cloud","BillingProfile","USD","2024-10-01T00:00:00Z","2024-09-01T00:00:00Z",NULL,NULL,"Usage",NULL,"Azure SQL Database SQL Database in West Europe","2024-09-26T19:00:00Z","2024-09-26T18:00:00Z",NULL,NULL,NULL,NULL,NULL,NULL,NULL,476.3800000000,"Hours",1660.89887,3.4865,1361.9370734,"Microsoft",2157.001002,4.5279,"Other","USD",476.38,"Hours","Microsoft","Microsoft","westeurope","West Europe","/subscriptions/8a93b2c1-1234-4abc-9def-0123456789ab/resourceGroups/rg-274/providers/Microsoft.Compute/virtualMachines/vm-9221",NULL,"SQL Database","Databases","Azure SQL Database","U1OJA0CC46C17Z4G","Azure SQL Database Hours",NULL,"25PF9A0NIWSPFB4T.K3B33IZL","sub-2b7c","Staging","BillingProfile","{""team"": ""infra"", ""environment"": ""staging"", ""owner"": ""a.lovelace""}",NULL,"Usage-Based",NULL,"Relational Databases",3.4865,1361.9370734,4.5279
341.659472,"ocid1.tenancy.oc1..aaaa1234","Meridian OCI","Tenancy","USD","2024-10-01T00:00:00Z","2024-09-01T00:00:00Z",NULL,NULL,"Tax",NULL,"Tax charge in Australia East (Sydney)","2024-09-17T11:00:00Z","2024-09-17T10:00:00Z",NULL,NULL,NULL,NULL,NULL,NULL,NULL,NULL,NULL,88.0847250000,NULL,341.659472,"Oracle",73.5760790000,NULL,NULL,"USD",NULL,NULL,"Oracle","Oracle",NULL,NULL,NULL,NULL,NULL,"Other","Tax",NULL,NULL,NULL,NULL,"ocid1.compartment.oc1..prod","production","Tenancy","{""owner"": ""a.lovelace""}",NULL,"One-Time",NULL,"Other (Security)",NULL,341.659472,NULL
24.3989768,"123456789012","SunBird","BillingAccount","USD","2024-10-01T00:00:00Z","2024-09-01T00:00:00Z",NULL,NULL,"Usage",NULL,"Elastic Load Balancing Load Balancer in Europe (Ireland)","2024-09-05T18:00:00Z","2024-09-05T17:00:00Z","Spend","cd-687997","commit-7997",NULL,"Unused","Reserved Instance",NULL,NULL,NULL,27.72611,1.3558,24.3989768,"AWS",37.46849,1.8322,"Committed","USD",20.45,"LCU-Hours","AWS","AWS","eu-west-1","Europe (Ireland)","arn:aws:ec2:eu-west-1:123456789012:instance/i-00ac090c2413",NULL,"Load Balancer","Networking","Elastic Load Balancing","NOUWR61RDEXW2567","Elastic Load Balancing LCU-Hours",NULL,"H488S2XEM3FFZLSE.GKRHJ5JN","517389287820","Atlas Nimbus","BillingAccount","{""owner"": ""a.turing""}",NULL,"Usage-Based",NULL,"Application Networking",1.3558,24.3989768,1.8322
396.63363474,"123456789012","SunBird","BillingAccount","USD","2024-10-01T00:00:00Z","2024-09-01T00:00:00Z",NULL,NULL,"Usage",NULL,"Amazon Relational Database Service Database Instance in Asia Pacific (Sydney)","2024-09-24T03:00:00Z","2024-09-24T02:00:00Z",NULL,NULL,NULL,NULL,NULL,NULL,NULL,221.9400000000,"Hours",629.577198,2.8367,396.63363474,"AWS",715.42359,3.2235,"Dynamic","USD",221.94,"Hours","AWS","AWS","ap-southeast-2","Asia Pacific (Sydney)","arn:aws:ec2:ap-southeast-2:123456789012:instance/i-009efadc8ec2",NULL,"Database Instance","Databases","Amazon Relational Database Service","923TITKQO4XSDJWS","Amazon Relational Database Service Hours",NULL,"3KK8SLLJKPHCUI2Q.XLN9CUWJ","663626350770","Zenith Apollo","BillingAccount","{""owner"": ""k.johnson"", ""business_unit"": ""OsloData"", ""team"": ""infra""}",NULL,"Usage-Based",NULL,"Relational Databases",2.8367,396.63363474,3.2235
757.18279296,"ocid1.tenancy.oc1..aaaa1234","Meridian OCI","Tenancy","USD","2024-10-01T00:00:00Z","2024-09-01T00:00:00Z",NULL,NULL,"Usage",NULL,"Oracle Load Balancer Load Balancer in US East (Ashburn)","2024-09-06T05:00:00Z","2024-09-06T04:00:00Z",NULL,NULL,NULL,NULL,NULL,NULL,NULL,384.2600000000,"Hours",1147.2466559999998,2.9856,757.18279296,"Oracle",1821.00814,4.7390,"Dynamic","USD",384.26,"Hours","Oracle","Oracle","us-ashburn-1","US East (Ashburn)","ocid1.instance.oc1.us-ashburn-1.009203c3b314",NULL,"Load Balancer","Networking","Oracle Load Balancer","CI9HTBZO2WFUDM7O","Oracle Load Balancer Hours",NULL,"RMBF82F6ZM5U6DXZ.J1XYXASW","ocid1.compartment.oc1..dev","development","Tenancy","{""business_unit"": ""OsloData"", ""owner"": ""g.hopper"", ""team"": ""infra""}","us-ashburn-1-AD-1","Usage-Based",NULL,"Application Networking",2.9856,757.18279296,4.7390
273.07090272,"01ABCD-2345EF-6789GH","Helios Labs","BillingAccount","USD","2024-10-01T00:00:00Z","2024-09-01T00:00:00Z",NULL,NULL,"Credit",NULL,"BigQuery Dataset in Iowa","2024-09-19T23:00:00Z","2024-09-19T22:00:00Z",NULL,NULL,NULL,NULL,NULL,NULL,NULL,NULL,NULL,354.637536,2.4573,273.07090272,"Google",581.378688,4.0284,"Dynamic","USD",144.32,"GiB","Google","Google","us-central1","Iowa",NULL,NULL,NULL,"Analytics","BigQuery","FJNT47VEYFA0R0L9","BigQuery GiB",NULL,"3IMLYS95CTT593OB.AJQT4HS0","proj-helios-prod","helios-prod","BillingAccount",NULL,NULL,"One-Time",NULL,"Data Warehouses",2.4573,273.07090272,4.0284
337.8406878,"ocid1.tenancy.oc1..aaaa1234","Meridian OCI","Tenancy","USD","2024-10-01T00:00:00Z","2024-09-01T00:00:00Z",NULL,NULL,"Usage",NULL,"Oracle Object Storage Bucket in US East (Ashburn)","2024-09-12T20:00:00Z","2024-09-12T19:00:00Z",NULL,NULL,NULL,NULL,NULL,NULL,NULL,299.4500000000,"GB",438.75414,1.4652,337.8406878,"Oracle",541.6751049999999,1.8089,"Standard","USD",299.45,"GB","Oracle","Oracle","us-ashburn-1","US East (Ashburn)","ocid1.instance.oc1.us-ashburn-1.00c929504e70",NULL,"Bucket","Storage","Oracle Object Storage","IWKDRX0WDSS7E6ML","Oracle Object Storage GB",NULL,"GK8UUTRXG8WJAI7S.X50VKGNJ","ocid1.compartment.oc1..prod","production","Tenancy","{""application"": ""AtlasPortal"", ""business_unit"": ""MarseilleSRE"", ""owner"": ""a.lovelace""}","uk-london-1-AD-2","Usage-Based",NULL,"Object Storage",1.4652,337.8406878,1.8089
730.62144675,"8a93b2c1-1234-4abc-9def-0123456789ab","Contoso Cloud","BillingProfile","USD","2024-10-01T00:00:00Z","2024-09-01T00:00:00Z",NULL,NULL,"Usage",NULL,"Azure Blob Storage Storage Account in East US","2024-09-20T16:00:00Z","2024-09-20T15:00:00Z",NULL,NULL,NULL,NULL,NULL,NULL,NULL,461.7100000000,"GB",974.161929,2.1099,730.62144675,"Microsoft",1106.9958960000001,2.3976,"Standard","USD",461.71,"GB","Microsoft","Microsoft","eastus","East US","/subscriptions/8a93b2c1-1234-4abc-9def-0123456789ab/resourceGroups/rg-344/providers/Microsoft.Compute/virtualMachines/vm-4508",NULL,"Storage Account","Storage","Azure Blob Storage","IJOTINIF1HEB41CM","Azure Blob Storage GB",NULL,"GC6D4HQCETAGHNML.WBFJRWWK","sub-2b7c","Staging","BillingProfile","{""cost_center"": ""CC-3090"", ""business_unit"": ""OsloData"", ""environment"": ""prod""}",NULL,"Usage-Based",NULL,"Object Storage",2.1099,730.62144675,2.3976
1444.3171722,"8a93b2c1-1234-4abc-9def-0123456789ab","Contoso Cloud","BillingProfile","USD","2024-10-01T00:00:00Z","2024-09-01T00:00:00Z",NULL,NULL,"Adjustment","Correction","Azure Functions Function App in East US","2024-09-25T17:00:00Z","2024-09-25T16:00:00Z","Spend","cd-860583","commit-0583",NULL,"Unused","Reserved Instance",NULL,NULL,NULL,1604.796858,4.4838,1444.3171722,"Microsoft",1725.5914830000002,4.8213,"Standard","USD",357.91,"Executions","Microsoft","Microsoft","eastus","East US",NULL,NULL,NULL,"Compute","Azure Functions","1N6O0HUH3H7I5XS9","Azure Functions Executions",NULL,"CFU5HYS3T2O90S1M.E4XLA5GZ","sub-9a1f","Production","BillingProfile","{""environment"": ""dev"", ""team"": ""growth"", ""application"": ""NimbusAPI""}",NULL,"One-Time",NULL,"Serverless Compute",4.4838,1444.3171722,4.8213
1153.810392,"123456789012","SunBird","BillingAccount","USD","2024-10-01T00:00:00Z","2024-09-01T00:00:00Z",NULL,NULL,"Tax",NULL,"Tax charge in US West (Oregon)","2024-09-18T03:00:00Z","2024-09-18T02:00:00Z",NULL,NULL,NULL,NULL,NULL,NULL,NULL,NULL,NULL,59.4960830000,NULL,1153.810392,"AWS",99.0661320000,NULL,NULL,"USD",NULL,NULL,"AWS","AWS",NULL,NULL,NULL,NULL,NULL,"Other","Tax",NULL,NULL,NULL,NULL,"438839167390","Zenith Eclipse","BillingAccount",NULL,NULL,"One-Time",NULL,"Other (Security)",NULL,1153.810392,NULL
748.00328876,"123456789012","SunBird","BillingAccount","USD","2024-10-01T00:00:00Z","2024-09-01T00:00:00Z",NULL,NULL,"Usage",NULL,"Amazon Simple Storage Service Bucket in Asia Pacific (Sydney)","2024-09-22T08:00:00Z","2024-09-22T07:00:00Z","Usage","cd-473395","commit-3395",NULL,"Unused","Committed Use Discount",NULL,NULL,NULL,763.268662,2.5714,748.00328876,"AWS",1122.4626449999998,3.7815,"Committed","USD",296.83,"GB","AWS","AWS","ap-southeast-2","Asia Pacific (Sydney)","arn:aws:ec2:ap-southeast-2:123456789012:instance/i-001e6aec99e2",NULL,"Bucket","Storage","Amazon Simple Storage Service","GDE5BLYUJTGE753M","Amazon Simple Storage Service GB",NULL,"S556Q8V88BC1HY2U.Y23CCL9T","663626350770","Zenith Apollo","BillingAccount","{""business_unit"": ""ViennaAI"", ""environment"": ""prod"", ""team"": ""growth""}","us-west-2b","Usage-Based",NULL,"Object Storage",2.5714,748.00328876,3.7815
674.94515688,"ocid1.tenancy.oc1..aaaa1234","Meridian OCI","Tenancy","USD","2024-10-01T00:00:00Z","2024-09-01T00:00:00Z",NULL,NULL,"Usage",NULL,"Oracle Functions Function in US East (Ashburn)","2024-09-17T15:00:00Z","2024-09-17T14:00:00Z","Spend","cd-599028","commit-9028",NULL,"Used","Committed Use Discount",NULL,337.5200000000,"Invocations",813.186936,2.4093,674.94515688,"Oracle",1113.9510079999998,3.3004,"Committed","USD",337.52,"Invocations","Oracle","Oracle","us-ashburn-1","US East (Ashburn)","ocid1.instance.oc1.us-ashburn-1.00699147ce02",NULL,"Function","Compute","Oracle Functions","DBCIXWBVYG1WW0WD","Oracle Functions Invocations",NULL,"PPPTFETHVKB8UC31.60RB4BUY","ocid1.compartment.oc1..dev","development","Tenancy","{""cost_center"": ""CC-3090"", ""team"": ""growth""}",NULL,"Usage-Based",NULL,"Serverless Compute",2.4093,674.94515688,3.3004
215.63263596,"ocid1.tenancy.oc1..aaaa1234","Meridian OCI","Tenancy","USD","2024-10-01T00:00:00Z","2024-09-01T00:00:00Z",NULL,NULL,"Usage",NULL,"Oracle Autonomous Database Database in Australia East (Sydney)","2024-09-21T21:00:00Z","2024-09-21T20:00:00Z",NULL,NULL,NULL,NULL,NULL,NULL,NULL,167.9900000000,"Hours",291.39545400000003,1.7346,215.63263596,"Oracle",422.310061,2.5139,"Standard","USD",167.99,"Hours","Oracle","Oracle","ap-sydney-1","Australia East (Sydney)","ocid1.instance.oc1.ap-sydney-1.007ddb49288e",NULL,"Database","Databases","Oracle Autonomous Database","OFGVRE741NWET6T1","Oracle Autonomous Database Hours",NULL,"8UM0ZQ639LB7L5N3.R81D7MX3","ocid1.compartment.oc1..prod","production","Tenancy","{""environment"": ""prod"", ""team"": ""payments""}","us-ashburn-1-AD-1","Usage-Based",NULL,"Relational Databases",1.7346,215.63263596,2.5139
847.21833602,"8a93b2c1-1234-4abc-9def-0123456789ab","Contoso Cloud","BillingProfile","USD","2024-10-01T00:00:00Z","2024-09-01T00:00:00Z",NULL,NULL,"Usage",NULL,"Azure Blob Storage Storage Account in Southeast Asia","2024-09-18T13:00:00Z","2024-09-18T12:00:00Z",NULL,NULL,NULL,NULL,NULL,NULL,NULL,316.9700000000,"GB",1193.2652620000001,3.7646,847.21833602,"Microsoft",1340.751403,4.2299,"Standard","USD",316.97,"GB","Microsoft","Microsoft","southeastasia","Southeast Asia","/subscriptions/8a93b2c1-1234-4abc-9def-0123456789ab/resourceGroups/rg-883/providers/Microsoft.Compute/virtualMachines/vm-5243",NULL,"Storage Account","Storage","Azure Blob Storage","T35911CMKRIBQR9L","Azure Blob Storage GB",NULL,"C5BDFUTE0XFZIPH6.H77Q5FPH","sub-2b7c","Staging","BillingProfile","{""team"": ""payments""}","eastus-1","Usage-Based",NULL,"Object Storage",3.7646,847.21833602,4.2299
117.2885124,"01ABCD-2345EF-6789GH","Helios Labs","BillingAccount","USD","2024-10-01T00:00:00Z","2024-09-01T00:00:00Z",NULL,NULL,"Usage",NULL,"Cloud Functions Function in Northern Virginia","2024-09-19T02:00:00Z","2024-09-19T01:00:00Z","Usage","cd-659383","commit-9383",NULL,"Used","Committed Use Discount",NULL,107.0600000000,"Invocations",123.461592,1.1532,117.2885124,"Google",146.971968,1.3728,"Standard","USD",107.06,"Invocations","Google","Google","us-east4","Northern Virginia","//compute.googleapis.com/projects/Helios Labs/zones/us-east4-a/instances/inst-3637",NULL,"Function","Compute","Cloud Functions","CDPQ9YTXH8P2YAZQ","Cloud Functions Invocations",NULL,"TFPTNK2U0CRF540V.1GKQ6EW0","proj-helios-prod","helios-prod","BillingAccount","{""team"": ""growth"", ""environment"": ""dev""}","asia-southeast1-c","Usage-Based",NULL,"Serverless Compute",1.1532,117.2885124,1.3728
226.07351599999998,"01ABCD-2345EF-6789GH","Helios Labs","BillingAccount","USD","2024-10-01T00:00:00Z","2024-09-01T00:00:00Z",NULL,NULL,"Purchase",NULL,"BigQuery Dataset in Iowa","2024-09-28T09:00:00Z","2024-09-28T08:00:00Z",NULL,NULL,NULL,NULL,NULL,NULL,NULL,NULL,NULL,226.07351599999998,0.5716,0,"Google",269.14455499999997,0.6805,"Dynamic","USD",395.51,"GiB","Google","Google","us-central1","Iowa","//compute.googleapis.com/projects/Helios Labs/zones/us-central1-a/instances/inst-9680",NULL,"Dataset","Analytics","BigQuery","I0U24IQLUSMF0XLZ","BigQuery GiB",NULL,"YOBB9OF3MQKDZ1QJ.FXKHA713","proj-helios-prod","helios-prod","BillingAccount",NULL,NULL,"One-Time",NULL,"Data Warehouses",0.5716,0,0.6805
261.53930016,"ocid1.tenancy.oc1..aaaa1234","Meridian OCI","Tenancy","USD","2024-10-01T00:00:00Z","2024-09-01T00:00:00Z",NULL,NULL,"Usage",NULL,"Oracle Compute Instance in US East (Ashburn)","2024-09-09T04:00:00Z","2024-09-09T03:00:00Z",NULL,NULL,NULL,NULL,NULL,NULL,NULL,191.0400000000,"Hours",379.042464,1.9841,261.53930016,"Oracle",411.996864,2.1566,"Dynamic","USD",191.04,"Hours","Oracle","Oracle","us-ashburn-1","US East (Ashburn)","ocid1.instance.oc1.us-ashburn-1.00614fd494d4",NULL,"Instance","Compute","Oracle Compute","QP2PX3FA4IUZNY1Q","Oracle Compute Hours",NULL,"EG9DDVP4WCAQ6YTZ.XI9CLQK6","ocid1.compartment.oc1..prod","production","Tenancy","{""team"": ""payments""}","us-ashburn-1-AD-1","Usage-Based",NULL,"Virtual Machines",1.9841,261.53930016,2.1566
99.532524,"01ABCD-2345EF-6789GH","Helios Labs","BillingAccount","USD","2024-10-01T00:00:00Z","2024-09-01T00:00:00Z",NULL,NULL,"Tax",NULL,"Tax charge in Belgium","2024-09-14T13:00:00Z","2024-09-14T12:00:00Z",NULL,NULL,NULL,NULL,NULL,NULL,NULL,NULL,NULL,61.2931570000,NULL,99.532524,"Google",76.1563920000,NULL,NULL,"USD",NULL,NULL,"Google","Google",NULL,NULL,NULL,NULL,NULL,"Other","Tax",NULL,NULL,NULL,NULL,"proj-helios-prod","helios-prod","BillingAccount","{""owner"": ""a.turing"", ""business_unit"": ""OsloData""}",NULL,"One-Time",NULL,"Other (Security)",NULL,99.532524,NULL
163.92849408,"01ABCD-2345EF-6789GH","Helios Labs","BillingAccount","USD","2024-10-01T00:00:00Z","2024-09-01T00:00:00Z",NULL,NULL,"Usage",NULL,"Cloud Functions Function in Singapore","2024-09-08T01:00:00Z","2024-09-08T00:00:00Z",NULL,NULL,NULL,NULL,NULL,NULL,NULL,381.8400000000,"Invocations",190.61452799999998,0.4992,163.92849408,"Google",288.82377599999995,0.7564,"Dynamic","USD",381.84,"Invocations","Google","Google","asia-southeast1","Singapore","//compute.googleapis.com/projects/Helios Labs/zones/asia-southeast1-a/instances/inst-7180",NULL,"Function","Compute","Cloud Functions","4QK31H5C2W9535HJ","Cloud Functions Invocations",NULL,"HWFNSLK6RNA7L0EP.5GVBSHZX","proj-helios-dev","helios-dev","BillingAccount",NULL,"us-central1-a","Usage-Based",NULL,"Serverless Compute",0.4992,163.92849408,0.7564
576.96734876,"123456789012","SunBird","BillingAccount","USD","2024-10-01T00:00:00Z","2024-09-01T00:00:00Z",NULL,NULL,"Usage",NULL,"Amazon Relational Database Service Database Instance in US West (Oregon)","2024-09-04T12:00:00Z","2024-09-04T11:00:00Z",NULL,NULL,NULL,NULL,NULL,NULL,NULL,239.9300000000,"Hours",670.892266,2.7962,576.96734876,"AWS",753.812074,3.1418,"Other","USD",239.93,"Hours","AWS","AWS","us-west-2","US West (Oregon)","arn:aws:ec2:us-west-2:123456789012:instance/i-006abc75661d",NULL,"Database Instance","Databases","Amazon Relational Database Service","INDSUDE9YFZQLPZF","Amazon Relational Database Service Hours",NULL,"BNKYZSJHT51TIWGX.6M52Y4R1","517389287820","Atlas Nimbus","BillingAccount",NULL,NULL,"Usage-Based",NULL,"Relational Databases",2.7962,576.96734876,3.1418
911.8557000000001,"ocid1.tenancy.oc1..aaaa1234","Meridian OCI","Tenancy","USD","2024-10-01T00:00:00Z","2024-09-01T00:00:00Z",NULL,NULL,"Purchase",NULL,"Oracle Autonomous Database Database in Australia East (Sydney)","2024-09-19T13:00:00Z","2024-09-19T12:00:00Z",NULL,NULL,NULL,NULL,NULL,NULL,NULL,NULL,NULL,911.8557000000001,3.5525,0,"Oracle",1249.107552,4.8664,"Standard","USD",256.68,"Hours","Oracle","Oracle","ap-sydney-1","Australia East (Sydney)","ocid1.instance.oc1.ap-sydney-1.00e530b5aba0",NULL,"Database","Databases","Oracle Autonomous Database","4TJITP71SD9EC6G6","Oracle Autonomous Database Hours",NULL,"10G3QWQF6BH3LLZC.F0TU32QV","ocid1.compartment.oc1..prod","production","Tenancy","{""owner"": ""k.johnson"", ""cost_center"": ""CC-2042"", ""application"": ""NimbusAPI""}",NULL,"One-Time",NULL,"Relational Databases",3.5525,0,4.8664
9.96332703,"8a93b2c1-1234-4abc-9def-0123456789ab","Contoso Cloud","BillingProfile","USD","2024-10-01T00:00:00Z","2024-09-01T00:00:00Z",NULL,NULL,"Usage",NULL,"Azure Blob Storage Storage Account in East US","2024-09-26T19:00:00Z","2024-09-26T18:00:00Z",NULL,NULL,NULL,NULL,NULL,NULL,NULL,216.9100000000,"GB",16.333323,0.0753,9.96332703,"Microsoft",19.456827,0.0897,"Standard","USD",216.91,"GB","Microsoft","Microsoft","eastus","East US","/subscriptions/8a93b2c1-1234-4abc-9def-0123456789ab/resourceGroups/rg-136/providers/Microsoft.Compute/virtualMachines/vm-5204",NULL,"Storage Account","Storage","Azure Blob Storage","XZTFIIAMHBMBN4JP","Azure Blob Storage GB",NULL,"18MFT3J41BHKJ254.B2PMSZDV","sub-4d3e","Sandbox","BillingProfile","{""owner"": ""a.turing"", ""cost_center"": ""CC-2042""}",NULL,"Usage-Based",NULL,"Object Storage",0.0753,9.96332703,0.0897
257.86495228,"123456789012","SunBird","BillingAccount","USD","2024-10-01T00:00:00Z","2024-09-01T00:00:00Z",NULL,NULL,"Credit",NULL,"AWS Lambda Function in Asia Pacific (Sydney)","2024-09-22T04:00:00Z","2024-09-22T03:00:00Z",NULL,NULL,NULL,NULL,NULL,NULL,NULL,NULL,NULL,326.411332,1.1777,257.86495228,"AWS",402.96292400000004,1.4539,"Other","USD",277.16,"Requests","AWS","AWS","ap-southeast-2","Asia Pacific (Sydney)",NULL,NULL,NULL,"Compute","AWS Lambda","9ER04H5W21BKSM4W","AWS Lambda Requests",NULL,"2O6OV3ISY0X4KNSF.4ILMK5G0","438839167390","Zenith Eclipse","BillingAccount","{""team"": ""platform"", ""environment"": ""qa"", ""application"": ""AtlasPortal""}",NULL,"One-Time",NULL,"Serverless Compute",1.1777,257.86495228,1.4539
156.1294416,"01ABCD-2345EF-6789GH","Helios Labs","BillingAccount","USD","2024-10-01T00:00:00Z","2024-09-01T00:00:00Z",NULL,NULL,"Usage",NULL,"Cloud Storage Bucket in Belgium","2024-09-01T19:00:00Z","2024-09-01T18:00:00Z",NULL,NULL,NULL,NULL,NULL,NULL,NULL,338.4700000000,"GiB",195.16180200000002,0.5766,156.1294416,"Google",295.721239,0.8737,"Standard","USD",338.47,"GiB","Google","Google","europe-west1","Belgium","//compute.googleapis.com/projects/Helios Labs/zones/europe-west1-a/instances/inst-4138",NULL,"Bucket","Storage","Cloud Storage","VWC9RJ6GD23HGG9C","Cloud Storage GiB",NULL,"6GKHNXKS265GJXVI.HM20AP4V","proj-helios-prod","helios-prod","BillingAccount","{""cost_center"": ""CC-1001""}","us-central1-a","Usage-Based",NULL,"Object Storage",0.5766,156.1294416,0.8737
163.57516119,"8a93b2c1-1234-4abc-9def-0123456789ab","Contoso Cloud","BillingProfile","USD","2024-10-01T00:00:00Z","2024-09-01T00:00:00Z",NULL,NULL,"Usage",NULL,"Virtual Machines Virtual Machine in Southeast Asia","2024-09-18T17:00:00Z","2024-09-18T16:00:00Z",NULL,NULL,NULL,NULL,NULL,NULL,NULL,75.8100000000,"Hours",237.065451,3.1271,163.57516119,"Microsoft",285.621756,3.7676,"Standard","USD",75.81,"Hours","Microsoft","Microsoft","southeastasia","Southeast Asia","/subscriptions/8a93b2c1-1234-4abc-9def-0123456789ab/resourceGroups/rg-30/providers/Microsoft.Compute/virtualMachines/vm-6453",NULL,"Virtual Machine","Compute","Virtual Machines","7EFVUZK1DZCJD7S0","Virtual Machines Hours",NULL,"Z9TUWAR7JZ2N82WZ.MTFC8VYI","sub-2b7c","Staging","BillingProfile","{""team"": ""growth"", ""cost_center"": ""CC-1001""}","eastus-1","Usage-Based",NULL,"Virtual Machines",3.1271,163.57516119,3.7676
28.4859288,"01ABCD-2345EF-6789GH","Helios Labs","BillingAccount","USD","2024-10-01T00:00:00Z","2024-09-01T00:00:00Z",NULL,NULL,"Usage",NULL,"Cloud Storage Bucket in Iowa","2024-09-23T06:00:00Z","2024-09-23T05:00:00Z",NULL,NULL,NULL,NULL,NULL,NULL,NULL,11.7200000000,"GiB",40.694184,3.4722,28.4859288,"Google",52.172752,4.4516,"Standard","USD",11.72,"GiB","Google","Google","us-central1","Iowa","//compute.googleapis.com/projects/Helios Labs/zones/us-central1-a/instances/inst-1778",NULL,"Bucket","Storage","Cloud Storage","6WHDH2TA3VP8OWTS","Cloud Storage GiB",NULL,"IY7PGU7MX3GJ10FF.D1I4N2EX","proj-helios-dev","helios-dev","BillingAccount","{""cost_center"": ""CC-3090"", ""application"": ""BrightLensMatrix""}",NULL,"Usage-Based",NULL,"Object Storage",3.4722,28.4859288,4.4516
947.2121904,"ocid1.tenancy.oc1..aaaa1234","Meridian OCI","Tenancy","USD","2024-10-01T00:00:00Z","2024-09-01T00:00:00Z",NULL,NULL,"Usage",NULL,"Oracle Load Balancer Load Balancer in Australia East (Sydney)","2024-09-12T07:00:00Z","2024-09-12T06:00:00Z",NULL,NULL,NULL,NULL,NULL,NULL,NULL,498.2600000000,"Hours",1064.2833600000001,2.1360,947.2121904,"Oracle",1716.555526,3.4451,"Dynamic","USD",498.26,"Hours","Oracle","Oracle","ap-sydney-1","Australia East (Sydney)","ocid1.instance.oc1.ap-sydney-1.00cdc4906d15",NULL,"Load Balancer","Networking","Oracle Load Balancer","3I67HN34CK9XH0HH","Oracle Load Balancer Hours",NULL,"XSC7JHXTXTS5BJJ0.DTSNL5AH","ocid1.compartment.oc1..dev","development","Tenancy",NULL,NULL,"Usage-Based",NULL,"Application Networking",2.1360,947.2121904,3.4451
1267.7765467,"01ABCD-2345EF-6789GH","Helios Labs","BillingAccount","USD","2024-10-01T00:00:00Z","2024-09-01T00:00:00Z",NULL,NULL,"Usage",NULL,"Compute Engine VM Instance in Iowa","2024-09-21T13:00:00Z","2024-09-21T12:00:00Z",NULL,NULL,NULL,NULL,NULL,NULL,NULL,450.1400000000,"Hours",1424.46803,3.1645,1267.7765467,"Google",1758.6069519999999,3.9068,"Dynamic","USD",450.14,"Hours","Google","Google","us-central1","Iowa","//compute.googleapis.com/projects/Helios Labs/zones/us-central1-a/instances/inst-9007",NULL,"VM Instance","Compute","Compute Engine","0YOZV8C2RFKBT9H9","Compute Engine Hours",NULL,"FM8D7M46BH8LBRNP.2F8UZC5B","proj-helios-dev","helios-dev","BillingAccount","{""owner"": ""a.turing"", ""team"": ""payments"", ""cost_center"": ""CC-3090""}","asia-southeast1-c","Usage-Based",NULL,"Virtual Machines",3.1645,1267.7765467,3.9068
17.4810636,"ocid1.tenancy.oc1..aaaa1234","Meridian OCI","Tenancy","USD","2024-10-01T00:00:00Z","2024-09-01T00:00:00Z",NULL,NULL,"Usage",NULL,"Oracle Object Storage Bucket in UK South (London)","2024-09-23T13:00:00Z","2024-09-23T12:00:00Z",NULL,NULL,NULL,NULL,NULL,NULL,NULL,57.3300000000,"GB",26.48646,0.4620,17.4810636,"Oracle",28.481544,0.4968,"Standard","USD",57.33,"GB","Oracle","Oracle","uk-london-1","UK South (London)","ocid1.instance.oc1.uk-london-1.0042f6303281",NULL,"Bucket","Storage","Oracle Object Storage","DULBDTYGUJ0UQYHD","Oracle Object Storage GB",NULL,"MPP566YHRDU390E4.B0OBR9GP","ocid1.compartment.oc1..prod","production","Tenancy",NULL,"uk-london-1-AD-2","Usage-Based",NULL,"Object Storage",0.4620,17.4810636,0.4968
634.513338,"8a93b2c1-1234-4abc-9def-0123456789ab","Contoso Cloud","BillingProfile","USD","2024-10-01T00:00:00Z","2024-09-01T00:00:00Z",NULL,NULL,"Purchase",NULL,"Azure SQL Database SQL Database in UK South","2024-09-04T14:00:00Z","2024-09-04T13:00:00Z",NULL,NULL,NULL,NULL,NULL,NULL,NULL,NULL,NULL,634.513338,3.3993,0,"Microsoft",919.5804899999999,4.9265,"Standard","USD",186.66,"Hours","Microsoft","Microsoft","uksouth","UK South","/subscriptions/8a93b2c1-1234-4abc-9def-0123456789ab/resourceGroups/rg-314/providers/Microsoft.Compute/virtualMachines/vm-5642",NULL,"SQL Database","Databases","Azure SQL Database","4RQYWN6SCK8ETFZH","Azure SQL Database Hours",NULL,"I9R1N6UVQ2RPUVN3.VBIA4AAL","sub-2b7c","Staging","BillingProfile","{""application"": ""NimbusAPI"", ""owner"": ""k.johnson""}",NULL,"One-Time",NULL,"Relational Databases",3.3993,0,4.9265
1493.1970820000001,"ocid1.tenancy.oc1..aaaa1234","Meridian OCI","Tenancy","USD","2024-10-01T00:00:00Z","2024-09-01T00:00:00Z",NULL,NULL,"Purchase",NULL,"Oracle Functions Function in Australia East (Sydney)","2024-09-28T17:00:00Z","2024-09-28T16:00:00Z",NULL,NULL,NULL,NULL,NULL,NULL,NULL,NULL,NULL,1493.1970820000001,3.3458,0,"Oracle",1820.9970870000002,4.0803,"Standard","USD",446.29,"Invocations","Oracle","Oracle","ap-sydney-1","Australia East (Sydney)","ocid1.instance.oc1.ap-sydney-1.00493824d869",NULL,"Function","Compute","Oracle Functions","2AOBRWMFTOO5XCR5","Oracle Functions Invocations",NULL,"NAMZHR65K9MLEIEI.QO7RMB8Q","ocid1.compartment.oc1..prod","production","Tenancy","{""business_unit"": ""ViennaAI"", ""team"": ""platform"", ""environment"": ""qa""}",NULL,"Recurring",NULL,"Serverless Compute",3.3458,0,4.0803
279.33264034,"ocid1.tenancy.oc1..aaaa1234","Meridian OCI","Tenancy","USD","2024-10-01T00:00:00Z","2024-09-01T00:00:00Z",NULL,NULL,"Usage",NULL,"Oracle Compute Instance in UK South (London)","2024-09-14T19:00:00Z","2024-09-14T18:00:00Z",NULL,NULL,NULL,NULL,NULL,NULL,NULL,137.0300000000,"Hours",377.476541,2.7547,279.33264034,"Oracle",466.025327,3.4009,"Dynamic","USD",137.03,"Hours","Oracle","Oracle","uk-london-1","UK South (London)","ocid1.instance.oc1.uk-london-1.0089d0c2f255",NULL,"Instance","Compute","Oracle Compute","UAZMVFBO1EPMKVTE","Oracle Compute Hours",NULL,"GB41BVQPG4PVDV7P.E2G2HFDC","ocid1.compartment.oc1..prod","production","Tenancy","{""application"": ""AtlasPortal""}",NULL,"Usage-Based",NULL,"Virtual Machines",2.7547,279.33264034,3.4009
61.6694284,"01ABCD-2345EF-6789GH","Helios Labs","BillingAccount","USD","2024-10-01T00:00:00Z","2024-09-01T00:00:00Z",NULL,NULL,"Usage",NULL,"Cloud Load Balancing Forwarding Rule in Iowa","2024-09-03T16:00:00Z","2024-09-03T15:00:00Z","Usage","cd-409242","commit-9242",NULL,"Used","Savings Plan",NULL,313.1000000000,"Hours",75.20662,0.2402,61.6694284,"Google",103.00990000000002,0.3290,"Committed","USD",313.10,"Hours","Google","Google","us-central1","Iowa","//compute.googleapis.com/projects/Helios Labs/zones/us-central1-a/instances/inst-4651",NULL,"Forwarding Rule","Networking","Cloud Load Balancing","GVB37VMGGAEMI6QW","Cloud Load Balancing Hours",NULL,"042LPICDIT16WT8J.J4TVSXA7","proj-helios-prod","helios-prod","BillingAccount","{""environment"": ""prod"", ""cost_center"": ""CC-2042""}","europe-west1-b","Usage-Based",NULL,"Application Networking",0.2402,61.6694284,0.3290
906.38535708,"8a93b2c1-1234-4abc-9def-0123456789ab","Contoso Cloud","BillingProfile","USD","2024-10-01T00:00:00Z","2024-09-01T00:00:00Z",NULL,NULL,"Usage",NULL,"Virtual Machines Virtual Machine in West Europe","2024-09-24T21:00:00Z","2024-09-24T20:00:00Z",NULL,NULL,NULL,NULL,NULL,NULL,NULL,488.2600000000,"Hours",1438.706916,2.9466,906.38535708,"Microsoft",1563.7991279999999,3.2028,"Standard","USD",488.26,"Hours","Microsoft","Microsoft","westeurope","West Europe","/subscriptions/8a93b2c1-1234-4abc-9def-0123456789ab/resourceGroups/rg-628/providers/Microsoft.Compute/virtualMachines/vm-7267",NULL,"Virtual Machine","Compute","Virtual Machines","C5OAOO3NP4VYNZLA","Virtual Machines Hours",NULL,"XAEWB9HJS2MXCBMM.SLOQLV9P","sub-4d3e","Sandbox","BillingProfile","{""team"": ""growth"", ""cost_center"": ""CC-3090"", ""business_unit"": ""OsloData""}","eastus-1","Usage-Based",NULL,"Virtual Machines",2.9466,906.38535708,3.2028
694.63718764,"8a93b2c1-1234-4abc-9def-0123456789ab","Contoso Cloud","BillingProfile","USD","2024-10-01T00:00:00Z","2024-09-01T00:00:00Z",NULL,NULL,"Usage",NULL,"Virtual Machines Virtual Machine in West Europe","2024-09-05T08:00:00Z","2024-09-05T07:00:00Z",NULL,NULL,NULL,NULL,NULL,NULL,NULL,189.4700000000,"Hours",716.120812,3.7796,694.63718764,"Microsoft",745.962337,3.9371,"Standard","USD",189.47,"Hours","Microsoft","Microsoft","westeurope","West Europe","/subscriptions/8a93b2c1-1234-4abc-9def-0123456789ab/resourceGroups/rg-644/providers/Microsoft.Compute/virtualMachines/vm-1989",NULL,"Virtual Machine","Compute","Virtual Machines","M8YXU1PCM8SJUPDR","Virtual Machines Hours",NULL,"I65NF4EK6Y6X573L.UX7454RZ","sub-2b7c","Staging","BillingProfile","{""owner"": ""a.turing"", ""environment"": ""prod""}","eastus-1","Usage-Based",NULL,"Virtual Machines",3.7796,694.63718764,3.9371
354.07022112,"123456789012","SunBird","BillingAccount","USD","2024-10-01T00:00:00Z","2024-09-01T00:00:00Z",NULL,NULL,"Usage",NULL,"Amazon Simple Storage Service Bucket in US West (Oregon)","2024-09-20T07:00:00Z","2024-09-20T06:00:00Z",NULL,NULL,NULL,NULL,NULL,NULL,NULL,212.5200000000,"GB",376.670448,1.7724,354.07022112,"AWS",400.70646,1.8855,"Standard","USD",212.52,"GB","AWS","AWS","us-west-2","US West (Oregon)","arn:aws:ec2:us-west-2:123456789012:instance/i-008893ff2c5a",NULL,"Bucket","Storage","Amazon Simple Storage Service","7WOC36V12310X5UR","Amazon Simple Storage Service GB",NULL,"YBL2OQEWFS668FRO.GHEXC8MV","517389287820","Atlas Nimbus","BillingAccount",NULL,NULL,"Usage-Based",NULL,"Object Storage",1.7724,354.07022112,1.8855
1261.9616256,"01ABCD-2345EF-6789GH","Helios Labs","BillingAccount","USD","2024-10-01T00:00:00Z","2024-09-01T00:00:00Z",NULL,NULL,"Tax",NULL,"Tax charge in Singapore","2024-09-09T04:00:00Z","2024-09-09T03:00:00Z",NULL,NULL,NULL,NULL,NULL,NULL,NULL,NULL,NULL,28.1845270000,NULL,1261.9616256,"Google",34.6632360000,NULL,NULL,"USD",NULL,NULL,"Google","Google",NULL,NULL,NULL,NULL,NULL,"Other","Tax",NULL,NULL,NULL,NULL,"proj-helios-dev","helios-dev","BillingAccount",NULL,NULL,"One-Time",NULL,"Other (Security)",NULL,1261.9616256,NULL
349.64584,"ocid1.tenancy.oc1..aaaa1234","Meridian OCI","Tenancy","USD","2024-10-01T00:00:00Z","2024-09-01T00:00:00Z",NULL,NULL,"Purchase",NULL,"Oracle Functions Function in Australia East (Sydney)","2024-09-21T04:00:00Z","2024-09-21T03:00:00Z",NULL,NULL,NULL,NULL,NULL,NULL,NULL,NULL,NULL,349.64584,0.8080,0,"Oracle",492.44674,1.1380,"Standard","USD",432.73,"Invocations","Oracle","Oracle","ap-sydney-1","Australia East (Sydney)","ocid1.instance.oc1.ap-sydney-1.0081fb232f68",NULL,"Function","Compute","Oracle Functions","N229BXIITA5WVO01","Oracle Functions Invocations",NULL,"Z8TUBCIJVZYNZE8Y.M4GV2TFK","ocid1.compartment.oc1..prod","production","Tenancy","{""team"": ""platform"", ""owner"": ""k.johnson"", ""business_unit"": ""MarseilleSRE""}",NULL,"Recurring",NULL,"Serverless Compute",0.8080,0,1.1380
77.09789808,"8a93b2c1-1234-4abc-9def-0123456789ab","Contoso Cloud","BillingProfile","USD","2024-10-01T00:00:00Z","2024-09-01T00:00:00Z",NULL,NULL,"Usage",NULL,"Virtual Machines Virtual Machine in UK South","2024-09-09T00:00:00Z","2024-09-08T23:00:00Z","Spend","cd-643719","commit-3719",NULL,"Unused","Reserved Instance",NULL,NULL,NULL,122.37761599999999,0.8623,77.09789808,"Microsoft",165.37937599999998,1.1653,"Dynamic","USD",141.92,"Hours","Microsoft","Microsoft","uksouth","UK South","/subscriptions/8a93b2c1-1234-4abc-9def-0123456789ab/resourceGroups/rg-237/providers/Microsoft.Compute/virtualMachines/vm-8204",NULL,"Virtual Machine","Compute","Virtual Machines","EYNINT14KTM63RMA","Virtual Machines Hours",NULL,"J2EZP7V533CFS3WT.ZL0PL13Y","sub-9a1f","Production","BillingProfile","{""team"": ""platform"", ""environment"": ""dev""}",NULL,"Usage-Based",NULL,"Virtual Machines",0.8623,77.09789808,1.1653
366.9867348,"8a93b2c1-1234-4abc-9def-0123456789ab","Contoso Cloud","BillingProfile","USD","2024-10-01T00:00:00Z","2024-09-01T00:00:00Z",NULL,NULL,"Usage",NULL,"Azure Load Balancer Load Balancer in East US","2024-09-30T20:00:00Z","2024-09-30T19:00:00Z",NULL,NULL,NULL,NULL,NULL,NULL,NULL,136.9000000000,"Hours",378.33684,2.7636,366.9867348,"Microsoft",429.93444999999997,3.1405,"Standard","USD",136.90,"Hours","Microsoft","Microsoft","eastus","East US","/subscriptions/8a93b2c1-1234-4abc-9def-0123456789ab/resourceGroups/rg-737/providers/Microsoft.Compute/virtualMachines/vm-927",NULL,"Load Balancer","Networking","Azure Load Balancer","XEG6U02KQN6C3BE3","Azure Load Balancer Hours",NULL,"YVZMZCAQHIU353EF.9P2I4RKK","sub-2b7c","Staging","BillingProfile","{""team"": ""infra""}",NULL,"Usage-Based",NULL,"Application Networking",2.7636,366.9867348,3.1405
13.0923,"123456789012","SunBird","BillingAccount","USD","2024-10-01T00:00:00Z","2024-09-01T00:00:00Z",NULL,NULL,"Credit",NULL,"Amazon Simple Storage Service Bucket in Europe (Ireland)","2024-09-23T20:00:00Z","2024-09-23T19:00:00Z",NULL,NULL,NULL,NULL,NULL,NULL,NULL,NULL,NULL,16.785,0.0500,13.0923,"AWS",18.86634,0.0562,"Standard","USD",335.70,"GB","AWS","AWS","eu-west-1","Europe (Ireland)",NULL,NULL,NULL,"Storage","Amazon Simple Storage Service","YT2DADYMPXPMFB0B","Amazon Simple Storage Service GB",NULL,"AVMEOGKKC06GUU9M.N8Z1HONG","517389287820","Atlas Nimbus","BillingAccount","{""cost_center"": ""CC-3090"", ""environment"": ""prod"", ""team"": ""platform""}",NULL,"One-Time",NULL,"Object Storage",0.0500,13.0923,0.0562
43.63731848,"01ABCD-2345EF-6789GH","Helios Labs","BillingAccount","USD","2024-10-01T00:00:00Z","2024-09-01T00:00:00Z",NULL,NULL,"Usage","Correction","Cloud Storage Bucket in Iowa","2024-09-28T22:00:00Z","2024-09-28T21:00:00Z",NULL,NULL,NULL,NULL,NULL,NULL,NULL,229.3900000000,"GiB",50.741068,0.2212,43.63731848,"Google",75.74457799999999,0.3302,"Standard","USD",229.39,"GiB","Google","Google","us-central1","Iowa","//compute.googleapis.com/projects/Helios Labs/zones/us-central1-a/instances/inst-7790",NULL,"Bucket","Storage","Cloud Storage","5G8KQGUYIVLU4EVB","Cloud Storage GiB",NULL,"2Y6O6AOBHTP1PFDI.X5SMJYNC","proj-helios-dev","helios-dev","BillingAccount",NULL,"europe-west1-b","Usage-Based",NULL,"Object Storage",0.2212,43.63731848,0.3302
942.01148,"ocid1.tenancy.oc1..aaaa1234","Meridian OCI","Tenancy","USD","2024-10-01T00:00:00Z","2024-09-01T00:00:00Z",NULL,NULL,"Purchase",NULL,"Oracle Autonomous Database Database in US East (Ashburn)","2024-09-14T14:00:00Z","2024-09-14T13:00:00Z","Usage","cd-988075","commit-8075",NULL,"Used","Savings Plan",NULL,NULL,NULL,942.01148,3.6170,0,"Oracle",1272.978632,4.8878,"Standard","USD",260.44,"Hours","Oracle","Oracle","us-ashburn-1","US East (Ashburn)","ocid1.instance.oc1.us-ashburn-1.009caa1ff7b1",NULL,"Database","Databases","Oracle Autonomous Database","UL2AE5EMDJNIFL9N","Oracle Autonomous Database Hours",NULL,"P6F13TKMP1LPTS2M.R4FXZYK4","ocid1.compartment.oc1..dev","development","Tenancy","{""owner"": ""g.hopper""}",NULL,"One-Time",NULL,"Relational Databases",3.6170,0,4.8878
40.9893696,"ocid1.tenancy.oc1..aaaa1234","Meridian OCI","Tenancy","USD","2024-10-01T00:00:00Z","2024-09-01T00:00:00Z",NULL,NULL,"Usage","Correction","Oracle Load Balancer Load Balancer in Australia East (Sydney)","2024-09-07T16:00:00Z","2024-09-07T15:00:00Z",NULL,NULL,NULL,NULL,NULL,NULL,NULL,213.7000000000,"Hours",56.929680000000005,0.2664,40.9893696,"Oracle",88.96330999999999,0.4163,"Dynamic","USD",213.70,"Hours","Oracle","Oracle","ap-sydney-1","Australia East (Sydney)","ocid1.instance.oc1.ap-sydney-1.007790f86398",NULL,"Load Balancer","Networking","Oracle Load Balancer","94EVI4MJMAA6X5Z0","Oracle Load Balancer Hours",NULL,"ZXY5TE0CHYKM1QW6.5XDY1PP4","ocid1.compartment.oc1..dev","development","Tenancy","{""business_unit"": ""LisbonOps""}","uk-london-1-AD-2","Usage-Based",NULL,"Application Networking",0.2664,40.9893696,0.4163
61.07147178,"01ABCD-2345EF-6789GH","Helios Labs","BillingAccount","USD","2024-10-01T00:00:00Z","2024-09-01T00:00:00Z",NULL,NULL,"Usage",NULL,"Cloud Load Balancing Forwarding Rule in Iowa","2024-09-12T04:00:00Z","2024-09-12T03:00:00Z",NULL,NULL,NULL,NULL,NULL,NULL,NULL,73.6900000000,"Hours",70.19709399999999,0.9526,61.07147178,"Google",91.161899,1.2371,"Other","USD",73.69,"Hours","Google","Google","us-central1","Iowa","//compute.googleapis.com/projects/Helios Labs/zones/us-central1-a/instances/inst-6620",NULL,"Forwarding Rule","Networking","Cloud Load Balancing","ZF7M1K1QT68YT0FG","Cloud Load Balancing Hours",NULL,"WJRNZTAK5AGE070S.1KLXLIM5","proj-helios-prod","helios-prod","BillingAccount",NULL,"asia-southeast1-c","Usage-Based",NULL,"Application Networking",0.9526,61.07147178,1.2371
417.7200288,"123456789012","SunBird","BillingAccount","USD","2024-10-01T00:00:00Z","2024-09-01T00:00:00Z",NULL,NULL,"Usage",NULL,"Amazon Simple Queue Service Queue in US West (Oregon)","2024-09-09T14:00:00Z","2024-09-09T13:00:00Z",NULL,NULL,NULL,NULL,NULL,NULL,NULL,129.6800000000,"Requests",491.435328,3.7896,417.7200288,"AWS",585.038352,4.5114,"Standard","USD",129.68,"Requests","AWS","AWS","us-west-2","US West (Oregon)","arn:aws:ec2:us-west-2:123456789012:instance/i-00278f50cb4d",NULL,"Queue","Integration","Amazon Simple Queue Service","VBP45GADRACGN7AY","Amazon Simple Queue Service Requests",NULL,"7R54V1VXVUPXZYDW.VGA3ZIBH","517389287820","Atlas Nimbus","BillingAccount","{""application"": ""AtlasPortal""}","us-east-1a","Usage-Based",NULL,"Messaging",3.7896,417.7200288,4.5114
730.93717872,"01ABCD-2345EF-6789GH","Helios Labs","BillingAccount","USD","2024-10-01T00:00:00Z","2024-09-01T00:00:00Z",NULL,NULL,"Usage",NULL,"Cloud Load Balancing Forwarding Rule in Belgium","2024-09-20T07:00:00Z","2024-09-20T06:00:00Z",NULL,NULL,NULL,NULL,NULL,NULL,NULL,257.4600000000,"Hours",849.9269519999999,3.3012,730.93717872,"Google",849.9269519999999,3.3012,"Dynamic","USD",257.46,"Hours","Google","Google","europe-west1","Belgium","//compute.googleapis.com/projects/Helios Labs/zones/europe-west1-a/instances/inst-2636",NULL,"Forwarding Rule","Networking","Cloud Load Balancing","W14GYSMJ76CI5FT9","Cloud Load Balancing Hours",NULL,"3K2H48PPNKFG1BKU.YROQ4HI8","proj-helios-dev","helios-dev","BillingAccount","{""business_unit"": ""LisbonOps"", ""application"": ""BrightSourceCore"", ""owner"": ""a.turing""}","asia-southeast1-c","Usage-Based",NULL,"Application Networking",3.3012,730.93717872,3.3012
31.9700304,"ocid1.tenancy.oc1..aaaa1234","Meridian OCI","Tenancy","USD","2024-10-01T00:00:00Z","2024-09-01T00:00:00Z",NULL,NULL,"Usage",NULL,"Oracle Compute Instance in Australia East (Sydney)","2024-09-10T14:00:00Z","2024-09-10T13:00:00Z","Usage","cd-860247","commit-0247",NULL,"Unused","Committed Use Discount",NULL,NULL,NULL,35.522256000000006,1.0984,31.9700304,"Oracle",55.50190800000001,1.7162,"Committed","USD",32.34,"Hours","Oracle","Oracle","ap-sydney-1","Australia East (Sydney)","ocid1.instance.oc1.ap-sydney-1.006e5f48bf68",NULL,"Instance","Compute","Oracle Compute","MHXIUYATD8MY1UXI","Oracle Compute Hours",NULL,"7OGZA83UJSO53JSJ.CUT6HR4N","ocid1.compartment.oc1..dev","development","Tenancy","{""business_unit"": ""ViennaAI""}","us-ashburn-1-AD-1","Usage-Based",NULL,"Virtual Machines",1.0984,31.9700304,1.7162
1604.57287252,"01ABCD-2345EF-6789GH","Helios Labs","BillingAccount","USD","2024-10-01T00:00:00Z","2024-09-01T00:00:00Z",NULL,NULL,"Usage",NULL,"Cloud Load Balancing Forwarding Rule in Northern Virginia","2024-09-15T06:00:00Z","2024-09-15T05:00:00Z",NULL,NULL,NULL,NULL,NULL,NULL,NULL,424.0400000000,"Hours",1802.890868,4.2517,1604.57287252,"Google",1981.1996880000002,4.6722,"Standard","USD",424.04,"Hours","Google","Google","us-east4","Northern Virginia","//compute.googleapis.com/projects/Helios Labs/zones/us-east4-a/instances/inst-6825",NULL,"Forwarding Rule","Networking","Cloud Load Balancing","V14WZZE7SSM9ZGIU","Cloud Load Balancing Hours",NULL,"DT3KI24SJNNMAXGJ.Y1KDGW4L","proj-helios-prod","helios-prod","BillingAccount","{""owner"": ""k.johnson"", ""team"": ""payments""}",NULL,"Usage-Based",NULL,"Application Networking",4.2517,1604.57287252,4.6722
44.0153928,"123456789012","SunBird","BillingAccount","USD","2024-10-01T00:00:00Z","2024-09-01T00:00:00Z",NULL,NULL,"Usage",NULL,"Elastic Load Balancing Load Balancer in Europe (Ireland)","2024-09-19T13:00:00Z","2024-09-19T12:00:00Z",NULL,NULL,NULL,NULL,NULL,NULL,NULL,122.5100000000,"LCU-Hours",61.132490000000004,0.4990,44.0153928,"AWS",72.783191,0.5941,"Dynamic","USD",122.51,"LCU-Hours","AWS","AWS","eu-west-1","Europe (Ireland)","arn:aws:ec2:eu-west-1:123456789012:instance/i-00c90f14ffc9",NULL,"Load Balancer","Networking","Elastic Load Balancing","F3YR2XAHHFH56OB4","Elastic Load Balancing LCU-Hours",NULL,"RGLY41TIGUE8LZBZ.9875E78H","663626350770","Zenith Apollo","BillingAccount",NULL,NULL,"Usage-Based",NULL,"Application Networking",0.4990,44.0153928,0.5941
26.66388736,"123456789012","SunBird","BillingAccount","USD","2024-10-01T00:00:00Z","2024-09-01T00:00:00Z",NULL,NULL,"Usage",NULL,"Amazon Simple Storage Service Bucket in US West (Oregon)","2024-09-24T17:00:00Z","2024-09-24T16:00:00Z",NULL,NULL,NULL,NULL,NULL,NULL,NULL,19.5800000000,"GB",41.662324,2.1278,26.66388736,"AWS",56.300332,2.8754,"Standard","USD",19.58,"GB","AWS","AWS","us-west-2","US West (Oregon)","arn:aws:ec2:us-west-2:123456789012:instance/i-00c03a71666a",NULL,"Bucket","Storage","Amazon Simple Storage Service","APTC7S82I5U7W86N","Amazon Simple Storage Service GB",NULL,"GCPCMJTNI9NWRI1E.9QQYKZ3F","517389287820","Atlas Nimbus","BillingAccount","{""application"": ""AtlasPortal""}","us-west-2b","Usage-Based",NULL,"Object Storage",2.1278,26.66388736,2.8754
285.23508,"ocid1.tenancy.oc1..aaaa1234","Meridian OCI","Tenancy","USD","2024-10-01T00:00:00Z","2024-09-01T00:00:00Z",NULL,NULL,"Purchase",NULL,"Oracle Object Storage Bucket in Australia East (Sydney)","2024-09-04T01:00:00Z","2024-09-04T00:00:00Z",NULL,NULL,NULL,NULL,NULL,NULL,NULL,NULL,NULL,285.23508,0.8187,0,"Oracle",335.57887999999997,0.9632,"Other","USD",348.40,"GB","Oracle","Oracle","ap-sydney-1","Australia East (Sydney)","ocid1.instance.oc1.ap-sydney-1.00b23f40c538",NULL,"Bucket","Storage","Oracle Object Storage","PERH8H90EVFXVRJO","Oracle Object Storage GB",NULL,"RAGYOYGHL7T5G7WS.9RGDKUYL","ocid1.compartment.oc1..prod","production","Tenancy","{""environment"": ""qa"", ""business_unit"": ""LisbonOps""}",NULL,"One-Time",NULL,"Object Storage",0.8187,0,0.9632
37.16597725,"ocid1.tenancy.oc1..aaaa1234","Meridian OCI","Tenancy","USD","2024-10-01T00:00:00Z","2024-09-01T00:00:00Z",NULL,NULL,"Usage",NULL,"Oracle Functions Function in Australia East (Sydney)","2024-09-12T02:00:00Z","2024-09-12T01:00:00Z","Usage","cd-860657","commit-0657",NULL,"Used","Committed Use Discount",NULL,77.7500000000,"Invocations",41.759525000000004,0.5371,37.16597725,"Oracle",49.130225,0.6319,"Other","USD",77.75,"Invocations","Oracle","Oracle","ap-sydney-1","Australia East (Sydney)","ocid1.instance.oc1.ap-sydney-1.008f14df5d3e",NULL,"Function","Compute","Oracle Functions","6SR17OTFT0UFFEPF","Oracle Functions Invocations",NULL,"KDFS95A16I4568HZ.AMA18WP7","ocid1.compartment.oc1..prod","production","Tenancy","{""owner"": ""g.hopper"", ""team"": ""infra""}",NULL,"Usage-Based",NULL,"Serverless Compute",0.5371,37.16597725,0.6319
112.7884098,"123456789012","SunBird","BillingAccount","USD","2024-10-01T00:00:00Z","2024-09-01T00:00:00Z",NULL,NULL,"Adjustment",NULL,"Elastic Load Balancing Load Balancer in Asia Pacific (Sydney)","2024-09-29T19:00:00Z","2024-09-29T18:00:00Z","Usage","cd-619577","commit-9577",NULL,"Unused","Reserved Instance",NULL,NULL,NULL,152.41677,1.7435,112.7884098,"AWS",160.441926,1.8353,"Standard","USD",87.42,"LCU-Hours","AWS","AWS","ap-southeast-2","Asia Pacific (Sydney)",NULL,NULL,NULL,"Networking","Elastic Load Balancing","T4SQNAZNT6C35DWA","Elastic Load Balancing LCU-Hours",NULL,"3VTWGAWLZWAG15MF.76J0H5AJ","517389287820","Atlas Nimbus","BillingAccount","{""owner"": ""a.lovelace"", ""environment"": ""staging""}",NULL,"One-Time",NULL,"Application Networking",1.7435,112.7884098,1.8353
186.4960482,"01ABCD-2345EF-6789GH","Helios Labs","BillingAccount","USD","2024-10-01T00:00:00Z","2024-09-01T00:00:00Z",NULL,NULL,"Usage",NULL,"Cloud Storage Bucket in Northern Virginia","2024-09-17T00:00:00Z","2024-09-16T23:00:00Z",NULL,NULL,NULL,NULL,NULL,NULL,NULL,268.2200000000,"GiB",216.85587,0.8085,186.4960482,"Google",361.42645,1.3475,"Standard","USD",268.22,"GiB","Google","Google","us-east4","Northern Virginia","//compute.googleapis.com/projects/Helios Labs/zones/us-east4-a/instances/inst-245",NULL,"Bucket","Storage","Cloud Storage","MHMSCIZ0VCKM4RH0","Cloud Storage GiB",NULL,"595IUZ6YIHGBIJW6.APDV1A14","proj-helios-dev","helios-dev","BillingAccount",NULL,NULL,"Usage-Based",NULL,"Object Storage",0.8085,186.4960482,1.3475
88.6002752,"01ABCD-2345EF-6789GH","Helios Labs","BillingAccount","USD","2024-10-01T00:00:00Z","2024-09-01T00:00:00Z",NULL,NULL,"Usage",NULL,"BigQuery Dataset in Iowa","2024-09-11T14:00:00Z","2024-09-11T13:00:00Z","Spend","cd-835005","commit-5005",NULL,"Unused","Committed Use Discount",NULL,NULL,NULL,124.78911999999998,1.3355,88.6002752,"Google",131.35795199999998,1.4058,"Committed","USD",93.44,"GiB","Google","Google","us-central1","Iowa","//compute.googleapis.com/projects/Helios Labs/zones/us-central1-a/instances/inst-6008",NULL,"Dataset","Analytics","BigQuery","6LMJOHIZCRMJ1BMF","BigQuery GiB",NULL,"DY07TOOV14D61DTH.RXRW0PUD","proj-helios-dev","helios-dev","BillingAccount",NULL,NULL,"Usage-Based",NULL,"Data Warehouses",1.3355,88.6002752,1.4058
208.59972672,"123456789012","SunBird","BillingAccount","USD","2024-10-01T00:00:00Z","2024-09-01T00:00:00Z",NULL,NULL,"Usage",NULL,"Amazon Elastic Compute Cloud Virtual Machine in US East (N. Virginia)","2024-09-14T18:00:00Z","2024-09-14T17:00:00Z",NULL,NULL,NULL,NULL,NULL,NULL,NULL,454.2400000000,"Hours",212.856864,0.4686,208.59972672,"AWS",228.891536,0.5039,"Standard","USD",454.24,"Hours","AWS","AWS","us-east-1","US East (N. Virginia)","arn:aws:ec2:us-east-1:123456789012:instance/i-006b69d2c6f5",NULL,"Virtual Machine","Compute","Amazon Elastic Compute Cloud","XX7XPRNYFGIHCMM2","Amazon Elastic Compute Cloud Hours",NULL,"GE8VT4M8JCIM09Q9.WX2H1E40","663626350770","Zenith Apollo","BillingAccount","{""owner"": ""a.lovelace""}",NULL,"Usage-Based",NULL,"Virtual Machines",0.4686,208.59972672,0.5039
126.51356742,"123456789012","SunBird","BillingAccount","USD","2024-10-01T00:00:00Z","2024-09-01T00:00:00Z",NULL,NULL,"Usage",NULL,"Amazon Simple Storage Service Bucket in Europe (Ireland)","2024-09-06T13:00:00Z","2024-09-06T12:00:00Z","Spend","cd-619072","commit-9072",NULL,"Unused","Reserved Instance",NULL,NULL,NULL,136.036094,4.4734,126.51356742,"AWS",147.865584,4.8624,"Committed","USD",30.41,"GB","AWS","AWS","eu-west-1","Europe (Ireland)","arn:aws:ec2:eu-west-1:123456789012:instance/i-00a9716cddc2",NULL,"Bucket","Storage","Amazon Simple Storage Service","NA6367QTOSR9HKOC","Amazon Simple Storage Service GB",NULL,"8PSCJRIRDPN8HAWX.UF9QI0SU","663626350770","Zenith Apollo","BillingAccount","{""cost_center"": ""CC-2042"", ""team"": ""growth""}","us-east-1a","Usage-Based",NULL,"Object Storage",4.4734,126.51356742,4.8624
825.6605539,"123456789012","SunBird","BillingAccount","USD","2024-10-01T00:00:00Z","2024-09-01T00:00:00Z",NULL,NULL,"Usage",NULL,"Amazon Relational Database Service Database Instance in US West (Oregon)","2024-09-12T23:00:00Z","2024-09-12T22:00:00Z","Usage","cd-881996","commit-1996",NULL,"Unused","Committed Use Discount",NULL,NULL,NULL,907.31929,3.3767,825.6605539,"AWS",1314.9640599999998,4.8938,"Standard","USD",268.70,"Hours","AWS","AWS","us-west-2","US West (Oregon)","arn:aws:ec2:us-west-2:123456789012:instance/i-0089704f06a0",NULL,"Database Instance","Databases","Amazon Relational Database Service","O1XJ4F5L3LLM5LSB","Amazon Relational Database Service Hours",NULL,"TKLZMEJE1P3ZG7IA.GYYBHACI","663626350770","Zenith Apollo","BillingAccount","{""cost_center"": ""CC-2042"", ""owner"": ""g.hopper"", ""environment"": ""staging""}","ap-southeast-2a","Usage-Based",NULL,"Relational Databases",3.3767,825.6605539,4.8938
133.79100544,"123456789012","SunBird","BillingAccount","USD","2024-10-01T00:00:00Z","2024-09-01T00:00:00Z",NULL,NULL,"Usage",NULL,"Amazon Relational Database Service Database Instance in US West (Oregon)","2024-09-26T15:00:00Z","2024-09-26T14:00:00Z",NULL,NULL,NULL,NULL,NULL,NULL,NULL,478.8100000000,"Hours",180.798656,0.3776,133.79100544,"AWS",254.63115800000003,0.5318,"Standard","USD",478.81,"Hours","AWS","AWS","us-west-2","US West (Oregon)","arn:aws:ec2:us-west-2:123456789012:instance/i-002586e129f1",NULL,"Database Instance","Databases","Amazon Relational Database Service","8R8HBCG8SG60JAOB","Amazon Relational Database Service Hours",NULL,"O1YJWSOYH5KHOGSW.EVHXFCJL","663626350770","Zenith Apollo","BillingAccount","{""cost_center"": ""CC-1001"", ""team"": ""growth""}","us-west-2b","Usage-Based",NULL,"Relational Databases",0.3776,133.79100544,0.5318
683.6027939999999,"01ABCD-2345EF-6789GH","Helios Labs","BillingAccount","USD","2024-10-01T00:00:00Z","2024-09-01T00:00:00Z",NULL,NULL,"Purchase",NULL,"Cloud Functions Function in Belgium","2024-09-07T10:00:00Z","2024-09-07T09:00:00Z","Usage","cd-793875","commit-3875",NULL,"Used","Savings Plan",NULL,NULL,NULL,683.6027939999999,1.6723,0,"Google",712.09476,1.7420,"Committed","USD",408.78,"Invocations","Google","Google","europe-west1","Belgium","//compute.googleapis.com/projects/Helios Labs/zones/europe-west1-a/instances/inst-2275",NULL,"Function","Compute","Cloud Functions","24EH1RJFUILYWU51","Cloud Functions Invocations",NULL,"40VIPY09588588OY.F07OFPXA","proj-helios-dev","helios-dev","BillingAccount","{""owner"": ""g.hopper""}",NULL,"Recurring",NULL,"Serverless Compute",1.6723,0,1.7420
887.23598832,"123456789012","SunBird","BillingAccount","USD","2024-10-01T00:00:00Z","2024-09-01T00:00:00Z",NULL,NULL,"Usage",NULL,"Amazon Relational Database Service Database Instance in Asia Pacific (Sydney)","2024-09-05T17:00:00Z","2024-09-05T16:00:00Z",NULL,NULL,NULL,NULL,NULL,NULL,NULL,424.3800000000,"Hours",1232.272206,2.9037,887.23598832,"AWS",1839.220482,4.3339,"Standard","USD",424.38,"Hours","AWS","AWS","ap-southeast-2","Asia Pacific (Sydney)","arn:aws:ec2:ap-southeast-2:123456789012:instance/i-00cbfa9597ab",NULL,"Database Instance","Databases","Amazon Relational Database Service","JYB1XDGE4KBJXJFP","Amazon Relational Database Service Hours",NULL,"EA0JL4I7T40V2ASH.JDCL6KAZ","517389287820","Atlas Nimbus","BillingAccount","{""environment"": ""dev"", ""owner"": ""a.lovelace""}",NULL,"Usage-Based",NULL,"Relational Databases",2.9037,887.23598832,4.3339
82.07168832,"ocid1.tenancy.oc1..aaaa1234","Meridian OCI","Tenancy","USD","2024-10-01T00:00:00Z","2024-09-01T00:00:00Z",NULL,NULL,"Usage",NULL,"Oracle Load Balancer Load Balancer in Australia East (Sydney)","2024-09-25T10:00:00Z","2024-09-25T09:00:00Z",NULL,NULL,NULL,NULL,NULL,NULL,NULL,211.8400000000,"Hours",101.323072,0.4783,82.07168832,"Oracle",166.103744,0.7841,"Standard","USD",211.84,"Hours","Oracle","Oracle","ap-sydney-1","Australia East (Sydney)","ocid1.instance.oc1.ap-sydney-1.007b8081282d",NULL,"Load Balancer","Networking","Oracle Load Balancer","L9E34UZYKDX1MRGG","Oracle Load Balancer Hours",NULL,"EXVBPSK8GENATM9M.CPRFC4CD","ocid1.compartment.oc1..dev","development","Tenancy",NULL,"us-ashburn-1-AD-1","Usage-Based",NULL,"Application Networking",0.4783,82.07168832,0.7841
732.21396864,"123456789012","SunBird","BillingAccount","USD","2024-10-01T00:00:00Z","2024-09-01T00:00:00Z",NULL,NULL,"Usage",NULL,"Amazon Relational Database Service Database Instance in US East (N. Virginia)","2024-09-13T02:00:00Z","2024-09-13T01:00:00Z","Spend","cd-527070","commit-7070",NULL,"Used","Committed Use Discount",NULL,375.9200000000,"Hours",832.061328,2.2134,732.21396864,"AWS",1364.02572,3.6285,"Standard","USD",375.92,"Hours","AWS","AWS","us-east-1","US East (N. Virginia)","arn:aws:ec2:us-east-1:123456789012:instance/i-00adc2908007",NULL,"Database Instance","Databases","Amazon Relational Database Service","CSKJ3FFONJK677V2","Amazon Relational Database Service Hours",NULL,"IVSX1CYPNEJ5GAJT.9F5G3UKS","438839167390","Zenith Eclipse","BillingAccount",NULL,NULL,"Usage-Based",NULL,"Relational Databases",2.2134,732.21396864,3.6285
260.9665238,"123456789012","SunBird","BillingAccount","USD","2024-10-01T00:00:00Z","2024-09-01T00:00:00Z",NULL,NULL,"Usage",NULL,"Amazon Relational Database Service Database Instance in Europe (Ireland)","2024-09-04T20:00:00Z","2024-09-04T19:00:00Z",NULL,NULL,NULL,NULL,NULL,NULL,NULL,128.9800000000,"Hours",274.701604,2.1298,260.9665238,"AWS",305.21827199999996,2.3664,"Dynamic","USD",128.98,"Hours","AWS","AWS","eu-west-1","Europe (Ireland)","arn:aws:ec2:eu-west-1:123456789012:instance/i-00745299a656",NULL,"Database Instance","Databases","Amazon Relational Database Service","SZ0I2X6UXF062QCD","Amazon Relational Database Service Hours",NULL,"P9AJGSYKZEOY3FW3.383GFLGZ","438839167390","Zenith Eclipse","BillingAccount",NULL,"ap-southeast-2a","Usage-Based",NULL,"Relational Databases",2.1298,260.9665238,2.3664
292.03087914,"8a93b2c1-1234-4abc-9def-0123456789ab","Contoso Cloud","BillingProfile","USD","2024-10-01T00:00:00Z","2024-09-01T00:00:00Z",NULL,NULL,"Usage",NULL,"Azure Kubernetes Service Cluster in Southeast Asia","2024-09-14T13:00:00Z","2024-09-14T12:00:00Z",NULL,NULL,NULL,NULL,NULL,NULL,NULL,106.3300000000,"Hours",374.398563,3.5211,292.03087914,"Microsoft",394.10151199999996,3.7064,"Dynamic","USD",106.33,"Hours","Microsoft","Microsoft","southeastasia","Southeast Asia","/subscriptions/8a93b2c1-1234-4abc-9def-0123456789ab/resourceGroups/rg-109/providers/Microsoft.Compute/virtualMachines/vm-5984",NULL,"Cluster","Compute","Azure Kubernetes Service","YDX14NDNB1RQLFJE","Azure Kubernetes Service Hours",NULL,"RZFT207NQLDF1VTK.MW0448K1","sub-9a1f","Production","BillingProfile","{""owner"": ""g.hopper""}","eastus-1","Usage-Based",NULL,"Containers",3.5211,292.03087914,3.7064
143.18593408,"ocid1.tenancy.oc1..aaaa1234","Meridian OCI","Tenancy","USD","2024-10-01T00:00:00Z","2024-09-01T00:00:00Z",NULL,NULL,"Credit",NULL,"Oracle Compute Instance in Australia East (Sydney)","2024-09-04T08:00:00Z","2024-09-04T07:00:00Z","Usage","cd-965321","commit-5321",NULL,"Used","Reserved Instance",NULL,NULL,NULL,160.883072,2.2246,143.18593408,"Oracle",240.12409599999998,3.3203,"Committed","USD",72.32,"Hours","Oracle","Oracle","ap-sydney-1","Australia East (Sydney)",NULL,NULL,NULL,"Compute","Oracle Compute","H0Q7A2I2GCNM08KY","Oracle Compute Hours",NULL,"NWNMAXXBTT6H5300.WW817VHL","ocid1.compartment.oc1..prod","production","Tenancy","{""team"": ""growth""}",NULL,"One-Time",NULL,"Virtual Machines",2.2246,143.18593408,3.3203
569.7369222,"ocid1.tenancy.oc1..aaaa1234","Meridian OCI","Tenancy","USD","2024-10-01T00:00:00Z","2024-09-01T00:00:00Z",NULL,NULL,"Usage",NULL,"Oracle Autonomous Database Database in US East (Ashburn)","2024-09-24T04:00:00Z","2024-09-24T03:00:00Z",NULL,NULL,NULL,NULL,NULL,NULL,NULL,344.2800000000,"Hours",670.278732,1.9469,569.7369222,"Oracle",753.1125,2.1875,"Other","USD",344.28,"Hours","Oracle","Oracle","us-ashburn-1","US East (Ashburn)","ocid1.instance.oc1.us-ashburn-1.0031b1c087ce",NULL,"Database","Databases","Oracle Autonomous Database","58G26CS0NO39YHM4","Oracle Autonomous Database Hours",NULL,"HW30ZAXO6SRQT0PA.0CABJX7U","ocid1.compartment.oc1..prod","production","Tenancy","{""application"": ""BrightLensMatrix""}",NULL,"Usage-Based",NULL,"Relational Databases",1.9469,569.7369222,2.1875
24.6070825,"8a93b2c1-1234-4abc-9def-0123456789ab","Contoso Cloud","BillingProfile","USD","2024-10-01T00:00:00Z","2024-09-01T00:00:00Z",NULL,NULL,"Usage",NULL,"Azure Functions Function App in UK South","2024-09-24T18:00:00Z","2024-09-24T17:00:00Z",NULL,NULL,NULL,NULL,NULL,NULL,NULL,196.6600000000,"Executions",31.957250000000002,0.1625,24.6070825,"Microsoft",50.73828,0.2580,"Other","USD",196.66,"Executions","Microsoft","Microsoft","uksouth","UK South","/subscriptions/8a93b2c1-1234-4abc-9def-0123456789ab/resourceGroups/rg-412/providers/Microsoft.Compute/virtualMachines/vm-201",NULL,"Function App","Compute","Azure Functions","ZQ9KUNFFB1AJB8FY","Azure Functions Executions",NULL,"BI3WLPOTM8PYQDRF.JBGH3HGJ","sub-9a1f","Production","BillingProfile","{""environment"": ""dev"", ""team"": ""infra"", ""business_unit"": ""MarseilleSRE""}","eastus-1","Usage-Based",NULL,"Serverless Compute",0.1625,24.6070825,0.2580
299.22703398,"01ABCD-2345EF-6789GH","Helios Labs","BillingAccount","USD","2024-10-01T00:00:00Z","2024-09-01T00:00:00Z",NULL,NULL,"Usage",NULL,"Cloud Storage Bucket in Iowa","2024-09-22T03:00:00Z","2024-09-22T02:00:00Z",NULL,NULL,NULL,NULL,NULL,NULL,NULL,195.4100000000,"GiB",474.963546,2.4306,299.22703398,"Google",479.770632,2.4552,"Standard","USD",195.41,"GiB","Google","Google","us-central1","Iowa","//compute.googleapis.com/projects/Helios Labs/zones/us-central1-a/instances/inst-131",NULL,"Bucket","Storage","Cloud Storage","2KLTALCHVW48AK7Q","Cloud Storage GiB",NULL,"HMB8B76JNXHNBUIO.FIRR4MFW","proj-helios-prod","helios-prod","BillingAccount",NULL,NULL,"Usage-Based",NULL,"Object Storage",2.4306,299.22703398,2.4552
137.11769991,"01ABCD-2345EF-6789GH","Helios Labs","BillingAccount","USD","2024-10-01T00:00:00Z","2024-09-01T00:00:00Z",NULL,NULL,"Usage",NULL,"BigQuery Dataset in Northern Virginia","2024-09-22T21:00:00Z","2024-09-22T20:00:00Z",NULL,NULL,NULL,NULL,NULL,NULL,NULL,86.4900000000,"GiB",193.12352099999998,2.2329,137.11769991,"Google",297.11909699999995,3.4353,"Standard","USD",86.49,"GiB","Google","Google","us-east4","Northern Virginia","//compute.googleapis.com/projects/Helios Labs/zones/us-east4-a/instances/inst-111",NULL,"Dataset","Analytics","BigQuery","UGY1MWXE2KC6Q0S7","BigQuery GiB",NULL,"WZBHLU1LWPENXXJU.HAUAVN3U","proj-helios-dev","helios-dev","BillingAccount","{""business_unit"": ""LisbonOps"", ""environment"": ""qa"", ""cost_center"": ""CC-2042""}","asia-southeast1-c","Usage-Based",NULL,"Data Warehouses",2.2329,137.11769991,3.4353
258.20067674,"123456789012","SunBird","BillingAccount","USD","2024-10-01T00:00:00Z","2024-09-01T00:00:00Z",NULL,NULL,"Usage",NULL,"Amazon Simple Queue Service Queue in Europe (Ireland)","2024-09-10T02:00:00Z","2024-09-10T01:00:00Z","Usage","cd-178458","commit-8458",NULL,"Unused","Committed Use Discount",NULL,NULL,NULL,274.681571,1.9757,258.20067674,"AWS",422.595588,3.0396,"Committed","USD",139.03,"Requests","AWS","AWS","eu-west-1","Europe (Ireland)","arn:aws:ec2:eu-west-1:123456789012:instance/i-0035b44d1c43",NULL,"Queue","Integration","Amazon Simple Queue Service","H2KUYPBSBA3SIZC8","Amazon Simple Queue Service Requests",NULL,"7CVBE4G0TRUWZF9U.5DZT35HX","663626350770","Zenith Apollo","BillingAccount","{""environment"": ""prod"", ""owner"": ""a.turing""}","eu-west-1c","Usage-Based",NULL,"Messaging",1.9757,258.20067674,3.0396
908.3704192,"123456789012","SunBird","BillingAccount","USD","2024-10-01T00:00:00Z","2024-09-01T00:00:00Z",NULL,NULL,"Usage",NULL,"Amazon Elastic Compute Cloud Virtual Machine in US West (Oregon)","2024-09-01T11:00:00Z","2024-09-01T10:00:00Z",NULL,NULL,NULL,NULL,NULL,NULL,NULL,430.7000000000,"Hours",1419.3287799999998,3.2954,908.3704192,"AWS",1559.69391,3.6213,"Standard","USD",430.70,"Hours","AWS","AWS","us-west-2","US West (Oregon)","arn:aws:ec2:us-west-2:123456789012:instance/i-005a5bacdec3",NULL,"Virtual Machine","Compute","Amazon Elastic Compute Cloud","VYRKI3HIUJ02H77P","Amazon Elastic Compute Cloud Hours",NULL,"45RU4OFQSFW9PNEE.5DNAN3YM","517389287820","Atlas Nimbus","BillingAccount","{""application"": ""BrightLensMatrix"", ""owner"": ""a.lovelace"", ""business_unit"": ""ViennaAI""}",NULL,"Usage-Based",NULL,"Virtual Machines",3.2954,908.3704192,3.6213
490.29584,"123456789012","SunBird","BillingAccount","USD","2024-10-01T00:00:00Z","2024-09-01T00:00:00Z",NULL,NULL,"Usage",NULL,"Amazon Relational Database Service Database Instance in US West (Oregon)","2024-09-23T13:00:00Z","2024-09-23T12:00:00Z",NULL,NULL,NULL,NULL,NULL,NULL,NULL,354.2600000000,"Hours",766.08725,2.1625,490.29584,"AWS",1160.73289,3.2765,"Standard","USD",354.26,"Hours","AWS","AWS","us-west-2","US West (Oregon)","arn:aws:ec2:us-west-2:123456789012:instance/i-0041b4c6cb3d",NULL,"Database Instance","Databases","Amazon Relational Database Service","TGJ3GHPB3LRB472W","Amazon Relational Database Service Hours",NULL,"QH9FW1NJZ616VD2R.XGDY1MSM","663626350770","Zenith Apollo","BillingAccount","{""team"": ""payments"", ""cost_center"": ""CC-2042""}","eu-west-1c","Usage-Based",NULL,"Relational Databases",2.1625,490.29584,3.2765
470.86990074,"8a93b2c1-1234-4abc-9def-0123456789ab","Contoso Cloud","BillingProfile","USD","2024-10-01T00:00:00Z","2024-09-01T00:00:00Z",NULL,NULL,"Usage",NULL,"Azure Functions Function App in Southeast Asia","2024-09-26T23:00:00Z","2024-09-26T22:00:00Z","Usage","cd-137421","commit-7421",NULL,"Used","Reserved Instance",NULL,340.5800000000,"Executions",682.4201459999999,2.0037,470.86990074,"Microsoft",1100.686444,3.2318,"Standard","USD",340.58,"Executions","Microsoft","Microsoft","southeastasia","Southeast Asia","/subscriptions/8a93b2c1-1234-4abc-9def-0123456789ab/resourceGroups/rg-960/providers/Microsoft.Compute/virtualMachines/vm-1276",NULL,"Function App","Compute","Azure Functions","R5NKNWSSAGL64TPK","Azure Functions Executions",NULL,"UEKLV3JA41VBLQEK.AW4A5P4H","sub-4d3e","Sandbox","BillingProfile","{""environment"": ""qa"", ""cost_center"": ""CC-2042""}","eastus-1","Usage-Based",NULL,"Serverless Compute",2.0037,470.86990074,3.2318
96.23806299,"123456789012","SunBird","BillingAccount","USD","2024-10-01T00:00:00Z","2024-09-01T00:00:00Z",NULL,NULL,"Usage",NULL,"Elastic Load Balancing Load Balancer in Europe (Ireland)","2024-09-23T10:00:00Z","2024-09-23T09:00:00Z",NULL,NULL,NULL,NULL,NULL,NULL,NULL,387.6300000000,"LCU-Hours",131.832963,0.3401,96.23806299,"AWS",193.853763,0.5001,"Standard","USD",387.63,"LCU-Hours","AWS","AWS","eu-west-1","Europe (Ireland)","arn:aws:ec2:eu-west-1:123456789012:instance/i-00cc958e06bc",NULL,"Load Balancer","Networking","Elastic Load Balancing","V74HR7BJ0OJW5BP1","Elastic Load Balancing LCU-Hours",NULL,"XNFMYGR827LQWVZ0.RTMC7VH1","517389287820","Atlas Nimbus","BillingAccount","{""business_unit"": ""OsloData"", ""team"": ""infra"", ""owner"": ""a.lovelace""}",NULL,"Usage-Based",NULL,"Application Networking",0.3401,96.23806299,0.5001
272.31,"01ABCD-2345EF-6789GH","Helios Labs","BillingAccount","USD","2024-10-01T00:00:00Z","2024-09-01T00:00:00Z",NULL,NULL,"Purchase",NULL,"Cloud SQL Database Instance in Iowa","2024-09-22T07:00:00Z","2024-09-22T06:00:00Z",NULL,NULL,NULL,NULL,NULL,NULL,NULL,NULL,NULL,272.31,3.6250,0,"Google",363.085008,4.8334,"Other","USD",75.12,"Hours","Google","Google","us-central1","Iowa","//compute.googleapis.com/projects/Helios Labs/zones/us-central1-a/instances/inst-6993",NULL,"Database Instance","Databases","Cloud SQL","HD5TA1WADQIWS69J","Cloud SQL Hours",NULL,"FRJM1FSOC4WPY1ZG.QTTL1UIM","proj-helios-prod","helios-prod","BillingAccount","{""application"": ""BrightLensMatrix"", ""team"": ""payments""}",NULL,"Recurring",NULL,"Relational Databases",3.6250,0,4.8334
135.67580838,"8a93b2c1-1234-4abc-9def-0123456789ab","Contoso Cloud","BillingProfile","USD","2024-10-01T00:00:00Z","2024-09-01T00:00:00Z",NULL,NULL,"Usage",NULL,"Azure Kubernetes Service Cluster in West Europe","2024-09-14T01:00:00Z","2024-09-14T00:00:00Z","Usage","cd-652150","commit-2150",NULL,"Unused","Committed Use Discount",NULL,NULL,NULL,145.887966,0.6327,135.67580838,"Microsoft",211.41880200000003,0.9169,"Other","USD",230.58,"Hours","Microsoft","Microsoft","westeurope","West Europe","/subscriptions/8a93b2c1-1234-4abc-9def-0123456789ab/resourceGroups/rg-691/providers/Microsoft.Compute/virtualMachines/vm-6608",NULL,"Cluster","Compute","Azure Kubernetes Service","9B0FITP6XI8SDZIZ","Azure Kubernetes Service Hours",NULL,"A373DFDRGVGS4VDH.6DN7J95I","sub-2b7c","Staging","BillingProfile","{""owner"": ""k.johnson"", ""business_unit"": ""LisbonOps"", ""team"": ""infra""}","westeurope-2","Usage-Based",NULL,"Containers",0.6327,135.67580838,0.9169
0.0074568,"8a93b2c1-1234-4abc-9def-0123456789ab","Contoso Cloud","BillingProfile","USD","2024-10-01T00:00:00Z","2024-09-01T00:00:00Z",NULL,NULL,"Usage",NULL,"Azure SQL Database SQL Database in Southeast Asia","2024-09-01T07:00:00Z","2024-09-01T06:00:00Z","Spend","cd-314217","commit-4217",NULL,"Used","Savings Plan",NULL,57.3600000000,"Hours",0.011472000000000001,0.0002,0.0074568,"Microsoft",0.017207999999999998,0.0003,"Standard","USD",57.36,"Hours","Microsoft","Microsoft","southeastasia","Southeast Asia","/subscriptions/8a93b2c1-1234-4abc-9def-0123456789ab/resourceGroups/rg-705/providers/Microsoft.Compute/virtualMachines/vm-425",NULL,"SQL Database","Databases","Azure SQL Database","8Q2H1JBLJPK68M44","Azure SQL Database Hours",NULL,"SSG5XRZYG301JBS3.HYATC2CW","sub-4d3e","Sandbox","BillingProfile","{""team"": ""platform"", ""application"": ""AtlasPortal""}","eastus-1","Usage-Based",NULL,"Relational Databases",0.0002,0.0074568,0.0003
304.3668474,"ocid1.tenancy.oc1..aaaa1234","Meridian OCI","Tenancy","USD","2024-10-01T00:00:00Z","2024-09-01T00:00:00Z",NULL,NULL,"Usage",NULL,"Oracle Functions Function in UK South (London)","2024-09-07T19:00:00Z","2024-09-07T18:00:00Z","Spend","cd-282973","commit-2973",NULL,"Unused","Savings Plan",NULL,NULL,NULL,375.76154,3.5651,304.3668474,"Oracle",475.64912000000004,4.5128,"Committed","USD",105.40,"Invocations","Oracle","Oracle","uk-london-1","UK South (London)","ocid1.instance.oc1.uk-london-1.00bd1f54f102",NULL,"Function","Compute","Oracle Functions","4Y4L67QIUWZECBKO","Oracle Functions Invocations",NULL,"GG54UOPGLY0EDQHC.E2XBLUG2","ocid1.compartment.oc1..prod","production","Tenancy","{""business_unit"": ""OsloData""}",NULL,"Usage-Based",NULL,"Serverless Compute",3.5651,304.3668474,4.5128
281.313648,"8a93b2c1-1234-4abc-9def-0123456789ab","Contoso Cloud","BillingProfile","USD","2024-10-01T00:00:00Z","2024-09-01T00:00:00Z",NULL,NULL,"Usage",NULL,"Azure Load Balancer Load Balancer in West Europe","2024-09-11T19:00:00Z","2024-09-11T18:00:00Z",NULL,NULL,NULL,NULL,NULL,NULL,NULL,112.7600000000,"Hours",347.30080000000004,3.0800,281.313648,"Microsoft",418.429808,3.7108,"Standard","USD",112.76,"Hours","Microsoft","Microsoft","westeurope","West Europe","/subscriptions/8a93b2c1-1234-4abc-9def-0123456789ab/resourceGroups/rg-504/providers/Microsoft.Compute/virtualMachines/vm-9891",NULL,"Load Balancer","Networking","Azure Load Balancer","CIAX08EVL75MN46W","Azure Load Balancer Hours",NULL,"W9IE21YEFI7TGH5O.D8VBOSQY","sub-9a1f","Production","BillingProfile",NULL,"uksouth-1","Usage-Based",NULL,"Application Networking",3.0800,281.313648,3.7108
606.70147926,"123456789012","SunBird","BillingAccount","USD","2024-10-01T00:00:00Z","2024-09-01T00:00:00Z",NULL,NULL,"Usage",NULL,"Amazon Simple Storage Service Bucket in Europe (Ireland)","2024-09-23T20:00:00Z","2024-09-23T19:00:00Z","Spend","cd-831400","commit-1400",NULL,"Unused","Committed Use Discount",NULL,NULL,NULL,978.5507729999999,2.1003,606.70147926,"AWS",1164.9147730000002,2.5003,"Committed","USD",465.91,"GB","AWS","AWS","eu-west-1","Europe (Ireland)","arn:aws:ec2:eu-west-1:123456789012:instance/i-00270c3ca3b5",NULL,"Bucket","Storage","Amazon Simple Storage Service","IN9VDP5ECWE0F94I","Amazon Simple Storage Service GB",NULL,"RCGC56OW14TOBDBM.8YB94DYY","517389287820","Atlas Nimbus","BillingAccount","{""owner"": ""a.lovelace"", ""application"": ""AtlasPortal""}","us-west-2b","Usage-Based",NULL,"Object Storage",2.1003,606.70147926,2.5003
639.85706785,"ocid1.tenancy.oc1..aaaa1234","Meridian OCI","Tenancy","USD","2024-10-01T00:00:00Z","2024-09-01T00:00:00Z",NULL,NULL,"Usage",NULL,"Oracle Functions Function in Australia East (Sydney)","2024-09-05T23:00:00Z","2024-09-05T22:00:00Z","Spend","cd-160736","commit-0736",NULL,"Used","Reserved Instance",NULL,491.2700000000,"Invocations",830.983205,1.6915,639.85706785,"Oracle",903.249022,1.8386,"Committed","USD",491.27,"Invocations","Oracle","Oracle","ap-sydney-1","Australia East (Sydney)","ocid1.instance.oc1.ap-sydney-1.005700bd7a95",NULL,"Function","Compute","Oracle Functions","DEDI2LSCUWPSIZ4H","Oracle Functions Invocations",NULL,"EEQ8N5WO2TX9SP7R.U86GDW05","ocid1.compartment.oc1..prod","production","Tenancy","{""team"": ""platform""}",NULL,"Usage-Based",NULL,"Serverless Compute",1.6915,639.85706785,1.8386
92.28280446,"123456789012","SunBird","BillingAccount","USD","2024-10-01T00:00:00Z","2024-09-01T00:00:00Z",NULL,NULL,"Usage",NULL,"Amazon Simple Storage Service Bucket in US West (Oregon)","2024-09-10T21:00:00Z","2024-09-10T20:00:00Z",NULL,NULL,NULL,NULL,NULL,NULL,NULL,61.3800000000,"GB",151.283286,2.4647,92.28280446,"AWS",222.477948,3.6246,"Standard","USD",61.38,"GB","AWS","AWS","us-west-2","US West (Oregon)","arn:aws:ec2:us-west-2:123456789012:instance/i-002d3f87780b",NULL,"Bucket","Storage","Amazon Simple Storage Service","DRY5BYY2CONYL18D","Amazon Simple Storage Service GB",NULL,"TC8WBVQNBV11DG9Y.S8317QKY","663626350770","Zenith Apollo","BillingAccount","{""application"": ""NimbusAPI"", ""owner"": ""a.lovelace""}","ap-southeast-2a","Usage-Based",NULL,"Object Storage",2.4647,92.28280446,3.6246
272.3524406,"8a93b2c1-1234-4abc-9def-0123456789ab","Contoso Cloud","BillingProfile","USD","2024-10-01T00:00:00Z","2024-09-01T00:00:00Z",NULL,NULL,"Usage",NULL,"Azure Blob Storage Storage Account in East US","2024-09-30T03:00:00Z","2024-09-30T02:00:00Z",NULL,NULL,NULL,NULL,NULL,NULL,NULL,385.6700000000,"GB",439.27813000000003,1.1390,272.3524406,"Microsoft",570.483064,1.4792,"Standard","USD",385.67,"GB","Microsoft","Microsoft","eastus","East US","/subscriptions/8a93b2c1-1234-4abc-9def-0123456789ab/resourceGroups/rg-573/providers/Microsoft.Compute/virtualMachines/vm-3352",NULL,"Storage Account","Storage","Azure Blob Storage","3B2A3CW49N0DFR9U","Azure Blob Storage GB",NULL,"E2LQRQ5IOLJDOHCL.62UC9ODQ","sub-2b7c","Staging","BillingProfile","{""owner"": ""a.lovelace"", ""cost_center"": ""CC-1001""}","uksouth-1","Usage-Based",NULL,"Object Storage",1.1390,272.3524406,1.4792
47.46708375,"123456789012","SunBird","BillingAccount","USD","2024-10-01T00:00:00Z","2024-09-01T00:00:00Z",NULL,NULL,"Usage",NULL,"AWS Lambda Function in Europe (Ireland)","2024-09-02T22:00:00Z","2024-09-02T21:00:00Z",NULL,NULL,NULL,NULL,NULL,NULL,NULL,38.7500000000,"Requests",68.79287500000001,1.7753,47.46708375,"AWS",85.990125,2.2191,"Standard","USD",38.75,"Requests","AWS","AWS","eu-west-1","Europe (Ireland)","arn:aws:ec2:eu-west-1:123456789012:instance/i-0076ef5ef34f",NULL,"Function","Compute","AWS Lambda","4SBKXCSJBGNU66WN","AWS Lambda Requests",NULL,"YCJYFEO6908H7D47.72URMSPV","663626350770","Zenith Apollo","BillingAccount","{""team"": ""growth"", ""application"": ""BrightSourceCore"", ""owner"": ""a.lovelace""}","eu-west-1c","Usage-Based",NULL,"Serverless Compute",1.7753,47.46708375,2.2191
780.5991312,"01ABCD-2345EF-6789GH","Helios Labs","BillingAccount","USD","2024-10-01T00:00:00Z","2024-09-01T00:00:00Z",NULL,NULL,"Tax",NULL,"Tax charge in Northern Virginia","2024-09-05T23:00:00Z","2024-09-05T22:00:00Z",NULL,NULL,NULL,NULL,NULL,NULL,NULL,NULL,NULL,65.3329930000,NULL,780.5991312,"Google",60.5218580000,NULL,NULL,"USD",NULL,NULL,"Google","Google",NULL,NULL,NULL,NULL,NULL,"Other","Tax",NULL,NULL,NULL,NULL,"proj-helios-dev","helios-dev","BillingAccount",NULL,NULL,"One-Time",NULL,"Other (Security)",NULL,780.5991312,NULL
784.66489408,"ocid1.tenancy.oc1..aaaa1234","Meridian OCI","Tenancy","USD","2024-10-01T00:00:00Z","2024-09-01T00:00:00Z",NULL,NULL,"Usage",NULL,"Oracle Functions Function in US East (Ashburn)","2024-09-23T23:00:00Z","2024-09-23T22:00:00Z",NULL,NULL,NULL,NULL,NULL,NULL,NULL,337.0600000000,"Invocations",852.8966240000001,2.5304,784.66489408,"Oracle",1122.24127,3.3295,"Dynamic","USD",337.06,"Invocations","Oracle","Oracle","us-ashburn-1","US East (Ashburn)","ocid1.instance.oc1.us-ashburn-1.0095dbec6995",NULL,"Function","Compute","Oracle Functions","ML3AKH0Q94GIC1BK","Oracle Functions Invocations",NULL,"EI67Y1WIZ9PSHVVG.CEW2021S","ocid1.compartment.oc1..prod","production","Tenancy",NULL,"us-ashburn-1-AD-1","Usage-Based",NULL,"Serverless Compute",2.5304,784.66489408,3.3295
304.629831,"8a93b2c1-1234-4abc-9def-0123456789ab","Contoso Cloud","BillingProfile","USD","2024-10-01T00:00:00Z","2024-09-01T00:00:00Z",NULL,NULL,"Usage",NULL,"Azure Load Balancer Load Balancer in West Europe","2024-09-26T04:00:00Z","2024-09-26T03:00:00Z",NULL,NULL,NULL,NULL,NULL,NULL,NULL,296.7800000000,"Hours",406.17310799999996,1.3686,304.629831,"Microsoft",548.864932,1.8494,"Standard","USD",296.78,"Hours","Microsoft","Microsoft","westeurope","West Europe","/subscriptions/8a93b2c1-1234-4abc-9def-0123456789ab/resourceGroups/rg-800/providers/Microsoft.Compute/virtualMachines/vm-3544",NULL,"Load Balancer","Networking","Azure Load Balancer","61SUYULJCN17RUGW","Azure Load Balancer Hours",NULL,"SKHSR52OKSQGORJG.N96KBC88","sub-4d3e","Sandbox","BillingProfile","{""business_unit"": ""OsloData"", ""application"": ""NimbusAPI"", ""environment"": ""staging""}","uksouth-1","Usage-Based",NULL,"Application Networking",1.3686,304.629831,1.8494
351.4823364,"123456789012","SunBird","BillingAccount","USD","2024-10-01T00:00:00Z","2024-09-01T00:00:00Z",NULL,NULL,"Usage",NULL,"Amazon Simple Queue Service Queue in US East (N. Virginia)","2024-09-09T17:00:00Z","2024-09-09T16:00:00Z","Spend","cd-214939","commit-4939",NULL,"Unused","Savings Plan",NULL,NULL,NULL,450.61838,2.1130,351.4823364,"AWS",474.332892,2.2242,"Committed","USD",213.26,"Requests","AWS","AWS","us-east-1","US East (N. Virginia)","arn:aws:ec2:us-east-1:123456789012:instance/i-00e4a304605e",NULL,"Queue","Integration","Amazon Simple Queue Service","FOEUK6VR36EUC1G7","Amazon Simple Queue Service Requests",NULL,"UM9CAPIYOMQ4J5L5.SIMF7NA1","438839167390","Zenith Eclipse","BillingAccount","{""environment"": ""staging""}",NULL,"Usage-Based",NULL,"Messaging",2.1130,351.4823364,2.2242
651.62056272,"ocid1.tenancy.oc1..aaaa1234","Meridian OCI","Tenancy","USD","2024-10-01T00:00:00Z","2024-09-01T00:00:00Z",NULL,NULL,"Usage",NULL,"Oracle Load Balancer Load Balancer in Australia East (Sydney)","2024-09-08T15:00:00Z","2024-09-08T14:00:00Z",NULL,NULL,NULL,NULL,NULL,NULL,NULL,306.6900000000,"Hours",880.568328,2.8712,651.62056272,"Oracle",967.668288,3.1552,"Standard","USD",306.69,"Hours","Oracle","Oracle","ap-sydney-1","Australia East (Sydney)","ocid1.instance.oc1.ap-sydney-1.00b0acdec8c0",NULL,"Load Balancer","Networking","Oracle Load Balancer","W84SGOHS02UP1HL3","Oracle Load Balancer Hours",NULL,"UHWZI450PBSR6N0D.9UQU0Z21","ocid1.compartment.oc1..prod","production","Tenancy","{""environment"": ""qa"", ""business_unit"": ""LisbonOps""}",NULL,"Usage-Based",NULL,"Application Networking",2.8712,651.62056272,3.1552
163.07225676,"01ABCD-2345EF-6789GH","Helios Labs","BillingAccount","USD","2024-10-01T00:00:00Z","2024-09-01T00:00:00Z",NULL,NULL,"Usage",NULL,"Compute Engine VM Instance in Singapore","2024-09-10T09:00:00Z","2024-09-10T08:00:00Z",NULL,NULL,NULL,NULL,NULL,NULL,NULL,154.2600000000,"Hours",243.391428,1.5778,163.07225676,"Google",316.09416600000003,2.0491,"Standard","USD",154.26,"Hours","Google","Google","asia-southeast1","Singapore","//compute.googleapis.com/projects/Helios Labs/zones/asia-southeast1-a/instances/inst-2505",NULL,"VM Instance","Compute","Compute Engine","VW9ED7NX8MK8ZOSK","Compute Engine Hours",NULL,"XV0N9PACB7G6Z5CK.STBOPCRH","proj-helios-dev","helios-dev","BillingAccount","{""cost_center"": ""CC-3090"", ""business_unit"": ""ViennaAI"", ""environment"": ""prod""}",NULL,"Usage-Based",NULL,"Virtual Machines",1.5778,163.07225676,2.0491
1148.090895,"ocid1.tenancy.oc1..aaaa1234","Meridian OCI","Tenancy","USD","2024-10-01T00:00:00Z","2024-09-01T00:00:00Z",NULL,NULL,"Usage",NULL,"Oracle Object Storage Bucket in Australia East (Sydney)","2024-09-04T15:00:00Z","2024-09-04T14:00:00Z",NULL,NULL,NULL,NULL,NULL,NULL,NULL,351.7500000000,"GB",1275.65655,3.6266,1148.090895,"Oracle",1288.5305999999998,3.6632,"Other","USD",351.75,"GB","Oracle","Oracle","ap-sydney-1","Australia East (Sydney)","ocid1.instance.oc1.ap-sydney-1.006a115db54b",NULL,"Bucket","Storage","Oracle Object Storage","16BTR3MGQ4YS1FO0","Oracle Object Storage GB",NULL,"9R4S86PYB5ZX8G2O.BZO2X4GT","ocid1.compartment.oc1..dev","development","Tenancy","{""owner"": ""a.turing""}","uk-london-1-AD-2","Usage-Based",NULL,"Object Storage",3.6266,1148.090895,3.6632
98.28696776,"8a93b2c1-1234-4abc-9def-0123456789ab","Contoso Cloud","BillingProfile","USD","2024-10-01T00:00:00Z","2024-09-01T00:00:00Z",NULL,NULL,"Usage",NULL,"Azure Load Balancer Load Balancer in East US","2024-09-24T23:00:00Z","2024-09-24T22:00:00Z",NULL,NULL,NULL,NULL,NULL,NULL,NULL,296.7100000000,"Hours",104.56060399999998,0.3524,98.28696776,"Microsoft",124.46984499999999,0.4195,"Dynamic","USD",296.71,"Hours","Microsoft","Microsoft","eastus","East US","/subscriptions/8a93b2c1-1234-4abc-9def-0123456789ab/resourceGroups/rg-538/providers/Microsoft.Compute/virtualMachines/vm-8029",NULL,"Load Balancer","Networking","Azure Load Balancer","JCU0ARN9585UPU34","Azure Load Balancer Hours",NULL,"69FG1EYIAK7HKM2H.C15K75I9","sub-9a1f","Production","BillingProfile","{""application"": ""NimbusAPI""}","westeurope-2","Usage-Based",NULL,"Application Networking",0.3524,98.28696776,0.4195
116.08151916,"ocid1.tenancy.oc1..aaaa1234","Meridian OCI","Tenancy","USD","2024-10-01T00:00:00Z","2024-09-01T00:00:00Z",NULL,NULL,"Usage",NULL,"Oracle Compute Instance in UK South (London)","2024-09-19T14:00:00Z","2024-09-19T13:00:00Z",NULL,NULL,NULL,NULL,NULL,NULL,NULL,135.5600000000,"Hours",139.85725200000002,1.0317,116.08151916,"Oracle",218.52272000000002,1.6120,"Other","USD",135.56,"Hours","Oracle","Oracle","uk-london-1","UK South (London)","ocid1.instance.oc1.uk-london-1.00d735cbfe9f",NULL,"Instance","Compute","Oracle Compute","IK74AU0LJ4EATMMG","Oracle Compute Hours",NULL,"83VGD3KEW9OWAMRS.1TXZQ98M","ocid1.compartment.oc1..prod","production","Tenancy","{""environment"": ""staging"", ""cost_center"": ""CC-2042"", ""business_unit"": ""LisbonOps""}","uk-london-1-AD-2","Usage-Based",NULL,"Virtual Machines",1.0317,116.08151916,1.6120
589.37204956,"8a93b2c1-1234-4abc-9def-0123456789ab","Contoso Cloud","BillingProfile","USD","2024-10-01T00:00:00Z","2024-09-01T00:00:00Z",NULL,NULL,"Usage",NULL,"Virtual Machines Virtual Machine in West Europe","2024-09-08T15:00:00Z","2024-09-08T14:00:00Z",NULL,NULL,NULL,NULL,NULL,NULL,NULL,398.4400000000,"Hours",807.358972,2.0263,589.37204956,"Microsoft",1170.058904,2.9366,"Standard","USD",398.44,"Hours","Microsoft","Microsoft","westeurope","West Europe","/subscriptions/8a93b2c1-1234-4abc-9def-0123456789ab/resourceGroups/rg-590/providers/Microsoft.Compute/virtualMachines/vm-9124",NULL,"Virtual Machine","Compute","Virtual Machines","FJJK4AUEDI6214UT","Virtual Machines Hours",NULL,"6HP9ZYY4WT7U7FNK.RJ1925QH","sub-2b7c","Staging","BillingProfile","{""owner"": ""a.turing"", ""cost_center"": ""CC-1001""}","eastus-1","Usage-Based",NULL,"Virtual Machines",2.0263,589.37204956,2.9366
303.71165,"ocid1.tenancy.oc1..aaaa1234","Meridian OCI","Tenancy","USD","2024-10-01T00:00:00Z","2024-09-01T00:00:00Z",NULL,NULL,"Usage",NULL,"Oracle Autonomous Database Database in US East (Ashburn)","2024-09-16T15:00:00Z","2024-09-16T14:00:00Z",NULL,NULL,NULL,NULL,NULL,NULL,NULL,364.2500000000,"Hours",303.71165,0.8338,303.71165,"Oracle",389.38325,1.0690,"Standard","USD",364.25,"Hours","Oracle","Oracle","us-ashburn-1","US East (Ashburn)","ocid1.instance.oc1.us-ashburn-1.0048cf1f032b",NULL,"Database","Databases","Oracle Autonomous Database","ATVGXQ6ARCR4ZCQR","Oracle Autonomous Database Hours",NULL,"DB435L48GCXBJLIF.0HD2DUG8","ocid1.compartment.oc1..prod","production","Tenancy","{""owner"": ""a.lovelace""}","uk-london-1-AD-2","Usage-Based",NULL,"Relational Databases",0.8338,303.71165,1.0690
667.34944038,"8a93b2c1-1234-4abc-9def-0123456789ab","Contoso Cloud","BillingProfile","USD","2024-10-01T00:00:00Z","2024-09-01T00:00:00Z",NULL,NULL,"Usage",NULL,"Azure Load Balancer Load Balancer in East US","2024-09-29T17:00:00Z","2024-09-29T16:00:00Z",NULL,NULL,NULL,NULL,NULL,NULL,NULL,452.8600000000,"Hours",823.888198,1.8193,667.34944038,"Microsoft",1328.827098,2.9343,"Standard","USD",452.86,"Hours","Microsoft","Microsoft","eastus","East US","/subscriptions/8a93b2c1-1234-4abc-9def-0123456789ab/resourceGroups/rg-919/providers/Microsoft.Compute/virtualMachines/vm-313",NULL,"Load Balancer","Networking","Azure Load Balancer","RM60LATR9WHV3F3F","Azure Load Balancer Hours",NULL,"HFLFLUBKANX3FPTM.ITDYSLRI","sub-2b7c","Staging","BillingProfile","{""owner"": ""g.hopper"", ""application"": ""BrightSourceCore"", ""cost_center"": ""CC-3090""}","eastus-1","Usage-Based",NULL,"Application Networking",1.8193,667.34944038,2.9343
202.49194832,"01ABCD-2345EF-6789GH","Helios Labs","BillingAccount","USD","2024-10-01T00:00:00Z","2024-09-01T00:00:00Z",NULL,NULL,"Usage",NULL,"BigQuery Dataset in Belgium","2024-09-12T16:00:00Z","2024-09-12T15:00:00Z",NULL,NULL,NULL,NULL,NULL,NULL,NULL,129.6800000000,"GiB",273.63776800000005,2.1101,202.49194832,"Google",285.03664000000003,2.1980,"Standard","USD",129.68,"GiB","Google","Google","europe-west1","Belgium","//compute.googleapis.com/projects/Helios Labs/zones/europe-west1-a/instances/inst-5063",NULL,"Dataset","Analytics","BigQuery","SNV69RF6NQN3QCH7","BigQuery GiB",NULL,"L4I3UXYCUGWAK04V.VGLWTK38","proj-helios-prod","helios-prod","BillingAccount","{""team"": ""infra"", ""environment"": ""dev"", ""application"": ""BrightSourceCore""}",NULL,"Usage-Based",NULL,"Data Warehouses",2.1101,202.49194832,2.1980
172.01183328,"123456789012","SunBird","BillingAccount","USD","2024-10-01T00:00:00Z","2024-09-01T00:00:00Z",NULL,NULL,"Tax",NULL,"Tax charge in Asia Pacific (Sydney)","2024-09-25T14:00:00Z","2024-09-25T13:00:00Z",NULL,NULL,NULL,NULL,NULL,NULL,NULL,NULL,NULL,42.5894230000,NULL,172.01183328,"AWS",26.9360980000,NULL,NULL,"USD",NULL,NULL,"AWS","AWS",NULL,NULL,NULL,NULL,NULL,"Other","Tax",NULL,NULL,NULL,NULL,"663626350770","Zenith Apollo","BillingAccount","{""business_unit"": ""MarseilleSRE"", ""application"": ""BrightLensMatrix""}",NULL,"One-Time",NULL,"Other (Security)",NULL,172.01183328,NULL
2072.23948998,"ocid1.tenancy.oc1..aaaa1234","Meridian OCI","Tenancy","USD","2024-10-01T00:00:00Z","2024-09-01T00:00:00Z",NULL,NULL,"Usage",NULL,"Oracle Load Balancer Load Balancer in US East (Ashburn)","2024-09-22T21:00:00Z","2024-09-22T20:00:00Z","Spend","cd-888371","commit-8371",NULL,"Unused","Reserved Instance",NULL,NULL,NULL,2093.171202,4.3371,2072.23948998,"Oracle",2275.167204,4.7142,"Committed","USD",482.62,"Hours","Oracle","Oracle","us-ashburn-1","US East (Ashburn)","ocid1.instance.oc1.us-ashburn-1.00e46cadb0de",NULL,"Load Balancer","Networking","Oracle Load Balancer","W3ZK3AJMLTTFLPN1","Oracle Load Balancer Hours",NULL,"FPJ9XA4KWG49ZN4Y.3PGYIUIZ","ocid1.compartment.oc1..prod","production","Tenancy","{""application"": ""AtlasPortal""}",NULL,"Usage-Based",NULL,"Application Networking",4.3371,2072.23948998,4.7142
829.80074184,"01ABCD-2345EF-6789GH","Helios Labs","BillingAccount","USD","2024-10-01T00:00:00Z","2024-09-01T00:00:00Z",NULL,NULL,"Usage",NULL,"Cloud Load Balancing Forwarding Rule in Northern Virginia","2024-09-23T19:00:00Z","2024-09-23T18:00:00Z",NULL,NULL,NULL,NULL,NULL,NULL,NULL,370.2200000000,"Hours",987.858026,2.6683,829.80074184,"Google",1085.559084,2.9322,"Other","USD",370.22,"Hours","Google","Google","us-east4","Northern Virginia","//compute.googleapis.com/projects/Helios Labs/zones/us-east4-a/instances/inst-8039",NULL,"Forwarding Rule","Networking","Cloud Load Balancing","I5MCNT1FVYL1JSTY","Cloud Load Balancing Hours",NULL,"4CQ0LKZ7G3FWGZAK.UI6Y3A5Z","proj-helios-dev","helios-dev","BillingAccount","{""cost_center"": ""CC-3090"", ""application"": ""NimbusAPI""}",NULL,"Usage-Based",NULL,"Application Networking",2.6683,829.80074184,2.9322
663.47462016,"123456789012","SunBird","BillingAccount","USD","2024-10-01T00:00:00Z","2024-09-01T00:00:00Z",NULL,NULL,"Usage",NULL,"Amazon Relational Database Service Database Instance in Asia Pacific (Sydney)","2024-09-28T02:00:00Z","2024-09-28T01:00:00Z",NULL,NULL,NULL,NULL,NULL,NULL,NULL,251.0400000000,"Hours",705.8240639999999,2.8116,663.47462016,"AWS",980.3111999999999,3.9050,"Dynamic","USD",251.04,"Hours","AWS","AWS","ap-southeast-2","Asia Pacific (Sydney)","arn:aws:ec2:ap-southeast-2:123456789012:instance/i-00d9d09528c6",NULL,"Database Instance","Databases","Amazon Relational Database Service","YFJAVQM631D3SCH5","Amazon Relational Database Service Hours",NULL,"3XDXQ1VSB8RLSW0B.2UTCHWC8","438839167390","Zenith Eclipse","BillingAccount",NULL,"ap-southeast-2a","Usage-Based",NULL,"Relational Databases",2.8116,663.47462016,3.9050
738.75551178,"8a93b2c1-1234-4abc-9def-0123456789ab","Contoso Cloud","BillingProfile","USD","2024-10-01T00:00:00Z","2024-09-01T00:00:00Z",NULL,NULL,"Usage",NULL,"Azure Blob Storage Storage Account in East US","2024-09-05T01:00:00Z","2024-09-05T00:00:00Z",NULL,NULL,NULL,NULL,NULL,NULL,NULL,246.7300000000,"GB",947.122451,3.8387,738.75551178,"Microsoft",1101.3040279999998,4.4636,"Other","USD",246.73,"GB","Microsoft","Microsoft","eastus","East US","/subscriptions/8a93b2c1-1234-4abc-9def-0123456789ab/resourceGroups/rg-389/providers/Microsoft.Compute/virtualMachines/vm-7262",NULL,"Storage Account","Storage","Azure Blob Storage","GY6FVT1ZBLQF1HMQ","Azure Blob Storage GB",NULL,"T68PDX4N1RLR6CZL.SRA0NB0I","sub-4d3e","Sandbox","BillingProfile","{""cost_center"": ""CC-1001"", ""owner"": ""a.lovelace"", ""team"": ""growth""}","eastus-1","Usage-Based",NULL,"Object Storage",3.8387,738.75551178,4.4636
201.5387388,"01ABCD-2345EF-6789GH","Helios Labs","BillingAccount","USD","2024-10-01T00:00:00Z","2024-09-01T00:00:00Z",NULL,NULL,"Usage","Correction","BigQuery Dataset in Singapore","2024-09-10T11:00:00Z","2024-09-10T10:00:00Z",NULL,NULL,NULL,NULL,NULL,NULL,NULL,110.5400000000,"GiB",239.92707000000001,2.1705,201.5387388,"Google",337.92078000000004,3.0570,"Standard","USD",110.54,"GiB","Google","Google","asia-southeast1","Singapore","//compute.googleapis.com/projects/Helios Labs/zones/asia-southeast1-a/instances/inst-2386",NULL,"Dataset","Analytics","BigQuery","35N8KYQZCF59WFN7","BigQuery GiB",NULL,"XTSU23BJKW10BS95.PY8IYHGZ","proj-helios-prod","helios-prod","BillingAccount","{""business_unit"": ""LisbonOps"", ""cost_center"": ""CC-3090"", ""team"": ""platform""}","europe-west1-b","Usage-Based",NULL,"Data Warehouses",2.1705,201.5387388,3.0570
798.81029865,"8a93b2c1-1234-4abc-9def-0123456789ab","Contoso Cloud","BillingProfile","USD","2024-10-01T00:00:00Z","2024-09-01T00:00:00Z",NULL,NULL,"Adjustment",NULL,"Virtual Machines Virtual Machine in Southeast Asia","2024-09-07T19:00:00Z","2024-09-07T18:00:00Z",NULL,NULL,NULL,NULL,NULL,NULL,NULL,NULL,NULL,1157.696085,2.3653,798.81029865,"Microsoft",1346.18328,2.7504,"Other","USD",489.45,"Hours","Microsoft","Microsoft","southeastasia","Southeast Asia",NULL,NULL,NULL,"Compute","Virtual Machines","OZ53S2KLZSA8V3LG","Virtual Machines Hours",NULL,"Y000MBOI6F0BUPK4.FXBY96MK","sub-9a1f","Production","BillingProfile","{""owner"": ""k.johnson"", ""application"": ""NimbusAPI""}",NULL,"One-Time",NULL,"Virtual Machines",2.3653,798.81029865,2.7504
17.6723019,"01ABCD-2345EF-6789GH","Helios Labs","BillingAccount","USD","2024-10-01T00:00:00Z","2024-09-01T00:00:00Z",NULL,NULL,"Tax",NULL,"Tax charge in Belgium","2024-09-21T04:00:00Z","2024-09-21T03:00:00Z",NULL,NULL,NULL,NULL,NULL,NULL,NULL,NULL,NULL,83.7875450000,NULL,17.6723019,"Google",87.2085460000,NULL,NULL,"USD",NULL,NULL,"Google","Google",NULL,NULL,NULL,NULL,NULL,"Other","Tax",NULL,NULL,NULL,NULL,"proj-helios-prod","helios-prod","BillingAccount","{""cost_center"": ""CC-1001"", ""team"": ""infra"", ""environment"": ""prod""}",NULL,"One-Time",NULL,"Other (Security)",NULL,17.6723019,NULL
827.52912032,"8a93b2c1-1234-4abc-9def-0123456789ab","Contoso Cloud","BillingProfile","USD","2024-10-01T00:00:00Z","2024-09-01T00:00:00Z",NULL,NULL,"Usage",NULL,"Azure Blob Storage Storage Account in UK South","2024-09-04T00:00:00Z","2024-09-03T23:00:00Z","Usage","cd-537350","commit-7350",NULL,"Used","Committed Use Discount",NULL,338.4400000000,"GB",880.3501279999999,2.6012,827.52912032,"Microsoft",1467.238932,4.3353,"Other","USD",338.44,"GB","Microsoft","Microsoft","uksouth","UK South","/subscriptions/8a93b2c1-1234-4abc-9def-0123456789ab/resourceGroups/rg-869/providers/Microsoft.Compute/virtualMachines/vm-128",NULL,"Storage Account","Storage","Azure Blob Storage","CXZ621HGJQHKX0VJ","Azure Blob Storage GB",NULL,"P4NQGVE35PQVS2V2.QRCIJ7SB","sub-4d3e","Sandbox","BillingProfile","{""owner"": ""a.turing"", ""cost_center"": ""CC-2042"", ""application"": ""BrightLensMatrix""}","westeurope-2","Usage-Based",NULL,"Object Storage",2.6012,827.52912032,4.3353
261.75562116,"01ABCD-2345EF-6789GH","Helios Labs","BillingAccount","USD","2024-10-01T00:00:00Z","2024-09-01T00:00:00Z",NULL,NULL,"Tax",NULL,"Tax charge in Singapore","2024-09-14T03:00:00Z","2024-09-14T02:00:00Z",NULL,NULL,NULL,NULL,NULL,NULL,NULL,NULL,NULL,25.7305760000,NULL,261.75562116,"Google",22.7918030000,NULL,NULL,"USD",NULL,NULL,"Google","Google",NULL,NULL,NULL,NULL,NULL,"Other","Tax",NULL,NULL,NULL,NULL,"proj-helios-dev","helios-dev","BillingAccount","{""environment"": ""staging""}",NULL,"One-Time",NULL,"Other (Security)",NULL,261.75562116,NULL
690.5633478,"8a93b2c1-1234-4abc-9def-0123456789ab","Contoso Cloud","BillingProfile","USD","2024-10-01T00:00:00Z","2024-09-01T00:00:00Z",NULL,NULL,"Usage",NULL,"Azure Functions Function App in Southeast Asia","2024-09-25T23:00:00Z","2024-09-25T22:00:00Z",NULL,NULL,NULL,NULL,NULL,NULL,NULL,254.3000000000,"Executions",874.13082,3.4374,690.5633478,"Microsoft",1106.51016,4.3512,"Other","USD",254.30,"Executions","Microsoft","Microsoft","southeastasia","Southeast Asia","/subscriptions/8a93b2c1-1234-4abc-9def-0123456789ab/resourceGroups/rg-977/providers/Microsoft.Compute/virtualMachines/vm-2330",NULL,"Function App","Compute","Azure Functions","4L4YAEVOTNOJRHMW","Azure Functions Executions",NULL,"53A7OMXCZGV6ER98.8FD27PPQ","sub-9a1f","Production","BillingProfile","{""environment"": ""staging"", ""cost_center"": ""CC-2042"", ""business_unit"": ""LisbonOps""}",NULL,"Usage-Based",NULL,"Serverless Compute",3.4374,690.5633478,4.3512
18.32434002,"8a93b2c1-1234-4abc-9def-0123456789ab","Contoso Cloud","BillingProfile","USD","2024-10-01T00:00:00Z","2024-09-01T00:00:00Z",NULL,NULL,"Usage",NULL,"Azure Blob Storage Storage Account in UK South","2024-09-02T18:00:00Z","2024-09-02T17:00:00Z",NULL,NULL,NULL,NULL,NULL,NULL,NULL,45.6900000000,"GB",29.086254,0.6366,18.32434002,"Microsoft",43.414638,0.9502,"Standard","USD",45.69,"GB","Microsoft","Microsoft","uksouth","UK South","/subscriptions/8a93b2c1-1234-4abc-9def-0123456789ab/resourceGroups/rg-823/providers/Microsoft.Compute/virtualMachines/vm-4517",NULL,"Storage Account","Storage","Azure Blob Storage","G8DUEM4H2F4MG8N5","Azure Blob Storage GB",NULL,"TA1H2M3AQ0R5LV64.6STQ8PVR","sub-9a1f","Production","BillingProfile","{""environment"": ""dev""}","uksouth-1","Usage-Based",NULL,"Object Storage",0.6366,18.32434002,0.9502
143.32603824,"01ABCD-2345EF-6789GH","Helios Labs","BillingAccount","USD","2024-10-01T00:00:00Z","2024-09-01T00:00:00Z",NULL,NULL,"Usage","Correction","Cloud Load Balancing Forwarding Rule in Northern Virginia","2024-09-08T19:00:00Z","2024-09-08T18:00:00Z","Spend","cd-419439","commit-9439",NULL,"Unused","Savings Plan",NULL,NULL,NULL,186.137712,0.7912,143.32603824,"Google",191.901582,0.8157,"Committed","USD",235.26,"Hours","Google","Google","us-east4","Northern Virginia","//compute.googleapis.com/projects/Helios Labs/zones/us-east4-a/instances/inst-5901",NULL,"Forwarding Rule","Networking","Cloud Load Balancing","74GTNJUKMZKKKU74","Cloud Load Balancing Hours",NULL,"0ROQ4TXJTVWU2T1Z.0AZD0WI3","proj-helios-prod","helios-prod","BillingAccount","{""environment"": ""dev"", ""owner"": ""g.hopper"", ""application"": ""AtlasPortal""}",NULL,"Usage-Based",NULL,"Application Networking",0.7912,143.32603824,0.8157
17.6548173,"123456789012","SunBird","BillingAccount","USD","2024-10-01T00:00:00Z","2024-09-01T00:00:00Z",NULL,NULL,"Tax",NULL,"Tax charge in US West (Oregon)","2024-09-29T06:00:00Z","2024-09-29T05:00:00Z",NULL,NULL,NULL,NULL,NULL,NULL,NULL,NULL,NULL,85.6403440000,NULL,17.6548173,"AWS",10.6834580000,NULL,NULL,"USD",NULL,NULL,"AWS","AWS",NULL,NULL,NULL,NULL,NULL,"Other","Tax",NULL,NULL,NULL,NULL,"517389287820","Atlas Nimbus","BillingAccount","{""cost_center"": ""CC-3090""}",NULL,"One-Time",NULL,"Other (Security)",NULL,17.6548173,NULL
415.65717952,"8a93b2c1-1234-4abc-9def-0123456789ab","Contoso Cloud","BillingProfile","USD","2024-10-01T00:00:00Z","2024-09-01T00:00:00Z",NULL,NULL,"Credit",NULL,"Azure Blob Storage Storage Account in Southeast Asia","2024-09-21T12:00:00Z","2024-09-21T11:00:00Z",NULL,NULL,NULL,NULL,NULL,NULL,NULL,NULL,NULL,472.33770400000003,1.2092,415.65717952,"Microsoft",761.865248,1.9504,"Standard","USD",390.62,"GB","Microsoft","Microsoft","southeastasia","Southeast Asia",NULL,NULL,NULL,"Storage","Azure Blob Storage","8X2SH4IEU0JJTM9F","Azure Blob Storage GB",NULL,"2PU8Q97SBIEUX2NL.U3O3XVMQ","sub-4d3e","Sandbox","BillingProfile","{""team"": ""platform"", ""application"": ""AtlasPortal"", ""cost_center"": ""CC-2042""}",NULL,"One-Time",NULL,"Object Storage",1.2092,415.65717952,1.9504
1626.20856,"123456789012","SunBird","BillingAccount","USD","2024-10-01T00:00:00Z","2024-09-01T00:00:00Z",NULL,NULL,"Usage",NULL,"Amazon Simple Storage Service Bucket in US East (N. Virginia)","2024-09-18T13:00:00Z","2024-09-18T12:00:00Z",NULL,NULL,NULL,NULL,NULL,NULL,NULL,399.0500000000,"GB",1626.20856,4.0752,1626.20856,"AWS",1659.4095200000002,4.1584,"Dynamic","USD",399.05,"GB","AWS","AWS","us-east-1","US East (N. Virginia)","arn:aws:ec2:us-east-1:123456789012:instance/i-005fc66b3d31",NULL,"Bucket","Storage","Amazon Simple Storage Service","VEEF9H8K6F3ME1R3","Amazon Simple Storage Service GB",NULL,"2JVELV371BZSAYBA.OU1JQOU8","663626350770","Zenith Apollo","BillingAccount","{""cost_center"": ""CC-2042""}",NULL,"Usage-Based",NULL,"Object Storage",4.0752,1626.20856,4.1584
77.83323408,"8a93b2c1-1234-4abc-9def-0123456789ab","Contoso Cloud","BillingProfile","USD","2024-10-01T00:00:00Z","2024-09-01T00:00:00Z",NULL,NULL,"Usage",NULL,"Azure Functions Function App in Southeast Asia","2024-09-25T15:00:00Z","2024-09-25T14:00:00Z",NULL,NULL,NULL,NULL,NULL,NULL,NULL,103.0800000000,"Executions",92.658612,0.8989,77.83323408,"Microsoft",93.59664000000001,0.9080,"Standard","USD",103.08,"Executions","Microsoft","Microsoft","southeastasia","Southeast Asia","/subscriptions/8a93b2c1-1234-4abc-9def-0123456789ab/resourceGroups/rg-357/providers/Microsoft.Compute/virtualMachines/vm-1637",NULL,"Function App","Compute","Azure Functions","NWBI2HYB2NYD22ZM","Azure Functions Executions",NULL,"NYHFL67HKNH5WU0M.NF6X4Q6H","sub-4d3e","Sandbox","BillingProfile","{""business_unit"": ""OsloData"", ""application"": ""BrightSourceCore"", ""owner"": ""g.hopper""}","eastus-1","Usage-Based",NULL,"Serverless Compute",0.8989,77.83323408,0.9080
431.46390888,"123456789012","SunBird","BillingAccount","USD","2024-10-01T00:00:00Z","2024-09-01T00:00:00Z",NULL,NULL,"Usage",NULL,"Amazon Elastic Compute Cloud Virtual Machine in Asia Pacific (Sydney)","2024-09-18T02:00:00Z","2024-09-18T01:00:00Z",NULL,NULL,NULL,NULL,NULL,NULL,NULL,418.2700000000,"Hours",599.255429,1.4327,431.46390888,"AWS",907.9805159999999,2.1708,"Standard","USD",418.27,"Hours","AWS","AWS","ap-southeast-2","Asia Pacific (Sydney)","arn:aws:ec2:ap-southeast-2:123456789012:instance/i-001bc1220d13",NULL,"Virtual Machine","Compute","Amazon Elastic Compute Cloud","RUCJPLAI7JI4CDNS","Amazon Elastic Compute Cloud Hours",NULL,"X0K0LL7JLXHKB5NT.ZXQUBBVB","438839167390","Zenith Eclipse","BillingAccount",NULL,NULL,"Usage-Based",NULL,"Virtual Machines",1.4327,431.46390888,2.1708
217.82243952,"123456789012","SunBird","BillingAccount","USD","2024-10-01T00:00:00Z","2024-09-01T00:00:00Z",NULL,NULL,"Usage",NULL,"AWS Lambda Function in US West (Oregon)","2024-09-03T00:00:00Z","2024-09-02T23:00:00Z","Spend","cd-333517","commit-3517",NULL,"Used","Savings Plan",NULL,361.2600000000,"Requests",294.354648,0.8148,217.82243952,"AWS",306.637488,0.8488,"Committed","USD",361.26,"Requests","AWS","AWS","us-west-2","US West (Oregon)","arn:aws:ec2:us-west-2:123456789012:instance/i-0087d1dddc2b",NULL,"Function","Compute","AWS Lambda","IAT44QIU8XG45MIO","AWS Lambda Requests",NULL,"6IJOFGZSGPOQLTV3.77RIU1XJ","438839167390","Zenith Eclipse","BillingAccount",NULL,"ap-southeast-2a","Usage-Based",NULL,"Serverless Compute",0.8148,217.82243952,0.8488
5.47799274,"123456789012","SunBird","BillingAccount","USD","2024-10-01T00:00:00Z","2024-09-01T00:00:00Z",NULL,NULL,"Usage",NULL,"AWS Lambda Function in Asia Pacific (Sydney)","2024-09-03T02:00:00Z","2024-09-03T01:00:00Z",NULL,NULL,NULL,NULL,NULL,NULL,NULL,71.4900000000,"Requests",8.299988999999998,0.1161,5.47799274,"AWS",12.203342999999998,0.1707,"Standard","USD",71.49,"Requests","AWS","AWS","ap-southeast-2","Asia Pacific (Sydney)","arn:aws:ec2:ap-southeast-2:123456789012:instance/i-00b6bc7b66c7",NULL,"Function","Compute","AWS Lambda","Q82HR6VVLQV593GV","AWS Lambda Requests",NULL,"7QEX1B8IGO3HH9SI.WT219F6L","663626350770","Zenith Apollo","BillingAccount","{""business_unit"": ""LisbonOps"", ""environment"": ""qa""}",NULL,"Usage-Based",NULL,"Serverless Compute",0.1161,5.47799274,0.1707
121.90939263,"8a93b2c1-1234-4abc-9def-0123456789ab","Contoso Cloud","BillingProfile","USD","2024-10-01T00:00:00Z","2024-09-01T00:00:00Z",NULL,NULL,"Credit",NULL,"Azure Blob Storage Storage Account in West Europe","2024-09-09T12:00:00Z","2024-09-09T11:00:00Z","Usage","cd-939133","commit-9133",NULL,"Used","Committed Use Discount",NULL,NULL,NULL,150.505423,0.5009,121.90939263,"Microsoft",228.02668300000002,0.7589,"Committed","USD",300.47,"GB","Microsoft","Microsoft","westeurope","West Europe",NULL,NULL,NULL,"Storage","Azure Blob Storage","J81MRDZSY7043UIT","Azure Blob Storage GB",NULL,"AEQ9TNED0IJ4KPZK.0ZMPWEOR","sub-9a1f","Production","BillingProfile","{""environment"": ""prod"", ""business_unit"": ""MarseilleSRE"", ""owner"": ""g.hopper""}",NULL,"One-Time",NULL,"Object Storage",0.5009,121.90939263,0.7589
14.01901056,"ocid1.tenancy.oc1..aaaa1234","Meridian OCI","Tenancy","USD","2024-10-01T00:00:00Z","2024-09-01T00:00:00Z",NULL,NULL,"Usage",NULL,"Oracle Compute Instance in Australia East (Sydney)","2024-09-09T19:00:00Z","2024-09-09T18:00:00Z","Usage","cd-759077","commit-9077",NULL,"Unused","Reserved Instance",NULL,NULL,NULL,19.470848000000004,0.0512,14.01901056,"Oracle",20.497631000000002,0.0539,"Standard","USD",380.29,"Hours","Oracle","Oracle","ap-sydney-1","Australia East (Sydney)","ocid1.instance.oc1.ap-sydney-1.00296fce41a0",NULL,"Instance","Compute","Oracle Compute","VRCYQH31K5SO7GFX","Oracle Compute Hours",NULL,"P510DGRRQ6V0QWFA.G5P5O1RG","ocid1.compartment.oc1..prod","production","Tenancy","{""cost_center"": ""CC-3090""}",NULL,"Usage-Based",NULL,"Virtual Machines",0.0512,14.01901056,0.0539
1186.97712952,"ocid1.tenancy.oc1..aaaa1234","Meridian OCI","Tenancy","USD","2024-10-01T00:00:00Z","2024-09-01T00:00:00Z",NULL,NULL,"Usage",NULL,"Oracle Load Balancer Load Balancer in Australia East (Sydney)","2024-09-02T20:00:00Z","2024-09-02T19:00:00Z",NULL,NULL,NULL,NULL,NULL,NULL,NULL,477.0400000000,"Hours",1304.370472,2.7343,1186.97712952,"Oracle",1373.016528,2.8782,"Other","USD",477.04,"Hours","Oracle","Oracle","ap-sydney-1","Australia East (Sydney)","ocid1.instance.oc1.ap-sydney-1.0020ce4adbee",NULL,"Load Balancer","Networking","Oracle Load Balancer","Z1BNLBVGS0B3QWWW","Oracle Load Balancer Hours",NULL,"PR2DU3QKN99UZWL5.FVW8OUTG","ocid1.compartment.oc1..dev","development","Tenancy","{""team"": ""growth"", ""owner"": ""a.turing"", ""application"": ""NimbusAPI""}",NULL,"Usage-Based",NULL,"Application Networking",2.7343,1186.97712952,2.8782
370.3756516,"ocid1.tenancy.oc1..aaaa1234","Meridian OCI","Tenancy","USD","2024-10-01T00:00:00Z","2024-09-01T00:00:00Z",NULL,NULL,"Usage",NULL,"Oracle Autonomous Database Database in Australia East (Sydney)","2024-09-28T07:00:00Z","2024-09-28T06:00:00Z",NULL,NULL,NULL,NULL,NULL,NULL,NULL,132.3500000000,"Hours",402.58223,3.0418,370.3756516,"Oracle",468.12194999999997,3.5370,"Standard","USD",132.35,"Hours","Oracle","Oracle","ap-sydney-1","Australia East (Sydney)","ocid1.instance.oc1.ap-sydney-1.0099312002ba",NULL,"Database","Databases","Oracle Autonomous Database","9S98LZEMFFZQJV8W","Oracle Autonomous Database Hours",NULL,"ZIYGSFUO2CP9JRB5.OOPO2NJA","ocid1.compartment.oc1..dev","development","Tenancy","{""business_unit"": ""ViennaAI""}","uk-london-1-AD-2","Usage-Based",NULL,"Relational Databases",3.0418,370.3756516,3.5370
53.698218,"8a93b2c1-1234-4abc-9def-0123456789ab","Contoso Cloud","BillingProfile","USD","2024-10-01T00:00:00Z","2024-09-01T00:00:00Z",NULL,NULL,"Usage",NULL,"Virtual Machines Virtual Machine in UK South","2024-09-18T17:00:00Z","2024-09-18T16:00:00Z","Usage","cd-703410","commit-3410",NULL,"Unused","Committed Use Discount",NULL,NULL,NULL,70.65554999999999,0.7350,53.698218,"Microsoft",89.439352,0.9304,"Committed","USD",96.13,"Hours","Microsoft","Microsoft","uksouth","UK South","/subscriptions/8a93b2c1-1234-4abc-9def-0123456789ab/resourceGroups/rg-858/providers/Microsoft.Compute/virtualMachines/vm-3684",NULL,"Virtual Machine","Compute","Virtual Machines","U8WEIUP8IG648UGO","Virtual Machines Hours",NULL,"W9O3RD3251EKB929.DW4JEWER","sub-2b7c","Staging","BillingProfile","{""business_unit"": ""OsloData"", ""team"": ""growth""}",NULL,"Usage-Based",NULL,"Virtual Machines",0.7350,53.698218,0.9304
356.7913808,"01ABCD-2345EF-6789GH","Helios Labs","BillingAccount","USD","2024-10-01T00:00:00Z","2024-09-01T00:00:00Z",NULL,NULL,"Tax",NULL,"Tax charge in Iowa","2024-09-19T10:00:00Z","2024-09-19T09:00:00Z",NULL,NULL,NULL,NULL,NULL,NULL,NULL,NULL,NULL,98.0178550000,NULL,356.7913808,"Google",58.6872460000,NULL,NULL,"USD",NULL,NULL,"Google","Google",NULL,NULL,NULL,NULL,NULL,"Other","Tax",NULL,NULL,NULL,NULL,"proj-helios-dev","helios-dev","BillingAccount","{""environment"": ""qa"", ""cost_center"": ""CC-1001""}",NULL,"One-Time",NULL,"Other (Security)",NULL,356.7913808,NULL
513.74649339,"123456789012","SunBird","BillingAccount","USD","2024-10-01T00:00:00Z","2024-09-01T00:00:00Z",NULL,NULL,"Usage",NULL,"Elastic Load Balancing Load Balancer in US East (N. Virginia)","2024-09-16T07:00:00Z","2024-09-16T06:00:00Z",NULL,NULL,NULL,NULL,NULL,NULL,NULL,306.9300000000,"LCU-Hours",577.243251,1.8807,513.74649339,"AWS",813.026877,2.6489,"Standard","USD",306.93,"LCU-Hours","AWS","AWS","us-east-1","US East (N. Virginia)","arn:aws:ec2:us-east-1:123456789012:instance/i-00d1c72d9751",NULL,"Load Balancer","Networking","Elastic Load Balancing","HVFGZY0Y4IVLGTWL","Elastic Load Balancing LCU-Hours",NULL,"1Q5FLQZMOWFV2G7Q.BD9DXGKA","663626350770","Zenith Apollo","BillingAccount","{""environment"": ""prod""}",NULL,"Usage-Based",NULL,"Application Networking",1.8807,513.74649339,2.6489
510.2870688,"123456789012","SunBird","BillingAccount","USD","2024-10-01T00:00:00Z","2024-09-01T00:00:00Z",NULL,NULL,"Usage",NULL,"Amazon Elastic Compute Cloud Virtual Machine in Europe (Ireland)","2024-09-14T02:00:00Z","2024-09-14T01:00:00Z","Usage","cd-751031","commit-1031",NULL,"Used","Reserved Instance",NULL,281.6900000000,"Hours",750.4221600000001,2.6640,510.2870688,"AWS",1210.365592,4.2968,"Committed","USD",281.69,"Hours","AWS","AWS","eu-west-1","Europe (Ireland)","arn:aws:ec2:eu-west-1:123456789012:instance/i-0044db679683",NULL,"Virtual Machine","Compute","Amazon Elastic Compute Cloud","2L6J2BC8HTSGWL7K","Amazon Elastic Compute Cloud Hours",NULL,"G5MJV39Y2H9EVPXJ.P5MZCWD4","438839167390","Zenith Eclipse","BillingAccount","{""owner"": ""g.hopper""}",NULL,"Usage-Based",NULL,"Virtual Machines",2.6640,510.2870688,4.2968
526.7806731,"123456789012","SunBird","BillingAccount","USD","2024-10-01T00:00:00Z","2024-09-01T00:00:00Z",NULL,NULL,"Usage",NULL,"Elastic Load Balancing Load Balancer in US East (N. Virginia)","2024-09-28T23:00:00Z","2024-09-28T22:00:00Z","Usage","cd-310692","commit-0692",NULL,"Used","Savings Plan",NULL,287.5500000000,"LCU-Hours",642.4154550000001,2.2341,526.7806731,"AWS",764.796735,2.6597,"Committed","USD",287.55,"LCU-Hours","AWS","AWS","us-east-1","US East (N. Virginia)","arn:aws:ec2:us-east-1:123456789012:instance/i-00945d8e583e",NULL,"Load Balancer","Networking","Elastic Load Balancing","B5GU94YT5SD7CMFT","Elastic Load Balancing LCU-Hours",NULL,"8LUD8BDTYMW8D167.L6XCNG3L","663626350770","Zenith Apollo","BillingAccount","{""business_unit"": ""LisbonOps""}","ap-southeast-2a","Usage-Based",NULL,"Application Networking",2.2341,526.7806731,2.6597
17.9573576,"01ABCD-2345EF-6789GH","Helios Labs","BillingAccount","USD","2024-10-01T00:00:00Z","2024-09-01T00:00:00Z",NULL,NULL,"Usage",NULL,"Compute Engine VM Instance in Belgium","2024-09-09T20:00:00Z","2024-09-09T19:00:00Z",NULL,NULL,NULL,NULL,NULL,NULL,NULL,22.6300000000,"Hours",27.626704,1.2208,17.9573576,"Google",43.166725,1.9075,"Standard","USD",22.63,"Hours","Google","Google","europe-west1","Belgium","//compute.googleapis.com/projects/Helios Labs/zones/europe-west1-a/instances/inst-7533",NULL,"VM Instance","Compute","Compute Engine","Q1TNR0A00YRM5QAZ","Compute Engine Hours",NULL,"C2IOEHHK5EL8UKQZ.S8SSQGHZ","proj-helios-dev","helios-dev","BillingAccount","{""business_unit"": ""MarseilleSRE"", ""environment"": ""staging"", ""team"": ""infra""}","us-central1-a","Usage-Based",NULL,"Virtual Machines",1.2208,17.9573576,1.9075
99.3497232,"123456789012","SunBird","BillingAccount","USD","2024-10-01T00:00:00Z","2024-09-01T00:00:00Z",NULL,NULL,"Usage",NULL,"Elastic Load Balancing Load Balancer in Asia Pacific (Sydney)","2024-09-06T11:00:00Z","2024-09-06T10:00:00Z","Spend","cd-827309","commit-7309",NULL,"Unused","Reserved Instance",NULL,NULL,NULL,130.72332,0.5460,99.3497232,"AWS",133.380882,0.5571,"Dynamic","USD",239.42,"LCU-Hours","AWS","AWS","ap-southeast-2","Asia Pacific (Sydney)","arn:aws:ec2:ap-southeast-2:123456789012:instance/i-00dbc964199c",NULL,"Load Balancer","Networking","Elastic Load Balancing","MNUCAJVQLW3MDZYJ","Elastic Load Balancing LCU-Hours",NULL,"S6EOLMV2B2EP7S9K.J9UDHE07","517389287820","Atlas Nimbus","BillingAccount","{""owner"": ""a.turing"", ""environment"": ""prod""}",NULL,"Usage-Based",NULL,"Application Networking",0.5460,99.3497232,0.5571
6.27932032,"123456789012","SunBird","BillingAccount","USD","2024-10-01T00:00:00Z","2024-09-01T00:00:00Z",NULL,NULL,"Usage",NULL,"Elastic Load Balancing Load Balancer in US West (Oregon)","2024-09-14T18:00:00Z","2024-09-14T17:00:00Z",NULL,NULL,NULL,NULL,NULL,NULL,NULL,342.1600000000,"LCU-Hours",10.127936000000002,0.0296,6.27932032,"AWS",10.127936000000002,0.0296,"Standard","USD",342.16,"LCU-Hours","AWS","AWS","us-west-2","US West (Oregon)","arn:aws:ec2:us-west-2:123456789012:instance/i-001c5b639724",NULL,"Load Balancer","Networking","Elastic Load Balancing","4YSY2P5QW34J38XO","Elastic Load Balancing LCU-Hours",NULL,"JSLYQKXB1TJC308O.ZIWNZ003","663626350770","Zenith Apollo","BillingAccount","{""owner"": ""a.lovelace""}",NULL,"Usage-Based",NULL,"Application Networking",0.0296,6.27932032,0.0296
230.4352856,"ocid1.tenancy.oc1..aaaa1234","Meridian OCI","Tenancy","USD","2024-10-01T00:00:00Z","2024-09-01T00:00:00Z",NULL,NULL,"Usage",NULL,"Oracle Functions Function in UK South (London)","2024-09-15T10:00:00Z","2024-09-15T09:00:00Z",NULL,NULL,NULL,NULL,NULL,NULL,NULL,361.6600000000,"Invocations",338.87542,0.9370,230.4352856,"Oracle",372.40130200000004,1.0297,"Standard","USD",361.66,"Invocations","Oracle","Oracle","uk-london-1","UK South (London)","ocid1.instance.oc1.uk-london-1.007b7f1fbd3d",NULL,"Function","Compute","Oracle Functions","J4G82T0DMNV9KY71","Oracle Functions Invocations",NULL,"L2BNYLRJZMJ0U3PI.5U7CGEFB","ocid1.compartment.oc1..dev","development","Tenancy","{""cost_center"": ""CC-3090"", ""business_unit"": ""LisbonOps"", ""team"": ""growth""}",NULL,"Usage-Based",NULL,"Serverless Compute",0.9370,230.4352856,1.0297
27.79723492,"123456789012","SunBird","BillingAccount","USD","2024-10-01T00:00:00Z","2024-09-01T00:00:00Z",NULL,NULL,"Usage",NULL,"Amazon Relational Database Service Database Instance in US East (N. Virginia)","2024-09-16T06:00:00Z","2024-09-16T05:00:00Z",NULL,NULL,NULL,NULL,NULL,NULL,NULL,153.7900000000,"Hours",38.078404,0.2476,27.79723492,"AWS",50.78145799999999,0.3302,"Standard","USD",153.79,"Hours","AWS","AWS","us-east-1","US East (N. Virginia)","arn:aws:ec2:us-east-1:123456789012:instance/i-00406f617c5e",NULL,"Database Instance","Databases","Amazon Relational Database Service","0H80K994RPHJ2GCI","Amazon Relational Database Service Hours",NULL,"Y4Y4KBX2L2B5WVFX.ELITZJHM","438839167390","Zenith Eclipse","BillingAccount","{""owner"": ""k.johnson"", ""environment"": ""staging""}","us-west-2b","Usage-Based",NULL,"Relational Databases",0.2476,27.79723492,0.3302
79.2574272,"01ABCD-2345EF-6789GH","Helios Labs","BillingAccount","USD","2024-10-01T00:00:00Z","2024-09-01T00:00:00Z",NULL,NULL,"Usage","Correction","Cloud SQL Database Instance in Iowa","2024-09-26T18:00:00Z","2024-09-26T17:00:00Z","Spend","cd-393859","commit-3859",NULL,"Unused","Savings Plan",NULL,NULL,NULL,116.55504,0.5580,79.2574272,"Google",176.587152,0.8454,"Committed","USD",208.88,"Hours","Google","Google","us-central1","Iowa","//compute.googleapis.com/projects/Helios Labs/zones/us-central1-a/instances/inst-6682",NULL,"Database Instance","Databases","Cloud SQL","1VCR3FV9CIABTYM4","Cloud SQL Hours",NULL,"YYCRYVX610VIWQ9M.5SRF2FU6","proj-helios-dev","helios-dev","BillingAccount","{""owner"": ""g.hopper""}",NULL,"Usage-Based",NULL,"Relational Databases",0.5580,79.2574272,0.8454
207.05191164,"123456789012","SunBird","BillingAccount","USD","2024-10-01T00:00:00Z","2024-09-01T00:00:00Z",NULL,NULL,"Usage",NULL,"Amazon Simple Storage Service Bucket in US East (N. Virginia)","2024-09-04T05:00:00Z","2024-09-04T04:00:00Z",NULL,NULL,NULL,NULL,NULL,NULL,NULL,285.9600000000,"GB",328.653828,1.1493,207.05191164,"AWS",338.805408,1.1848,"Standard","USD",285.96,"GB","AWS","AWS","us-east-1","US East (N. Virginia)","arn:aws:ec2:us-east-1:123456789012:instance/i-00e09d2ccf73",NULL,"Bucket","Storage","Amazon Simple Storage Service","GHDIMFLFFA1ONDFY","Amazon Simple Storage Service GB",NULL,"U7M4M5L4SD2L6AFL.MQJ8MHEM","517389287820","Atlas Nimbus","BillingAccount","{""cost_center"": ""CC-1001"", ""application"": ""NimbusAPI""}",NULL,"Usage-Based",NULL,"Object Storage",1.1493,207.05191164,1.1848
279.06452805,"01ABCD-2345EF-6789GH","Helios Labs","BillingAccount","USD","2024-10-01T00:00:00Z","2024-09-01T00:00:00Z",NULL,NULL,"Usage",NULL,"Cloud Storage Bucket in Belgium","2024-09-28T03:00:00Z","2024-09-28T02:00:00Z",NULL,NULL,NULL,NULL,NULL,NULL,NULL,253.3300000000,"GiB",300.06938500000007,1.1845,279.06452805,"Google",361.527243,1.4271,"Dynamic","USD",253.33,"GiB","Google","Google","europe-west1","Belgium","//compute.googleapis.com/projects/Helios Labs/zones/europe-west1-a/instances/inst-5919",NULL,"Bucket","Storage","Cloud Storage","D1F2AFUXEQU2W4X5","Cloud Storage GiB",NULL,"T5U8MOKCW033UZ33.2JJY0BIU","proj-helios-dev","helios-dev","BillingAccount","{""owner"": ""g.hopper"", ""business_unit"": ""ViennaAI"", ""cost_center"": ""CC-1001""}","europe-west1-b","Usage-Based",NULL,"Object Storage",1.1845,279.06452805,1.4271
261.723716,"8a93b2c1-1234-4abc-9def-0123456789ab","Contoso Cloud","BillingProfile","USD","2024-10-01T00:00:00Z","2024-09-01T00:00:00Z",NULL,NULL,"Purchase",NULL,"Azure Kubernetes Service Cluster in Southeast Asia","2024-09-19T13:00:00Z","2024-09-19T12:00:00Z",NULL,NULL,NULL,NULL,NULL,NULL,NULL,NULL,NULL,261.723716,0.8828,0,"Microsoft",272.63381200000003,0.9196,"Standard","USD",296.47,"Hours","Microsoft","Microsoft","southeastasia","Southeast Asia","/subscriptions/8a93b2c1-1234-4abc-9def-0123456789ab/resourceGroups/rg-538/providers/Microsoft.Compute/virtualMachines/vm-814",NULL,"Cluster","Compute","Azure Kubernetes Service","OM5511K5DWGEU4SJ","Azure Kubernetes Service Hours",NULL,"P75N05ATKVT1HI7S.VXIX4EB2","sub-9a1f","Production","BillingProfile","{""team"": ""infra""}",NULL,"One-Time",NULL,"Containers",0.8828,0,0.9196
821.9125785,"ocid1.tenancy.oc1..aaaa1234","Meridian OCI","Tenancy","USD","2024-10-01T00:00:00Z","2024-09-01T00:00:00Z",NULL,NULL,"Usage",NULL,"Oracle Object Storage Bucket in US East (Ashburn)","2024-09-30T09:00:00Z","2024-09-30T08:00:00Z",NULL,NULL,NULL,NULL,NULL,NULL,NULL,316.9400000000,"GB",1157.6233499999998,3.6525,821.9125785,"Oracle",1429.145848,4.5092,"Standard","USD",316.94,"GB","Oracle","Oracle","us-ashburn-1","US East (Ashburn)","ocid1.instance.oc1.us-ashburn-1.001c2c72741d",NULL,"Bucket","Storage","Oracle Object Storage","U6GYJUF753RE2YMR","Oracle Object Storage GB",NULL,"JXD4POAUW49JRU5U.8MMHSDM7","ocid1.compartment.oc1..dev","development","Tenancy","{""environment"": ""dev"", ""owner"": ""g.hopper"", ""business_unit"": ""MarseilleSRE""}","uk-london-1-AD-2","Usage-Based",NULL,"Object Storage",3.6525,821.9125785,4.5092
6.0686496,"01ABCD-2345EF-6789GH","Helios Labs","BillingAccount","USD","2024-10-01T00:00:00Z","2024-09-01T00:00:00Z",NULL,NULL,"Usage",NULL,"Cloud Storage Bucket in Northern Virginia","2024-09-30T22:00:00Z","2024-09-30T21:00:00Z","Spend","cd-587524","commit-7524",NULL,"Unused","Savings Plan",NULL,NULL,NULL,6.7429440000000005,0.0936,6.0686496,"Google",9.11306,0.1265,"Standard","USD",72.04,"GiB","Google","Google","us-east4","Northern Virginia","//compute.googleapis.com/projects/Helios Labs/zones/us-east4-a/instances/inst-396",NULL,"Bucket","Storage","Cloud Storage","KIUBHDU94XJUY9B1","Cloud Storage GiB",NULL,"UZLUCSUC6DI5EEIJ.G7KPFXWV","proj-helios-dev","helios-dev","BillingAccount","{""team"": ""growth"", ""business_unit"": ""LisbonOps"", ""application"": ""AtlasPortal""}","asia-southeast1-c","Usage-Based",NULL,"Object Storage",0.0936,6.0686496,0.1265
555.46825356,"ocid1.tenancy.oc1..aaaa1234","Meridian OCI","Tenancy","USD","2024-10-01T00:00:00Z","2024-09-01T00:00:00Z",NULL,NULL,"Usage",NULL,"Oracle Autonomous Database Database in US East (Ashburn)","2024-09-18T03:00:00Z","2024-09-18T02:00:00Z",NULL,NULL,NULL,NULL,NULL,NULL,NULL,320.9100000000,"Hours",597.277692,1.8612,555.46825356,"Oracle",635.4018000000001,1.9800,"Dynamic","USD",320.91,"Hours","Oracle","Oracle","us-ashburn-1","US East (Ashburn)","ocid1.instance.oc1.us-ashburn-1.00bb55e6705a",NULL,"Database","Databases","Oracle Autonomous Database","O4CCOOJI6UUYZB6S","Oracle Autonomous Database Hours",NULL,"5B09ECMCNO5AWFX6.KZNJ8ASR","ocid1.compartment.oc1..dev","development","Tenancy","{""business_unit"": ""MarseilleSRE""}","us-ashburn-1-AD-1","Usage-Based",NULL,"Relational Databases",1.8612,555.46825356,1.9800
317.48839902,"01ABCD-2345EF-6789GH","Helios Labs","BillingAccount","USD","2024-10-01T00:00:00Z","2024-09-01T00:00:00Z",NULL,NULL,"Adjustment",NULL,"Cloud Functions Function in Northern Virginia","2024-09-09T15:00:00Z","2024-09-09T14:00:00Z",NULL,NULL,NULL,NULL,NULL,NULL,NULL,NULL,NULL,369.172557,3.7713,317.48839902,"Google",439.496733,4.4897,"Standard","USD",97.89,"Invocations","Google","Google","us-east4","Northern Virginia",NULL,NULL,NULL,"Compute","Cloud Functions","CYGNMTNTX3DOQN6B","Cloud Functions Invocations",NULL,"TANLVN5YU3ZK549S.PEGABDAR","proj-helios-prod","helios-prod","BillingAccount","{""owner"": ""g.hopper"", ""cost_center"": ""CC-1001"", ""team"": ""platform""}",NULL,"One-Time",NULL,"Serverless Compute",3.7713,317.48839902,4.4897
82.6582806,"01ABCD-2345EF-6789GH","Helios Labs","BillingAccount","USD","2024-10-01T00:00:00Z","2024-09-01T00:00:00Z",NULL,NULL,"Usage",NULL,"BigQuery Dataset in Northern Virginia","2024-09-05T04:00:00Z","2024-09-05T03:00:00Z",NULL,NULL,NULL,NULL,NULL,NULL,NULL,95.4000000000,"GiB",131.20362,1.3753,82.6582806,"Google",201.85686,2.1159,"Other","USD",95.40,"GiB","Google","Google","us-east4","Northern Virginia","//compute.googleapis.com/projects/Helios Labs/zones/us-east4-a/instances/inst-3335",NULL,"Dataset","Analytics","BigQuery","TJQ3NHB4LAHFP39R","BigQuery GiB",NULL,"RB4EJNEZYBC5130L.ACERS4MR","proj-helios-prod","helios-prod","BillingAccount",NULL,NULL,"Usage-Based",NULL,"Data Warehouses",1.3753,82.6582806,2.1159
563.7279199999999,"01ABCD-2345EF-6789GH","Helios Labs","BillingAccount","USD","2024-10-01T00:00:00Z","2024-09-01T00:00:00Z",NULL,NULL,"Purchase",NULL,"Cloud Storage Bucket in Belgium","2024-09-01T02:00:00Z","2024-09-01T01:00:00Z","Spend","cd-342767","commit-2767",NULL,"Unused","Savings Plan",NULL,NULL,NULL,563.7279199999999,1.3496,0,"Google",909.24936,2.1768,"Committed","USD",417.70,"GiB","Google","Google","europe-west1","Belgium","//compute.googleapis.com/projects/Helios Labs/zones/europe-west1-a/instances/inst-9573",NULL,"Bucket","Storage","Cloud Storage","KXX98JUW0LZX3WSJ","Cloud Storage GiB",NULL,"580X1FQIVW328KCV.6JV8KINZ","proj-helios-dev","helios-dev","BillingAccount",NULL,NULL,"Recurring",NULL,"Object Storage",1.3496,0,2.1768
996.4171665,"ocid1.tenancy.oc1..aaaa1234","Meridian OCI","Tenancy","USD","2024-10-01T00:00:00Z","2024-09-01T00:00:00Z",NULL,NULL,"Usage",NULL,"Oracle Compute Instance in Australia East (Sydney)","2024-09-23T05:00:00Z","2024-09-23T04:00:00Z",NULL,NULL,NULL,NULL,NULL,NULL,NULL,467.2500000000,"Hours",1444.08285,3.0906,996.4171665,"Oracle",1552.7652,3.3232,"Standard","USD",467.25,"Hours","Oracle","Oracle","ap-sydney-1","Australia East (Sydney)","ocid1.instance.oc1.ap-sydney-1.009cad9309fd",NULL,"Instance","Compute","Oracle Compute","ZOW0GO3JMA6G5JET","Oracle Compute Hours",NULL,"PZTN8GMBBBSHNLEE.Q2H1WZAT","ocid1.compartment.oc1..prod","production","Tenancy","{""business_unit"": ""OsloData""}",NULL,"Usage-Based",NULL,"Virtual Machines",3.0906,996.4171665,3.3232
680.96949723,"ocid1.tenancy.oc1..aaaa1234","Meridian OCI","Tenancy","USD","2024-10-01T00:00:00Z","2024-09-01T00:00:00Z",NULL,NULL,"Usage",NULL,"Oracle Autonomous Database Database in US East (Ashburn)","2024-09-19T07:00:00Z","2024-09-19T06:00:00Z",NULL,NULL,NULL,NULL,NULL,NULL,NULL,317.6100000000,"Hours",687.8479770000001,2.1657,680.96949723,"Oracle",942.253587,2.9667,"Dynamic","USD",317.61,"Hours","Oracle","Oracle","us-ashburn-1","US East (Ashburn)","ocid1.instance.oc1.us-ashburn-1.0094f7c91dbc",NULL,"Database","Databases","Oracle Autonomous Database","BYC5F4Q8FFPG3YVP","Oracle Autonomous Database Hours",NULL,"4CUT92N0GAIB62E6.L3RY8DQH","ocid1.compartment.oc1..dev","development","Tenancy","{""owner"": ""a.turing"", ""team"": ""platform""}","uk-london-1-AD-2","Usage-Based",NULL,"Relational Databases",2.1657,680.96949723,2.9667
281.58950988,"ocid1.tenancy.oc1..aaaa1234","Meridian OCI","Tenancy","USD","2024-10-01T00:00:00Z","2024-09-01T00:00:00Z",NULL,NULL,"Usage",NULL,"Oracle Object Storage Bucket in UK South (London)","2024-09-07T23:00:00Z","2024-09-07T22:00:00Z",NULL,NULL,NULL,NULL,NULL,NULL,NULL,213.3700000000,"GB",446.96747600000003,2.0948,281.58950988,"Oracle",732.733917,3.4341,"Standard","USD",213.37,"GB","Oracle","Oracle","uk-london-1","UK South (London)","ocid1.instance.oc1.uk-london-1.00acf7522a62",NULL,"Bucket","Storage","Oracle Object Storage","5O2HGKIIB25X1B7X","Oracle Object Storage GB",NULL,"8G04CR191EEFQW4Z.6PIHBKFL","ocid1.compartment.oc1..dev","development","Tenancy","{""owner"": ""a.turing"", ""environment"": ""prod""}","us-ashburn-1-AD-1","Usage-Based",NULL,"Object Storage",2.0948,281.58950988,3.4341
103.15589148,"8a93b2c1-1234-4abc-9def-0123456789ab","Contoso Cloud","BillingProfile","USD","2024-10-01T00:00:00Z","2024-09-01T00:00:00Z",NULL,NULL,"Usage",NULL,"Azure Kubernetes Service Cluster in Southeast Asia","2024-09-12T06:00:00Z","2024-09-12T05:00:00Z",NULL,NULL,NULL,NULL,NULL,NULL,NULL,92.7600000000,"Hours",149.501292,1.6117,103.15589148,"Microsoft",191.66998800000002,2.0663,"Other","USD",92.76,"Hours","Microsoft","Microsoft","southeastasia","Southeast Asia","/subscriptions/8a93b2c1-1234-4abc-9def-0123456789ab/resourceGroups/rg-346/providers/Microsoft.Compute/virtualMachines/vm-1424",NULL,"Cluster","Compute","Azure Kubernetes Service","D6AH7R7ATIUP4NM4","Azure Kubernetes Service Hours",NULL,"44NGLY98EJI6JE46.EKP0XOQ0","sub-4d3e","Sandbox","BillingProfile",NULL,NULL,"Usage-Based",NULL,"Containers",1.6117,103.15589148,2.0663
346.5847359,"ocid1.tenancy.oc1..aaaa1234","Meridian OCI","Tenancy","USD","2024-10-01T00:00:00Z","2024-09-01T00:00:00Z",NULL,NULL,"Usage",NULL,"Oracle Compute Instance in UK South (London)","2024-09-02T05:00:00Z","2024-09-02T04:00:00Z",NULL,NULL,NULL,NULL,NULL,NULL,NULL,195.3900000000,"Hours",385.094151,1.9709,346.5847359,"Oracle",592.461558,3.0322,"Standard","USD",195.39,"Hours","Oracle","Oracle","uk-london-1","UK South (London)","ocid1.instance.oc1.uk-london-1.0027b34c281e",NULL,"Instance","Compute","Oracle Compute","9FJCXRZR3VT8UT46","Oracle Compute Hours",NULL,"5Y9I4VF5V87EQRRS.6OUUPMWT","ocid1.compartment.oc1..dev","development","Tenancy","{""team"": ""growth"", ""environment"": ""qa"", ""cost_center"": ""CC-1001""}","us-ashburn-1-AD-1","Usage-Based",NULL,"Virtual Machines",1.9709,346.5847359,3.0322
183.26410856,"01ABCD-2345EF-6789GH","Helios Labs","BillingAccount","USD","2024-10-01T00:00:00Z","2024-09-01T00:00:00Z",NULL,NULL,"Usage",NULL,"Cloud Functions Function in Northern Virginia","2024-09-12T07:00:00Z","2024-09-12T06:00:00Z",NULL,NULL,NULL,NULL,NULL,NULL,NULL,94.1800000000,"Invocations",199.200118,2.1151,183.26410856,"Google",288.68995400000006,3.0653,"Other","USD",94.18,"Invocations","Google","Google","us-east4","Northern Virginia","//compute.googleapis.com/projects/Helios Labs/zones/us-east4-a/instances/inst-4466",NULL,"Function","Compute","Cloud Functions","9UN37LHSPNVL5XPZ","Cloud Functions Invocations",NULL,"4R38VJQEQHY9ZAEM.Q539R60M","proj-helios-dev","helios-dev","BillingAccount",NULL,NULL,"Usage-Based",NULL,"Serverless Compute",2.1151,183.26410856,3.0653
42.79630608,"123456789012","SunBird","BillingAccount","USD","2024-10-01T00:00:00Z","2024-09-01T00:00:00Z",NULL,NULL,"Usage",NULL,"Amazon Simple Queue Service Queue in Asia Pacific (Sydney)","2024-09-05T15:00:00Z","2024-09-05T14:00:00Z","Spend","cd-988327","commit-8327",NULL,"Used","Savings Plan",NULL,59.7300000000,"Requests",46.517724,0.7788,42.79630608,"AWS",54.091488,0.9056,"Standard","USD",59.73,"Requests","AWS","AWS","ap-southeast-2","Asia Pacific (Sydney)","arn:aws:ec2:ap-southeast-2:123456789012:instance/i-00334afcd5e1",NULL,"Queue","Integration","Amazon Simple Queue Service","VRS1POOR9WPJB9UO","Amazon Simple Queue Service Requests",NULL,"KYN8BKFR5HGP0OP3.KLORGAPT","663626350770","Zenith Apollo","BillingAccount","{""environment"": ""qa"", ""application"": ""BrightSourceCore""}","us-east-1a","Usage-Based",NULL,"Messaging",0.7788,42.79630608,0.9056
590.8329413,"ocid1.tenancy.oc1..aaaa1234","Meridian OCI","Tenancy","USD","2024-10-01T00:00:00Z","2024-09-01T00:00:00Z",NULL,NULL,"Usage",NULL,"Oracle Functions Function in US East (Ashburn)","2024-09-05T07:00:00Z","2024-09-05T06:00:00Z",NULL,NULL,NULL,NULL,NULL,NULL,NULL,221.2700000000,"Invocations",695.097578,3.1414,590.8329413,"Oracle",817.769666,3.6958,"Dynamic","USD",221.27,"Invocations","Oracle","Oracle","us-ashburn-1","US East (Ashburn)","ocid1.instance.oc1.us-ashburn-1.00b4ca66508b",NULL,"Function","Compute","Oracle Functions","Y2NXJEYKZNNUWZRP","Oracle Functions Invocations",NULL,"SOY4BPE2BYWXYB51.21F1QWOR","ocid1.compartment.oc1..prod","production","Tenancy","{""environment"": ""qa"", ""team"": ""growth""}","uk-london-1-AD-2","Usage-Based",NULL,"Serverless Compute",3.1414,590.8329413,3.6958
192.890502,"01ABCD-2345EF-6789GH","Helios Labs","BillingAccount","USD","2024-10-01T00:00:00Z","2024-09-01T00:00:00Z",NULL,NULL,"Usage",NULL,"BigQuery Dataset in Belgium","2024-09-10T09:00:00Z","2024-09-10T08:00:00Z","Spend","cd-150309","commit-0309",NULL,"Used","Reserved Instance",NULL,265.4700000000,"GiB",257.187336,0.9688,192.890502,"Google",259.788942,0.9786,"Committed","USD",265.47,"GiB","Google","Google","europe-west1","Belgium","//compute.googleapis.com/projects/Helios Labs/zones/europe-west1-a/instances/inst-7829",NULL,"Dataset","Analytics","BigQuery","F7Q2JSJ1RLO0TK7E","BigQuery GiB",NULL,"OFDLS941KPBMEEGR.L8H39XLJ","proj-helios-prod","helios-prod","BillingAccount",NULL,NULL,"Usage-Based",NULL,"Data Warehouses",0.9688,192.890502,0.9786
630.67355806,"8a93b2c1-1234-4abc-9def-0123456789ab","Contoso Cloud","BillingProfile","USD","2024-10-01T00:00:00Z","2024-09-01T00:00:00Z",NULL,NULL,"Adjustment",NULL,"Azure Blob Storage Storage Account in East US","2024-09-08T08:00:00Z","2024-09-08T07:00:00Z",NULL,NULL,NULL,NULL,NULL,NULL,NULL,NULL,NULL,941.3038180000001,3.7583,630.67355806,"Microsoft",1120.608132,4.4742,"Standard","USD",250.46,"GB","Microsoft","Microsoft","eastus","East US",NULL,NULL,NULL,"Storage","Azure Blob Storage","R3P3LHPKCEYIAS37","Azure Blob Storage GB",NULL,"5Z98Z737WZQ70K65.ICNEXTH0","sub-2b7c","Staging","BillingProfile","{""cost_center"": ""CC-2042""}",NULL,"One-Time",NULL,"Object Storage",3.7583,630.67355806,4.4742
228.08191536,"ocid1.tenancy.oc1..aaaa1234","Meridian OCI","Tenancy","USD","2024-10-01T00:00:00Z","2024-09-01T00:00:00Z",NULL,NULL,"Usage",NULL,"Oracle Autonomous Database Database in UK South (London)","2024-09-14T11:00:00Z","2024-09-14T10:00:00Z",NULL,NULL,NULL,NULL,NULL,NULL,NULL,107.7900000000,"Hours",292.41271200000006,2.7128,228.08191536,"Oracle",417.729366,3.8754,"Standard","USD",107.79,"Hours","Oracle","Oracle","uk-london-1","UK South (London)","ocid1.instance.oc1.uk-london-1.0057b8daeabb",NULL,"Database","Databases","Oracle Autonomous Database","5Z33XN3I0DPJGSXD","Oracle Autonomous Database Hours",NULL,"W3Y1ESW694C4EWVM.T6KAGJ9R","ocid1.compartment.oc1..prod","production","Tenancy","{""owner"": ""k.johnson""}","us-ashburn-1-AD-1","Usage-Based",NULL,"Relational Databases",2.7128,228.08191536,3.8754
321.36371564,"123456789012","SunBird","BillingAccount","USD","2024-10-01T00:00:00Z","2024-09-01T00:00:00Z",NULL,NULL,"Usage","Correction","Elastic Load Balancing Load Balancer in US West (Oregon)","2024-09-23T06:00:00Z","2024-09-23T05:00:00Z",NULL,NULL,NULL,NULL,NULL,NULL,NULL,167.0300000000,"LCU-Hours",440.22426800000005,2.6356,321.36371564,"AWS",511.89684100000005,3.0647,"Dynamic","USD",167.03,"LCU-Hours","AWS","AWS","us-west-2","US West (Oregon)","arn:aws:ec2:us-west-2:123456789012:instance/i-00d70300a8b8",NULL,"Load Balancer","Networking","Elastic Load Balancing","6EJYV2RJJMFYRZOC","Elastic Load Balancing LCU-Hours",NULL,"CTAIM0M0J19QNAEK.CQ4EO3K5","663626350770","Zenith Apollo","BillingAccount","{""application"": ""NimbusAPI"", ""team"": ""platform"", ""cost_center"": ""CC-3090""}",NULL,"Usage-Based",NULL,"Application Networking",2.6356,321.36371564,3.0647
461.74433088,"123456789012","SunBird","BillingAccount","USD","2024-10-01T00:00:00Z","2024-09-01T00:00:00Z",NULL,NULL,"Credit",NULL,"AWS Lambda Function in Asia Pacific (Sydney)","2024-09-27T08:00:00Z","2024-09-27T07:00:00Z",NULL,NULL,NULL,NULL,NULL,NULL,NULL,NULL,NULL,480.98367799999994,1.0066,461.74433088,"AWS",616.6396149999999,1.2905,"Dynamic","USD",477.83,"Requests","AWS","AWS","ap-southeast-2","Asia Pacific (Sydney)",NULL,NULL,NULL,"Compute","AWS Lambda","OB14RV6T5ZDTQGJ9","AWS Lambda Requests",NULL,"OOP3JG86X0Z0VTFP.K4EUD1Z1","438839167390","Zenith Eclipse","BillingAccount","{""business_unit"": ""OsloData"", ""cost_center"": ""CC-3090"", ""environment"": ""dev""}",NULL,"One-Time",NULL,"Serverless Compute",1.0066,461.74433088,1.2905
562.9897056,"ocid1.tenancy.oc1..aaaa1234","Meridian OCI","Tenancy","USD","2024-10-01T00:00:00Z","2024-09-01T00:00:00Z",NULL,NULL,"Usage",NULL,"Oracle Functions Function in US East (Ashburn)","2024-09-16T20:00:00Z","2024-09-16T19:00:00Z",NULL,NULL,NULL,NULL,NULL,NULL,NULL,439.5500000000,"Invocations",670.22584,1.5248,562.9897056,"Oracle",1081.02927,2.4594,"Dynamic","USD",439.55,"Invocations","Oracle","Oracle","us-ashburn-1","US East (Ashburn)","ocid1.instance.oc1.us-ashburn-1.0077e062fc7d",NULL,"Function","Compute","Oracle Functions","FGFFAJ815FJDA4LC","Oracle Functions Invocations",NULL,"ISXWFCKTVGCFCAMK.Z5GRS7ES","ocid1.compartment.oc1..dev","development","Tenancy","{""environment"": ""dev"", ""cost_center"": ""CC-2042""}","uk-london-1-AD-2","Usage-Based",NULL,"Serverless Compute",1.5248,562.9897056,2.4594
187.86617764,"123456789012","SunBird","BillingAccount","USD","2024-10-01T00:00:00Z","2024-09-01T00:00:00Z",NULL,NULL,"Adjustment",NULL,"Amazon Simple Queue Service Queue in Europe (Ireland)","2024-09-28T11:00:00Z","2024-09-28T10:00:00Z",NULL,NULL,NULL,NULL,NULL,NULL,NULL,NULL,NULL,247.192339,0.9959,187.86617764,"AWS",277.74699,1.1190,"Standard","USD",248.21,"Requests","AWS","AWS","eu-west-1","Europe (Ireland)",NULL,NULL,NULL,"Integration","Amazon Simple Queue Service","42W6TSZ0PTUNP3JJ","Amazon Simple Queue Service Requests",NULL,"CFDHJG2IJESVUP41.0H9TN4CX","517389287820","Atlas Nimbus","BillingAccount",NULL,NULL,"One-Time",NULL,"Messaging",0.9959,187.86617764,1.1190
634.58549847,"ocid1.tenancy.oc1..aaaa1234","Meridian OCI","Tenancy","USD","2024-10-01T00:00:00Z","2024-09-01T00:00:00Z",NULL,NULL,"Usage",NULL,"Oracle Object Storage Bucket in UK South (London)","2024-09-03T03:00:00Z","2024-09-03T02:00:00Z",NULL,NULL,NULL,NULL,NULL,NULL,NULL,194.7900000000,"GB",640.995453,3.2907,634.58549847,"Oracle",791.353854,4.0626,"Standard","USD",194.79,"GB","Oracle","Oracle","uk-london-1","UK South (London)","ocid1.instance.oc1.uk-london-1.00a908da2298",NULL,"Bucket","Storage","Oracle Object Storage","LAKQ0F5VJCIP65RM","Oracle Object Storage GB",NULL,"L0CAXVXVAG46MNJV.6R7Z7M1C","ocid1.compartment.oc1..prod","production","Tenancy","{""environment"": ""qa"", ""business_unit"": ""OsloData""}",NULL,"Usage-Based",NULL,"Object Storage",3.2907,634.58549847,4.0626
955.2161745,"01ABCD-2345EF-6789GH","Helios Labs","BillingAccount","USD","2024-10-01T00:00:00Z","2024-09-01T00:00:00Z",NULL,NULL,"Usage","Correction","Cloud Functions Function in Northern Virginia","2024-09-13T04:00:00Z","2024-09-13T03:00:00Z","Spend","cd-586060","commit-6060",NULL,"Used","Savings Plan",NULL,313.5300000000,"Invocations",1005.4907099999999,3.2070,955.2161745,"Google",1241.3279759999998,3.9592,"Committed","USD",313.53,"Invocations","Google","Google","us-east4","Northern Virginia","//compute.googleapis.com/projects/Helios Labs/zones/us-east4-a/instances/inst-8494",NULL,"Function","Compute","Cloud Functions","CO2PZA1DER880B6T","Cloud Functions Invocations",NULL,"D5N89SHPY9VL8MA1.FVP4BGIQ","proj-helios-prod","helios-prod","BillingAccount","{""owner"": ""g.hopper"", ""application"": ""AtlasPortal""}","us-central1-a","Usage-Based",NULL,"Serverless Compute",3.2070,955.2161745,3.9592
608.375808,"01ABCD-2345EF-6789GH","Helios Labs","BillingAccount","USD","2024-10-01T00:00:00Z","2024-09-01T00:00:00Z",NULL,NULL,"Usage",NULL,"Cloud Load Balancing Forwarding Rule in Singapore","2024-09-07T22:00:00Z","2024-09-07T21:00:00Z",NULL,NULL,NULL,NULL,NULL,NULL,NULL,180.7200000000,"Hours",608.375808,3.3664,608.375808,"Google",691.3443599999999,3.8255,"Standard","USD",180.72,"Hours","Google","Google","asia-southeast1","Singapore","//compute.googleapis.com/projects/Helios Labs/zones/asia-southeast1-a/instances/inst-8785",NULL,"Forwarding Rule","Networking","Cloud Load Balancing","RLH2VH6836H4RFWF","Cloud Load Balancing Hours",NULL,"WLYM8QBFEKJVK78M.4WBVY1G6","proj-helios-dev","helios-dev","BillingAccount","{""environment"": ""prod""}",NULL,"Usage-Based",NULL,"Application Networking",3.3664,608.375808,3.8255
1107.8766546,"8a93b2c1-1234-4abc-9def-0123456789ab","Contoso Cloud","BillingProfile","USD","2024-10-01T00:00:00Z","2024-09-01T00:00:00Z",NULL,NULL,"Usage",NULL,"Azure Blob Storage Storage Account in West Europe","2024-09-28T05:00:00Z","2024-09-28T04:00:00Z",NULL,NULL,NULL,NULL,NULL,NULL,NULL,348.6800000000,"GB",1191.26522,3.4165,1107.8766546,"Microsoft",1701.802476,4.8807,"Other","USD",348.68,"GB","Microsoft","Microsoft","westeurope","West Europe","/subscriptions/8a93b2c1-1234-4abc-9def-0123456789ab/resourceGroups/rg-958/providers/Microsoft.Compute/virtualMachines/vm-5350",NULL,"Storage Account","Storage","Azure Blob Storage","WBXV0AU3FIG79HI4","Azure Blob Storage GB",NULL,"599VHCUPT81SCGDT.IQYJRV0E","sub-4d3e","Sandbox","BillingProfile","{""team"": ""growth"", ""owner"": ""g.hopper"", ""business_unit"": ""ViennaAI""}","eastus-1","Usage-Based",NULL,"Object Storage",3.4165,1107.8766546,4.8807
367.74639224,"01ABCD-2345EF-6789GH","Helios Labs","BillingAccount","USD","2024-10-01T00:00:00Z","2024-09-01T00:00:00Z",NULL,NULL,"Usage","Correction","Compute Engine VM Instance in Northern Virginia","2024-09-13T20:00:00Z","2024-09-13T19:00:00Z",NULL,NULL,NULL,NULL,NULL,NULL,NULL,163.8800000000,"Hours",379.119992,2.3134,367.74639224,"Google",583.24892,3.5590,"Standard","USD",163.88,"Hours","Google","Google","us-east4","Northern Virginia","//compute.googleapis.com/projects/Helios Labs/zones/us-east4-a/instances/inst-6742",NULL,"VM Instance","Compute","Compute Engine","NFODRT98F98T9TGZ","Compute Engine Hours",NULL,"CT0FVRDIEGAG4C4X.Z8GQK9PF","proj-helios-dev","helios-dev","BillingAccount","{""application"": ""AtlasPortal"", ""owner"": ""k.johnson""}","us-central1-a","Usage-Based",NULL,"Virtual Machines",2.3134,367.74639224,3.5590
136.21051644,"8a93b2c1-1234-4abc-9def-0123456789ab","Contoso Cloud","BillingProfile","USD","2024-10-01T00:00:00Z","2024-09-01T00:00:00Z",NULL,NULL,"Usage",NULL,"Azure Blob Storage Storage Account in East US","2024-09-01T18:00:00Z","2024-09-01T17:00:00Z",NULL,NULL,NULL,NULL,NULL,NULL,NULL,63.3400000000,"GB",156.563812,2.4718,136.21051644,"Microsoft",233.680262,3.6893,"Other","USD",63.34,"GB","Microsoft","Microsoft","eastus","East US","/subscriptions/8a93b2c1-1234-4abc-9def-0123456789ab/resourceGroups/rg-920/providers/Microsoft.Compute/virtualMachines/vm-1801",NULL,"Storage Account","Storage","Azure Blob Storage","M7SWIZ0SRPH0Q5AH","Azure Blob Storage GB",NULL,"ZMQILHPICOPCEZIN.RHANHA0G","sub-4d3e","Sandbox","BillingProfile","{""cost_center"": ""CC-2042"", ""business_unit"": ""MarseilleSRE"", ""environment"": ""prod""}","uksouth-1","Usage-Based",NULL,"Object Storage",2.4718,136.21051644,3.6893
519.0032408,"8a93b2c1-1234-4abc-9def-0123456789ab","Contoso Cloud","BillingProfile","USD","2024-10-01T00:00:00Z","2024-09-01T00:00:00Z",NULL,NULL,"Usage",NULL,"Azure Kubernetes Service Cluster in West Europe","2024-09-28T16:00:00Z","2024-09-28T15:00:00Z",NULL,NULL,NULL,NULL,NULL,NULL,NULL,488.6300000000,"Hours",730.99048,1.4960,519.0032408,"Microsoft",925.318631,1.8937,"Standard","USD",488.63,"Hours","Microsoft","Microsoft","westeurope","West Europe","/subscriptions/8a93b2c1-1234-4abc-9def-0123456789ab/resourceGroups/rg-463/providers/Microsoft.Compute/virtualMachines/vm-1409",NULL,"Cluster","Compute","Azure Kubernetes Service","55R1DQA13KDD37SN","Azure Kubernetes Service Hours",NULL,"0HSJSRL1A47E3WTO.2MR4YRK4","sub-9a1f","Production","BillingProfile","{""environment"": ""qa""}","uksouth-1","Usage-Based",NULL,"Containers",1.4960,519.0032408,1.8937
1016.84105115,"ocid1.tenancy.oc1..aaaa1234","Meridian OCI","Tenancy","USD","2024-10-01T00:00:00Z","2024-09-01T00:00:00Z",NULL,NULL,"Usage",NULL,"Oracle Object Storage Bucket in US East (Ashburn)","2024-09-28T13:00:00Z","2024-09-28T12:00:00Z","Usage","cd-647386","commit-7386",NULL,"Used","Committed Use Discount",NULL,254.8500000000,"GB",1142.518035,4.4831,1016.84105115,"Oracle",1190.124015,4.6699,"Committed","USD",254.85,"GB","Oracle","Oracle","us-ashburn-1","US East (Ashburn)","ocid1.instance.oc1.us-ashburn-1.00e68900737c",NULL,"Bucket","Storage","Oracle Object Storage","P97L57AJBU90VA4M","Oracle Object Storage GB",NULL,"LGT1QRMZWGY4MPUC.VW4P8V5O","ocid1.compartment.oc1..prod","production","Tenancy","{""cost_center"": ""CC-1001"", ""business_unit"": ""ViennaAI"", ""team"": ""platform""}","uk-london-1-AD-2","Usage-Based",NULL,"Object Storage",4.4831,1016.84105115,4.6699
79.87793877,"123456789012","SunBird","BillingAccount","USD","2024-10-01T00:00:00Z","2024-09-01T00:00:00Z",NULL,NULL,"Usage",NULL,"AWS Lambda Function in US East (N. Virginia)","2024-09-25T03:00:00Z","2024-09-25T02:00:00Z",NULL,NULL,NULL,NULL,NULL,NULL,NULL,102.4900000000,"Requests",126.790379,1.2371,79.87793877,"AWS",211.324131,2.0619,"Standard","USD",102.49,"Requests","AWS","AWS","us-east-1","US East (N. Virginia)","arn:aws:ec2:us-east-1:123456789012:instance/i-005851d69045",NULL,"Function","Compute","AWS Lambda","A0HR2NFVPHFQ8PC4","AWS Lambda Requests",NULL,"R8KA5N0VGF6ORA1W.W29KBGBR","517389287820","Atlas Nimbus","BillingAccount","{""owner"": ""g.hopper"", ""environment"": ""dev""}","us-east-1a","Usage-Based",NULL,"Serverless Compute",1.2371,79.87793877,2.0619
111.43754544,"8a93b2c1-1234-4abc-9def-0123456789ab","Contoso Cloud","BillingProfile","USD","2024-10-01T00:00:00Z","2024-09-01T00:00:00Z",NULL,NULL,"Credit",NULL,"Azure Blob Storage Storage Account in West Europe","2024-09-02T23:00:00Z","2024-09-02T22:00:00Z",NULL,NULL,NULL,NULL,NULL,NULL,NULL,NULL,NULL,142.868648,1.4456,111.43754544,"Microsoft",145.784133,1.4751,"Standard","USD",98.83,"GB","Microsoft","Microsoft","westeurope","West Europe",NULL,NULL,NULL,"Storage","Azure Blob Storage","NXT1JEK4YAKXC8L0","Azure Blob Storage GB",NULL,"GFKNEJ0G1OKR797V.2K8N21L2","sub-4d3e","Sandbox","BillingProfile",NULL,NULL,"One-Time",NULL,"Object Storage",1.4456,111.43754544,1.4751
74.9526024,"01ABCD-2345EF-6789GH","Helios Labs","BillingAccount","USD","2024-10-01T00:00:00Z","2024-09-01T00:00:00Z",NULL,NULL,"Usage",NULL,"Cloud SQL Database Instance in Belgium","2024-09-09T09:00:00Z","2024-09-09T08:00:00Z","Spend","cd-232937","commit-2937",NULL,"Used","Reserved Instance",NULL,232.4400000000,"Hours",81.47022,0.3505,74.9526024,"Google",105.806688,0.4552,"Committed","USD",232.44,"Hours","Google","Google","europe-west1","Belgium","//compute.googleapis.com/projects/Helios Labs/zones/europe-west1-a/instances/inst-310",NULL,"Database Instance","Databases","Cloud SQL","IPD68EP89FV78FQQ","Cloud SQL Hours",NULL,"V9ILC15NIOF7J2E1.8FU3KRVB","proj-helios-prod","helios-prod","BillingAccount","{""owner"": ""g.hopper"", ""cost_center"": ""CC-1001""}",NULL,"Usage-Based",NULL,"Relational Databases",0.3505,74.9526024,0.4552
780.54261516,"123456789012","SunBird","BillingAccount","USD","2024-10-01T00:00:00Z","2024-09-01T00:00:00Z",NULL,NULL,"Usage",NULL,"Amazon Elastic Compute Cloud Virtual Machine in US East (N. Virginia)","2024-09-02T08:00:00Z","2024-09-02T07:00:00Z",NULL,NULL,NULL,NULL,NULL,NULL,NULL,403.9900000000,"Hours",1147.856787,2.8413,780.54261516,"AWS",1183.367508,2.9292,"Other","USD",403.99,"Hours","AWS","AWS","us-east-1","US East (N. Virginia)","arn:aws:ec2:us-east-1:123456789012:instance/i-00bcd274dd34",NULL,"Virtual Machine","Compute","Amazon Elastic Compute Cloud","XDBJWUYH6SSQKF8J","Amazon Elastic Compute Cloud Hours",NULL,"84S57EJLS6CUY4C6.13BCDAQP","663626350770","Zenith Apollo","BillingAccount",NULL,NULL,"Usage-Based",NULL,"Virtual Machines",2.8413,780.54261516,2.9292
103.60700889,"01ABCD-2345EF-6789GH","Helios Labs","BillingAccount","USD","2024-10-01T00:00:00Z","2024-09-01T00:00:00Z",NULL,NULL,"Credit",NULL,"Cloud Load Balancing Forwarding Rule in Singapore","2024-09-16T11:00:00Z","2024-09-16T10:00:00Z","Usage","cd-936449","commit-6449",NULL,"Used","Committed Use Discount",NULL,NULL,NULL,134.554557,1.7943,103.60700889,"Google",141.633613,1.8887,"Committed","USD",74.99,"Hours","Google","Google","asia-southeast1","Singapore",NULL,NULL,NULL,"Networking","Cloud Load Balancing","KYC9C4D0NP093WB7","Cloud Load Balancing Hours",NULL,"LIEDRDHZQ7H97AQQ.L945P7MY","proj-helios-prod","helios-prod","BillingAccount","{""owner"": ""k.johnson"", ""application"": ""AtlasPortal""}",NULL,"One-Time",NULL,"Application Networking",1.7943,103.60700889,1.8887
481.420325,"123456789012","SunBird","BillingAccount","USD","2024-10-01T00:00:00Z","2024-09-01T00:00:00Z",NULL,NULL,"Purchase",NULL,"Amazon Simple Queue Service Queue in Europe (Ireland)","2024-09-07T15:00:00Z","2024-09-07T14:00:00Z",NULL,NULL,NULL,NULL,NULL,NULL,NULL,NULL,NULL,481.420325,2.4065,0,"AWS",678.069475,3.3895,"Other","USD",200.05,"Requests","AWS","AWS","eu-west-1","Europe (Ireland)","arn:aws:ec2:eu-west-1:123456789012:instance/i-0083299a4975",NULL,"Queue","Integration","Amazon Simple Queue Service","IX71NGTQF3CYSYKW","Amazon Simple Queue Service Requests",NULL,"XSCLZOXV8LSMBF4Y.T0RS676B","517389287820","Atlas Nimbus","BillingAccount","{""team"": ""payments"", ""business_unit"": ""ViennaAI""}",NULL,"One-Time",NULL,"Messaging",2.4065,0,3.3895
607.2198129,"123456789012","SunBird","BillingAccount","USD","2024-10-01T00:00:00Z","2024-09-01T00:00:00Z",NULL,NULL,"Usage",NULL,"Amazon Relational Database Service Database Instance in US West (Oregon)","2024-09-30T19:00:00Z","2024-09-30T18:00:00Z","Usage","cd-821690","commit-1690",NULL,"Unused","Reserved Instance",NULL,NULL,NULL,652.92453,3.9385,607.2198129,"AWS",806.088672,4.8624,"Standard","USD",165.78,"Hours","AWS","AWS","us-west-2","US West (Oregon)","arn:aws:ec2:us-west-2:123456789012:instance/i-0048a35c5868",NULL,"Database Instance","Databases","Amazon Relational Database Service","7QUHZOJGFG373H8D","Amazon Relational Database Service Hours",NULL,"MPFM5NIZUOC0CEF6.5UYG3609","663626350770","Zenith Apollo","BillingAccount","{""business_unit"": ""MarseilleSRE""}","us-west-2b","Usage-Based",NULL,"Relational Databases",3.9385,607.2198129,4.8624
174.04472736,"123456789012","SunBird","BillingAccount","USD","2024-10-01T00:00:00Z","2024-09-01T00:00:00Z",NULL,NULL,"Usage",NULL,"Amazon Elastic Compute Cloud Virtual Machine in US West (Oregon)","2024-09-02T04:00:00Z","2024-09-02T03:00:00Z",NULL,NULL,NULL,NULL,NULL,NULL,NULL,389.3200000000,"Hours",207.196104,0.5322,174.04472736,"AWS",218.09706400000002,0.5602,"Standard","USD",389.32,"Hours","AWS","AWS","us-west-2","US West (Oregon)","arn:aws:ec2:us-west-2:123456789012:instance/i-0035e10f1699",NULL,"Virtual Machine","Compute","Amazon Elastic Compute Cloud","0ANZXWIDETEH7SG8","Amazon Elastic Compute Cloud Hours",NULL,"SOOZ74VBI0MKKN6J.EP2RVV0E","517389287820","Atlas Nimbus","BillingAccount","{""business_unit"": ""LisbonOps"", ""team"": ""growth""}",NULL,"Usage-Based",NULL,"Virtual Machines",0.5322,174.04472736,0.5602
35.81826432,"01ABCD-2345EF-6789GH","Helios Labs","BillingAccount","USD","2024-10-01T00:00:00Z","2024-09-01T00:00:00Z",NULL,NULL,"Usage",NULL,"Compute Engine VM Instance in Singapore","2024-09-23T05:00:00Z","2024-09-23T04:00:00Z",NULL,NULL,NULL,NULL,NULL,NULL,NULL,21.4400000000,"Hours",38.93289600000001,1.8159,35.81826432,"Google",39.325248,1.8342,"Other","USD",21.44,"Hours","Google","Google","asia-southeast1","Singapore","//compute.googleapis.com/projects/Helios Labs/zones/asia-southeast1-a/instances/inst-6725",NULL,"VM Instance","Compute","Compute Engine","BCMD7NXYZFBYJ3EU","Compute Engine Hours",NULL,"NGLNQVWD169L1G55.19JN7QSC","proj-helios-prod","helios-prod","BillingAccount","{""team"": ""platform"", ""application"": ""BrightLensMatrix""}",NULL,"Usage-Based",NULL,"Virtual Machines",1.8159,35.81826432,1.8342
287.17548832,"8a93b2c1-1234-4abc-9def-0123456789ab","Contoso Cloud","BillingProfile","USD","2024-10-01T00:00:00Z","2024-09-01T00:00:00Z",NULL,NULL,"Adjustment",NULL,"Azure SQL Database SQL Database in East US","2024-09-20T03:00:00Z","2024-09-20T02:00:00Z",NULL,NULL,NULL,NULL,NULL,NULL,NULL,NULL,NULL,322.66908800000004,2.7179,287.17548832,"Microsoft",512.1818239999999,4.3142,"Standard","USD",118.72,"Hours","Microsoft","Microsoft","eastus","East US",NULL,NULL,NULL,"Databases","Azure SQL Database","HDGX2BD6XESSLB2Q","Azure SQL Database Hours",NULL,"KZ0YS93F7SJ8XYPJ.VGSB6TML","sub-4d3e","Sandbox","BillingProfile","{""environment"": ""staging""}",NULL,"One-Time",NULL,"Relational Databases",2.7179,287.17548832,4.3142
1128.107862,"123456789012","SunBird","BillingAccount","USD","2024-10-01T00:00:00Z","2024-09-01T00:00:00Z",NULL,NULL,"Adjustment",NULL,"Amazon Simple Storage Service Bucket in US West (Oregon)","2024-09-07T01:00:00Z","2024-09-07T00:00:00Z","Usage","cd-685009","commit-5009",NULL,"Unused","Reserved Instance",NULL,NULL,NULL,1327.18572,4.7070,1128.107862,"AWS",1354.2820759999997,4.8031,"Dynamic","USD",281.96,"GB","AWS","AWS","us-west-2","US West (Oregon)",NULL,NULL,NULL,"Storage","Amazon Simple Storage Service","NT9O7OUXP7I9BSAW","Amazon Simple Storage Service GB",NULL,"0HJ1VB9JZW8J1RF9.YYW0ENA9","438839167390","Zenith Eclipse","BillingAccount","{""team"": ""infra"", ""application"": ""BrightSourceCore""}",NULL,"One-Time",NULL,"Object Storage",4.7070,1128.107862,4.8031
1125.73419008,"ocid1.tenancy.oc1..aaaa1234","Meridian OCI","Tenancy","USD","2024-10-01T00:00:00Z","2024-09-01T00:00:00Z",NULL,NULL,"Usage",NULL,"Oracle Compute Instance in Australia East (Sydney)","2024-09-09T03:00:00Z","2024-09-09T02:00:00Z",NULL,NULL,NULL,NULL,NULL,NULL,NULL,490.2400000000,"Hours",1655.491456,3.3769,1125.73419008,"Oracle",1839.429504,3.7521,"Standard","USD",490.24,"Hours","Oracle","Oracle","ap-sydney-1","Australia East (Sydney)","ocid1.instance.oc1.ap-sydney-1.00b78e123d6f",NULL,"Instance","Compute","Oracle Compute","CBK4OAA61ZYEDHY6","Oracle Compute Hours",NULL,"MEFMVBDEY7DRFSEU.D30L7M20","ocid1.compartment.oc1..prod","production","Tenancy","{""cost_center"": ""CC-2042""}",NULL,"Usage-Based",NULL,"Virtual Machines",3.3769,1125.73419008,3.7521
343.57422946,"8a93b2c1-1234-4abc-9def-0123456789ab","Contoso Cloud","BillingProfile","USD","2024-10-01T00:00:00Z","2024-09-01T00:00:00Z",NULL,NULL,"Usage",NULL,"Virtual Machines Virtual Machine in Southeast Asia","2024-09-28T05:00:00Z","2024-09-28T04:00:00Z",NULL,NULL,NULL,NULL,NULL,NULL,NULL,220.3300000000,"Hours",554.151983,2.5151,343.57422946,"Microsoft",659.7120860000001,2.9942,"Dynamic","USD",220.33,"Hours","Microsoft","Microsoft","southeastasia","Southeast Asia","/subscriptions/8a93b2c1-1234-4abc-9def-0123456789ab/resourceGroups/rg-820/providers/Microsoft.Compute/virtualMachines/vm-4907",NULL,"Virtual Machine","Compute","Virtual Machines","54YDKEQBZ78QEMMM","Virtual Machines Hours",NULL,"3OFIUWKMWZG38F3A.NKGFKAYH","sub-9a1f","Production","BillingProfile","{""team"": ""payments"", ""owner"": ""k.johnson"", ""environment"": ""prod""}",NULL,"Usage-Based",NULL,"Virtual Machines",2.5151,343.57422946,2.9942
658.65174336,"ocid1.tenancy.oc1..aaaa1234","Meridian OCI","Tenancy","USD","2024-10-01T00:00:00Z","2024-09-01T00:00:00Z",NULL,NULL,"Usage",NULL,"Oracle Object Storage Bucket in Australia East (Sydney)","2024-09-06T16:00:00Z","2024-09-06T15:00:00Z","Usage","cd-800318","commit-0318",NULL,"Unused","Savings Plan",NULL,NULL,NULL,844.4253120000001,1.7296,658.65174336,"Oracle",917.8536,1.8800,"Committed","USD",488.22,"GB","Oracle","Oracle","ap-sydney-1","Australia East (Sydney)","ocid1.instance.oc1.ap-sydney-1.008560a91f65",NULL,"Bucket","Storage","Oracle Object Storage","RSDP2NQGZ48GJ356","Oracle Object Storage GB",NULL,"KLEAKF58LGMQ70K8.V52O1O8P","ocid1.compartment.oc1..dev","development","Tenancy","{""environment"": ""prod"", ""cost_center"": ""CC-1001"", ""business_unit"": ""LisbonOps""}","us-ashburn-1-AD-1","Usage-Based",NULL,"Object Storage",1.7296,658.65174336,1.8800
31.88514672,"8a93b2c1-1234-4abc-9def-0123456789ab","Contoso Cloud","BillingProfile","USD","2024-10-01T00:00:00Z","2024-09-01T00:00:00Z",NULL,NULL,"Usage",NULL,"Azure Functions Function App in Southeast Asia","2024-09-02T06:00:00Z","2024-09-02T05:00:00Z",NULL,NULL,NULL,NULL,NULL,NULL,NULL,479.8800000000,"Executions",37.958508,0.0791,31.88514672,"Microsoft",55.042235999999995,0.1147,"Dynamic","USD",479.88,"Executions","Microsoft","Microsoft","southeastasia","Southeast Asia","/subscriptions/8a93b2c1-1234-4abc-9def-0123456789ab/resourceGroups/rg-270/providers/Microsoft.Compute/virtualMachines/vm-8287",NULL,"Function App","Compute","Azure Functions","JAXAY8JFKLOWUKFZ","Azure Functions Executions",NULL,"XAV82GQZJE7LEIUZ.3C98RP18","sub-2b7c","Staging","BillingProfile","{""application"": ""BrightLensMatrix"", ""team"": ""infra"", ""cost_center"": ""CC-2042""}","westeurope-2","Usage-Based",NULL,"Serverless Compute",0.0791,31.88514672,0.1147
932.9067594,"123456789012","SunBird","BillingAccount","USD","2024-10-01T00:00:00Z","2024-09-01T00:00:00Z",NULL,NULL,"Usage",NULL,"Amazon Simple Storage Service Bucket in US West (Oregon)","2024-09-15T03:00:00Z","2024-09-15T02:00:00Z",NULL,NULL,NULL,NULL,NULL,NULL,NULL,364.8200000000,"GB",942.33006,2.5830,932.9067594,"AWS",1208.137912,3.3116,"Other","USD",364.82,"GB","AWS","AWS","us-west-2","US West (Oregon)","arn:aws:ec2:us-west-2:123456789012:instance/i-00a2e8bcc1e6",NULL,"Bucket","Storage","Amazon Simple Storage Service","63C2FWLP8Z2Y4M8L","Amazon Simple Storage Service GB",NULL,"B2RYEE3585Y8J165.JIU7M5C8","517389287820","Atlas Nimbus","BillingAccount","{""business_unit"": ""OsloData"", ""environment"": ""prod"", ""owner"": ""a.lovelace""}","ap-southeast-2a","Usage-Based",NULL,"Object Storage",2.5830,932.9067594,3.3116
9.53706006,"123456789012","SunBird","BillingAccount","USD","2024-10-01T00:00:00Z","2024-09-01T00:00:00Z",NULL,NULL,"Usage",NULL,"Amazon Simple Queue Service Queue in US West (Oregon)","2024-09-27T17:00:00Z","2024-09-27T16:00:00Z",NULL,NULL,NULL,NULL,NULL,NULL,NULL,134.6700000000,"Requests",12.887918999999998,0.0957,9.53706006,"AWS",20.146632,0.1496,"Other","USD",134.67,"Requests","AWS","AWS","us-west-2","US West (Oregon)","arn:aws:ec2:us-west-2:123456789012:instance/i-00d70fbac1f1",NULL,"Queue","Integration","Amazon Simple Queue Service","VXRQL7Z3ZMIWSLPI","Amazon Simple Queue Service Requests",NULL,"8RZOM8GVZKQFUL8V.4LVYKKZO","663626350770","Zenith Apollo","BillingAccount","{""business_unit"": ""ViennaAI"", ""team"": ""platform"", ""application"": ""BrightSourceCore""}","us-west-2b","Usage-Based",NULL,"Messaging",0.0957,9.53706006,0.1496
177.466464,"01ABCD-2345EF-6789GH","Helios Labs","BillingAccount","USD","2024-10-01T00:00:00Z","2024-09-01T00:00:00Z",NULL,NULL,"Usage",NULL,"Cloud Functions Function in Singapore","2024-09-10T13:00:00Z","2024-09-10T12:00:00Z",NULL,NULL,NULL,NULL,NULL,NULL,NULL,195.6200000000,"Invocations",221.83308,1.1340,177.466464,"Google",357.808542,1.8291,"Other","USD",195.62,"Invocations","Google","Google","asia-southeast1","Singapore","//compute.googleapis.com/projects/Helios Labs/zones/asia-southeast1-a/instances/inst-6422",NULL,"Function","Compute","Cloud Functions","H6EH44KDM7VPRCFX","Cloud Functions Invocations",NULL,"NZTFUS3GUUMGNLXN.047GP12U","proj-helios-prod","helios-prod","BillingAccount","{""business_unit"": ""LisbonOps"", ""application"": ""AtlasPortal"", ""owner"": ""k.johnson""}","us-central1-a","Usage-Based",NULL,"Serverless Compute",1.1340,177.466464,1.8291
1864.027813,"123456789012","SunBird","BillingAccount","USD","2024-10-01T00:00:00Z","2024-09-01T00:00:00Z",NULL,NULL,"Purchase",NULL,"Elastic Load Balancing Load Balancer in Europe (Ireland)","2024-09-30T18:00:00Z","2024-09-30T17:00:00Z",NULL,NULL,NULL,NULL,NULL,NULL,NULL,NULL,NULL,1864.027813,3.9227,0,"AWS",1882.845337,3.9623,"Standard","USD",475.19,"LCU-Hours","AWS","AWS","eu-west-1","Europe (Ireland)","arn:aws:ec2:eu-west-1:123456789012:instance/i-00d2e35ce3bc",NULL,"Load Balancer","Networking","Elastic Load Balancing","I4ARXIP679WZKIV9","Elastic Load Balancing LCU-Hours",NULL,"10DU60282RTKI5V6.VR8V1XUS","517389287820","Atlas Nimbus","BillingAccount","{""owner"": ""a.turing""}",NULL,"One-Time",NULL,"Application Networking",3.9227,0,3.9623
116.72616372,"8a93b2c1-1234-4abc-9def-0123456789ab","Contoso Cloud","BillingProfile","USD","2024-10-01T00:00:00Z","2024-09-01T00:00:00Z",NULL,NULL,"Usage",NULL,"Azure SQL Database SQL Database in East US","2024-09-30T14:00:00Z","2024-09-30T13:00:00Z",NULL,NULL,NULL,NULL,NULL,NULL,NULL,68.0700000000,"Hours",188.26800599999999,2.7658,116.72616372,"Microsoft",289.64465699999994,4.2551,"Standard","USD",68.07,"Hours","Microsoft","Microsoft","eastus","East US","/subscriptions/8a93b2c1-1234-4abc-9def-0123456789ab/resourceGroups/rg-314/providers/Microsoft.Compute/virtualMachines/vm-9675",NULL,"SQL Database","Databases","Azure SQL Database","HUUENAUV4C7N19LG","Azure SQL Database Hours",NULL,"STS77YY5J5O122S0.JAIX6KXS","sub-9a1f","Production","BillingProfile","{""cost_center"": ""CC-3090""}",NULL,"Usage-Based",NULL,"Relational Databases",2.7658,116.72616372,4.2551
190.68552,"123456789012","SunBird","BillingAccount","USD","2024-10-01T00:00:00Z","2024-09-01T00:00:00Z",NULL,NULL,"Usage",NULL,"Elastic Load Balancing Load Balancer in US West (Oregon)","2024-09-24T05:00:00Z","2024-09-24T04:00:00Z",NULL,NULL,NULL,NULL,NULL,NULL,NULL,418.1700000000,"LCU-Hours",200.7216,0.4800,190.68552,"AWS",264.116172,0.6316,"Standard","USD",418.17,"LCU-Hours","AWS","AWS","us-west-2","US West (Oregon)","arn:aws:ec2:us-west-2:123456789012:instance/i-004b71768c90",NULL,"Load Balancer","Networking","Elastic Load Balancing","93WB8K4Z7F3LLW43","Elastic Load Balancing LCU-Hours",NULL,"UQX9R4IYJCUJF63Y.9PGZD9L2","517389287820","Atlas Nimbus","BillingAccount","{""application"": ""BrightLensMatrix"", ""owner"": ""a.lovelace"", ""team"": ""payments""}","ap-southeast-2a","Usage-Based",NULL,"Application Networking",0.4800,190.68552,0.6316
1234.92186675,"ocid1.tenancy.oc1..aaaa1234","Meridian OCI","Tenancy","USD","2024-10-01T00:00:00Z","2024-09-01T00:00:00Z",NULL,NULL,"Usage",NULL,"Oracle Object Storage Bucket in US East (Ashburn)","2024-09-30T08:00:00Z","2024-09-30T07:00:00Z",NULL,NULL,NULL,NULL,NULL,NULL,NULL,364.1500000000,"GB",1247.3958249999998,3.4255,1234.92186675,"Oracle",1685.6503499999997,4.6290,"Other","USD",364.15,"GB","Oracle","Oracle","us-ashburn-1","US East (Ashburn)","ocid1.instance.oc1.us-ashburn-1.00432a24bcfa",NULL,"Bucket","Storage","Oracle Object Storage","G1UETP99JPKUXP8N","Oracle Object Storage GB",NULL,"U9TR0H535OKZSPBV.QQ5HL22A","ocid1.compartment.oc1..dev","development","Tenancy","{""environment"": ""dev"", ""owner"": ""g.hopper""}",NULL,"Usage-Based",NULL,"Object Storage",3.4255,1234.92186675,4.6290
320.983052,"8a93b2c1-1234-4abc-9def-0123456789ab","Contoso Cloud","BillingProfile","USD","2024-10-01T00:00:00Z","2024-09-01T00:00:00Z",NULL,NULL,"Usage",NULL,"Azure Kubernetes Service Cluster in East US","2024-09-03T09:00:00Z","2024-09-03T08:00:00Z","Usage","cd-614145","commit-4145",NULL,"Used","Reserved Instance",NULL,234.2600000000,"Hours",493.82008,2.1080,320.983052,"Microsoft",617.2751,2.6350,"Committed","USD",234.26,"Hours","Microsoft","Microsoft","eastus","East US","/subscriptions/8a93b2c1-1234-4abc-9def-0123456789ab/resourceGroups/rg-618/providers/Microsoft.Compute/virtualMachines/vm-2301",NULL,"Cluster","Compute","Azure Kubernetes Service","XZD9MLCCQ9537662","Azure Kubernetes Service Hours",NULL,"WNX6WLP8ZDCMBRTP.YFUH3EWK","sub-9a1f","Production","BillingProfile",NULL,"uksouth-1","Usage-Based",NULL,"Containers",2.1080,320.983052,2.6350
824.25072576,"123456789012","SunBird","BillingAccount","USD","2024-10-01T00:00:00Z","2024-09-01T00:00:00Z",NULL,NULL,"Usage",NULL,"Amazon Elastic Compute Cloud Virtual Machine in US West (Oregon)","2024-09-25T16:00:00Z","2024-09-25T15:00:00Z",NULL,NULL,NULL,NULL,NULL,NULL,NULL,470.9100000000,"Hours",1287.891759,2.7349,824.25072576,"AWS",1764.217224,3.7464,"Other","USD",470.91,"Hours","AWS","AWS","us-west-2","US West (Oregon)","arn:aws:ec2:us-west-2:123456789012:instance/i-009046764fde",NULL,"Virtual Machine","Compute","Amazon Elastic Compute Cloud","FN5FHJZDJJHNKH30","Amazon Elastic Compute Cloud Hours",NULL,"3IDHFHHYZGILCHC2.IV72PMNC","663626350770","Zenith Apollo","BillingAccount","{""cost_center"": ""CC-3090"", ""environment"": ""dev"", ""application"": ""BrightLensMatrix""}",NULL,"Usage-Based",NULL,"Virtual Machines",2.7349,824.25072576,3.7464
617.71268832,"8a93b2c1-1234-4abc-9def-0123456789ab","Contoso Cloud","BillingProfile","USD","2024-10-01T00:00:00Z","2024-09-01T00:00:00Z",NULL,NULL,"Usage","Correction","Azure Kubernetes Service Cluster in UK South","2024-09-09T22:00:00Z","2024-09-09T21:00:00Z","Usage","cd-901489","commit-1489",NULL,"Used","Reserved Instance",NULL,227.6800000000,"Hours",678.805152,2.9814,617.71268832,"Microsoft",998.2401920000001,4.3844,"Standard","USD",227.68,"Hours","Microsoft","Microsoft","uksouth","UK South","/subscriptions/8a93b2c1-1234-4abc-9def-0123456789ab/resourceGroups/rg-738/providers/Microsoft.Compute/virtualMachines/vm-6639",NULL,"Cluster","Compute","Azure Kubernetes Service","7IVAUIJSYIBMXWYE","Azure Kubernetes Service Hours",NULL,"ANWI5BGO3HJRM1W9.U8XYTINB","sub-2b7c","Staging","BillingProfile",NULL,"uksouth-1","Usage-Based",NULL,"Containers",2.9814,617.71268832,4.3844
125.60255372,"123456789012","SunBird","BillingAccount","USD","2024-10-01T00:00:00Z","2024-09-01T00:00:00Z",NULL,NULL,"Usage",NULL,"AWS Lambda Function in US West (Oregon)","2024-09-07T01:00:00Z","2024-09-07T00:00:00Z",NULL,NULL,NULL,NULL,NULL,NULL,NULL,61.5700000000,"Requests",153.173846,2.4878,125.60255372,"AWS",189.099941,3.0713,"Dynamic","USD",61.57,"Requests","AWS","AWS","us-west-2","US West (Oregon)","arn:aws:ec2:us-west-2:123456789012:instance/i-00cfb9e6dcf5",NULL,"Function","Compute","AWS Lambda","F11B0OIIS7GVUQKA","AWS Lambda Requests",NULL,"OSCPDHBXZ52X1TEX.2WXS1LPQ","517389287820","Atlas Nimbus","BillingAccount",NULL,NULL,"Usage-Based",NULL,"Serverless Compute",2.4878,125.60255372,3.0713
7.89647235,"123456789012","SunBird","BillingAccount","USD","2024-10-01T00:00:00Z","2024-09-01T00:00:00Z",NULL,NULL,"Usage",NULL,"Amazon Simple Storage Service Bucket in Europe (Ireland)","2024-09-19T13:00:00Z","2024-09-19T12:00:00Z","Spend","cd-317285","commit-7285",NULL,"Unused","Committed Use Discount",NULL,NULL,NULL,12.148419,0.4089,7.89647235,"AWS",17.606146000000003,0.5926,"Committed","USD",29.71,"GB","AWS","AWS","eu-west-1","Europe (Ireland)","arn:aws:ec2:eu-west-1:123456789012:instance/i-0040c5a4f9bd",NULL,"Bucket","Storage","Amazon Simple Storage Service","17C8A7GX2GJBGVD3","Amazon Simple Storage Service GB",NULL,"FM6C02GPD3OVFDSX.7R5TMZLH","438839167390","Zenith Eclipse","BillingAccount","{""team"": ""infra""}","us-east-1a","Usage-Based",NULL,"Object Storage",0.4089,7.89647235,0.5926
219.8346444,"123456789012","SunBird","BillingAccount","USD","2024-10-01T00:00:00Z","2024-09-01T00:00:00Z",NULL,NULL,"Usage",NULL,"Amazon Elastic Compute Cloud Virtual Machine in Asia Pacific (Sydney)","2024-09-15T22:00:00Z","2024-09-15T21:00:00Z","Spend","cd-226349","commit-6349",NULL,"Used","Savings Plan",NULL,177.6700000000,"Hours",314.049492,1.7676,219.8346444,"AWS",378.36603199999996,2.1296,"Other","USD",177.67,"Hours","AWS","AWS","ap-southeast-2","Asia Pacific (Sydney)","arn:aws:ec2:ap-southeast-2:123456789012:instance/i-0059347d154a",NULL,"Virtual Machine","Compute","Amazon Elastic Compute Cloud","1Z1JFWE7PI4BCDRZ","Amazon Elastic Compute Cloud Hours",NULL,"01GTVBEHD253HQCB.QP89ERAU","517389287820","Atlas Nimbus","BillingAccount","{""cost_center"": ""CC-2042""}","ap-southeast-2a","Usage-Based",NULL,"Virtual Machines",1.7676,219.8346444,2.1296
374.55622776,"123456789012","SunBird","BillingAccount","USD","2024-10-01T00:00:00Z","2024-09-01T00:00:00Z",NULL,NULL,"Usage",NULL,"Amazon Relational Database Service Database Instance in US West (Oregon)","2024-09-11T22:00:00Z","2024-09-11T21:00:00Z",NULL,NULL,NULL,NULL,NULL,NULL,NULL,403.9200000000,"Hours",402.748632,0.9971,374.55622776,"AWS",601.113744,1.4882,"Standard","USD",403.92,"Hours","AWS","AWS","us-west-2","US West (Oregon)","arn:aws:ec2:us-west-2:123456789012:instance/i-0035f7dd4567",NULL,"Database Instance","Databases","Amazon Relational Database Service","0Y9SG0YGJN5SD54R","Amazon Relational Database Service Hours",NULL,"POLU1LN6SH2AEQK1.IBN3D638","517389287820","Atlas Nimbus","BillingAccount","{""cost_center"": ""CC-3090"", ""team"": ""platform"", ""environment"": ""dev""}","ap-southeast-2a","Usage-Based",NULL,"Relational Databases",0.9971,374.55622776,1.4882
937.4282400000001,"123456789012","SunBird","BillingAccount","USD","2024-10-01T00:00:00Z","2024-09-01T00:00:00Z",NULL,NULL,"Purchase",NULL,"Amazon Elastic Compute Cloud Virtual Machine in Asia Pacific (Sydney)","2024-09-07T19:00:00Z","2024-09-07T18:00:00Z",NULL,NULL,NULL,NULL,NULL,NULL,NULL,NULL,NULL,937.4282400000001,2.9720,0,"AWS",1041.5799240000001,3.3022,"Standard","USD",315.42,"Hours","AWS","AWS","ap-southeast-2","Asia Pacific (Sydney)","arn:aws:ec2:ap-southeast-2:123456789012:instance/i-003d2f13dcc8",NULL,"Virtual Machine","Compute","Amazon Elastic Compute Cloud","HF2B86S6BE8ZQT8I","Amazon Elastic Compute Cloud Hours",NULL,"KH2W76O26X2A8LDB.Q8C04U4F","517389287820","Atlas Nimbus","BillingAccount","{""environment"": ""staging""}",NULL,"Recurring",NULL,"Virtual Machines",2.9720,0,3.3022
998.41952,"8a93b2c1-1234-4abc-9def-0123456789ab","Contoso Cloud","BillingProfile","USD","2024-10-01T00:00:00Z","2024-09-01T00:00:00Z",NULL,NULL,"Usage",NULL,"Azure Kubernetes Service Cluster in East US","2024-09-26T10:00:00Z","2024-09-26T09:00:00Z",NULL,NULL,NULL,NULL,NULL,NULL,NULL,334.0000000000,"Hours",1248.0244,3.7366,998.41952,"Microsoft",1560.0138,4.6707,"Other","USD",334.00,"Hours","Microsoft","Microsoft","eastus","East US","/subscriptions/8a93b2c1-1234-4abc-9def-0123456789ab/resourceGroups/rg-988/providers/Microsoft.Compute/virtualMachines/vm-4289",NULL,"Cluster","Compute","Azure Kubernetes Service","Z4DRCWOHQF1HW1C5","Azure Kubernetes Service Hours",NULL,"9PL5S99OVYWG3ZLS.C0SYY8PQ","sub-2b7c","Staging","BillingProfile","{""cost_center"": ""CC-3090""}","uksouth-1","Usage-Based",NULL,"Containers",3.7366,998.41952,4.6707
10.3405104,"ocid1.tenancy.oc1..aaaa1234","Meridian OCI","Tenancy","USD","2024-10-01T00:00:00Z","2024-09-01T00:00:00Z",NULL,NULL,"Usage",NULL,"Oracle Compute Instance in UK South (London)","2024-09-22T20:00:00Z","2024-09-22T19:00:00Z",NULL,NULL,NULL,NULL,NULL,NULL,NULL,5.8200000000,"Hours",15.667440000000001,2.6920,10.3405104,"Oracle",16.320444,2.8042,"Dynamic","USD",5.82,"Hours","Oracle","Oracle","uk-london-1","UK South (London)","ocid1.instance.oc1.uk-london-1.0097488d67ac",NULL,"Instance","Compute","Oracle Compute","OR8Z86OC1IQZ4J72","Oracle Compute Hours",NULL,"E1BEFTENHPWKN0GO.N40AVLPC","ocid1.compartment.oc1..dev","development","Tenancy","{""owner"": ""a.turing""}","us-ashburn-1-AD-1","Usage-Based",NULL,"Virtual Machines",2.6920,10.3405104,2.8042
457.421553,"01ABCD-2345EF-6789GH","Helios Labs","BillingAccount","USD","2024-10-01T00:00:00Z","2024-09-01T00:00:00Z",NULL,NULL,"Adjustment",NULL,"Cloud Functions Function in Iowa","2024-09-15T05:00:00Z","2024-09-15T04:00:00Z",NULL,NULL,NULL,NULL,NULL,NULL,NULL,NULL,NULL,508.24617,1.1170,457.421553,"Google",819.746016,1.8016,"Standard","USD",455.01,"Invocations","Google","Google","us-central1","Iowa",NULL,NULL,NULL,"Compute","Cloud Functions","RB0ZE44E7IQ88C88","Cloud Functions Invocations",NULL,"AZ39JGRF2R07GOUL.ZYQ818PZ","proj-helios-dev","helios-dev","BillingAccount","{""application"": ""BrightLensMatrix"", ""team"": ""payments"", ""business_unit"": ""OsloData""}",NULL,"One-Time",NULL,"Serverless Compute",1.1170,457.421553,1.8016
270.2093498,"ocid1.tenancy.oc1..aaaa1234","Meridian OCI","Tenancy","USD","2024-10-01T00:00:00Z","2024-09-01T00:00:00Z",NULL,NULL,"Usage",NULL,"Oracle Autonomous Database Database in Australia East (Sydney)","2024-09-25T05:00:00Z","2024-09-25T04:00:00Z","Spend","cd-230145","commit-0145",NULL,"Used","Committed Use Discount",NULL,163.6700000000,"Hours",293.705815,1.7945,270.2093498,"Oracle",481.484406,2.9418,"Standard","USD",163.67,"Hours","Oracle","Oracle","ap-sydney-1","Australia East (Sydney)","ocid1.instance.oc1.ap-sydney-1.0056a4f61dce",NULL,"Database","Databases","Oracle Autonomous Database","YCWHE4F1DO89ZN0U","Oracle Autonomous Database Hours",NULL,"P0IG6QUXDY5ADBTI.T7QLDSYY","ocid1.compartment.oc1..dev","development","Tenancy",NULL,NULL,"Usage-Based",NULL,"Relational Databases",1.7945,270.2093498,2.9418
4.61471256,"01ABCD-2345EF-6789GH","Helios Labs","BillingAccount","USD","2024-10-01T00:00:00Z","2024-09-01T00:00:00Z",NULL,NULL,"Usage",NULL,"Cloud Load Balancing Forwarding Rule in Northern Virginia","2024-09-22T06:00:00Z","2024-09-22T05:00:00Z",NULL,NULL,NULL,NULL,NULL,NULL,NULL,131.0700000000,"Hours",6.409323,0.0489,4.61471256,"Google",9.423933,0.0719,"Dynamic","USD",131.07,"Hours","Google","Google","us-east4","Northern Virginia","//compute.googleapis.com/projects/Helios Labs/zones/us-east4-a/instances/inst-2597",NULL,"Forwarding Rule","Networking","Cloud Load Balancing","OM6B1IPXQZYIL0VS","Cloud Load Balancing Hours",NULL,"DGZVWODA1KLHLJSL.2144TZIU","proj-helios-dev","helios-dev","BillingAccount","{""business_unit"": ""ViennaAI"", ""cost_center"": ""CC-3090""}","europe-west1-b","Usage-Based",NULL,"Application Networking",0.0489,4.61471256,0.0719
129.01821552,"123456789012","SunBird","BillingAccount","USD","2024-10-01T00:00:00Z","2024-09-01T00:00:00Z",NULL,NULL,"Usage",NULL,"Amazon Simple Queue Service Queue in US East (N. Virginia)","2024-09-04T09:00:00Z","2024-09-04T08:00:00Z",NULL,NULL,NULL,NULL,NULL,NULL,NULL,46.1600000000,"Requests",138.72926399999997,3.0054,129.01821552,"AWS",210.194176,4.5536,"Standard","USD",46.16,"Requests","AWS","AWS","us-east-1","US East (N. Virginia)","arn:aws:ec2:us-east-1:123456789012:instance/i-007d43d9d9dc",NULL,"Queue","Integration","Amazon Simple Queue Service","459IMFLW2AR2I0QK","Amazon Simple Queue Service Requests",NULL,"1EJHKDN7QO4VO1WY.8D39WKXQ","517389287820","Atlas Nimbus","BillingAccount","{""team"": ""platform"", ""application"": ""BrightLensMatrix"", ""cost_center"": ""CC-2042""}",NULL,"Usage-Based",NULL,"Messaging",3.0054,129.01821552,4.5536
856.0116612,"8a93b2c1-1234-4abc-9def-0123456789ab","Contoso Cloud","BillingProfile","USD","2024-10-01T00:00:00Z","2024-09-01T00:00:00Z",NULL,NULL,"Usage",NULL,"Azure SQL Database SQL Database in West Europe","2024-09-29T16:00:00Z","2024-09-29T15:00:00Z",NULL,NULL,NULL,NULL,NULL,NULL,NULL,251.7400000000,"Hours",951.1240680000001,3.7782,856.0116612,"Microsoft",1105.969342,4.3933,"Standard","USD",251.74,"Hours","Microsoft","Microsoft","westeurope","West Europe","/subscriptions/8a93b2c1-1234-4abc-9def-0123456789ab/resourceGroups/rg-210/providers/Microsoft.Compute/virtualMachines/vm-9663",NULL,"SQL Database","Databases","Azure SQL Database","TXS3VJMEHIMJ2S85","Azure SQL Database Hours",NULL,"F22ZNPSK5KBM98YK.E4WA8DEY","sub-9a1f","Production","BillingProfile",NULL,NULL,"Usage-Based",NULL,"Relational Databases",3.7782,856.0116612,4.3933
1735.8988852,"123456789012","SunBird","BillingAccount","USD","2024-10-01T00:00:00Z","2024-09-01T00:00:00Z",NULL,NULL,"Usage",NULL,"Amazon Relational Database Service Database Instance in Europe (Ireland)","2024-09-28T03:00:00Z","2024-09-28T02:00:00Z","Spend","cd-970049","commit-0049",NULL,"Used","Savings Plan",NULL,497.1700000000,"Hours",2116.94986,4.2580,1735.8988852,"AWS",2433.299131,4.8943,"Committed","USD",497.17,"Hours","AWS","AWS","eu-west-1","Europe (Ireland)","arn:aws:ec2:eu-west-1:123456789012:instance/i-0028cc3a6e48",NULL,"Database Instance","Databases","Amazon Relational Database Service","Z246S6E1WLRQQXQQ","Amazon Relational Database Service Hours",NULL,"1D8N8XE4N29GAUPH.J8366Q8Y","663626350770","Zenith Apollo","BillingAccount","{""business_unit"": ""ViennaAI""}","us-east-1a","Usage-Based",NULL,"Relational Databases",4.2580,1735.8988852,4.8943
357.31822464,"ocid1.tenancy.oc1..aaaa1234","Meridian OCI","Tenancy","USD","2024-10-01T00:00:00Z","2024-09-01T00:00:00Z",NULL,NULL,"Usage",NULL,"Oracle Load Balancer Load Balancer in Australia East (Sydney)","2024-09-30T12:00:00Z","2024-09-30T11:00:00Z",NULL,NULL,NULL,NULL,NULL,NULL,NULL,240.6300000000,"Hours",558.309726,2.3202,357.31822464,"Oracle",845.910702,3.5154,"Standard","USD",240.63,"Hours","Oracle","Oracle","ap-sydney-1","Australia East (Sydney)","ocid1.instance.oc1.ap-sydney-1.00b14501e31d",NULL,"Load Balancer","Networking","Oracle Load Balancer","8YQLRIN9O2K7PPGJ","Oracle Load Balancer Hours",NULL,"H95BZKNL76D9NKJH.CHALOLAB","ocid1.compartment.oc1..prod","production","Tenancy","{""team"": ""platform"", ""environment"": ""prod""}",NULL,"Usage-Based",NULL,"Application Networking",2.3202,357.31822464,3.5154
791.51954992,"ocid1.tenancy.oc1..aaaa1234","Meridian OCI","Tenancy","USD","2024-10-01T00:00:00Z","2024-09-01T00:00:00Z",NULL,NULL,"Usage",NULL,"Oracle Functions Function in UK South (London)","2024-09-05T22:00:00Z","2024-09-05T21:00:00Z","Usage","cd-809608","commit-9608",NULL,"Unused","Committed Use Discount",NULL,NULL,NULL,815.9995359999999,1.9399,791.51954992,"Oracle",1255.358016,2.9844,"Committed","USD",420.64,"Invocations","Oracle","Oracle","uk-london-1","UK South (London)","ocid1.instance.oc1.uk-london-1.006319d43443",NULL,"Function","Compute","Oracle Functions","MXYFSDP9SUPF6D4R","Oracle Functions Invocations",NULL,"09IMUT0UGCAMB3ZL.AXRVY2EV","ocid1.compartment.oc1..dev","development","Tenancy",NULL,NULL,"Usage-Based",NULL,"Serverless Compute",1.9399,791.51954992,2.9844
9.58703256,"123456789012","SunBird","BillingAccount","USD","2024-10-01T00:00:00Z","2024-09-01T00:00:00Z",NULL,NULL,"Usage",NULL,"Amazon Simple Queue Service Queue in Asia Pacific (Sydney)","2024-09-17T16:00:00Z","2024-09-17T15:00:00Z","Spend","cd-194682","commit-4682",NULL,"Used","Savings Plan",NULL,6.5300000000,"Requests",13.315323,2.0391,9.58703256,"AWS",21.134998000000003,3.2366,"Standard","USD",6.53,"Requests","AWS","AWS","ap-southeast-2","Asia Pacific (Sydney)","arn:aws:ec2:ap-southeast-2:123456789012:instance/i-00754c50db17",NULL,"Queue","Integration","Amazon Simple Queue Service","9M109MS9JY8ZKY3A","Amazon Simple Queue Service Requests",NULL,"7O81997H475EXBX1.LX3E3YBP","663626350770","Zenith Apollo","BillingAccount","{""business_unit"": ""OsloData"", ""application"": ""NimbusAPI"", ""team"": ""platform""}",NULL,"Usage-Based",NULL,"Messaging",2.0391,9.58703256,3.2366
959.48596992,"123456789012","SunBird","BillingAccount","USD","2024-10-01T00:00:00Z","2024-09-01T00:00:00Z",NULL,NULL,"Adjustment",NULL,"Amazon Elastic Compute Cloud Virtual Machine in US West (Oregon)","2024-09-30T23:00:00Z","2024-09-30T22:00:00Z",NULL,NULL,NULL,NULL,NULL,NULL,NULL,NULL,NULL,1031.705344,2.4296,959.48596992,"AWS",1339.8665919999999,3.1553,"Dynamic","USD",424.64,"Hours","AWS","AWS","us-west-2","US West (Oregon)",NULL,NULL,NULL,"Compute","Amazon Elastic Compute Cloud","F9AXIE3XV6UH353S","Amazon Elastic Compute Cloud Hours",NULL,"FI5SYLEG89JRFZI1.RLKJ4V6E","438839167390","Zenith Eclipse","BillingAccount",NULL,NULL,"One-Time",NULL,"Virtual Machines",2.4296,959.48596992,3.1553
495.97990614,"123456789012","SunBird","BillingAccount","USD","2024-10-01T00:00:00Z","2024-09-01T00:00:00Z",NULL,NULL,"Usage",NULL,"AWS Lambda Function in Europe (Ireland)","2024-09-16T16:00:00Z","2024-09-16T15:00:00Z",NULL,NULL,NULL,NULL,NULL,NULL,NULL,411.6600000000,"Requests",627.822666,1.5251,495.97990614,"AWS",713.4479460000001,1.7331,"Standard","USD",411.66,"Requests","AWS","AWS","eu-west-1","Europe (Ireland)","arn:aws:ec2:eu-west-1:123456789012:instance/i-00aafe4d8f93",NULL,"Function","Compute","AWS Lambda","BDEZOV0RD3KNIR4L","AWS Lambda Requests",NULL,"6K9URADF577LKQ2P.FI0EY8XA","663626350770","Zenith Apollo","BillingAccount","{""environment"": ""dev"", ""application"": ""AtlasPortal"", ""owner"": ""a.turing""}",NULL,"Usage-Based",NULL,"Serverless Compute",1.5251,495.97990614,1.7331
67.30695888,"123456789012","SunBird","BillingAccount","USD","2024-10-01T00:00:00Z","2024-09-01T00:00:00Z",NULL,NULL,"Tax",NULL,"Tax charge in Europe (Ireland)","2024-09-28T09:00:00Z","2024-09-28T08:00:00Z",NULL,NULL,NULL,NULL,NULL,NULL,NULL,NULL,NULL,18.5929780000,NULL,67.30695888,"AWS",8.0870830000,NULL,NULL,"USD",NULL,NULL,"AWS","AWS",NULL,NULL,NULL,NULL,NULL,"Other","Tax",NULL,NULL,NULL,NULL,"663626350770","Zenith Apollo","BillingAccount","{""owner"": ""a.lovelace""}",NULL,"One-Time",NULL,"Other (Security)",NULL,67.30695888,NULL
12.24279441,"123456789012","SunBird","BillingAccount","USD","2024-10-01T00:00:00Z","2024-09-01T00:00:00Z",NULL,NULL,"Usage",NULL,"AWS Lambda Function in Europe (Ireland)","2024-09-19T20:00:00Z","2024-09-19T19:00:00Z",NULL,NULL,NULL,NULL,NULL,NULL,NULL,99.8100000000,"Requests",15.899733,0.1593,12.24279441,"AWS",16.388802000000002,0.1642,"Standard","USD",99.81,"Requests","AWS","AWS","eu-west-1","Europe (Ireland)","arn:aws:ec2:eu-west-1:123456789012:instance/i-00bf4562c992",NULL,"Function","Compute","AWS Lambda","F6T9USOJ7309N0WI","AWS Lambda Requests",NULL,"QR4H0F6J4MT8FNEC.QVCJW9ZO","517389287820","Atlas Nimbus","BillingAccount",NULL,NULL,"Usage-Based",NULL,"Serverless Compute",0.1593,12.24279441,0.1642
987.15018605,"8a93b2c1-1234-4abc-9def-0123456789ab","Contoso Cloud","BillingProfile","USD","2024-10-01T00:00:00Z","2024-09-01T00:00:00Z",NULL,NULL,"Credit",NULL,"Virtual Machines Virtual Machine in UK South","2024-09-10T03:00:00Z","2024-09-10T02:00:00Z",NULL,NULL,NULL,NULL,NULL,NULL,NULL,NULL,NULL,1039.1054589999999,3.9659,987.15018605,"Microsoft",1154.5732659999999,4.4066,"Standard","USD",262.01,"Hours","Microsoft","Microsoft","uksouth","UK South",NULL,NULL,NULL,"Compute","Virtual Machines","12M9OQT86M9TLUOY","Virtual Machines Hours",NULL,"TZI8DVVD22RDZX2V.WFXZKNLA","sub-2b7c","Staging","BillingProfile","{""business_unit"": ""LisbonOps"", ""cost_center"": ""CC-1001""}",NULL,"One-Time",NULL,"Virtual Machines",3.9659,987.15018605,4.4066
8.19007872,"123456789012","SunBird","BillingAccount","USD","2024-10-01T00:00:00Z","2024-09-01T00:00:00Z",NULL,NULL,"Usage",NULL,"Elastic Load Balancing Load Balancer in Europe (Ireland)","2024-09-05T14:00:00Z","2024-09-05T13:00:00Z",NULL,NULL,NULL,NULL,NULL,NULL,NULL,154.7400000000,"LCU-Hours",12.796998,0.0827,8.19007872,"AWS",21.338646,0.1379,"Other","USD",154.74,"LCU-Hours","AWS","AWS","eu-west-1","Europe (Ireland)","arn:aws:ec2:eu-west-1:123456789012:instance/i-006b6ce6441d",NULL,"Load Balancer","Networking","Elastic Load Balancing","S2YDLKBZXOURFLAF","Elastic Load Balancing LCU-Hours",NULL,"IL2UWDAK0DFUHVNL.WQ2VC2SC","438839167390","Zenith Eclipse","BillingAccount","{""team"": ""infra""}","us-east-1a","Usage-Based",NULL,"Application Networking",0.0827,8.19007872,0.1379
541.61257365,"123456789012","SunBird","BillingAccount","USD","2024-10-01T00:00:00Z","2024-09-01T00:00:00Z",NULL,NULL,"Usage",NULL,"Amazon Simple Queue Service Queue in US West (Oregon)","2024-09-20T19:00:00Z","2024-09-20T18:00:00Z",NULL,NULL,NULL,NULL,NULL,NULL,NULL,354.1500000000,"Requests",887.8894649999999,2.5071,541.61257365,"AWS",1044.565425,2.9495,"Standard","USD",354.15,"Requests","AWS","AWS","us-west-2","US West (Oregon)","arn:aws:ec2:us-west-2:123456789012:instance/i-00b6f5ea106b",NULL,"Queue","Integration","Amazon Simple Queue Service","NTANHARWICN1C6SE","Amazon Simple Queue Service Requests",NULL,"E8TGOVL8WWPXVJCX.YECD05AB","517389287820","Atlas Nimbus","BillingAccount","{""application"": ""BrightLensMatrix""}",NULL,"Usage-Based",NULL,"Messaging",2.5071,541.61257365,2.9495
327.239934,"ocid1.tenancy.oc1..aaaa1234","Meridian OCI","Tenancy","USD","2024-10-01T00:00:00Z","2024-09-01T00:00:00Z",NULL,NULL,"Usage",NULL,"Oracle Load Balancer Load Balancer in US East (Ashburn)","2024-09-24T08:00:00Z","2024-09-24T07:00:00Z",NULL,NULL,NULL,NULL,NULL,NULL,NULL,131.3900000000,"Hours",327.239934,2.4906,327.239934,"Oracle",511.30418499999996,3.8915,"Dynamic","USD",131.39,"Hours","Oracle","Oracle","us-ashburn-1","US East (Ashburn)","ocid1.instance.oc1.us-ashburn-1.006592713d5e",NULL,"Load Balancer","Networking","Oracle Load Balancer","XOBAZ53YKVUANKWA","Oracle Load Balancer Hours",NULL,"E5NYUQIZLSG38QLD.LJOOTVGE","ocid1.compartment.oc1..prod","production","Tenancy","{""owner"": ""g.hopper""}",NULL,"Usage-Based",NULL,"Application Networking",2.4906,327.239934,3.8915
8.405856,"123456789012","SunBird","BillingAccount","USD","2024-10-01T00:00:00Z","2024-09-01T00:00:00Z",NULL,NULL,"Purchase",NULL,"Elastic Load Balancing Load Balancer in US East (N. Virginia)","2024-09-19T00:00:00Z","2024-09-18T23:00:00Z",NULL,NULL,NULL,NULL,NULL,NULL,NULL,NULL,NULL,8.405856,2.9808,0,"AWS",10.776912,3.8216,"Standard","USD",2.82,"LCU-Hours","AWS","AWS","us-east-1","US East (N. Virginia)","arn:aws:ec2:us-east-1:123456789012:instance/i-0088acf72a41",NULL,"Load Balancer","Networking","Elastic Load Balancing","OIASV3V982ULFK1T","Elastic Load Balancing LCU-Hours",NULL,"KZCOP0LAJ3XW7LEQ.33BIA2HF","663626350770","Zenith Apollo","BillingAccount","{""application"": ""BrightLensMatrix""}",NULL,"Recurring",NULL,"Application Networking",2.9808,0,3.8216
93.631428,"8a93b2c1-1234-4abc-9def-0123456789ab","Contoso Cloud","BillingProfile","USD","2024-10-01T00:00:00Z","2024-09-01T00:00:00Z",NULL,NULL,"Usage",NULL,"Azure Blob Storage Storage Account in East US","2024-09-09T02:00:00Z","2024-09-09T01:00:00Z",NULL,NULL,NULL,NULL,NULL,NULL,NULL,49.5000000000,"GB",139.7484,2.8232,93.631428,"Microsoft",196.82685,3.9763,"Standard","USD",49.50,"GB","Microsoft","Microsoft","eastus","East US","/subscriptions/8a93b2c1-1234-4abc-9def-0123456789ab/resourceGroups/rg-148/providers/Microsoft.Compute/virtualMachines/vm-5154",NULL,"Storage Account","Storage","Azure Blob Storage","XG1GH61N8XV99FU3","Azure Blob Storage GB",NULL,"4KGY97CDVP48NE9Y.J64L6RVT","sub-9a1f","Production","BillingProfile","{""cost_center"": ""CC-3090""}",NULL,"Usage-Based",NULL,"Object Storage",2.8232,93.631428,3.9763
569.111244,"123456789012","SunBird","BillingAccount","USD","2024-10-01T00:00:00Z","2024-09-01T00:00:00Z",NULL,NULL,"Usage","Correction","Elastic Load Balancing Load Balancer in US West (Oregon)","2024-09-21T09:00:00Z","2024-09-21T08:00:00Z",NULL,NULL,NULL,NULL,NULL,NULL,NULL,275.6000000000,"LCU-Hours",669.54264,2.4294,569.111244,"AWS",847.5251200000001,3.0752,"Standard","USD",275.60,"LCU-Hours","AWS","AWS","us-west-2","US West (Oregon)","arn:aws:ec2:us-west-2:123456789012:instance/i-004df01a1637",NULL,"Load Balancer","Networking","Elastic Load Balancing","I7HE0XMAIAICNDRJ","Elastic Load Balancing LCU-Hours",NULL,"OII25WIGPXMCI6F0.VD0QZMAD","517389287820","Atlas Nimbus","BillingAccount","{""environment"": ""prod"", ""application"": ""AtlasPortal"", ""business_unit"": ""OsloData""}","eu-west-1c","Usage-Based",NULL,"Application Networking",2.4294,569.111244,3.0752
205.67824164,"8a93b2c1-1234-4abc-9def-0123456789ab","Contoso Cloud","BillingProfile","USD","2024-10-01T00:00:00Z","2024-09-01T00:00:00Z",NULL,NULL,"Usage",NULL,"Azure Kubernetes Service Cluster in UK South","2024-09-16T05:00:00Z","2024-09-16T04:00:00Z",NULL,NULL,NULL,NULL,NULL,NULL,NULL,305.5600000000,"Hours",236.411772,0.7737,205.67824164,"Microsoft",342.62442799999997,1.1213,"Standard","USD",305.56,"Hours","Microsoft","Microsoft","uksouth","UK South","/subscriptions/8a93b2c1-1234-4abc-9def-0123456789ab/resourceGroups/rg-865/providers/Microsoft.Compute/virtualMachines/vm-1149",NULL,"Cluster","Compute","Azure Kubernetes Service","CK7NHBQP8REYZKJF","Azure Kubernetes Service Hours",NULL,"MH05A6DXZ9X0Z3CY.OZJF6ZXX","sub-2b7c","Staging","BillingProfile","{""team"": ""platform""}","westeurope-2","Usage-Based",NULL,"Containers",0.7737,205.67824164,1.1213
169.13664,"01ABCD-2345EF-6789GH","Helios Labs","BillingAccount","USD","2024-10-01T00:00:00Z","2024-09-01T00:00:00Z",NULL,NULL,"Purchase",NULL,"Cloud Functions Function in Singapore","2024-09-13T20:00:00Z","2024-09-13T19:00:00Z",NULL,NULL,NULL,NULL,NULL,NULL,NULL,NULL,NULL,169.13664,0.8640,0,"Google",192.197168,0.9818,"Dynamic","USD",195.76,"Invocations","Google","Google","asia-southeast1","Singapore","//compute.googleapis.com/projects/Helios Labs/zones/asia-southeast1-a/instances/inst-5826",NULL,"Function","Compute","Cloud Functions","KYI1HFSJQN0IV9UR","Cloud Functions Invocations",NULL,"JG66C85G0JPTFYQO.M9VPIS3L","proj-helios-dev","helios-dev","BillingAccount","{""application"": ""NimbusAPI"", ""business_unit"": ""MarseilleSRE""}",NULL,"Recurring",NULL,"Serverless Compute",0.8640,0,0.9818
439.49108952,"123456789012","SunBird","BillingAccount","USD","2024-10-01T00:00:00Z","2024-09-01T00:00:00Z",NULL,NULL,"Usage",NULL,"Amazon Relational Database Service Database Instance in US West (Oregon)","2024-09-11T12:00:00Z","2024-09-11T11:00:00Z",NULL,NULL,NULL,NULL,NULL,NULL,NULL,404.4600000000,"Hours",472.57106400000004,1.1684,439.49108952,"AWS",487.17206999999996,1.2045,"Standard","USD",404.46,"Hours","AWS","AWS","us-west-2","US West (Oregon)","arn:aws:ec2:us-west-2:123456789012:instance/i-00d20fb9a3af",NULL,"Database Instance","Databases","Amazon Relational Database Service","YR5V3ZRVMXP1X4RZ","Amazon Relational Database Service Hours",NULL,"Y6YE1NRIFLVSXB8A.VT6FVLZJ","517389287820","Atlas Nimbus","BillingAccount","{""application"": ""AtlasPortal"", ""business_unit"": ""OsloData""}",NULL,"Usage-Based",NULL,"Relational Databases",1.1684,439.49108952,1.2045
18.376512,"01ABCD-2345EF-6789GH","Helios Labs","BillingAccount","USD","2024-10-01T00:00:00Z","2024-09-01T00:00:00Z",NULL,NULL,"Usage",NULL,"Cloud Functions Function in Northern Virginia","2024-09-13T22:00:00Z","2024-09-13T21:00:00Z",NULL,NULL,NULL,NULL,NULL,NULL,NULL,6.7800000000,"Invocations",26.25216,3.8720,18.376512,"Google",29.497068000000002,4.3506,"Standard","USD",6.78,"Invocations","Google","Google","us-east4","Northern Virginia","//compute.googleapis.com/projects/Helios Labs/zones/us-east4-a/instances/inst-6148",NULL,"Function","Compute","Cloud Functions","8MPK0HTUTND20O3O","Cloud Functions Invocations",NULL,"GBB8H57WKJHFX92F.9RUKNXRL","proj-helios-dev","helios-dev","BillingAccount","{""business_unit"": ""MarseilleSRE""}","europe-west1-b","Usage-Based",NULL,"Serverless Compute",3.8720,18.376512,4.3506
1149.87258288,"ocid1.tenancy.oc1..aaaa1234","Meridian OCI","Tenancy","USD","2024-10-01T00:00:00Z","2024-09-01T00:00:00Z",NULL,NULL,"Usage",NULL,"Oracle Autonomous Database Database in UK South (London)","2024-09-03T02:00:00Z","2024-09-03T01:00:00Z",NULL,NULL,NULL,NULL,NULL,NULL,NULL,482.4400000000,"Hours",1321.6926239999998,2.7396,1149.87258288,"Oracle",2097.89034,4.3485,"Other","USD",482.44,"Hours","Oracle","Oracle","uk-london-1","UK South (London)","ocid1.instance.oc1.uk-london-1.0085dc4125f0",NULL,"Database","Databases","Oracle Autonomous Database","ZU0MM3AHRDCWJ28E","Oracle Autonomous Database Hours",NULL,"BXU7CCBJ4LIETLU3.MH1BTOHN","ocid1.compartment.oc1..dev","development","Tenancy","{""owner"": ""g.hopper"", ""environment"": ""qa""}","us-ashburn-1-AD-1","Usage-Based",NULL,"Relational Databases",2.7396,1149.87258288,4.3485
368.18718472,"123456789012","SunBird","BillingAccount","USD","2024-10-01T00:00:00Z","2024-09-01T00:00:00Z",NULL,NULL,"Usage",NULL,"Amazon Simple Queue Service Queue in US West (Oregon)","2024-09-09T12:00:00Z","2024-09-09T11:00:00Z","Spend","cd-855861","commit-5861",NULL,"Used","Committed Use Discount",NULL,172.9400000000,"Requests",484.456822,2.8013,368.18718472,"AWS",613.24524,3.5460,"Committed","USD",172.94,"Requests","AWS","AWS","us-west-2","US West (Oregon)","arn:aws:ec2:us-west-2:123456789012:instance/i-00c024933612",NULL,"Queue","Integration","Amazon Simple Queue Service","NPJKJ2OM7LASX4OW","Amazon Simple Queue Service Requests",NULL,"OIO11F6WC4ZFD93C.6LY5H6KM","517389287820","Atlas Nimbus","BillingAccount","{""team"": ""payments"", ""environment"": ""staging"", ""business_unit"": ""OsloData""}",NULL,"Usage-Based",NULL,"Messaging",2.8013,368.18718472,3.5460
646.05450789,"123456789012","SunBird","BillingAccount","USD","2024-10-01T00:00:00Z","2024-09-01T00:00:00Z",NULL,NULL,"Usage",NULL,"Amazon Elastic Compute Cloud Virtual Machine in US East (N. Virginia)","2024-09-06T08:00:00Z","2024-09-06T07:00:00Z",NULL,NULL,NULL,NULL,NULL,NULL,NULL,322.4100000000,"Hours",936.3108810000001,2.9041,646.05450789,"AWS",1534.9295280000001,4.7608,"Standard","USD",322.41,"Hours","AWS","AWS","us-east-1","US East (N. Virginia)","arn:aws:ec2:us-east-1:123456789012:instance/i-004ac2f45578",NULL,"Virtual Machine","Compute","Amazon Elastic Compute Cloud","U2QIJNNJJK6BGSQJ","Amazon Elastic Compute Cloud Hours",NULL,"W9JLLWZDYLVNXDYP.4PEH8DRZ","438839167390","Zenith Eclipse","BillingAccount","{""environment"": ""qa"", ""application"": ""AtlasPortal"", ""team"": ""growth""}",NULL,"Usage-Based",NULL,"Virtual Machines",2.9041,646.05450789,4.7608
1207.18674118,"ocid1.tenancy.oc1..aaaa1234","Meridian OCI","Tenancy","USD","2024-10-01T00:00:00Z","2024-09-01T00:00:00Z",NULL,NULL,"Usage",NULL,"Oracle Autonomous Database Database in US East (Ashburn)","2024-09-01T07:00:00Z","2024-09-01T06:00:00Z",NULL,NULL,NULL,NULL,NULL,NULL,NULL,428.3900000000,"Hours",1403.7055129999999,3.2767,1207.18674118,"Oracle",2034.381271,4.7489,"Standard","USD",428.39,"Hours","Oracle","Oracle","us-ashburn-1","US East (Ashburn)","ocid1.instance.oc1.us-ashburn-1.00dd80b88b05",NULL,"Database","Databases","Oracle Autonomous Database","YLZD6SZO4XYEUR4C","Oracle Autonomous Database Hours",NULL,"XUQELEXF1REEVV1R.BFYNU295","ocid1.compartment.oc1..prod","production","Tenancy",NULL,NULL,"Usage-Based",NULL,"Relational Databases",3.2767,1207.18674118,4.7489
1499.618586,"8a93b2c1-1234-4abc-9def-0123456789ab","Contoso Cloud","BillingProfile","USD","2024-10-01T00:00:00Z","2024-09-01T00:00:00Z",NULL,NULL,"Usage",NULL,"Virtual Machines Virtual Machine in UK South","2024-09-06T21:00:00Z","2024-09-06T20:00:00Z",NULL,NULL,NULL,NULL,NULL,NULL,NULL,488.2000000000,"Hours",1578.54588,3.2334,1499.618586,"Microsoft",1627.36588,3.3334,"Dynamic","USD",488.20,"Hours","Microsoft","Microsoft","uksouth","UK South","/subscriptions/8a93b2c1-1234-4abc-9def-0123456789ab/resourceGroups/rg-730/providers/Microsoft.Compute/virtualMachines/vm-1115",NULL,"Virtual Machine","Compute","Virtual Machines","EMP1Z383ZC74NEK1","Virtual Machines Hours",NULL,"54OFLI2YB3V78480.WPNTMHFY","sub-9a1f","Production","BillingProfile",NULL,NULL,"Usage-Based",NULL,"Virtual Machines",3.2334,1499.618586,3.3334
121.87888816,"01ABCD-2345EF-6789GH","Helios Labs","BillingAccount","USD","2024-10-01T00:00:00Z","2024-09-01T00:00:00Z",NULL,NULL,"Usage",NULL,"Cloud Storage Bucket in Iowa","2024-09-08T19:00:00Z","2024-09-08T18:00:00Z",NULL,NULL,NULL,NULL,NULL,NULL,NULL,79.2800000000,"GiB",199.801456,2.5202,121.87888816,"Google",232.33004,2.9305,"Standard","USD",79.28,"GiB","Google","Google","us-central1","Iowa","//compute.googleapis.com/projects/Helios Labs/zones/us-central1-a/instances/inst-277",NULL,"Bucket","Storage","Cloud Storage","I093ZTT815ZT22TF","Cloud Storage GiB",NULL,"0MYW1CQVCB0PWUO4.MCYR1L32","proj-helios-dev","helios-dev","BillingAccount","{""business_unit"": ""LisbonOps"", ""cost_center"": ""CC-2042""}","asia-southeast1-c","Usage-Based",NULL,"Object Storage",2.5202,121.87888816,2.9305
241.88215745,"123456789012","SunBird","BillingAccount","USD","2024-10-01T00:00:00Z","2024-09-01T00:00:00Z",NULL,NULL,"Tax",NULL,"Tax charge in Europe (Ireland)","2024-09-25T07:00:00Z","2024-09-25T06:00:00Z",NULL,NULL,NULL,NULL,NULL,NULL,NULL,NULL,NULL,11.0121960000,NULL,241.88215745,"AWS",52.9016200000,NULL,NULL,"USD",NULL,NULL,"AWS","AWS",NULL,NULL,NULL,NULL,NULL,"Other","Tax",NULL,NULL,NULL,NULL,"517389287820","Atlas Nimbus","BillingAccount",NULL,NULL,"One-Time",NULL,"Other (Security)",NULL,241.88215745,NULL
701.5314384,"ocid1.tenancy.oc1..aaaa1234","Meridian OCI","Tenancy","USD","2024-10-01T00:00:00Z","2024-09-01T00:00:00Z",NULL,NULL,"Usage",NULL,"Oracle Functions Function in Australia East (Sydney)","2024-09-19T05:00:00Z","2024-09-19T04:00:00Z",NULL,NULL,NULL,NULL,NULL,NULL,NULL,426.6600000000,"Invocations",825.331104,1.9344,701.5314384,"Oracle",1310.016864,3.0704,"Standard","USD",426.66,"Invocations","Oracle","Oracle","ap-sydney-1","Australia East (Sydney)","ocid1.instance.oc1.ap-sydney-1.006387f4bb13",NULL,"Function","Compute","Oracle Functions","VQSOTQETHZPPQR2S","Oracle Functions Invocations",NULL,"OR0QB79KJODV60I4.N87RGPKG","ocid1.compartment.oc1..prod","production","Tenancy","{""cost_center"": ""CC-2042"", ""team"": ""growth""}","uk-london-1-AD-2","Usage-Based",NULL,"Serverless Compute",1.9344,701.5314384,3.0704
394.7181312,"ocid1.tenancy.oc1..aaaa1234","Meridian OCI","Tenancy","USD","2024-10-01T00:00:00Z","2024-09-01T00:00:00Z",NULL,NULL,"Usage",NULL,"Oracle Object Storage Bucket in US East (Ashburn)","2024-09-05T22:00:00Z","2024-09-05T21:00:00Z",NULL,NULL,NULL,NULL,NULL,NULL,NULL,163.4200000000,"GB",580.4678399999999,3.5520,394.7181312,"Oracle",734.769004,4.4962,"Dynamic","USD",163.42,"GB","Oracle","Oracle","us-ashburn-1","US East (Ashburn)","ocid1.instance.oc1.us-ashburn-1.006453731abc",NULL,"Bucket","Storage","Oracle Object Storage","R1TYEJODBJWGIHN3","Oracle Object Storage GB",NULL,"VZW7ZMVV4A91FNEQ.X9TMQUZY","ocid1.compartment.oc1..prod","production","Tenancy","{""business_unit"": ""MarseilleSRE"", ""team"": ""payments""}","us-ashburn-1-AD-1","Usage-Based",NULL,"Object Storage",3.5520,394.7181312,4.4962
60.203088,"123456789012","SunBird","BillingAccount","USD","2024-10-01T00:00:00Z","2024-09-01T00:00:00Z",NULL,NULL,"Usage",NULL,"Amazon Elastic Compute Cloud Virtual Machine in US West (Oregon)","2024-09-24T12:00:00Z","2024-09-24T11:00:00Z",NULL,NULL,NULL,NULL,NULL,NULL,NULL,148.3200000000,"Hours",91.21679999999999,0.6150,60.203088,"AWS",136.142928,0.9179,"Standard","USD",148.32,"Hours","AWS","AWS","us-west-2","US West (Oregon)","arn:aws:ec2:us-west-2:123456789012:instance/i-00667a5c0e6a",NULL,"Virtual Machine","Compute","Amazon Elastic Compute Cloud","3SLQ0NGBTO206Z8B","Amazon Elastic Compute Cloud Hours",NULL,"C9UJRYDJF52SE3QM.CTNUDJO8","663626350770","Zenith Apollo","BillingAccount",NULL,NULL,"Usage-Based",NULL,"Virtual Machines",0.6150,60.203088,0.9179
217.573182,"123456789012","SunBird","BillingAccount","USD","2024-10-01T00:00:00Z","2024-09-01T00:00:00Z",NULL,NULL,"Usage",NULL,"Amazon Simple Storage Service Bucket in US West (Oregon)","2024-09-27T01:00:00Z","2024-09-27T00:00:00Z",NULL,NULL,NULL,NULL,NULL,NULL,NULL,90.6000000000,"GB",241.74797999999998,2.6683,217.573182,"AWS",340.48386,3.7581,"Standard","USD",90.60,"GB","AWS","AWS","us-west-2","US West (Oregon)","arn:aws:ec2:us-west-2:123456789012:instance/i-00e2e81bb621",NULL,"Bucket","Storage","Amazon Simple Storage Service","OAIBIVZGNNAOBOMQ","Amazon Simple Storage Service GB",NULL,"032EH13XA21J4WUP.DLRXNDFL","663626350770","Zenith Apollo","BillingAccount",NULL,"us-west-2b","Usage-Based",NULL,"Object Storage",2.6683,217.573182,3.7581
50.65956336,"01ABCD-2345EF-6789GH","Helios Labs","BillingAccount","USD","2024-10-01T00:00:00Z","2024-09-01T00:00:00Z",NULL,NULL,"Usage",NULL,"BigQuery Dataset in Belgium","2024-09-02T06:00:00Z","2024-09-02T05:00:00Z",NULL,NULL,NULL,NULL,NULL,NULL,NULL,23.3400000000,"GiB",51.693431999999994,2.2148,50.65956336,"Google",63.04134,2.7010,"Standard","USD",23.34,"GiB","Google","Google","europe-west1","Belgium","//compute.googleapis.com/projects/Helios Labs/zones/europe-west1-a/instances/inst-4132",NULL,"Dataset","Analytics","BigQuery","ISDXD20Q83G45UQ0","BigQuery GiB",NULL,"GLQDYX8O82J4JV6E.LJUCVYZ8","proj-helios-prod","helios-prod","BillingAccount","{""application"": ""NimbusAPI""}",NULL,"Usage-Based",NULL,"Data Warehouses",2.2148,50.65956336,2.7010
586.74169344,"01ABCD-2345EF-6789GH","Helios Labs","BillingAccount","USD","2024-10-01T00:00:00Z","2024-09-01T00:00:00Z",NULL,NULL,"Usage",NULL,"Cloud Functions Function in Belgium","2024-09-21T18:00:00Z","2024-09-21T17:00:00Z","Spend","cd-149436","commit-9436",NULL,"Unused","Committed Use Discount",NULL,NULL,NULL,916.7838959999999,3.1976,586.74169344,"Google",1348.2251039999999,4.7024,"Dynamic","USD",286.71,"Invocations","Google","Google","europe-west1","Belgium","//compute.googleapis.com/projects/Helios Labs/zones/europe-west1-a/instances/inst-6304",NULL,"Function","Compute","Cloud Functions","DE3D5SCOJWGQWLUH","Cloud Functions Invocations",NULL,"5GLLJ5YQPO93LKBX.SJJHYLYU","proj-helios-prod","helios-prod","BillingAccount","{""environment"": ""staging""}",NULL,"Usage-Based",NULL,"Serverless Compute",3.1976,586.74169344,4.7024
115.83055944,"01ABCD-2345EF-6789GH","Helios Labs","BillingAccount","USD","2024-10-01T00:00:00Z","2024-09-01T00:00:00Z",NULL,NULL,"Credit",NULL,"Cloud Functions Function in Northern Virginia","2024-09-09T08:00:00Z","2024-09-09T07:00:00Z",NULL,NULL,NULL,NULL,NULL,NULL,NULL,NULL,NULL,160.87577700000003,0.5963,115.83055944,"Google",263.746704,0.9776,"Other","USD",269.79,"Invocations","Google","Google","us-east4","Northern Virginia",NULL,NULL,NULL,"Compute","Cloud Functions","6VAR3BKAXY6WEUM2","Cloud Functions Invocations",NULL,"5QLZ1NKU0ORL254U.KKWJB0FZ","proj-helios-prod","helios-prod","BillingAccount","{""business_unit"": ""LisbonOps""}",NULL,"One-Time",NULL,"Serverless Compute",0.5963,115.83055944,0.9776
101.47921168,"123456789012","SunBird","BillingAccount","USD","2024-10-01T00:00:00Z","2024-09-01T00:00:00Z",NULL,NULL,"Usage",NULL,"Amazon Simple Storage Service Bucket in US West (Oregon)","2024-09-28T22:00:00Z","2024-09-28T21:00:00Z",NULL,NULL,NULL,NULL,NULL,NULL,NULL,75.4600000000,"GB",104.617744,1.3864,101.47921168,"AWS",107.85497799999999,1.4293,"Standard","USD",75.46,"GB","AWS","AWS","us-west-2","US West (Oregon)","arn:aws:ec2:us-west-2:123456789012:instance/i-00d8994f7a9c",NULL,"Bucket","Storage","Amazon Simple Storage Service","ZO1P3J0LSLC1YEVQ","Amazon Simple Storage Service GB",NULL,"6B9VGMNGO8CCR8OK.EFLJGLEX","517389287820","Atlas Nimbus","BillingAccount","{""application"": ""BrightSourceCore""}",NULL,"Usage-Based",NULL,"Object Storage",1.3864,101.47921168,1.4293
205.35467008,"123456789012","SunBird","BillingAccount","USD","2024-10-01T00:00:00Z","2024-09-01T00:00:00Z",NULL,NULL,"Usage",NULL,"AWS Lambda Function in Europe (Ireland)","2024-09-07T14:00:00Z","2024-09-07T13:00:00Z","Spend","cd-711161","commit-1161",NULL,"Unused","Committed Use Discount",NULL,NULL,NULL,320.866672,1.2847,205.35467008,"AWS",501.368224,2.0074,"Committed","USD",249.76,"Requests","AWS","AWS","eu-west-1","Europe (Ireland)","arn:aws:ec2:eu-west-1:123456789012:instance/i-00a875f21f02",NULL,"Function","Compute","AWS Lambda","65274PU7UYZSZTH1","AWS Lambda Requests",NULL,"INSLHJ1JLEMLBTEC.SKQ8NHS5","663626350770","Zenith Apollo","BillingAccount","{""application"": ""AtlasPortal"", ""team"": ""payments"", ""business_unit"": ""ViennaAI""}","ap-southeast-2a","Usage-Based",NULL,"Serverless Compute",1.2847,205.35467008,2.0074
543.73278337,"123456789012","SunBird","BillingAccount","USD","2024-10-01T00:00:00Z","2024-09-01T00:00:00Z",NULL,NULL,"Usage",NULL,"Amazon Elastic Compute Cloud Virtual Machine in Asia Pacific (Sydney)","2024-09-20T02:00:00Z","2024-09-20T01:00:00Z",NULL,NULL,NULL,NULL,NULL,NULL,NULL,294.0700000000,"Hours",655.099739,2.2277,543.73278337,"AWS",873.4761209999999,2.9703,"Dynamic","USD",294.07,"Hours","AWS","AWS","ap-southeast-2","Asia Pacific (Sydney)","arn:aws:ec2:ap-southeast-2:123456789012:instance/i-007fb48f5f82",NULL,"Virtual Machine","Compute","Amazon Elastic Compute Cloud","BKADAWMK8VM8ZMGA","Amazon Elastic Compute Cloud Hours",NULL,"UCULRP7P9AW9K0KD.D2Z81K31","663626350770","Zenith Apollo","BillingAccount","{""owner"": ""a.lovelace"", ""environment"": ""prod"", ""application"": ""BrightSourceCore""}",NULL,"Usage-Based",NULL,"Virtual Machines",2.2277,543.73278337,2.9703
104.57421975,"8a93b2c1-1234-4abc-9def-0123456789ab","Contoso Cloud","BillingProfile","USD","2024-10-01T00:00:00Z","2024-09-01T00:00:00Z",NULL,NULL,"Usage",NULL,"Azure Blob Storage Storage Account in West Europe","2024-09-27T01:00:00Z","2024-09-27T00:00:00Z",NULL,NULL,NULL,NULL,NULL,NULL,NULL,107.2500000000,"GB",165.990825,1.5477,104.57421975,"Microsoft",259.36267499999997,2.4183,"Standard","USD",107.25,"GB","Microsoft","Microsoft","westeurope","West Europe","/subscriptions/8a93b2c1-1234-4abc-9def-0123456789ab/resourceGroups/rg-288/providers/Microsoft.Compute/virtualMachines/vm-7403",NULL,"Storage Account","Storage","Azure Blob Storage","ZLZ3GP19TGAEMJ6K","Azure Blob Storage GB",NULL,"MOJG86OWL3E74UBZ.45YGC1XK","sub-4d3e","Sandbox","BillingProfile",NULL,NULL,"Usage-Based",NULL,"Object Storage",1.5477,104.57421975,2.4183
298.7712,"123456789012","SunBird","BillingAccount","USD","2024-10-01T00:00:00Z","2024-09-01T00:00:00Z",NULL,NULL,"Usage",NULL,"AWS Lambda Function in Europe (Ireland)","2024-09-04T05:00:00Z","2024-09-04T04:00:00Z","Usage","cd-216044","commit-6044",NULL,"Unused","Committed Use Discount",NULL,NULL,NULL,373.464,1.6800,298.7712,"AWS",455.44824,2.0488,"Committed","USD",222.30,"Requests","AWS","AWS","eu-west-1","Europe (Ireland)","arn:aws:ec2:eu-west-1:123456789012:instance/i-003e03d3ad87",NULL,"Function","Compute","AWS Lambda","ZYXZ8YKWGIU2NT6K","AWS Lambda Requests",NULL,"VUOR1A2TIB2R4J01.TE2Z5B9A","517389287820","Atlas Nimbus","BillingAccount","{""owner"": ""k.johnson"", ""environment"": ""qa"", ""business_unit"": ""MarseilleSRE""}",NULL,"Usage-Based",NULL,"Serverless Compute",1.6800,298.7712,2.0488
527.21512662,"ocid1.tenancy.oc1..aaaa1234","Meridian OCI","Tenancy","USD","2024-10-01T00:00:00Z","2024-09-01T00:00:00Z",NULL,NULL,"Usage",NULL,"Oracle Autonomous Database Database in Australia East (Sydney)","2024-09-11T22:00:00Z","2024-09-11T21:00:00Z","Usage","cd-302942","commit-2942",NULL,"Unused","Reserved Instance",NULL,NULL,NULL,537.974619,1.2649,527.21512662,"Oracle",604.450572,1.4212,"Committed","USD",425.31,"Hours","Oracle","Oracle","ap-sydney-1","Australia East (Sydney)","ocid1.instance.oc1.ap-sydney-1.007947c22004",NULL,"Database","Databases","Oracle Autonomous Database","S8BQSUAK6ZAUKHCK","Oracle Autonomous Database Hours",NULL,"ZI3CZZS9DB8LR8QW.7GOA989M","ocid1.compartment.oc1..dev","development","Tenancy","{""team"": ""growth"", ""cost_center"": ""CC-1001""}","us-ashburn-1-AD-1","Usage-Based",NULL,"Relational Databases",1.2649,527.21512662,1.4212
424.933533,"123456789012","SunBird","BillingAccount","USD","2024-10-01T00:00:00Z","2024-09-01T00:00:00Z",NULL,NULL,"Usage",NULL,"Amazon Relational Database Service Database Instance in Asia Pacific (Sydney)","2024-09-29T11:00:00Z","2024-09-29T10:00:00Z","Usage","cd-211134","commit-1134",NULL,"Used","Savings Plan",NULL,297.5100000000,"Hours",472.14837,1.5870,424.933533,"AWS",704.711937,2.3687,"Committed","USD",297.51,"Hours","AWS","AWS","ap-southeast-2","Asia Pacific (Sydney)","arn:aws:ec2:ap-southeast-2:123456789012:instance/i-00e0baea9f48",NULL,"Database Instance","Databases","Amazon Relational Database Service","XADANCWYZGWNBWYS","Amazon Relational Database Service Hours",NULL,"G9QM28S12D64BH74.K0CBHN1X","438839167390","Zenith Eclipse","BillingAccount",NULL,NULL,"Usage-Based",NULL,"Relational Databases",1.5870,424.933533,2.3687
607.65391708,"123456789012","SunBird","BillingAccount","USD","2024-10-01T00:00:00Z","2024-09-01T00:00:00Z",NULL,NULL,"Usage",NULL,"Amazon Simple Storage Service Bucket in Europe (Ireland)","2024-09-13T23:00:00Z","2024-09-13T22:00:00Z","Usage","cd-542435","commit-2435",NULL,"Used","Savings Plan",NULL,469.0700000000,"GB",821.1539419999999,1.7506,607.65391708,"AWS",922.66069,1.9670,"Committed","USD",469.07,"GB","AWS","AWS","eu-west-1","Europe (Ireland)","arn:aws:ec2:eu-west-1:123456789012:instance/i-003468bb754c",NULL,"Bucket","Storage","Amazon Simple Storage Service","UW14IU1LLLHAVPNS","Amazon Simple Storage Service GB",NULL,"2BQ5T4YT8SUXO1UK.GO8OUA5F","438839167390","Zenith Eclipse","BillingAccount","{""team"": ""payments""}",NULL,"Usage-Based",NULL,"Object Storage",1.7506,607.65391708,1.9670
75.45273382,"01ABCD-2345EF-6789GH","Helios Labs","BillingAccount","USD","2024-10-01T00:00:00Z","2024-09-01T00:00:00Z",NULL,NULL,"Usage",NULL,"Cloud SQL Database Instance in Singapore","2024-09-05T09:00:00Z","2024-09-05T08:00:00Z","Spend","cd-195844","commit-5844",NULL,"Unused","Committed Use Discount",NULL,NULL,NULL,87.735737,3.1123,75.45273382,"Google",104.446769,3.7051,"Committed","USD",28.19,"Hours","Google","Google","asia-southeast1","Singapore","//compute.googleapis.com/projects/Helios Labs/zones/asia-southeast1-a/instances/inst-2441",NULL,"Database Instance","Databases","Cloud SQL","PW9UU9UKLTKWIUGZ","Cloud SQL Hours",NULL,"H6U5XF2EDVD7DXTF.Q23TR4OX","proj-helios-prod","helios-prod","BillingAccount","{""environment"": ""dev"", ""team"": ""infra"", ""cost_center"": ""CC-2042""}",NULL,"Usage-Based",NULL,"Relational Databases",3.1123,75.45273382,3.7051
264.3698967,"8a93b2c1-1234-4abc-9def-0123456789ab","Contoso Cloud","BillingProfile","USD","2024-10-01T00:00:00Z","2024-09-01T00:00:00Z",NULL,NULL,"Usage",NULL,"Azure SQL Database SQL Database in West Europe","2024-09-19T17:00:00Z","2024-09-19T16:00:00Z",NULL,NULL,NULL,NULL,NULL,NULL,NULL,147.9100000000,"Hours",406.722918,2.7498,264.3698967,"Microsoft",616.2522240000001,4.1664,"Other","USD",147.91,"Hours","Microsoft","Microsoft","westeurope","West Europe","/subscriptions/8a93b2c1-1234-4abc-9def-0123456789ab/resourceGroups/rg-799/providers/Microsoft.Compute/virtualMachines/vm-4495",NULL,"SQL Database","Databases","Azure SQL Database","BOMH7N0FEMP7L1C6","Azure SQL Database Hours",NULL,"468L9EWL484MAS91.LUEULH2T","sub-2b7c","Staging","BillingProfile","{""team"": ""growth"", ""environment"": ""dev"", ""business_unit"": ""ViennaAI""}","westeurope-2","Usage-Based",NULL,"Relational Databases",2.7498,264.3698967,4.1664
30.79076138,"01ABCD-2345EF-6789GH","Helios Labs","BillingAccount","USD","2024-10-01T00:00:00Z","2024-09-01T00:00:00Z",NULL,NULL,"Usage",NULL,"Cloud Load Balancing Forwarding Rule in Belgium","2024-09-10T16:00:00Z","2024-09-10T15:00:00Z","Usage","cd-818860","commit-8860",NULL,"Unused","Reserved Instance",NULL,NULL,NULL,41.609137000000004,1.6637,30.79076138,"Google",64.013095,2.5595,"Committed","USD",25.01,"Hours","Google","Google","europe-west1","Belgium","//compute.googleapis.com/projects/Helios Labs/zones/europe-west1-a/instances/inst-223",NULL,"Forwarding Rule","Networking","Cloud Load Balancing","ZETONZIQY1QVDBCH","Cloud Load Balancing Hours",NULL,"D89V4OB8OVKGF807.SSKSYR67","proj-helios-dev","helios-dev","BillingAccount","{""team"": ""infra"", ""application"": ""NimbusAPI""}",NULL,"Usage-Based",NULL,"Application Networking",1.6637,30.79076138,2.5595
1403.19286976,"ocid1.tenancy.oc1..aaaa1234","Meridian OCI","Tenancy","USD","2024-10-01T00:00:00Z","2024-09-01T00:00:00Z",NULL,NULL,"Usage",NULL,"Oracle Load Balancer Load Balancer in UK South (London)","2024-09-08T07:00:00Z","2024-09-08T06:00:00Z",NULL,NULL,NULL,NULL,NULL,NULL,NULL,411.9400000000,"Hours",1594.537352,3.8708,1403.19286976,"Oracle",1832.8034480000001,4.4492,"Standard","USD",411.94,"Hours","Oracle","Oracle","uk-london-1","UK South (London)","ocid1.instance.oc1.uk-london-1.00a103a21da2",NULL,"Load Balancer","Networking","Oracle Load Balancer","EIT78M2F3AV7TQVG","Oracle Load Balancer Hours",NULL,"RN15K7Z7GFLNBN76.V18HFP58","ocid1.compartment.oc1..dev","development","Tenancy","{""owner"": ""g.hopper"", ""application"": ""BrightSourceCore"", ""cost_center"": ""CC-1001""}","uk-london-1-AD-2","Usage-Based",NULL,"Application Networking",3.8708,1403.19286976,4.4492
811.685334,"01ABCD-2345EF-6789GH","Helios Labs","BillingAccount","USD","2024-10-01T00:00:00Z","2024-09-01T00:00:00Z",NULL,NULL,"Purchase",NULL,"Cloud SQL Database Instance in Iowa","2024-09-27T09:00:00Z","2024-09-27T08:00:00Z",NULL,NULL,NULL,NULL,NULL,NULL,NULL,NULL,NULL,811.685334,2.8338,0,"Google",1211.484328,4.2296,"Other","USD",286.43,"Hours","Google","Google","us-central1","Iowa","//compute.googleapis.com/projects/Helios Labs/zones/us-central1-a/instances/inst-4307",NULL,"Database Instance","Databases","Cloud SQL","OXFU68B3AUMIZBHH","Cloud SQL Hours",NULL,"PFAP8I4TIUWHP1CD.7U8G6HCS","proj-helios-prod","helios-prod","BillingAccount","{""cost_center"": ""CC-2042""}",NULL,"Recurring",NULL,"Relational Databases",2.8338,0,4.2296
995.89807864,"123456789012","SunBird","BillingAccount","USD","2024-10-01T00:00:00Z","2024-09-01T00:00:00Z",NULL,NULL,"Usage",NULL,"Amazon Simple Storage Service Bucket in Europe (Ireland)","2024-09-20T17:00:00Z","2024-09-20T16:00:00Z",NULL,NULL,NULL,NULL,NULL,NULL,NULL,466.3300000000,"GB",1464.555998,3.1406,995.89807864,"AWS",1853.848282,3.9754,"Standard","USD",466.33,"GB","AWS","AWS","eu-west-1","Europe (Ireland)","arn:aws:ec2:eu-west-1:123456789012:instance/i-0070f92851f7",NULL,"Bucket","Storage","Amazon Simple Storage Service","6ZPNWPDAV8U1FXS2","Amazon Simple Storage Service GB",NULL,"PFVYYP5LWWHGYSPZ.CI6P45L3","517389287820","Atlas Nimbus","BillingAccount",NULL,"us-west-2b","Usage-Based",NULL,"Object Storage",3.1406,995.89807864,3.9754
228.729725,"8a93b2c1-1234-4abc-9def-0123456789ab","Contoso Cloud","BillingProfile","USD","2024-10-01T00:00:00Z","2024-09-01T00:00:00Z",NULL,NULL,"Usage","Correction","Azure Functions Function App in UK South","2024-09-17T04:00:00Z","2024-09-17T03:00:00Z","Usage","cd-839031","commit-9031",NULL,"Used","Reserved Instance",NULL,147.5000000000,"Executions",326.75675,2.2153,228.729725,"Microsoft",384.4145,2.6062,"Standard","USD",147.50,"Executions","Microsoft","Microsoft","uksouth","UK South","/subscriptions/8a93b2c1-1234-4abc-9def-0123456789ab/resourceGroups/rg-221/providers/Microsoft.Compute/virtualMachines/vm-530",NULL,"Function App","Compute","Azure Functions","M98AI5NAQJ50N1I6","Azure Functions Executions",NULL,"GQQR3H7OUNB0C05Z.QALL68R6","sub-4d3e","Sandbox","BillingProfile","{""owner"": ""g.hopper"", ""team"": ""growth"", ""business_unit"": ""OsloData""}","westeurope-2","Usage-Based",NULL,"Serverless Compute",2.2153,228.729725,2.6062
189.12942048,"01ABCD-2345EF-6789GH","Helios Labs","BillingAccount","USD","2024-10-01T00:00:00Z","2024-09-01T00:00:00Z",NULL,NULL,"Adjustment",NULL,"Cloud SQL Database Instance in Singapore","2024-09-11T03:00:00Z","2024-09-11T02:00:00Z",NULL,NULL,NULL,NULL,NULL,NULL,NULL,NULL,NULL,242.473616,0.5432,189.12942048,"Google",303.09202,0.6790,"Other","USD",446.38,"Hours","Google","Google","asia-southeast1","Singapore",NULL,NULL,NULL,"Databases","Cloud SQL","199HGYRCMTN67E65","Cloud SQL Hours",NULL,"N942W6OONZS42AQG.OAAHWM60","proj-helios-prod","helios-prod","BillingAccount",NULL,NULL,"One-Time",NULL,"Relational Databases",0.5432,189.12942048,0.6790
2042.45283416,"8a93b2c1-1234-4abc-9def-0123456789ab","Contoso Cloud","BillingProfile","USD","2024-10-01T00:00:00Z","2024-09-01T00:00:00Z",NULL,NULL,"Usage",NULL,"Azure Functions Function App in West Europe","2024-09-06T17:00:00Z","2024-09-06T16:00:00Z",NULL,NULL,NULL,NULL,NULL,NULL,NULL,484.9400000000,"Executions",2172.822164,4.4806,2042.45283416,"Microsoft",2240.0348480000002,4.6192,"Standard","USD",484.94,"Executions","Microsoft","Microsoft","westeurope","West Europe","/subscriptions/8a93b2c1-1234-4abc-9def-0123456789ab/resourceGroups/rg-673/providers/Microsoft.Compute/virtualMachines/vm-5695",NULL,"Function App","Compute","Azure Functions","3IARREBD5RGNKRXP","Azure Functions Executions",NULL,"9ED4TGJJR83B94JY.Q0NLLXF5","sub-2b7c","Staging","BillingProfile","{""cost_center"": ""CC-1001""}",NULL,"Usage-Based",NULL,"Serverless Compute",4.4806,2042.45283416,4.6192
28.853726,"8a93b2c1-1234-4abc-9def-0123456789ab","Contoso Cloud","BillingProfile","USD","2024-10-01T00:00:00Z","2024-09-01T00:00:00Z",NULL,NULL,"Tax",NULL,"Tax charge in Southeast Asia","2024-09-12T08:00:00Z","2024-09-12T07:00:00Z",NULL,NULL,NULL,NULL,NULL,NULL,NULL,NULL,NULL,38.2571910000,NULL,28.853726,"Microsoft",43.1621160000,NULL,NULL,"USD",NULL,NULL,"Microsoft","Microsoft",NULL,NULL,NULL,NULL,NULL,"Other","Tax",NULL,NULL,NULL,NULL,"sub-9a1f","Production","BillingProfile",NULL,NULL,"One-Time",NULL,"Other (Security)",NULL,28.853726,NULL
122.62983018,"ocid1.tenancy.oc1..aaaa1234","Meridian OCI","Tenancy","USD","2024-10-01T00:00:00Z","2024-09-01T00:00:00Z",NULL,NULL,"Usage",NULL,"Oracle Object Storage Bucket in US East (Ashburn)","2024-09-01T13:00:00Z","2024-09-01T12:00:00Z","Usage","cd-723438","commit-3438",NULL,"Unused","Reserved Instance",NULL,NULL,NULL,185.80277300000003,0.5351,122.62983018,"Oracle",294.902439,0.8493,"Dynamic","USD",347.23,"GB","Oracle","Oracle","us-ashburn-1","US East (Ashburn)","ocid1.instance.oc1.us-ashburn-1.006d4b04b825",NULL,"Bucket","Storage","Oracle Object Storage","34UBDG5PIVAB3N3F","Oracle Object Storage GB",NULL,"MC2KKFGN8YC64EY5.JLHBQUR0","ocid1.compartment.oc1..dev","development","Tenancy","{""owner"": ""a.lovelace"", ""environment"": ""staging""}","us-ashburn-1-AD-1","Usage-Based",NULL,"Object Storage",0.5351,122.62983018,0.8493
289.7146494,"ocid1.tenancy.oc1..aaaa1234","Meridian OCI","Tenancy","USD","2024-10-01T00:00:00Z","2024-09-01T00:00:00Z",NULL,NULL,"Usage",NULL,"Oracle Compute Instance in Australia East (Sydney)","2024-09-24T09:00:00Z","2024-09-24T08:00:00Z",NULL,NULL,NULL,NULL,NULL,NULL,NULL,227.4000000000,"Hours",292.64106,1.2869,289.7146494,"Oracle",348.3768,1.5320,"Standard","USD",227.40,"Hours","Oracle","Oracle","ap-sydney-1","Australia East (Sydney)","ocid1.instance.oc1.ap-sydney-1.003b4c67f2b7",NULL,"Instance","Compute","Oracle Compute","VLNRFJBRT24LYBNL","Oracle Compute Hours",NULL,"0WUGOI40F3T9BIRW.W8WHYCIG","ocid1.compartment.oc1..prod","production","Tenancy","{""business_unit"": ""MarseilleSRE"", ""environment"": ""staging""}","uk-london-1-AD-2","Usage-Based",NULL,"Virtual Machines",1.2869,289.7146494,1.5320
263.45065978,"123456789012","SunBird","BillingAccount","USD","2024-10-01T00:00:00Z","2024-09-01T00:00:00Z",NULL,NULL,"Usage",NULL,"Amazon Relational Database Service Database Instance in US East (N. Virginia)","2024-09-19T09:00:00Z","2024-09-19T08:00:00Z",NULL,NULL,NULL,NULL,NULL,NULL,NULL,142.7800000000,"Hours",342.143714,2.3963,263.45065978,"AWS",433.094574,3.0333,"Other","USD",142.78,"Hours","AWS","AWS","us-east-1","US East (N. Virginia)","arn:aws:ec2:us-east-1:123456789012:instance/i-001a30e010cd",NULL,"Database Instance","Databases","Amazon Relational Database Service","67RT3QB6O29FHC5S","Amazon Relational Database Service Hours",NULL,"IF1TCDZ7MZIMUOR8.R61R2C6K","517389287820","Atlas Nimbus","BillingAccount","{""owner"": ""g.hopper"", ""team"": ""infra"", ""environment"": ""qa""}",NULL,"Usage-Based",NULL,"Relational Databases",2.3963,263.45065978,3.0333
146.7747904,"8a93b2c1-1234-4abc-9def-0123456789ab","Contoso Cloud","BillingProfile","USD","2024-10-01T00:00:00Z","2024-09-01T00:00:00Z",NULL,NULL,"Usage",NULL,"Azure Functions Function App in UK South","2024-09-12T17:00:00Z","2024-09-12T16:00:00Z",NULL,NULL,NULL,NULL,NULL,NULL,NULL,427.8400000000,"Executions",215.84527999999997,0.5045,146.7747904,"Microsoft",359.770656,0.8409,"Other","USD",427.84,"Executions","Microsoft","Microsoft","uksouth","UK South","/subscriptions/8a93b2c1-1234-4abc-9def-0123456789ab/resourceGroups/rg-340/providers/Microsoft.Compute/virtualMachines/vm-1285",NULL,"Function App","Compute","Azure Functions","BB97YPSZ3PHAA77F","Azure Functions Executions",NULL,"HQHZABFYJPI5M383.CYA8VT8F","sub-2b7c","Staging","BillingProfile","{""environment"": ""staging"", ""application"": ""BrightLensMatrix"", ""business_unit"": ""MarseilleSRE""}",NULL,"Usage-Based",NULL,"Serverless Compute",0.5045,146.7747904,0.8409
1363.33660329,"ocid1.tenancy.oc1..aaaa1234","Meridian OCI","Tenancy","USD","2024-10-01T00:00:00Z","2024-09-01T00:00:00Z",NULL,NULL,"Usage",NULL,"Oracle Functions Function in UK South (London)","2024-09-11T11:00:00Z","2024-09-11T10:00:00Z","Usage","cd-361138","commit-1138",NULL,"Used","Reserved Instance",NULL,407.9700000000,"Invocations",1567.0535670000002,3.8411,1363.33660329,"Oracle",1983.631734,4.8622,"Committed","USD",407.97,"Invocations","Oracle","Oracle","uk-london-1","UK South (London)","ocid1.instance.oc1.uk-london-1.00685e442570",NULL,"Function","Compute","Oracle Functions","F9XQV6JTJBMQAEXN","Oracle Functions Invocations",NULL,"UPR00B2UYQSRZ12J.DGD9IRBI","ocid1.compartment.oc1..dev","development","Tenancy","{""team"": ""platform""}",NULL,"Usage-Based",NULL,"Serverless Compute",3.8411,1363.33660329,4.8622
653.133642,"123456789012","SunBird","BillingAccount","USD","2024-10-01T00:00:00Z","2024-09-01T00:00:00Z",NULL,NULL,"Usage",NULL,"AWS Lambda Function in US West (Oregon)","2024-09-28T21:00:00Z","2024-09-28T20:00:00Z","Spend","cd-510079","commit-0079",NULL,"Unused","Reserved Instance",NULL,NULL,NULL,666.4629000000001,1.4450,653.133642,"AWS",666.4629000000001,1.4450,"Committed","USD",461.22,"Requests","AWS","AWS","us-west-2","US West (Oregon)","arn:aws:ec2:us-west-2:123456789012:instance/i-003a301a23e5",NULL,"Function","Compute","AWS Lambda","3OWM0TKOW3BASFKG","AWS Lambda Requests",NULL,"9I9VG9H0ELUWBSZH.CD3LODQ1","517389287820","Atlas Nimbus","BillingAccount","{""team"": ""growth""}",NULL,"Usage-Based",NULL,"Serverless Compute",1.4450,653.133642,1.4450
12.13658688,"123456789012","SunBird","BillingAccount","USD","2024-10-01T00:00:00Z","2024-09-01T00:00:00Z",NULL,NULL,"Usage",NULL,"Amazon Elastic Compute Cloud Virtual Machine in US East (N. Virginia)","2024-09-25T00:00:00Z","2024-09-24T23:00:00Z",NULL,NULL,NULL,NULL,NULL,NULL,NULL,43.3400000000,"Hours",12.642278000000001,0.2917,12.13658688,"AWS",19.446658,0.4487,"Dynamic","USD",43.34,"Hours","AWS","AWS","us-east-1","US East (N. Virginia)","arn:aws:ec2:us-east-1:123456789012:instance/i-00a03ac4fc45",NULL,"Virtual Machine","Compute","Amazon Elastic Compute Cloud","XA511UOQTYCTLJ20","Amazon Elastic Compute Cloud Hours",NULL,"OTYBGFVPAX5NT5JQ.PW90F508","517389287820","Atlas Nimbus","BillingAccount","{""owner"": ""k.johnson"", ""team"": ""platform"", ""application"": ""BrightSourceCore""}","eu-west-1c","Usage-Based",NULL,"Virtual Machines",0.2917,12.13658688,0.4487
458.25832,"8a93b2c1-1234-4abc-9def-0123456789ab","Contoso Cloud","BillingProfile","USD","2024-10-01T00:00:00Z","2024-09-01T00:00:00Z",NULL,NULL,"Usage",NULL,"Azure SQL Database SQL Database in East US","2024-09-30T00:00:00Z","2024-09-29T23:00:00Z",NULL,NULL,NULL,NULL,NULL,NULL,NULL,476.3600000000,"Hours",572.8229,1.2025,458.25832,"Microsoft",939.0484680000001,1.9713,"Other","USD",476.36,"Hours","Microsoft","Microsoft","eastus","East US","/subscriptions/8a93b2c1-1234-4abc-9def-0123456789ab/resourceGroups/rg-290/providers/Microsoft.Compute/virtualMachines/vm-5007",NULL,"SQL Database","Databases","Azure SQL Database","826RS43FKDNXAC0G","Azure SQL Database Hours",NULL,"6T64TJIPURNTDT0Y.9JHJFV1Q","sub-4d3e","Sandbox","BillingProfile","{""business_unit"": ""MarseilleSRE"", ""team"": ""payments""}","eastus-1","Usage-Based",NULL,"Relational Databases",1.2025,458.25832,1.9713
377.48337021,"01ABCD-2345EF-6789GH","Helios Labs","BillingAccount","USD","2024-10-01T00:00:00Z","2024-09-01T00:00:00Z",NULL,NULL,"Usage","Correction","Cloud Storage Bucket in Singapore","2024-09-25T13:00:00Z","2024-09-25T12:00:00Z",NULL,NULL,NULL,NULL,NULL,NULL,NULL,329.9700000000,"GiB",405.896097,1.2301,377.48337021,"Google",456.05153700000005,1.3821,"Dynamic","USD",329.97,"GiB","Google","Google","asia-southeast1","Singapore","//compute.googleapis.com/projects/Helios Labs/zones/asia-southeast1-a/instances/inst-2613",NULL,"Bucket","Storage","Cloud Storage","M89F7J3PA1OTOVS6","Cloud Storage GiB",NULL,"6LE77R08BZZQBWGG.CLFKXTMR","proj-helios-dev","helios-dev","BillingAccount",NULL,NULL,"Usage-Based",NULL,"Object Storage",1.2301,377.48337021,1.3821
472.7101071,"8a93b2c1-1234-4abc-9def-0123456789ab","Contoso Cloud","BillingProfile","USD","2024-10-01T00:00:00Z","2024-09-01T00:00:00Z",NULL,NULL,"Usage",NULL,"Azure Blob Storage Storage Account in East US","2024-09-18T04:00:00Z","2024-09-18T03:00:00Z",NULL,NULL,NULL,NULL,NULL,NULL,NULL,475.5300000000,"GB",675.3001529999999,1.4201,472.7101071,"Microsoft",1007.8858349999999,2.1195,"Other","USD",475.53,"GB","Microsoft","Microsoft","eastus","East US","/subscriptions/8a93b2c1-1234-4abc-9def-0123456789ab/resourceGroups/rg-931/providers/Microsoft.Compute/virtualMachines/vm-1577",NULL,"Storage Account","Storage","Azure Blob Storage","29DFFRCANT4HPG5G","Azure Blob Storage GB",NULL,"390CGYJWD6QGS37V.XAHEN2VO","sub-9a1f","Production","BillingProfile","{""cost_center"": ""CC-1001"", ""team"": ""payments"", ""application"": ""BrightSourceCore""}","uksouth-1","Usage-Based",NULL,"Object Storage",1.4201,472.7101071,2.1195
531.92685744,"8a93b2c1-1234-4abc-9def-0123456789ab","Contoso Cloud","BillingProfile","USD","2024-10-01T00:00:00Z","2024-09-01T00:00:00Z",NULL,NULL,"Usage",NULL,"Azure Load Balancer Load Balancer in East US","2024-09-21T04:00:00Z","2024-09-21T03:00:00Z",NULL,NULL,NULL,NULL,NULL,NULL,NULL,433.6200000000,"Hours",673.325136,1.5528,531.92685744,"Microsoft",961.8992460000001,2.2183,"Other","USD",433.62,"Hours","Microsoft","Microsoft","eastus","East US","/subscriptions/8a93b2c1-1234-4abc-9def-0123456789ab/resourceGroups/rg-458/providers/Microsoft.Compute/virtualMachines/vm-8721",NULL,"Load Balancer","Networking","Azure Load Balancer","B96H4JIMYQ45H8M5","Azure Load Balancer Hours",NULL,"VOC209GALS9A9XW3.6CAKQSMI","sub-9a1f","Production","BillingProfile","{""owner"": ""g.hopper""}","westeurope-2","Usage-Based",NULL,"Application Networking",1.5528,531.92685744,2.2183
843.06894088,"ocid1.tenancy.oc1..aaaa1234","Meridian OCI","Tenancy","USD","2024-10-01T00:00:00Z","2024-09-01T00:00:00Z",NULL,NULL,"Usage",NULL,"Oracle Object Storage Bucket in US East (Ashburn)","2024-09-17T17:00:00Z","2024-09-17T16:00:00Z",NULL,NULL,NULL,NULL,NULL,NULL,NULL,301.2400000000,"GB",896.8818520000001,2.9773,843.06894088,"Oracle",1149.863204,3.8171,"Dynamic","USD",301.24,"GB","Oracle","Oracle","us-ashburn-1","US East (Ashburn)","ocid1.instance.oc1.us-ashburn-1.0027a3baf82f",NULL,"Bucket","Storage","Oracle Object Storage","1HPXJFUDH0TJYEA4","Oracle Object Storage GB",NULL,"ANMXC7QKSNH8OIS8.S6EOBATG","ocid1.compartment.oc1..prod","production","Tenancy","{""team"": ""infra""}",NULL,"Usage-Based",NULL,"Object Storage",2.9773,843.06894088,3.8171
416.6267911,"123456789012","SunBird","BillingAccount","USD","2024-10-01T00:00:00Z","2024-09-01T00:00:00Z",NULL,NULL,"Usage",NULL,"Amazon Elastic Compute Cloud Virtual Machine in Europe (Ireland)","2024-09-03T00:00:00Z","2024-09-02T23:00:00Z",NULL,NULL,NULL,NULL,NULL,NULL,NULL,188.5300000000,"Hours",468.11999000000003,2.4830,416.6267911,"AWS",678.425205,3.5985,"Standard","USD",188.53,"Hours","AWS","AWS","eu-west-1","Europe (Ireland)","arn:aws:ec2:eu-west-1:123456789012:instance/i-00176064b6b8",NULL,"Virtual Machine","Compute","Amazon Elastic Compute Cloud","UBHR50QJ561HU4P9","Amazon Elastic Compute Cloud Hours",NULL,"VUHI8E25VGIOX56G.VXQJYC3K","517389287820","Atlas Nimbus","BillingAccount","{""owner"": ""g.hopper"", ""environment"": ""staging""}","us-east-1a","Usage-Based",NULL,"Virtual Machines",2.4830,416.6267911,3.5985
436.1324286,"ocid1.tenancy.oc1..aaaa1234","Meridian OCI","Tenancy","USD","2024-10-01T00:00:00Z","2024-09-01T00:00:00Z",NULL,NULL,"Usage",NULL,"Oracle Compute Instance in US East (Ashburn)","2024-09-13T12:00:00Z","2024-09-13T11:00:00Z",NULL,NULL,NULL,NULL,NULL,NULL,NULL,385.8500000000,"Hours",660.80671,1.7126,436.1324286,"Oracle",815.8026550000001,2.1143,"Standard","USD",385.85,"Hours","Oracle","Oracle","us-ashburn-1","US East (Ashburn)","ocid1.instance.oc1.us-ashburn-1.007367d34410",NULL,"Instance","Compute","Oracle Compute","YQ48O4DNG5UTO7BL","Oracle Compute Hours",NULL,"2SET6U3LYDKLVQZ7.ZJ2L97TC","ocid1.compartment.oc1..dev","development","Tenancy","{""team"": ""payments""}","uk-london-1-AD-2","Usage-Based",NULL,"Virtual Machines",1.7126,436.1324286,2.1143
143.1802736,"ocid1.tenancy.oc1..aaaa1234","Meridian OCI","Tenancy","USD","2024-10-01T00:00:00Z","2024-09-01T00:00:00Z",NULL,NULL,"Usage",NULL,"Oracle Functions Function in UK South (London)","2024-09-01T11:00:00Z","2024-09-01T10:00:00Z",NULL,NULL,NULL,NULL,NULL,NULL,NULL,341.6000000000,"Invocations",152.31944000000001,0.4459,143.1802736,"Oracle",245.67872,0.7192,"Dynamic","USD",341.60,"Invocations","Oracle","Oracle","uk-london-1","UK South (London)","ocid1.instance.oc1.uk-london-1.00b1a4259c71",NULL,"Function","Compute","Oracle Functions","IN7164D0BQ77ZOLD","Oracle Functions Invocations",NULL,"VXPQAWB7J4M0FU21.QAUMU02D","ocid1.compartment.oc1..prod","production","Tenancy","{""owner"": ""a.turing""}","us-ashburn-1-AD-1","Usage-Based",NULL,"Serverless Compute",0.4459,143.1802736,0.7192
1036.294077,"ocid1.tenancy.oc1..aaaa1234","Meridian OCI","Tenancy","USD","2024-10-01T00:00:00Z","2024-09-01T00:00:00Z",NULL,NULL,"Usage",NULL,"Oracle Functions Function in Australia East (Sydney)","2024-09-15T17:00:00Z","2024-09-15T16:00:00Z",NULL,NULL,NULL,NULL,NULL,NULL,NULL,293.3500000000,"Invocations",1138.7847000000002,3.8820,1036.294077,"Oracle",1265.3065550000001,4.3133,"Standard","USD",293.35,"Invocations","Oracle","Oracle","ap-sydney-1","Australia East (Sydney)","ocid1.instance.oc1.ap-sydney-1.0026769c94f4",NULL,"Function","Compute","Oracle Functions","LLJ4GGE3X51H5G1K","Oracle Functions Invocations",NULL,"DSK8XHSR9Z9OCXLG.1ANLLBL0","ocid1.compartment.oc1..dev","development","Tenancy","{""environment"": ""dev"", ""team"": ""infra""}",NULL,"Usage-Based",NULL,"Serverless Compute",3.8820,1036.294077,4.3133
41.93919288,"123456789012","SunBird","BillingAccount","USD","2024-10-01T00:00:00Z","2024-09-01T00:00:00Z",NULL,NULL,"Usage",NULL,"Amazon Elastic Compute Cloud Virtual Machine in Europe (Ireland)","2024-09-29T23:00:00Z","2024-09-29T22:00:00Z",NULL,NULL,NULL,NULL,NULL,NULL,NULL,30.2800000000,"Hours",53.768196,1.7757,41.93919288,"AWS",82.72193200000001,2.7319,"Standard","USD",30.28,"Hours","AWS","AWS","eu-west-1","Europe (Ireland)","arn:aws:ec2:eu-west-1:123456789012:instance/i-00220fc4cde3",NULL,"Virtual Machine","Compute","Amazon Elastic Compute Cloud","VACSMNL03LQRYOH2","Amazon Elastic Compute Cloud Hours",NULL,"KR21P9A8OCZUQDKW.9UGOOI3K","517389287820","Atlas Nimbus","BillingAccount","{""application"": ""NimbusAPI""}",NULL,"Usage-Based",NULL,"Virtual Machines",1.7757,41.93919288,2.7319
21.04683124,"8a93b2c1-1234-4abc-9def-0123456789ab","Contoso Cloud","BillingProfile","USD","2024-10-01T00:00:00Z","2024-09-01T00:00:00Z",NULL,NULL,"Usage",NULL,"Azure Functions Function App in East US","2024-09-25T11:00:00Z","2024-09-25T10:00:00Z",NULL,NULL,NULL,NULL,NULL,NULL,NULL,174.0400000000,"Executions",25.357628,0.1457,21.04683124,"Microsoft",41.578156,0.2389,"Standard","USD",174.04,"Executions","Microsoft","Microsoft","eastus","East US","/subscriptions/8a93b2c1-1234-4abc-9def-0123456789ab/resourceGroups/rg-43/providers/Microsoft.Compute/virtualMachines/vm-6944",NULL,"Function App","Compute","Azure Functions","VK3K9TWN5QXB2A68","Azure Functions Executions",NULL,"1TA05X0BKC8AGKCK.LEXTPCRQ","sub-9a1f","Production","BillingProfile",NULL,"westeurope-2","Usage-Based",NULL,"Serverless Compute",0.1457,21.04683124,0.2389
2.3357286,"123456789012","SunBird","BillingAccount","USD","2024-10-01T00:00:00Z","2024-09-01T00:00:00Z",NULL,NULL,"Usage",NULL,"Elastic Load Balancing Load Balancer in US West (Oregon)","2024-09-07T17:00:00Z","2024-09-07T16:00:00Z","Usage","cd-948914","commit-8914",NULL,"Unused","Committed Use Discount",NULL,NULL,NULL,3.15639,0.0306,2.3357286,"AWS",3.393635,0.0329,"Standard","USD",103.15,"LCU-Hours","AWS","AWS","us-west-2","US West (Oregon)","arn:aws:ec2:us-west-2:123456789012:instance/i-006b9116271a",NULL,"Load Balancer","Networking","Elastic Load Balancing","COZ699SNMPMKSPZK","Elastic Load Balancing LCU-Hours",NULL,"1IA8BW8OHIRRFKD2.VZUIDHJP","517389287820","Atlas Nimbus","BillingAccount","{""application"": ""BrightSourceCore""}",NULL,"Usage-Based",NULL,"Application Networking",0.0306,2.3357286,0.0329
258.97163796,"ocid1.tenancy.oc1..aaaa1234","Meridian OCI","Tenancy","USD","2024-10-01T00:00:00Z","2024-09-01T00:00:00Z",NULL,NULL,"Usage",NULL,"Oracle Object Storage Bucket in US East (Ashburn)","2024-09-20T15:00:00Z","2024-09-20T14:00:00Z",NULL,NULL,NULL,NULL,NULL,NULL,NULL,80.0300000000,"GB",308.299569,3.8523,258.97163796,"Oracle",362.703963,4.5321,"Standard","USD",80.03,"GB","Oracle","Oracle","us-ashburn-1","US East (Ashburn)","ocid1.instance.oc1.us-ashburn-1.0051fc6e19b7",NULL,"Bucket","Storage","Oracle Object Storage","G4XOZI1R4UJ6ZQYG","Oracle Object Storage GB",NULL,"JB1H2OBAK8RUIRDM.KGEWOVWA","ocid1.compartment.oc1..dev","development","Tenancy","{""environment"": ""prod"", ""team"": ""payments"", ""business_unit"": ""MarseilleSRE""}","us-ashburn-1-AD-1","Usage-Based",NULL,"Object Storage",3.8523,258.97163796,4.5321
459.54395136,"123456789012","SunBird","BillingAccount","USD","2024-10-01T00:00:00Z","2024-09-01T00:00:00Z",NULL,NULL,"Usage",NULL,"Amazon Relational Database Service Database Instance in US West (Oregon)","2024-09-06T23:00:00Z","2024-09-06T22:00:00Z",NULL,NULL,NULL,NULL,NULL,NULL,NULL,149.7600000000,"Hours",488.876544,3.2644,459.54395136,"AWS",498.85056,3.3310,"Standard","USD",149.76,"Hours","AWS","AWS","us-west-2","US West (Oregon)","arn:aws:ec2:us-west-2:123456789012:instance/i-009760618ffa",NULL,"Database Instance","Databases","Amazon Relational Database Service","8PQU8HLAT845C15Y","Amazon Relational Database Service Hours",NULL,"MNPK91WGWDKV38S1.RD7V6W77","663626350770","Zenith Apollo","BillingAccount","{""environment"": ""dev"", ""business_unit"": ""OsloData"", ""team"": ""growth""}",NULL,"Usage-Based",NULL,"Relational Databases",3.2644,459.54395136,3.3310
12.479805,"8a93b2c1-1234-4abc-9def-0123456789ab","Contoso Cloud","BillingProfile","USD","2024-10-01T00:00:00Z","2024-09-01T00:00:00Z",NULL,NULL,"Usage",NULL,"Azure SQL Database SQL Database in UK South","2024-09-21T10:00:00Z","2024-09-21T09:00:00Z",NULL,NULL,NULL,NULL,NULL,NULL,NULL,9.0000000000,"Hours",19.1997,2.1333,12.479805,"Microsoft",22.8564,2.5396,"Standard","USD",9.00,"Hours","Microsoft","Microsoft","uksouth","UK South","/subscriptions/8a93b2c1-1234-4abc-9def-0123456789ab/resourceGroups/rg-595/providers/Microsoft.Compute/virtualMachines/vm-5368",NULL,"SQL Database","Databases","Azure SQL Database","UXFZK9KLLWAG8LWZ","Azure SQL Database Hours",NULL,"KT2L90MQLAFKKPRF.SLAA0ZK2","sub-4d3e","Sandbox","BillingProfile",NULL,"eastus-1","Usage-Based",NULL,"Relational Databases",2.1333,12.479805,2.5396
504.12689712,"8a93b2c1-1234-4abc-9def-0123456789ab","Contoso Cloud","BillingProfile","USD","2024-10-01T00:00:00Z","2024-09-01T00:00:00Z",NULL,NULL,"Usage",NULL,"Azure Kubernetes Service Cluster in UK South","2024-09-12T05:00:00Z","2024-09-12T04:00:00Z",NULL,NULL,NULL,NULL,NULL,NULL,NULL,481.4400000000,"Hours",800.201424,1.6621,504.12689712,"Microsoft",869.769504,1.8066,"Standard","USD",481.44,"Hours","Microsoft","Microsoft","uksouth","UK South","/subscriptions/8a93b2c1-1234-4abc-9def-0123456789ab/resourceGroups/rg-171/providers/Microsoft.Compute/virtualMachines/vm-6066",NULL,"Cluster","Compute","Azure Kubernetes Service","FOPXM8LIKT3FFOYA","Azure Kubernetes Service Hours",NULL,"C0B7J35CUZRZH0D4.1IZSN7WA","sub-9a1f","Production","BillingProfile","{""owner"": ""g.hopper""}",NULL,"Usage-Based",NULL,"Containers",1.6621,504.12689712,1.8066
781.57875408,"01ABCD-2345EF-6789GH","Helios Labs","BillingAccount","USD","2024-10-01T00:00:00Z","2024-09-01T00:00:00Z",NULL,NULL,"Usage",NULL,"Cloud Storage Bucket in Northern Virginia","2024-09-09T13:00:00Z","2024-09-09T12:00:00Z",NULL,NULL,NULL,NULL,NULL,NULL,NULL,413.0800000000,"GiB",898.3663839999999,2.1748,781.57875408,"Google",1361.181216,3.2952,"Dynamic","USD",413.08,"GiB","Google","Google","us-east4","Northern Virginia","//compute.googleapis.com/projects/Helios Labs/zones/us-east4-a/instances/inst-4468",NULL,"Bucket","Storage","Cloud Storage","F1TIMGYWRSHM3L34","Cloud Storage GiB",NULL,"Y7X40C1NQSLCR1E4.UVG692BF","proj-helios-prod","helios-prod","BillingAccount","{""team"": ""platform""}","asia-southeast1-c","Usage-Based",NULL,"Object Storage",2.1748,781.57875408,3.2952
394.20939784,"8a93b2c1-1234-4abc-9def-0123456789ab","Contoso Cloud","BillingProfile","USD","2024-10-01T00:00:00Z","2024-09-01T00:00:00Z",NULL,NULL,"Usage",NULL,"Azure Blob Storage Storage Account in Southeast Asia","2024-09-08T20:00:00Z","2024-09-08T19:00:00Z",NULL,NULL,NULL,NULL,NULL,NULL,NULL,280.1900000000,"GB",555.224504,1.9816,394.20939784,"Microsoft",623.843035,2.2265,"Standard","USD",280.19,"GB","Microsoft","Microsoft","southeastasia","Southeast Asia","/subscriptions/8a93b2c1-1234-4abc-9def-0123456789ab/resourceGroups/rg-731/providers/Microsoft.Compute/virtualMachines/vm-8033",NULL,"Storage Account","Storage","Azure Blob Storage","M6YQ2AKWS8XOYI09","Azure Blob Storage GB",NULL,"CR3LM71REAAVO6VU.4RLFZRPU","sub-4d3e","Sandbox","BillingProfile",NULL,"westeurope-2","Usage-Based",NULL,"Object Storage",1.9816,394.20939784,2.2265
34.30272768,"123456789012","SunBird","BillingAccount","USD","2024-10-01T00:00:00Z","2024-09-01T00:00:00Z",NULL,NULL,"Usage",NULL,"Amazon Elastic Compute Cloud Virtual Machine in US West (Oregon)","2024-09-23T19:00:00Z","2024-09-23T18:00:00Z","Usage","cd-332919","commit-2919",NULL,"Unused","Committed Use Discount",NULL,NULL,NULL,45.135168,1.8083,34.30272768,"AWS",60.994752000000005,2.4437,"Dynamic","USD",24.96,"Hours","AWS","AWS","us-west-2","US West (Oregon)","arn:aws:ec2:us-west-2:123456789012:instance/i-007123a2d68a",NULL,"Virtual Machine","Compute","Amazon Elastic Compute Cloud","0Q03IYOZ9EXTF7X7","Amazon Elastic Compute Cloud Hours",NULL,"CDJ24KHA7TVC39YB.SPX01CVC","438839167390","Zenith Eclipse","BillingAccount","{""application"": ""NimbusAPI"", ""team"": ""platform""}",NULL,"Usage-Based",NULL,"Virtual Machines",1.8083,34.30272768,2.4437
284.45596311,"8a93b2c1-1234-4abc-9def-0123456789ab","Contoso Cloud","BillingProfile","USD","2024-10-01T00:00:00Z","2024-09-01T00:00:00Z",NULL,NULL,"Usage",NULL,"Azure Kubernetes Service Cluster in Southeast Asia","2024-09-26T07:00:00Z","2024-09-26T06:00:00Z",NULL,NULL,NULL,NULL,NULL,NULL,NULL,198.1900000000,"Hours",466.321251,2.3529,284.45596311,"Microsoft",638.786189,3.2231,"Standard","USD",198.19,"Hours","Microsoft","Microsoft","southeastasia","Southeast Asia","/subscriptions/8a93b2c1-1234-4abc-9def-0123456789ab/resourceGroups/rg-864/providers/Microsoft.Compute/virtualMachines/vm-208",NULL,"Cluster","Compute","Azure Kubernetes Service","4RFB62661VN6VCY4","Azure Kubernetes Service Hours",NULL,"N0NTK664ZBUUBTII.H3DQ91E8","sub-2b7c","Staging","BillingProfile","{""cost_center"": ""CC-1001""}","eastus-1","Usage-Based",NULL,"Containers",2.3529,284.45596311,3.2231
89.77936464,"ocid1.tenancy.oc1..aaaa1234","Meridian OCI","Tenancy","USD","2024-10-01T00:00:00Z","2024-09-01T00:00:00Z",NULL,NULL,"Usage",NULL,"Oracle Compute Instance in UK South (London)","2024-09-09T19:00:00Z","2024-09-09T18:00:00Z",NULL,NULL,NULL,NULL,NULL,NULL,NULL,201.1200000000,"Hours",103.194672,0.5131,89.77936464,"Oracle",163.79212800000002,0.8144,"Standard","USD",201.12,"Hours","Oracle","Oracle","uk-london-1","UK South (London)","ocid1.instance.oc1.uk-london-1.00cab3a57d70",NULL,"Instance","Compute","Oracle Compute","UNO3F3A81TQKZSKB","Oracle Compute Hours",NULL,"N8PFPUTBHSW02BYL.EV82MAXQ","ocid1.compartment.oc1..dev","development","Tenancy","{""cost_center"": ""CC-3090"", ""environment"": ""dev"", ""application"": ""NimbusAPI""}","us-ashburn-1-AD-1","Usage-Based",NULL,"Virtual Machines",0.5131,89.77936464,0.8144
1045.54504236,"8a93b2c1-1234-4abc-9def-0123456789ab","Contoso Cloud","BillingProfile","USD","2024-10-01T00:00:00Z","2024-09-01T00:00:00Z",NULL,NULL,"Credit",NULL,"Azure SQL Database SQL Database in West Europe","2024-09-22T21:00:00Z","2024-09-22T20:00:00Z",NULL,NULL,NULL,NULL,NULL,NULL,NULL,NULL,NULL,1148.9505960000001,2.9222,1045.54504236,"Microsoft",1595.760348,4.0586,"Other","USD",393.18,"Hours","Microsoft","Microsoft","westeurope","West Europe",NULL,NULL,NULL,"Databases","Azure SQL Database","046AYYROHV7DGYQJ","Azure SQL Database Hours",NULL,"6FVAM2CH4DJ0TC2D.NB68C7E3","sub-4d3e","Sandbox","BillingProfile","{""team"": ""platform""}",NULL,"One-Time",NULL,"Relational Databases",2.9222,1045.54504236,4.0586
458.96393664,"ocid1.tenancy.oc1..aaaa1234","Meridian OCI","Tenancy","USD","2024-10-01T00:00:00Z","2024-09-01T00:00:00Z",NULL,NULL,"Usage",NULL,"Oracle Object Storage Bucket in Australia East (Sydney)","2024-09-26T16:00:00Z","2024-09-26T15:00:00Z",NULL,NULL,NULL,NULL,NULL,NULL,NULL,435.0600000000,"GB",566.622144,1.3024,458.96393664,"Oracle",643.8888,1.4800,"Other","USD",435.06,"GB","Oracle","Oracle","ap-sydney-1","Australia East (Sydney)","ocid1.instance.oc1.ap-sydney-1.003cbd9f042c",NULL,"Bucket","Storage","Oracle Object Storage","76VL3RFE08A1HYHK","Oracle Object Storage GB",NULL,"4ZZIA9C7IBPH3DL0.MQRRNUYL","ocid1.compartment.oc1..prod","production","Tenancy",NULL,NULL,"Usage-Based",NULL,"Object Storage",1.3024,458.96393664,1.4800
260.31665088,"01ABCD-2345EF-6789GH","Helios Labs","BillingAccount","USD","2024-10-01T00:00:00Z","2024-09-01T00:00:00Z",NULL,NULL,"Usage","Correction","Cloud SQL Database Instance in Northern Virginia","2024-09-04T12:00:00Z","2024-09-04T11:00:00Z",NULL,NULL,NULL,NULL,NULL,NULL,NULL,147.6200000000,"Hours",361.550904,2.4492,260.31665088,"Google",488.577914,3.3097,"Other","USD",147.62,"Hours","Google","Google","us-east4","Northern Virginia","//compute.googleapis.com/projects/Helios Labs/zones/us-east4-a/instances/inst-9307",NULL,"Database Instance","Databases","Cloud SQL","XPAL9R2ZDPY2AISP","Cloud SQL Hours",NULL,"YUITCWWO1Q6F82XR.BPZR68JH","proj-helios-prod","helios-prod","BillingAccount","{""cost_center"": ""CC-3090"", ""application"": ""BrightLensMatrix""}",NULL,"Usage-Based",NULL,"Relational Databases",2.4492,260.31665088,3.3097
1353.86017404,"ocid1.tenancy.oc1..aaaa1234","Meridian OCI","Tenancy","USD","2024-10-01T00:00:00Z","2024-09-01T00:00:00Z",NULL,NULL,"Tax",NULL,"Tax charge in US East (Ashburn)","2024-09-12T20:00:00Z","2024-09-12T19:00:00Z",NULL,NULL,NULL,NULL,NULL,NULL,NULL,NULL,NULL,58.5307170000,NULL,1353.86017404,"Oracle",12.9347770000,NULL,NULL,"USD",NULL,NULL,"Oracle","Oracle",NULL,NULL,NULL,NULL,NULL,"Other","Tax",NULL,NULL,NULL,NULL,"ocid1.compartment.oc1..dev","development","Tenancy","{""cost_center"": ""CC-3090"", ""owner"": ""a.turing""}",NULL,"One-Time",NULL,"Other (Security)",NULL,1353.86017404,NULL
222.27790228,"01ABCD-2345EF-6789GH","Helios Labs","BillingAccount","USD","2024-10-01T00:00:00Z","2024-09-01T00:00:00Z",NULL,NULL,"Credit",NULL,"Cloud Functions Function in Northern Virginia","2024-09-06T19:00:00Z","2024-09-06T18:00:00Z",NULL,NULL,NULL,NULL,NULL,NULL,NULL,NULL,NULL,226.81418600000003,2.4386,222.27790228,"Google",243.89082200000001,2.6222,"Standard","USD",93.01,"Invocations","Google","Google","us-east4","Northern Virginia",NULL,NULL,NULL,"Compute","Cloud Functions","Y0ZE30LMWYJ9PNU9","Cloud Functions Invocations",NULL,"4Z96352LX1ATHPQ7.LD7QPGUM","proj-helios-prod","helios-prod","BillingAccount",NULL,NULL,"One-Time",NULL,"Serverless Compute",2.4386,222.27790228,2.6222
629.916804,"8a93b2c1-1234-4abc-9def-0123456789ab","Contoso Cloud","BillingProfile","USD","2024-10-01T00:00:00Z","2024-09-01T00:00:00Z",NULL,NULL,"Usage","Correction","Azure Functions Function App in East US","2024-09-06T10:00:00Z","2024-09-06T09:00:00Z",NULL,NULL,NULL,NULL,NULL,NULL,NULL,448.4000000000,"Executions",636.2796,1.4190,629.916804,"Microsoft",649.2832,1.4480,"Standard","USD",448.40,"Executions","Microsoft","Microsoft","eastus","East US","/subscriptions/8a93b2c1-1234-4abc-9def-0123456789ab/resourceGroups/rg-745/providers/Microsoft.Compute/virtualMachines/vm-7211",NULL,"Function App","Compute","Azure Functions","OCSENTHBN75UJ84I","Azure Functions Executions",NULL,"C81UYTKISAVJD7LO.VOB511GQ","sub-9a1f","Production","BillingProfile","{""cost_center"": ""CC-3090""}",NULL,"Usage-Based",NULL,"Serverless Compute",1.4190,629.916804,1.4480
97.0087888,"ocid1.tenancy.oc1..aaaa1234","Meridian OCI","Tenancy","USD","2024-10-01T00:00:00Z","2024-09-01T00:00:00Z",NULL,NULL,"Usage",NULL,"Oracle Object Storage Bucket in Australia East (Sydney)","2024-09-28T17:00:00Z","2024-09-28T16:00:00Z",NULL,NULL,NULL,NULL,NULL,NULL,NULL,439.6700000000,"GB",138.583984,0.3152,97.0087888,"Oracle",187.29942,0.4260,"Standard","USD",439.67,"GB","Oracle","Oracle","ap-sydney-1","Australia East (Sydney)","ocid1.instance.oc1.ap-sydney-1.00d86f9daac3",NULL,"Bucket","Storage","Oracle Object Storage","SATPT5QHKUOEM4UZ","Oracle Object Storage GB",NULL,"GAD555MKE5WDO0FL.CJVEM74M","ocid1.compartment.oc1..prod","production","Tenancy","{""team"": ""infra"", ""application"": ""AtlasPortal""}",NULL,"Usage-Based",NULL,"Object Storage",0.3152,97.0087888,0.4260
144.3674856,"ocid1.tenancy.oc1..aaaa1234","Meridian OCI","Tenancy","USD","2024-10-01T00:00:00Z","2024-09-01T00:00:00Z",NULL,NULL,"Usage",NULL,"Oracle Compute Instance in US East (Ashburn)","2024-09-08T21:00:00Z","2024-09-08T20:00:00Z",NULL,NULL,NULL,NULL,NULL,NULL,NULL,137.5400000000,"Hours",240.612476,1.7494,144.3674856,"Oracle",308.47471199999995,2.2428,"Standard","USD",137.54,"Hours","Oracle","Oracle","us-ashburn-1","US East (Ashburn)","ocid1.instance.oc1.us-ashburn-1.00c849c7a5cb",NULL,"Instance","Compute","Oracle Compute","40UEE4C9WF4PK8WF","Oracle Compute Hours",NULL,"RWYMQCE9W6AWW8FG.U2QRZXPH","ocid1.compartment.oc1..dev","development","Tenancy","{""owner"": ""a.turing"", ""cost_center"": ""CC-1001""}",NULL,"Usage-Based",NULL,"Virtual Machines",1.7494,144.3674856,2.2428
363.1253472,"123456789012","SunBird","BillingAccount","USD","2024-10-01T00:00:00Z","2024-09-01T00:00:00Z",NULL,NULL,"Usage",NULL,"AWS Lambda Function in Asia Pacific (Sydney)","2024-09-01T03:00:00Z","2024-09-01T02:00:00Z","Spend","cd-426902","commit-6902",NULL,"Unused","Committed Use Discount",NULL,NULL,NULL,504.34076,4.1030,363.1253472,"AWS",509.42964800000004,4.1444,"Committed","USD",122.92,"Requests","AWS","AWS","ap-southeast-2","Asia Pacific (Sydney)","arn:aws:ec2:ap-southeast-2:123456789012:instance/i-002b761625af",NULL,"Function","Compute","AWS Lambda","8BNYZKCP6X89ZRB2","AWS Lambda Requests",NULL,"88AJZUKVFYS1NNPV.0IMDM3TQ","438839167390","Zenith Eclipse","BillingAccount","{""cost_center"": ""CC-3090""}",NULL,"Usage-Based",NULL,"Serverless Compute",4.1030,363.1253472,4.1444
551.2081697,"123456789012","SunBird","BillingAccount","USD","2024-10-01T00:00:00Z","2024-09-01T00:00:00Z",NULL,NULL,"Credit",NULL,"Amazon Simple Queue Service Queue in Asia Pacific (Sydney)","2024-09-22T14:00:00Z","2024-09-22T13:00:00Z","Spend","cd-812506","commit-2506",NULL,"Used","Committed Use Discount",NULL,NULL,NULL,889.0454350000001,3.6815,551.2081697,"AWS",1169.801709,4.8441,"Committed","USD",241.49,"Requests","AWS","AWS","ap-southeast-2","Asia Pacific (Sydney)",NULL,NULL,NULL,"Integration","Amazon Simple Queue Service","JYYGGV8R9V9DVKZP","Amazon Simple Queue Service Requests",NULL,"LHHZCS3KJBUO4A44.RXRS4D8I","517389287820","Atlas Nimbus","BillingAccount","{""owner"": ""a.lovelace"", ""business_unit"": ""ViennaAI"", ""environment"": ""dev""}",NULL,"One-Time",NULL,"Messaging",3.6815,551.2081697,4.8441
618.5698827,"8a93b2c1-1234-4abc-9def-0123456789ab","Contoso Cloud","BillingProfile","USD","2024-10-01T00:00:00Z","2024-09-01T00:00:00Z",NULL,NULL,"Usage",NULL,"Virtual Machines Virtual Machine in UK South","2024-09-13T09:00:00Z","2024-09-13T08:00:00Z","Usage","cd-931177","commit-1177",NULL,"Unused","Savings Plan",NULL,NULL,NULL,803.33751,2.8074,618.5698827,"Microsoft",1043.3029,3.6460,"Committed","USD",286.15,"Hours","Microsoft","Microsoft","uksouth","UK South","/subscriptions/8a93b2c1-1234-4abc-9def-0123456789ab/resourceGroups/rg-201/providers/Microsoft.Compute/virtualMachines/vm-3142",NULL,"Virtual Machine","Compute","Virtual Machines","YAXOAIYE8TBIX592","Virtual Machines Hours",NULL,"ANY7ZDVDZPCZZP1A.XCI7F1RA","sub-9a1f","Production","BillingProfile",NULL,"eastus-1","Usage-Based",NULL,"Virtual Machines",2.8074,618.5698827,3.6460
53.11206384,"123456789012","SunBird","BillingAccount","USD","2024-10-01T00:00:00Z","2024-09-01T00:00:00Z",NULL,NULL,"Usage",NULL,"Amazon Elastic Compute Cloud Virtual Machine in US West (Oregon)","2024-09-02T21:00:00Z","2024-09-02T20:00:00Z",NULL,NULL,NULL,NULL,NULL,NULL,NULL,29.3600000000,"Hours",80.47282399999999,2.7409,53.11206384,"AWS",108.746504,3.7039,"Standard","USD",29.36,"Hours","AWS","AWS","us-west-2","US West (Oregon)","arn:aws:ec2:us-west-2:123456789012:instance/i-00affaab6bac",NULL,"Virtual Machine","Compute","Amazon Elastic Compute Cloud","XOHLZCD81CI3W5SU","Amazon Elastic Compute Cloud Hours",NULL,"QRICUS9SSVO6FH9B.9H9YWW7N","663626350770","Zenith Apollo","BillingAccount","{""environment"": ""qa"", ""owner"": ""k.johnson""}",NULL,"Usage-Based",NULL,"Virtual Machines",2.7409,53.11206384,3.7039
53.203626,"01ABCD-2345EF-6789GH","Helios Labs","BillingAccount","USD","2024-10-01T00:00:00Z","2024-09-01T00:00:00Z",NULL,NULL,"Usage",NULL,"Cloud SQL Database Instance in Northern Virginia","2024-09-07T17:00:00Z","2024-09-07T16:00:00Z",NULL,NULL,NULL,NULL,NULL,NULL,NULL,185.5000000000,"Hours",85.81230000000001,0.4626,53.203626,"Google",114.4164,0.6168,"Other","USD",185.50,"Hours","Google","Google","us-east4","Northern Virginia","//compute.googleapis.com/projects/Helios Labs/zones/us-east4-a/instances/inst-4729",NULL,"Database Instance","Databases","Cloud SQL","T81B2AS2J0ZBIMWE","Cloud SQL Hours",NULL,"X6XBEXMAE2OF15GU.1DW72DXI","proj-helios-dev","helios-dev","BillingAccount","{""team"": ""platform""}",NULL,"Usage-Based",NULL,"Relational Databases",0.4626,53.203626,0.6168
48.46468023,"01ABCD-2345EF-6789GH","Helios Labs","BillingAccount","USD","2024-10-01T00:00:00Z","2024-09-01T00:00:00Z",NULL,NULL,"Usage",NULL,"Cloud SQL Database Instance in Iowa","2024-09-11T12:00:00Z","2024-09-11T11:00:00Z",NULL,NULL,NULL,NULL,NULL,NULL,NULL,283.5900000000,"Hours",68.26011299999999,0.2407,48.46468023,"Google",80.312688,0.2832,"Dynamic","USD",283.59,"Hours","Google","Google","us-central1","Iowa","//compute.googleapis.com/projects/Helios Labs/zones/us-central1-a/instances/inst-3615",NULL,"Database Instance","Databases","Cloud SQL","78Z1TZN1VYH9PMU5","Cloud SQL Hours",NULL,"Q93Z9AX3DLP44F8Q.PAGLKBX1","proj-helios-prod","helios-prod","BillingAccount","{""business_unit"": ""OsloData"", ""team"": ""infra"", ""application"": ""BrightLensMatrix""}",NULL,"Usage-Based",NULL,"Relational Databases",0.2407,48.46468023,0.2832
333.981036,"8a93b2c1-1234-4abc-9def-0123456789ab","Contoso Cloud","BillingProfile","USD","2024-10-01T00:00:00Z","2024-09-01T00:00:00Z",NULL,NULL,"Tax",NULL,"Tax charge in West Europe","2024-09-30T11:00:00Z","2024-09-30T10:00:00Z",NULL,NULL,NULL,NULL,NULL,NULL,NULL,NULL,NULL,76.3086570000,NULL,333.981036,"Microsoft",81.5477150000,NULL,NULL,"USD",NULL,NULL,"Microsoft","Microsoft",NULL,NULL,NULL,NULL,NULL,"Other","Tax",NULL,NULL,NULL,NULL,"sub-9a1f","Production","BillingProfile","{""application"": ""BrightSourceCore"", ""environment"": ""staging""}",NULL,"One-Time",NULL,"Other (Security)",NULL,333.981036,NULL
812.7353457,"ocid1.tenancy.oc1..aaaa1234","Meridian OCI","Tenancy","USD","2024-10-01T00:00:00Z","2024-09-01T00:00:00Z",NULL,NULL,"Usage",NULL,"Oracle Functions Function in Australia East (Sydney)","2024-09-12T01:00:00Z","2024-09-12T00:00:00Z",NULL,NULL,NULL,NULL,NULL,NULL,NULL,310.9800000000,"Invocations",1003.3769700000001,3.2265,812.7353457,"Oracle",1102.610688,3.5456,"Standard","USD",310.98,"Invocations","Oracle","Oracle","ap-sydney-1","Australia East (Sydney)","ocid1.instance.oc1.ap-sydney-1.00aa4e047409",NULL,"Function","Compute","Oracle Functions","GQAE1MOL7RSINT5E","Oracle Functions Invocations",NULL,"7JA4VUFVRVIYD2U1.EM9OHBAZ","ocid1.compartment.oc1..prod","production","Tenancy",NULL,"us-ashburn-1-AD-1","Usage-Based",NULL,"Serverless Compute",3.2265,812.7353457,3.5456
911.701398,"8a93b2c1-1234-4abc-9def-0123456789ab","Contoso Cloud","BillingProfile","USD","2024-10-01T00:00:00Z","2024-09-01T00:00:00Z",NULL,NULL,"Purchase",NULL,"Azure Blob Storage Storage Account in West Europe","2024-09-19T11:00:00Z","2024-09-19T10:00:00Z",NULL,NULL,NULL,NULL,NULL,NULL,NULL,NULL,NULL,911.701398,1.9958,0,"Microsoft",1125.534159,2.4639,"Standard","USD",456.81,"GB","Microsoft","Microsoft","westeurope","West Europe","/subscriptions/8a93b2c1-1234-4abc-9def-0123456789ab/resourceGroups/rg-187/providers/Microsoft.Compute/virtualMachines/vm-8366",NULL,"Storage Account","Storage","Azure Blob Storage","2AN9XDPYCVUK6TIS","Azure Blob Storage GB",NULL,"FC4TDI5RB14X6K13.0IXA1KAC","sub-9a1f","Production","BillingProfile","{""cost_center"": ""CC-2042"", ""application"": ""AtlasPortal"", ""team"": ""infra""}",NULL,"One-Time",NULL,"Object Storage",1.9958,0,2.4639
1196.59046052,"ocid1.tenancy.oc1..aaaa1234","Meridian OCI","Tenancy","USD","2024-10-01T00:00:00Z","2024-09-01T00:00:00Z",NULL,NULL,"Usage",NULL,"Oracle Object Storage Bucket in Australia East (Sydney)","2024-09-28T02:00:00Z","2024-09-28T01:00:00Z",NULL,NULL,NULL,NULL,NULL,NULL,NULL,472.9300000000,"GB",1534.090334,3.2438,1196.59046052,"Oracle",1723.6879709999998,3.6447,"Standard","USD",472.93,"GB","Oracle","Oracle","ap-sydney-1","Australia East (Sydney)","ocid1.instance.oc1.ap-sydney-1.00ad51442526",NULL,"Bucket","Storage","Oracle Object Storage","UUASNJ01SNIIOQYG","Oracle Object Storage GB",NULL,"IGK98EGVS9VOQBAE.L21KIM7T","ocid1.compartment.oc1..dev","development","Tenancy","{""environment"": ""qa"", ""application"": ""AtlasPortal"", ""owner"": ""a.lovelace""}","uk-london-1-AD-2","Usage-Based",NULL,"Object Storage",3.2438,1196.59046052,3.6447
70.6381984,"01ABCD-2345EF-6789GH","Helios Labs","BillingAccount","USD","2024-10-01T00:00:00Z","2024-09-01T00:00:00Z",NULL,NULL,"Tax",NULL,"Tax charge in Belgium","2024-09-18T00:00:00Z","2024-09-17T23:00:00Z",NULL,NULL,NULL,NULL,NULL,NULL,NULL,NULL,NULL,20.5029540000,NULL,70.6381984,"Google",52.5859590000,NULL,NULL,"USD",NULL,NULL,"Google","Google",NULL,NULL,NULL,NULL,NULL,"Other","Tax",NULL,NULL,NULL,NULL,"proj-helios-dev","helios-dev","BillingAccount",NULL,NULL,"One-Time",NULL,"Other (Security)",NULL,70.6381984,NULL
1409.92295366,"ocid1.tenancy.oc1..aaaa1234","Meridian OCI","Tenancy","USD","2024-10-01T00:00:00Z","2024-09-01T00:00:00Z",NULL,NULL,"Usage",NULL,"Oracle Compute Instance in UK South (London)","2024-09-03T22:00:00Z","2024-09-03T21:00:00Z",NULL,NULL,NULL,NULL,NULL,NULL,NULL,348.7700000000,"Hours",1584.183094,4.5422,1409.92295366,"Oracle",1721.947244,4.9372,"Dynamic","USD",348.77,"Hours","Oracle","Oracle","uk-london-1","UK South (London)","ocid1.instance.oc1.uk-london-1.0084cc628488",NULL,"Instance","Compute","Oracle Compute","2RYM8PA2JMZHD8DJ","Oracle Compute Hours",NULL,"0FYZIAG0UWU260RV.57ZUUW5W","ocid1.compartment.oc1..dev","development","Tenancy","{""team"": ""growth"", ""cost_center"": ""CC-2042""}","uk-london-1-AD-2","Usage-Based",NULL,"Virtual Machines",4.5422,1409.92295366,4.9372
234.86792791,"8a93b2c1-1234-4abc-9def-0123456789ab","Contoso Cloud","BillingProfile","USD","2024-10-01T00:00:00Z","2024-09-01T00:00:00Z",NULL,NULL,"Usage","Correction","Azure SQL Database SQL Database in UK South","2024-09-12T18:00:00Z","2024-09-12T17:00:00Z",NULL,NULL,NULL,NULL,NULL,NULL,NULL,261.8900000000,"Hours",305.023283,1.1647,234.86792791,"Microsoft",442.07032,1.6880,"Dynamic","USD",261.89,"Hours","Microsoft","Microsoft","uksouth","UK South","/subscriptions/8a93b2c1-1234-4abc-9def-0123456789ab/resourceGroups/rg-839/providers/Microsoft.Compute/virtualMachines/vm-6076",NULL,"SQL Database","Databases","Azure SQL Database","0YWQUGJLQTQE64SA","Azure SQL Database Hours",NULL,"JMM7081B6OU4CE2B.P0MCTRJN","sub-2b7c","Staging","BillingProfile",NULL,NULL,"Usage-Based",NULL,"Relational Databases",1.1647,234.86792791,1.6880
679.72972872,"ocid1.tenancy.oc1..aaaa1234","Meridian OCI","Tenancy","USD","2024-10-01T00:00:00Z","2024-09-01T00:00:00Z",NULL,NULL,"Usage",NULL,"Oracle Compute Instance in US East (Ashburn)","2024-09-30T15:00:00Z","2024-09-30T14:00:00Z","Spend","cd-391480","commit-1480",NULL,"Unused","Reserved Instance",NULL,NULL,NULL,809.2020580000001,2.6467,679.72972872,"Oracle",817.365316,2.6734,"Committed","USD",305.74,"Hours","Oracle","Oracle","us-ashburn-1","US East (Ashburn)","ocid1.instance.oc1.us-ashburn-1.00b31b531b73",NULL,"Instance","Compute","Oracle Compute","455IRVJ9RHNXYR7A","Oracle Compute Hours",NULL,"TUC3NWY5T6AU5OQB.V9CI1AKQ","ocid1.compartment.oc1..prod","production","Tenancy","{""cost_center"": ""CC-2042""}",NULL,"Usage-Based",NULL,"Virtual Machines",2.6467,679.72972872,2.6734
226.32136464,"8a93b2c1-1234-4abc-9def-0123456789ab","Contoso Cloud","BillingProfile","USD","2024-10-01T00:00:00Z","2024-09-01T00:00:00Z",NULL,NULL,"Usage",NULL,"Azure Load Balancer Load Balancer in East US","2024-09-04T21:00:00Z","2024-09-04T20:00:00Z","Usage","cd-118415","commit-8415",NULL,"Unused","Reserved Instance",NULL,NULL,NULL,269.43019599999997,0.5527,226.32136464,"Microsoft",341.04100800000003,0.6996,"Committed","USD",487.48,"Hours","Microsoft","Microsoft","eastus","East US","/subscriptions/8a93b2c1-1234-4abc-9def-0123456789ab/resourceGroups/rg-954/providers/Microsoft.Compute/virtualMachines/vm-9019",NULL,"Load Balancer","Networking","Azure Load Balancer","34S813XXHTE61R7K","Azure Load Balancer Hours",NULL,"MA67IU7Z6RG0KPOK.1BX9YRK3","sub-9a1f","Production","BillingProfile",NULL,"uksouth-1","Usage-Based",NULL,"Application Networking",0.5527,226.32136464,0.6996
114.05301424,"ocid1.tenancy.oc1..aaaa1234","Meridian OCI","Tenancy","USD","2024-10-01T00:00:00Z","2024-09-01T00:00:00Z",NULL,NULL,"Usage",NULL,"Oracle Autonomous Database Database in Australia East (Sydney)","2024-09-05T06:00:00Z","2024-09-05T05:00:00Z",NULL,NULL,NULL,NULL,NULL,NULL,NULL,191.9800000000,"Hours",132.61978399999998,0.6908,114.05301424,"Oracle",174.50982,0.9090,"Standard","USD",191.98,"Hours","Oracle","Oracle","ap-sydney-1","Australia East (Sydney)","ocid1.instance.oc1.ap-sydney-1.00626ec1def3",NULL,"Database","Databases","Oracle Autonomous Database","JYXVT09B0JPI3JO4","Oracle Autonomous Database Hours",NULL,"H26BJKO4DC1UR82D.9R32UQE2","ocid1.compartment.oc1..prod","production","Tenancy","{""application"": ""BrightLensMatrix"", ""cost_center"": ""CC-2042""}",NULL,"Usage-Based",NULL,"Relational Databases",0.6908,114.05301424,0.9090
550.528992,"ocid1.tenancy.oc1..aaaa1234","Meridian OCI","Tenancy","USD","2024-10-01T00:00:00Z","2024-09-01T00:00:00Z",NULL,NULL,"Usage",NULL,"Oracle Autonomous Database Database in UK South (London)","2024-09-26T08:00:00Z","2024-09-26T07:00:00Z","Spend","cd-585248","commit-5248",NULL,"Used","Savings Plan",NULL,270.4000000000,"Hours",611.6988799999999,2.2622,550.528992,"Oracle",926.7959999999999,3.4275,"Committed","USD",270.40,"Hours","Oracle","Oracle","uk-london-1","UK South (London)","ocid1.instance.oc1.uk-london-1.005ac9e12fad",NULL,"Database","Databases","Oracle Autonomous Database","9620N7BJB4ZFJPZG","Oracle Autonomous Database Hours",NULL,"LHBVF98GJ87YG6IB.5AZYCHD3","ocid1.compartment.oc1..prod","production","Tenancy","{""application"": ""AtlasPortal"", ""cost_center"": ""CC-3090"", ""business_unit"": ""LisbonOps""}","us-ashburn-1-AD-1","Usage-Based",NULL,"Relational Databases",2.2622,550.528992,3.4275
274.3958492,"8a93b2c1-1234-4abc-9def-0123456789ab","Contoso Cloud","BillingProfile","USD","2024-10-01T00:00:00Z","2024-09-01T00:00:00Z",NULL,NULL,"Usage",NULL,"Azure Blob Storage Storage Account in UK South","2024-09-26T04:00:00Z","2024-09-26T03:00:00Z","Usage","cd-794947","commit-4947",NULL,"Unused","Committed Use Discount",NULL,NULL,NULL,311.813465,1.0279,274.3958492,"Microsoft",350.33891500000004,1.1549,"Committed","USD",303.35,"GB","Microsoft","Microsoft","uksouth","UK South","/subscriptions/8a93b2c1-1234-4abc-9def-0123456789ab/resourceGroups/rg-390/providers/Microsoft.Compute/virtualMachines/vm-241",NULL,"Storage Account","Storage","Azure Blob Storage","07OMVW2A52PGKNGU","Azure Blob Storage GB",NULL,"VVCU2CWIF74O7RRQ.CTX68NGE","sub-9a1f","Production","BillingProfile","{""application"": ""AtlasPortal"", ""environment"": ""prod""}","westeurope-2","Usage-Based",NULL,"Object Storage",1.0279,274.3958492,1.1549
1462.8577933,"123456789012","SunBird","BillingAccount","USD","2024-10-01T00:00:00Z","2024-09-01T00:00:00Z",NULL,NULL,"Tax",NULL,"Tax charge in Asia Pacific (Sydney)","2024-09-28T20:00:00Z","2024-09-28T19:00:00Z",NULL,NULL,NULL,NULL,NULL,NULL,NULL,NULL,NULL,99.0480170000,NULL,1462.8577933,"AWS",11.3830840000,NULL,NULL,"USD",NULL,NULL,"AWS","AWS",NULL,NULL,NULL,NULL,NULL,"Other","Tax",NULL,NULL,NULL,NULL,"517389287820","Atlas Nimbus","BillingAccount",NULL,NULL,"One-Time",NULL,"Other (Security)",NULL,1462.8577933,NULL
356.37979872,"ocid1.tenancy.oc1..aaaa1234","Meridian OCI","Tenancy","USD","2024-10-01T00:00:00Z","2024-09-01T00:00:00Z",NULL,NULL,"Usage",NULL,"Oracle Load Balancer Load Balancer in Australia East (Sydney)","2024-09-02T15:00:00Z","2024-09-02T14:00:00Z",NULL,NULL,NULL,NULL,NULL,NULL,NULL,308.9600000000,"Hours",539.969392,1.7477,356.37979872,"Oracle",830.7007519999999,2.6887,"Dynamic","USD",308.96,"Hours","Oracle","Oracle","ap-sydney-1","Australia East (Sydney)","ocid1.instance.oc1.ap-sydney-1.00e6db89aa0c",NULL,"Load Balancer","Networking","Oracle Load Balancer","SBO11TBE1NIU4N56","Oracle Load Balancer Hours",NULL,"NHW5X2KJ2OG6Z9NC.IFV9XTKO","ocid1.compartment.oc1..prod","production","Tenancy","{""business_unit"": ""OsloData"", ""owner"": ""k.johnson"", ""team"": ""infra""}",NULL,"Usage-Based",NULL,"Application Networking",1.7477,356.37979872,2.6887
703.42558208,"8a93b2c1-1234-4abc-9def-0123456789ab","Contoso Cloud","BillingProfile","USD","2024-10-01T00:00:00Z","2024-09-01T00:00:00Z",NULL,NULL,"Usage",NULL,"Azure SQL Database SQL Database in East US","2024-09-16T22:00:00Z","2024-09-16T21:00:00Z","Spend","cd-589227","commit-9227",NULL,"Unused","Savings Plan",NULL,NULL,NULL,764.5930239999999,2.0696,703.42558208,"Microsoft",992.9808320000001,2.6878,"Other","USD",369.44,"Hours","Microsoft","Microsoft","eastus","East US","/subscriptions/8a93b2c1-1234-4abc-9def-0123456789ab/resourceGroups/rg-784/providers/Microsoft.Compute/virtualMachines/vm-677",NULL,"SQL Database","Databases","Azure SQL Database","W8SF5RH1E2AVAKKE","Azure SQL Database Hours",NULL,"6GZ9ESGOTR4YDQ9N.52SBII8Z","sub-2b7c","Staging","BillingProfile","{""owner"": ""a.turing"", ""business_unit"": ""MarseilleSRE""}",NULL,"Usage-Based",NULL,"Relational Databases",2.0696,703.42558208,2.6878
41.341007999999995,"8a93b2c1-1234-4abc-9def-0123456789ab","Contoso Cloud","BillingProfile","USD","2024-10-01T00:00:00Z","2024-09-01T00:00:00Z",NULL,NULL,"Purchase",NULL,"Azure Blob Storage Storage Account in East US","2024-09-19T03:00:00Z","2024-09-19T02:00:00Z",NULL,NULL,NULL,NULL,NULL,NULL,NULL,NULL,NULL,41.341007999999995,2.7952,0,"Microsoft",53.689178999999996,3.6301,"Other","USD",14.79,"GB","Microsoft","Microsoft","eastus","East US","/subscriptions/8a93b2c1-1234-4abc-9def-0123456789ab/resourceGroups/rg-450/providers/Microsoft.Compute/virtualMachines/vm-9630",NULL,"Storage Account","Storage","Azure Blob Storage","Y001EAIUZPRLCIII","Azure Blob Storage GB",NULL,"OR8CEN219O05WBG4.2EUJTRZH","sub-9a1f","Production","BillingProfile","{""team"": ""infra""}",NULL,"Recurring",NULL,"Object Storage",2.7952,0,3.6301
480.38341043,"01ABCD-2345EF-6789GH","Helios Labs","BillingAccount","USD","2024-10-01T00:00:00Z","2024-09-01T00:00:00Z",NULL,NULL,"Adjustment",NULL,"Compute Engine VM Instance in Belgium","2024-09-11T12:00:00Z","2024-09-11T11:00:00Z",NULL,NULL,NULL,NULL,NULL,NULL,NULL,NULL,NULL,623.874559,2.7247,480.38341043,"Google",974.7939809999999,4.2573,"Standard","USD",228.97,"Hours","Google","Google","europe-west1","Belgium",NULL,NULL,NULL,"Compute","Compute Engine","5IYNEWYVWKL52YQF","Compute Engine Hours",NULL,"TCBN9UALVVENRSQ9.Z4JL88OA","proj-helios-prod","helios-prod","BillingAccount","{""application"": ""NimbusAPI"", ""owner"": ""g.hopper""}",NULL,"One-Time",NULL,"Virtual Machines",2.7247,480.38341043,4.2573
81.29522304,"ocid1.tenancy.oc1..aaaa1234","Meridian OCI","Tenancy","USD","2024-10-01T00:00:00Z","2024-09-01T00:00:00Z",NULL,NULL,"Usage",NULL,"Oracle Object Storage Bucket in US East (Ashburn)","2024-09-11T19:00:00Z","2024-09-11T18:00:00Z",NULL,NULL,NULL,NULL,NULL,NULL,NULL,369.4700000000,"GB",112.910032,0.3056,81.29522304,"Oracle",154.660142,0.4186,"Other","USD",369.47,"GB","Oracle","Oracle","us-ashburn-1","US East (Ashburn)","ocid1.instance.oc1.us-ashburn-1.00dffad0ad28",NULL,"Bucket","Storage","Oracle Object Storage","3773UNEIASAUSP25","Oracle Object Storage GB",NULL,"11G6MD7X6DDG84PF.TNFUFEQO","ocid1.compartment.oc1..prod","production","Tenancy",NULL,"uk-london-1-AD-2","Usage-Based",NULL,"Object Storage",0.3056,81.29522304,0.4186
332.6199296,"ocid1.tenancy.oc1..aaaa1234","Meridian OCI","Tenancy","USD","2024-10-01T00:00:00Z","2024-09-01T00:00:00Z",NULL,NULL,"Usage",NULL,"Oracle Load Balancer Load Balancer in UK South (London)","2024-09-27T23:00:00Z","2024-09-27T22:00:00Z",NULL,NULL,NULL,NULL,NULL,NULL,NULL,242.9500000000,"Hours",519.71864,2.1392,332.6199296,"Oracle",666.31467,2.7426,"Standard","USD",242.95,"Hours","Oracle","Oracle","uk-london-1","UK South (London)","ocid1.instance.oc1.uk-london-1.00bbb08a5089",NULL,"Load Balancer","Networking","Oracle Load Balancer","9AJ1MPEXQLMAZCDL","Oracle Load Balancer Hours",NULL,"MDL61VVBUIKSGGSJ.BZ04CGUE","ocid1.compartment.oc1..prod","production","Tenancy","{""business_unit"": ""MarseilleSRE"", ""team"": ""growth"", ""owner"": ""a.turing""}",NULL,"Usage-Based",NULL,"Application Networking",2.1392,332.6199296,2.7426
232.70883935,"01ABCD-2345EF-6789GH","Helios Labs","BillingAccount","USD","2024-10-01T00:00:00Z","2024-09-01T00:00:00Z",NULL,NULL,"Usage",NULL,"Cloud Load Balancing Forwarding Rule in Belgium","2024-09-05T02:00:00Z","2024-09-05T01:00:00Z",NULL,NULL,NULL,NULL,NULL,NULL,NULL,102.9100000000,"Hours",358.013599,3.4789,232.70883935,"Google",380.86991,3.7010,"Standard","USD",102.91,"Hours","Google","Google","europe-west1","Belgium","//compute.googleapis.com/projects/Helios Labs/zones/europe-west1-a/instances/inst-2300",NULL,"Forwarding Rule","Networking","Cloud Load Balancing","ILLDXYIBGCEHNQ8T","Cloud Load Balancing Hours",NULL,"NOGMOLXL7YHNKPQV.0SVINTL6","proj-helios-prod","helios-prod","BillingAccount",NULL,NULL,"Usage-Based",NULL,"Application Networking",3.4789,232.70883935,3.7010
119.8534214,"01ABCD-2345EF-6789GH","Helios Labs","BillingAccount","USD","2024-10-01T00:00:00Z","2024-09-01T00:00:00Z",NULL,NULL,"Usage",NULL,"Cloud SQL Database Instance in Northern Virginia","2024-09-01T06:00:00Z","2024-09-01T05:00:00Z","Usage","cd-949598","commit-9598",NULL,"Unused","Reserved Instance",NULL,NULL,NULL,193.31197,0.8990,119.8534214,"Google",207.869501,0.9667,"Committed","USD",215.03,"Hours","Google","Google","us-east4","Northern Virginia","//compute.googleapis.com/projects/Helios Labs/zones/us-east4-a/instances/inst-5154",NULL,"Database Instance","Databases","Cloud SQL","WZFVLYZXVER5YKXP","Cloud SQL Hours",NULL,"6D00TGR4XOPZXKS2.RZ1UOVN9","proj-helios-dev","helios-dev","BillingAccount","{""owner"": ""k.johnson"", ""team"": ""growth"", ""environment"": ""dev""}",NULL,"Usage-Based",NULL,"Relational Databases",0.8990,119.8534214,0.9667
304.7023782,"ocid1.tenancy.oc1..aaaa1234","Meridian OCI","Tenancy","USD","2024-10-01T00:00:00Z","2024-09-01T00:00:00Z",NULL,NULL,"Usage",NULL,"Oracle Object Storage Bucket in Australia East (Sydney)","2024-09-11T16:00:00Z","2024-09-11T15:00:00Z","Spend","cd-597885","commit-7885",NULL,"Unused","Reserved Instance",NULL,NULL,NULL,461.67027,1.2230,304.7023782,"Oracle",732.821337,1.9413,"Other","USD",377.49,"GB","Oracle","Oracle","ap-sydney-1","Australia East (Sydney)","ocid1.instance.oc1.ap-sydney-1.008091d6c832",NULL,"Bucket","Storage","Oracle Object Storage","9V61PB0GZ8JS4P8E","Oracle Object Storage GB",NULL,"0GWO6FGZ6M3FBPB5.N4IYD4KA","ocid1.compartment.oc1..dev","development","Tenancy","{""team"": ""growth"", ""environment"": ""staging"", ""cost_center"": ""CC-1001""}",NULL,"Usage-Based",NULL,"Object Storage",1.2230,304.7023782,1.9413
159.016312,"01ABCD-2345EF-6789GH","Helios Labs","BillingAccount","USD","2024-10-01T00:00:00Z","2024-09-01T00:00:00Z",NULL,NULL,"Tax","Correction","Tax charge in Northern Virginia","2024-09-24T16:00:00Z","2024-09-24T15:00:00Z",NULL,NULL,NULL,NULL,NULL,NULL,NULL,NULL,NULL,39.8231890000,NULL,159.016312,"Google",19.6459310000,NULL,NULL,"USD",NULL,NULL,"Google","Google",NULL,NULL,NULL,NULL,NULL,"Other","Tax",NULL,NULL,NULL,NULL,"proj-helios-dev","helios-dev","BillingAccount",NULL,NULL,"One-Time",NULL,"Other (Security)",NULL,159.016312,NULL
1391.833554,"01ABCD-2345EF-6789GH","Helios Labs","BillingAccount","USD","2024-10-01T00:00:00Z","2024-09-01T00:00:00Z",NULL,NULL,"Purchase",NULL,"BigQuery Dataset in Northern Virginia","2024-09-14T20:00:00Z","2024-09-14T19:00:00Z",NULL,NULL,NULL,NULL,NULL,NULL,NULL,NULL,NULL,1391.833554,3.7181,0,"Google",1855.7905499999997,4.9575,"Standard","USD",374.34,"GiB","Google","Google","us-east4","Northern Virginia","//compute.googleapis.com/projects/Helios Labs/zones/us-east4-a/instances/inst-4518",NULL,"Dataset","Analytics","BigQuery","TANZQ6FHL0YS3F02","BigQuery GiB",NULL,"B09ONVOHCGYGKWBH.ZPRCFMOO","proj-helios-prod","helios-prod","BillingAccount","{""environment"": ""prod"", ""owner"": ""a.turing""}",NULL,"One-Time",NULL,"Data Warehouses",3.7181,0,4.9575
483.78183799999994,"01ABCD-2345EF-6789GH","Helios Labs","BillingAccount","USD","2024-10-01T00:00:00Z","2024-09-01T00:00:00Z",NULL,NULL,"Purchase",NULL,"Cloud Storage Bucket in Northern Virginia","2024-09-21T14:00:00Z","2024-09-21T13:00:00Z",NULL,NULL,NULL,NULL,NULL,NULL,NULL,NULL,NULL,483.78183799999994,3.5359,0,"Google",543.572178,3.9729,"Other","USD",136.82,"GiB","Google","Google","us-east4","Northern Virginia","//compute.googleapis.com/projects/Helios Labs/zones/us-east4-a/instances/inst-1590",NULL,"Bucket","Storage","Cloud Storage","5NCEQ8FGZASFBDTK","Cloud Storage GiB",NULL,"CJ7900HZ8CECPSJH.MQ6VT9QJ","proj-helios-dev","helios-dev","BillingAccount","{""owner"": ""a.lovelace""}",NULL,"One-Time",NULL,"Object Storage",3.5359,0,3.9729
153.82610946,"8a93b2c1-1234-4abc-9def-0123456789ab","Contoso Cloud","BillingProfile","USD","2024-10-01T00:00:00Z","2024-09-01T00:00:00Z",NULL,NULL,"Usage",NULL,"Azure SQL Database SQL Database in West Europe","2024-09-19T04:00:00Z","2024-09-19T03:00:00Z","Spend","cd-204531","commit-4531",NULL,"Unused","Committed Use Discount",NULL,NULL,NULL,158.583618,0.3222,153.82610946,"Microsoft",236.69417099999998,0.4809,"Committed","USD",492.19,"Hours","Microsoft","Microsoft","westeurope","West Europe","/subscriptions/8a93b2c1-1234-4abc-9def-0123456789ab/resourceGroups/rg-638/providers/Microsoft.Compute/virtualMachines/vm-8770",NULL,"SQL Database","Databases","Azure SQL Database","5HNIGTBIT3AK79FS","Azure SQL Database Hours",NULL,"FHI83TUI5EN146X5.YS1MEP9F","sub-9a1f","Production","BillingProfile",NULL,"westeurope-2","Usage-Based",NULL,"Relational Databases",0.3222,153.82610946,0.4809
203.3924802,"ocid1.tenancy.oc1..aaaa1234","Meridian OCI","Tenancy","USD","2024-10-01T00:00:00Z","2024-09-01T00:00:00Z",NULL,NULL,"Usage",NULL,"Oracle Autonomous Database Database in Australia East (Sydney)","2024-09-29T02:00:00Z","2024-09-29T01:00:00Z","Spend","cd-397752","commit-7752",NULL,"Used","Reserved Instance",NULL,499.3800000000,"Hours",312.911508,0.6266,203.3924802,"Oracle",422.825046,0.8467,"Committed","USD",499.38,"Hours","Oracle","Oracle","ap-sydney-1","Australia East (Sydney)","ocid1.instance.oc1.ap-sydney-1.0080559f66ec",NULL,"Database","Databases","Oracle Autonomous Database","1LYE09QWVKUL5TEA","Oracle Autonomous Database Hours",NULL,"IXS5E38R77W1YS6O.DBXGV12W","ocid1.compartment.oc1..prod","production","Tenancy",NULL,"uk-london-1-AD-2","Usage-Based",NULL,"Relational Databases",0.6266,203.3924802,0.8467
505.92326988,"ocid1.tenancy.oc1..aaaa1234","Meridian OCI","Tenancy","USD","2024-10-01T00:00:00Z","2024-09-01T00:00:00Z",NULL,NULL,"Usage",NULL,"Oracle Object Storage Bucket in UK South (London)","2024-09-22T13:00:00Z","2024-09-22T12:00:00Z",NULL,NULL,NULL,NULL,NULL,NULL,NULL,224.1300000000,"GB",665.688513,2.9701,505.92326988,"Oracle",811.821273,3.6221,"Standard","USD",224.13,"GB","Oracle","Oracle","uk-london-1","UK South (London)","ocid1.instance.oc1.uk-london-1.001cc26cf959",NULL,"Bucket","Storage","Oracle Object Storage","CFSRHOAY60LQC62G","Oracle Object Storage GB",NULL,"AA008DRG5I8JA40K.M6HHWKIO","ocid1.compartment.oc1..dev","development","Tenancy","{""business_unit"": ""OsloData"", ""application"": ""NimbusAPI""}",NULL,"Usage-Based",NULL,"Object Storage",2.9701,505.92326988,3.6221
596.4279084,"8a93b2c1-1234-4abc-9def-0123456789ab","Contoso Cloud","BillingProfile","USD","2024-10-01T00:00:00Z","2024-09-01T00:00:00Z",NULL,NULL,"Usage","Correction","Azure Blob Storage Storage Account in West Europe","2024-09-07T15:00:00Z","2024-09-07T14:00:00Z",NULL,NULL,NULL,NULL,NULL,NULL,NULL,235.5300000000,"GB",805.98366,3.4220,596.4279084,"Microsoft",1020.2453009999999,4.3317,"Standard","USD",235.53,"GB","Microsoft","Microsoft","westeurope","West Europe","/subscriptions/8a93b2c1-1234-4abc-9def-0123456789ab/resourceGroups/rg-680/providers/Microsoft.Compute/virtualMachines/vm-6492",NULL,"Storage Account","Storage","Azure Blob Storage","R2HOXGHPWBUMU2JK","Azure Blob Storage GB",NULL,"7IA1SHX59C37PBI8.BEBTGSVP","sub-4d3e","Sandbox","BillingProfile","{""application"": ""AtlasPortal""}","uksouth-1","Usage-Based",NULL,"Object Storage",3.4220,596.4279084,4.3317
202.01679654,"123456789012","SunBird","BillingAccount","USD","2024-10-01T00:00:00Z","2024-09-01T00:00:00Z",NULL,NULL,"Adjustment",NULL,"Elastic Load Balancing Load Balancer in Europe (Ireland)","2024-09-22T19:00:00Z","2024-09-22T18:00:00Z",NULL,NULL,NULL,NULL,NULL,NULL,NULL,NULL,NULL,258.995893,1.9721,202.01679654,"AWS",308.32344100000006,2.3477,"Other","USD",131.33,"LCU-Hours","AWS","AWS","eu-west-1","Europe (Ireland)",NULL,NULL,NULL,"Networking","Elastic Load Balancing","OW59BO39HJGO2QPZ","Elastic Load Balancing LCU-Hours",NULL,"AUV9UW5XTB8RLA01.DTWJ781A","517389287820","Atlas Nimbus","BillingAccount","{""application"": ""BrightSourceCore"", ""environment"": ""prod"", ""owner"": ""a.turing""}",NULL,"One-Time",NULL,"Application Networking",1.9721,202.01679654,2.3477
157.18560044,"123456789012","SunBird","BillingAccount","USD","2024-10-01T00:00:00Z","2024-09-01T00:00:00Z",NULL,NULL,"Usage",NULL,"AWS Lambda Function in US East (N. Virginia)","2024-09-15T04:00:00Z","2024-09-15T03:00:00Z",NULL,NULL,NULL,NULL,NULL,NULL,NULL,226.1800000000,"Requests",253.52516200000002,1.1209,157.18560044,"AWS",309.165442,1.3669,"Standard","USD",226.18,"Requests","AWS","AWS","us-east-1","US East (N. Virginia)","arn:aws:ec2:us-east-1:123456789012:instance/i-00c0b389a563",NULL,"Function","Compute","AWS Lambda","9ET9DIWOB6RM4ZKZ","AWS Lambda Requests",NULL,"SRT35LUA8SLPJQLN.T6ACRF3I","438839167390","Zenith Eclipse","BillingAccount",NULL,"us-west-2b","Usage-Based",NULL,"Serverless Compute",1.1209,157.18560044,1.3669
367.58629586,"123456789012","SunBird","BillingAccount","USD","2024-10-01T00:00:00Z","2024-09-01T00:00:00Z",NULL,NULL,"Usage",NULL,"AWS Lambda Function in Europe (Ireland)","2024-09-11T13:00:00Z","2024-09-11T12:00:00Z",NULL,NULL,NULL,NULL,NULL,NULL,NULL,267.2900000000,"Requests",375.08805700000005,1.4033,367.58629586,"AWS",421.436143,1.5767,"Standard","USD",267.29,"Requests","AWS","AWS","eu-west-1","Europe (Ireland)","arn:aws:ec2:eu-west-1:123456789012:instance/i-0026bc38dea2",NULL,"Function","Compute","AWS Lambda","PNOJVSWLOFU8I7YO","AWS Lambda Requests",NULL,"CRBI1ZLF2KG5SKII.BTF038LH","438839167390","Zenith Eclipse","BillingAccount","{""cost_center"": ""CC-1001"", ""team"": ""payments""}","eu-west-1c","Usage-Based",NULL,"Serverless Compute",1.4033,367.58629586,1.5767
589.0642362,"8a93b2c1-1234-4abc-9def-0123456789ab","Contoso Cloud","BillingProfile","USD","2024-10-01T00:00:00Z","2024-09-01T00:00:00Z",NULL,NULL,"Usage",NULL,"Azure Functions Function App in West Europe","2024-09-17T08:00:00Z","2024-09-17T07:00:00Z",NULL,NULL,NULL,NULL,NULL,NULL,NULL,198.1100000000,"Executions",654.515818,3.3038,589.0642362,"Microsoft",976.8804100000001,4.9310,"Standard","USD",198.11,"Executions","Microsoft","Microsoft","westeurope","West Europe","/subscriptions/8a93b2c1-1234-4abc-9def-0123456789ab/resourceGroups/rg-551/providers/Microsoft.Compute/virtualMachines/vm-4305",NULL,"Function App","Compute","Azure Functions","T8WALJC0GDGPPNXO","Azure Functions Executions",NULL,"55FDADBLV1GYJLVY.R5E6XWTA","sub-2b7c","Staging","BillingProfile",NULL,"eastus-1","Usage-Based",NULL,"Serverless Compute",3.3038,589.0642362,4.9310
42.7168923,"8a93b2c1-1234-4abc-9def-0123456789ab","Contoso Cloud","BillingProfile","USD","2024-10-01T00:00:00Z","2024-09-01T00:00:00Z",NULL,NULL,"Credit",NULL,"Azure Blob Storage Storage Account in East US","2024-09-15T17:00:00Z","2024-09-15T16:00:00Z",NULL,NULL,NULL,NULL,NULL,NULL,NULL,NULL,NULL,49.67080500000001,0.7265,42.7168923,"Microsoft",80.109129,1.1717,"Standard","USD",68.37,"GB","Microsoft","Microsoft","eastus","East US",NULL,NULL,NULL,"Storage","Azure Blob Storage","SP2AHSWMGF25101V","Azure Blob Storage GB",NULL,"DWL40EIBK9FU49D0.EDJIPEHZ","sub-2b7c","Staging","BillingProfile","{""application"": ""NimbusAPI"", ""business_unit"": ""OsloData"", ""cost_center"": ""CC-2042""}",NULL,"One-Time",NULL,"Object Storage",0.7265,42.7168923,1.1717
44.6495535,"ocid1.tenancy.oc1..aaaa1234","Meridian OCI","Tenancy","USD","2024-10-01T00:00:00Z","2024-09-01T00:00:00Z",NULL,NULL,"Usage",NULL,"Oracle Compute Instance in UK South (London)","2024-09-28T00:00:00Z","2024-09-27T23:00:00Z",NULL,NULL,NULL,NULL,NULL,NULL,NULL,67.7500000000,"Hours",54.450675,0.8037,44.6495535,"Oracle",67.22155,0.9922,"Standard","USD",67.75,"Hours","Oracle","Oracle","uk-london-1","UK South (London)","ocid1.instance.oc1.uk-london-1.009aee20a9be",NULL,"Instance","Compute","Oracle Compute","X0O5FFSJTMBCBP3V","Oracle Compute Hours",NULL,"P8JPENJQ1W6YYNI4.8QG59M50","ocid1.compartment.oc1..dev","development","Tenancy",NULL,"uk-london-1-AD-2","Usage-Based",NULL,"Virtual Machines",0.8037,44.6495535,0.9922
31.4798775,"123456789012","SunBird","BillingAccount","USD","2024-10-01T00:00:00Z","2024-09-01T00:00:00Z",NULL,NULL,"Usage",NULL,"Amazon Relational Database Service Database Instance in US West (Oregon)","2024-09-06T23:00:00Z","2024-09-06T22:00:00Z",NULL,NULL,NULL,NULL,NULL,NULL,NULL,333.6500000000,"Hours",42.540375,0.1275,31.4798775,"AWS",50.64806999999999,0.1518,"Standard","USD",333.65,"Hours","AWS","AWS","us-west-2","US West (Oregon)","arn:aws:ec2:us-west-2:123456789012:instance/i-005028ee77ce",NULL,"Database Instance","Databases","Amazon Relational Database Service","XEJ5LRUWOP5XZUY4","Amazon Relational Database Service Hours",NULL,"0Q726S1KKRSXHBT0.IUA0I0UY","663626350770","Zenith Apollo","BillingAccount","{""team"": ""infra""}",NULL,"Usage-Based",NULL,"Relational Databases",0.1275,31.4798775,0.1518
1418.7758508,"01ABCD-2345EF-6789GH","Helios Labs","BillingAccount","USD","2024-10-01T00:00:00Z","2024-09-01T00:00:00Z",NULL,NULL,"Adjustment",NULL,"Compute Engine VM Instance in Belgium","2024-09-19T00:00:00Z","2024-09-18T23:00:00Z",NULL,NULL,NULL,NULL,NULL,NULL,NULL,NULL,NULL,1447.73046,3.3060,1418.7758508,"Google",1556.6824680000002,3.5548,"Dynamic","USD",437.91,"Hours","Google","Google","europe-west1","Belgium",NULL,NULL,NULL,"Compute","Compute Engine","IEIHT1XALJMS539A","Compute Engine Hours",NULL,"SW53IXH7SD3BNO7I.FS29JPM2","proj-helios-prod","helios-prod","BillingAccount","{""team"": ""growth"", ""cost_center"": ""CC-3090"", ""environment"": ""staging""}",NULL,"One-Time",NULL,"Virtual Machines",3.3060,1418.7758508,3.5548
529.52137938,"8a93b2c1-1234-4abc-9def-0123456789ab","Contoso Cloud","BillingProfile","USD","2024-10-01T00:00:00Z","2024-09-01T00:00:00Z",NULL,NULL,"Tax",NULL,"Tax charge in East US","2024-09-30T20:00:00Z","2024-09-30T19:00:00Z",NULL,NULL,NULL,NULL,NULL,NULL,NULL,NULL,NULL,40.6996140000,NULL,529.52137938,"Microsoft",21.9709700000,NULL,NULL,"USD",NULL,NULL,"Microsoft","Microsoft",NULL,NULL,NULL,NULL,NULL,"Other","Tax",NULL,NULL,NULL,NULL,"sub-4d3e","Sandbox","BillingProfile",NULL,NULL,"One-Time",NULL,"Other (Security)",NULL,529.52137938,NULL
1768.40693848,"8a93b2c1-1234-4abc-9def-0123456789ab","Contoso Cloud","BillingProfile","USD","2024-10-01T00:00:00Z","2024-09-01T00:00:00Z",NULL,NULL,"Usage",NULL,"Azure Functions Function App in UK South","2024-09-01T05:00:00Z","2024-09-01T04:00:00Z","Usage","cd-855018","commit-5018",NULL,"Unused","Committed Use Discount",NULL,NULL,NULL,1804.4968759999997,4.0859,1768.40693848,"Microsoft",1822.736608,4.1272,"Standard","USD",441.64,"Executions","Microsoft","Microsoft","uksouth","UK South","/subscriptions/8a93b2c1-1234-4abc-9def-0123456789ab/resourceGroups/rg-75/providers/Microsoft.Compute/virtualMachines/vm-2652",NULL,"Function App","Compute","Azure Functions","NNN12YB6K8Z5FNYA","Azure Functions Executions",NULL,"VQS1IB9X0RDHMJQX.FNXDAEGV","sub-9a1f","Production","BillingProfile",NULL,NULL,"Usage-Based",NULL,"Serverless Compute",4.0859,1768.40693848,4.1272
834.12646688,"ocid1.tenancy.oc1..aaaa1234","Meridian OCI","Tenancy","USD","2024-10-01T00:00:00Z","2024-09-01T00:00:00Z",NULL,NULL,"Tax",NULL,"Tax charge in UK South (London)","2024-09-23T16:00:00Z","2024-09-23T15:00:00Z",NULL,NULL,NULL,NULL,NULL,NULL,NULL,NULL,NULL,6.1435840000,NULL,834.12646688,"Oracle",24.1990280000,NULL,NULL,"USD",NULL,NULL,"Oracle","Oracle",NULL,NULL,NULL,NULL,NULL,"Other","Tax",NULL,NULL,NULL,NULL,"ocid1.compartment.oc1..dev","development","Tenancy","{""owner"": ""k.johnson"", ""application"": ""BrightLensMatrix"", ""business_unit"": ""ViennaAI""}",NULL,"One-Time",NULL,"Other (Security)",NULL,834.12646688,NULL
290.677509,"01ABCD-2345EF-6789GH","Helios Labs","BillingAccount","USD","2024-10-01T00:00:00Z","2024-09-01T00:00:00Z",NULL,NULL,"Purchase",NULL,"BigQuery Dataset in Northern Virginia","2024-09-04T06:00:00Z","2024-09-04T05:00:00Z",NULL,NULL,NULL,NULL,NULL,NULL,NULL,NULL,NULL,290.677509,3.0447,0,"Google",302.79265200000003,3.1716,"Standard","USD",95.47,"GiB","Google","Google","us-east4","Northern Virginia","//compute.googleapis.com/projects/Helios Labs/zones/us-east4-a/instances/inst-1923",NULL,"Dataset","Analytics","BigQuery","AGZ7UYS2H529QCFC","BigQuery GiB",NULL,"J3GZ79N4G1FGX7Y1.71HF4Y2W","proj-helios-dev","helios-dev","BillingAccount","{""business_unit"": ""ViennaAI"", ""cost_center"": ""CC-1001""}",NULL,"One-Time",NULL,"Data Warehouses",3.0447,0,3.1716
1339.73234109,"8a93b2c1-1234-4abc-9def-0123456789ab","Contoso Cloud","BillingProfile","USD","2024-10-01T00:00:00Z","2024-09-01T00:00:00Z",NULL,NULL,"Usage",NULL,"Azure Load Balancer Load Balancer in West Europe","2024-09-18T16:00:00Z","2024-09-18T15:00:00Z",NULL,NULL,NULL,NULL,NULL,NULL,NULL,359.7100000000,"Hours",1353.264991,3.7621,1339.73234109,"Microsoft",1555.457982,4.3242,"Standard","USD",359.71,"Hours","Microsoft","Microsoft","westeurope","West Europe","/subscriptions/8a93b2c1-1234-4abc-9def-0123456789ab/resourceGroups/rg-883/providers/Microsoft.Compute/virtualMachines/vm-5603",NULL,"Load Balancer","Networking","Azure Load Balancer","W1U2J8XPXPP6KSKY","Azure Load Balancer Hours",NULL,"ZJG34V9CEV8R1195.NAMAJ6VN","sub-9a1f","Production","BillingProfile",NULL,"uksouth-1","Usage-Based",NULL,"Application Networking",3.7621,1339.73234109,4.3242
119.643792,"ocid1.tenancy.oc1..aaaa1234","Meridian OCI","Tenancy","USD","2024-10-01T00:00:00Z","2024-09-01T00:00:00Z",NULL,NULL,"Usage",NULL,"Oracle Object Storage Bucket in UK South (London)","2024-09-19T09:00:00Z","2024-09-19T08:00:00Z",NULL,NULL,NULL,NULL,NULL,NULL,NULL,111.0000000000,"GB",130.0476,1.1716,119.643792,"Oracle",175.7463,1.5833,"Other","USD",111.00,"GB","Oracle","Oracle","uk-london-1","UK South (London)","ocid1.instance.oc1.uk-london-1.006439f8c50c",NULL,"Bucket","Storage","Oracle Object Storage","1GPA83MA84IA3O9K","Oracle Object Storage GB",NULL,"4443HH6SIUI46YMA.DA2FJEDJ","ocid1.compartment.oc1..dev","development","Tenancy",NULL,"uk-london-1-AD-2","Usage-Based",NULL,"Object Storage",1.1716,119.643792,1.5833
584.93915424,"8a93b2c1-1234-4abc-9def-0123456789ab","Contoso Cloud","BillingProfile","USD","2024-10-01T00:00:00Z","2024-09-01T00:00:00Z",NULL,NULL,"Usage",NULL,"Azure Blob Storage Storage Account in Southeast Asia","2024-09-13T10:00:00Z","2024-09-13T09:00:00Z",NULL,NULL,NULL,NULL,NULL,NULL,NULL,482.1600000000,"GB",622.275696,1.2906,584.93915424,"Microsoft",840.935256,1.7441,"Other","USD",482.16,"GB","Microsoft","Microsoft","southeastasia","Southeast Asia","/subscriptions/8a93b2c1-1234-4abc-9def-0123456789ab/resourceGroups/rg-897/providers/Microsoft.Compute/virtualMachines/vm-6020",NULL,"Storage Account","Storage","Azure Blob Storage","4GYX1WZZ30SCY7PM","Azure Blob Storage GB",NULL,"SRBBXJKSIYXM3MLI.FEQPA3BX","sub-4d3e","Sandbox","BillingProfile","{""application"": ""NimbusAPI"", ""cost_center"": ""CC-1001""}",NULL,"Usage-Based",NULL,"Object Storage",1.2906,584.93915424,1.7441
45.85001316,"ocid1.tenancy.oc1..aaaa1234","Meridian OCI","Tenancy","USD","2024-10-01T00:00:00Z","2024-09-01T00:00:00Z",NULL,NULL,"Usage",NULL,"Oracle Object Storage Bucket in UK South (London)","2024-09-05T21:00:00Z","2024-09-05T20:00:00Z",NULL,NULL,NULL,NULL,NULL,NULL,NULL,293.3800000000,"GB",75.163956,0.2562,45.85001316,"Oracle",121.224616,0.4132,"Other","USD",293.38,"GB","Oracle","Oracle","uk-london-1","UK South (London)","ocid1.instance.oc1.uk-london-1.0019b3be5b8a",NULL,"Bucket","Storage","Oracle Object Storage","B6CIZW9NQ3V39NOU","Oracle Object Storage GB",NULL,"S66NW5FLGSZ4FQYP.60YSPJBN","ocid1.compartment.oc1..prod","production","Tenancy",NULL,"us-ashburn-1-AD-1","Usage-Based",NULL,"Object Storage",0.2562,45.85001316,0.4132
114.051986,"ocid1.tenancy.oc1..aaaa1234","Meridian OCI","Tenancy","USD","2024-10-01T00:00:00Z","2024-09-01T00:00:00Z",NULL,NULL,"Usage",NULL,"Oracle Object Storage Bucket in Australia East (Sydney)","2024-09-19T02:00:00Z","2024-09-19T01:00:00Z","Spend","cd-721013","commit-1013",NULL,"Unused","Committed Use Discount",NULL,NULL,NULL,121.3319,1.7089,114.051986,"Oracle",139.46529999999998,1.9643,"Committed","USD",71.00,"GB","Oracle","Oracle","ap-sydney-1","Australia East (Sydney)","ocid1.instance.oc1.ap-sydney-1.0023f27773a5",NULL,"Bucket","Storage","Oracle Object Storage","FTYBUFB9VRNJ5HZM","Oracle Object Storage GB",NULL,"DMPU0NYMAFDDCD7P.E927HAT8","ocid1.compartment.oc1..dev","development","Tenancy","{""application"": ""BrightLensMatrix"", ""owner"": ""g.hopper""}","uk-london-1-AD-2","Usage-Based",NULL,"Object Storage",1.7089,114.051986,1.9643
1069.22684451,"8a93b2c1-1234-4abc-9def-0123456789ab","Contoso Cloud","BillingProfile","USD","2024-10-01T00:00:00Z","2024-09-01T00:00:00Z",NULL,NULL,"Usage",NULL,"Azure Functions Function App in West Europe","2024-09-30T20:00:00Z","2024-09-30T19:00:00Z","Spend","cd-751834","commit-1834",NULL,"Unused","Reserved Instance",NULL,NULL,NULL,1228.996373,2.7907,1069.22684451,"Microsoft",1321.478273,3.0007,"Committed","USD",440.39,"Executions","Microsoft","Microsoft","westeurope","West Europe","/subscriptions/8a93b2c1-1234-4abc-9def-0123456789ab/resourceGroups/rg-611/providers/Microsoft.Compute/virtualMachines/vm-1659",NULL,"Function App","Compute","Azure Functions","B6FII17EWT3Q3AWO","Azure Functions Executions",NULL,"EFCW9NPA15M26SIG.9HTI1O40","sub-2b7c","Staging","BillingProfile","{""team"": ""platform"", ""owner"": ""g.hopper"", ""cost_center"": ""CC-2042""}","uksouth-1","Usage-Based",NULL,"Serverless Compute",2.7907,1069.22684451,3.0007
257.4187785,"123456789012","SunBird","BillingAccount","USD","2024-10-01T00:00:00Z","2024-09-01T00:00:00Z",NULL,NULL,"Usage",NULL,"AWS Lambda Function in US East (N. Virginia)","2024-09-21T18:00:00Z","2024-09-21T17:00:00Z",NULL,NULL,NULL,NULL,NULL,NULL,NULL,254.5500000000,"Requests",396.02889000000005,1.5558,257.4187785,"AWS",609.29088,2.3936,"Standard","USD",254.55,"Requests","AWS","AWS","us-east-1","US East (N. Virginia)","arn:aws:ec2:us-east-1:123456789012:instance/i-002d4ec170a6",NULL,"Function","Compute","AWS Lambda","ZK3ZLKL111266AM2","AWS Lambda Requests",NULL,"ZFZUKL98A3SPU8GI.UV443J1U","438839167390","Zenith Eclipse","BillingAccount","{""team"": ""payments""}","eu-west-1c","Usage-Based",NULL,"Serverless Compute",1.5558,257.4187785,2.3936
1077.5079712,"ocid1.tenancy.oc1..aaaa1234","Meridian OCI","Tenancy","USD","2024-10-01T00:00:00Z","2024-09-01T00:00:00Z",NULL,NULL,"Usage",NULL,"Oracle Functions Function in UK South (London)","2024-09-24T11:00:00Z","2024-09-24T10:00:00Z",NULL,NULL,NULL,NULL,NULL,NULL,NULL,479.8000000000,"Invocations",1110.83296,2.3152,1077.5079712,"Oracle",1276.79578,2.6611,"Standard","USD",479.80,"Invocations","Oracle","Oracle","uk-london-1","UK South (London)","ocid1.instance.oc1.uk-london-1.0028dacf07d6",NULL,"Function","Compute","Oracle Functions","IWZWF882FHT71CDX","Oracle Functions Invocations",NULL,"CALQRL7295W3DOBJ.MBHGJVAE","ocid1.compartment.oc1..prod","production","Tenancy","{""application"": ""BrightLensMatrix"", ""team"": ""infra""}","us-ashburn-1-AD-1","Usage-Based",NULL,"Serverless Compute",2.3152,1077.5079712,2.6611
555.20178,"ocid1.tenancy.oc1..aaaa1234","Meridian OCI","Tenancy","USD","2024-10-01T00:00:00Z","2024-09-01T00:00:00Z",NULL,NULL,"Usage",NULL,"Oracle Compute Instance in UK South (London)","2024-09-08T08:00:00Z","2024-09-08T07:00:00Z",NULL,NULL,NULL,NULL,NULL,NULL,NULL,200.7600000000,"Hours",555.20178,2.7655,555.20178,"Oracle",645.583932,3.2157,"Standard","USD",200.76,"Hours","Oracle","Oracle","uk-london-1","UK South (London)","ocid1.instance.oc1.uk-london-1.00df4bf4d29d",NULL,"Instance","Compute","Oracle Compute","5MBIQLY1IQ2XP4SB","Oracle Compute Hours",NULL,"U5FRTZX05QDY85NX.TQXOQVER","ocid1.compartment.oc1..dev","development","Tenancy","{""cost_center"": ""CC-1001"", ""environment"": ""prod""}","us-ashburn-1-AD-1","Usage-Based",NULL,"Virtual Machines",2.7655,555.20178,3.2157
625.3606344,"ocid1.tenancy.oc1..aaaa1234","Meridian OCI","Tenancy","USD","2024-10-01T00:00:00Z","2024-09-01T00:00:00Z",NULL,NULL,"Usage",NULL,"Oracle Load Balancer Load Balancer in Australia East (Sydney)","2024-09-16T03:00:00Z","2024-09-16T02:00:00Z",NULL,NULL,NULL,NULL,NULL,NULL,NULL,436.2900000000,"Hours",762.6349200000001,1.7480,625.3606344,"Oracle",1105.297086,2.5334,"Other","USD",436.29,"Hours","Oracle","Oracle","ap-sydney-1","Australia East (Sydney)","ocid1.instance.oc1.ap-sydney-1.00961d7d0cd6",NULL,"Load Balancer","Networking","Oracle Load Balancer","N1ZT7UPJB34X74A6","Oracle Load Balancer Hours",NULL,"SPK09NQTP1V8CWBT.UDXCL8RZ","ocid1.compartment.oc1..dev","development","Tenancy","{""owner"": ""a.turing"", ""cost_center"": ""CC-3090""}","uk-london-1-AD-2","Usage-Based",NULL,"Application Networking",1.7480,625.3606344,2.5334
603.995067,"8a93b2c1-1234-4abc-9def-0123456789ab","Contoso Cloud","BillingProfile","USD","2024-10-01T00:00:00Z","2024-09-01T00:00:00Z",NULL,NULL,"Usage",NULL,"Azure Load Balancer Load Balancer in East US","2024-09-20T13:00:00Z","2024-09-20T12:00:00Z","Usage","cd-874167","commit-4167",NULL,"Unused","Reserved Instance",NULL,NULL,NULL,774.3526499999999,2.0418,603.995067,"Microsoft",1075.47715,2.8358,"Committed","USD",379.25,"Hours","Microsoft","Microsoft","eastus","East US","/subscriptions/8a93b2c1-1234-4abc-9def-0123456789ab/resourceGroups/rg-686/providers/Microsoft.Compute/virtualMachines/vm-792",NULL,"Load Balancer","Networking","Azure Load Balancer","WHWCIATVBL9GTNVO","Azure Load Balancer Hours",NULL,"EI3QOO5VMFGHJPWB.RKZWL3QJ","sub-9a1f","Production","BillingProfile","{""owner"": ""g.hopper"", ""application"": ""BrightLensMatrix""}","eastus-1","Usage-Based",NULL,"Application Networking",2.0418,603.995067,2.8358
444.67435476,"ocid1.tenancy.oc1..aaaa1234","Meridian OCI","Tenancy","USD","2024-10-01T00:00:00Z","2024-09-01T00:00:00Z",NULL,NULL,"Tax",NULL,"Tax charge in US East (Ashburn)","2024-09-05T18:00:00Z","2024-09-05T17:00:00Z",NULL,NULL,NULL,NULL,NULL,NULL,NULL,NULL,NULL,82.3797160000,NULL,444.67435476,"Oracle",62.5809630000,NULL,NULL,"USD",NULL,NULL,"Oracle","Oracle",NULL,NULL,NULL,NULL,NULL,"Other","Tax",NULL,NULL,NULL,NULL,"ocid1.compartment.oc1..dev","development","Tenancy","{""application"": ""NimbusAPI"", ""business_unit"": ""ViennaAI""}",NULL,"One-Time",NULL,"Other (Security)",NULL,444.67435476,NULL
215.23142400000003,"8a93b2c1-1234-4abc-9def-0123456789ab","Contoso Cloud","BillingProfile","USD","2024-10-01T00:00:00Z","2024-09-01T00:00:00Z",NULL,NULL,"Purchase",NULL,"Azure SQL Database SQL Database in East US","2024-09-21T09:00:00Z","2024-09-21T08:00:00Z",NULL,NULL,NULL,NULL,NULL,NULL,NULL,NULL,NULL,215.23142400000003,1.2512,0,"Microsoft",307.48575000000005,1.7875,"Standard","USD",172.02,"Hours","Microsoft","Microsoft","eastus","East US","/subscriptions/8a93b2c1-1234-4abc-9def-0123456789ab/resourceGroups/rg-387/providers/Microsoft.Compute/virtualMachines/vm-6982",NULL,"SQL Database","Databases","Azure SQL Database","L8G03MP2QYGIFU4X","Azure SQL Database Hours",NULL,"1K1QGL1B6Q7H62ZK.AD1OF1PB","sub-9a1f","Production","BillingProfile",NULL,NULL,"Recurring",NULL,"Relational Databases",1.2512,0,1.7875
254.68167582,"01ABCD-2345EF-6789GH","Helios Labs","BillingAccount","USD","2024-10-01T00:00:00Z","2024-09-01T00:00:00Z",NULL,NULL,"Usage",NULL,"Compute Engine VM Instance in Northern Virginia","2024-09-03T13:00:00Z","2024-09-03T12:00:00Z",NULL,NULL,NULL,NULL,NULL,NULL,NULL,164.9700000000,"Hours",385.881327,2.3391,254.68167582,"Google",507.744666,3.0778,"Other","USD",164.97,"Hours","Google","Google","us-east4","Northern Virginia","//compute.googleapis.com/projects/Helios Labs/zones/us-east4-a/instances/inst-1284",NULL,"VM Instance","Compute","Compute Engine","O797CT6WFSJDJXPZ","Compute Engine Hours",NULL,"TXCJ9LPGPQI4XX2Y.3LEHVSBS","proj-helios-dev","helios-dev","BillingAccount","{""owner"": ""g.hopper"", ""team"": ""platform"", ""cost_center"": ""CC-1001""}",NULL,"Usage-Based",NULL,"Virtual Machines",2.3391,254.68167582,3.0778
512.6787874,"01ABCD-2345EF-6789GH","Helios Labs","BillingAccount","USD","2024-10-01T00:00:00Z","2024-09-01T00:00:00Z",NULL,NULL,"Usage",NULL,"Cloud Storage Bucket in Iowa","2024-09-28T15:00:00Z","2024-09-28T14:00:00Z","Spend","cd-784902","commit-4902",NULL,"Unused","Committed Use Discount",NULL,NULL,NULL,826.90127,4.4395,512.6787874,"Google",852.474768,4.5768,"Committed","USD",186.26,"GiB","Google","Google","us-central1","Iowa","//compute.googleapis.com/projects/Helios Labs/zones/us-central1-a/instances/inst-8536",NULL,"Bucket","Storage","Cloud Storage","IYVE2NK6H1JFD65O","Cloud Storage GiB",NULL,"JKG9PZEU2N314HBW.I625A2SW","proj-helios-prod","helios-prod","BillingAccount","{""owner"": ""a.lovelace"", ""application"": ""NimbusAPI"", ""business_unit"": ""MarseilleSRE""}",NULL,"Usage-Based",NULL,"Object Storage",4.4395,512.6787874,4.5768
293.41234728,"123456789012","SunBird","BillingAccount","USD","2024-10-01T00:00:00Z","2024-09-01T00:00:00Z",NULL,NULL,"Usage",NULL,"Amazon Relational Database Service Database Instance in US West (Oregon)","2024-09-11T21:00:00Z","2024-09-11T20:00:00Z",NULL,NULL,NULL,NULL,NULL,NULL,NULL,404.4300000000,"Hours",341.177148,0.8436,293.41234728,"AWS",359.13384,0.8880,"Standard","USD",404.43,"Hours","AWS","AWS","us-west-2","US West (Oregon)","arn:aws:ec2:us-west-2:123456789012:instance/i-002629df352b",NULL,"Database Instance","Databases","Amazon Relational Database Service","KU6Z2ZDPDRANR03W","Amazon Relational Database Service Hours",NULL,"TE8JP186GCEP9I2L.EDUGPPRY","517389287820","Atlas Nimbus","BillingAccount","{""team"": ""payments"", ""cost_center"": ""CC-3090"", ""application"": ""AtlasPortal""}",NULL,"Usage-Based",NULL,"Relational Databases",0.8436,293.41234728,0.8880
126.63661491,"123456789012","SunBird","BillingAccount","USD","2024-10-01T00:00:00Z","2024-09-01T00:00:00Z",NULL,NULL,"Usage",NULL,"Elastic Load Balancing Load Balancer in Europe (Ireland)","2024-09-07T09:00:00Z","2024-09-07T08:00:00Z","Spend","cd-908397","commit-8397",NULL,"Used","Committed Use Discount",NULL,328.7700000000,"LCU-Hours",189.00987299999997,0.5749,126.63661491,"AWS",277.942158,0.8454,"Committed","USD",328.77,"LCU-Hours","AWS","AWS","eu-west-1","Europe (Ireland)","arn:aws:ec2:eu-west-1:123456789012:instance/i-00a085479312",NULL,"Load Balancer","Networking","Elastic Load Balancing","F4PYA36T514LCCBW","Elastic Load Balancing LCU-Hours",NULL,"IFQGD4A3H1PR9XB8.UGLN3A7X","517389287820","Atlas Nimbus","BillingAccount","{""team"": ""infra"", ""cost_center"": ""CC-1001"", ""application"": ""NimbusAPI""}",NULL,"Usage-Based",NULL,"Application Networking",0.5749,126.63661491,0.8454
795.6039509999999,"123456789012","SunBird","BillingAccount","USD","2024-10-01T00:00:00Z","2024-09-01T00:00:00Z",NULL,NULL,"Purchase",NULL,"Elastic Load Balancing Load Balancer in US East (N. Virginia)","2024-09-12T08:00:00Z","2024-09-12T07:00:00Z",NULL,NULL,NULL,NULL,NULL,NULL,NULL,NULL,NULL,795.6039509999999,1.7023,0,"AWS",982.224792,2.1016,"Standard","USD",467.37,"LCU-Hours","AWS","AWS","us-east-1","US East (N. Virginia)","arn:aws:ec2:us-east-1:123456789012:instance/i-0096b5fa4bda",NULL,"Load Balancer","Networking","Elastic Load Balancing","FP22H660J1PWZGIZ","Elastic Load Balancing LCU-Hours",NULL,"Y28OBXX5N3GM874S.CKINSYET","663626350770","Zenith Apollo","BillingAccount","{""cost_center"": ""CC-1001""}",NULL,"Recurring",NULL,"Application Networking",1.7023,0,2.1016
381.84141528,"ocid1.tenancy.oc1..aaaa1234","Meridian OCI","Tenancy","USD","2024-10-01T00:00:00Z","2024-09-01T00:00:00Z",NULL,NULL,"Usage",NULL,"Oracle Functions Function in US East (Ashburn)","2024-09-19T03:00:00Z","2024-09-19T02:00:00Z",NULL,NULL,NULL,NULL,NULL,NULL,NULL,148.4400000000,"Invocations",489.54027599999995,3.2979,381.84141528,"Oracle",504.681156,3.3999,"Standard","USD",148.44,"Invocations","Oracle","Oracle","us-ashburn-1","US East (Ashburn)","ocid1.instance.oc1.us-ashburn-1.0051cb5f4f55",NULL,"Function","Compute","Oracle Functions","HZ80N0Q4BQYUY8Y6","Oracle Functions Invocations",NULL,"4BNY99OABR8O5OZO.FWLJHK4D","ocid1.compartment.oc1..dev","development","Tenancy","{""owner"": ""a.lovelace""}","uk-london-1-AD-2","Usage-Based",NULL,"Serverless Compute",3.2979,381.84141528,3.3999
531.27862656,"01ABCD-2345EF-6789GH","Helios Labs","BillingAccount","USD","2024-10-01T00:00:00Z","2024-09-01T00:00:00Z",NULL,NULL,"Usage",NULL,"Cloud Functions Function in Belgium","2024-09-03T18:00:00Z","2024-09-03T17:00:00Z",NULL,NULL,NULL,NULL,NULL,NULL,NULL,188.5700000000,"Invocations",830.122854,4.4022,531.27862656,"Google",883.111024,4.6832,"Standard","USD",188.57,"Invocations","Google","Google","europe-west1","Belgium","//compute.googleapis.com/projects/Helios Labs/zones/europe-west1-a/instances/inst-5544",NULL,"Function","Compute","Cloud Functions","H7MBF8H2ZD4V277Q","Cloud Functions Invocations",NULL,"4S2DUKIG5HHR80V0.W7G98GA1","proj-helios-dev","helios-dev","BillingAccount",NULL,NULL,"Usage-Based",NULL,"Serverless Compute",4.4022,531.27862656,4.6832
35.43708861,"ocid1.tenancy.oc1..aaaa1234","Meridian OCI","Tenancy","USD","2024-10-01T00:00:00Z","2024-09-01T00:00:00Z",NULL,NULL,"Usage",NULL,"Oracle Object Storage Bucket in Australia East (Sydney)","2024-09-18T09:00:00Z","2024-09-18T08:00:00Z",NULL,NULL,NULL,NULL,NULL,NULL,NULL,100.0700000000,"GB",35.795039,0.3577,35.43708861,"Oracle",47.102948999999995,0.4707,"Dynamic","USD",100.07,"GB","Oracle","Oracle","ap-sydney-1","Australia East (Sydney)","ocid1.instance.oc1.ap-sydney-1.0080e45161cc",NULL,"Bucket","Storage","Oracle Object Storage","N596EFN7DZ7KDHNA","Oracle Object Storage GB",NULL,"5E15WMKHYOM0HPE4.7VRCCTDP","ocid1.compartment.oc1..dev","development","Tenancy","{""owner"": ""a.turing""}","uk-london-1-AD-2","Usage-Based",NULL,"Object Storage",0.3577,35.43708861,0.4707
353.51453709,"8a93b2c1-1234-4abc-9def-0123456789ab","Contoso Cloud","BillingProfile","USD","2024-10-01T00:00:00Z","2024-09-01T00:00:00Z",NULL,NULL,"Usage",NULL,"Azure Functions Function App in Southeast Asia","2024-09-13T15:00:00Z","2024-09-13T14:00:00Z",NULL,NULL,NULL,NULL,NULL,NULL,NULL,251.7700000000,"Executions",357.085391,1.4183,353.51453709,"Microsoft",430.22457600000007,1.7088,"Standard","USD",251.77,"Executions","Microsoft","Microsoft","southeastasia","Southeast Asia","/subscriptions/8a93b2c1-1234-4abc-9def-0123456789ab/resourceGroups/rg-33/providers/Microsoft.Compute/virtualMachines/vm-1205",NULL,"Function App","Compute","Azure Functions","UVG2RELU9EQ50LGL","Azure Functions Executions",NULL,"MZCH8ZOQWQGN9QUO.GUYNDPA4","sub-4d3e","Sandbox","BillingProfile","{""cost_center"": ""CC-2042"", ""application"": ""AtlasPortal"", ""environment"": ""dev""}",NULL,"Usage-Based",NULL,"Serverless Compute",1.4183,353.51453709,1.7088
287.0079576,"ocid1.tenancy.oc1..aaaa1234","Meridian OCI","Tenancy","USD","2024-10-01T00:00:00Z","2024-09-01T00:00:00Z",NULL,NULL,"Usage",NULL,"Oracle Load Balancer Load Balancer in Australia East (Sydney)","2024-09-27T13:00:00Z","2024-09-27T12:00:00Z",NULL,NULL,NULL,NULL,NULL,NULL,NULL,347.8800000000,"Hours",345.79272,0.9940,287.0079576,"Oracle",532.012884,1.5293,"Dynamic","USD",347.88,"Hours","Oracle","Oracle","ap-sydney-1","Australia East (Sydney)","ocid1.instance.oc1.ap-sydney-1.00482cd35539",NULL,"Load Balancer","Networking","Oracle Load Balancer","VF0Z6EENN4M12B4I","Oracle Load Balancer Hours",NULL,"H4OSALTIKKRG7OD0.PLP1UTAG","ocid1.compartment.oc1..dev","development","Tenancy","{""application"": ""BrightLensMatrix"", ""cost_center"": ""CC-2042"", ""environment"": ""qa""}",NULL,"Usage-Based",NULL,"Application Networking",0.9940,287.0079576,1.5293
375.14850051,"123456789012","SunBird","BillingAccount","USD","2024-10-01T00:00:00Z","2024-09-01T00:00:00Z",NULL,NULL,"Usage",NULL,"AWS Lambda Function in Europe (Ireland)","2024-09-12T11:00:00Z","2024-09-12T10:00:00Z","Usage","cd-264984","commit-4984",NULL,"Unused","Reserved Instance",NULL,NULL,NULL,431.205173,0.9883,375.14850051,"AWS",590.676478,1.3538,"Committed","USD",436.31,"Requests","AWS","AWS","eu-west-1","Europe (Ireland)","arn:aws:ec2:eu-west-1:123456789012:instance/i-0080b8e78365",NULL,"Function","Compute","AWS Lambda","WFH61EV0RASGT5WM","AWS Lambda Requests",NULL,"8EM3CUTITUFD6LYE.EBMUYURL","438839167390","Zenith Eclipse","BillingAccount",NULL,NULL,"Usage-Based",NULL,"Serverless Compute",0.9883,375.14850051,1.3538
759.2026141,"8a93b2c1-1234-4abc-9def-0123456789ab","Contoso Cloud","BillingProfile","USD","2024-10-01T00:00:00Z","2024-09-01T00:00:00Z",NULL,NULL,"Usage",NULL,"Virtual Machines Virtual Machine in West Europe","2024-09-21T12:00:00Z","2024-09-21T11:00:00Z",NULL,NULL,NULL,NULL,NULL,NULL,NULL,291.5500000000,"Hours",1133.13823,3.8866,759.2026141,"Microsoft",1365.2411849999999,4.6827,"Dynamic","USD",291.55,"Hours","Microsoft","Microsoft","westeurope","West Europe","/subscriptions/8a93b2c1-1234-4abc-9def-0123456789ab/resourceGroups/rg-572/providers/Microsoft.Compute/virtualMachines/vm-1024",NULL,"Virtual Machine","Compute","Virtual Machines","8MBOTIRJSAY1L6MR","Virtual Machines Hours",NULL,"0MMT78OPQN4XG7Y1.QC61XSLS","sub-9a1f","Production","BillingProfile","{""cost_center"": ""CC-2042""}","westeurope-2","Usage-Based",NULL,"Virtual Machines",3.8866,759.2026141,4.6827
390.16292266,"8a93b2c1-1234-4abc-9def-0123456789ab","Contoso Cloud","BillingProfile","USD","2024-10-01T00:00:00Z","2024-09-01T00:00:00Z",NULL,NULL,"Usage","Correction","Azure Kubernetes Service Cluster in West Europe","2024-09-15T02:00:00Z","2024-09-15T01:00:00Z",NULL,NULL,NULL,NULL,NULL,NULL,NULL,102.1100000000,"Hours",415.066939,4.0649,390.16292266,"Microsoft",419.26365999999996,4.1060,"Standard","USD",102.11,"Hours","Microsoft","Microsoft","westeurope","West Europe","/subscriptions/8a93b2c1-1234-4abc-9def-0123456789ab/resourceGroups/rg-849/providers/Microsoft.Compute/virtualMachines/vm-2564",NULL,"Cluster","Compute","Azure Kubernetes Service","SUNUG4ZVCQ3H97MA","Azure Kubernetes Service Hours",NULL,"CVRI963NRSZY7112.8Q3B0G3B","sub-4d3e","Sandbox","BillingProfile","{""owner"": ""k.johnson"", ""cost_center"": ""CC-2042"", ""business_unit"": ""ViennaAI""}","westeurope-2","Usage-Based",NULL,"Containers",4.0649,390.16292266,4.1060
287.15095458,"123456789012","SunBird","BillingAccount","USD","2024-10-01T00:00:00Z","2024-09-01T00:00:00Z",NULL,NULL,"Usage",NULL,"Amazon Elastic Compute Cloud Virtual Machine in Europe (Ireland)","2024-09-19T19:00:00Z","2024-09-19T18:00:00Z",NULL,NULL,NULL,NULL,NULL,NULL,NULL,399.2100000000,"Hours",322.641522,0.8082,287.15095458,"AWS",520.410156,1.3036,"Standard","USD",399.21,"Hours","AWS","AWS","eu-west-1","Europe (Ireland)","arn:aws:ec2:eu-west-1:123456789012:instance/i-0085b3af6fb0",NULL,"Virtual Machine","Compute","Amazon Elastic Compute Cloud","UAVE861BGY5SQLNS","Amazon Elastic Compute Cloud Hours",NULL,"NX17UBRUBV00O5VT.CIQL91E4","663626350770","Zenith Apollo","BillingAccount",NULL,"eu-west-1c","Usage-Based",NULL,"Virtual Machines",0.8082,287.15095458,1.3036
65.00144756,"8a93b2c1-1234-4abc-9def-0123456789ab","Contoso Cloud","BillingProfile","USD","2024-10-01T00:00:00Z","2024-09-01T00:00:00Z",NULL,NULL,"Usage",NULL,"Azure SQL Database SQL Database in UK South","2024-09-13T20:00:00Z","2024-09-13T19:00:00Z",NULL,NULL,NULL,NULL,NULL,NULL,NULL,27.8600000000,"Hours",79.27005799999999,2.8453,65.00144756,"Microsoft",120.10445999999999,4.3110,"Standard","USD",27.86,"Hours","Microsoft","Microsoft","uksouth","UK South","/subscriptions/8a93b2c1-1234-4abc-9def-0123456789ab/resourceGroups/rg-317/providers/Microsoft.Compute/virtualMachines/vm-7189",NULL,"SQL Database","Databases","Azure SQL Database","0P7SP09DYMU6WOBF","Azure SQL Database Hours",NULL,"BFJ29YVFNAS6XJ53.W7Y4DNYU","sub-9a1f","Production","BillingProfile","{""owner"": ""a.turing"", ""environment"": ""staging""}",NULL,"Usage-Based",NULL,"Relational Databases",2.8453,65.00144756,4.3110
318.40896,"8a93b2c1-1234-4abc-9def-0123456789ab","Contoso Cloud","BillingProfile","USD","2024-10-01T00:00:00Z","2024-09-01T00:00:00Z",NULL,NULL,"Usage",NULL,"Virtual Machines Virtual Machine in West Europe","2024-09-19T01:00:00Z","2024-09-19T00:00:00Z",NULL,NULL,NULL,NULL,NULL,NULL,NULL,140.6400000000,"Hours",398.0112,2.8300,318.40896,"Microsoft",442.228416,3.1444,"Other","USD",140.64,"Hours","Microsoft","Microsoft","westeurope","West Europe","/subscriptions/8a93b2c1-1234-4abc-9def-0123456789ab/resourceGroups/rg-716/providers/Microsoft.Compute/virtualMachines/vm-2389",NULL,"Virtual Machine","Compute","Virtual Machines","F4D2OH2TRW331L0I","Virtual Machines Hours",NULL,"YPZ28UC6955Q5XRS.PS6VIWM2","sub-4d3e","Sandbox","BillingProfile","{""environment"": ""prod"", ""owner"": ""g.hopper"", ""application"": ""BrightSourceCore""}","westeurope-2","Usage-Based",NULL,"Virtual Machines",2.8300,318.40896,3.1444
171.8473218,"01ABCD-2345EF-6789GH","Helios Labs","BillingAccount","USD","2024-10-01T00:00:00Z","2024-09-01T00:00:00Z",NULL,NULL,"Usage",NULL,"Compute Engine VM Instance in Belgium","2024-09-17T15:00:00Z","2024-09-17T14:00:00Z",NULL,NULL,NULL,NULL,NULL,NULL,NULL,140.7000000000,"Hours",175.35440999999997,1.2463,171.8473218,"Google",186.54006,1.3258,"Dynamic","USD",140.70,"Hours","Google","Google","europe-west1","Belgium","//compute.googleapis.com/projects/Helios Labs/zones/europe-west1-a/instances/inst-2165",NULL,"VM Instance","Compute","Compute Engine","U4NNDDCCRC0XZW6J","Compute Engine Hours",NULL,"PSQVP7V1XPVLMI01.CACQ3BFE","proj-helios-dev","helios-dev","BillingAccount","{""business_unit"": ""LisbonOps""}","europe-west1-b","Usage-Based",NULL,"Virtual Machines",1.2463,171.8473218,1.3258
455.14443252,"8a93b2c1-1234-4abc-9def-0123456789ab","Contoso Cloud","BillingProfile","USD","2024-10-01T00:00:00Z","2024-09-01T00:00:00Z",NULL,NULL,"Usage",NULL,"Azure SQL Database SQL Database in Southeast Asia","2024-09-04T08:00:00Z","2024-09-04T07:00:00Z","Spend","cd-184252","commit-4252",NULL,"Used","Committed Use Discount",NULL,250.9400000000,"Hours",623.4855239999999,2.4846,455.14443252,"Microsoft",742.2554259999999,2.9579,"Committed","USD",250.94,"Hours","Microsoft","Microsoft","southeastasia","Southeast Asia","/subscriptions/8a93b2c1-1234-4abc-9def-0123456789ab/resourceGroups/rg-570/providers/Microsoft.Compute/virtualMachines/vm-6463",NULL,"SQL Database","Databases","Azure SQL Database","1ETT421F6065AR30","Azure SQL Database Hours",NULL,"ZY9JBXIXZVXB7ERK.OOALL51S","sub-2b7c","Staging","BillingProfile","{""cost_center"": ""CC-3090"", ""environment"": ""qa""}",NULL,"Usage-Based",NULL,"Relational Databases",2.4846,455.14443252,2.9579
8.47489775,"01ABCD-2345EF-6789GH","Helios Labs","BillingAccount","USD","2024-10-01T00:00:00Z","2024-09-01T00:00:00Z",NULL,NULL,"Usage",NULL,"Cloud SQL Database Instance in Northern Virginia","2024-09-27T15:00:00Z","2024-09-27T14:00:00Z",NULL,NULL,NULL,NULL,NULL,NULL,NULL,33.5500000000,"Hours",8.920945,0.2659,8.47489775,"Google",9.196055,0.2741,"Standard","USD",33.55,"Hours","Google","Google","us-east4","Northern Virginia","//compute.googleapis.com/projects/Helios Labs/zones/us-east4-a/instances/inst-7269",NULL,"Database Instance","Databases","Cloud SQL","Q36VKQ3TTIAMUQSG","Cloud SQL Hours",NULL,"BKO64OWF800T54TG.NFNXE6MA","proj-helios-prod","helios-prod","BillingAccount","{""team"": ""infra"", ""business_unit"": ""MarseilleSRE""}","asia-southeast1-c","Usage-Based",NULL,"Relational Databases",0.2659,8.47489775,0.2741
427.85672576,"01ABCD-2345EF-6789GH","Helios Labs","BillingAccount","USD","2024-10-01T00:00:00Z","2024-09-01T00:00:00Z",NULL,NULL,"Usage",NULL,"Cloud Functions Function in Singapore","2024-09-12T10:00:00Z","2024-09-12T09:00:00Z","Usage","cd-913506","commit-3506",NULL,"Used","Committed Use Discount",NULL,407.3600000000,"Invocations",441.089408,1.0828,427.85672576,"Google",711.413504,1.7464,"Committed","USD",407.36,"Invocations","Google","Google","asia-southeast1","Singapore","//compute.googleapis.com/projects/Helios Labs/zones/asia-southeast1-a/instances/inst-1505",NULL,"Function","Compute","Cloud Functions","D7TEK9YVX7HY3WLN","Cloud Functions Invocations",NULL,"8NGOT8F9CDM8EQYM.QILTKGX3","proj-helios-prod","helios-prod","BillingAccount","{""cost_center"": ""CC-2042"", ""owner"": ""k.johnson""}",NULL,"Usage-Based",NULL,"Serverless Compute",1.0828,427.85672576,1.7464
288.4009536,"123456789012","SunBird","BillingAccount","USD","2024-10-01T00:00:00Z","2024-09-01T00:00:00Z",NULL,NULL,"Usage",NULL,"Elastic Load Balancing Load Balancer in US East (N. Virginia)","2024-09-03T17:00:00Z","2024-09-03T16:00:00Z",NULL,NULL,NULL,NULL,NULL,NULL,NULL,452.3000000000,"LCU-Hours",400.55688000000004,0.8856,288.4009536,"AWS",667.5948,1.4760,"Dynamic","USD",452.30,"LCU-Hours","AWS","AWS","us-east-1","US East (N. Virginia)","arn:aws:ec2:us-east-1:123456789012:instance/i-0049a53ffc12",NULL,"Load Balancer","Networking","Elastic Load Balancing","DEUOCMDTSA228FGD","Elastic Load Balancing LCU-Hours",NULL,"0X9TUU301PTUTH9L.GJ0RVJD0","517389287820","Atlas Nimbus","BillingAccount",NULL,"eu-west-1c","Usage-Based",NULL,"Application Networking",0.8856,288.4009536,1.4760
282.29831552,"123456789012","SunBird","BillingAccount","USD","2024-10-01T00:00:00Z","2024-09-01T00:00:00Z",NULL,NULL,"Usage",NULL,"Elastic Load Balancing Load Balancer in US East (N. Virginia)","2024-09-18T22:00:00Z","2024-09-18T21:00:00Z","Spend","cd-890369","commit-0369",NULL,"Unused","Reserved Instance",NULL,NULL,NULL,441.091118,2.3066,282.29831552,"AWS",612.624428,3.2036,"Other","USD",191.23,"LCU-Hours","AWS","AWS","us-east-1","US East (N. Virginia)","arn:aws:ec2:us-east-1:123456789012:instance/i-00a0b00413b9",NULL,"Load Balancer","Networking","Elastic Load Balancing","J06IJF5WZKYYJB7M","Elastic Load Balancing LCU-Hours",NULL,"R5FAAWOIW5II93DM.KJBC3R9V","517389287820","Atlas Nimbus","BillingAccount",NULL,NULL,"Usage-Based",NULL,"Application Networking",2.3066,282.29831552,3.2036
112.5926736,"ocid1.tenancy.oc1..aaaa1234","Meridian OCI","Tenancy","USD","2024-10-01T00:00:00Z","2024-09-01T00:00:00Z",NULL,NULL,"Usage",NULL,"Oracle Object Storage Bucket in UK South (London)","2024-09-24T18:00:00Z","2024-09-24T17:00:00Z",NULL,NULL,NULL,NULL,NULL,NULL,NULL,305.0300000000,"GB",117.28403499999999,0.3845,112.5926736,"Oracle",134.82325999999998,0.4420,"Standard","USD",305.03,"GB","Oracle","Oracle","uk-london-1","UK South (London)","ocid1.instance.oc1.uk-london-1.00e174e1911f",NULL,"Bucket","Storage","Oracle Object Storage","LQA0WT4Q2ZVCBQF6","Oracle Object Storage GB",NULL,"6V1ZQNCGYVW1IO69.57662YW1","ocid1.compartment.oc1..prod","production","Tenancy","{""owner"": ""a.turing"", ""application"": ""BrightLensMatrix"", ""environment"": ""qa""}","us-ashburn-1-AD-1","Usage-Based",NULL,"Object Storage",0.3845,112.5926736,0.4420
220.5436761,"8a93b2c1-1234-4abc-9def-0123456789ab","Contoso Cloud","BillingProfile","USD","2024-10-01T00:00:00Z","2024-09-01T00:00:00Z",NULL,NULL,"Usage",NULL,"Virtual Machines Virtual Machine in West Europe","2024-09-29T03:00:00Z","2024-09-29T02:00:00Z",NULL,NULL,NULL,NULL,NULL,NULL,NULL,442.5300000000,"Hours",232.15123799999998,0.5246,220.5436761,"Microsoft",305.478459,0.6903,"Standard","USD",442.53,"Hours","Microsoft","Microsoft","westeurope","West Europe","/subscriptions/8a93b2c1-1234-4abc-9def-0123456789ab/resourceGroups/rg-208/providers/Microsoft.Compute/virtualMachines/vm-1037",NULL,"Virtual Machine","Compute","Virtual Machines","2FAN6BNVHQ7UP9KS","Virtual Machines Hours",NULL,"TEHQ3DXOT2I9PWF0.4NDVOIZ5","sub-2b7c","Staging","BillingProfile","{""cost_center"": ""CC-2042""}","westeurope-2","Usage-Based",NULL,"Virtual Machines",0.5246,220.5436761,0.6903
167.223035,"01ABCD-2345EF-6789GH","Helios Labs","BillingAccount","USD","2024-10-01T00:00:00Z","2024-09-01T00:00:00Z",NULL,NULL,"Usage",NULL,"Cloud Functions Function in Northern Virginia","2024-09-15T04:00:00Z","2024-09-15T03:00:00Z",NULL,NULL,NULL,NULL,NULL,NULL,NULL,296.5000000000,"Invocations",170.63575,0.5755,167.223035,"Google",247.31064999999998,0.8341,"Standard","USD",296.50,"Invocations","Google","Google","us-east4","Northern Virginia","//compute.googleapis.com/projects/Helios Labs/zones/us-east4-a/instances/inst-6955",NULL,"Function","Compute","Cloud Functions","8AH7NJPXNC166V18","Cloud Functions Invocations",NULL,"T15056BZRU9O4RRU.4VJFOWMF","proj-helios-dev","helios-dev","BillingAccount",NULL,NULL,"Usage-Based",NULL,"Serverless Compute",0.5755,167.223035,0.8341
541.47670731,"01ABCD-2345EF-6789GH","Helios Labs","BillingAccount","USD","2024-10-01T00:00:00Z","2024-09-01T00:00:00Z",NULL,NULL,"Tax",NULL,"Tax charge in Singapore","2024-09-22T12:00:00Z","2024-09-22T11:00:00Z",NULL,NULL,NULL,NULL,NULL,NULL,NULL,NULL,NULL,29.1132600000,NULL,541.47670731,"Google",52.6563350000,NULL,NULL,"USD",NULL,NULL,"Google","Google",NULL,NULL,NULL,NULL,NULL,"Other","Tax",NULL,NULL,NULL,NULL,"proj-helios-prod","helios-prod","BillingAccount",NULL,NULL,"One-Time",NULL,"Other (Security)",NULL,541.47670731,NULL
405.57524682,"8a93b2c1-1234-4abc-9def-0123456789ab","Contoso Cloud","BillingProfile","USD","2024-10-01T00:00:00Z","2024-09-01T00:00:00Z",NULL,NULL,"Credit",NULL,"Azure Kubernetes Service Cluster in UK South","2024-09-06T04:00:00Z","2024-09-06T03:00:00Z","Usage","cd-525993","commit-5993",NULL,"Used","Savings Plan",NULL,NULL,NULL,571.232742,1.8462,405.57524682,"Microsoft",656.598961,2.1221,"Committed","USD",309.41,"Hours","Microsoft","Microsoft","uksouth","UK South",NULL,NULL,NULL,"Compute","Azure Kubernetes Service","PADNW6LDHZMCFU4J","Azure Kubernetes Service Hours",NULL,"LRJI7R8NTK4Y09D7.Q1DF6CRA","sub-2b7c","Staging","BillingProfile","{""team"": ""infra"", ""business_unit"": ""LisbonOps"", ""application"": ""NimbusAPI""}",NULL,"One-Time",NULL,"Containers",1.8462,405.57524682,2.1221
686.48470704,"8a93b2c1-1234-4abc-9def-0123456789ab","Contoso Cloud","BillingProfile","USD","2024-10-01T00:00:00Z","2024-09-01T00:00:00Z",NULL,NULL,"Usage",NULL,"Azure SQL Database SQL Database in East US","2024-09-15T06:00:00Z","2024-09-15T05:00:00Z",NULL,NULL,NULL,NULL,NULL,NULL,NULL,187.3700000000,"Hours",693.418896,3.7008,686.48470704,"Microsoft",825.4960090000001,4.4057,"Standard","USD",187.37,"Hours","Microsoft","Microsoft","eastus","East US","/subscriptions/8a93b2c1-1234-4abc-9def-0123456789ab/resourceGroups/rg-385/providers/Microsoft.Compute/virtualMachines/vm-9569",NULL,"SQL Database","Databases","Azure SQL Database","15RZI5IDVNZTEGJ7","Azure SQL Database Hours",NULL,"W02J6XCKFWUN9PB5.3VU9IFKY","sub-9a1f","Production","BillingProfile","{""business_unit"": ""LisbonOps"", ""owner"": ""a.lovelace""}","uksouth-1","Usage-Based",NULL,"Relational Databases",3.7008,686.48470704,4.4057
196.50739668,"ocid1.tenancy.oc1..aaaa1234","Meridian OCI","Tenancy","USD","2024-10-01T00:00:00Z","2024-09-01T00:00:00Z",NULL,NULL,"Usage",NULL,"Oracle Autonomous Database Database in US East (Ashburn)","2024-09-18T00:00:00Z","2024-09-17T23:00:00Z",NULL,NULL,NULL,NULL,NULL,NULL,NULL,144.2900000000,"Hours",233.93737699999997,1.6213,196.50739668,"Oracle",285.290188,1.9772,"Standard","USD",144.29,"Hours","Oracle","Oracle","us-ashburn-1","US East (Ashburn)","ocid1.instance.oc1.us-ashburn-1.0092bd38e1b4",NULL,"Database","Databases","Oracle Autonomous Database","XXEJRTGTKVNG1R8L","Oracle Autonomous Database Hours",NULL,"7P7V4R221WYUC4BX.UTQNTO18","ocid1.compartment.oc1..dev","development","Tenancy","{""application"": ""BrightLensMatrix"", ""cost_center"": ""CC-3090""}",NULL,"Usage-Based",NULL,"Relational Databases",1.6213,196.50739668,1.9772
2.5492941,"ocid1.tenancy.oc1..aaaa1234","Meridian OCI","Tenancy","USD","2024-10-01T00:00:00Z","2024-09-01T00:00:00Z",NULL,NULL,"Usage",NULL,"Oracle Compute Instance in UK South (London)","2024-09-25T02:00:00Z","2024-09-25T01:00:00Z","Spend","cd-524584","commit-4584",NULL,"Used","Savings Plan",NULL,1.3500000000,"Hours",2.7120150000000005,2.0089,2.5492941,"Oracle",3.93039,2.9114,"Other","USD",1.35,"Hours","Oracle","Oracle","uk-london-1","UK South (London)","ocid1.instance.oc1.uk-london-1.0023f2722a75",NULL,"Instance","Compute","Oracle Compute","HHVQ33OSQPEQ84IL","Oracle Compute Hours",NULL,"WX36VZQGOVR5TGZ8.VX3NUJPJ","ocid1.compartment.oc1..dev","development","Tenancy","{""cost_center"": ""CC-2042"", ""team"": ""platform""}",NULL,"Usage-Based",NULL,"Virtual Machines",2.0089,2.5492941,2.9114
360.125514,"01ABCD-2345EF-6789GH","Helios Labs","BillingAccount","USD","2024-10-01T00:00:00Z","2024-09-01T00:00:00Z",NULL,NULL,"Credit",NULL,"Cloud SQL Database Instance in Singapore","2024-09-29T19:00:00Z","2024-09-29T18:00:00Z",NULL,NULL,NULL,NULL,NULL,NULL,NULL,NULL,NULL,486.6561,2.0027,360.125514,"Google",726.3513,2.9891,"Standard","USD",243.00,"Hours","Google","Google","asia-southeast1","Singapore",NULL,NULL,NULL,"Databases","Cloud SQL","M0KPNT2ATB3GQZ2G","Cloud SQL Hours",NULL,"Q55PSH9WUVC7N5SX.ZCH3BMYG","proj-helios-prod","helios-prod","BillingAccount","{""application"": ""AtlasPortal"", ""environment"": ""prod""}",NULL,"One-Time",NULL,"Relational Databases",2.0027,360.125514,2.9891
616.7493765,"123456789012","SunBird","BillingAccount","USD","2024-10-01T00:00:00Z","2024-09-01T00:00:00Z",NULL,NULL,"Usage",NULL,"Amazon Simple Queue Service Queue in Europe (Ireland)","2024-09-29T23:00:00Z","2024-09-29T22:00:00Z",NULL,NULL,NULL,NULL,NULL,NULL,NULL,378.9900000000,"Requests",822.332502,2.1698,616.7493765,"AWS",830.632383,2.1917,"Standard","USD",378.99,"Requests","AWS","AWS","eu-west-1","Europe (Ireland)","arn:aws:ec2:eu-west-1:123456789012:instance/i-003efc985ec0",NULL,"Queue","Integration","Amazon Simple Queue Service","HXP912ZPWM15PXW7","Amazon Simple Queue Service Requests",NULL,"0C5D3II88NRFNOWG.MAERMD3T","663626350770","Zenith Apollo","BillingAccount","{""application"": ""BrightSourceCore"", ""team"": ""growth"", ""cost_center"": ""CC-2042""}",NULL,"Usage-Based",NULL,"Messaging",2.1698,616.7493765,2.1917
305.35146026,"ocid1.tenancy.oc1..aaaa1234","Meridian OCI","Tenancy","USD","2024-10-01T00:00:00Z","2024-09-01T00:00:00Z",NULL,NULL,"Usage",NULL,"Oracle Autonomous Database Database in Australia East (Sydney)","2024-09-19T11:00:00Z","2024-09-19T10:00:00Z",NULL,NULL,NULL,NULL,NULL,NULL,NULL,156.8300000000,"Hours",396.560338,2.5286,305.35146026,"Oracle",558.534362,3.5614,"Standard","USD",156.83,"Hours","Oracle","Oracle","ap-sydney-1","Australia East (Sydney)","ocid1.instance.oc1.ap-sydney-1.008c327e2586",NULL,"Database","Databases","Oracle Autonomous Database","OX1X9JYB6LVL0P4Q","Oracle Autonomous Database Hours",NULL,"EJ67Y1GFIIMKEQKU.KYFG58JV","ocid1.compartment.oc1..prod","production","Tenancy","{""business_unit"": ""MarseilleSRE"", ""cost_center"": ""CC-3090"", ""application"": ""BrightLensMatrix""}",NULL,"Usage-Based",NULL,"Relational Databases",2.5286,305.35146026,3.5614
1488.889744,"01ABCD-2345EF-6789GH","Helios Labs","BillingAccount","USD","2024-10-01T00:00:00Z","2024-09-01T00:00:00Z",NULL,NULL,"Purchase",NULL,"BigQuery Dataset in Singapore","2024-09-12T07:00:00Z","2024-09-12T06:00:00Z",NULL,NULL,NULL,NULL,NULL,NULL,NULL,NULL,NULL,1488.889744,3.2554,0,"Google",1600.9429440000001,3.5004,"Dynamic","USD",457.36,"GiB","Google","Google","asia-southeast1","Singapore","//compute.googleapis.com/projects/Helios Labs/zones/asia-southeast1-a/instances/inst-8043",NULL,"Dataset","Analytics","BigQuery","Y2M6BVJDN98GN216","BigQuery GiB",NULL,"TG8R5FQYIKBEQ7PM.PURDGHL2","proj-helios-dev","helios-dev","BillingAccount","{""application"": ""BrightLensMatrix""}",NULL,"Recurring",NULL,"Data Warehouses",3.2554,0,3.5004
777.28228409,"8a93b2c1-1234-4abc-9def-0123456789ab","Contoso Cloud","BillingProfile","USD","2024-10-01T00:00:00Z","2024-09-01T00:00:00Z",NULL,NULL,"Usage",NULL,"Azure Kubernetes Service Cluster in East US","2024-09-01T02:00:00Z","2024-09-01T01:00:00Z","Usage","cd-542276","commit-2276",NULL,"Used","Savings Plan",NULL,460.0700000000,"Hours",873.3508810000001,1.8983,777.28228409,"Microsoft",1078.220052,2.3436,"Dynamic","USD",460.07,"Hours","Microsoft","Microsoft","eastus","East US","/subscriptions/8a93b2c1-1234-4abc-9def-0123456789ab/resourceGroups/rg-25/providers/Microsoft.Compute/virtualMachines/vm-2319",NULL,"Cluster","Compute","Azure Kubernetes Service","404E0LG5JCS877Z9","Azure Kubernetes Service Hours",NULL,"DTG6YOCOKYTVZQ13.TGFZCUOB","sub-9a1f","Production","BillingProfile","{""team"": ""infra""}","uksouth-1","Usage-Based",NULL,"Containers",1.8983,777.28228409,2.3436
518.1892002,"01ABCD-2345EF-6789GH","Helios Labs","BillingAccount","USD","2024-10-01T00:00:00Z","2024-09-01T00:00:00Z",NULL,NULL,"Usage",NULL,"Cloud Functions Function in Iowa","2024-09-28T13:00:00Z","2024-09-28T12:00:00Z",NULL,NULL,NULL,NULL,NULL,NULL,NULL,168.1500000000,"Invocations",528.76449,3.1446,518.1892002,"Google",556.593315,3.3101,"Standard","USD",168.15,"Invocations","Google","Google","us-central1","Iowa","//compute.googleapis.com/projects/Helios Labs/zones/us-central1-a/instances/inst-1889",NULL,"Function","Compute","Cloud Functions","GMZ8JZ3A3RLHVPEP","Cloud Functions Invocations",NULL,"ZIVKZAILH1B963XR.6AJOMX8O","proj-helios-dev","helios-dev","BillingAccount",NULL,NULL,"Usage-Based",NULL,"Serverless Compute",3.1446,518.1892002,3.3101
614.9944668,"01ABCD-2345EF-6789GH","Helios Labs","BillingAccount","USD","2024-10-01T00:00:00Z","2024-09-01T00:00:00Z",NULL,NULL,"Usage",NULL,"Cloud Storage Bucket in Iowa","2024-09-18T11:00:00Z","2024-09-18T10:00:00Z",NULL,NULL,NULL,NULL,NULL,NULL,NULL,425.6400000000,"GiB",878.5635239999999,2.0641,614.9944668,"Google",1021.578564,2.4001,"Standard","USD",425.64,"GiB","Google","Google","us-central1","Iowa","//compute.googleapis.com/projects/Helios Labs/zones/us-central1-a/instances/inst-8128",NULL,"Bucket","Storage","Cloud Storage","MFVX64AOV3G55F5B","Cloud Storage GiB",NULL,"MCW062DTEIQYAVFZ.Q8O9UNP2","proj-helios-prod","helios-prod","BillingAccount","{""business_unit"": ""MarseilleSRE"", ""application"": ""BrightLensMatrix"", ""cost_center"": ""CC-2042""}","us-central1-a","Usage-Based",NULL,"Object Storage",2.0641,614.9944668,2.4001
12.90697056,"01ABCD-2345EF-6789GH","Helios Labs","BillingAccount","USD","2024-10-01T00:00:00Z","2024-09-01T00:00:00Z",NULL,NULL,"Usage",NULL,"Compute Engine VM Instance in Northern Virginia","2024-09-20T13:00:00Z","2024-09-20T12:00:00Z",NULL,NULL,NULL,NULL,NULL,NULL,NULL,428.8600000000,"Hours",17.926348,0.0418,12.90697056,"Google",20.15642,0.0470,"Dynamic","USD",428.86,"Hours","Google","Google","us-east4","Northern Virginia","//compute.googleapis.com/projects/Helios Labs/zones/us-east4-a/instances/inst-6435",NULL,"VM Instance","Compute","Compute Engine","02V5QVHAT8R8CT2N","Compute Engine Hours",NULL,"H8FWYBVSK4D3XT40.HGGD44ZT","proj-helios-dev","helios-dev","BillingAccount","{""cost_center"": ""CC-1001"", ""team"": ""infra"", ""environment"": ""dev""}","us-central1-a","Usage-Based",NULL,"Virtual Machines",0.0418,12.90697056,0.0470
211.46725392,"01ABCD-2345EF-6789GH","Helios Labs","BillingAccount","USD","2024-10-01T00:00:00Z","2024-09-01T00:00:00Z",NULL,NULL,"Usage",NULL,"Cloud SQL Database Instance in Singapore","2024-09-15T14:00:00Z","2024-09-15T13:00:00Z","Usage","cd-410423","commit-0423",NULL,"Used","Savings Plan",NULL,395.1300000000,"Hours",254.77982400000002,0.6448,211.46725392,"Google",299.74561800000004,0.7586,"Committed","USD",395.13,"Hours","Google","Google","asia-southeast1","Singapore","//compute.googleapis.com/projects/Helios Labs/zones/asia-southeast1-a/instances/inst-1876",NULL,"Database Instance","Databases","Cloud SQL","L0EN7I094C2232X3","Cloud SQL Hours",NULL,"CN0JYO53L2EFD2PW.HI90LLC0","proj-helios-dev","helios-dev","BillingAccount","{""application"": ""NimbusAPI"", ""cost_center"": ""CC-3090"", ""business_unit"": ""OsloData""}",NULL,"Usage-Based",NULL,"Relational Databases",0.6448,211.46725392,0.7586
13.50954405,"8a93b2c1-1234-4abc-9def-0123456789ab","Contoso Cloud","BillingProfile","USD","2024-10-01T00:00:00Z","2024-09-01T00:00:00Z",NULL,NULL,"Usage",NULL,"Azure SQL Database SQL Database in West Europe","2024-09-10T22:00:00Z","2024-09-10T21:00:00Z",NULL,NULL,NULL,NULL,NULL,NULL,NULL,25.9500000000,"Hours",13.927364999999998,0.5367,13.50954405,"Microsoft",18.56982,0.7156,"Standard","USD",25.95,"Hours","Microsoft","Microsoft","westeurope","West Europe","/subscriptions/8a93b2c1-1234-4abc-9def-0123456789ab/resourceGroups/rg-895/providers/Microsoft.Compute/virtualMachines/vm-3933",NULL,"SQL Database","Databases","Azure SQL Database","WIMV28ZUITFI6VP4","Azure SQL Database Hours",NULL,"DCYQQ79VS84VPGH7.AQKXWTJ7","sub-9a1f","Production","BillingProfile","{""owner"": ""a.turing"", ""application"": ""AtlasPortal""}",NULL,"Usage-Based",NULL,"Relational Databases",0.5367,13.50954405,0.7156
524.10268512,"01ABCD-2345EF-6789GH","Helios Labs","BillingAccount","USD","2024-10-01T00:00:00Z","2024-09-01T00:00:00Z",NULL,NULL,"Usage",NULL,"Cloud Storage Bucket in Northern Virginia","2024-09-13T22:00:00Z","2024-09-13T21:00:00Z",NULL,NULL,NULL,NULL,NULL,NULL,NULL,239.8400000000,"GiB",639.1496159999999,2.6649,524.10268512,"Google",1030.8802879999998,4.2982,"Standard","USD",239.84,"GiB","Google","Google","us-east4","Northern Virginia","//compute.googleapis.com/projects/Helios Labs/zones/us-east4-a/instances/inst-7270",NULL,"Bucket","Storage","Cloud Storage","KHPE4CFU9Z0NI847","Cloud Storage GiB",NULL,"4K75MEQKTX0LH4ZT.TH1APML8","proj-helios-dev","helios-dev","BillingAccount","{""application"": ""BrightLensMatrix"", ""environment"": ""dev""}",NULL,"Usage-Based",NULL,"Object Storage",2.6649,524.10268512,4.2982
198.23531508,"123456789012","SunBird","BillingAccount","USD","2024-10-01T00:00:00Z","2024-09-01T00:00:00Z",NULL,NULL,"Usage",NULL,"Amazon Simple Queue Service Queue in US East (N. Virginia)","2024-09-14T20:00:00Z","2024-09-14T19:00:00Z","Spend","cd-814191","commit-4191",NULL,"Used","Committed Use Discount",NULL,263.5400000000,"Requests",300.356538,1.1397,198.23531508,"AWS",411.438648,1.5612,"Standard","USD",263.54,"Requests","AWS","AWS","us-east-1","US East (N. Virginia)","arn:aws:ec2:us-east-1:123456789012:instance/i-0063a4d7b930",NULL,"Queue","Integration","Amazon Simple Queue Service","XREZR75IEDRZ0I3U","Amazon Simple Queue Service Requests",NULL,"BGWKZ2QRKDOZD48V.S8MMAX65","517389287820","Atlas Nimbus","BillingAccount",NULL,NULL,"Usage-Based",NULL,"Messaging",1.1397,198.23531508,1.5612
7.561827,"8a93b2c1-1234-4abc-9def-0123456789ab","Contoso Cloud","BillingProfile","USD","2024-10-01T00:00:00Z","2024-09-01T00:00:00Z",NULL,NULL,"Tax",NULL,"Tax charge in West Europe","2024-09-23T20:00:00Z","2024-09-23T19:00:00Z",NULL,NULL,NULL,NULL,NULL,NULL,NULL,NULL,NULL,7.5477300000,NULL,7.561827,"Microsoft",74.1526620000,NULL,NULL,"USD",NULL,NULL,"Microsoft","Microsoft",NULL,NULL,NULL,NULL,NULL,"Other","Tax",NULL,NULL,NULL,NULL,"sub-2b7c","Staging","BillingProfile","{""environment"": ""qa""}",NULL,"One-Time",NULL,"Other (Security)",NULL,7.561827,NULL
82.51873472,"01ABCD-2345EF-6789GH","Helios Labs","BillingAccount","USD","2024-10-01T00:00:00Z","2024-09-01T00:00:00Z",NULL,NULL,"Usage",NULL,"Cloud Functions Function in Iowa","2024-09-01T08:00:00Z","2024-09-01T07:00:00Z",NULL,NULL,NULL,NULL,NULL,NULL,NULL,53.4400000000,"Invocations",87.785888,1.6427,82.51873472,"Google",115.51056000000001,2.1615,"Other","USD",53.44,"Invocations","Google","Google","us-central1","Iowa","//compute.googleapis.com/projects/Helios Labs/zones/us-central1-a/instances/inst-628",NULL,"Function","Compute","Cloud Functions","ICH9J9WIPOJ2ARM4","Cloud Functions Invocations",NULL,"V6KGV8XUHE1N2FSK.B3V3THTL","proj-helios-dev","helios-dev","BillingAccount",NULL,NULL,"Usage-Based",NULL,"Serverless Compute",1.6427,82.51873472,2.1615
104.63195736,"ocid1.tenancy.oc1..aaaa1234","Meridian OCI","Tenancy","USD","2024-10-01T00:00:00Z","2024-09-01T00:00:00Z",NULL,NULL,"Usage",NULL,"Oracle Object Storage Bucket in Australia East (Sydney)","2024-09-07T19:00:00Z","2024-09-07T18:00:00Z","Usage","cd-414970","commit-4970",NULL,"Unused","Committed Use Discount",NULL,NULL,NULL,166.082472,4.1656,104.63195736,"Oracle",184.53430799999998,4.6284,"Committed","USD",39.87,"GB","Oracle","Oracle","ap-sydney-1","Australia East (Sydney)","ocid1.instance.oc1.ap-sydney-1.00b87b09bcd1",NULL,"Bucket","Storage","Oracle Object Storage","VT375KYX4HVZTO7C","Oracle Object Storage GB",NULL,"KDOR8BSIS40DBDSA.E0W4O40I","ocid1.compartment.oc1..dev","development","Tenancy","{""team"": ""payments"", ""owner"": ""k.johnson"", ""cost_center"": ""CC-2042""}","uk-london-1-AD-2","Usage-Based",NULL,"Object Storage",4.1656,104.63195736,4.6284
1134.64565305,"8a93b2c1-1234-4abc-9def-0123456789ab","Contoso Cloud","BillingProfile","USD","2024-10-01T00:00:00Z","2024-09-01T00:00:00Z",NULL,NULL,"Usage",NULL,"Azure Kubernetes Service Cluster in UK South","2024-09-30T15:00:00Z","2024-09-30T14:00:00Z",NULL,NULL,NULL,NULL,NULL,NULL,NULL,296.9500000000,"Hours",1246.863355,4.1989,1134.64565305,"Microsoft",1370.18669,4.6142,"Standard","USD",296.95,"Hours","Microsoft","Microsoft","uksouth","UK South","/subscriptions/8a93b2c1-1234-4abc-9def-0123456789ab/resourceGroups/rg-599/providers/Microsoft.Compute/virtualMachines/vm-2028",NULL,"Cluster","Compute","Azure Kubernetes Service","VJ3PGH3LLZTEQ5V0","Azure Kubernetes Service Hours",NULL,"AAE7RIONV7R2TKK8.PU0044FW","sub-4d3e","Sandbox","BillingProfile","{""owner"": ""k.johnson""}",NULL,"Usage-Based",NULL,"Containers",4.1989,1134.64565305,4.6142
698.33032535,"123456789012","SunBird","BillingAccount","USD","2024-10-01T00:00:00Z","2024-09-01T00:00:00Z",NULL,NULL,"Credit",NULL,"Amazon Simple Storage Service Bucket in US West (Oregon)","2024-09-08T00:00:00Z","2024-09-07T23:00:00Z",NULL,NULL,NULL,NULL,NULL,NULL,NULL,NULL,NULL,784.640815,2.0135,698.33032535,"AWS",784.640815,2.0135,"Other","USD",389.69,"GB","AWS","AWS","us-west-2","US West (Oregon)",NULL,NULL,NULL,"Storage","Amazon Simple Storage Service","ETTJ265PUUQDSLPH","Amazon Simple Storage Service GB",NULL,"Z5JD12XROMTOZBRU.NLWL649O","438839167390","Zenith Eclipse","BillingAccount","{""application"": ""AtlasPortal"", ""owner"": ""a.turing"", ""team"": ""infra""}",NULL,"One-Time",NULL,"Object Storage",2.0135,698.33032535,2.0135
139.4655393,"ocid1.tenancy.oc1..aaaa1234","Meridian OCI","Tenancy","USD","2024-10-01T00:00:00Z","2024-09-01T00:00:00Z",NULL,NULL,"Usage","Correction","Oracle Object Storage Bucket in US East (Ashburn)","2024-09-10T11:00:00Z","2024-09-10T10:00:00Z",NULL,NULL,NULL,NULL,NULL,NULL,NULL,116.2300000000,"GB",148.367595,1.2765,139.4655393,"Oracle",197.82346,1.7020,"Dynamic","USD",116.23,"GB","Oracle","Oracle","us-ashburn-1","US East (Ashburn)","ocid1.instance.oc1.us-ashburn-1.003e763710f3",NULL,"Bucket","Storage","Oracle Object Storage","S4QB8XM3KDPOWCUE","Oracle Object Storage GB",NULL,"ZDIPIUGB5FXWU85D.RDRJJTVZ","ocid1.compartment.oc1..prod","production","Tenancy",NULL,"uk-london-1-AD-2","Usage-Based",NULL,"Object Storage",1.2765,139.4655393,1.7020
585.3827252,"123456789012","SunBird","BillingAccount","USD","2024-10-01T00:00:00Z","2024-09-01T00:00:00Z",NULL,NULL,"Usage",NULL,"Amazon Elastic Compute Cloud Virtual Machine in US West (Oregon)","2024-09-16T22:00:00Z","2024-09-16T21:00:00Z","Spend","cd-195559","commit-5559",NULL,"Unused","Committed Use Discount",NULL,NULL,NULL,643.27772,2.5192,585.3827252,"AWS",1037.563655,4.0633,"Standard","USD",255.35,"Hours","AWS","AWS","us-west-2","US West (Oregon)","arn:aws:ec2:us-west-2:123456789012:instance/i-002941d5f32f",NULL,"Virtual Machine","Compute","Amazon Elastic Compute Cloud","4HV5UW5HZ1OL6IR0","Amazon Elastic Compute Cloud Hours",NULL,"PB1H0IE8X1PUIAA3.1EUCSJDU","438839167390","Zenith Eclipse","BillingAccount","{""owner"": ""k.johnson"", ""environment"": ""staging""}",NULL,"Usage-Based",NULL,"Virtual Machines",2.5192,585.3827252,4.0633
290.9489352,"ocid1.tenancy.oc1..aaaa1234","Meridian OCI","Tenancy","USD","2024-10-01T00:00:00Z","2024-09-01T00:00:00Z",NULL,NULL,"Usage",NULL,"Oracle Load Balancer Load Balancer in UK South (London)","2024-09-26T10:00:00Z","2024-09-26T09:00:00Z",NULL,NULL,NULL,NULL,NULL,NULL,NULL,153.0400000000,"Hours",377.85576,2.4690,290.9489352,"Oracle",524.804768,3.4292,"Standard","USD",153.04,"Hours","Oracle","Oracle","uk-london-1","UK South (London)","ocid1.instance.oc1.uk-london-1.00d2b35e98b1",NULL,"Load Balancer","Networking","Oracle Load Balancer","GDNJ56769G8NCRZH","Oracle Load Balancer Hours",NULL,"YP97H0648WF7W0CW.CYVZ98KY","ocid1.compartment.oc1..dev","development","Tenancy","{""cost_center"": ""CC-1001"", ""application"": ""BrightLensMatrix"", ""owner"": ""k.johnson""}",NULL,"Usage-Based",NULL,"Application Networking",2.4690,290.9489352,3.4292
582.34297088,"8a93b2c1-1234-4abc-9def-0123456789ab","Contoso Cloud","BillingProfile","USD","2024-10-01T00:00:00Z","2024-09-01T00:00:00Z",NULL,NULL,"Usage",NULL,"Azure Functions Function App in East US","2024-09-21T11:00:00Z","2024-09-21T10:00:00Z",NULL,NULL,NULL,NULL,NULL,NULL,NULL,412.0600000000,"Executions",909.9108920000001,2.2082,582.34297088,"Microsoft",1491.6572,3.6200,"Standard","USD",412.06,"Executions","Microsoft","Microsoft","eastus","East US","/subscriptions/8a93b2c1-1234-4abc-9def-0123456789ab/resourceGroups/rg-163/providers/Microsoft.Compute/virtualMachines/vm-6006",NULL,"Function App","Compute","Azure Functions","7OB8ODZ27XGQWS9N","Azure Functions Executions",NULL,"03FQY4QC1Y7602XE.9V5GF1TW","sub-9a1f","Production","BillingProfile","{""environment"": ""qa"", ""owner"": ""g.hopper""}","westeurope-2","Usage-Based",NULL,"Serverless Compute",2.2082,582.34297088,3.6200
580.6113632,"123456789012","SunBird","BillingAccount","USD","2024-10-01T00:00:00Z","2024-09-01T00:00:00Z",NULL,NULL,"Usage",NULL,"Amazon Relational Database Service Database Instance in Europe (Ireland)","2024-09-09T21:00:00Z","2024-09-09T20:00:00Z",NULL,NULL,NULL,NULL,NULL,NULL,NULL,251.9000000000,"Hours",853.8402400000001,3.3896,580.6113632,"AWS",1153.8279499999999,4.5805,"Standard","USD",251.90,"Hours","AWS","AWS","eu-west-1","Europe (Ireland)","arn:aws:ec2:eu-west-1:123456789012:instance/i-00703e904aaf",NULL,"Database Instance","Databases","Amazon Relational Database Service","1VNP444PBMGY594G","Amazon Relational Database Service Hours",NULL,"K0GXS94JAGJQDIXS.VUBDVSC6","438839167390","Zenith Eclipse","BillingAccount",NULL,"eu-west-1c","Usage-Based",NULL,"Relational Databases",3.3896,580.6113632,4.5805
245.45134296,"8a93b2c1-1234-4abc-9def-0123456789ab","Contoso Cloud","BillingProfile","USD","2024-10-01T00:00:00Z","2024-09-01T00:00:00Z",NULL,NULL,"Usage",NULL,"Azure Functions Function App in UK South","2024-09-27T23:00:00Z","2024-09-27T22:00:00Z","Usage","cd-312019","commit-2019",NULL,"Used","Reserved Instance",NULL,239.1600000000,"Executions",355.726584,1.4874,245.45134296,"Microsoft",370.554504,1.5494,"Committed","USD",239.16,"Executions","Microsoft","Microsoft","uksouth","UK South","/subscriptions/8a93b2c1-1234-4abc-9def-0123456789ab/resourceGroups/rg-801/providers/Microsoft.Compute/virtualMachines/vm-4580",NULL,"Function App","Compute","Azure Functions","UKTOB5RG20UR0YJ6","Azure Functions Executions",NULL,"5MWG7YKJVJ2UZDAK.IPCIOSCX","sub-2b7c","Staging","BillingProfile","{""application"": ""BrightLensMatrix""}",NULL,"Usage-Based",NULL,"Serverless Compute",1.4874,245.45134296,1.5494
53.54773644,"ocid1.tenancy.oc1..aaaa1234","Meridian OCI","Tenancy","USD","2024-10-01T00:00:00Z","2024-09-01T00:00:00Z",NULL,NULL,"Usage",NULL,"Oracle Functions Function in US East (Ashburn)","2024-09-16T09:00:00Z","2024-09-16T08:00:00Z","Spend","cd-992171","commit-2171",NULL,"Used","Committed Use Discount",NULL,281.9400000000,"Invocations",55.203852,0.1958,53.54773644,"Oracle",61.32195,0.2175,"Committed","USD",281.94,"Invocations","Oracle","Oracle","us-ashburn-1","US East (Ashburn)","ocid1.instance.oc1.us-ashburn-1.00ab8025a254",NULL,"Function","Compute","Oracle Functions","I579SR5C9YM0FUI4","Oracle Functions Invocations",NULL,"ZU9STTJAJKQ9JQ88.ZMEP3P3E","ocid1.compartment.oc1..prod","production","Tenancy","{""team"": ""platform"", ""owner"": ""a.lovelace""}",NULL,"Usage-Based",NULL,"Serverless Compute",0.1958,53.54773644,0.2175
181.1226105,"01ABCD-2345EF-6789GH","Helios Labs","BillingAccount","USD","2024-10-01T00:00:00Z","2024-09-01T00:00:00Z",NULL,NULL,"Usage",NULL,"Compute Engine VM Instance in Belgium","2024-09-05T17:00:00Z","2024-09-05T16:00:00Z",NULL,NULL,NULL,NULL,NULL,NULL,NULL,190.1400000000,"Hours",278.65017,1.4655,181.1226105,"Google",361.893462,1.9033,"Standard","USD",190.14,"Hours","Google","Google","europe-west1","Belgium","//compute.googleapis.com/projects/Helios Labs/zones/europe-west1-a/instances/inst-2545",NULL,"VM Instance","Compute","Compute Engine","0AYFBQ3F6HGIUYJT","Compute Engine Hours",NULL,"5099NSECOQFRFME7.GH9GTAVF","proj-helios-prod","helios-prod","BillingAccount",NULL,NULL,"Usage-Based",NULL,"Virtual Machines",1.4655,181.1226105,1.9033
469.516134,"8a93b2c1-1234-4abc-9def-0123456789ab","Contoso Cloud","BillingProfile","USD","2024-10-01T00:00:00Z","2024-09-01T00:00:00Z",NULL,NULL,"Purchase","Correction","Azure SQL Database SQL Database in East US","2024-09-26T02:00:00Z","2024-09-26T01:00:00Z",NULL,NULL,NULL,NULL,NULL,NULL,NULL,NULL,NULL,469.516134,2.0847,0,"Microsoft",565.685074,2.5117,"Standard","USD",225.22,"Hours","Microsoft","Microsoft","eastus","East US","/subscriptions/8a93b2c1-1234-4abc-9def-0123456789ab/resourceGroups/rg-382/providers/Microsoft.Compute/virtualMachines/vm-7556",NULL,"SQL Database","Databases","Azure SQL Database","S637NEBMGQWYRU4I","Azure SQL Database Hours",NULL,"J3U4RD3RBON2QQ72.AOPGOZSF","sub-2b7c","Staging","BillingProfile",NULL,NULL,"Recurring",NULL,"Relational Databases",2.0847,0,2.5117
490.60630836,"ocid1.tenancy.oc1..aaaa1234","Meridian OCI","Tenancy","USD","2024-10-01T00:00:00Z","2024-09-01T00:00:00Z",NULL,NULL,"Usage",NULL,"Oracle Autonomous Database Database in US East (Ashburn)","2024-09-17T11:00:00Z","2024-09-17T10:00:00Z",NULL,NULL,NULL,NULL,NULL,NULL,NULL,379.5400000000,"Hours",778.740172,2.0518,490.60630836,"Oracle",855.7488380000001,2.2547,"Dynamic","USD",379.54,"Hours","Oracle","Oracle","us-ashburn-1","US East (Ashburn)","ocid1.instance.oc1.us-ashburn-1.002d8645a60c",NULL,"Database","Databases","Oracle Autonomous Database","CFB8ZVS0GKUOZCYS","Oracle Autonomous Database Hours",NULL,"BDR2S7Z3T9Y7R6Q7.E3APZGBD","ocid1.compartment.oc1..prod","production","Tenancy",NULL,"uk-london-1-AD-2","Usage-Based",NULL,"Relational Databases",2.0518,490.60630836,2.2547
412.68811584,"ocid1.tenancy.oc1..aaaa1234","Meridian OCI","Tenancy","USD","2024-10-01T00:00:00Z","2024-09-01T00:00:00Z",NULL,NULL,"Adjustment",NULL,"Oracle Compute Instance in US East (Ashburn)","2024-09-21T18:00:00Z","2024-09-21T17:00:00Z",NULL,NULL,NULL,NULL,NULL,NULL,NULL,NULL,NULL,606.894288,2.5262,412.68811584,"Oracle",689.656968,2.8707,"Other","USD",240.24,"Hours","Oracle","Oracle","us-ashburn-1","US East (Ashburn)",NULL,NULL,NULL,"Compute","Oracle Compute","HE2G1DCRBKFRSSFW","Oracle Compute Hours",NULL,"V12ROOO7T0VXKOG4.BNOXPADT","ocid1.compartment.oc1..dev","development","Tenancy","{""team"": ""platform""}",NULL,"One-Time",NULL,"Virtual Machines",2.5262,412.68811584,2.8707
847.33257492,"8a93b2c1-1234-4abc-9def-0123456789ab","Contoso Cloud","BillingProfile","USD","2024-10-01T00:00:00Z","2024-09-01T00:00:00Z",NULL,NULL,"Credit",NULL,"Azure Kubernetes Service Cluster in UK South","2024-09-10T04:00:00Z","2024-09-10T03:00:00Z","Spend","cd-576504","commit-6504",NULL,"Unused","Committed Use Discount",NULL,NULL,NULL,1086.3238139999999,2.2697,847.33257492,"Microsoft",1468.0232640000002,3.0672,"Standard","USD",478.62,"Hours","Microsoft","Microsoft","uksouth","UK South",NULL,NULL,NULL,"Compute","Azure Kubernetes Service","7YVPJ4Y93FQFPRMH","Azure Kubernetes Service Hours",NULL,"4Y2C1AXX9G4OU3IH.HYIVBZ9M","sub-2b7c","Staging","BillingProfile","{""environment"": ""dev"", ""business_unit"": ""MarseilleSRE"", ""team"": ""growth""}",NULL,"One-Time",NULL,"Containers",2.2697,847.33257492,3.0672
99.14450832,"01ABCD-2345EF-6789GH","Helios Labs","BillingAccount","USD","2024-10-01T00:00:00Z","2024-09-01T00:00:00Z",NULL,NULL,"Usage",NULL,"BigQuery Dataset in Singapore","2024-09-09T22:00:00Z","2024-09-09T21:00:00Z","Usage","cd-777262","commit-7262",NULL,"Unused","Savings Plan",NULL,NULL,NULL,100.145968,0.4472,99.14450832,"Google",113.806308,0.5082,"Committed","USD",223.94,"GiB","Google","Google","asia-southeast1","Singapore","//compute.googleapis.com/projects/Helios Labs/zones/asia-southeast1-a/instances/inst-2309",NULL,"Dataset","Analytics","BigQuery","PQI4G8ZZJXUIDVBL","BigQuery GiB",NULL,"YDADFHDFU1E0E3M9.QQ6FIFOA","proj-helios-dev","helios-dev","BillingAccount",NULL,NULL,"Usage-Based",NULL,"Data Warehouses",0.4472,99.14450832,0.5082
870.9277000000001,"8a93b2c1-1234-4abc-9def-0123456789ab","Contoso Cloud","BillingProfile","USD","2024-10-01T00:00:00Z","2024-09-01T00:00:00Z",NULL,NULL,"Purchase",NULL,"Azure Load Balancer Load Balancer in West Europe","2024-09-13T23:00:00Z","2024-09-13T22:00:00Z","Usage","cd-843320","commit-3320",NULL,"Used","Savings Plan",NULL,NULL,NULL,870.9277000000001,2.7892,0,"Microsoft",1193.0448000000001,3.8208,"Committed","USD",312.25,"Hours","Microsoft","Microsoft","westeurope","West Europe","/subscriptions/8a93b2c1-1234-4abc-9def-0123456789ab/resourceGroups/rg-557/providers/Microsoft.Compute/virtualMachines/vm-3256",NULL,"Load Balancer","Networking","Azure Load Balancer","QQ7H53P0XU0EIIE7","Azure Load Balancer Hours",NULL,"9IIB0NF7ZSH4YEOB.JM0QH1P1","sub-4d3e","Sandbox","BillingProfile",NULL,NULL,"One-Time",NULL,"Application Networking",2.7892,0,3.8208
187.06637304,"8a93b2c1-1234-4abc-9def-0123456789ab","Contoso Cloud","BillingProfile","USD","2024-10-01T00:00:00Z","2024-09-01T00:00:00Z",NULL,NULL,"Usage",NULL,"Azure SQL Database SQL Database in East US","2024-09-20T18:00:00Z","2024-09-20T17:00:00Z",NULL,NULL,NULL,NULL,NULL,NULL,NULL,73.6800000000,"Hours",210.18693600000003,2.8527,187.06637304,"Microsoft",287.92670400000003,3.9078,"Standard","USD",73.68,"Hours","Microsoft","Microsoft","eastus","East US","/subscriptions/8a93b2c1-1234-4abc-9def-0123456789ab/resourceGroups/rg-846/providers/Microsoft.Compute/virtualMachines/vm-4247",NULL,"SQL Database","Databases","Azure SQL Database","GLYP3QUKLUL0QQT7","Azure SQL Database Hours",NULL,"RP1816HHETOOC1QB.7BU954FV","sub-2b7c","Staging","BillingProfile","{""environment"": ""dev"", ""cost_center"": ""CC-3090""}",NULL,"Usage-Based",NULL,"Relational Databases",2.8527,187.06637304,3.9078
502.43401416,"01ABCD-2345EF-6789GH","Helios Labs","BillingAccount","USD","2024-10-01T00:00:00Z","2024-09-01T00:00:00Z",NULL,NULL,"Usage",NULL,"Cloud Functions Function in Iowa","2024-09-30T20:00:00Z","2024-09-30T19:00:00Z","Spend","cd-202727","commit-2727",NULL,"Unused","Reserved Instance",NULL,NULL,NULL,678.964884,2.8354,502.43401416,"Google",730.065648,3.0488,"Committed","USD",239.46,"Invocations","Google","Google","us-central1","Iowa","//compute.googleapis.com/projects/Helios Labs/zones/us-central1-a/instances/inst-917",NULL,"Function","Compute","Cloud Functions","ZZBNJMU6TE8ALUW5","Cloud Functions Invocations",NULL,"3O3MW5UWEJQ2RFEE.4NZ3AN71","proj-helios-dev","helios-dev","BillingAccount","{""team"": ""payments""}","us-central1-a","Usage-Based",NULL,"Serverless Compute",2.8354,502.43401416,3.0488
347.90525768,"01ABCD-2345EF-6789GH","Helios Labs","BillingAccount","USD","2024-10-01T00:00:00Z","2024-09-01T00:00:00Z",NULL,NULL,"Usage",NULL,"BigQuery Dataset in Northern Virginia","2024-09-05T11:00:00Z","2024-09-05T10:00:00Z","Spend","cd-115113","commit-5113",NULL,"Unused","Savings Plan",NULL,NULL,NULL,570.336488,3.9107,347.90525768,"Google",619.936672,4.2508,"Committed","USD",145.84,"GiB","Google","Google","us-east4","Northern Virginia","//compute.googleapis.com/projects/Helios Labs/zones/us-east4-a/instances/inst-1827",NULL,"Dataset","Analytics","BigQuery","Q9I63OKHC477MFK2","BigQuery GiB",NULL,"O1WS8WJLA4IAE2B9.SI84QE1K","proj-helios-dev","helios-dev","BillingAccount","{""owner"": ""g.hopper""}",NULL,"Usage-Based",NULL,"Data Warehouses",3.9107,347.90525768,4.2508
545.50491072,"ocid1.tenancy.oc1..aaaa1234","Meridian OCI","Tenancy","USD","2024-10-01T00:00:00Z","2024-09-01T00:00:00Z",NULL,NULL,"Usage",NULL,"Oracle Object Storage Bucket in Australia East (Sydney)","2024-09-14T23:00:00Z","2024-09-14T22:00:00Z","Spend","cd-481086","commit-1086",NULL,"Used","Reserved Instance",NULL,365.3300000000,"GB",619.891944,1.6968,545.50491072,"Oracle",645.720775,1.7675,"Other","USD",365.33,"GB","Oracle","Oracle","ap-sydney-1","Australia East (Sydney)","ocid1.instance.oc1.ap-sydney-1.004c4bc20543",NULL,"Bucket","Storage","Oracle Object Storage","0A2IIPUCJ7OAMRJR","Oracle Object Storage GB",NULL,"M3VNH1J9BH0ZOH11.Y94TAPNA","ocid1.compartment.oc1..dev","development","Tenancy","{""cost_center"": ""CC-1001"", ""business_unit"": ""LisbonOps"", ""environment"": ""dev""}","us-ashburn-1-AD-1","Usage-Based",NULL,"Object Storage",1.6968,545.50491072,1.7675
248.70342848,"01ABCD-2345EF-6789GH","Helios Labs","BillingAccount","USD","2024-10-01T00:00:00Z","2024-09-01T00:00:00Z",NULL,NULL,"Usage",NULL,"Cloud SQL Database Instance in Singapore","2024-09-01T20:00:00Z","2024-09-01T19:00:00Z",NULL,NULL,NULL,NULL,NULL,NULL,NULL,131.9600000000,"Hours",303.296864,2.2984,248.70342848,"Google",306.358336,2.3216,"Dynamic","USD",131.96,"Hours","Google","Google","asia-southeast1","Singapore","//compute.googleapis.com/projects/Helios Labs/zones/asia-southeast1-a/instances/inst-1657",NULL,"Database Instance","Databases","Cloud SQL","K7AISGHWAUB00GMH","Cloud SQL Hours",NULL,"VKVXKPKI9DU69M32.TPWRDT5Z","proj-helios-prod","helios-prod","BillingAccount","{""application"": ""BrightLensMatrix"", ""owner"": ""a.turing"", ""business_unit"": ""LisbonOps""}","asia-southeast1-c","Usage-Based",NULL,"Relational Databases",2.2984,248.70342848,2.3216
868.19366616,"01ABCD-2345EF-6789GH","Helios Labs","BillingAccount","USD","2024-10-01T00:00:00Z","2024-09-01T00:00:00Z",NULL,NULL,"Adjustment",NULL,"Cloud Load Balancing Forwarding Rule in Belgium","2024-09-03T00:00:00Z","2024-09-02T23:00:00Z",NULL,NULL,NULL,NULL,NULL,NULL,NULL,NULL,NULL,1189.306392,2.6006,868.19366616,"Google",1775.08758,3.8815,"Standard","USD",457.32,"Hours","Google","Google","europe-west1","Belgium",NULL,NULL,NULL,"Networking","Cloud Load Balancing","COF2R8BPBQW86A4H","Cloud Load Balancing Hours",NULL,"81ETILOXVSXLCUW0.2U25FGM2","proj-helios-dev","helios-dev","BillingAccount","{""team"": ""payments"", ""cost_center"": ""CC-2042""}",NULL,"One-Time",NULL,"Application Networking",2.6006,868.19366616,3.8815
295.58611456,"8a93b2c1-1234-4abc-9def-0123456789ab","Contoso Cloud","BillingProfile","USD","2024-10-01T00:00:00Z","2024-09-01T00:00:00Z",NULL,NULL,"Usage",NULL,"Virtual Machines Virtual Machine in Southeast Asia","2024-09-20T23:00:00Z","2024-09-20T22:00:00Z",NULL,NULL,NULL,NULL,NULL,NULL,NULL,437.0300000000,"Hours",461.853304,1.0568,295.58611456,"Microsoft",710.5233739999999,1.6258,"Dynamic","USD",437.03,"Hours","Microsoft","Microsoft","southeastasia","Southeast Asia","/subscriptions/8a93b2c1-1234-4abc-9def-0123456789ab/resourceGroups/rg-541/providers/Microsoft.Compute/virtualMachines/vm-6251",NULL,"Virtual Machine","Compute","Virtual Machines","3CGWKLHNMY7YDA6M","Virtual Machines Hours",NULL,"R31EI67OA5RYGHP4.I3GVZDON","sub-2b7c","Staging","BillingProfile",NULL,NULL,"Usage-Based",NULL,"Virtual Machines",1.0568,295.58611456,1.6258
769.83681984,"ocid1.tenancy.oc1..aaaa1234","Meridian OCI","Tenancy","USD","2024-10-01T00:00:00Z","2024-09-01T00:00:00Z",NULL,NULL,"Usage",NULL,"Oracle Load Balancer Load Balancer in Australia East (Sydney)","2024-09-07T06:00:00Z","2024-09-07T05:00:00Z",NULL,NULL,NULL,NULL,NULL,NULL,NULL,481.6200000000,"Hours",1012.9431840000001,2.1032,769.83681984,"Oracle",1350.558804,2.8042,"Other","USD",481.62,"Hours","Oracle","Oracle","ap-sydney-1","Australia East (Sydney)","ocid1.instance.oc1.ap-sydney-1.00cd558f0b1e",NULL,"Load Balancer","Networking","Oracle Load Balancer","AA4P5STRU3QTRHC2","Oracle Load Balancer Hours",NULL,"ZK1IYVSOT2WGZBQP.V6N7VD31","ocid1.compartment.oc1..dev","development","Tenancy","{""environment"": ""qa"", ""cost_center"": ""CC-2042""}",NULL,"Usage-Based",NULL,"Application Networking",2.1032,769.83681984,2.8042
70.31967894,"01ABCD-2345EF-6789GH","Helios Labs","BillingAccount","USD","2024-10-01T00:00:00Z","2024-09-01T00:00:00Z",NULL,NULL,"Usage",NULL,"BigQuery Dataset in Belgium","2024-09-15T02:00:00Z","2024-09-15T01:00:00Z","Spend","cd-421475","commit-1475",NULL,"Used","Savings Plan",NULL,36.0300000000,"GiB",75.61255799999999,2.0986,70.31967894,"Google",85.92434399999999,2.3848,"Committed","USD",36.03,"GiB","Google","Google","europe-west1","Belgium","//compute.googleapis.com/projects/Helios Labs/zones/europe-west1-a/instances/inst-3891",NULL,"Dataset","Analytics","BigQuery","33YGMUBA568NYKJM","BigQuery GiB",NULL,"M6USAPM0VI9VCLOF.IZUMK3PU","proj-helios-dev","helios-dev","BillingAccount",NULL,"asia-southeast1-c","Usage-Based",NULL,"Data Warehouses",2.0986,70.31967894,2.3848
324.3582948,"01ABCD-2345EF-6789GH","Helios Labs","BillingAccount","USD","2024-10-01T00:00:00Z","2024-09-01T00:00:00Z",NULL,NULL,"Usage",NULL,"Compute Engine VM Instance in Singapore","2024-09-07T16:00:00Z","2024-09-07T15:00:00Z","Usage","cd-544471","commit-4471",NULL,"Used","Reserved Instance",NULL,94.2000000000,"Hours",410.58012,4.3586,324.3582948,"Google",456.20118,4.8429,"Standard","USD",94.20,"Hours","Google","Google","asia-southeast1","Singapore","//compute.googleapis.com/projects/Helios Labs/zones/asia-southeast1-a/instances/inst-2629",NULL,"VM Instance","Compute","Compute Engine","C0H4QEM0TQXR4ZHK","Compute Engine Hours",NULL,"G9PFJ4A0UB2ZGJKJ.8PBXYSS0","proj-helios-dev","helios-dev","BillingAccount","{""business_unit"": ""LisbonOps"", ""owner"": ""a.lovelace""}",NULL,"Usage-Based",NULL,"Virtual Machines",4.3586,324.3582948,4.8429
30.75766208,"01ABCD-2345EF-6789GH","Helios Labs","BillingAccount","USD","2024-10-01T00:00:00Z","2024-09-01T00:00:00Z",NULL,NULL,"Usage",NULL,"Cloud Storage Bucket in Iowa","2024-09-16T20:00:00Z","2024-09-16T19:00:00Z",NULL,NULL,NULL,NULL,NULL,NULL,NULL,290.3200000000,"GiB",45.231856,0.1558,30.75766208,"Google",74.147728,0.2554,"Standard","USD",290.32,"GiB","Google","Google","us-central1","Iowa","//compute.googleapis.com/projects/Helios Labs/zones/us-central1-a/instances/inst-9184",NULL,"Bucket","Storage","Cloud Storage","TNOI50MDQ0CB7LPZ","Cloud Storage GiB",NULL,"YJ1BLLJD2XVBZG3C.13BEVGLC","proj-helios-dev","helios-dev","BillingAccount",NULL,"asia-southeast1-c","Usage-Based",NULL,"Object Storage",0.1558,30.75766208,0.2554
642.77985975,"8a93b2c1-1234-4abc-9def-0123456789ab","Contoso Cloud","BillingProfile","USD","2024-10-01T00:00:00Z","2024-09-01T00:00:00Z",NULL,NULL,"Usage",NULL,"Azure Functions Function App in West Europe","2024-09-14T05:00:00Z","2024-09-14T04:00:00Z",NULL,NULL,NULL,NULL,NULL,NULL,NULL,299.5700000000,"Executions",857.039813,2.8609,642.77985975,"Microsoft",1339.137814,4.4702,"Dynamic","USD",299.57,"Executions","Microsoft","Microsoft","westeurope","West Europe","/subscriptions/8a93b2c1-1234-4abc-9def-0123456789ab/resourceGroups/rg-830/providers/Microsoft.Compute/virtualMachines/vm-8990",NULL,"Function App","Compute","Azure Functions","EKYJHAVOB4FKL0CD","Azure Functions Executions",NULL,"9IJ6O32RL3DUS9U5.882K9JDZ","sub-2b7c","Staging","BillingProfile","{""owner"": ""g.hopper""}",NULL,"Usage-Based",NULL,"Serverless Compute",2.8609,642.77985975,4.4702
24.67396932,"8a93b2c1-1234-4abc-9def-0123456789ab","Contoso Cloud","BillingProfile","USD","2024-10-01T00:00:00Z","2024-09-01T00:00:00Z",NULL,NULL,"Usage",NULL,"Azure Blob Storage Storage Account in East US","2024-09-08T04:00:00Z","2024-09-08T03:00:00Z","Usage","cd-627716","commit-7716",NULL,"Unused","Reserved Instance",NULL,NULL,NULL,32.044115999999995,1.2083,24.67396932,"Microsoft",38.607816,1.4558,"Committed","USD",26.52,"GB","Microsoft","Microsoft","eastus","East US","/subscriptions/8a93b2c1-1234-4abc-9def-0123456789ab/resourceGroups/rg-751/providers/Microsoft.Compute/virtualMachines/vm-1955",NULL,"Storage Account","Storage","Azure Blob Storage","1Q2JQVLX3N293Q45","Azure Blob Storage GB",NULL,"98QA2AR0U433D1FJ.663J8TJZ","sub-9a1f","Production","BillingProfile","{""cost_center"": ""CC-2042""}",NULL,"Usage-Based",NULL,"Object Storage",1.2083,24.67396932,1.4558
938.50688256,"123456789012","SunBird","BillingAccount","USD","2024-10-01T00:00:00Z","2024-09-01T00:00:00Z",NULL,NULL,"Usage",NULL,"Elastic Load Balancing Load Balancer in US West (Oregon)","2024-09-07T07:00:00Z","2024-09-07T06:00:00Z","Usage","cd-305389","commit-5389",NULL,"Unused","Reserved Instance",NULL,NULL,NULL,1203.213952,3.4016,938.50688256,"AWS",1336.8847400000002,3.7795,"Standard","USD",353.72,"LCU-Hours","AWS","AWS","us-west-2","US West (Oregon)","arn:aws:ec2:us-west-2:123456789012:instance/i-009ad3687ce6",NULL,"Load Balancer","Networking","Elastic Load Balancing","AMEZYT4XEJ37MHLQ","Elastic Load Balancing LCU-Hours",NULL,"I9XPXRFZBFF9Q9B7.2AH4A6Z5","663626350770","Zenith Apollo","BillingAccount",NULL,"ap-southeast-2a","Usage-Based",NULL,"Application Networking",3.4016,938.50688256,3.7795
299.110545,"01ABCD-2345EF-6789GH","Helios Labs","BillingAccount","USD","2024-10-01T00:00:00Z","2024-09-01T00:00:00Z",NULL,NULL,"Purchase",NULL,"Cloud Storage Bucket in Iowa","2024-09-20T23:00:00Z","2024-09-20T22:00:00Z",NULL,NULL,NULL,NULL,NULL,NULL,NULL,NULL,NULL,299.110545,1.2693,0,"Google",336.08403,1.4262,"Standard","USD",235.65,"GiB","Google","Google","us-central1","Iowa","//compute.googleapis.com/projects/Helios Labs/zones/us-central1-a/instances/inst-7389",NULL,"Bucket","Storage","Cloud Storage","DUEFCAD4DG59XBLA","Cloud Storage GiB",NULL,"XDJWS4KOLCFAL4X4.R3VO1U2T","proj-helios-dev","helios-dev","BillingAccount","{""team"": ""infra"", ""cost_center"": ""CC-3090"", ""owner"": ""g.hopper""}",NULL,"Recurring",NULL,"Object Storage",1.2693,0,1.4262
409.77040000000005,"8a93b2c1-1234-4abc-9def-0123456789ab","Contoso Cloud","BillingProfile","USD","2024-10-01T00:00:00Z","2024-09-01T00:00:00Z",NULL,NULL,"Purchase",NULL,"Azure SQL Database SQL Database in West Europe","2024-09-29T08:00:00Z","2024-09-29T07:00:00Z",NULL,NULL,NULL,NULL,NULL,NULL,NULL,NULL,NULL,409.77040000000005,3.1775,0,"Microsoft",418.12700800000005,3.2423,"Other","USD",128.96,"Hours","Microsoft","Microsoft","westeurope","West Europe","/subscriptions/8a93b2c1-1234-4abc-9def-0123456789ab/resourceGroups/rg-544/providers/Microsoft.Compute/virtualMachines/vm-2070",NULL,"SQL Database","Databases","Azure SQL Database","O21Z2Y8HYA7UV5F3","Azure SQL Database Hours",NULL,"TCX7TZ76FRRC6DNV.6ZKSCW2Q","sub-2b7c","Staging","BillingProfile","{""environment"": ""prod"", ""team"": ""growth"", ""business_unit"": ""ViennaAI""}",NULL,"One-Time",NULL,"Relational Databases",3.1775,0,3.2423
351.15757056,"01ABCD-2345EF-6789GH","Helios Labs","BillingAccount","USD","2024-10-01T00:00:00Z","2024-09-01T00:00:00Z",NULL,NULL,"Usage",NULL,"Compute Engine VM Instance in Northern Virginia","2024-09-08T20:00:00Z","2024-09-08T19:00:00Z",NULL,NULL,NULL,NULL,NULL,NULL,NULL,158.6800000000,"Hours",548.683704,3.4578,351.15757056,"Google",772.787468,4.8701,"Standard","USD",158.68,"Hours","Google","Google","us-east4","Northern Virginia","//compute.googleapis.com/projects/Helios Labs/zones/us-east4-a/instances/inst-329",NULL,"VM Instance","Compute","Compute Engine","7XE8Q0169UOKEPW0","Compute Engine Hours",NULL,"H6ND3MR8ACJJ0QJW.5IAVVS8K","proj-helios-prod","helios-prod","BillingAccount",NULL,NULL,"Usage-Based",NULL,"Virtual Machines",3.4578,351.15757056,4.8701
312.78221359,"ocid1.tenancy.oc1..aaaa1234","Meridian OCI","Tenancy","USD","2024-10-01T00:00:00Z","2024-09-01T00:00:00Z",NULL,NULL,"Adjustment",NULL,"Oracle Load Balancer Load Balancer in US East (Ashburn)","2024-09-03T18:00:00Z","2024-09-03T17:00:00Z",NULL,NULL,NULL,NULL,NULL,NULL,NULL,NULL,NULL,440.538329,0.9067,312.78221359,"Oracle",620.4559899999999,1.2770,"Dynamic","USD",485.87,"Hours","Oracle","Oracle","us-ashburn-1","US East (Ashburn)",NULL,NULL,NULL,"Networking","Oracle Load Balancer","LP3G49Q4LFQ1F3L5","Oracle Load Balancer Hours",NULL,"V8DRWJL121673873.4VSRV6Q2","ocid1.compartment.oc1..prod","production","Tenancy",NULL,NULL,"One-Time",NULL,"Application Networking",0.9067,312.78221359,1.2770
521.2497015,"123456789012","SunBird","BillingAccount","USD","2024-10-01T00:00:00Z","2024-09-01T00:00:00Z",NULL,NULL,"Usage",NULL,"Amazon Simple Storage Service Bucket in Europe (Ireland)","2024-09-05T23:00:00Z","2024-09-05T22:00:00Z",NULL,NULL,NULL,NULL,NULL,NULL,NULL,361.0200000000,"GB",755.4343499999999,2.0925,521.2497015,"AWS",1049.2324259999998,2.9063,"Standard","USD",361.02,"GB","AWS","AWS","eu-west-1","Europe (Ireland)","arn:aws:ec2:eu-west-1:123456789012:instance/i-00ca455c0855",NULL,"Bucket","Storage","Amazon Simple Storage Service","NQYP7BHJR7SS4P1W","Amazon Simple Storage Service GB",NULL,"0HEX09ZIIPD3B0VQ.7BUOGYCI","517389287820","Atlas Nimbus","BillingAccount","{""business_unit"": ""MarseilleSRE"", ""cost_center"": ""CC-3090"", ""team"": ""infra""}","us-east-1a","Usage-Based",NULL,"Object Storage",2.0925,521.2497015,2.9063
259.7450544,"ocid1.tenancy.oc1..aaaa1234","Meridian OCI","Tenancy","USD","2024-10-01T00:00:00Z","2024-09-01T00:00:00Z",NULL,NULL,"Usage",NULL,"Oracle Autonomous Database Database in US East (Ashburn)","2024-09-03T07:00:00Z","2024-09-03T06:00:00Z",NULL,NULL,NULL,NULL,NULL,NULL,NULL,88.1400000000,"Hours",288.605616,3.2744,259.7450544,"Oracle",390.00187200000005,4.4248,"Other","USD",88.14,"Hours","Oracle","Oracle","us-ashburn-1","US East (Ashburn)","ocid1.instance.oc1.us-ashburn-1.00e61536a5c8",NULL,"Database","Databases","Oracle Autonomous Database","GIEN8A58L958DZ0E","Oracle Autonomous Database Hours",NULL,"UTW6V6ZYOW1USF7B.K97LVIEK","ocid1.compartment.oc1..prod","production","Tenancy","{""owner"": ""k.johnson"", ""environment"": ""qa"", ""business_unit"": ""OsloData""}","us-ashburn-1-AD-1","Usage-Based",NULL,"Relational Databases",3.2744,259.7450544,4.4248
655.045868,"ocid1.tenancy.oc1..aaaa1234","Meridian OCI","Tenancy","USD","2024-10-01T00:00:00Z","2024-09-01T00:00:00Z",NULL,NULL,"Usage",NULL,"Oracle Functions Function in Australia East (Sydney)","2024-09-14T12:00:00Z","2024-09-14T11:00:00Z","Spend","cd-625862","commit-5862",NULL,"Unused","Committed Use Discount",NULL,NULL,NULL,977.6804000000001,2.1200,655.045868,"Oracle",1396.699462,3.0286,"Committed","USD",461.17,"Invocations","Oracle","Oracle","ap-sydney-1","Australia East (Sydney)","ocid1.instance.oc1.ap-sydney-1.004ff3f21eaa",NULL,"Function","Compute","Oracle Functions","K893FKNKBN1Y71SI","Oracle Functions Invocations",NULL,"248YI18VL4J73YBP.JA6429OR","ocid1.compartment.oc1..prod","production","Tenancy","{""business_unit"": ""MarseilleSRE""}","us-ashburn-1-AD-1","Usage-Based",NULL,"Serverless Compute",2.1200,655.045868,3.0286
282.151584,"123456789012","SunBird","BillingAccount","USD","2024-10-01T00:00:00Z","2024-09-01T00:00:00Z",NULL,NULL,"Purchase",NULL,"AWS Lambda Function in US East (N. Virginia)","2024-09-08T19:00:00Z","2024-09-08T18:00:00Z",NULL,NULL,NULL,NULL,NULL,NULL,NULL,NULL,NULL,282.151584,2.1216,0,"AWS",421.112835,3.1665,"Standard","USD",132.99,"Requests","AWS","AWS","us-east-1","US East (N. Virginia)","arn:aws:ec2:us-east-1:123456789012:instance/i-0038eef5d27c",NULL,"Function","Compute","AWS Lambda","25CDQVNV7W4NDI3O","AWS Lambda Requests",NULL,"IK9W2BTKQCJVVVS0.7O23CSGG","438839167390","Zenith Eclipse","BillingAccount","{""team"": ""growth"", ""environment"": ""qa""}",NULL,"One-Time",NULL,"Serverless Compute",2.1216,0,3.1665
445.7540714,"ocid1.tenancy.oc1..aaaa1234","Meridian OCI","Tenancy","USD","2024-10-01T00:00:00Z","2024-09-01T00:00:00Z",NULL,NULL,"Usage",NULL,"Oracle Load Balancer Load Balancer in Australia East (Sydney)","2024-09-16T09:00:00Z","2024-09-16T08:00:00Z",NULL,NULL,NULL,NULL,NULL,NULL,NULL,199.8700000000,"Hours",586.518515,2.9345,445.7540714,"Oracle",644.520789,3.2247,"Standard","USD",199.87,"Hours","Oracle","Oracle","ap-sydney-1","Australia East (Sydney)","ocid1.instance.oc1.ap-sydney-1.00d68c30e4f4",NULL,"Load Balancer","Networking","Oracle Load Balancer","15ONLLEKS8VW832B","Oracle Load Balancer Hours",NULL,"A1KPQURK0RC50B9U.NDFIDOP6","ocid1.compartment.oc1..prod","production","Tenancy","{""cost_center"": ""CC-2042"", ""application"": ""AtlasPortal""}",NULL,"Usage-Based",NULL,"Application Networking",2.9345,445.7540714,3.2247
460.11843936,"123456789012","SunBird","BillingAccount","USD","2024-10-01T00:00:00Z","2024-09-01T00:00:00Z",NULL,NULL,"Usage",NULL,"Amazon Simple Storage Service Bucket in Asia Pacific (Sydney)","2024-09-17T01:00:00Z","2024-09-17T00:00:00Z",NULL,NULL,NULL,NULL,NULL,NULL,NULL,177.9300000000,"GB",479.29004100000003,2.6937,460.11843936,"AWS",489.076191,2.7487,"Standard","USD",177.93,"GB","AWS","AWS","ap-southeast-2","Asia Pacific (Sydney)","arn:aws:ec2:ap-southeast-2:123456789012:instance/i-00e8a62776e1",NULL,"Bucket","Storage","Amazon Simple Storage Service","NN3RMUZ3BI25K63E","Amazon Simple Storage Service GB",NULL,"UYX1X3SW5VVXXBVU.PYIF2HT6","517389287820","Atlas Nimbus","BillingAccount","{""cost_center"": ""CC-3090""}","us-east-1a","Usage-Based",NULL,"Object Storage",2.6937,460.11843936,2.7487
1744.38134742,"01ABCD-2345EF-6789GH","Helios Labs","BillingAccount","USD","2024-10-01T00:00:00Z","2024-09-01T00:00:00Z",NULL,NULL,"Tax",NULL,"Tax charge in Belgium","2024-09-07T21:00:00Z","2024-09-07T20:00:00Z",NULL,NULL,NULL,NULL,NULL,NULL,NULL,NULL,NULL,87.3666210000,NULL,1744.38134742,"Google",61.0258400000,NULL,NULL,"USD",NULL,NULL,"Google","Google",NULL,NULL,NULL,NULL,NULL,"Other","Tax",NULL,NULL,NULL,NULL,"proj-helios-dev","helios-dev","BillingAccount","{""cost_center"": ""CC-1001"", ""owner"": ""a.turing"", ""environment"": ""staging""}",NULL,"One-Time",NULL,"Other (Security)",NULL,1744.38134742,NULL
269.89287808,"8a93b2c1-1234-4abc-9def-0123456789ab","Contoso Cloud","BillingProfile","USD","2024-10-01T00:00:00Z","2024-09-01T00:00:00Z",NULL,NULL,"Usage",NULL,"Virtual Machines Virtual Machine in Southeast Asia","2024-09-22T00:00:00Z","2024-09-21T23:00:00Z",NULL,NULL,NULL,NULL,NULL,NULL,NULL,74.4800000000,"Hours",293.361824,3.9388,269.89287808,"Microsoft",299.350016,4.0192,"Standard","USD",74.48,"Hours","Microsoft","Microsoft","southeastasia","Southeast Asia","/subscriptions/8a93b2c1-1234-4abc-9def-0123456789ab/resourceGroups/rg-293/providers/Microsoft.Compute/virtualMachines/vm-6984",NULL,"Virtual Machine","Compute","Virtual Machines","PLFKSSALM1OSBQFL","Virtual Machines Hours",NULL,"F9CXKW4UDBS4QFIP.JUT0AF9F","sub-2b7c","Staging","BillingProfile","{""business_unit"": ""ViennaAI"", ""team"": ""payments"", ""environment"": ""staging""}",NULL,"Usage-Based",NULL,"Virtual Machines",3.9388,269.89287808,4.0192
170.67559509,"8a93b2c1-1234-4abc-9def-0123456789ab","Contoso Cloud","BillingProfile","USD","2024-10-01T00:00:00Z","2024-09-01T00:00:00Z",NULL,NULL,"Tax",NULL,"Tax charge in West Europe","2024-09-22T11:00:00Z","2024-09-22T10:00:00Z",NULL,NULL,NULL,NULL,NULL,NULL,NULL,NULL,NULL,42.7518970000,NULL,170.67559509,"Microsoft",41.6010740000,NULL,NULL,"USD",NULL,NULL,"Microsoft","Microsoft",NULL,NULL,NULL,NULL,NULL,"Other","Tax",NULL,NULL,NULL,NULL,"sub-2b7c","Staging","BillingProfile",NULL,NULL,"One-Time",NULL,"Other (Security)",NULL,170.67559509,NULL
9.15827264,"8a93b2c1-1234-4abc-9def-0123456789ab","Contoso Cloud","BillingProfile","USD","2024-10-01T00:00:00Z","2024-09-01T00:00:00Z",NULL,NULL,"Usage",NULL,"Azure Kubernetes Service Cluster in West Europe","2024-09-06T12:00:00Z","2024-09-06T11:00:00Z",NULL,NULL,NULL,NULL,NULL,NULL,NULL,12.9700000000,"Hours",10.407128,0.8024,9.15827264,"Microsoft",10.728784000000001,0.8272,"Standard","USD",12.97,"Hours","Microsoft","Microsoft","westeurope","West Europe","/subscriptions/8a93b2c1-1234-4abc-9def-0123456789ab/resourceGroups/rg-582/providers/Microsoft.Compute/virtualMachines/vm-4640",NULL,"Cluster","Compute","Azure Kubernetes Service","T9CK7D987EY0TXKM","Azure Kubernetes Service Hours",NULL,"HGC6JENMUZ9NG2JO.1Z5DTE4F","sub-2b7c","Staging","BillingProfile",NULL,"eastus-1","Usage-Based",NULL,"Containers",0.8024,9.15827264,0.8272
97.0304736,"8a93b2c1-1234-4abc-9def-0123456789ab","Contoso Cloud","BillingProfile","USD","2024-10-01T00:00:00Z","2024-09-01T00:00:00Z",NULL,NULL,"Usage",NULL,"Azure Load Balancer Load Balancer in East US","2024-09-05T22:00:00Z","2024-09-05T21:00:00Z",NULL,NULL,NULL,NULL,NULL,NULL,NULL,145.2900000000,"Hours",151.610115,1.0435,97.0304736,"Microsoft",233.24856599999998,1.6054,"Dynamic","USD",145.29,"Hours","Microsoft","Microsoft","eastus","East US","/subscriptions/8a93b2c1-1234-4abc-9def-0123456789ab/resourceGroups/rg-95/providers/Microsoft.Compute/virtualMachines/vm-5769",NULL,"Load Balancer","Networking","Azure Load Balancer","X1B5EQ74ZWD53WJW","Azure Load Balancer Hours",NULL,"3JOEYNHZBM56EFDU.2BMYND1Z","sub-4d3e","Sandbox","BillingProfile","{""environment"": ""staging""}",NULL,"Usage-Based",NULL,"Application Networking",1.0435,97.0304736,1.6054
1472.78318628,"123456789012","SunBird","BillingAccount","USD","2024-10-01T00:00:00Z","2024-09-01T00:00:00Z",NULL,NULL,"Usage",NULL,"Amazon Elastic Compute Cloud Virtual Machine in Europe (Ireland)","2024-09-26T23:00:00Z","2024-09-26T22:00:00Z","Spend","cd-850479","commit-0479",NULL,"Used","Reserved Instance",NULL,431.3300000000,"Hours",1753.3133169999999,4.0649,1472.78318628,"AWS",2087.292136,4.8392,"Committed","USD",431.33,"Hours","AWS","AWS","eu-west-1","Europe (Ireland)","arn:aws:ec2:eu-west-1:123456789012:instance/i-00e8ce54a903",NULL,"Virtual Machine","Compute","Amazon Elastic Compute Cloud","AB5ERD90MPLNTNBZ","Amazon Elastic Compute Cloud Hours",NULL,"V85SS879MKP3VA5L.J7U8JX9V","663626350770","Zenith Apollo","BillingAccount","{""application"": ""NimbusAPI""}","eu-west-1c","Usage-Based",NULL,"Virtual Machines",4.0649,1472.78318628,4.8392
1104.09369434,"01ABCD-2345EF-6789GH","Helios Labs","BillingAccount","USD","2024-10-01T00:00:00Z","2024-09-01T00:00:00Z",NULL,NULL,"Adjustment",NULL,"Cloud SQL Database Instance in Iowa","2024-09-27T12:00:00Z","2024-09-27T11:00:00Z","Spend","cd-644609","commit-4609",NULL,"Unused","Reserved Instance",NULL,NULL,NULL,1138.240922,2.3842,1104.09369434,"Google",1866.0047260000001,3.9086,"Committed","USD",477.41,"Hours","Google","Google","us-central1","Iowa",NULL,NULL,NULL,"Databases","Cloud SQL","JP8BCQP0Q2X7T00R","Cloud SQL Hours",NULL,"714RGZO5FICZOG3V.WK24ZCHQ","proj-helios-prod","helios-prod","BillingAccount","{""environment"": ""dev"", ""cost_center"": ""CC-2042"", ""team"": ""payments""}",NULL,"One-Time",NULL,"Relational Databases",2.3842,1104.09369434,3.9086
378.68512528,"01ABCD-2345EF-6789GH","Helios Labs","BillingAccount","USD","2024-10-01T00:00:00Z","2024-09-01T00:00:00Z",NULL,NULL,"Usage",NULL,"Compute Engine VM Instance in Iowa","2024-09-12T12:00:00Z","2024-09-12T11:00:00Z",NULL,NULL,NULL,NULL,NULL,NULL,NULL,219.7100000000,"Hours",430.324006,1.9586,378.68512528,"Google",597.677113,2.7203,"Standard","USD",219.71,"Hours","Google","Google","us-central1","Iowa","//compute.googleapis.com/projects/Helios Labs/zones/us-central1-a/instances/inst-8541",NULL,"VM Instance","Compute","Compute Engine","F7KZBVVVRYWQLZ6P","Compute Engine Hours",NULL,"Y6QO52FRBMSRURVW.01BAOAFF","proj-helios-prod","helios-prod","BillingAccount","{""team"": ""infra""}","europe-west1-b","Usage-Based",NULL,"Virtual Machines",1.9586,378.68512528,2.7203
545.51451825,"ocid1.tenancy.oc1..aaaa1234","Meridian OCI","Tenancy","USD","2024-10-01T00:00:00Z","2024-09-01T00:00:00Z",NULL,NULL,"Usage",NULL,"Oracle Object Storage Bucket in US East (Ashburn)","2024-09-07T10:00:00Z","2024-09-07T09:00:00Z","Usage","cd-998881","commit-8881",NULL,"Used","Committed Use Discount",NULL,399.9300000000,"GB",839.253105,2.0985,545.51451825,"Oracle",942.994947,2.3579,"Dynamic","USD",399.93,"GB","Oracle","Oracle","us-ashburn-1","US East (Ashburn)","ocid1.instance.oc1.us-ashburn-1.008ae9fededf",NULL,"Bucket","Storage","Oracle Object Storage","BMQBF0XC8HEM0QBP","Oracle Object Storage GB",NULL,"R7Q9RM43CA0L5VVH.TLWQSY1V","ocid1.compartment.oc1..dev","development","Tenancy","{""environment"": ""prod"", ""cost_center"": ""CC-3090"", ""business_unit"": ""OsloData""}",NULL,"Usage-Based",NULL,"Object Storage",2.0985,545.51451825,2.3579
120.0272742,"8a93b2c1-1234-4abc-9def-0123456789ab","Contoso Cloud","BillingProfile","USD","2024-10-01T00:00:00Z","2024-09-01T00:00:00Z",NULL,NULL,"Usage",NULL,"Virtual Machines Virtual Machine in UK South","2024-09-30T19:00:00Z","2024-09-30T18:00:00Z",NULL,NULL,NULL,NULL,NULL,NULL,NULL,237.3300000000,"Hours",200.045457,0.8429,120.0272742,"Microsoft",200.045457,0.8429,"Standard","USD",237.33,"Hours","Microsoft","Microsoft","uksouth","UK South","/subscriptions/8a93b2c1-1234-4abc-9def-0123456789ab/resourceGroups/rg-397/providers/Microsoft.Compute/virtualMachines/vm-8650",NULL,"Virtual Machine","Compute","Virtual Machines","ULOUH0N9OK1R65FC","Virtual Machines Hours",NULL,"DF2A39GISV2ZEPCR.T9SFSLPU","sub-4d3e","Sandbox","BillingProfile","{""application"": ""AtlasPortal"", ""team"": ""growth"", ""environment"": ""qa""}",NULL,"Usage-Based",NULL,"Virtual Machines",0.8429,120.0272742,0.8429
819.12167848,"8a93b2c1-1234-4abc-9def-0123456789ab","Contoso Cloud","BillingProfile","USD","2024-10-01T00:00:00Z","2024-09-01T00:00:00Z",NULL,NULL,"Usage",NULL,"Azure Functions Function App in West Europe","2024-09-10T03:00:00Z","2024-09-10T02:00:00Z","Spend","cd-701650","commit-1650",NULL,"Used","Committed Use Discount",NULL,404.8400000000,"Executions",952.4670679999999,2.3527,819.12167848,"Microsoft",1443.133148,3.5647,"Committed","USD",404.84,"Executions","Microsoft","Microsoft","westeurope","West Europe","/subscriptions/8a93b2c1-1234-4abc-9def-0123456789ab/resourceGroups/rg-167/providers/Microsoft.Compute/virtualMachines/vm-3464",NULL,"Function App","Compute","Azure Functions","34GFV79IE73C7REA","Azure Functions Executions",NULL,"5HH0HETZQQYFG6PD.3XTLT5N7","sub-4d3e","Sandbox","BillingProfile",NULL,"westeurope-2","Usage-Based",NULL,"Serverless Compute",2.3527,819.12167848,3.5647
649.84193274,"01ABCD-2345EF-6789GH","Helios Labs","BillingAccount","USD","2024-10-01T00:00:00Z","2024-09-01T00:00:00Z",NULL,NULL,"Credit",NULL,"Cloud Load Balancing Forwarding Rule in Belgium","2024-09-22T05:00:00Z","2024-09-22T04:00:00Z","Spend","cd-687535","commit-7535",NULL,"Used","Committed Use Discount",NULL,NULL,NULL,833.1306830000001,2.9777,649.84193274,"Google",1173.4112810000001,4.1939,"Standard","USD",279.79,"Hours","Google","Google","europe-west1","Belgium",NULL,NULL,NULL,"Networking","Cloud Load Balancing","KF9B9KKZ4D0Z0BJ8","Cloud Load Balancing Hours",NULL,"1XN9NX3E0TZ7IGAA.M4AB2CP5","proj-helios-prod","helios-prod","BillingAccount","{""business_unit"": ""ViennaAI""}",NULL,"One-Time",NULL,"Application Networking",2.9777,649.84193274,4.1939
12.86509968,"123456789012","SunBird","BillingAccount","USD","2024-10-01T00:00:00Z","2024-09-01T00:00:00Z",NULL,NULL,"Adjustment",NULL,"Elastic Load Balancing Load Balancer in Asia Pacific (Sydney)","2024-09-19T14:00:00Z","2024-09-19T13:00:00Z","Spend","cd-840610","commit-0610",NULL,"Used","Committed Use Discount",NULL,NULL,NULL,13.983804,0.1244,12.86509968,"AWS",20.57103,0.1830,"Committed","USD",112.41,"LCU-Hours","AWS","AWS","ap-southeast-2","Asia Pacific (Sydney)",NULL,NULL,NULL,"Networking","Elastic Load Balancing","5T820L0WD4SRVZU2","Elastic Load Balancing LCU-Hours",NULL,"I14ZXRF6K6G2R54W.ACMTVIJD","663626350770","Zenith Apollo","BillingAccount","{""cost_center"": ""CC-3090"", ""environment"": ""qa""}",NULL,"One-Time",NULL,"Application Networking",0.1244,12.86509968,0.1830
558.23811472,"ocid1.tenancy.oc1..aaaa1234","Meridian OCI","Tenancy","USD","2024-10-01T00:00:00Z","2024-09-01T00:00:00Z",NULL,NULL,"Usage",NULL,"Oracle Object Storage Bucket in UK South (London)","2024-09-03T12:00:00Z","2024-09-03T11:00:00Z",NULL,NULL,NULL,NULL,NULL,NULL,NULL,194.4800000000,"GB",833.191216,4.2842,558.23811472,"Oracle",925.763696,4.7602,"Other","USD",194.48,"GB","Oracle","Oracle","uk-london-1","UK South (London)","ocid1.instance.oc1.uk-london-1.00d9ffb21dfe",NULL,"Bucket","Storage","Oracle Object Storage","C3QCYOVF16VJJR3Z","Oracle Object Storage GB",NULL,"4XHIV9M4BDWNZ0NM.I51ONQIJ","ocid1.compartment.oc1..prod","production","Tenancy","{""environment"": ""prod""}",NULL,"Usage-Based",NULL,"Object Storage",4.2842,558.23811472,4.7602
158.6645596,"01ABCD-2345EF-6789GH","Helios Labs","BillingAccount","USD","2024-10-01T00:00:00Z","2024-09-01T00:00:00Z",NULL,NULL,"Usage",NULL,"Cloud Load Balancing Forwarding Rule in Northern Virginia","2024-09-23T05:00:00Z","2024-09-23T04:00:00Z","Spend","cd-344399","commit-4399",NULL,"Unused","Committed Use Discount",NULL,NULL,NULL,191.16212000000002,0.7688,158.6645596,"Google",219.73200500000002,0.8837,"Standard","USD",248.65,"Hours","Google","Google","us-east4","Northern Virginia","//compute.googleapis.com/projects/Helios Labs/zones/us-east4-a/instances/inst-8867",NULL,"Forwarding Rule","Networking","Cloud Load Balancing","2ARMMOMH86N8RXZF","Cloud Load Balancing Hours",NULL,"IX59AR3O2G7XH40Y.8BYSXWTT","proj-helios-prod","helios-prod","BillingAccount","{""owner"": ""k.johnson"", ""application"": ""BrightSourceCore"", ""cost_center"": ""CC-3090""}","us-central1-a","Usage-Based",NULL,"Application Networking",0.7688,158.6645596,0.8837
156.87713724,"123456789012","SunBird","BillingAccount","USD","2024-10-01T00:00:00Z","2024-09-01T00:00:00Z",NULL,NULL,"Usage",NULL,"Amazon Relational Database Service Database Instance in Asia Pacific (Sydney)","2024-09-30T18:00:00Z","2024-09-30T17:00:00Z",NULL,NULL,NULL,NULL,NULL,NULL,NULL,310.3700000000,"Hours",214.900188,0.6924,156.87713724,"AWS",244.19911600000003,0.7868,"Dynamic","USD",310.37,"Hours","AWS","AWS","ap-southeast-2","Asia Pacific (Sydney)","arn:aws:ec2:ap-southeast-2:123456789012:instance/i-004be65999e9",NULL,"Database Instance","Databases","Amazon Relational Database Service","QI79NCO337NNFXBP","Amazon Relational Database Service Hours",NULL,"KG6X0WXFBIVAZ117.ZCZ3OT50","663626350770","Zenith Apollo","BillingAccount","{""environment"": ""qa"", ""cost_center"": ""CC-3090""}",NULL,"Usage-Based",NULL,"Relational Databases",0.6924,156.87713724,0.7868
1110.26025918,"123456789012","SunBird","BillingAccount","USD","2024-10-01T00:00:00Z","2024-09-01T00:00:00Z",NULL,NULL,"Usage",NULL,"Amazon Relational Database Service Database Instance in Asia Pacific (Sydney)","2024-09-07T02:00:00Z","2024-09-07T01:00:00Z",NULL,NULL,NULL,NULL,NULL,NULL,NULL,307.8200000000,"Hours",1370.691678,4.4529,1110.26025918,"AWS",1370.691678,4.4529,"Other","USD",307.82,"Hours","AWS","AWS","ap-southeast-2","Asia Pacific (Sydney)","arn:aws:ec2:ap-southeast-2:123456789012:instance/i-00316f8e8332",NULL,"Database Instance","Databases","Amazon Relational Database Service","UWZP2SN0OQVSAM9W","Amazon Relational Database Service Hours",NULL,"US0X1XME4D65NCDJ.FBJ3NYYO","517389287820","Atlas Nimbus","BillingAccount",NULL,"us-west-2b","Usage-Based",NULL,"Relational Databases",4.4529,1110.26025918,4.4529
220.8423784,"8a93b2c1-1234-4abc-9def-0123456789ab","Contoso Cloud","BillingProfile","USD","2024-10-01T00:00:00Z","2024-09-01T00:00:00Z",NULL,NULL,"Usage",NULL,"Azure SQL Database SQL Database in UK South","2024-09-20T17:00:00Z","2024-09-20T16:00:00Z",NULL,NULL,NULL,NULL,NULL,NULL,NULL,85.0100000000,"Hours",276.052973,3.2473,220.8423784,"Microsoft",310.167486,3.6486,"Standard","USD",85.01,"Hours","Microsoft","Microsoft","uksouth","UK South","/subscriptions/8a93b2c1-1234-4abc-9def-0123456789ab/resourceGroups/rg-222/providers/Microsoft.Compute/virtualMachines/vm-1197",NULL,"SQL Database","Databases","Azure SQL Database","CAT971ZB2NJ0TT29","Azure SQL Database Hours",NULL,"M46WXRF41DBM5G0S.X9GASW5P","sub-4d3e","Sandbox","BillingProfile","{""team"": ""infra""}","eastus-1","Usage-Based",NULL,"Relational Databases",3.2473,220.8423784,3.6486
377.5015468,"ocid1.tenancy.oc1..aaaa1234","Meridian OCI","Tenancy","USD","2024-10-01T00:00:00Z","2024-09-01T00:00:00Z",NULL,NULL,"Usage",NULL,"Oracle Functions Function in Australia East (Sydney)","2024-09-11T22:00:00Z","2024-09-11T21:00:00Z","Usage","cd-908444","commit-8444",NULL,"Used","Reserved Instance",NULL,480.2000000000,"Invocations",460.36773999999997,0.9587,377.5015468,"Oracle",561.40182,1.1691,"Other","USD",480.20,"Invocations","Oracle","Oracle","ap-sydney-1","Australia East (Sydney)","ocid1.instance.oc1.ap-sydney-1.008b05f161e2",NULL,"Function","Compute","Oracle Functions","2F786P2RPQWCZ6UN","Oracle Functions Invocations",NULL,"6CZKUDJPC6YRZKQO.TOWQ7ZVL","ocid1.compartment.oc1..dev","development","Tenancy","{""team"": ""platform"", ""business_unit"": ""MarseilleSRE""}","uk-london-1-AD-2","Usage-Based",NULL,"Serverless Compute",0.9587,377.5015468,1.1691
6.1072384,"8a93b2c1-1234-4abc-9def-0123456789ab","Contoso Cloud","BillingProfile","USD","2024-10-01T00:00:00Z","2024-09-01T00:00:00Z",NULL,NULL,"Usage",NULL,"Virtual Machines Virtual Machine in Southeast Asia","2024-09-02T09:00:00Z","2024-09-02T08:00:00Z",NULL,NULL,NULL,NULL,NULL,NULL,NULL,2.5600000000,"Hours",6.428672000000001,2.5112,6.1072384,"Microsoft",6.987776,2.7296,"Standard","USD",2.56,"Hours","Microsoft","Microsoft","southeastasia","Southeast Asia","/subscriptions/8a93b2c1-1234-4abc-9def-0123456789ab/resourceGroups/rg-56/providers/Microsoft.Compute/virtualMachines/vm-1388",NULL,"Virtual Machine","Compute","Virtual Machines","31HF1FLLHVCPZUW9","Virtual Machines Hours",NULL,"06ECCTHU7ONNXI80.ZAGO6UUA","sub-2b7c","Staging","BillingProfile","{""application"": ""BrightLensMatrix"", ""business_unit"": ""MarseilleSRE""}","westeurope-2","Usage-Based",NULL,"Virtual Machines",2.5112,6.1072384,2.7296
93.791978,"8a93b2c1-1234-4abc-9def-0123456789ab","Contoso Cloud","BillingProfile","USD","2024-10-01T00:00:00Z","2024-09-01T00:00:00Z",NULL,NULL,"Usage","Correction","Azure Functions Function App in Southeast Asia","2024-09-09T06:00:00Z","2024-09-09T05:00:00Z","Spend","cd-668304","commit-8304",NULL,"Used","Savings Plan",NULL,34.3000000000,"Executions",99.77869999999999,2.9090,93.791978,"Microsoft",146.73197,4.2779,"Standard","USD",34.30,"Executions","Microsoft","Microsoft","southeastasia","Southeast Asia","/subscriptions/8a93b2c1-1234-4abc-9def-0123456789ab/resourceGroups/rg-795/providers/Microsoft.Compute/virtualMachines/vm-8061",NULL,"Function App","Compute","Azure Functions","CWVHGO082F615E4A","Azure Functions Executions",NULL,"8ATJNK9XB5G1FJON.IEMRWKIC","sub-2b7c","Staging","BillingProfile","{""application"": ""BrightLensMatrix"", ""cost_center"": ""CC-1001"", ""business_unit"": ""LisbonOps""}",NULL,"Usage-Based",NULL,"Serverless Compute",2.9090,93.791978,4.2779
556.879306,"01ABCD-2345EF-6789GH","Helios Labs","BillingAccount","USD","2024-10-01T00:00:00Z","2024-09-01T00:00:00Z",NULL,NULL,"Purchase",NULL,"Compute Engine VM Instance in Iowa","2024-09-21T10:00:00Z","2024-09-21T09:00:00Z",NULL,NULL,NULL,NULL,NULL,NULL,NULL,NULL,NULL,556.879306,2.2453,0,"Google",647.530616,2.6108,"Dynamic","USD",248.02,"Hours","Google","Google","us-central1","Iowa","//compute.googleapis.com/projects/Helios Labs/zones/us-central1-a/instances/inst-9993",NULL,"VM Instance","Compute","Compute Engine","CODYXE1U5FKHH91D","Compute Engine Hours",NULL,"E8FHIOOMDLUW65ID.1JOHSV19","proj-helios-prod","helios-prod","BillingAccount","{""team"": ""platform"", ""application"": ""BrightSourceCore""}",NULL,"Recurring",NULL,"Virtual Machines",2.2453,0,2.6108
23.14207269,"123456789012","SunBird","BillingAccount","USD","2024-10-01T00:00:00Z","2024-09-01T00:00:00Z",NULL,NULL,"Usage",NULL,"Amazon Elastic Compute Cloud Virtual Machine in Asia Pacific (Sydney)","2024-09-05T15:00:00Z","2024-09-05T14:00:00Z","Spend","cd-168264","commit-8264",NULL,"Used","Reserved Instance",NULL,24.2100000000,"Hours",34.540407,1.4267,23.14207269,"AWS",34.889031,1.4411,"Committed","USD",24.21,"Hours","AWS","AWS","ap-southeast-2","Asia Pacific (Sydney)","arn:aws:ec2:ap-southeast-2:123456789012:instance/i-00320f1d246b",NULL,"Virtual Machine","Compute","Amazon Elastic Compute Cloud","9AQQ0C8E5GQC9PR1","Amazon Elastic Compute Cloud Hours",NULL,"UQRWBZAV6C0I3QVZ.19O8WC5Q","663626350770","Zenith Apollo","BillingAccount","{""cost_center"": ""CC-1001""}","eu-west-1c","Usage-Based",NULL,"Virtual Machines",1.4267,23.14207269,1.4411
399.9067897,"01ABCD-2345EF-6789GH","Helios Labs","BillingAccount","USD","2024-10-01T00:00:00Z","2024-09-01T00:00:00Z",NULL,NULL,"Usage",NULL,"Compute Engine VM Instance in Singapore","2024-09-29T10:00:00Z","2024-09-29T09:00:00Z",NULL,NULL,NULL,NULL,NULL,NULL,NULL,310.1500000000,"Hours",465.00789499999996,1.4993,399.9067897,"Google",704.5367399999999,2.2716,"Standard","USD",310.15,"Hours","Google","Google","asia-southeast1","Singapore","//compute.googleapis.com/projects/Helios Labs/zones/asia-southeast1-a/instances/inst-8948",NULL,"VM Instance","Compute","Compute Engine","8S3ZYFWMCGZS5I7Z","Compute Engine Hours",NULL,"H4SY7UAIYI2YFHYY.I8Z1AMT7","proj-helios-prod","helios-prod","BillingAccount",NULL,NULL,"Usage-Based",NULL,"Virtual Machines",1.4993,399.9067897,2.2716
516.954543,"01ABCD-2345EF-6789GH","Helios Labs","BillingAccount","USD","2024-10-01T00:00:00Z","2024-09-01T00:00:00Z",NULL,NULL,"Usage",NULL,"BigQuery Dataset in Northern Virginia","2024-09-28T19:00:00Z","2024-09-28T18:00:00Z",NULL,NULL,NULL,NULL,NULL,NULL,NULL,189.2500000000,"GiB",555.8651,2.9372,516.954543,"Google",794.093,4.1960,"Standard","USD",189.25,"GiB","Google","Google","us-east4","Northern Virginia","//compute.googleapis.com/projects/Helios Labs/zones/us-east4-a/instances/inst-6783",NULL,"Dataset","Analytics","BigQuery","FJUJRLMVJVYCA7U7","BigQuery GiB",NULL,"TYE2LGXDVJAXOVMF.MH6RX0BV","proj-helios-dev","helios-dev","BillingAccount",NULL,NULL,"Usage-Based",NULL,"Data Warehouses",2.9372,516.954543,4.1960
117.7819008,"8a93b2c1-1234-4abc-9def-0123456789ab","Contoso Cloud","BillingProfile","USD","2024-10-01T00:00:00Z","2024-09-01T00:00:00Z",NULL,NULL,"Usage",NULL,"Azure SQL Database SQL Database in West Europe","2024-09-07T10:00:00Z","2024-09-07T09:00:00Z",NULL,NULL,NULL,NULL,NULL,NULL,NULL,61.8000000000,"Hours",121.42464,1.9648,117.7819008,"Microsoft",186.80285999999998,3.0227,"Other","USD",61.80,"Hours","Microsoft","Microsoft","westeurope","West Europe","/subscriptions/8a93b2c1-1234-4abc-9def-0123456789ab/resourceGroups/rg-589/providers/Microsoft.Compute/virtualMachines/vm-9853",NULL,"SQL Database","Databases","Azure SQL Database","6OQM348JTCJGH17J","Azure SQL Database Hours",NULL,"OFN57F6GACYJTK0W.371NVX64","sub-9a1f","Production","BillingProfile","{""environment"": ""prod"", ""application"": ""AtlasPortal"", ""business_unit"": ""ViennaAI""}",NULL,"Usage-Based",NULL,"Relational Databases",1.9648,117.7819008,3.0227
576.8897562,"01ABCD-2345EF-6789GH","Helios Labs","BillingAccount","USD","2024-10-01T00:00:00Z","2024-09-01T00:00:00Z",NULL,NULL,"Adjustment",NULL,"Cloud SQL Database Instance in Belgium","2024-09-10T03:00:00Z","2024-09-10T02:00:00Z","Spend","cd-617986","commit-7986",NULL,"Unused","Savings Plan",NULL,NULL,NULL,640.988618,2.4527,576.8897562,"Google",696.7324399999999,2.6660,"Committed","USD",261.34,"Hours","Google","Google","europe-west1","Belgium",NULL,NULL,NULL,"Databases","Cloud SQL","MUHE379L9BVCPQVX","Cloud SQL Hours",NULL,"O97L64KAQ2Z41YYC.8I885TU6","proj-helios-dev","helios-dev","BillingAccount","{""environment"": ""staging""}",NULL,"One-Time",NULL,"Relational Databases",2.4527,576.8897562,2.6660
758.0788454,"123456789012","SunBird","BillingAccount","USD","2024-10-01T00:00:00Z","2024-09-01T00:00:00Z",NULL,NULL,"Usage",NULL,"AWS Lambda Function in US West (Oregon)","2024-09-27T17:00:00Z","2024-09-27T16:00:00Z",NULL,NULL,NULL,NULL,NULL,NULL,NULL,342.0100000000,"Requests",997.472165,2.9165,758.0788454,"AWS",1404.908678,4.1078,"Standard","USD",342.01,"Requests","AWS","AWS","us-west-2","US West (Oregon)","arn:aws:ec2:us-west-2:123456789012:instance/i-0037addfd78d",NULL,"Function","Compute","AWS Lambda","GC4SFQQOAHAYFRSW","AWS Lambda Requests",NULL,"JYTW3TRNNE4GHXOO.PR2K13BF","517389287820","Atlas Nimbus","BillingAccount",NULL,"us-west-2b","Usage-Based",NULL,"Serverless Compute",2.9165,758.0788454,4.1078
346.0397996,"123456789012","SunBird","BillingAccount","USD","2024-10-01T00:00:00Z","2024-09-01T00:00:00Z",NULL,NULL,"Usage",NULL,"AWS Lambda Function in US West (Oregon)","2024-09-13T22:00:00Z","2024-09-13T21:00:00Z","Usage","cd-953250","commit-3250",NULL,"Used","Committed Use Discount",NULL,299.8300000000,"Requests",393.22704500000003,1.3115,346.0397996,"AWS",546.1403449999999,1.8215,"Committed","USD",299.83,"Requests","AWS","AWS","us-west-2","US West (Oregon)","arn:aws:ec2:us-west-2:123456789012:instance/i-003469f53ae6",NULL,"Function","Compute","AWS Lambda","XJ5QN31O6I5SCNNH","AWS Lambda Requests",NULL,"KKLOUQ9C2AS2NHT7.NZ93T345","663626350770","Zenith Apollo","BillingAccount","{""cost_center"": ""CC-3090"", ""application"": ""NimbusAPI"", ""team"": ""platform""}",NULL,"Usage-Based",NULL,"Serverless Compute",1.3115,346.0397996,1.8215
1.73457375,"123456789012","SunBird","BillingAccount","USD","2024-10-01T00:00:00Z","2024-09-01T00:00:00Z",NULL,NULL,"Usage",NULL,"Amazon Simple Queue Service Queue in US East (N. Virginia)","2024-09-18T05:00:00Z","2024-09-18T04:00:00Z",NULL,NULL,NULL,NULL,NULL,NULL,NULL,201.1100000000,"Requests",2.312765,0.0115,1.73457375,"AWS",3.7808680000000003,0.0188,"Standard","USD",201.11,"Requests","AWS","AWS","us-east-1","US East (N. Virginia)","arn:aws:ec2:us-east-1:123456789012:instance/i-003f22b4572a",NULL,"Queue","Integration","Amazon Simple Queue Service","HL8IHN608K49Q2I1","Amazon Simple Queue Service Requests",NULL,"QNNMATX1KCZZZCR8.WOGLMQQN","517389287820","Atlas Nimbus","BillingAccount",NULL,NULL,"Usage-Based",NULL,"Messaging",0.0115,1.73457375,0.0188
121.82990000000001,"01ABCD-2345EF-6789GH","Helios Labs","BillingAccount","USD","2024-10-01T00:00:00Z","2024-09-01T00:00:00Z",NULL,NULL,"Purchase",NULL,"Cloud Functions Function in Iowa","2024-09-23T06:00:00Z","2024-09-23T05:00:00Z",NULL,NULL,NULL,NULL,NULL,NULL,NULL,NULL,NULL,121.82990000000001,0.6932,0,"Google",135.36265,0.7702,"Dynamic","USD",175.75,"Invocations","Google","Google","us-central1","Iowa","//compute.googleapis.com/projects/Helios Labs/zones/us-central1-a/instances/inst-2623",NULL,"Function","Compute","Cloud Functions","OYQ7GF0VWX9XQKEP","Cloud Functions Invocations",NULL,"5MGN0MZV5L5Z3175.45XNX91E","proj-helios-prod","helios-prod","BillingAccount","{""cost_center"": ""CC-2042"", ""application"": ""BrightLensMatrix""}",NULL,"Recurring",NULL,"Serverless Compute",0.6932,0,0.7702
1565.24856384,"01ABCD-2345EF-6789GH","Helios Labs","BillingAccount","USD","2024-10-01T00:00:00Z","2024-09-01T00:00:00Z",NULL,NULL,"Usage",NULL,"Compute Engine VM Instance in Northern Virginia","2024-09-26T10:00:00Z","2024-09-26T09:00:00Z",NULL,NULL,NULL,NULL,NULL,NULL,NULL,387.2200000000,"Hours",1908.839712,4.9296,1565.24856384,"Google",1928.123268,4.9794,"Standard","USD",387.22,"Hours","Google","Google","us-east4","Northern Virginia","//compute.googleapis.com/projects/Helios Labs/zones/us-east4-a/instances/inst-3865",NULL,"VM Instance","Compute","Compute Engine","5ZHXBCGEFOGVT7AT","Compute Engine Hours",NULL,"SLM0Q5KEQAFA7ZGY.Q3BTFV4O","proj-helios-dev","helios-dev","BillingAccount","{""team"": ""payments"", ""environment"": ""dev""}",NULL,"Usage-Based",NULL,"Virtual Machines",4.9296,1565.24856384,4.9794
151.3048842,"123456789012","SunBird","BillingAccount","USD","2024-10-01T00:00:00Z","2024-09-01T00:00:00Z",NULL,NULL,"Usage",NULL,"Amazon Simple Queue Service Queue in Asia Pacific (Sydney)","2024-09-25T11:00:00Z","2024-09-25T10:00:00Z","Spend","cd-939871","commit-9871",NULL,"Unused","Reserved Instance",NULL,NULL,NULL,173.91366,0.8985,151.3048842,"AWS",175.67505599999998,0.9076,"Standard","USD",193.56,"Requests","AWS","AWS","ap-southeast-2","Asia Pacific (Sydney)","arn:aws:ec2:ap-southeast-2:123456789012:instance/i-007457174bbb",NULL,"Queue","Integration","Amazon Simple Queue Service","6Y2KRX4GXX2MK53A","Amazon Simple Queue Service Requests",NULL,"HHVTG35NL0A16V06.9890EC7V","663626350770","Zenith Apollo","BillingAccount",NULL,"us-west-2b","Usage-Based",NULL,"Messaging",0.8985,151.3048842,0.9076
990.6629868,"ocid1.tenancy.oc1..aaaa1234","Meridian OCI","Tenancy","USD","2024-10-01T00:00:00Z","2024-09-01T00:00:00Z",NULL,NULL,"Usage",NULL,"Oracle Object Storage Bucket in UK South (London)","2024-09-21T11:00:00Z","2024-09-21T10:00:00Z",NULL,NULL,NULL,NULL,NULL,NULL,NULL,474.4500000000,"GB",1303.5039299999999,2.7474,990.6629868,"Oracle",2172.5065499999996,4.5790,"Standard","USD",474.45,"GB","Oracle","Oracle","uk-london-1","UK South (London)","ocid1.instance.oc1.uk-london-1.00961f6aacdc",NULL,"Bucket","Storage","Oracle Object Storage","1WZQV72YYQQ2FWWP","Oracle Object Storage GB",NULL,"R2QUCIQBXP25KA9R.7ZUOQVBP","ocid1.compartment.oc1..dev","development","Tenancy","{""team"": ""payments""}","uk-london-1-AD-2","Usage-Based",NULL,"Object Storage",2.7474,990.6629868,4.5790
254.35376,"01ABCD-2345EF-6789GH","Helios Labs","BillingAccount","USD","2024-10-01T00:00:00Z","2024-09-01T00:00:00Z",NULL,NULL,"Usage",NULL,"Cloud SQL Database Instance in Iowa","2024-09-23T10:00:00Z","2024-09-23T09:00:00Z","Spend","cd-297644","commit-7644",NULL,"Used","Committed Use Discount",NULL,107.9600000000,"Hours",334.676,3.1000,254.35376,"Google",393.73011999999994,3.6470,"Committed","USD",107.96,"Hours","Google","Google","us-central1","Iowa","//compute.googleapis.com/projects/Helios Labs/zones/us-central1-a/instances/inst-2902",NULL,"Database Instance","Databases","Cloud SQL","WAYNLQBUGCJ0X7O8","Cloud SQL Hours",NULL,"21NMSZ3R1RZ1CPNI.5M4QHVJD","proj-helios-dev","helios-dev","BillingAccount","{""team"": ""growth"", ""business_unit"": ""ViennaAI"", ""application"": ""NimbusAPI""}","us-central1-a","Usage-Based",NULL,"Relational Databases",3.1000,254.35376,3.6470
82.4017593,"01ABCD-2345EF-6789GH","Helios Labs","BillingAccount","USD","2024-10-01T00:00:00Z","2024-09-01T00:00:00Z",NULL,NULL,"Usage",NULL,"Compute Engine VM Instance in Iowa","2024-09-01T22:00:00Z","2024-09-01T21:00:00Z",NULL,NULL,NULL,NULL,NULL,NULL,NULL,22.4700000000,"Hours",86.738694,3.8602,82.4017593,"Google",90.35186999999999,4.0210,"Dynamic","USD",22.47,"Hours","Google","Google","us-central1","Iowa","//compute.googleapis.com/projects/Helios Labs/zones/us-central1-a/instances/inst-457",NULL,"VM Instance","Compute","Compute Engine","B1FQQNU2XR47NVBW","Compute Engine Hours",NULL,"L0CL3BZ74V14D4F8.HKLPZGNH","proj-helios-prod","helios-prod","BillingAccount","{""business_unit"": ""LisbonOps"", ""cost_center"": ""CC-3090"", ""team"": ""infra""}","us-central1-a","Usage-Based",NULL,"Virtual Machines",3.8602,82.4017593,4.0210
1979.5247034,"8a93b2c1-1234-4abc-9def-0123456789ab","Contoso Cloud","BillingProfile","USD","2024-10-01T00:00:00Z","2024-09-01T00:00:00Z",NULL,NULL,"Usage",NULL,"Azure Kubernetes Service Cluster in UK South","2024-09-16T13:00:00Z","2024-09-16T12:00:00Z","Spend","cd-317161","commit-7161",NULL,"Unused","Savings Plan",NULL,NULL,NULL,2224.18506,4.6078,1979.5247034,"Microsoft",2316.86346,4.7998,"Committed","USD",482.70,"Hours","Microsoft","Microsoft","uksouth","UK South","/subscriptions/8a93b2c1-1234-4abc-9def-0123456789ab/resourceGroups/rg-928/providers/Microsoft.Compute/virtualMachines/vm-1668",NULL,"Cluster","Compute","Azure Kubernetes Service","ZXHB1RC5C37N8T27","Azure Kubernetes Service Hours",NULL,"R6MAOQ7W3N1VSASQ.I4L6DAMH","sub-2b7c","Staging","BillingProfile","{""application"": ""BrightLensMatrix"", ""business_unit"": ""LisbonOps""}",NULL,"Usage-Based",NULL,"Containers",4.6078,1979.5247034,4.7998
357.9987216,"8a93b2c1-1234-4abc-9def-0123456789ab","Contoso Cloud","BillingProfile","USD","2024-10-01T00:00:00Z","2024-09-01T00:00:00Z",NULL,NULL,"Credit",NULL,"Azure Load Balancer Load Balancer in UK South","2024-09-11T12:00:00Z","2024-09-11T11:00:00Z",NULL,NULL,NULL,NULL,NULL,NULL,NULL,NULL,NULL,447.49840199999994,1.8174,357.9987216,"Microsoft",639.2869489999999,2.5963,"Dynamic","USD",246.23,"Hours","Microsoft","Microsoft","uksouth","UK South",NULL,NULL,NULL,"Networking","Azure Load Balancer","NBMLC3X1AVJ1DHXK","Azure Load Balancer Hours",NULL,"NCIZYMOBKPWZWQAP.B2HWRDL3","sub-2b7c","Staging","BillingProfile","{""application"": ""AtlasPortal"", ""cost_center"": ""CC-3090""}",NULL,"One-Time",NULL,"Application Networking",1.8174,357.9987216,2.5963
926.16380496,"8a93b2c1-1234-4abc-9def-0123456789ab","Contoso Cloud","BillingProfile","USD","2024-10-01T00:00:00Z","2024-09-01T00:00:00Z",NULL,NULL,"Usage",NULL,"Virtual Machines Virtual Machine in East US","2024-09-27T20:00:00Z","2024-09-27T19:00:00Z",NULL,NULL,NULL,NULL,NULL,NULL,NULL,279.2200000000,"Hours",1286.3386180000002,4.6069,926.16380496,"Microsoft",1286.3386180000002,4.6069,"Standard","USD",279.22,"Hours","Microsoft","Microsoft","eastus","East US","/subscriptions/8a93b2c1-1234-4abc-9def-0123456789ab/resourceGroups/rg-202/providers/Microsoft.Compute/virtualMachines/vm-2593",NULL,"Virtual Machine","Compute","Virtual Machines","CPDWT7S2N7W252N7","Virtual Machines Hours",NULL,"JRVUP7GXF8K5JM6I.1RIWG6VL","sub-9a1f","Production","BillingProfile","{""environment"": ""dev"", ""application"": ""BrightLensMatrix"", ""team"": ""growth""}",NULL,"Usage-Based",NULL,"Virtual Machines",4.6069,926.16380496,4.6069
173.0372756,"01ABCD-2345EF-6789GH","Helios Labs","BillingAccount","USD","2024-10-01T00:00:00Z","2024-09-01T00:00:00Z",NULL,NULL,"Usage",NULL,"Cloud Load Balancing Forwarding Rule in Northern Virginia","2024-09-23T13:00:00Z","2024-09-23T12:00:00Z",NULL,NULL,NULL,NULL,NULL,NULL,NULL,168.2800000000,"Hours",279.09238,1.6585,173.0372756,"Google",284.780244,1.6923,"Standard","USD",168.28,"Hours","Google","Google","us-east4","Northern Virginia","//compute.googleapis.com/projects/Helios Labs/zones/us-east4-a/instances/inst-1068",NULL,"Forwarding Rule","Networking","Cloud Load Balancing","AS69SHUB6IQS0SCP","Cloud Load Balancing Hours",NULL,"VB20XWWNXV66ED6I.J22VT225","proj-helios-dev","helios-dev","BillingAccount","{""owner"": ""k.johnson"", ""cost_center"": ""CC-2042"", ""business_unit"": ""LisbonOps""}","asia-southeast1-c","Usage-Based",NULL,"Application Networking",1.6585,173.0372756,1.6923
139.3781484,"01ABCD-2345EF-6789GH","Helios Labs","BillingAccount","USD","2024-10-01T00:00:00Z","2024-09-01T00:00:00Z",NULL,NULL,"Tax",NULL,"Tax charge in Belgium","2024-09-13T03:00:00Z","2024-09-13T02:00:00Z",NULL,NULL,NULL,NULL,NULL,NULL,NULL,NULL,NULL,49.3459810000,NULL,139.3781484,"Google",71.0694840000,NULL,NULL,"USD",NULL,NULL,"Google","Google",NULL,NULL,NULL,NULL,NULL,"Other","Tax",NULL,NULL,NULL,NULL,"proj-helios-dev","helios-dev","BillingAccount","{""cost_center"": ""CC-3090"", ""team"": ""platform""}",NULL,"One-Time",NULL,"Other (Security)",NULL,139.3781484,NULL
872.7924096,"01ABCD-2345EF-6789GH","Helios Labs","BillingAccount","USD","2024-10-01T00:00:00Z","2024-09-01T00:00:00Z",NULL,NULL,"Tax",NULL,"Tax charge in Singapore","2024-09-25T07:00:00Z","2024-09-25T06:00:00Z",NULL,NULL,NULL,NULL,NULL,NULL,NULL,NULL,NULL,65.8991030000,NULL,872.7924096,"Google",48.8578950000,NULL,NULL,"USD",NULL,NULL,"Google","Google",NULL,NULL,NULL,NULL,NULL,"Other","Tax",NULL,NULL,NULL,NULL,"proj-helios-dev","helios-dev","BillingAccount","{""owner"": ""k.johnson""}",NULL,"One-Time",NULL,"Other (Security)",NULL,872.7924096,NULL
662.66391978,"8a93b2c1-1234-4abc-9def-0123456789ab","Contoso Cloud","BillingProfile","USD","2024-10-01T00:00:00Z","2024-09-01T00:00:00Z",NULL,NULL,"Usage",NULL,"Azure SQL Database SQL Database in Southeast Asia","2024-09-10T11:00:00Z","2024-09-10T10:00:00Z","Spend","cd-415753","commit-5753",NULL,"Used","Reserved Instance",NULL,388.2600000000,"Hours",744.566202,1.9177,662.66391978,"Microsoft",836.583822,2.1547,"Standard","USD",388.26,"Hours","Microsoft","Microsoft","southeastasia","Southeast Asia","/subscriptions/8a93b2c1-1234-4abc-9def-0123456789ab/resourceGroups/rg-225/providers/Microsoft.Compute/virtualMachines/vm-9726",NULL,"SQL Database","Databases","Azure SQL Database","MRG5DDVSXV9PSWWV","Azure SQL Database Hours",NULL,"X1LH19NNX4006D9W.ATFB60DS","sub-4d3e","Sandbox","BillingProfile","{""team"": ""payments"", ""owner"": ""a.lovelace"", ""business_unit"": ""OsloData""}",NULL,"Usage-Based",NULL,"Relational Databases",1.9177,662.66391978,2.1547
127.11106199999999,"123456789012","SunBird","BillingAccount","USD","2024-10-01T00:00:00Z","2024-09-01T00:00:00Z",NULL,NULL,"Purchase",NULL,"Amazon Simple Queue Service Queue in US East (N. Virginia)","2024-09-15T02:00:00Z","2024-09-15T01:00:00Z",NULL,NULL,NULL,NULL,NULL,NULL,NULL,NULL,NULL,127.11106199999999,0.3319,0,"AWS",179.04315000000003,0.4675,"Standard","USD",382.98,"Requests","AWS","AWS","us-east-1","US East (N. Virginia)","arn:aws:ec2:us-east-1:123456789012:instance/i-009d51b14537",NULL,"Queue","Integration","Amazon Simple Queue Service","768WBFCXX9MFFGXN","Amazon Simple Queue Service Requests",NULL,"LCKZSDCMPN1P5CLA.P8927KE9","438839167390","Zenith Eclipse","BillingAccount","{""application"": ""BrightSourceCore"", ""cost_center"": ""CC-1001""}",NULL,"Recurring",NULL,"Messaging",0.3319,0,0.4675
714.1916061,"8a93b2c1-1234-4abc-9def-0123456789ab","Contoso Cloud","BillingProfile","USD","2024-10-01T00:00:00Z","2024-09-01T00:00:00Z",NULL,NULL,"Usage",NULL,"Azure Functions Function App in Southeast Asia","2024-09-20T05:00:00Z","2024-09-20T04:00:00Z",NULL,NULL,NULL,NULL,NULL,NULL,NULL,386.4600000000,"Executions",751.780638,1.9453,714.1916061,"Microsoft",835.294644,2.1614,"Dynamic","USD",386.46,"Executions","Microsoft","Microsoft","southeastasia","Southeast Asia","/subscriptions/8a93b2c1-1234-4abc-9def-0123456789ab/resourceGroups/rg-246/providers/Microsoft.Compute/virtualMachines/vm-111",NULL,"Function App","Compute","Azure Functions","Z1S4RJ0TRBQ39MK5","Azure Functions Executions",NULL,"10P2U7F942TRKTY7.2FTQYNVP","sub-2b7c","Staging","BillingProfile","{""application"": ""AtlasPortal"", ""cost_center"": ""CC-3090"", ""environment"": ""prod""}","eastus-1","Usage-Based",NULL,"Serverless Compute",1.9453,714.1916061,2.1614
492.8290640000001,"01ABCD-2345EF-6789GH","Helios Labs","BillingAccount","USD","2024-10-01T00:00:00Z","2024-09-01T00:00:00Z",NULL,NULL,"Purchase",NULL,"Cloud SQL Database Instance in Northern Virginia","2024-09-14T07:00:00Z","2024-09-14T06:00:00Z","Spend","cd-711672","commit-1672",NULL,"Unused","Committed Use Discount",NULL,NULL,NULL,492.8290640000001,3.5308,0,"Google",657.100766,4.7077,"Committed","USD",139.58,"Hours","Google","Google","us-east4","Northern Virginia","//compute.googleapis.com/projects/Helios Labs/zones/us-east4-a/instances/inst-8019",NULL,"Database Instance","Databases","Cloud SQL","JPIRY95ILDO3NO59","Cloud SQL Hours",NULL,"RDYEN605T7U56PDQ.VUYU2ZX3","proj-helios-dev","helios-dev","BillingAccount","{""team"": ""platform"", ""owner"": ""a.lovelace"", ""cost_center"": ""CC-3090""}",NULL,"One-Time",NULL,"Relational Databases",3.5308,0,4.7077
78.46457938,"ocid1.tenancy.oc1..aaaa1234","Meridian OCI","Tenancy","USD","2024-10-01T00:00:00Z","2024-09-01T00:00:00Z",NULL,NULL,"Usage",NULL,"Oracle Load Balancer Load Balancer in Australia East (Sydney)","2024-09-03T08:00:00Z","2024-09-03T07:00:00Z",NULL,NULL,NULL,NULL,NULL,NULL,NULL,65.8900000000,"Hours",91.237883,1.3847,78.46457938,"Oracle",130.337009,1.9781,"Other","USD",65.89,"Hours","Oracle","Oracle","ap-sydney-1","Australia East (Sydney)","ocid1.instance.oc1.ap-sydney-1.005863f390f3",NULL,"Load Balancer","Networking","Oracle Load Balancer","1WMQQLCDSJF612Q3","Oracle Load Balancer Hours",NULL,"GXIDPUFF7WBV0XGP.OU9UD8FQ","ocid1.compartment.oc1..prod","production","Tenancy","{""business_unit"": ""MarseilleSRE"", ""environment"": ""dev"", ""team"": ""infra""}","uk-london-1-AD-2","Usage-Based",NULL,"Application Networking",1.3847,78.46457938,1.9781
640.25326596,"8a93b2c1-1234-4abc-9def-0123456789ab","Contoso Cloud","BillingProfile","USD","2024-10-01T00:00:00Z","2024-09-01T00:00:00Z",NULL,NULL,"Tax",NULL,"Tax charge in UK South","2024-09-18T13:00:00Z","2024-09-18T12:00:00Z",NULL,NULL,NULL,NULL,NULL,NULL,NULL,NULL,NULL,40.2211730000,NULL,640.25326596,"Microsoft",92.0092770000,NULL,NULL,"USD",NULL,NULL,"Microsoft","Microsoft",NULL,NULL,NULL,NULL,NULL,"Other","Tax",NULL,NULL,NULL,NULL,"sub-2b7c","Staging","BillingProfile","{""environment"": ""prod""}",NULL,"One-Time",NULL,"Other (Security)",NULL,640.25326596,NULL
41.99522004,"123456789012","SunBird","BillingAccount","USD","2024-10-01T00:00:00Z","2024-09-01T00:00:00Z",NULL,NULL,"Usage",NULL,"AWS Lambda Function in Asia Pacific (Sydney)","2024-09-02T16:00:00Z","2024-09-02T15:00:00Z","Usage","cd-916323","commit-6323",NULL,"Unused","Committed Use Discount",NULL,NULL,NULL,44.67576600000001,1.0958,41.99522004,"AWS",54.48502800000001,1.3364,"Committed","USD",40.77,"Requests","AWS","AWS","ap-southeast-2","Asia Pacific (Sydney)","arn:aws:ec2:ap-southeast-2:123456789012:instance/i-00e46568af34",NULL,"Function","Compute","AWS Lambda","SNU6MCTA44XHOC1E","AWS Lambda Requests",NULL,"AJIGZ93SVM3HS2PJ.CSPFI2SP","517389287820","Atlas Nimbus","BillingAccount","{""application"": ""NimbusAPI"", ""business_unit"": ""ViennaAI"", ""environment"": ""dev""}","ap-southeast-2a","Usage-Based",NULL,"Serverless Compute",1.0958,41.99522004,1.3364
141.0599718,"8a93b2c1-1234-4abc-9def-0123456789ab","Contoso Cloud","BillingProfile","USD","2024-10-01T00:00:00Z","2024-09-01T00:00:00Z",NULL,NULL,"Usage",NULL,"Azure Kubernetes Service Cluster in UK South","2024-09-16T00:00:00Z","2024-09-15T23:00:00Z",NULL,NULL,NULL,NULL,NULL,NULL,NULL,110.8400000000,"Hours",142.48482,1.2855,141.0599718,"Microsoft",222.633224,2.0086,"Standard","USD",110.84,"Hours","Microsoft","Microsoft","uksouth","UK South","/subscriptions/8a93b2c1-1234-4abc-9def-0123456789ab/resourceGroups/rg-260/providers/Microsoft.Compute/virtualMachines/vm-1483",NULL,"Cluster","Compute","Azure Kubernetes Service","UVVJ03IDPZ4DJ3UH","Azure Kubernetes Service Hours",NULL,"AAW195C1AU3EELF7.FY3MLPXM","sub-2b7c","Staging","BillingProfile",NULL,NULL,"Usage-Based",NULL,"Containers",1.2855,141.0599718,2.0086
745.3554688,"8a93b2c1-1234-4abc-9def-0123456789ab","Contoso Cloud","BillingProfile","USD","2024-10-01T00:00:00Z","2024-09-01T00:00:00Z",NULL,NULL,"Usage",NULL,"Azure Load Balancer Load Balancer in West Europe","2024-09-27T21:00:00Z","2024-09-27T20:00:00Z",NULL,NULL,NULL,NULL,NULL,NULL,NULL,367.0400000000,"Hours",784.584704,2.1376,745.3554688,"Microsoft",1286.218272,3.5043,"Standard","USD",367.04,"Hours","Microsoft","Microsoft","westeurope","West Europe","/subscriptions/8a93b2c1-1234-4abc-9def-0123456789ab/resourceGroups/rg-554/providers/Microsoft.Compute/virtualMachines/vm-6779",NULL,"Load Balancer","Networking","Azure Load Balancer","OCJRLZQ07VVHBJCT","Azure Load Balancer Hours",NULL,"EEUT86CUGDOMSZXP.O0MPAU4X","sub-9a1f","Production","BillingProfile","{""team"": ""growth""}","eastus-1","Usage-Based",NULL,"Application Networking",2.1376,745.3554688,3.5043
886.96187736,"8a93b2c1-1234-4abc-9def-0123456789ab","Contoso Cloud","BillingProfile","USD","2024-10-01T00:00:00Z","2024-09-01T00:00:00Z",NULL,NULL,"Usage",NULL,"Azure Kubernetes Service Cluster in East US","2024-09-25T16:00:00Z","2024-09-25T15:00:00Z","Spend","cd-778176","commit-8176",NULL,"Unused","Reserved Instance",NULL,NULL,NULL,914.393688,4.5084,886.96187736,"Microsoft",1004.8311259999999,4.9543,"Standard","USD",202.82,"Hours","Microsoft","Microsoft","eastus","East US","/subscriptions/8a93b2c1-1234-4abc-9def-0123456789ab/resourceGroups/rg-901/providers/Microsoft.Compute/virtualMachines/vm-130",NULL,"Cluster","Compute","Azure Kubernetes Service","DHLVK9ON4F28XY7G","Azure Kubernetes Service Hours",NULL,"3Y2XCWG5PPBEDWXF.Y9MPE5NY","sub-9a1f","Production","BillingProfile",NULL,NULL,"Usage-Based",NULL,"Containers",4.5084,886.96187736,4.9543
675.68408095,"ocid1.tenancy.oc1..aaaa1234","Meridian OCI","Tenancy","USD","2024-10-01T00:00:00Z","2024-09-01T00:00:00Z",NULL,NULL,"Usage",NULL,"Oracle Compute Instance in Australia East (Sydney)","2024-09-13T20:00:00Z","2024-09-13T19:00:00Z",NULL,NULL,NULL,NULL,NULL,NULL,NULL,358.6900000000,"Hours",711.246401,1.9829,675.68408095,"Oracle",1128.940906,3.1474,"Other","USD",358.69,"Hours","Oracle","Oracle","ap-sydney-1","Australia East (Sydney)","ocid1.instance.oc1.ap-sydney-1.007946064e27",NULL,"Instance","Compute","Oracle Compute","XAQZLA48U1JL2HK0","Oracle Compute Hours",NULL,"BIYEH916BHBO1AER.A9E3DDMI","ocid1.compartment.oc1..dev","development","Tenancy","{""cost_center"": ""CC-2042"", ""environment"": ""qa""}","uk-london-1-AD-2","Usage-Based",NULL,"Virtual Machines",1.9829,675.68408095,3.1474
627.363456,"ocid1.tenancy.oc1..aaaa1234","Meridian OCI","Tenancy","USD","2024-10-01T00:00:00Z","2024-09-01T00:00:00Z",NULL,NULL,"Purchase",NULL,"Oracle Object Storage Bucket in Australia East (Sydney)","2024-09-15T17:00:00Z","2024-09-15T16:00:00Z","Usage","cd-188737","commit-8737",NULL,"Unused","Committed Use Discount",NULL,NULL,NULL,627.363456,2.7168,0,"Oracle",950.5590879999999,4.1164,"Committed","USD",230.92,"GB","Oracle","Oracle","ap-sydney-1","Australia East (Sydney)","ocid1.instance.oc1.ap-sydney-1.0038ca223b33",NULL,"Bucket","Storage","Oracle Object Storage","GGV1ZT1B52MUXYHK","Oracle Object Storage GB",NULL,"JCWHNXZP3S7LWCD5.WG13R704","ocid1.compartment.oc1..prod","production","Tenancy",NULL,NULL,"Recurring",NULL,"Object Storage",2.7168,0,4.1164
834.7844232,"01ABCD-2345EF-6789GH","Helios Labs","BillingAccount","USD","2024-10-01T00:00:00Z","2024-09-01T00:00:00Z",NULL,NULL,"Usage",NULL,"Cloud Functions Function in Iowa","2024-09-05T20:00:00Z","2024-09-05T19:00:00Z",NULL,NULL,NULL,NULL,NULL,NULL,NULL,254.8000000000,"Invocations",1070.2364400000001,4.2003,834.7844232,"Google",1202.50312,4.7194,"Standard","USD",254.80,"Invocations","Google","Google","us-central1","Iowa","//compute.googleapis.com/projects/Helios Labs/zones/us-central1-a/instances/inst-9324",NULL,"Function","Compute","Cloud Functions","HLWJCFMDYQ1HJY5H","Cloud Functions Invocations",NULL,"F0MNXPCNEP949NCU.Z7I64XOP","proj-helios-prod","helios-prod","BillingAccount","{""cost_center"": ""CC-1001"", ""business_unit"": ""MarseilleSRE"", ""owner"": ""k.johnson""}","asia-southeast1-c","Usage-Based",NULL,"Serverless Compute",4.2003,834.7844232,4.7194
1334.7077376,"01ABCD-2345EF-6789GH","Helios Labs","BillingAccount","USD","2024-10-01T00:00:00Z","2024-09-01T00:00:00Z",NULL,NULL,"Usage",NULL,"Cloud Storage Bucket in Northern Virginia","2024-09-03T07:00:00Z","2024-09-03T06:00:00Z","Spend","cd-685661","commit-5661",NULL,"Used","Savings Plan",NULL,387.7800000000,"GiB",1668.3846719999997,4.3024,1334.7077376,"Google",1853.7822899999999,4.7805,"Standard","USD",387.78,"GiB","Google","Google","us-east4","Northern Virginia","//compute.googleapis.com/projects/Helios Labs/zones/us-east4-a/instances/inst-3046",NULL,"Bucket","Storage","Cloud Storage","OF2361VAPR2XDUU4","Cloud Storage GiB",NULL,"54F3TNEITNTUNWP6.EEV5WCJ3","proj-helios-prod","helios-prod","BillingAccount","{""application"": ""BrightSourceCore"", ""team"": ""payments""}",NULL,"Usage-Based",NULL,"Object Storage",4.3024,1334.7077376,4.7805
766.9197792,"123456789012","SunBird","BillingAccount","USD","2024-10-01T00:00:00Z","2024-09-01T00:00:00Z",NULL,NULL,"Credit",NULL,"Elastic Load Balancing Load Balancer in Europe (Ireland)","2024-09-02T12:00:00Z","2024-09-02T11:00:00Z",NULL,NULL,NULL,NULL,NULL,NULL,NULL,NULL,NULL,1036.37808,3.5040,766.9197792,"AWS",1263.884364,4.2732,"Dynamic","USD",295.77,"LCU-Hours","AWS","AWS","eu-west-1","Europe (Ireland)",NULL,NULL,NULL,"Networking","Elastic Load Balancing","8Y3A78UUBZRORRGD","Elastic Load Balancing LCU-Hours",NULL,"EBTJ54QMWRJHAG7E.680HNJPX","663626350770","Zenith Apollo","BillingAccount","{""environment"": ""prod"", ""owner"": ""a.turing""}",NULL,"One-Time",NULL,"Application Networking",3.5040,766.9197792,4.2732
11.051768,"01ABCD-2345EF-6789GH","Helios Labs","BillingAccount","USD","2024-10-01T00:00:00Z","2024-09-01T00:00:00Z",NULL,NULL,"Usage",NULL,"Cloud Storage Bucket in Singapore","2024-09-05T08:00:00Z","2024-09-05T07:00:00Z",NULL,NULL,NULL,NULL,NULL,NULL,NULL,18.8000000000,"GiB",14.5418,0.7735,11.051768,"Google",17.73404,0.9433,"Dynamic","USD",18.80,"GiB","Google","Google","asia-southeast1","Singapore","//compute.googleapis.com/projects/Helios Labs/zones/asia-southeast1-a/instances/inst-2498",NULL,"Bucket","Storage","Cloud Storage","S0KALHOVQYKJPSA5","Cloud Storage GiB",NULL,"F2PSORYYDVQ4DD0D.P7ED2WGZ","proj-helios-prod","helios-prod","BillingAccount","{""business_unit"": ""LisbonOps"", ""environment"": ""dev""}","europe-west1-b","Usage-Based",NULL,"Object Storage",0.7735,11.051768,0.9433
319.8530841,"01ABCD-2345EF-6789GH","Helios Labs","BillingAccount","USD","2024-10-01T00:00:00Z","2024-09-01T00:00:00Z",NULL,NULL,"Adjustment",NULL,"Cloud Storage Bucket in Iowa","2024-09-28T00:00:00Z","2024-09-27T23:00:00Z",NULL,NULL,NULL,NULL,NULL,NULL,NULL,NULL,NULL,376.297746,4.2438,319.8530841,"Google",404.618944,4.5632,"Other","USD",88.67,"GiB","Google","Google","us-central1","Iowa",NULL,NULL,NULL,"Storage","Cloud Storage","1QF7VRHMNM1ZXAI7","Cloud Storage GiB",NULL,"VEV1U9H2GX49KDVL.TLKFHGSK","proj-helios-dev","helios-dev","BillingAccount","{""cost_center"": ""CC-3090"", ""application"": ""AtlasPortal""}",NULL,"One-Time",NULL,"Object Storage",4.2438,319.8530841,4.5632
210.15161112,"01ABCD-2345EF-6789GH","Helios Labs","BillingAccount","USD","2024-10-01T00:00:00Z","2024-09-01T00:00:00Z",NULL,NULL,"Usage","Correction","Cloud Functions Function in Iowa","2024-09-05T17:00:00Z","2024-09-05T16:00:00Z",NULL,NULL,NULL,NULL,NULL,NULL,NULL,108.2100000000,"Invocations",238.808649,2.2069,210.15161112,"Google",277.68850199999997,2.5662,"Standard","USD",108.21,"Invocations","Google","Google","us-central1","Iowa","//compute.googleapis.com/projects/Helios Labs/zones/us-central1-a/instances/inst-4861",NULL,"Function","Compute","Cloud Functions","BG2TCJD6TT1667ZZ","Cloud Functions Invocations",NULL,"XT8E8J3LHPY3UG0T.RHUMJH9B","proj-helios-dev","helios-dev","BillingAccount","{""application"": ""NimbusAPI"", ""business_unit"": ""OsloData"", ""environment"": ""dev""}","us-central1-a","Usage-Based",NULL,"Serverless Compute",2.2069,210.15161112,2.5662
579.24150975,"123456789012","SunBird","BillingAccount","USD","2024-10-01T00:00:00Z","2024-09-01T00:00:00Z",NULL,NULL,"Usage",NULL,"Amazon Simple Storage Service Bucket in US East (N. Virginia)","2024-09-14T11:00:00Z","2024-09-14T10:00:00Z",NULL,NULL,NULL,NULL,NULL,NULL,NULL,201.3300000000,"GB",609.7279050000001,3.0285,579.24150975,"AWS",883.657503,4.3891,"Standard","USD",201.33,"GB","AWS","AWS","us-east-1","US East (N. Virginia)","arn:aws:ec2:us-east-1:123456789012:instance/i-003802a503de",NULL,"Bucket","Storage","Amazon Simple Storage Service","JQZLZ4FPKAIUPQKP","Amazon Simple Storage Service GB",NULL,"812C24YBTIM851Z4.TD855IEC","663626350770","Zenith Apollo","BillingAccount",NULL,"us-east-1a","Usage-Based",NULL,"Object Storage",3.0285,579.24150975,4.3891
28.53199116,"01ABCD-2345EF-6789GH","Helios Labs","BillingAccount","USD","2024-10-01T00:00:00Z","2024-09-01T00:00:00Z",NULL,NULL,"Usage",NULL,"Cloud Storage Bucket in Singapore","2024-09-01T21:00:00Z","2024-09-01T20:00:00Z",NULL,NULL,NULL,NULL,NULL,NULL,NULL,17.9100000000,"GiB",46.773756000000006,2.6116,28.53199116,"Google",70.86807900000001,3.9569,"Other","USD",17.91,"GiB","Google","Google","asia-southeast1","Singapore","//compute.googleapis.com/projects/Helios Labs/zones/asia-southeast1-a/instances/inst-3250",NULL,"Bucket","Storage","Cloud Storage","SE18NL51O9ULO9G9","Cloud Storage GiB",NULL,"K6MYMK3917B4CRLO.W3OF7XPE","proj-helios-prod","helios-prod","BillingAccount","{""owner"": ""k.johnson"", ""team"": ""infra"", ""environment"": ""dev""}","us-central1-a","Usage-Based",NULL,"Object Storage",2.6116,28.53199116,3.9569
231.70119206,"ocid1.tenancy.oc1..aaaa1234","Meridian OCI","Tenancy","USD","2024-10-01T00:00:00Z","2024-09-01T00:00:00Z",NULL,NULL,"Usage",NULL,"Oracle Load Balancer Load Balancer in Australia East (Sydney)","2024-09-29T19:00:00Z","2024-09-29T18:00:00Z",NULL,NULL,NULL,NULL,NULL,NULL,NULL,124.7300000000,"Hours",313.109719,2.5103,231.70119206,"Oracle",440.99538800000005,3.5356,"Standard","USD",124.73,"Hours","Oracle","Oracle","ap-sydney-1","Australia East (Sydney)","ocid1.instance.oc1.ap-sydney-1.00de33af2579",NULL,"Load Balancer","Networking","Oracle Load Balancer","TSZMW3Y600IEP8AU","Oracle Load Balancer Hours",NULL,"WEQ9RWRKKXVVGMMC.UEWSG0NW","ocid1.compartment.oc1..prod","production","Tenancy","{""application"": ""AtlasPortal"", ""team"": ""platform"", ""cost_center"": ""CC-3090""}",NULL,"Usage-Based",NULL,"Application Networking",2.5103,231.70119206,3.5356
1243.31132048,"123456789012","SunBird","BillingAccount","USD","2024-10-01T00:00:00Z","2024-09-01T00:00:00Z",NULL,NULL,"Usage",NULL,"Amazon Elastic Compute Cloud Virtual Machine in Asia Pacific (Sydney)","2024-09-14T05:00:00Z","2024-09-14T04:00:00Z",NULL,NULL,NULL,NULL,NULL,NULL,NULL,488.6600000000,"Hours",1635.935948,3.3478,1243.31132048,"AWS",1971.0101100000002,4.0335,"Standard","USD",488.66,"Hours","AWS","AWS","ap-southeast-2","Asia Pacific (Sydney)","arn:aws:ec2:ap-southeast-2:123456789012:instance/i-003c304cf2d4",NULL,"Virtual Machine","Compute","Amazon Elastic Compute Cloud","JPQI0563CMLN8HI7","Amazon Elastic Compute Cloud Hours",NULL,"F2E7OWT2UIHEK2U1.P5NEFTNP","438839167390","Zenith Eclipse","BillingAccount","{""owner"": ""k.johnson"", ""application"": ""BrightLensMatrix""}","ap-southeast-2a","Usage-Based",NULL,"Virtual Machines",3.3478,1243.31132048,4.0335
807.5380887,"123456789012","SunBird","BillingAccount","USD","2024-10-01T00:00:00Z","2024-09-01T00:00:00Z",NULL,NULL,"Usage",NULL,"Elastic Load Balancing Load Balancer in Asia Pacific (Sydney)","2024-09-11T07:00:00Z","2024-09-11T06:00:00Z",NULL,NULL,NULL,NULL,NULL,NULL,NULL,383.4300000000,"LCU-Hours",1153.625841,3.0087,807.5380887,"AWS",1498.2143820000001,3.9074,"Other","USD",383.43,"LCU-Hours","AWS","AWS","ap-southeast-2","Asia Pacific (Sydney)","arn:aws:ec2:ap-southeast-2:123456789012:instance/i-002fd0cbea2a",NULL,"Load Balancer","Networking","Elastic Load Balancing","6BP0T9XFCCIE6JTE","Elastic Load Balancing LCU-Hours",NULL,"QB8F2CI7Q1E19482.MLES4ANI","517389287820","Atlas Nimbus","BillingAccount",NULL,NULL,"Usage-Based",NULL,"Application Networking",3.0087,807.5380887,3.9074
42.22814904,"01ABCD-2345EF-6789GH","Helios Labs","BillingAccount","USD","2024-10-01T00:00:00Z","2024-09-01T00:00:00Z",NULL,NULL,"Usage",NULL,"Cloud Storage Bucket in Singapore","2024-09-11T22:00:00Z","2024-09-11T21:00:00Z","Usage","cd-121821","commit-1821",NULL,"Used","Savings Plan",NULL,152.7200000000,"GiB",67.028808,0.4389,42.22814904,"Google",79.7962,0.5225,"Standard","USD",152.72,"GiB","Google","Google","asia-southeast1","Singapore","//compute.googleapis.com/projects/Helios Labs/zones/asia-southeast1-a/instances/inst-8810",NULL,"Bucket","Storage","Cloud Storage","HPVXV3TID4JIOW13","Cloud Storage GiB",NULL,"IF5YE7995935142X.EN643EIN","proj-helios-dev","helios-dev","BillingAccount",NULL,NULL,"Usage-Based",NULL,"Object Storage",0.4389,42.22814904,0.5225
48.11369800000001,"123456789012","SunBird","BillingAccount","USD","2024-10-01T00:00:00Z","2024-09-01T00:00:00Z",NULL,NULL,"Purchase",NULL,"Elastic Load Balancing Load Balancer in US West (Oregon)","2024-09-20T12:00:00Z","2024-09-20T11:00:00Z","Usage","cd-365198","commit-5198",NULL,"Unused","Savings Plan",NULL,NULL,NULL,48.11369800000001,2.3054,0,"AWS",52.872058,2.5334,"Standard","USD",20.87,"LCU-Hours","AWS","AWS","us-west-2","US West (Oregon)","arn:aws:ec2:us-west-2:123456789012:instance/i-00349048fd1e",NULL,"Load Balancer","Networking","Elastic Load Balancing","89B5ZTCPGW5U6VMG","Elastic Load Balancing LCU-Hours",NULL,"8UPZICXRTMPL2FUQ.B0O7U03A","663626350770","Zenith Apollo","BillingAccount","{""owner"": ""a.turing""}",NULL,"One-Time",NULL,"Application Networking",2.3054,0,2.5334
366.94187424,"123456789012","SunBird","BillingAccount","USD","2024-10-01T00:00:00Z","2024-09-01T00:00:00Z",NULL,NULL,"Adjustment",NULL,"AWS Lambda Function in Asia Pacific (Sydney)","2024-09-04T05:00:00Z","2024-09-04T04:00:00Z",NULL,NULL,NULL,NULL,NULL,NULL,NULL,NULL,NULL,382.23111900000004,1.3677,366.94187424,"AWS",390.02833200000003,1.3956,"Dynamic","USD",279.47,"Requests","AWS","AWS","ap-southeast-2","Asia Pacific (Sydney)",NULL,NULL,NULL,"Compute","AWS Lambda","27033678KIGCC3IA","AWS Lambda Requests",NULL,"RBT5EHLSZG2X58AR.GBT9104F","663626350770","Zenith Apollo","BillingAccount","{""business_unit"": ""OsloData"", ""environment"": ""staging"", ""owner"": ""a.lovelace""}",NULL,"One-Time",NULL,"Serverless Compute",1.3677,366.94187424,1.3956
1357.8735898,"ocid1.tenancy.oc1..aaaa1234","Meridian OCI","Tenancy","USD","2024-10-01T00:00:00Z","2024-09-01T00:00:00Z",NULL,NULL,"Usage",NULL,"Oracle Autonomous Database Database in UK South (London)","2024-09-19T12:00:00Z","2024-09-19T11:00:00Z",NULL,NULL,NULL,NULL,NULL,NULL,NULL,411.8600000000,"Hours",1939.819414,4.7099,1357.8735898,"Oracle",1979.3991600000002,4.8060,"Standard","USD",411.86,"Hours","Oracle","Oracle","uk-london-1","UK South (London)","ocid1.instance.oc1.uk-london-1.00debfcfde68",NULL,"Database","Databases","Oracle Autonomous Database","AOPKU3DSSOB3PITY","Oracle Autonomous Database Hours",NULL,"174QDNDQO6G326JQ.ZKS3BS7H","ocid1.compartment.oc1..prod","production","Tenancy","{""application"": ""BrightLensMatrix""}",NULL,"Usage-Based",NULL,"Relational Databases",4.7099,1357.8735898,4.8060
18.74323208,"8a93b2c1-1234-4abc-9def-0123456789ab","Contoso Cloud","BillingProfile","USD","2024-10-01T00:00:00Z","2024-09-01T00:00:00Z",NULL,NULL,"Adjustment",NULL,"Virtual Machines Virtual Machine in East US","2024-09-19T05:00:00Z","2024-09-19T04:00:00Z",NULL,NULL,NULL,NULL,NULL,NULL,NULL,NULL,NULL,25.328691999999997,0.3727,18.74323208,"Microsoft",28.461647999999997,0.4188,"Standard","USD",67.96,"Hours","Microsoft","Microsoft","eastus","East US",NULL,NULL,NULL,"Compute","Virtual Machines","DBPRP3RMJWY4SBVN","Virtual Machines Hours",NULL,"YIUFJNHEVQGEHBIB.YA5GPZND","sub-4d3e","Sandbox","BillingProfile","{""application"": ""AtlasPortal"", ""environment"": ""prod"", ""team"": ""infra""}",NULL,"One-Time",NULL,"Virtual Machines",0.3727,18.74323208,0.4188
1376.02068219,"01ABCD-2345EF-6789GH","Helios Labs","BillingAccount","USD","2024-10-01T00:00:00Z","2024-09-01T00:00:00Z",NULL,NULL,"Usage",NULL,"Cloud Storage Bucket in Belgium","2024-09-29T20:00:00Z","2024-09-29T19:00:00Z",NULL,NULL,NULL,NULL,NULL,NULL,NULL,432.3100000000,"GiB",1389.919881,3.2151,1376.02068219,"Google",1695.044279,3.9209,"Other","USD",432.31,"GiB","Google","Google","europe-west1","Belgium","//compute.googleapis.com/projects/Helios Labs/zones/europe-west1-a/instances/inst-593",NULL,"Bucket","Storage","Cloud Storage","1HH0GUTRJ0F8RVUN","Cloud Storage GiB",NULL,"2U8JZ7IXD8GRTCLM.IMW9XOW6","proj-helios-prod","helios-prod","BillingAccount","{""cost_center"": ""CC-2042""}",NULL,"Usage-Based",NULL,"Object Storage",3.2151,1376.02068219,3.9209
46.6897545,"8a93b2c1-1234-4abc-9def-0123456789ab","Contoso Cloud","BillingProfile","USD","2024-10-01T00:00:00Z","2024-09-01T00:00:00Z",NULL,NULL,"Usage",NULL,"Azure Load Balancer Load Balancer in Southeast Asia","2024-09-08T08:00:00Z","2024-09-08T07:00:00Z",NULL,NULL,NULL,NULL,NULL,NULL,NULL,14.0200000000,"Hours",49.14711,3.5055,46.6897545,"Microsoft",56.490786,4.0293,"Standard","USD",14.02,"Hours","Microsoft","Microsoft","southeastasia","Southeast Asia","/subscriptions/8a93b2c1-1234-4abc-9def-0123456789ab/resourceGroups/rg-972/providers/Microsoft.Compute/virtualMachines/vm-9627",NULL,"Load Balancer","Networking","Azure Load Balancer","R4554QSRYQPCT1SD","Azure Load Balancer Hours",NULL,"D1AY86IYT81I3XXN.53O9WSYB","sub-4d3e","Sandbox","BillingProfile","{""owner"": ""k.johnson"", ""team"": ""growth"", ""environment"": ""staging""}",NULL,"Usage-Based",NULL,"Application Networking",3.5055,46.6897545,4.0293
369.265806,"123456789012","SunBird","BillingAccount","USD","2024-10-01T00:00:00Z","2024-09-01T00:00:00Z",NULL,NULL,"Usage",NULL,"Amazon Simple Storage Service Bucket in US East (N. Virginia)","2024-09-11T21:00:00Z","2024-09-11T20:00:00Z","Usage","cd-892373","commit-2373",NULL,"Used","Reserved Instance",NULL,126.6500000000,"GB",439.60215000000005,3.4710,369.265806,"AWS",619.16652,4.8888,"Standard","USD",126.65,"GB","AWS","AWS","us-east-1","US East (N. Virginia)","arn:aws:ec2:us-east-1:123456789012:instance/i-008e89332562",NULL,"Bucket","Storage","Amazon Simple Storage Service","B2JZIXG4SMHZDNIX","Amazon Simple Storage Service GB",NULL,"DOTP67QRJ39WJP1F.5Q0QVTWW","517389287820","Atlas Nimbus","BillingAccount",NULL,NULL,"Usage-Based",NULL,"Object Storage",3.4710,369.265806,4.8888
889.95678912,"123456789012","SunBird","BillingAccount","USD","2024-10-01T00:00:00Z","2024-09-01T00:00:00Z",NULL,NULL,"Credit",NULL,"Amazon Simple Storage Service Bucket in Asia Pacific (Sydney)","2024-09-09T06:00:00Z","2024-09-09T05:00:00Z",NULL,NULL,NULL,NULL,NULL,NULL,NULL,NULL,NULL,967.3443360000001,2.2134,889.95678912,"AWS",1488.252312,3.4053,"Other","USD",437.04,"GB","AWS","AWS","ap-southeast-2","Asia Pacific (Sydney)",NULL,NULL,NULL,"Storage","Amazon Simple Storage Service","OIJRBKNNZI4YG30R","Amazon Simple Storage Service GB",NULL,"BRCRYVXGFK9YO6FH.BWAII8KC","663626350770","Zenith Apollo","BillingAccount",NULL,NULL,"One-Time",NULL,"Object Storage",2.2134,889.95678912,3.4053
675.28753334,"01ABCD-2345EF-6789GH","Helios Labs","BillingAccount","USD","2024-10-01T00:00:00Z","2024-09-01T00:00:00Z",NULL,NULL,"Usage",NULL,"Cloud Load Balancing Forwarding Rule in Singapore","2024-09-08T06:00:00Z","2024-09-08T05:00:00Z",NULL,NULL,NULL,NULL,NULL,NULL,NULL,221.1800000000,"Hours",854.794346,3.8647,675.28753334,"Google",1029.880434,4.6563,"Standard","USD",221.18,"Hours","Google","Google","asia-southeast1","Singapore","//compute.googleapis.com/projects/Helios Labs/zones/asia-southeast1-a/instances/inst-5139",NULL,"Forwarding Rule","Networking","Cloud Load Balancing","3MI27N0LFWHCAIYA","Cloud Load Balancing Hours",NULL,"52KEQMQ7YYVN5EXW.4PHBWLA9","proj-helios-dev","helios-dev","BillingAccount","{""business_unit"": ""OsloData""}","us-central1-a","Usage-Based",NULL,"Application Networking",3.8647,675.28753334,4.6563
53.180811999999996,"8a93b2c1-1234-4abc-9def-0123456789ab","Contoso Cloud","BillingProfile","USD","2024-10-01T00:00:00Z","2024-09-01T00:00:00Z",NULL,NULL,"Purchase",NULL,"Virtual Machines Virtual Machine in UK South","2024-09-02T08:00:00Z","2024-09-02T07:00:00Z",NULL,NULL,NULL,NULL,NULL,NULL,NULL,NULL,NULL,53.180811999999996,2.0549,0,"Microsoft",80.57738,3.1135,"Standard","USD",25.88,"Hours","Microsoft","Microsoft","uksouth","UK South","/subscriptions/8a93b2c1-1234-4abc-9def-0123456789ab/resourceGroups/rg-353/providers/Microsoft.Compute/virtualMachines/vm-9136",NULL,"Virtual Machine","Compute","Virtual Machines","T7VDK3XB7J08BAD4","Virtual Machines Hours",NULL,"JLB94FKH7RWLPU0C.IPNEU73W","sub-9a1f","Production","BillingProfile","{""environment"": ""qa""}",NULL,"One-Time",NULL,"Virtual Machines",2.0549,0,3.1135
37.1148102,"ocid1.tenancy.oc1..aaaa1234","Meridian OCI","Tenancy","USD","2024-10-01T00:00:00Z","2024-09-01T00:00:00Z",NULL,NULL,"Usage",NULL,"Oracle Autonomous Database Database in UK South (London)","2024-09-09T11:00:00Z","2024-09-09T10:00:00Z","Usage","cd-734397","commit-4397",NULL,"Unused","Reserved Instance",NULL,NULL,NULL,61.858017,0.2353,37.1148102,"Oracle",74.52931499999998,0.2835,"Committed","USD",262.89,"Hours","Oracle","Oracle","uk-london-1","UK South (London)","ocid1.instance.oc1.uk-london-1.001e373ff156",NULL,"Database","Databases","Oracle Autonomous Database","D26815W75UV8VAVG","Oracle Autonomous Database Hours",NULL,"TVCS2LPZ0SZI2L61.VG8HSICT","ocid1.compartment.oc1..prod","production","Tenancy","{""owner"": ""k.johnson""}","us-ashburn-1-AD-1","Usage-Based",NULL,"Relational Databases",0.2353,37.1148102,0.2835
130.17344764,"01ABCD-2345EF-6789GH","Helios Labs","BillingAccount","USD","2024-10-01T00:00:00Z","2024-09-01T00:00:00Z",NULL,NULL,"Tax",NULL,"Tax charge in Singapore","2024-09-30T03:00:00Z","2024-09-30T02:00:00Z",NULL,NULL,NULL,NULL,NULL,NULL,NULL,NULL,NULL,25.6409670000,NULL,130.17344764,"Google",3.3512270000,NULL,NULL,"USD",NULL,NULL,"Google","Google",NULL,NULL,NULL,NULL,NULL,"Other","Tax",NULL,NULL,NULL,NULL,"proj-helios-prod","helios-prod","BillingAccount","{""environment"": ""prod"", ""cost_center"": ""CC-2042"", ""business_unit"": ""LisbonOps""}",NULL,"One-Time",NULL,"Other (Security)",NULL,130.17344764,NULL
119.3810462,"ocid1.tenancy.oc1..aaaa1234","Meridian OCI","Tenancy","USD","2024-10-01T00:00:00Z","2024-09-01T00:00:00Z",NULL,NULL,"Usage",NULL,"Oracle Load Balancer Load Balancer in Australia East (Sydney)","2024-09-23T18:00:00Z","2024-09-23T17:00:00Z","Usage","cd-557970","commit-7970",NULL,"Used","Committed Use Discount",NULL,37.7000000000,"Hours",138.81517000000002,3.6821,119.3810462,"Oracle",141.64644,3.7572,"Committed","USD",37.70,"Hours","Oracle","Oracle","ap-sydney-1","Australia East (Sydney)","ocid1.instance.oc1.ap-sydney-1.00b3d22fa3c5",NULL,"Load Balancer","Networking","Oracle Load Balancer","UN34DEKRNH1RW7JQ","Oracle Load Balancer Hours",NULL,"P28AR2ASC4MYWE62.XZL1IDOK","ocid1.compartment.oc1..dev","development","Tenancy","{""application"": ""NimbusAPI"", ""cost_center"": ""CC-3090""}","uk-london-1-AD-2","Usage-Based",NULL,"Application Networking",3.6821,119.3810462,3.7572
1610.9938691,"8a93b2c1-1234-4abc-9def-0123456789ab","Contoso Cloud","BillingProfile","USD","2024-10-01T00:00:00Z","2024-09-01T00:00:00Z",NULL,NULL,"Usage",NULL,"Azure SQL Database SQL Database in UK South","2024-09-07T01:00:00Z","2024-09-07T00:00:00Z","Usage","cd-918338","commit-8338",NULL,"Unused","Savings Plan",NULL,NULL,NULL,2301.419813,4.6483,1610.9938691,"Microsoft",2448.3189500000003,4.9450,"Dynamic","USD",495.11,"Hours","Microsoft","Microsoft","uksouth","UK South","/subscriptions/8a93b2c1-1234-4abc-9def-0123456789ab/resourceGroups/rg-56/providers/Microsoft.Compute/virtualMachines/vm-3025",NULL,"SQL Database","Databases","Azure SQL Database","YYBA8AV58N0CNBMR","Azure SQL Database Hours",NULL,"EPZVMI6U18R22B5C.1CB5RYGR","sub-9a1f","Production","BillingProfile","{""business_unit"": ""MarseilleSRE""}","westeurope-2","Usage-Based",NULL,"Relational Databases",4.6483,1610.9938691,4.9450
913.33558624,"8a93b2c1-1234-4abc-9def-0123456789ab","Contoso Cloud","BillingProfile","USD","2024-10-01T00:00:00Z","2024-09-01T00:00:00Z",NULL,NULL,"Credit",NULL,"Azure Kubernetes Service Cluster in East US","2024-09-12T21:00:00Z","2024-09-12T20:00:00Z",NULL,NULL,NULL,NULL,NULL,NULL,NULL,NULL,NULL,931.975088,2.1482,913.33558624,"Microsoft",1059.046824,2.4411,"Other","USD",433.84,"Hours","Microsoft","Microsoft","eastus","East US",NULL,NULL,NULL,"Compute","Azure Kubernetes Service","P631LFW45TAUQX61","Azure Kubernetes Service Hours",NULL,"1H7JS85TERK56XOE.QG664L0N","sub-9a1f","Production","BillingProfile","{""owner"": ""a.turing""}",NULL,"One-Time",NULL,"Containers",2.1482,913.33558624,2.4411
700.06580525,"8a93b2c1-1234-4abc-9def-0123456789ab","Contoso Cloud","BillingProfile","USD","2024-10-01T00:00:00Z","2024-09-01T00:00:00Z",NULL,NULL,"Tax",NULL,"Tax charge in West Europe","2024-09-09T18:00:00Z","2024-09-09T17:00:00Z",NULL,NULL,NULL,NULL,NULL,NULL,NULL,NULL,NULL,78.5480480000,NULL,700.06580525,"Microsoft",1.4298520000,NULL,NULL,"USD",NULL,NULL,"Microsoft","Microsoft",NULL,NULL,NULL,NULL,NULL,"Other","Tax",NULL,NULL,NULL,NULL,"sub-9a1f","Production","BillingProfile",NULL,NULL,"One-Time",NULL,"Other (Security)",NULL,700.06580525,NULL
325.62613468,"123456789012","SunBird","BillingAccount","USD","2024-10-01T00:00:00Z","2024-09-01T00:00:00Z",NULL,NULL,"Usage",NULL,"Amazon Simple Storage Service Bucket in US West (Oregon)","2024-09-30T17:00:00Z","2024-09-30T16:00:00Z",NULL,NULL,NULL,NULL,NULL,NULL,NULL,474.0400000000,"GB",422.89108400000003,0.8921,325.62613468,"AWS",612.886316,1.2929,"Standard","USD",474.04,"GB","AWS","AWS","us-west-2","US West (Oregon)","arn:aws:ec2:us-west-2:123456789012:instance/i-007aa9b619b4",NULL,"Bucket","Storage","Amazon Simple Storage Service","ASU09OFGZTX2Z52Z","Amazon Simple Storage Service GB",NULL,"X41YZQ4ZC9WIA6VI.1TVULE5X","663626350770","Zenith Apollo","BillingAccount","{""owner"": ""a.lovelace"", ""business_unit"": ""LisbonOps""}",NULL,"Usage-Based",NULL,"Object Storage",0.8921,325.62613468,1.2929
208.6920154,"01ABCD-2345EF-6789GH","Helios Labs","BillingAccount","USD","2024-10-01T00:00:00Z","2024-09-01T00:00:00Z",NULL,NULL,"Usage",NULL,"Cloud Functions Function in Northern Virginia","2024-09-26T08:00:00Z","2024-09-26T07:00:00Z",NULL,NULL,NULL,NULL,NULL,NULL,NULL,234.0200000000,"Invocations",311.48062,1.3310,208.6920154,"Google",349.97691000000003,1.4955,"Standard","USD",234.02,"Invocations","Google","Google","us-east4","Northern Virginia","//compute.googleapis.com/projects/Helios Labs/zones/us-east4-a/instances/inst-7071",NULL,"Function","Compute","Cloud Functions","RCDY4IT01MCPKFQP","Cloud Functions Invocations",NULL,"DMF8MPPBFGH6QBZW.Q68UV75U","proj-helios-prod","helios-prod","BillingAccount","{""business_unit"": ""MarseilleSRE"", ""application"": ""NimbusAPI"", ""team"": ""payments""}",NULL,"Usage-Based",NULL,"Serverless Compute",1.3310,208.6920154,1.4955
26.60236446,"8a93b2c1-1234-4abc-9def-0123456789ab","Contoso Cloud","BillingProfile","USD","2024-10-01T00:00:00Z","2024-09-01T00:00:00Z",NULL,NULL,"Usage",NULL,"Azure Load Balancer Load Balancer in Southeast Asia","2024-09-07T14:00:00Z","2024-09-07T13:00:00Z",NULL,NULL,NULL,NULL,NULL,NULL,NULL,37.4200000000,"Hours",27.425118,0.7329,26.60236446,"Microsoft",36.087848,0.9644,"Standard","USD",37.42,"Hours","Microsoft","Microsoft","southeastasia","Southeast Asia","/subscriptions/8a93b2c1-1234-4abc-9def-0123456789ab/resourceGroups/rg-669/providers/Microsoft.Compute/virtualMachines/vm-6561",NULL,"Load Balancer","Networking","Azure Load Balancer","PVWZ11PN8W81QE38","Azure Load Balancer Hours",NULL,"JUYCHH1IQ1T40KMZ.8SI17XH5","sub-2b7c","Staging","BillingProfile","{""environment"": ""qa"", ""business_unit"": ""MarseilleSRE"", ""application"": ""NimbusAPI""}",NULL,"Usage-Based",NULL,"Application Networking",0.7329,26.60236446,0.9644
188.614608,"ocid1.tenancy.oc1..aaaa1234","Meridian OCI","Tenancy","USD","2024-10-01T00:00:00Z","2024-09-01T00:00:00Z",NULL,NULL,"Credit",NULL,"Oracle Object Storage Bucket in UK South (London)","2024-09-25T03:00:00Z","2024-09-25T02:00:00Z",NULL,NULL,NULL,NULL,NULL,NULL,NULL,NULL,NULL,188.614608,4.1692,188.614608,"Oracle",198.540264,4.3886,"Standard","USD",45.24,"GB","Oracle","Oracle","uk-london-1","UK South (London)",NULL,NULL,NULL,"Storage","Oracle Object Storage","UIAM83KGIHXECRWY","Oracle Object Storage GB",NULL,"KTR0LJCGZV10NPNW.C7JSMIYI","ocid1.compartment.oc1..dev","development","Tenancy","{""cost_center"": ""CC-1001""}",NULL,"One-Time",NULL,"Object Storage",4.1692,188.614608,4.3886
456.22963665,"8a93b2c1-1234-4abc-9def-0123456789ab","Contoso Cloud","BillingProfile","USD","2024-10-01T00:00:00Z","2024-09-01T00:00:00Z",NULL,NULL,"Usage",NULL,"Azure Load Balancer Load Balancer in East US","2024-09-01T15:00:00Z","2024-09-01T14:00:00Z",NULL,NULL,NULL,NULL,NULL,NULL,NULL,156.9500000000,"Hours",563.246465,3.5887,456.22963665,"Microsoft",741.1179,4.7220,"Dynamic","USD",156.95,"Hours","Microsoft","Microsoft","eastus","East US","/subscriptions/8a93b2c1-1234-4abc-9def-0123456789ab/resourceGroups/rg-314/providers/Microsoft.Compute/virtualMachines/vm-8650",NULL,"Load Balancer","Networking","Azure Load Balancer","MWD5RXANPL6D3BIQ","Azure Load Balancer Hours",NULL,"RATMFBA34G9LPVPI.54O51WVQ","sub-2b7c","Staging","BillingProfile","{""application"": ""BrightSourceCore""}",NULL,"Usage-Based",NULL,"Application Networking",3.5887,456.22963665,4.7220
118.6658424,"ocid1.tenancy.oc1..aaaa1234","Meridian OCI","Tenancy","USD","2024-10-01T00:00:00Z","2024-09-01T00:00:00Z",NULL,NULL,"Usage",NULL,"Oracle Compute Instance in UK South (London)","2024-09-19T23:00:00Z","2024-09-19T22:00:00Z",NULL,NULL,NULL,NULL,NULL,NULL,NULL,168.7800000000,"Hours",164.81367,0.9765,118.6658424,"Oracle",261.60900000000004,1.5500,"Standard","USD",168.78,"Hours","Oracle","Oracle","uk-london-1","UK South (London)","ocid1.instance.oc1.uk-london-1.006d63898536",NULL,"Instance","Compute","Oracle Compute","PNIRL3DIEWDGNQOP","Oracle Compute Hours",NULL,"D1K48V6LS24MNEIC.O2HHJ2WP","ocid1.compartment.oc1..prod","production","Tenancy",NULL,"uk-london-1-AD-2","Usage-Based",NULL,"Virtual Machines",0.9765,118.6658424,1.5500
131.259968,"01ABCD-2345EF-6789GH","Helios Labs","BillingAccount","USD","2024-10-01T00:00:00Z","2024-09-01T00:00:00Z",NULL,NULL,"Usage",NULL,"Cloud SQL Database Instance in Northern Virginia","2024-09-13T07:00:00Z","2024-09-13T06:00:00Z",NULL,NULL,NULL,NULL,NULL,NULL,NULL,44.8000000000,"Hours",195.9104,4.3730,131.259968,"Google",210.65407999999996,4.7021,"Other","USD",44.80,"Hours","Google","Google","us-east4","Northern Virginia","//compute.googleapis.com/projects/Helios Labs/zones/us-east4-a/instances/inst-7807",NULL,"Database Instance","Databases","Cloud SQL","QNZRSQNK0FQJKAD3","Cloud SQL Hours",NULL,"JK2Z6PUK36D628U4.GDNM8XNC","proj-helios-prod","helios-prod","BillingAccount","{""owner"": ""a.lovelace"", ""business_unit"": ""ViennaAI"", ""application"": ""AtlasPortal""}",NULL,"Usage-Based",NULL,"Relational Databases",4.3730,131.259968,4.7021
508.48200816,"123456789012","SunBird","BillingAccount","USD","2024-10-01T00:00:00Z","2024-09-01T00:00:00Z",NULL,NULL,"Usage",NULL,"Elastic Load Balancing Load Balancer in US East (N. Virginia)","2024-09-29T10:00:00Z","2024-09-29T09:00:00Z",NULL,NULL,NULL,NULL,NULL,NULL,NULL,171.0600000000,"LCU-Hours",518.859192,3.0332,508.48200816,"AWS",625.121664,3.6544,"Standard","USD",171.06,"LCU-Hours","AWS","AWS","us-east-1","US East (N. Virginia)","arn:aws:ec2:us-east-1:123456789012:instance/i-008e3f3ad38d",NULL,"Load Balancer","Networking","Elastic Load Balancing","BPSR0NOLSYW07SEV","Elastic Load Balancing LCU-Hours",NULL,"S0MVH3U5NUE6XG5Z.YWX0U0AC","517389287820","Atlas Nimbus","BillingAccount","{""team"": ""infra"", ""business_unit"": ""ViennaAI""}","eu-west-1c","Usage-Based",NULL,"Application Networking",3.0332,508.48200816,3.6544
456.06033408,"8a93b2c1-1234-4abc-9def-0123456789ab","Contoso Cloud","BillingProfile","USD","2024-10-01T00:00:00Z","2024-09-01T00:00:00Z",NULL,NULL,"Usage",NULL,"Azure Load Balancer Load Balancer in West Europe","2024-09-14T11:00:00Z","2024-09-14T10:00:00Z",NULL,NULL,NULL,NULL,NULL,NULL,NULL,368.3800000000,"Hours",712.5942719999999,1.9344,456.06033408,"Microsoft",950.1256960000001,2.5792,"Dynamic","USD",368.38,"Hours","Microsoft","Microsoft","westeurope","West Europe","/subscriptions/8a93b2c1-1234-4abc-9def-0123456789ab/resourceGroups/rg-896/providers/Microsoft.Compute/virtualMachines/vm-8367",NULL,"Load Balancer","Networking","Azure Load Balancer","QVW4XM3IO5Z0CRES","Azure Load Balancer Hours",NULL,"J1TNDL4C8EO5JL9J.HBMXJTMJ","sub-2b7c","Staging","BillingProfile",NULL,NULL,"Usage-Based",NULL,"Application Networking",1.9344,456.06033408,2.5792
214.10304752,"01ABCD-2345EF-6789GH","Helios Labs","BillingAccount","USD","2024-10-01T00:00:00Z","2024-09-01T00:00:00Z",NULL,NULL,"Usage",NULL,"Compute Engine VM Instance in Iowa","2024-09-25T06:00:00Z","2024-09-25T05:00:00Z","Usage","cd-720387","commit-0387",NULL,"Used","Reserved Instance",NULL,130.1600000000,"Hours",248.957032,1.9127,214.10304752,"Google",299.940704,2.3044,"Committed","USD",130.16,"Hours","Google","Google","us-central1","Iowa","//compute.googleapis.com/projects/Helios Labs/zones/us-central1-a/instances/inst-6342",NULL,"VM Instance","Compute","Compute Engine","BD26JTTZ1ZYT9O1A","Compute Engine Hours",NULL,"TN706KWB7UVLV1K4.LYYJNJU2","proj-helios-dev","helios-dev","BillingAccount","{""cost_center"": ""CC-3090"", ""environment"": ""staging""}",NULL,"Usage-Based",NULL,"Virtual Machines",1.9127,214.10304752,2.3044
718.32168135,"ocid1.tenancy.oc1..aaaa1234","Meridian OCI","Tenancy","USD","2024-10-01T00:00:00Z","2024-09-01T00:00:00Z",NULL,NULL,"Usage",NULL,"Oracle Object Storage Bucket in Australia East (Sydney)","2024-09-18T15:00:00Z","2024-09-18T14:00:00Z","Spend","cd-590235","commit-0235",NULL,"Used","Reserved Instance",NULL,355.8100000000,"GB",825.657105,2.3205,718.32168135,"Oracle",842.522499,2.3679,"Committed","USD",355.81,"GB","Oracle","Oracle","ap-sydney-1","Australia East (Sydney)","ocid1.instance.oc1.ap-sydney-1.00b094d1d0f2",NULL,"Bucket","Storage","Oracle Object Storage","YF8DY6ZK69Y774KR","Oracle Object Storage GB",NULL,"QQBPXF71U0FOTRD9.8OPG8P8B","ocid1.compartment.oc1..dev","development","Tenancy","{""team"": ""infra"", ""owner"": ""a.lovelace""}","us-ashburn-1-AD-1","Usage-Based",NULL,"Object Storage",2.3205,718.32168135,2.3679
600.234232,"ocid1.tenancy.oc1..aaaa1234","Meridian OCI","Tenancy","USD","2024-10-01T00:00:00Z","2024-09-01T00:00:00Z",NULL,NULL,"Usage",NULL,"Oracle Load Balancer Load Balancer in Australia East (Sydney)","2024-09-12T11:00:00Z","2024-09-12T10:00:00Z",NULL,NULL,NULL,NULL,NULL,NULL,NULL,402.2500000000,"Hours",882.6974,2.1944,600.234232,"Oracle",1298.0607499999999,3.2270,"Standard","USD",402.25,"Hours","Oracle","Oracle","ap-sydney-1","Australia East (Sydney)","ocid1.instance.oc1.ap-sydney-1.001f153680f8",NULL,"Load Balancer","Networking","Oracle Load Balancer","EYNG6XLBAJPGXJNE","Oracle Load Balancer Hours",NULL,"MPZNESA9LFK5CLPH.914LCHLW","ocid1.compartment.oc1..prod","production","Tenancy","{""owner"": ""a.lovelace""}","us-ashburn-1-AD-1","Usage-Based",NULL,"Application Networking",2.1944,600.234232,3.2270
1373.39732464,"123456789012","SunBird","BillingAccount","USD","2024-10-01T00:00:00Z","2024-09-01T00:00:00Z",NULL,NULL,"Usage",NULL,"Amazon Simple Storage Service Bucket in US East (N. Virginia)","2024-09-20T12:00:00Z","2024-09-20T11:00:00Z",NULL,NULL,NULL,NULL,NULL,NULL,NULL,452.0300000000,"GB",1560.678778,3.4526,1373.39732464,"AWS",1576.4546249999999,3.4875,"Dynamic","USD",452.03,"GB","AWS","AWS","us-east-1","US East (N. Virginia)","arn:aws:ec2:us-east-1:123456789012:instance/i-009e978b76a5",NULL,"Bucket","Storage","Amazon Simple Storage Service","PQN64HXEUS5T1HH3","Amazon Simple Storage Service GB",NULL,"D92AI4J8LCQDCP7A.8MSHLNKH","663626350770","Zenith Apollo","BillingAccount","{""owner"": ""a.turing"", ""application"": ""AtlasPortal"", ""team"": ""payments""}",NULL,"Usage-Based",NULL,"Object Storage",3.4526,1373.39732464,3.4875
99.6486072,"123456789012","SunBird","BillingAccount","USD","2024-10-01T00:00:00Z","2024-09-01T00:00:00Z",NULL,NULL,"Usage",NULL,"Amazon Elastic Compute Cloud Virtual Machine in Europe (Ireland)","2024-09-10T04:00:00Z","2024-09-10T03:00:00Z",NULL,NULL,NULL,NULL,NULL,NULL,NULL,273.2000000000,"Hours",134.66028,0.4929,99.6486072,"AWS",189.65544,0.6942,"Standard","USD",273.20,"Hours","AWS","AWS","eu-west-1","Europe (Ireland)","arn:aws:ec2:eu-west-1:123456789012:instance/i-008eb83f6500",NULL,"Virtual Machine","Compute","Amazon Elastic Compute Cloud","WSK7NKY5BGFZ26HH","Amazon Elastic Compute Cloud Hours",NULL,"1380IALUGVM6ZQK1.2OBKKCTF","663626350770","Zenith Apollo","BillingAccount","{""environment"": ""dev"", ""application"": ""BrightLensMatrix""}","us-east-1a","Usage-Based",NULL,"Virtual Machines",0.4929,99.6486072,0.6942
43.32639732,"01ABCD-2345EF-6789GH","Helios Labs","BillingAccount","USD","2024-10-01T00:00:00Z","2024-09-01T00:00:00Z",NULL,NULL,"Usage",NULL,"Cloud Storage Bucket in Iowa","2024-09-29T18:00:00Z","2024-09-29T17:00:00Z",NULL,NULL,NULL,NULL,NULL,NULL,NULL,38.8100000000,"GiB",69.881286,1.8006,43.32639732,"Google",101.278576,2.6096,"Standard","USD",38.81,"GiB","Google","Google","us-central1","Iowa","//compute.googleapis.com/projects/Helios Labs/zones/us-central1-a/instances/inst-5892",NULL,"Bucket","Storage","Cloud Storage","52DO56Q125DA9OB2","Cloud Storage GiB",NULL,"ZRSCV6OUUAF5K2K3.2PI9LBH9","proj-helios-dev","helios-dev","BillingAccount","{""application"": ""AtlasPortal"", ""cost_center"": ""CC-3090""}","asia-southeast1-c","Usage-Based",NULL,"Object Storage",1.8006,43.32639732,2.6096
188.374725,"8a93b2c1-1234-4abc-9def-0123456789ab","Contoso Cloud","BillingProfile","USD","2024-10-01T00:00:00Z","2024-09-01T00:00:00Z",NULL,NULL,"Adjustment",NULL,"Virtual Machines Virtual Machine in Southeast Asia","2024-09-04T21:00:00Z","2024-09-04T20:00:00Z","Spend","cd-747968","commit-7968",NULL,"Used","Savings Plan",NULL,NULL,NULL,251.1663,1.9650,188.374725,"Microsoft",273.01073799999995,2.1359,"Standard","USD",127.82,"Hours","Microsoft","Microsoft","southeastasia","Southeast Asia",NULL,NULL,NULL,"Compute","Virtual Machines","CZUEE4R4EF3DZR8W","Virtual Machines Hours",NULL,"2169ZMFKQD2BTT8F.P87HDHGR","sub-9a1f","Production","BillingProfile",NULL,NULL,"One-Time",NULL,"Virtual Machines",1.9650,188.374725,2.1359
334.39737344,"ocid1.tenancy.oc1..aaaa1234","Meridian OCI","Tenancy","USD","2024-10-01T00:00:00Z","2024-09-01T00:00:00Z",NULL,NULL,"Usage",NULL,"Oracle Functions Function in Australia East (Sydney)","2024-09-20T20:00:00Z","2024-09-20T19:00:00Z","Spend","cd-607447","commit-7447",NULL,"Used","Committed Use Discount",NULL,292.2400000000,"Invocations",439.99654400000003,1.5056,334.39737344,"Oracle",494.382408,1.6917,"Standard","USD",292.24,"Invocations","Oracle","Oracle","ap-sydney-1","Australia East (Sydney)","ocid1.instance.oc1.ap-sydney-1.008f3b0ec66a",NULL,"Function","Compute","Oracle Functions","CIJN9AQWOT26K23I","Oracle Functions Invocations",NULL,"UMJDWL8R794PX65L.3KMNV4BK","ocid1.compartment.oc1..dev","development","Tenancy","{""team"": ""growth"", ""business_unit"": ""ViennaAI""}",NULL,"Usage-Based",NULL,"Serverless Compute",1.5056,334.39737344,1.6917
942.214518,"123456789012","SunBird","BillingAccount","USD","2024-10-01T00:00:00Z","2024-09-01T00:00:00Z",NULL,NULL,"Usage",NULL,"Elastic Load Balancing Load Balancer in US West (Oregon)","2024-09-22T12:00:00Z","2024-09-22T11:00:00Z",NULL,NULL,NULL,NULL,NULL,NULL,NULL,356.9400000000,"LCU-Hours",1256.286024,3.5196,942.214518,"AWS",1427.617224,3.9996,"Standard","USD",356.94,"LCU-Hours","AWS","AWS","us-west-2","US West (Oregon)","arn:aws:ec2:us-west-2:123456789012:instance/i-002ae2c8b23f",NULL,"Load Balancer","Networking","Elastic Load Balancing","9903ZKJ4PVOPTAYK","Elastic Load Balancing LCU-Hours",NULL,"DG01MPRDHQIFXZMQ.VL0NZK79","663626350770","Zenith Apollo","BillingAccount","{""team"": ""growth"", ""environment"": ""qa"", ""cost_center"": ""CC-3090""}","us-west-2b","Usage-Based",NULL,"Application Networking",3.5196,942.214518,3.9996
662.96153568,"8a93b2c1-1234-4abc-9def-0123456789ab","Contoso Cloud","BillingProfile","USD","2024-10-01T00:00:00Z","2024-09-01T00:00:00Z",NULL,NULL,"Usage",NULL,"Azure Blob Storage Storage Account in West Europe","2024-09-20T15:00:00Z","2024-09-20T14:00:00Z",NULL,NULL,NULL,NULL,NULL,NULL,NULL,181.9100000000,"GB",690.584933,3.7963,662.96153568,"Microsoft",726.930551,3.9961,"Standard","USD",181.91,"GB","Microsoft","Microsoft","westeurope","West Europe","/subscriptions/8a93b2c1-1234-4abc-9def-0123456789ab/resourceGroups/rg-150/providers/Microsoft.Compute/virtualMachines/vm-1665",NULL,"Storage Account","Storage","Azure Blob Storage","SV4SKF98TLTYP6HX","Azure Blob Storage GB",NULL,"EKHH0R5LQYSL62LQ.2NUN75XH","sub-2b7c","Staging","BillingProfile","{""business_unit"": ""ViennaAI"", ""environment"": ""prod""}","westeurope-2","Usage-Based",NULL,"Object Storage",3.7963,662.96153568,3.9961
51.93999412,"8a93b2c1-1234-4abc-9def-0123456789ab","Contoso Cloud","BillingProfile","USD","2024-10-01T00:00:00Z","2024-09-01T00:00:00Z",NULL,NULL,"Usage",NULL,"Virtual Machines Virtual Machine in East US","2024-09-14T12:00:00Z","2024-09-14T11:00:00Z",NULL,NULL,NULL,NULL,NULL,NULL,NULL,37.6600000000,"Hours",65.746828,1.7458,51.93999412,"Microsoft",99.61823199999999,2.6452,"Other","USD",37.66,"Hours","Microsoft","Microsoft","eastus","East US","/subscriptions/8a93b2c1-1234-4abc-9def-0123456789ab/resourceGroups/rg-990/providers/Microsoft.Compute/virtualMachines/vm-9752",NULL,"Virtual Machine","Compute","Virtual Machines","QUMEB6FIQZTP48YK","Virtual Machines Hours",NULL,"TNDER0A10YHBY0P2.TGJE75CY","sub-2b7c","Staging","BillingProfile","{""application"": ""AtlasPortal""}",NULL,"Usage-Based",NULL,"Virtual Machines",1.7458,51.93999412,2.6452
132.3531264,"123456789012","SunBird","BillingAccount","USD","2024-10-01T00:00:00Z","2024-09-01T00:00:00Z",NULL,NULL,"Usage",NULL,"Amazon Simple Queue Service Queue in US East (N. Virginia)","2024-09-19T17:00:00Z","2024-09-19T16:00:00Z",NULL,NULL,NULL,NULL,NULL,NULL,NULL,51.2000000000,"Requests",200.53504,3.9167,132.3531264,"AWS",230.5024,4.5020,"Standard","USD",51.20,"Requests","AWS","AWS","us-east-1","US East (N. Virginia)","arn:aws:ec2:us-east-1:123456789012:instance/i-00250b6b2ef4",NULL,"Queue","Integration","Amazon Simple Queue Service","L4K9806OIHLD9ZFQ","Amazon Simple Queue Service Requests",NULL,"9SJXC3ZY26QKCDES.FRRIQZA4","438839167390","Zenith Eclipse","BillingAccount",NULL,"eu-west-1c","Usage-Based",NULL,"Messaging",3.9167,132.3531264,4.5020
219.65041029,"ocid1.tenancy.oc1..aaaa1234","Meridian OCI","Tenancy","USD","2024-10-01T00:00:00Z","2024-09-01T00:00:00Z",NULL,NULL,"Tax",NULL,"Tax charge in US East (Ashburn)","2024-09-03T22:00:00Z","2024-09-03T21:00:00Z",NULL,NULL,NULL,NULL,NULL,NULL,NULL,NULL,NULL,70.2327640000,NULL,219.65041029,"Oracle",60.8804320000,NULL,NULL,"USD",NULL,NULL,"Oracle","Oracle",NULL,NULL,NULL,NULL,NULL,"Other","Tax",NULL,NULL,NULL,NULL,"ocid1.compartment.oc1..dev","development","Tenancy","{""business_unit"": ""LisbonOps"", ""team"": ""infra"", ""owner"": ""g.hopper""}",NULL,"One-Time",NULL,"Other (Security)",NULL,219.65041029,NULL
669.7884836,"8a93b2c1-1234-4abc-9def-0123456789ab","Contoso Cloud","BillingProfile","USD","2024-10-01T00:00:00Z","2024-09-01T00:00:00Z",NULL,NULL,"Usage",NULL,"Azure Functions Function App in West Europe","2024-09-15T13:00:00Z","2024-09-15T12:00:00Z","Usage","cd-319126","commit-9126",NULL,"Unused","Savings Plan",NULL,NULL,NULL,712.54094,3.0370,669.7884836,"Microsoft",962.88048,4.1040,"Committed","USD",234.62,"Executions","Microsoft","Microsoft","westeurope","West Europe","/subscriptions/8a93b2c1-1234-4abc-9def-0123456789ab/resourceGroups/rg-709/providers/Microsoft.Compute/virtualMachines/vm-1933",NULL,"Function App","Compute","Azure Functions","XNR8GUARODPV1BI7","Azure Functions Executions",NULL,"W90Y1A0NWT3ZB5UF.KFDF6SIY","sub-9a1f","Production","BillingProfile",NULL,"uksouth-1","Usage-Based",NULL,"Serverless Compute",3.0370,669.7884836,4.1040
519.289144,"8a93b2c1-1234-4abc-9def-0123456789ab","Contoso Cloud","BillingProfile","USD","2024-10-01T00:00:00Z","2024-09-01T00:00:00Z",NULL,NULL,"Usage",NULL,"Azure Kubernetes Service Cluster in Southeast Asia","2024-09-13T05:00:00Z","2024-09-13T04:00:00Z",NULL,NULL,NULL,NULL,NULL,NULL,NULL,427.3000000000,"Hours",649.1114299999999,1.5191,519.289144,"Microsoft",737.60526,1.7262,"Standard","USD",427.30,"Hours","Microsoft","Microsoft","southeastasia","Southeast Asia","/subscriptions/8a93b2c1-1234-4abc-9def-0123456789ab/resourceGroups/rg-692/providers/Microsoft.Compute/virtualMachines/vm-970",NULL,"Cluster","Compute","Azure Kubernetes Service","RP43VC20XU3O5Q9W","Azure Kubernetes Service Hours",NULL,"JVEKKV9S03DF5UKK.4LR1UKNZ","sub-4d3e","Sandbox","BillingProfile","{""business_unit"": ""LisbonOps""}","westeurope-2","Usage-Based",NULL,"Containers",1.5191,519.289144,1.7262
202.0698015,"01ABCD-2345EF-6789GH","Helios Labs","BillingAccount","USD","2024-10-01T00:00:00Z","2024-09-01T00:00:00Z",NULL,NULL,"Usage",NULL,"Cloud Load Balancing Forwarding Rule in Iowa","2024-09-03T14:00:00Z","2024-09-03T13:00:00Z","Spend","cd-698055","commit-8055",NULL,"Unused","Reserved Instance",NULL,NULL,NULL,288.671145,2.1445,202.0698015,"Google",294.567063,2.1883,"Standard","USD",134.61,"Hours","Google","Google","us-central1","Iowa","//compute.googleapis.com/projects/Helios Labs/zones/us-central1-a/instances/inst-7785",NULL,"Forwarding Rule","Networking","Cloud Load Balancing","UO8VEM4YPVKS0ETI","Cloud Load Balancing Hours",NULL,"1KBRD6WJBZPNQ0EE.7575M2J7","proj-helios-prod","helios-prod","BillingAccount",NULL,NULL,"Usage-Based",NULL,"Application Networking",2.1445,202.0698015,2.1883
302.49157512,"ocid1.tenancy.oc1..aaaa1234","Meridian OCI","Tenancy","USD","2024-10-01T00:00:00Z","2024-09-01T00:00:00Z",NULL,NULL,"Usage",NULL,"Oracle Autonomous Database Database in Australia East (Sydney)","2024-09-29T03:00:00Z","2024-09-29T02:00:00Z",NULL,NULL,NULL,NULL,NULL,NULL,NULL,143.4300000000,"Hours",382.900728,2.6696,302.49157512,"Oracle",510.539085,3.5595,"Standard","USD",143.43,"Hours","Oracle","Oracle","ap-sydney-1","Australia East (Sydney)","ocid1.instance.oc1.ap-sydney-1.00e505637f29",NULL,"Database","Databases","Oracle Autonomous Database","OD6XSSF7TP01DLBM","Oracle Autonomous Database Hours",NULL,"FO498DKECP050533.3P0V3YTW","ocid1.compartment.oc1..prod","production","Tenancy","{""environment"": ""dev""}",NULL,"Usage-Based",NULL,"Relational Databases",2.6696,302.49157512,3.5595
1173.71287488,"01ABCD-2345EF-6789GH","Helios Labs","BillingAccount","USD","2024-10-01T00:00:00Z","2024-09-01T00:00:00Z",NULL,NULL,"Usage",NULL,"Cloud SQL Database Instance in Iowa","2024-09-11T17:00:00Z","2024-09-11T16:00:00Z",NULL,NULL,NULL,NULL,NULL,NULL,NULL,402.9600000000,"Hours",1289.794368,3.2008,1173.71287488,"Google",1401.9381359999998,3.4791,"Standard","USD",402.96,"Hours","Google","Google","us-central1","Iowa","//compute.googleapis.com/projects/Helios Labs/zones/us-central1-a/instances/inst-9077",NULL,"Database Instance","Databases","Cloud SQL","UXNPD8IMPMFNXET7","Cloud SQL Hours",NULL,"UVB3BJYQB1I1AY2S.GUHTT641","proj-helios-prod","helios-prod","BillingAccount",NULL,"europe-west1-b","Usage-Based",NULL,"Relational Databases",3.2008,1173.71287488,3.4791
131.65806774,"123456789012","SunBird","BillingAccount","USD","2024-10-01T00:00:00Z","2024-09-01T00:00:00Z",NULL,NULL,"Credit",NULL,"Amazon Simple Queue Service Queue in Europe (Ireland)","2024-09-11T11:00:00Z","2024-09-11T10:00:00Z",NULL,NULL,NULL,NULL,NULL,NULL,NULL,NULL,NULL,158.62417799999997,2.3358,131.65806774,"AWS",236.75463299999998,3.4863,"Other","USD",67.91,"Requests","AWS","AWS","eu-west-1","Europe (Ireland)",NULL,NULL,NULL,"Integration","Amazon Simple Queue Service","SD1U4KWKCKOX6N33","Amazon Simple Queue Service Requests",NULL,"HKX8L8Q79FTWFYVE.RUZST1QU","663626350770","Zenith Apollo","BillingAccount",NULL,NULL,"One-Time",NULL,"Messaging",2.3358,131.65806774,3.4863
72.34450842,"8a93b2c1-1234-4abc-9def-0123456789ab","Contoso Cloud","BillingProfile","USD","2024-10-01T00:00:00Z","2024-09-01T00:00:00Z",NULL,NULL,"Usage",NULL,"Azure Functions Function App in East US","2024-09-12T01:00:00Z","2024-09-12T00:00:00Z",NULL,NULL,NULL,NULL,NULL,NULL,NULL,151.5900000000,"Executions",76.962243,0.5077,72.34450842,"Microsoft",118.40694900000001,0.7811,"Standard","USD",151.59,"Executions","Microsoft","Microsoft","eastus","East US","/subscriptions/8a93b2c1-1234-4abc-9def-0123456789ab/resourceGroups/rg-226/providers/Microsoft.Compute/virtualMachines/vm-2853",NULL,"Function App","Compute","Azure Functions","45WCHTY2CO15JVCI","Azure Functions Executions",NULL,"6BDTE34C5PR1CPG0.GOTA5IFY","sub-9a1f","Production","BillingProfile","{""business_unit"": ""LisbonOps"", ""owner"": ""a.lovelace""}",NULL,"Usage-Based",NULL,"Serverless Compute",0.5077,72.34450842,0.7811
633.713114,"01ABCD-2345EF-6789GH","Helios Labs","BillingAccount","USD","2024-10-01T00:00:00Z","2024-09-01T00:00:00Z",NULL,NULL,"Usage",NULL,"BigQuery Dataset in Singapore","2024-09-21T20:00:00Z","2024-09-21T19:00:00Z",NULL,NULL,NULL,NULL,NULL,NULL,NULL,358.7800000000,"GiB",931.93105,2.5975,633.713114,"Google",1276.610996,3.5582,"Standard","USD",358.78,"GiB","Google","Google","asia-southeast1","Singapore","//compute.googleapis.com/projects/Helios Labs/zones/asia-southeast1-a/instances/inst-6649",NULL,"Dataset","Analytics","BigQuery","1Z76EWW3HUX00F00","BigQuery GiB",NULL,"9TCP0PYQ0AVXUH0H.EONV0MLI","proj-helios-prod","helios-prod","BillingAccount","{""team"": ""growth"", ""cost_center"": ""CC-1001""}",NULL,"Usage-Based",NULL,"Data Warehouses",2.5975,633.713114,3.5582
173.92144308,"01ABCD-2345EF-6789GH","Helios Labs","BillingAccount","USD","2024-10-01T00:00:00Z","2024-09-01T00:00:00Z",NULL,NULL,"Usage",NULL,"Compute Engine VM Instance in Belgium","2024-09-17T21:00:00Z","2024-09-17T20:00:00Z","Usage","cd-695075","commit-5075",NULL,"Unused","Committed Use Discount",NULL,NULL,NULL,225.87200400000003,3.5106,173.92144308,"Google",305.22896000000003,4.7440,"Committed","USD",64.34,"Hours","Google","Google","europe-west1","Belgium","//compute.googleapis.com/projects/Helios Labs/zones/europe-west1-a/instances/inst-6935",NULL,"VM Instance","Compute","Compute Engine","0MF1ODWK5DQNYLLW","Compute Engine Hours",NULL,"F1QIPAHI4SZAH5YN.GF61P3B7","proj-helios-dev","helios-dev","BillingAccount","{""team"": ""growth"", ""cost_center"": ""CC-3090"", ""owner"": ""a.turing""}",NULL,"Usage-Based",NULL,"Virtual Machines",3.5106,173.92144308,4.7440
250.67179724,"01ABCD-2345EF-6789GH","Helios Labs","BillingAccount","USD","2024-10-01T00:00:00Z","2024-09-01T00:00:00Z",NULL,NULL,"Usage",NULL,"Cloud Storage Bucket in Northern Virginia","2024-09-18T23:00:00Z","2024-09-18T22:00:00Z",NULL,NULL,NULL,NULL,NULL,NULL,NULL,206.6200000000,"GiB",291.478834,1.4107,250.67179724,"Google",359.849392,1.7416,"Standard","USD",206.62,"GiB","Google","Google","us-east4","Northern Virginia","//compute.googleapis.com/projects/Helios Labs/zones/us-east4-a/instances/inst-5716",NULL,"Bucket","Storage","Cloud Storage","TACNK4NBNIT7L2TY","Cloud Storage GiB",NULL,"NUIOV0FH96JAP8A1.V60IE9VM","proj-helios-prod","helios-prod","BillingAccount","{""cost_center"": ""CC-1001"", ""business_unit"": ""OsloData""}",NULL,"Usage-Based",NULL,"Object Storage",1.4107,250.67179724,1.7416
900.00343496,"123456789012","SunBird","BillingAccount","USD","2024-10-01T00:00:00Z","2024-09-01T00:00:00Z",NULL,NULL,"Usage",NULL,"AWS Lambda Function in US East (N. Virginia)","2024-09-29T00:00:00Z","2024-09-28T23:00:00Z",NULL,NULL,NULL,NULL,NULL,NULL,NULL,233.3200000000,"Requests",918.370852,3.9361,900.00343496,"AWS",927.6569880000001,3.9759,"Standard","USD",233.32,"Requests","AWS","AWS","us-east-1","US East (N. Virginia)","arn:aws:ec2:us-east-1:123456789012:instance/i-0056eee030e1",NULL,"Function","Compute","AWS Lambda","K0U6RVAMM5DLRBO5","AWS Lambda Requests",NULL,"XNWMGMJQVI2V02GV.DPDXZ639","517389287820","Atlas Nimbus","BillingAccount","{""environment"": ""staging"", ""team"": ""infra""}","us-east-1a","Usage-Based",NULL,"Serverless Compute",3.9361,900.00343496,3.9759
284.02418632,"ocid1.tenancy.oc1..aaaa1234","Meridian OCI","Tenancy","USD","2024-10-01T00:00:00Z","2024-09-01T00:00:00Z",NULL,NULL,"Usage",NULL,"Oracle Compute Instance in US East (Ashburn)","2024-09-15T02:00:00Z","2024-09-15T01:00:00Z","Spend","cd-938150","commit-8150",NULL,"Used","Committed Use Discount",NULL,146.0600000000,"Hours",383.81646800000004,2.6278,284.02418632,"Oracle",395.691146,2.7091,"Committed","USD",146.06,"Hours","Oracle","Oracle","us-ashburn-1","US East (Ashburn)","ocid1.instance.oc1.us-ashburn-1.002ddb7f20c1",NULL,"Instance","Compute","Oracle Compute","PZF0W20WI6KIYGUR","Oracle Compute Hours",NULL,"BIT9QSMQU340ZEP8.81VVBCFX","ocid1.compartment.oc1..dev","development","Tenancy","{""application"": ""AtlasPortal"", ""business_unit"": ""LisbonOps"", ""owner"": ""a.turing""}","uk-london-1-AD-2","Usage-Based",NULL,"Virtual Machines",2.6278,284.02418632,2.7091
585.19447896,"01ABCD-2345EF-6789GH","Helios Labs","BillingAccount","USD","2024-10-01T00:00:00Z","2024-09-01T00:00:00Z",NULL,NULL,"Usage",NULL,"Cloud Load Balancing Forwarding Rule in Northern Virginia","2024-09-23T00:00:00Z","2024-09-22T23:00:00Z",NULL,NULL,NULL,NULL,NULL,NULL,NULL,282.1600000000,"Hours",643.070856,2.2791,585.19447896,"Google",918.6847440000001,3.2559,"Standard","USD",282.16,"Hours","Google","Google","us-east4","Northern Virginia","//compute.googleapis.com/projects/Helios Labs/zones/us-east4-a/instances/inst-1079",NULL,"Forwarding Rule","Networking","Cloud Load Balancing","SFJ3B0YG9UO0C758","Cloud Load Balancing Hours",NULL,"C2IAIBON99GEKA1Z.41O2KBM2","proj-helios-dev","helios-dev","BillingAccount","{""team"": ""platform""}",NULL,"Usage-Based",NULL,"Application Networking",2.2791,585.19447896,3.2559
494.3330832,"01ABCD-2345EF-6789GH","Helios Labs","BillingAccount","USD","2024-10-01T00:00:00Z","2024-09-01T00:00:00Z",NULL,NULL,"Usage",NULL,"Cloud SQL Database Instance in Belgium","2024-09-16T11:00:00Z","2024-09-16T10:00:00Z",NULL,NULL,NULL,NULL,NULL,NULL,NULL,320.3000000000,"Hours",668.01768,2.0856,494.3330832,"Google",927.78098,2.8966,"Dynamic","USD",320.30,"Hours","Google","Google","europe-west1","Belgium","//compute.googleapis.com/projects/Helios Labs/zones/europe-west1-a/instances/inst-6062",NULL,"Database Instance","Databases","Cloud SQL","2MPEZQAVR1985PDW","Cloud SQL Hours",NULL,"7618HDKVNGIL10IU.R56DCU7D","proj-helios-dev","helios-dev","BillingAccount","{""environment"": ""qa"", ""cost_center"": ""CC-2042""}","europe-west1-b","Usage-Based",NULL,"Relational Databases",2.0856,494.3330832,2.8966
24.00582772,"123456789012","SunBird","BillingAccount","USD","2024-10-01T00:00:00Z","2024-09-01T00:00:00Z",NULL,NULL,"Usage",NULL,"Amazon Elastic Compute Cloud Virtual Machine in Europe (Ireland)","2024-09-06T06:00:00Z","2024-09-06T05:00:00Z",NULL,NULL,NULL,NULL,NULL,NULL,NULL,384.2900000000,"Hours",24.748276,0.0644,24.00582772,"AWS",25.017279000000002,0.0651,"Dynamic","USD",384.29,"Hours","AWS","AWS","eu-west-1","Europe (Ireland)","arn:aws:ec2:eu-west-1:123456789012:instance/i-006938a3c5d2",NULL,"Virtual Machine","Compute","Amazon Elastic Compute Cloud","QZ2OT5SPZOC9RGNG","Amazon Elastic Compute Cloud Hours",NULL,"7UY5E7OJGMAWSI8Q.LWEGFCMW","438839167390","Zenith Eclipse","BillingAccount","{""team"": ""payments""}",NULL,"Usage-Based",NULL,"Virtual Machines",0.0644,24.00582772,0.0651
530.6773900000001,"01ABCD-2345EF-6789GH","Helios Labs","BillingAccount","USD","2024-10-01T00:00:00Z","2024-09-01T00:00:00Z",NULL,NULL,"Purchase",NULL,"Cloud Load Balancing Forwarding Rule in Iowa","2024-09-08T03:00:00Z","2024-09-08T02:00:00Z",NULL,NULL,NULL,NULL,NULL,NULL,NULL,NULL,NULL,530.6773900000001,1.2854,0,"Google",647.18366,1.5676,"Standard","USD",412.85,"Hours","Google","Google","us-central1","Iowa","//compute.googleapis.com/projects/Helios Labs/zones/us-central1-a/instances/inst-8032",NULL,"Forwarding Rule","Networking","Cloud Load Balancing","IP98203Y1CYK7UEM","Cloud Load Balancing Hours",NULL,"TBN49N83SSMB7G6M.0PKN2ALY","proj-helios-dev","helios-dev","BillingAccount",NULL,NULL,"One-Time",NULL,"Application Networking",1.2854,0,1.5676
504.9182226,"8a93b2c1-1234-4abc-9def-0123456789ab","Contoso Cloud","BillingProfile","USD","2024-10-01T00:00:00Z","2024-09-01T00:00:00Z",NULL,NULL,"Usage",NULL,"Azure Functions Function App in West Europe","2024-09-21T04:00:00Z","2024-09-21T03:00:00Z",NULL,NULL,NULL,NULL,NULL,NULL,NULL,279.6200000000,"Executions",731.76554,2.6170,504.9182226,"Microsoft",770.269214,2.7547,"Standard","USD",279.62,"Executions","Microsoft","Microsoft","westeurope","West Europe","/subscriptions/8a93b2c1-1234-4abc-9def-0123456789ab/resourceGroups/rg-190/providers/Microsoft.Compute/virtualMachines/vm-1403",NULL,"Function App","Compute","Azure Functions","22Z25EI99ICODJ72","Azure Functions Executions",NULL,"U2RCW6LPAN0AY257.4HKR4LYU","sub-9a1f","Production","BillingProfile",NULL,"westeurope-2","Usage-Based",NULL,"Serverless Compute",2.6170,504.9182226,2.7547
1429.3534545,"ocid1.tenancy.oc1..aaaa1234","Meridian OCI","Tenancy","USD","2024-10-01T00:00:00Z","2024-09-01T00:00:00Z",NULL,NULL,"Usage",NULL,"Oracle Compute Instance in US East (Ashburn)","2024-09-13T01:00:00Z","2024-09-13T00:00:00Z",NULL,NULL,NULL,NULL,NULL,NULL,NULL,474.0100000000,"Hours",1588.1705049999998,3.3505,1429.3534545,"Oracle",1654.342301,3.4901,"Dynamic","USD",474.01,"Hours","Oracle","Oracle","us-ashburn-1","US East (Ashburn)","ocid1.instance.oc1.us-ashburn-1.00e64170b8ca",NULL,"Instance","Compute","Oracle Compute","T78JUI0DH7XGGHU1","Oracle Compute Hours",NULL,"4PO8WEU31S05CXD0.8A8M6NEO","ocid1.compartment.oc1..dev","development","Tenancy","{""business_unit"": ""LisbonOps""}",NULL,"Usage-Based",NULL,"Virtual Machines",3.3505,1429.3534545,3.4901
55.82380176,"ocid1.tenancy.oc1..aaaa1234","Meridian OCI","Tenancy","USD","2024-10-01T00:00:00Z","2024-09-01T00:00:00Z",NULL,NULL,"Adjustment",NULL,"Oracle Autonomous Database Database in Australia East (Sydney)","2024-09-08T14:00:00Z","2024-09-08T13:00:00Z","Usage","cd-881761","commit-1761",NULL,"Used","Savings Plan",NULL,NULL,NULL,77.53305800000001,0.1627,55.82380176,"Oracle",123.042628,0.2582,"Committed","USD",476.54,"Hours","Oracle","Oracle","ap-sydney-1","Australia East (Sydney)",NULL,NULL,NULL,"Databases","Oracle Autonomous Database","JPTXIRU2DVEUV47I","Oracle Autonomous Database Hours",NULL,"ZM88AMKRJ3FYH7YK.6Y3Q40LN","ocid1.compartment.oc1..prod","production","Tenancy","{""cost_center"": ""CC-3090""}",NULL,"One-Time",NULL,"Relational Databases",0.1627,55.82380176,0.2582
694.2424512,"ocid1.tenancy.oc1..aaaa1234","Meridian OCI","Tenancy","USD","2024-10-01T00:00:00Z","2024-09-01T00:00:00Z",NULL,NULL,"Usage",NULL,"Oracle Compute Instance in US East (Ashburn)","2024-09-28T20:00:00Z","2024-09-28T19:00:00Z",NULL,NULL,NULL,NULL,NULL,NULL,NULL,376.0500000000,"Hours",1084.7538299999999,2.8846,694.2424512,"Oracle",1306.92417,3.4754,"Dynamic","USD",376.05,"Hours","Oracle","Oracle","us-ashburn-1","US East (Ashburn)","ocid1.instance.oc1.us-ashburn-1.00d076403907",NULL,"Instance","Compute","Oracle Compute","RFLOI6AZLWPQG6XR","Oracle Compute Hours",NULL,"VXRE8KU87PFQADOW.ZOBMK6J1","ocid1.compartment.oc1..dev","development","Tenancy",NULL,"us-ashburn-1-AD-1","Usage-Based",NULL,"Virtual Machines",2.8846,694.2424512,3.4754
736.97039832,"8a93b2c1-1234-4abc-9def-0123456789ab","Contoso Cloud","BillingProfile","USD","2024-10-01T00:00:00Z","2024-09-01T00:00:00Z",NULL,NULL,"Usage",NULL,"Azure SQL Database SQL Database in Southeast Asia","2024-09-01T10:00:00Z","2024-09-01T09:00:00Z","Usage","cd-547356","commit-7356",NULL,"Used","Committed Use Discount",NULL,406.6600000000,"Hours",944.833844,2.3234,736.97039832,"Microsoft",1111.564444,2.7334,"Committed","USD",406.66,"Hours","Microsoft","Microsoft","southeastasia","Southeast Asia","/subscriptions/8a93b2c1-1234-4abc-9def-0123456789ab/resourceGroups/rg-397/providers/Microsoft.Compute/virtualMachines/vm-4537",NULL,"SQL Database","Databases","Azure SQL Database","D70L808UYSNT2YD7","Azure SQL Database Hours",NULL,"8LNBKX82L7SZ3NZN.EZMPB9SY","sub-4d3e","Sandbox","BillingProfile",NULL,"uksouth-1","Usage-Based",NULL,"Relational Databases",2.3234,736.97039832,2.7334
56.3273856,"123456789012","SunBird","BillingAccount","USD","2024-10-01T00:00:00Z","2024-09-01T00:00:00Z",NULL,NULL,"Usage",NULL,"Amazon Simple Queue Service Queue in US West (Oregon)","2024-09-17T20:00:00Z","2024-09-17T19:00:00Z","Usage","cd-965464","commit-5464",NULL,"Unused","Committed Use Discount",NULL,NULL,NULL,78.23248,0.6640,56.3273856,"AWS",122.23825000000001,1.0375,"Standard","USD",117.82,"Requests","AWS","AWS","us-west-2","US West (Oregon)","arn:aws:ec2:us-west-2:123456789012:instance/i-00ccef603d77",NULL,"Queue","Integration","Amazon Simple Queue Service","OCOGDGY0PY1LJ7RX","Amazon Simple Queue Service Requests",NULL,"UTESA8V3YJKWEGA6.T71FCY0C","663626350770","Zenith Apollo","BillingAccount","{""owner"": ""a.lovelace""}","us-west-2b","Usage-Based",NULL,"Messaging",0.6640,56.3273856,1.0375
34.23394992,"123456789012","SunBird","BillingAccount","USD","2024-10-01T00:00:00Z","2024-09-01T00:00:00Z",NULL,NULL,"Usage",NULL,"Amazon Simple Storage Service Bucket in Asia Pacific (Sydney)","2024-09-13T16:00:00Z","2024-09-13T15:00:00Z",NULL,NULL,NULL,NULL,NULL,NULL,NULL,51.9600000000,"GB",50.344044,0.9689,34.23394992,"AWS",68.031228,1.3093,"Other","USD",51.96,"GB","AWS","AWS","ap-southeast-2","Asia Pacific (Sydney)","arn:aws:ec2:ap-southeast-2:123456789012:instance/i-00a2d4292cfd",NULL,"Bucket","Storage","Amazon Simple Storage Service","SU4OJE1WDLRJN7MW","Amazon Simple Storage Service GB",NULL,"RQA3EEA3K7XBKPBW.B112GQ8V","517389287820","Atlas Nimbus","BillingAccount","{""team"": ""growth"", ""environment"": ""prod"", ""business_unit"": ""ViennaAI""}","ap-southeast-2a","Usage-Based",NULL,"Object Storage",0.9689,34.23394992,1.3093
377.01873792,"8a93b2c1-1234-4abc-9def-0123456789ab","Contoso Cloud","BillingProfile","USD","2024-10-01T00:00:00Z","2024-09-01T00:00:00Z",NULL,NULL,"Adjustment",NULL,"Azure Load Balancer Load Balancer in West Europe","2024-09-22T08:00:00Z","2024-09-22T07:00:00Z",NULL,NULL,NULL,NULL,NULL,NULL,NULL,NULL,NULL,409.80297599999994,1.4256,377.01873792,"Microsoft",455.33664,1.5840,"Dynamic","USD",287.46,"Hours","Microsoft","Microsoft","westeurope","West Europe",NULL,NULL,NULL,"Networking","Azure Load Balancer","L69EWLD6WIH2Z9AH","Azure Load Balancer Hours",NULL,"K01KVCUD4OIREOSP.DPKXCK5Q","sub-9a1f","Production","BillingProfile","{""owner"": ""g.hopper"", ""environment"": ""dev"", ""business_unit"": ""ViennaAI""}",NULL,"One-Time",NULL,"Application Networking",1.4256,377.01873792,1.5840
594.826141,"ocid1.tenancy.oc1..aaaa1234","Meridian OCI","Tenancy","USD","2024-10-01T00:00:00Z","2024-09-01T00:00:00Z",NULL,NULL,"Usage",NULL,"Oracle Object Storage Bucket in US East (Ashburn)","2024-09-22T14:00:00Z","2024-09-22T13:00:00Z",NULL,NULL,NULL,NULL,NULL,NULL,NULL,419.9000000000,"GB",849.7516299999999,2.0237,594.826141,"Oracle",1011.6230799999998,2.4092,"Other","USD",419.90,"GB","Oracle","Oracle","us-ashburn-1","US East (Ashburn)","ocid1.instance.oc1.us-ashburn-1.00474d5e6ceb",NULL,"Bucket","Storage","Oracle Object Storage","OB70QGS90PIC6UBV","Oracle Object Storage GB",NULL,"DR65GVBUH9IN35KG.DD4QSQ4O","ocid1.compartment.oc1..prod","production","Tenancy","{""owner"": ""k.johnson""}",NULL,"Usage-Based",NULL,"Object Storage",2.0237,594.826141,2.4092
3.3929478,"123456789012","SunBird","BillingAccount","USD","2024-10-01T00:00:00Z","2024-09-01T00:00:00Z",NULL,NULL,"Usage",NULL,"AWS Lambda Function in US East (N. Virginia)","2024-09-06T08:00:00Z","2024-09-06T07:00:00Z",NULL,NULL,NULL,NULL,NULL,NULL,NULL,4.9500000000,"Requests",4.464405,0.9019,3.3929478,"AWS",4.960395,1.0021,"Other","USD",4.95,"Requests","AWS","AWS","us-east-1","US East (N. Virginia)","arn:aws:ec2:us-east-1:123456789012:instance/i-0062c30da92c",NULL,"Function","Compute","AWS Lambda","RYZYA2IOZYDS4QGJ","AWS Lambda Requests",NULL,"A9G8AM17N6JWI8SA.TNPXHZBI","438839167390","Zenith Eclipse","BillingAccount","{""cost_center"": ""CC-2042"", ""team"": ""infra""}",NULL,"Usage-Based",NULL,"Serverless Compute",0.9019,3.3929478,1.0021
577.0709568,"01ABCD-2345EF-6789GH","Helios Labs","BillingAccount","USD","2024-10-01T00:00:00Z","2024-09-01T00:00:00Z",NULL,NULL,"Tax",NULL,"Tax charge in Northern Virginia","2024-09-06T16:00:00Z","2024-09-06T15:00:00Z",NULL,NULL,NULL,NULL,NULL,NULL,NULL,NULL,NULL,31.5098910000,NULL,577.0709568,"Google",26.1624830000,NULL,NULL,"USD",NULL,NULL,"Google","Google",NULL,NULL,NULL,NULL,NULL,"Other","Tax",NULL,NULL,NULL,NULL,"proj-helios-dev","helios-dev","BillingAccount","{""environment"": ""qa"", ""team"": ""platform""}",NULL,"One-Time",NULL,"Other (Security)",NULL,577.0709568,NULL
953.0023032,"123456789012","SunBird","BillingAccount","USD","2024-10-01T00:00:00Z","2024-09-01T00:00:00Z",NULL,NULL,"Usage",NULL,"Amazon Simple Storage Service Bucket in Europe (Ireland)","2024-09-21T20:00:00Z","2024-09-21T19:00:00Z",NULL,NULL,NULL,NULL,NULL,NULL,NULL,304.9100000000,"GB",1058.891448,3.4728,953.0023032,"AWS",1340.3538690000003,4.3959,"Standard","USD",304.91,"GB","AWS","AWS","eu-west-1","Europe (Ireland)","arn:aws:ec2:eu-west-1:123456789012:instance/i-0047a0f8664e",NULL,"Bucket","Storage","Amazon Simple Storage Service","L93PSBFFQ5T3VR5M","Amazon Simple Storage Service GB",NULL,"23CRC038ETXYV42O.YGCMQBV4","517389287820","Atlas Nimbus","BillingAccount","{""business_unit"": ""MarseilleSRE"", ""environment"": ""qa"", ""owner"": ""a.lovelace""}",NULL,"Usage-Based",NULL,"Object Storage",3.4728,953.0023032,4.3959
58.04171604,"ocid1.tenancy.oc1..aaaa1234","Meridian OCI","Tenancy","USD","2024-10-01T00:00:00Z","2024-09-01T00:00:00Z",NULL,NULL,"Usage",NULL,"Oracle Load Balancer Load Balancer in Australia East (Sydney)","2024-09-03T05:00:00Z","2024-09-03T04:00:00Z",NULL,NULL,NULL,NULL,NULL,NULL,NULL,146.6800000000,"Hours",58.627996,0.3997,58.04171604,"Oracle",80.321968,0.5476,"Standard","USD",146.68,"Hours","Oracle","Oracle","ap-sydney-1","Australia East (Sydney)","ocid1.instance.oc1.ap-sydney-1.00c72e4fec0d",NULL,"Load Balancer","Networking","Oracle Load Balancer","6633E1GYU63LO0PT","Oracle Load Balancer Hours",NULL,"EHCQ8V2902HJYU4K.9E9JHK59","ocid1.compartment.oc1..prod","production","Tenancy","{""environment"": ""qa"", ""application"": ""BrightSourceCore""}",NULL,"Usage-Based",NULL,"Application Networking",0.3997,58.04171604,0.5476
44.882138999999995,"01ABCD-2345EF-6789GH","Helios Labs","BillingAccount","USD","2024-10-01T00:00:00Z","2024-09-01T00:00:00Z",NULL,NULL,"Purchase",NULL,"Cloud Load Balancing Forwarding Rule in Belgium","2024-09-25T16:00:00Z","2024-09-25T15:00:00Z","Usage","cd-829482","commit-9482",NULL,"Unused","Committed Use Discount",NULL,NULL,NULL,44.882138999999995,0.1021,0,"Google",56.838986999999996,0.1293,"Committed","USD",439.59,"Hours","Google","Google","europe-west1","Belgium","//compute.googleapis.com/projects/Helios Labs/zones/europe-west1-a/instances/inst-4303",NULL,"Forwarding Rule","Networking","Cloud Load Balancing","RN30NH7UXZ5B5H1Q","Cloud Load Balancing Hours",NULL,"Q9GRTAADRC2X0CJP.HD1TC25K","proj-helios-dev","helios-dev","BillingAccount","{""team"": ""payments""}",NULL,"One-Time",NULL,"Application Networking",0.1021,0,0.1293
1154.91869766,"ocid1.tenancy.oc1..aaaa1234","Meridian OCI","Tenancy","USD","2024-10-01T00:00:00Z","2024-09-01T00:00:00Z",NULL,NULL,"Credit",NULL,"Oracle Load Balancer Load Balancer in Australia East (Sydney)","2024-09-08T13:00:00Z","2024-09-08T12:00:00Z",NULL,NULL,NULL,NULL,NULL,NULL,NULL,NULL,NULL,1480.664997,3.2963,1154.91869766,"Oracle",1682.575902,3.7458,"Other","USD",449.19,"Hours","Oracle","Oracle","ap-sydney-1","Australia East (Sydney)",NULL,NULL,NULL,"Networking","Oracle Load Balancer","M00UR2X639P4EDUM","Oracle Load Balancer Hours",NULL,"JWD153H9UMZAG4SO.BQDKWYDC","ocid1.compartment.oc1..prod","production","Tenancy","{""owner"": ""k.johnson"", ""team"": ""platform"", ""environment"": ""qa""}",NULL,"One-Time",NULL,"Application Networking",3.2963,1154.91869766,3.7458
197.88542514,"123456789012","SunBird","BillingAccount","USD","2024-10-01T00:00:00Z","2024-09-01T00:00:00Z",NULL,NULL,"Usage",NULL,"Amazon Simple Storage Service Bucket in US East (N. Virginia)","2024-09-30T03:00:00Z","2024-09-30T02:00:00Z",NULL,NULL,NULL,NULL,NULL,NULL,NULL,176.0700000000,"GB",253.699263,1.4409,197.88542514,"AWS",422.83210499999996,2.4015,"Dynamic","USD",176.07,"GB","AWS","AWS","us-east-1","US East (N. Virginia)","arn:aws:ec2:us-east-1:123456789012:instance/i-00199bde396b",NULL,"Bucket","Storage","Amazon Simple Storage Service","0SL3KBSN69G503ZI","Amazon Simple Storage Service GB",NULL,"K2CJWTPEZOEU6T0R.4IV0DSY3","438839167390","Zenith Eclipse","BillingAccount","{""owner"": ""a.turing"", ""team"": ""infra"", ""application"": ""BrightSourceCore""}",NULL,"Usage-Based",NULL,"Object Storage",1.4409,197.88542514,2.4015
118.15716528,"8a93b2c1-1234-4abc-9def-0123456789ab","Contoso Cloud","BillingProfile","USD","2024-10-01T00:00:00Z","2024-09-01T00:00:00Z",NULL,NULL,"Usage",NULL,"Azure Load Balancer Load Balancer in East US","2024-09-09T18:00:00Z","2024-09-09T17:00:00Z","Spend","cd-952640","commit-2640",NULL,"Used","Savings Plan",NULL,346.8600000000,"Hours",134.269506,0.3871,118.15716528,"Microsoft",186.471936,0.5376,"Dynamic","USD",346.86,"Hours","Microsoft","Microsoft","eastus","East US","/subscriptions/8a93b2c1-1234-4abc-9def-0123456789ab/resourceGroups/rg-452/providers/Microsoft.Compute/virtualMachines/vm-3930",NULL,"Load Balancer","Networking","Azure Load Balancer","D1Y21ZUSAUOLRKH0","Azure Load Balancer Hours",NULL,"ROVOK61E39AX9EP7.CV2OLHOY","sub-4d3e","Sandbox","BillingProfile","{""owner"": ""a.turing""}","eastus-1","Usage-Based",NULL,"Application Networking",0.3871,118.15716528,0.5376
58.25946888,"ocid1.tenancy.oc1..aaaa1234","Meridian OCI","Tenancy","USD","2024-10-01T00:00:00Z","2024-09-01T00:00:00Z",NULL,NULL,"Usage",NULL,"Oracle Autonomous Database Database in UK South (London)","2024-09-16T22:00:00Z","2024-09-16T21:00:00Z",NULL,NULL,NULL,NULL,NULL,NULL,NULL,59.5800000000,"Hours",78.729012,1.3214,58.25946888,"Oracle",131.218992,2.2024,"Standard","USD",59.58,"Hours","Oracle","Oracle","uk-london-1","UK South (London)","ocid1.instance.oc1.uk-london-1.0095d08e03e6",NULL,"Database","Databases","Oracle Autonomous Database","RSFIMV81LU9ZJZPU","Oracle Autonomous Database Hours",NULL,"1BCYLVWEXF42XEM4.7QVNEL3M","ocid1.compartment.oc1..dev","development","Tenancy","{""environment"": ""staging"", ""cost_center"": ""CC-1001""}",NULL,"Usage-Based",NULL,"Relational Databases",1.3214,58.25946888,2.2024
139.52852736,"01ABCD-2345EF-6789GH","Helios Labs","BillingAccount","USD","2024-10-01T00:00:00Z","2024-09-01T00:00:00Z",NULL,NULL,"Usage",NULL,"Cloud SQL Database Instance in Iowa","2024-09-27T16:00:00Z","2024-09-27T15:00:00Z",NULL,NULL,NULL,NULL,NULL,NULL,NULL,56.0100000000,"Hours",218.01332399999998,3.8924,139.52852736,"Google",262.66449600000004,4.6896,"Standard","USD",56.01,"Hours","Google","Google","us-central1","Iowa","//compute.googleapis.com/projects/Helios Labs/zones/us-central1-a/instances/inst-9728",NULL,"Database Instance","Databases","Cloud SQL","Q2C6GAGR7GK2E98R","Cloud SQL Hours",NULL,"C9QP2T9HIZ6H5PAA.7BU68AV6","proj-helios-prod","helios-prod","BillingAccount","{""environment"": ""staging"", ""team"": ""payments""}","us-central1-a","Usage-Based",NULL,"Relational Databases",3.8924,139.52852736,4.6896
11.97606144,"123456789012","SunBird","BillingAccount","USD","2024-10-01T00:00:00Z","2024-09-01T00:00:00Z",NULL,NULL,"Usage",NULL,"Amazon Relational Database Service Database Instance in US East (N. Virginia)","2024-09-10T06:00:00Z","2024-09-10T05:00:00Z",NULL,NULL,NULL,NULL,NULL,NULL,NULL,169.9600000000,"Hours",18.712596,0.1101,11.97606144,"AWS",28.349328000000003,0.1668,"Standard","USD",169.96,"Hours","AWS","AWS","us-east-1","US East (N. Virginia)","arn:aws:ec2:us-east-1:123456789012:instance/i-009becb5030b",NULL,"Database Instance","Databases","Amazon Relational Database Service","1CLGPEG00T0BIEKS","Amazon Relational Database Service Hours",NULL,"121QJ6HJW7MZKD3R.69QUELYA","517389287820","Atlas Nimbus","BillingAccount",NULL,"us-west-2b","Usage-Based",NULL,"Relational Databases",0.1101,11.97606144,0.1668
263.625208,"8a93b2c1-1234-4abc-9def-0123456789ab","Contoso Cloud","BillingProfile","USD","2024-10-01T00:00:00Z","2024-09-01T00:00:00Z",NULL,NULL,"Credit",NULL,"Virtual Machines Virtual Machine in West Europe","2024-09-04T09:00:00Z","2024-09-04T08:00:00Z",NULL,NULL,NULL,NULL,NULL,NULL,NULL,NULL,NULL,329.53150999999997,1.5230,263.625208,"Microsoft",451.412731,2.0863,"Other","USD",216.37,"Hours","Microsoft","Microsoft","westeurope","West Europe",NULL,NULL,NULL,"Compute","Virtual Machines","0ZW56GNBSWDTP6ZS","Virtual Machines Hours",NULL,"GZRWC7YJUMIIOB4J.R95YQGL0","sub-9a1f","Production","BillingProfile",NULL,NULL,"One-Time",NULL,"Virtual Machines",1.5230,263.625208,2.0863
149.65317752,"8a93b2c1-1234-4abc-9def-0123456789ab","Contoso Cloud","BillingProfile","USD","2024-10-01T00:00:00Z","2024-09-01T00:00:00Z",NULL,NULL,"Usage",NULL,"Azure Load Balancer Load Balancer in Southeast Asia","2024-09-21T22:00:00Z","2024-09-21T21:00:00Z",NULL,NULL,NULL,NULL,NULL,NULL,NULL,59.2900000000,"Hours",159.205508,2.6852,149.65317752,"Microsoft",221.116126,3.7294,"Dynamic","USD",59.29,"Hours","Microsoft","Microsoft","southeastasia","Southeast Asia","/subscriptions/8a93b2c1-1234-4abc-9def-0123456789ab/resourceGroups/rg-591/providers/Microsoft.Compute/virtualMachines/vm-8877",NULL,"Load Balancer","Networking","Azure Load Balancer","467W86HLA1YXYMLX","Azure Load Balancer Hours",NULL,"0J31KIP08PFL4VOQ.H8NWV49C","sub-2b7c","Staging","BillingProfile","{""cost_center"": ""CC-1001""}","uksouth-1","Usage-Based",NULL,"Application Networking",2.6852,149.65317752,3.7294
488.890961,"8a93b2c1-1234-4abc-9def-0123456789ab","Contoso Cloud","BillingProfile","USD","2024-10-01T00:00:00Z","2024-09-01T00:00:00Z",NULL,NULL,"Usage",NULL,"Azure Functions Function App in East US","2024-09-20T10:00:00Z","2024-09-20T09:00:00Z",NULL,NULL,NULL,NULL,NULL,NULL,NULL,210.2500000000,"Executions",504.01130000000006,2.3972,488.890961,"Microsoft",592.94705,2.8202,"Standard","USD",210.25,"Executions","Microsoft","Microsoft","eastus","East US","/subscriptions/8a93b2c1-1234-4abc-9def-0123456789ab/resourceGroups/rg-973/providers/Microsoft.Compute/virtualMachines/vm-113",NULL,"Function App","Compute","Azure Functions","PEBNLPH7113D115Q","Azure Functions Executions",NULL,"44IDGFDSA9O6QP39.LZBF8244","sub-9a1f","Production","BillingProfile","{""business_unit"": ""MarseilleSRE"", ""owner"": ""k.johnson"", ""team"": ""payments""}","uksouth-1","Usage-Based",NULL,"Serverless Compute",2.3972,488.890961,2.8202
938.71602324,"01ABCD-2345EF-6789GH","Helios Labs","BillingAccount","USD","2024-10-01T00:00:00Z","2024-09-01T00:00:00Z",NULL,NULL,"Usage",NULL,"Cloud Load Balancing Forwarding Rule in Belgium","2024-09-13T02:00:00Z","2024-09-13T01:00:00Z",NULL,NULL,NULL,NULL,NULL,NULL,NULL,295.7400000000,"Hours",1322.135244,4.4706,938.71602324,"Google",1391.722866,4.7059,"Standard","USD",295.74,"Hours","Google","Google","europe-west1","Belgium","//compute.googleapis.com/projects/Helios Labs/zones/europe-west1-a/instances/inst-1288",NULL,"Forwarding Rule","Networking","Cloud Load Balancing","DKG77WLFGS7T1COY","Cloud Load Balancing Hours",NULL,"M7OZ8586TLBS3V9P.X6T24DYP","proj-helios-prod","helios-prod","BillingAccount","{""team"": ""infra"", ""environment"": ""qa""}","europe-west1-b","Usage-Based",NULL,"Application Networking",4.4706,938.71602324,4.7059
2035.2602759999997,"8a93b2c1-1234-4abc-9def-0123456789ab","Contoso Cloud","BillingProfile","USD","2024-10-01T00:00:00Z","2024-09-01T00:00:00Z",NULL,NULL,"Purchase",NULL,"Azure Functions Function App in Southeast Asia","2024-09-06T14:00:00Z","2024-09-06T13:00:00Z",NULL,NULL,NULL,NULL,NULL,NULL,NULL,NULL,NULL,2035.2602759999997,4.1084,0,"Microsoft",2312.7777539999997,4.6686,"Standard","USD",495.39,"Executions","Microsoft","Microsoft","southeastasia","Southeast Asia","/subscriptions/8a93b2c1-1234-4abc-9def-0123456789ab/resourceGroups/rg-979/providers/Microsoft.Compute/virtualMachines/vm-3379",NULL,"Function App","Compute","Azure Functions","E771N0FOUSUIEH9V","Azure Functions Executions",NULL,"2LOVDFR3N551IZM6.YWS53F49","sub-9a1f","Production","BillingProfile","{""team"": ""infra"", ""cost_center"": ""CC-3090"", ""business_unit"": ""LisbonOps""}",NULL,"Recurring",NULL,"Serverless Compute",4.1084,0,4.6686
138.3906,"8a93b2c1-1234-4abc-9def-0123456789ab","Contoso Cloud","BillingProfile","USD","2024-10-01T00:00:00Z","2024-09-01T00:00:00Z",NULL,NULL,"Tax",NULL,"Tax charge in East US","2024-09-24T12:00:00Z","2024-09-24T11:00:00Z",NULL,NULL,NULL,NULL,NULL,NULL,NULL,NULL,NULL,8.5806630000,NULL,138.3906,"Microsoft",48.8442680000,NULL,NULL,"USD",NULL,NULL,"Microsoft","Microsoft",NULL,NULL,NULL,NULL,NULL,"Other","Tax",NULL,NULL,NULL,NULL,"sub-9a1f","Production","BillingProfile","{""cost_center"": ""CC-2042"", ""application"": ""BrightSourceCore""}",NULL,"One-Time",NULL,"Other (Security)",NULL,138.3906,NULL
454.0052124,"01ABCD-2345EF-6789GH","Helios Labs","BillingAccount","USD","2024-10-01T00:00:00Z","2024-09-01T00:00:00Z",NULL,NULL,"Tax",NULL,"Tax charge in Singapore","2024-09-25T03:00:00Z","2024-09-25T02:00:00Z",NULL,NULL,NULL,NULL,NULL,NULL,NULL,NULL,NULL,94.0070970000,NULL,454.0052124,"Google",51.4844380000,NULL,NULL,"USD",NULL,NULL,"Google","Google",NULL,NULL,NULL,NULL,NULL,"Other","Tax",NULL,NULL,NULL,NULL,"proj-helios-prod","helios-prod","BillingAccount","{""owner"": ""k.johnson""}",NULL,"One-Time",NULL,"Other (Security)",NULL,454.0052124,NULL
353.8265544,"ocid1.tenancy.oc1..aaaa1234","Meridian OCI","Tenancy","USD","2024-10-01T00:00:00Z","2024-09-01T00:00:00Z",NULL,NULL,"Usage",NULL,"Oracle Object Storage Bucket in UK South (London)","2024-09-29T03:00:00Z","2024-09-29T02:00:00Z",NULL,NULL,NULL,NULL,NULL,NULL,NULL,449.9000000000,"GB",402.07563,0.8937,353.8265544,"Oracle",659.14849,1.4651,"Other","USD",449.90,"GB","Oracle","Oracle","uk-london-1","UK South (London)","ocid1.instance.oc1.uk-london-1.008dde9037cc",NULL,"Bucket","Storage","Oracle Object Storage","JVELNQNPUO13X245","Oracle Object Storage GB",NULL,"2NQIYV84UDNEAT2F.QA44EL6B","ocid1.compartment.oc1..prod","production","Tenancy","{""owner"": ""g.hopper"", ""environment"": ""prod"", ""business_unit"": ""OsloData""}","us-ashburn-1-AD-1","Usage-Based",NULL,"Object Storage",0.8937,353.8265544,1.4651
1029.6731793,"123456789012","SunBird","BillingAccount","USD","2024-10-01T00:00:00Z","2024-09-01T00:00:00Z",NULL,NULL,"Usage",NULL,"AWS Lambda Function in US East (N. Virginia)","2024-09-12T07:00:00Z","2024-09-12T06:00:00Z",NULL,NULL,NULL,NULL,NULL,NULL,NULL,489.6700000000,"Requests",1183.5323899999999,2.4170,1029.6731793,"AWS",1479.439971,3.0213,"Other","USD",489.67,"Requests","AWS","AWS","us-east-1","US East (N. Virginia)","arn:aws:ec2:us-east-1:123456789012:instance/i-00bfc894873c",NULL,"Function","Compute","AWS Lambda","PDNJWMYXJXU82Y5N","AWS Lambda Requests",NULL,"UA49FD5L7OT3YR0E.LYFQNZPG","438839167390","Zenith Eclipse","BillingAccount","{""application"": ""BrightSourceCore"", ""team"": ""growth"", ""owner"": ""g.hopper""}","ap-southeast-2a","Usage-Based",NULL,"Serverless Compute",2.4170,1029.6731793,3.0213
536.11594785,"ocid1.tenancy.oc1..aaaa1234","Meridian OCI","Tenancy","USD","2024-10-01T00:00:00Z","2024-09-01T00:00:00Z",NULL,NULL,"Tax",NULL,"Tax charge in UK South (London)","2024-09-17T20:00:00Z","2024-09-17T19:00:00Z",NULL,NULL,NULL,NULL,NULL,NULL,NULL,NULL,NULL,65.1945620000,NULL,536.11594785,"Oracle",20.0851490000,NULL,NULL,"USD",NULL,NULL,"Oracle","Oracle",NULL,NULL,NULL,NULL,NULL,"Other","Tax",NULL,NULL,NULL,NULL,"ocid1.compartment.oc1..dev","development","Tenancy","{""team"": ""payments"", ""owner"": ""a.lovelace""}",NULL,"One-Time",NULL,"Other (Security)",NULL,536.11594785,NULL
46.863925,"8a93b2c1-1234-4abc-9def-0123456789ab","Contoso Cloud","BillingProfile","USD","2024-10-01T00:00:00Z","2024-09-01T00:00:00Z",NULL,NULL,"Purchase",NULL,"Azure Load Balancer Load Balancer in East US","2024-09-16T08:00:00Z","2024-09-16T07:00:00Z",NULL,NULL,NULL,NULL,NULL,NULL,NULL,NULL,NULL,46.863925,1.6589,0,"Microsoft",72.096825,2.5521,"Standard","USD",28.25,"Hours","Microsoft","Microsoft","eastus","East US","/subscriptions/8a93b2c1-1234-4abc-9def-0123456789ab/resourceGroups/rg-181/providers/Microsoft.Compute/virtualMachines/vm-3014",NULL,"Load Balancer","Networking","Azure Load Balancer","XM4P0XK4KU8Z234D","Azure Load Balancer Hours",NULL,"VXT7C4FLYGUS9L4A.DIPNGNIZ","sub-9a1f","Production","BillingProfile","{""business_unit"": ""ViennaAI""}",NULL,"One-Time",NULL,"Application Networking",1.6589,0,2.5521
1053.49384568,"8a93b2c1-1234-4abc-9def-0123456789ab","Contoso Cloud","BillingProfile","USD","2024-10-01T00:00:00Z","2024-09-01T00:00:00Z",NULL,NULL,"Usage",NULL,"Azure Kubernetes Service Cluster in Southeast Asia","2024-09-01T21:00:00Z","2024-09-01T20:00:00Z",NULL,NULL,NULL,NULL,NULL,NULL,NULL,378.9200000000,"Hours",1423.640332,3.7571,1053.49384568,"Microsoft",1599.61078,4.2215,"Dynamic","USD",378.92,"Hours","Microsoft","Microsoft","southeastasia","Southeast Asia","/subscriptions/8a93b2c1-1234-4abc-9def-0123456789ab/resourceGroups/rg-654/providers/Microsoft.Compute/virtualMachines/vm-4920",NULL,"Cluster","Compute","Azure Kubernetes Service","0F41XV9KJOXXI8U9","Azure Kubernetes Service Hours",NULL,"5B1MAJJ9LOPWJ827.5GXMW0T5","sub-2b7c","Staging","BillingProfile","{""cost_center"": ""CC-1001"", ""application"": ""AtlasPortal"", ""business_unit"": ""ViennaAI""}",NULL,"Usage-Based",NULL,"Containers",3.7571,1053.49384568,4.2215
21.3372432,"ocid1.tenancy.oc1..aaaa1234","Meridian OCI","Tenancy","USD","2024-10-01T00:00:00Z","2024-09-01T00:00:00Z",NULL,NULL,"Usage",NULL,"Oracle Load Balancer Load Balancer in Australia East (Sydney)","2024-09-22T07:00:00Z","2024-09-22T06:00:00Z",NULL,NULL,NULL,NULL,NULL,NULL,NULL,179.9700000000,"Hours",22.226295,0.1235,21.3372432,"Oracle",30.450923999999997,0.1692,"Other","USD",179.97,"Hours","Oracle","Oracle","ap-sydney-1","Australia East (Sydney)","ocid1.instance.oc1.ap-sydney-1.009d551489de",NULL,"Load Balancer","Networking","Oracle Load Balancer","8D84UZTWBV8HAU7A","Oracle Load Balancer Hours",NULL,"GA99055QQ51FN289.1YMYSYVP","ocid1.compartment.oc1..dev","development","Tenancy","{""cost_center"": ""CC-2042""}",NULL,"Usage-Based",NULL,"Application Networking",0.1235,21.3372432,0.1692
100.5883164,"8a93b2c1-1234-4abc-9def-0123456789ab","Contoso Cloud","BillingProfile","USD","2024-10-01T00:00:00Z","2024-09-01T00:00:00Z",NULL,NULL,"Credit",NULL,"Azure SQL Database SQL Database in UK South","2024-09-12T20:00:00Z","2024-09-12T19:00:00Z",NULL,NULL,NULL,NULL,NULL,NULL,NULL,NULL,NULL,152.40653999999998,1.5345,100.5883164,"Microsoft",238.12963200000002,2.3976,"Standard","USD",99.32,"Hours","Microsoft","Microsoft","uksouth","UK South",NULL,NULL,NULL,"Databases","Azure SQL Database","EWALN5SN95PSUDUK","Azure SQL Database Hours",NULL,"HSAUAQ4I0B41KERW.52P0YB8U","sub-2b7c","Staging","BillingProfile","{""environment"": ""prod"", ""cost_center"": ""CC-3090""}",NULL,"One-Time",NULL,"Relational Databases",1.5345,100.5883164,2.3976
228.78821488,"123456789012","SunBird","BillingAccount","USD","2024-10-01T00:00:00Z","2024-09-01T00:00:00Z",NULL,NULL,"Usage",NULL,"Elastic Load Balancing Load Balancer in US East (N. Virginia)","2024-09-13T18:00:00Z","2024-09-13T17:00:00Z",NULL,NULL,NULL,NULL,NULL,NULL,NULL,194.4400000000,"LCU-Hours",266.032808,1.3682,228.78821488,"AWS",354.71689200000003,1.8243,"Standard","USD",194.44,"LCU-Hours","AWS","AWS","us-east-1","US East (N. Virginia)","arn:aws:ec2:us-east-1:123456789012:instance/i-007427b85127",NULL,"Load Balancer","Networking","Elastic Load Balancing","2HPH8QQQYE1PULV4","Elastic Load Balancing LCU-Hours",NULL,"Q444RP2KFJO6R632.XYEF974V","438839167390","Zenith Eclipse","BillingAccount","{""cost_center"": ""CC-3090"", ""owner"": ""k.johnson""}",NULL,"Usage-Based",NULL,"Application Networking",1.3682,228.78821488,1.8243
36.2732985,"ocid1.tenancy.oc1..aaaa1234","Meridian OCI","Tenancy","USD","2024-10-01T00:00:00Z","2024-09-01T00:00:00Z",NULL,NULL,"Credit",NULL,"Oracle Load Balancer Load Balancer in Australia East (Sydney)","2024-09-06T10:00:00Z","2024-09-06T09:00:00Z","Usage","cd-112892","commit-2892",NULL,"Unused","Savings Plan",NULL,NULL,NULL,49.68945,2.4538,36.2732985,"Oracle",78.871725,3.8949,"Committed","USD",20.25,"Hours","Oracle","Oracle","ap-sydney-1","Australia East (Sydney)",NULL,NULL,NULL,"Networking","Oracle Load Balancer","SCUEORTLS0I4GIMO","Oracle Load Balancer Hours",NULL,"PD0VPMXMX4U8BZK6.LHZA7595","ocid1.compartment.oc1..prod","production","Tenancy","{""environment"": ""staging"", ""team"": ""growth""}",NULL,"One-Time",NULL,"Application Networking",2.4538,36.2732985,3.8949
860.34609198,"01ABCD-2345EF-6789GH","Helios Labs","BillingAccount","USD","2024-10-01T00:00:00Z","2024-09-01T00:00:00Z",NULL,NULL,"Usage",NULL,"Cloud Load Balancing Forwarding Rule in Northern Virginia","2024-09-30T23:00:00Z","2024-09-30T22:00:00Z",NULL,NULL,NULL,NULL,NULL,NULL,NULL,425.9700000000,"Hours",886.954734,2.0822,860.34609198,"Google",905.058459,2.1247,"Dynamic","USD",425.97,"Hours","Google","Google","us-east4","Northern Virginia","//compute.googleapis.com/projects/Helios Labs/zones/us-east4-a/instances/inst-6965",NULL,"Forwarding Rule","Networking","Cloud Load Balancing","56UVADSRXC2IZKBF","Cloud Load Balancing Hours",NULL,"B2OLJZWJ27KWSYPB.VTFW15HE","proj-helios-prod","helios-prod","BillingAccount","{""owner"": ""a.turing"", ""environment"": ""qa"", ""team"": ""platform""}",NULL,"Usage-Based",NULL,"Application Networking",2.0822,860.34609198,2.1247
708.63249276,"ocid1.tenancy.oc1..aaaa1234","Meridian OCI","Tenancy","USD","2024-10-01T00:00:00Z","2024-09-01T00:00:00Z",NULL,NULL,"Usage",NULL,"Oracle Autonomous Database Database in US East (Ashburn)","2024-09-08T01:00:00Z","2024-09-08T00:00:00Z",NULL,NULL,NULL,NULL,NULL,NULL,NULL,276.8100000000,"Hours",753.8643539999999,2.7234,708.63249276,"Oracle",991.920954,3.5834,"Standard","USD",276.81,"Hours","Oracle","Oracle","us-ashburn-1","US East (Ashburn)","ocid1.instance.oc1.us-ashburn-1.004b0c41c585",NULL,"Database","Databases","Oracle Autonomous Database","9AXMZV4J17NXC3BW","Oracle Autonomous Database Hours",NULL,"FMC002LEI8GUY9P9.2BL47VO2","ocid1.compartment.oc1..dev","development","Tenancy","{""owner"": ""a.lovelace"", ""cost_center"": ""CC-2042"", ""business_unit"": ""OsloData""}",NULL,"Usage-Based",NULL,"Relational Databases",2.7234,708.63249276,3.5834
538.77279795,"8a93b2c1-1234-4abc-9def-0123456789ab","Contoso Cloud","BillingProfile","USD","2024-10-01T00:00:00Z","2024-09-01T00:00:00Z",NULL,NULL,"Usage",NULL,"Virtual Machines Virtual Machine in Southeast Asia","2024-09-25T12:00:00Z","2024-09-25T11:00:00Z",NULL,NULL,NULL,NULL,NULL,NULL,NULL,236.5700000000,"Hours",567.1292609999999,2.3973,538.77279795,"Microsoft",567.1292609999999,2.3973,"Standard","USD",236.57,"Hours","Microsoft","Microsoft","southeastasia","Southeast Asia","/subscriptions/8a93b2c1-1234-4abc-9def-0123456789ab/resourceGroups/rg-988/providers/Microsoft.Compute/virtualMachines/vm-3620",NULL,"Virtual Machine","Compute","Virtual Machines","17H12KM8Z1V0CZ44","Virtual Machines Hours",NULL,"XWW2PUSGAU24IWAS.CLV869EB","sub-4d3e","Sandbox","BillingProfile","{""business_unit"": ""ViennaAI"", ""cost_center"": ""CC-2042"", ""environment"": ""staging""}",NULL,"Usage-Based",NULL,"Virtual Machines",2.3973,538.77279795,2.3973
689.27881984,"01ABCD-2345EF-6789GH","Helios Labs","BillingAccount","USD","2024-10-01T00:00:00Z","2024-09-01T00:00:00Z",NULL,NULL,"Usage",NULL,"Cloud SQL Database Instance in Northern Virginia","2024-09-10T01:00:00Z","2024-09-10T00:00:00Z","Spend","cd-402126","commit-2126",NULL,"Unused","Reserved Instance",NULL,NULL,NULL,1111.740032,2.9408,689.27881984,"Google",1482.29484,3.9210,"Standard","USD",378.04,"Hours","Google","Google","us-east4","Northern Virginia","//compute.googleapis.com/projects/Helios Labs/zones/us-east4-a/instances/inst-7521",NULL,"Database Instance","Databases","Cloud SQL","TPHZYA7H1HFVXY1F","Cloud SQL Hours",NULL,"OSBR2WCCCTV9TC9I.I4BZCYTT","proj-helios-prod","helios-prod","BillingAccount",NULL,"europe-west1-b","Usage-Based",NULL,"Relational Databases",2.9408,689.27881984,3.9210
847.0252458,"8a93b2c1-1234-4abc-9def-0123456789ab","Contoso Cloud","BillingProfile","USD","2024-10-01T00:00:00Z","2024-09-01T00:00:00Z",NULL,NULL,"Credit",NULL,"Azure SQL Database SQL Database in UK South","2024-09-15T21:00:00Z","2024-09-15T20:00:00Z",NULL,NULL,NULL,NULL,NULL,NULL,NULL,NULL,NULL,1227.5728199999999,2.9781,847.0252458,"Microsoft",1948.5518399999999,4.7272,"Other","USD",412.20,"Hours","Microsoft","Microsoft","uksouth","UK South",NULL,NULL,NULL,"Databases","Azure SQL Database","5IKTXU6G5C7OPWES","Azure SQL Database Hours",NULL,"LQR0ZPCCCQWN9BR9.805KUGTA","sub-4d3e","Sandbox","BillingProfile","{""team"": ""growth""}",NULL,"One-Time",NULL,"Relational Databases",2.9781,847.0252458,4.7272
218.14971192,"ocid1.tenancy.oc1..aaaa1234","Meridian OCI","Tenancy","USD","2024-10-01T00:00:00Z","2024-09-01T00:00:00Z",NULL,NULL,"Usage",NULL,"Oracle Compute Instance in Australia East (Sydney)","2024-09-03T05:00:00Z","2024-09-03T04:00:00Z",NULL,NULL,NULL,NULL,NULL,NULL,NULL,105.3900000000,"Hours",259.702038,2.4642,218.14971192,"Oracle",262.326249,2.4891,"Dynamic","USD",105.39,"Hours","Oracle","Oracle","ap-sydney-1","Australia East (Sydney)","ocid1.instance.oc1.ap-sydney-1.00a2e8e6c24b",NULL,"Instance","Compute","Oracle Compute","SYGL9GXDGYQUQ0YJ","Oracle Compute Hours",NULL,"X2OHJWO0GI2Z62ZL.KW5T5RXC","ocid1.compartment.oc1..dev","development","Tenancy","{""cost_center"": ""CC-1001"", ""owner"": ""g.hopper""}",NULL,"Usage-Based",NULL,"Virtual Machines",2.4642,218.14971192,2.4891
1084.86537082,"123456789012","SunBird","BillingAccount","USD","2024-10-01T00:00:00Z","2024-09-01T00:00:00Z",NULL,NULL,"Usage",NULL,"AWS Lambda Function in Asia Pacific (Sydney)","2024-09-20T22:00:00Z","2024-09-20T21:00:00Z",NULL,NULL,NULL,NULL,NULL,NULL,NULL,379.2200000000,"Requests",1408.9160660000002,3.7153,1084.86537082,"AWS",1467.619322,3.8701,"Standard","USD",379.22,"Requests","AWS","AWS","ap-southeast-2","Asia Pacific (Sydney)","arn:aws:ec2:ap-southeast-2:123456789012:instance/i-002d1c2bc7e7",NULL,"Function","Compute","AWS Lambda","QQ2F0VCQQGXL1QSW","AWS Lambda Requests",NULL,"6J0SXQFHO39CQ651.IBM9M2PZ","517389287820","Atlas Nimbus","BillingAccount",NULL,NULL,"Usage-Based",NULL,"Serverless Compute",3.7153,1084.86537082,3.8701
292.8369591,"8a93b2c1-1234-4abc-9def-0123456789ab","Contoso Cloud","BillingProfile","USD","2024-10-01T00:00:00Z","2024-09-01T00:00:00Z",NULL,NULL,"Usage","Correction","Azure SQL Database SQL Database in West Europe","2024-09-29T15:00:00Z","2024-09-29T14:00:00Z",NULL,NULL,NULL,NULL,NULL,NULL,NULL,140.6700000000,"Hours",418.338513,2.9739,292.8369591,"Microsoft",475.38019799999995,3.3794,"Dynamic","USD",140.67,"Hours","Microsoft","Microsoft","westeurope","West Europe","/subscriptions/8a93b2c1-1234-4abc-9def-0123456789ab/resourceGroups/rg-247/providers/Microsoft.Compute/virtualMachines/vm-1603",NULL,"SQL Database","Databases","Azure SQL Database","UWVYF9MJ1JFN8QHX","Azure SQL Database Hours",NULL,"WEAWRIXJ4VAXZ86D.6R7LA2K4","sub-2b7c","Staging","BillingProfile","{""team"": ""platform""}","eastus-1","Usage-Based",NULL,"Relational Databases",2.9739,292.8369591,3.3794
175.8583872,"8a93b2c1-1234-4abc-9def-0123456789ab","Contoso Cloud","BillingProfile","USD","2024-10-01T00:00:00Z","2024-09-01T00:00:00Z",NULL,NULL,"Usage",NULL,"Azure Kubernetes Service Cluster in West Europe","2024-09-14T03:00:00Z","2024-09-14T02:00:00Z",NULL,NULL,NULL,NULL,NULL,NULL,NULL,328.2900000000,"Hours",274.77873,0.8370,175.8583872,"Microsoft",347.8232550000001,1.0595,"Standard","USD",328.29,"Hours","Microsoft","Microsoft","westeurope","West Europe","/subscriptions/8a93b2c1-1234-4abc-9def-0123456789ab/resourceGroups/rg-259/providers/Microsoft.Compute/virtualMachines/vm-6012",NULL,"Cluster","Compute","Azure Kubernetes Service","J0I2212S1V66HSY8","Azure Kubernetes Service Hours",NULL,"23SJSRMEM05W5KZ0.6QAVOZ12","sub-9a1f","Production","BillingProfile",NULL,"westeurope-2","Usage-Based",NULL,"Containers",0.8370,175.8583872,1.0595
274.80393252,"8a93b2c1-1234-4abc-9def-0123456789ab","Contoso Cloud","BillingProfile","USD","2024-10-01T00:00:00Z","2024-09-01T00:00:00Z",NULL,NULL,"Usage",NULL,"Azure Blob Storage Storage Account in East US","2024-09-04T06:00:00Z","2024-09-04T05:00:00Z","Usage","cd-355145","commit-5145",NULL,"Used","Reserved Instance",NULL,355.6200000000,"GB",352.31273400000003,0.9907,274.80393252,"Microsoft",366.99984,1.0320,"Other","USD",355.62,"GB","Microsoft","Microsoft","eastus","East US","/subscriptions/8a93b2c1-1234-4abc-9def-0123456789ab/resourceGroups/rg-979/providers/Microsoft.Compute/virtualMachines/vm-1674",NULL,"Storage Account","Storage","Azure Blob Storage","6BGZZR8AKP1I8DHO","Azure Blob Storage GB",NULL,"67XMEHWRP48GX5PQ.FUFBY1A6","sub-9a1f","Production","BillingProfile","{""environment"": ""prod"", ""owner"": ""k.johnson"", ""cost_center"": ""CC-3090""}",NULL,"Usage-Based",NULL,"Object Storage",0.9907,274.80393252,1.0320
622.7434224,"8a93b2c1-1234-4abc-9def-0123456789ab","Contoso Cloud","BillingProfile","USD","2024-10-01T00:00:00Z","2024-09-01T00:00:00Z",NULL,NULL,"Usage",NULL,"Azure Blob Storage Storage Account in UK South","2024-09-03T14:00:00Z","2024-09-03T13:00:00Z",NULL,NULL,NULL,NULL,NULL,NULL,NULL,205.2000000000,"GB",943.55064,4.5982,622.7434224,"Microsoft",1014.5703599999999,4.9443,"Standard","USD",205.20,"GB","Microsoft","Microsoft","uksouth","UK South","/subscriptions/8a93b2c1-1234-4abc-9def-0123456789ab/resourceGroups/rg-569/providers/Microsoft.Compute/virtualMachines/vm-7298",NULL,"Storage Account","Storage","Azure Blob Storage","GPVC0IED7SCEU45B","Azure Blob Storage GB",NULL,"ZI7EC4WL17Z0XD8N.09FZ9KHS","sub-2b7c","Staging","BillingProfile","{""cost_center"": ""CC-2042"", ""environment"": ""prod"", ""owner"": ""g.hopper""}",NULL,"Usage-Based",NULL,"Object Storage",4.5982,622.7434224,4.9443
32.58746453,"ocid1.tenancy.oc1..aaaa1234","Meridian OCI","Tenancy","USD","2024-10-01T00:00:00Z","2024-09-01T00:00:00Z",NULL,NULL,"Usage",NULL,"Oracle Object Storage Bucket in UK South (London)","2024-09-03T08:00:00Z","2024-09-03T07:00:00Z",NULL,NULL,NULL,NULL,NULL,NULL,NULL,41.3900000000,"GB",53.422073,1.2907,32.58746453,"Oracle",58.066031,1.4029,"Dynamic","USD",41.39,"GB","Oracle","Oracle","uk-london-1","UK South (London)","ocid1.instance.oc1.uk-london-1.007c75cc2d5b",NULL,"Bucket","Storage","Oracle Object Storage","C4ALS5S6U2787KEO","Oracle Object Storage GB",NULL,"K3O8HVLJNLI3LUQC.HSP9S5XS","ocid1.compartment.oc1..prod","production","Tenancy","{""application"": ""BrightLensMatrix""}","uk-london-1-AD-2","Usage-Based",NULL,"Object Storage",1.2907,32.58746453,1.4029
43.23871134,"123456789012","SunBird","BillingAccount","USD","2024-10-01T00:00:00Z","2024-09-01T00:00:00Z",NULL,NULL,"Usage",NULL,"Elastic Load Balancing Load Balancer in Asia Pacific (Sydney)","2024-09-16T10:00:00Z","2024-09-16T09:00:00Z","Usage","cd-282137","commit-2137",NULL,"Used","Savings Plan",NULL,26.0700000000,"LCU-Hours",46.493238000000005,1.7834,43.23871134,"AWS",61.989246,2.3778,"Committed","USD",26.07,"LCU-Hours","AWS","AWS","ap-southeast-2","Asia Pacific (Sydney)","arn:aws:ec2:ap-southeast-2:123456789012:instance/i-006e338069b6",NULL,"Load Balancer","Networking","Elastic Load Balancing","8P85XCA53CDMH2JG","Elastic Load Balancing LCU-Hours",NULL,"EOX6ASMNPHX00QBH.DFTZBFMN","438839167390","Zenith Eclipse","BillingAccount","{""cost_center"": ""CC-2042"", ""environment"": ""staging"", ""team"": ""growth""}",NULL,"Usage-Based",NULL,"Application Networking",1.7834,43.23871134,2.3778
233.130664,"8a93b2c1-1234-4abc-9def-0123456789ab","Contoso Cloud","BillingProfile","USD","2024-10-01T00:00:00Z","2024-09-01T00:00:00Z",NULL,NULL,"Usage",NULL,"Virtual Machines Virtual Machine in UK South","2024-09-08T11:00:00Z","2024-09-08T10:00:00Z","Usage","cd-505095","commit-5095",NULL,"Used","Reserved Instance",NULL,103.5400000000,"Hours",358.66256000000004,3.4640,233.130664,"Microsoft",512.36769,4.9485,"Committed","USD",103.54,"Hours","Microsoft","Microsoft","uksouth","UK South","/subscriptions/8a93b2c1-1234-4abc-9def-0123456789ab/resourceGroups/rg-54/providers/Microsoft.Compute/virtualMachines/vm-3973",NULL,"Virtual Machine","Compute","Virtual Machines","JMGAE4F2HSU3QCVH","Virtual Machines Hours",NULL,"XB9EAAV02OWK0OXX.F41PXLQH","sub-9a1f","Production","BillingProfile",NULL,"eastus-1","Usage-Based",NULL,"Virtual Machines",3.4640,233.130664,4.9485
180.15797031,"123456789012","SunBird","BillingAccount","USD","2024-10-01T00:00:00Z","2024-09-01T00:00:00Z",NULL,NULL,"Usage",NULL,"Amazon Simple Storage Service Bucket in US West (Oregon)","2024-09-17T02:00:00Z","2024-09-17T01:00:00Z",NULL,NULL,NULL,NULL,NULL,NULL,NULL,198.4300000000,"GB",268.892493,1.3551,180.15797031,"AWS",323.97666100000004,1.6327,"Standard","USD",198.43,"GB","AWS","AWS","us-west-2","US West (Oregon)","arn:aws:ec2:us-west-2:123456789012:instance/i-0022dcf03edf",NULL,"Bucket","Storage","Amazon Simple Storage Service","X4F5VMJI55WKZHU7","Amazon Simple Storage Service GB",NULL,"377HZ9PG4GUHFEQK.QHKS6TXT","663626350770","Zenith Apollo","BillingAccount","{""team"": ""infra"", ""owner"": ""k.johnson""}","eu-west-1c","Usage-Based",NULL,"Object Storage",1.3551,180.15797031,1.6327
1463.55543815,"ocid1.tenancy.oc1..aaaa1234","Meridian OCI","Tenancy","USD","2024-10-01T00:00:00Z","2024-09-01T00:00:00Z",NULL,NULL,"Usage",NULL,"Oracle Object Storage Bucket in US East (Ashburn)","2024-09-19T23:00:00Z","2024-09-19T22:00:00Z",NULL,NULL,NULL,NULL,NULL,NULL,NULL,447.8500000000,"GB",1763.319805,3.9373,1463.55543815,"Oracle",1981.2436149999999,4.4239,"Dynamic","USD",447.85,"GB","Oracle","Oracle","us-ashburn-1","US East (Ashburn)","ocid1.instance.oc1.us-ashburn-1.0071d3687b4e",NULL,"Bucket","Storage","Oracle Object Storage","4AMQAHF5ZF3BYGNC","Oracle Object Storage GB",NULL,"HGI2N8OF7F3KBPU4.YW1QABEE","ocid1.compartment.oc1..prod","production","Tenancy","{""cost_center"": ""CC-2042"", ""business_unit"": ""OsloData""}",NULL,"Usage-Based",NULL,"Object Storage",3.9373,1463.55543815,4.4239
551.39180544,"01ABCD-2345EF-6789GH","Helios Labs","BillingAccount","USD","2024-10-01T00:00:00Z","2024-09-01T00:00:00Z",NULL,NULL,"Tax",NULL,"Tax charge in Belgium","2024-09-03T11:00:00Z","2024-09-03T10:00:00Z",NULL,NULL,NULL,NULL,NULL,NULL,NULL,NULL,NULL,70.7363930000,NULL,551.39180544,"Google",84.2383040000,NULL,NULL,"USD",NULL,NULL,"Google","Google",NULL,NULL,NULL,NULL,NULL,"Other","Tax",NULL,NULL,NULL,NULL,"proj-helios-dev","helios-dev","BillingAccount","{""environment"": ""dev"", ""business_unit"": ""OsloData""}",NULL,"One-Time",NULL,"Other (Security)",NULL,551.39180544,NULL
259.615728,"123456789012","SunBird","BillingAccount","USD","2024-10-01T00:00:00Z","2024-09-01T00:00:00Z",NULL,NULL,"Purchase",NULL,"Amazon Relational Database Service Database Instance in Asia Pacific (Sydney)","2024-09-13T11:00:00Z","2024-09-13T10:00:00Z",NULL,NULL,NULL,NULL,NULL,NULL,NULL,NULL,NULL,259.615728,3.5928,0,"AWS",328.63125400000007,4.5479,"Dynamic","USD",72.26,"Hours","AWS","AWS","ap-southeast-2","Asia Pacific (Sydney)","arn:aws:ec2:ap-southeast-2:123456789012:instance/i-00632a55d15a",NULL,"Database Instance","Databases","Amazon Relational Database Service","IEF16QZDO7WGVJPR","Amazon Relational Database Service Hours",NULL,"1ZUJE5S1QUMOG1RU.A1CUSGGN","438839167390","Zenith Eclipse","BillingAccount",NULL,NULL,"Recurring",NULL,"Relational Databases",3.5928,0,4.5479
957.8671216,"123456789012","SunBird","BillingAccount","USD","2024-10-01T00:00:00Z","2024-09-01T00:00:00Z",NULL,NULL,"Credit",NULL,"Amazon Simple Storage Service Bucket in Europe (Ireland)","2024-09-19T04:00:00Z","2024-09-19T03:00:00Z",NULL,NULL,NULL,NULL,NULL,NULL,NULL,NULL,NULL,1197.333902,3.7846,957.8671216,"AWS",1197.333902,3.7846,"Standard","USD",316.37,"GB","AWS","AWS","eu-west-1","Europe (Ireland)",NULL,NULL,NULL,"Storage","Amazon Simple Storage Service","DH97OARGURS5T5PP","Amazon Simple Storage Service GB",NULL,"ROX4P14CG16XJXPE.4UDQAN4B","663626350770","Zenith Apollo","BillingAccount","{""team"": ""growth"", ""cost_center"": ""CC-2042"", ""owner"": ""a.turing""}",NULL,"One-Time",NULL,"Object Storage",3.7846,957.8671216,3.7846
6.0305226,"123456789012","SunBird","BillingAccount","USD","2024-10-01T00:00:00Z","2024-09-01T00:00:00Z",NULL,NULL,"Usage",NULL,"Elastic Load Balancing Load Balancer in Europe (Ireland)","2024-09-18T00:00:00Z","2024-09-17T23:00:00Z","Usage","cd-859441","commit-9441",NULL,"Unused","Reserved Instance",NULL,NULL,NULL,9.00078,0.0670,6.0305226,"AWS",11.996562,0.0893,"Dynamic","USD",134.34,"LCU-Hours","AWS","AWS","eu-west-1","Europe (Ireland)","arn:aws:ec2:eu-west-1:123456789012:instance/i-00d47d11e1cf",NULL,"Load Balancer","Networking","Elastic Load Balancing","LSE1GFWRCYL56B68","Elastic Load Balancing LCU-Hours",NULL,"DZ6MFHJH3VI9JKNP.FLVY55IW","663626350770","Zenith Apollo","BillingAccount","{""environment"": ""staging"", ""cost_center"": ""CC-2042"", ""application"": ""BrightSourceCore""}","us-east-1a","Usage-Based",NULL,"Application Networking",0.0670,6.0305226,0.0893
1024.9682058,"8a93b2c1-1234-4abc-9def-0123456789ab","Contoso Cloud","BillingProfile","USD","2024-10-01T00:00:00Z","2024-09-01T00:00:00Z",NULL,NULL,"Usage",NULL,"Azure Functions Function App in Southeast Asia","2024-09-06T07:00:00Z","2024-09-06T06:00:00Z",NULL,NULL,NULL,NULL,NULL,NULL,NULL,349.6500000000,"Executions",1507.306185,4.3109,1024.9682058,"Microsoft",1674.788535,4.7899,"Dynamic","USD",349.65,"Executions","Microsoft","Microsoft","southeastasia","Southeast Asia","/subscriptions/8a93b2c1-1234-4abc-9def-0123456789ab/resourceGroups/rg-551/providers/Microsoft.Compute/virtualMachines/vm-9642",NULL,"Function App","Compute","Azure Functions","GTJAQLC2P4QHX63E","Azure Functions Executions",NULL,"SJVDVIVOAXW955OZ.SL5N3W3J","sub-2b7c","Staging","BillingProfile","{""team"": ""payments"", ""environment"": ""staging"", ""cost_center"": ""CC-3090""}","uksouth-1","Usage-Based",NULL,"Serverless Compute",4.3109,1024.9682058,4.7899
89.776512,"123456789012","SunBird","BillingAccount","USD","2024-10-01T00:00:00Z","2024-09-01T00:00:00Z",NULL,NULL,"Usage",NULL,"Amazon Simple Queue Service Queue in US East (N. Virginia)","2024-09-25T21:00:00Z","2024-09-25T20:00:00Z",NULL,NULL,NULL,NULL,NULL,NULL,NULL,51.8400000000,"Requests",128.25216000000003,2.4740,89.776512,"AWS",170.999424,3.2986,"Standard","USD",51.84,"Requests","AWS","AWS","us-east-1","US East (N. Virginia)","arn:aws:ec2:us-east-1:123456789012:instance/i-00c50c4a388f",NULL,"Queue","Integration","Amazon Simple Queue Service","CLQZR7SGKNIILOKC","Amazon Simple Queue Service Requests",NULL,"94P7U4DTNGP4A7W9.27N4KHOH","517389287820","Atlas Nimbus","BillingAccount",NULL,"us-west-2b","Usage-Based",NULL,"Messaging",2.4740,89.776512,3.2986
23.42320092,"8a93b2c1-1234-4abc-9def-0123456789ab","Contoso Cloud","BillingProfile","USD","2024-10-01T00:00:00Z","2024-09-01T00:00:00Z",NULL,NULL,"Usage","Correction","Azure Blob Storage Storage Account in UK South","2024-09-03T08:00:00Z","2024-09-03T07:00:00Z","Usage","cd-570956","commit-0956",NULL,"Used","Savings Plan",NULL,104.5800000000,"GB",33.946668,0.3246,23.42320092,"Microsoft",35.358498,0.3381,"Committed","USD",104.58,"GB","Microsoft","Microsoft","uksouth","UK South","/subscriptions/8a93b2c1-1234-4abc-9def-0123456789ab/resourceGroups/rg-758/providers/Microsoft.Compute/virtualMachines/vm-437",NULL,"Storage Account","Storage","Azure Blob Storage","O8HGON2DQRZKTXUT","Azure Blob Storage GB",NULL,"B25AAUOWU67INQ9G.H6B9LO7U","sub-4d3e","Sandbox","BillingProfile","{""team"": ""growth""}",NULL,"Usage-Based",NULL,"Object Storage",0.3246,23.42320092,0.3381
607.02247956,"8a93b2c1-1234-4abc-9def-0123456789ab","Contoso Cloud","BillingProfile","USD","2024-10-01T00:00:00Z","2024-09-01T00:00:00Z",NULL,NULL,"Usage",NULL,"Azure Load Balancer Load Balancer in Southeast Asia","2024-09-21T13:00:00Z","2024-09-21T12:00:00Z","Usage","cd-489124","commit-9124",NULL,"Used","Savings Plan",NULL,480.7600000000,"Hours",879.7427240000001,1.8299,607.02247956,"Microsoft",1239.062748,2.5773,"Standard","USD",480.76,"Hours","Microsoft","Microsoft","southeastasia","Southeast Asia","/subscriptions/8a93b2c1-1234-4abc-9def-0123456789ab/resourceGroups/rg-88/providers/Microsoft.Compute/virtualMachines/vm-3549",NULL,"Load Balancer","Networking","Azure Load Balancer","05DZNOFGE1FGVVOB","Azure Load Balancer Hours",NULL,"P5NHMQDO55E3AN5N.B0G8IDAS","sub-2b7c","Staging","BillingProfile","{""environment"": ""prod""}","eastus-1","Usage-Based",NULL,"Application Networking",1.8299,607.02247956,2.5773
568.56813321,"8a93b2c1-1234-4abc-9def-0123456789ab","Contoso Cloud","BillingProfile","USD","2024-10-01T00:00:00Z","2024-09-01T00:00:00Z",NULL,NULL,"Usage",NULL,"Virtual Machines Virtual Machine in UK South","2024-09-05T03:00:00Z","2024-09-05T02:00:00Z",NULL,NULL,NULL,NULL,NULL,NULL,NULL,224.3900000000,"Hours",738.400173,3.2907,568.56813321,"Microsoft",777.264521,3.4639,"Standard","USD",224.39,"Hours","Microsoft","Microsoft","uksouth","UK South","/subscriptions/8a93b2c1-1234-4abc-9def-0123456789ab/resourceGroups/rg-798/providers/Microsoft.Compute/virtualMachines/vm-2057",NULL,"Virtual Machine","Compute","Virtual Machines","IBVOY2HIB2KCW49B","Virtual Machines Hours",NULL,"OUUA8G08QRU1U28F.2QSLCUQD","sub-9a1f","Production","BillingProfile","{""business_unit"": ""OsloData""}","westeurope-2","Usage-Based",NULL,"Virtual Machines",3.2907,568.56813321,3.4639
16.54404268,"01ABCD-2345EF-6789GH","Helios Labs","BillingAccount","USD","2024-10-01T00:00:00Z","2024-09-01T00:00:00Z",NULL,NULL,"Usage",NULL,"Compute Engine VM Instance in Singapore","2024-09-18T22:00:00Z","2024-09-18T21:00:00Z",NULL,NULL,NULL,NULL,NULL,NULL,NULL,4.8200000000,"Hours",18.588812,3.8566,16.54404268,"Google",18.968146,3.9353,"Standard","USD",4.82,"Hours","Google","Google","asia-southeast1","Singapore","//compute.googleapis.com/projects/Helios Labs/zones/asia-southeast1-a/instances/inst-6636",NULL,"VM Instance","Compute","Compute Engine","FTCW8DY4BEQR1WT7","Compute Engine Hours",NULL,"QADACSCBS0QWQ3Y7.NS82WKX0","proj-helios-dev","helios-dev","BillingAccount","{""owner"": ""a.lovelace"", ""cost_center"": ""CC-1001"", ""environment"": ""prod""}","europe-west1-b","Usage-Based",NULL,"Virtual Machines",3.8566,16.54404268,3.9353
50.05884836,"01ABCD-2345EF-6789GH","Helios Labs","BillingAccount","USD","2024-10-01T00:00:00Z","2024-09-01T00:00:00Z",NULL,NULL,"Usage",NULL,"Cloud Functions Function in Belgium","2024-09-17T22:00:00Z","2024-09-17T21:00:00Z",NULL,NULL,NULL,NULL,NULL,NULL,NULL,211.0300000000,"Invocations",80.740078,0.3826,50.05884836,"Google",87.767377,0.4159,"Dynamic","USD",211.03,"Invocations","Google","Google","europe-west1","Belgium","//compute.googleapis.com/projects/Helios Labs/zones/europe-west1-a/instances/inst-9335",NULL,"Function","Compute","Cloud Functions","YWLXD9HXVBTPGVB2","Cloud Functions Invocations",NULL,"E5QE1R44YMGCOKPH.3Z4DKXTY","proj-helios-dev","helios-dev","BillingAccount","{""application"": ""BrightLensMatrix""}","us-central1-a","Usage-Based",NULL,"Serverless Compute",0.3826,50.05884836,0.4159
665.47767936,"ocid1.tenancy.oc1..aaaa1234","Meridian OCI","Tenancy","USD","2024-10-01T00:00:00Z","2024-09-01T00:00:00Z",NULL,NULL,"Usage",NULL,"Oracle Load Balancer Load Balancer in UK South (London)","2024-09-12T21:00:00Z","2024-09-12T20:00:00Z",NULL,NULL,NULL,NULL,NULL,NULL,NULL,182.7400000000,"Hours",693.205916,3.7934,665.47767936,"Oracle",866.516532,4.7418,"Standard","USD",182.74,"Hours","Oracle","Oracle","uk-london-1","UK South (London)","ocid1.instance.oc1.uk-london-1.002e265e3f49",NULL,"Load Balancer","Networking","Oracle Load Balancer","P2IRR5K3UFRT7TBA","Oracle Load Balancer Hours",NULL,"TYV8QZPJS9659B4P.4Z40Q4N2","ocid1.compartment.oc1..dev","development","Tenancy","{""owner"": ""g.hopper""}","us-ashburn-1-AD-1","Usage-Based",NULL,"Application Networking",3.7934,665.47767936,4.7418
758.090025,"123456789012","SunBird","BillingAccount","USD","2024-10-01T00:00:00Z","2024-09-01T00:00:00Z",NULL,NULL,"Usage",NULL,"Amazon Relational Database Service Database Instance in US West (Oregon)","2024-09-07T08:00:00Z","2024-09-07T07:00:00Z",NULL,NULL,NULL,NULL,NULL,NULL,NULL,427.5000000000,"Hours",806.47875,1.8865,758.090025,"AWS",971.6647499999999,2.2729,"Standard","USD",427.50,"Hours","AWS","AWS","us-west-2","US West (Oregon)","arn:aws:ec2:us-west-2:123456789012:instance/i-00b3f9a28d6f",NULL,"Database Instance","Databases","Amazon Relational Database Service","FHMXKYQIVNH215A7","Amazon Relational Database Service Hours",NULL,"W02UHBX1N05CTR24.4HRCW23D","438839167390","Zenith Eclipse","BillingAccount","{""team"": ""infra"", ""owner"": ""a.turing""}",NULL,"Usage-Based",NULL,"Relational Databases",1.8865,758.090025,2.2729
31.47644775,"01ABCD-2345EF-6789GH","Helios Labs","BillingAccount","USD","2024-10-01T00:00:00Z","2024-09-01T00:00:00Z",NULL,NULL,"Usage",NULL,"Cloud Load Balancing Forwarding Rule in Iowa","2024-09-16T09:00:00Z","2024-09-16T08:00:00Z",NULL,NULL,NULL,NULL,NULL,NULL,NULL,308.8500000000,"Hours",37.03111500000001,0.1199,31.47644775,"Google",55.284150000000004,0.1790,"Standard","USD",308.85,"Hours","Google","Google","us-central1","Iowa","//compute.googleapis.com/projects/Helios Labs/zones/us-central1-a/instances/inst-8303",NULL,"Forwarding Rule","Networking","Cloud Load Balancing","QR9RWVV4Y0NPVRLA","Cloud Load Balancing Hours",NULL,"VBVNA2K44I7J4YU6.95D9RK1Z","proj-helios-prod","helios-prod","BillingAccount","{""business_unit"": ""OsloData"", ""environment"": ""qa""}",NULL,"Usage-Based",NULL,"Application Networking",0.1199,31.47644775,0.1790
390.58288256,"8a93b2c1-1234-4abc-9def-0123456789ab","Contoso Cloud","BillingProfile","USD","2024-10-01T00:00:00Z","2024-09-01T00:00:00Z",NULL,NULL,"Usage",NULL,"Azure Kubernetes Service Cluster in UK South","2024-09-24T02:00:00Z","2024-09-24T01:00:00Z",NULL,NULL,NULL,NULL,NULL,NULL,NULL,388.9400000000,"Hours",550.1167360000001,1.4144,390.58288256,"Microsoft",846.3334400000001,2.1760,"Standard","USD",388.94,"Hours","Microsoft","Microsoft","uksouth","UK South","/subscriptions/8a93b2c1-1234-4abc-9def-0123456789ab/resourceGroups/rg-29/providers/Microsoft.Compute/virtualMachines/vm-3665",NULL,"Cluster","Compute","Azure Kubernetes Service","G1WO4537QIR5G0SE","Azure Kubernetes Service Hours",NULL,"HYM1VB4LVLWCGYEW.147D46JN","sub-4d3e","Sandbox","BillingProfile","{""business_unit"": ""ViennaAI"", ""environment"": ""prod"", ""owner"": ""a.turing""}",NULL,"Usage-Based",NULL,"Containers",1.4144,390.58288256,2.1760
381.8697216,"ocid1.tenancy.oc1..aaaa1234","Meridian OCI","Tenancy","USD","2024-10-01T00:00:00Z","2024-09-01T00:00:00Z",NULL,NULL,"Usage",NULL,"Oracle Compute Instance in US East (Ashburn)","2024-09-09T10:00:00Z","2024-09-09T09:00:00Z",NULL,NULL,NULL,NULL,NULL,NULL,NULL,153.9400000000,"Hours",561.57312,3.6480,381.8697216,"Oracle",567.238112,3.6848,"Other","USD",153.94,"Hours","Oracle","Oracle","us-ashburn-1","US East (Ashburn)","ocid1.instance.oc1.us-ashburn-1.00b68fd05422",NULL,"Instance","Compute","Oracle Compute","SG9AFYWHHLT0QCPE","Oracle Compute Hours",NULL,"G8J93GQ1WWGFJBMO.DXY11QJN","ocid1.compartment.oc1..prod","production","Tenancy","{""team"": ""payments""}",NULL,"Usage-Based",NULL,"Virtual Machines",3.6480,381.8697216,3.6848
1033.621596,"01ABCD-2345EF-6789GH","Helios Labs","BillingAccount","USD","2024-10-01T00:00:00Z","2024-09-01T00:00:00Z",NULL,NULL,"Purchase",NULL,"Cloud Storage Bucket in Belgium","2024-09-16T06:00:00Z","2024-09-16T05:00:00Z",NULL,NULL,NULL,NULL,NULL,NULL,NULL,NULL,NULL,1033.621596,2.3316,0,"Google",1174.594176,2.6496,"Standard","USD",443.31,"GiB","Google","Google","europe-west1","Belgium","//compute.googleapis.com/projects/Helios Labs/zones/europe-west1-a/instances/inst-6704",NULL,"Bucket","Storage","Cloud Storage","4IF3NEZKWCVWMK12","Cloud Storage GiB",NULL,"JRT6P3JZ935P67RF.K712K654","proj-helios-dev","helios-dev","BillingAccount","{""cost_center"": ""CC-3090"", ""business_unit"": ""MarseilleSRE"", ""application"": ""BrightLensMatrix""}",NULL,"One-Time",NULL,"Object Storage",2.3316,0,2.6496
1053.421728,"ocid1.tenancy.oc1..aaaa1234","Meridian OCI","Tenancy","USD","2024-10-01T00:00:00Z","2024-09-01T00:00:00Z",NULL,NULL,"Usage","Correction","Oracle Load Balancer Load Balancer in UK South (London)","2024-09-03T06:00:00Z","2024-09-03T05:00:00Z",NULL,NULL,NULL,NULL,NULL,NULL,NULL,352.4800000000,"Hours",1404.562304,3.9848,1053.421728,"Oracle",1510.271056,4.2847,"Dynamic","USD",352.48,"Hours","Oracle","Oracle","uk-london-1","UK South (London)","ocid1.instance.oc1.uk-london-1.009af2e38ef1",NULL,"Load Balancer","Networking","Oracle Load Balancer","DJBSBQEA3GEIRPP3","Oracle Load Balancer Hours",NULL,"DL1X27GSZOWUBFNX.NEFBHU6T","ocid1.compartment.oc1..prod","production","Tenancy","{""environment"": ""prod"", ""business_unit"": ""OsloData""}","us-ashburn-1-AD-1","Usage-Based",NULL,"Application Networking",3.9848,1053.421728,4.2847
695.4159828,"ocid1.tenancy.oc1..aaaa1234","Meridian OCI","Tenancy","USD","2024-10-01T00:00:00Z","2024-09-01T00:00:00Z",NULL,NULL,"Usage",NULL,"Oracle Functions Function in US East (Ashburn)","2024-09-10T09:00:00Z","2024-09-10T08:00:00Z",NULL,NULL,NULL,NULL,NULL,NULL,NULL,361.9500000000,"Invocations",790.2454349999999,2.1833,695.4159828,"Oracle",1295.49144,3.5792,"Standard","USD",361.95,"Invocations","Oracle","Oracle","us-ashburn-1","US East (Ashburn)","ocid1.instance.oc1.us-ashburn-1.0073bbec6415",NULL,"Function","Compute","Oracle Functions","0B5OALG2N3NP4CFA","Oracle Functions Invocations",NULL,"GSK0KE9KKQAA0EN7.YVR1ZDKU","ocid1.compartment.oc1..prod","production","Tenancy",NULL,NULL,"Usage-Based",NULL,"Serverless Compute",2.1833,695.4159828,3.5792
37.21956504,"01ABCD-2345EF-6789GH","Helios Labs","BillingAccount","USD","2024-10-01T00:00:00Z","2024-09-01T00:00:00Z",NULL,NULL,"Usage",NULL,"Cloud Storage Bucket in Singapore","2024-09-12T20:00:00Z","2024-09-12T19:00:00Z","Spend","cd-455427","commit-5427",NULL,"Unused","Reserved Instance",NULL,NULL,NULL,37.979148,0.1068,37.21956504,"Google",55.048428,0.1548,"Committed","USD",355.61,"GiB","Google","Google","asia-southeast1","Singapore","//compute.googleapis.com/projects/Helios Labs/zones/asia-southeast1-a/instances/inst-2971",NULL,"Bucket","Storage","Cloud Storage","0DJ4ZMR5510DUQ6V","Cloud Storage GiB",NULL,"YJU4WARKLTZQDYQ6.0H5VQG7K","proj-helios-prod","helios-prod","BillingAccount","{""owner"": ""a.lovelace""}",NULL,"Usage-Based",NULL,"Object Storage",0.1068,37.21956504,0.1548
269.9393585,"ocid1.tenancy.oc1..aaaa1234","Meridian OCI","Tenancy","USD","2024-10-01T00:00:00Z","2024-09-01T00:00:00Z",NULL,NULL,"Usage",NULL,"Oracle Compute Instance in US East (Ashburn)","2024-09-25T00:00:00Z","2024-09-24T23:00:00Z",NULL,NULL,NULL,NULL,NULL,NULL,NULL,191.3500000000,"Hours",275.448325,1.4395,269.9393585,"Oracle",353.136425,1.8455,"Standard","USD",191.35,"Hours","Oracle","Oracle","us-ashburn-1","US East (Ashburn)","ocid1.instance.oc1.us-ashburn-1.005a54676581",NULL,"Instance","Compute","Oracle Compute","RSFTRIQJZ5B78DWC","Oracle Compute Hours",NULL,"EVHO260L06Q2CSJQ.E06HSJA2","ocid1.compartment.oc1..dev","development","Tenancy","{""business_unit"": ""ViennaAI"", ""team"": ""payments""}","uk-london-1-AD-2","Usage-Based",NULL,"Virtual Machines",1.4395,269.9393585,1.8455
139.49877714,"123456789012","SunBird","BillingAccount","USD","2024-10-01T00:00:00Z","2024-09-01T00:00:00Z",NULL,NULL,"Usage",NULL,"Amazon Simple Queue Service Queue in US East (N. Virginia)","2024-09-19T08:00:00Z","2024-09-19T07:00:00Z",NULL,NULL,NULL,NULL,NULL,NULL,NULL,109.9900000000,"Requests",160.343422,1.4578,139.49877714,"AWS",197.960002,1.7998,"Standard","USD",109.99,"Requests","AWS","AWS","us-east-1","US East (N. Virginia)","arn:aws:ec2:us-east-1:123456789012:instance/i-008d260b5d3b",NULL,"Queue","Integration","Amazon Simple Queue Service","FUCB51AF3WH8AA24","Amazon Simple Queue Service Requests",NULL,"9QL6SXX31G7144C1.15IFKL9O","517389287820","Atlas Nimbus","BillingAccount","{""team"": ""platform"", ""owner"": ""a.lovelace""}","us-east-1a","Usage-Based",NULL,"Messaging",1.4578,139.49877714,1.7998
285.9336,"123456789012","SunBird","BillingAccount","USD","2024-10-01T00:00:00Z","2024-09-01T00:00:00Z",NULL,NULL,"Usage",NULL,"Amazon Relational Database Service Database Instance in US West (Oregon)","2024-09-28T03:00:00Z","2024-09-28T02:00:00Z",NULL,NULL,NULL,NULL,NULL,NULL,NULL,181.2000000000,"Hours",381.2448,2.1040,285.9336,"AWS",409.94687999999996,2.2624,"Standard","USD",181.20,"Hours","AWS","AWS","us-west-2","US West (Oregon)","arn:aws:ec2:us-west-2:123456789012:instance/i-00aea0dbff5d",NULL,"Database Instance","Databases","Amazon Relational Database Service","RS3Z88BFLKVZID8N","Amazon Relational Database Service Hours",NULL,"0GA98CJW5CEZKDZP.3DOXVWGU","517389287820","Atlas Nimbus","BillingAccount","{""team"": ""platform"", ""business_unit"": ""ViennaAI""}","us-east-1a","Usage-Based",NULL,"Relational Databases",2.1040,285.9336,2.2624
660.49988864,"ocid1.tenancy.oc1..aaaa1234","Meridian OCI","Tenancy","USD","2024-10-01T00:00:00Z","2024-09-01T00:00:00Z",NULL,NULL,"Tax",NULL,"Tax charge in UK South (London)","2024-09-19T15:00:00Z","2024-09-19T14:00:00Z",NULL,NULL,NULL,NULL,NULL,NULL,NULL,NULL,NULL,51.3432310000,NULL,660.49988864,"Oracle",18.8007530000,NULL,NULL,"USD",NULL,NULL,"Oracle","Oracle",NULL,NULL,NULL,NULL,NULL,"Other","Tax",NULL,NULL,NULL,NULL,"ocid1.compartment.oc1..prod","production","Tenancy","{""environment"": ""dev"", ""team"": ""growth"", ""application"": ""BrightSourceCore""}",NULL,"One-Time",NULL,"Other (Security)",NULL,660.49988864,NULL
1370.51292048,"8a93b2c1-1234-4abc-9def-0123456789ab","Contoso Cloud","BillingProfile","USD","2024-10-01T00:00:00Z","2024-09-01T00:00:00Z",NULL,NULL,"Usage",NULL,"Virtual Machines Virtual Machine in West Europe","2024-09-14T23:00:00Z","2024-09-14T22:00:00Z","Usage","cd-742286","commit-2286",NULL,"Unused","Committed Use Discount",NULL,NULL,NULL,1930.2998879999998,3.8832,1370.51292048,"Microsoft",2270.955665,4.5685,"Committed","USD",497.09,"Hours","Microsoft","Microsoft","westeurope","West Europe","/subscriptions/8a93b2c1-1234-4abc-9def-0123456789ab/resourceGroups/rg-696/providers/Microsoft.Compute/virtualMachines/vm-412",NULL,"Virtual Machine","Compute","Virtual Machines","DA1YU8S6SPOBAR1D","Virtual Machines Hours",NULL,"OU0A85CYRP4XASS3.DU9PDQ4A","sub-9a1f","Production","BillingProfile","{""cost_center"": ""CC-3090"", ""team"": ""payments"", ""application"": ""AtlasPortal""}",NULL,"Usage-Based",NULL,"Virtual Machines",3.8832,1370.51292048,4.5685
35.483812,"ocid1.tenancy.oc1..aaaa1234","Meridian OCI","Tenancy","USD","2024-10-01T00:00:00Z","2024-09-01T00:00:00Z",NULL,NULL,"Usage",NULL,"Oracle Load Balancer Load Balancer in Australia East (Sydney)","2024-09-07T20:00:00Z","2024-09-07T19:00:00Z",NULL,NULL,NULL,NULL,NULL,NULL,NULL,56.8000000000,"Hours",38.993199999999995,0.6865,35.483812,"Oracle",53.414719999999996,0.9404,"Standard","USD",56.80,"Hours","Oracle","Oracle","ap-sydney-1","Australia East (Sydney)","ocid1.instance.oc1.ap-sydney-1.00639c892471",NULL,"Load Balancer","Networking","Oracle Load Balancer","4N86A8SL5TBYK6K6","Oracle Load Balancer Hours",NULL,"UA2KWUOLAXI8XEUX.DHMVKQ3F","ocid1.compartment.oc1..prod","production","Tenancy","{""application"": ""AtlasPortal""}",NULL,"Usage-Based",NULL,"Application Networking",0.6865,35.483812,0.9404
10.6462681,"ocid1.tenancy.oc1..aaaa1234","Meridian OCI","Tenancy","USD","2024-10-01T00:00:00Z","2024-09-01T00:00:00Z",NULL,NULL,"Adjustment",NULL,"Oracle Load Balancer Load Balancer in Australia East (Sydney)","2024-09-29T17:00:00Z","2024-09-29T16:00:00Z",NULL,NULL,NULL,NULL,NULL,NULL,NULL,NULL,NULL,11.206598000000001,1.6627,10.6462681,"Oracle",12.181201999999999,1.8073,"Standard","USD",6.74,"Hours","Oracle","Oracle","ap-sydney-1","Australia East (Sydney)",NULL,NULL,NULL,"Networking","Oracle Load Balancer","7RF6BWFSGIBA5QCR","Oracle Load Balancer Hours",NULL,"XEV1NNJ40JY9Q2O6.3MCJXLND","ocid1.compartment.oc1..dev","development","Tenancy",NULL,NULL,"One-Time",NULL,"Application Networking",1.6627,10.6462681,1.8073
460.18599048,"123456789012","SunBird","BillingAccount","USD","2024-10-01T00:00:00Z","2024-09-01T00:00:00Z",NULL,NULL,"Usage",NULL,"Amazon Relational Database Service Database Instance in Asia Pacific (Sydney)","2024-09-18T14:00:00Z","2024-09-18T13:00:00Z",NULL,NULL,NULL,NULL,NULL,NULL,NULL,150.8400000000,"Hours",582.513912,3.8618,460.18599048,"AWS",613.1796840000001,4.0651,"Standard","USD",150.84,"Hours","AWS","AWS","ap-southeast-2","Asia Pacific (Sydney)","arn:aws:ec2:ap-southeast-2:123456789012:instance/i-002918dfdcce",NULL,"Database Instance","Databases","Amazon Relational Database Service","O1YSM1TN1WMFTURX","Amazon Relational Database Service Hours",NULL,"09HXC8UGSYOG8294.0OPCIMAR","517389287820","Atlas Nimbus","BillingAccount","{""environment"": ""staging""}",NULL,"Usage-Based",NULL,"Relational Databases",3.8618,460.18599048,4.0651
97.49223,"8a93b2c1-1234-4abc-9def-0123456789ab","Contoso Cloud","BillingProfile","USD","2024-10-01T00:00:00Z","2024-09-01T00:00:00Z",NULL,NULL,"Usage",NULL,"Azure Blob Storage Storage Account in West Europe","2024-09-23T03:00:00Z","2024-09-23T02:00:00Z","Spend","cd-861562","commit-1562",NULL,"Used","Savings Plan",NULL,51.8300000000,"GB",147.7155,2.8500,97.49223,"Microsoft",147.7155,2.8500,"Standard","USD",51.83,"GB","Microsoft","Microsoft","westeurope","West Europe","/subscriptions/8a93b2c1-1234-4abc-9def-0123456789ab/resourceGroups/rg-795/providers/Microsoft.Compute/virtualMachines/vm-6645",NULL,"Storage Account","Storage","Azure Blob Storage","6T3C5JYCK3U4601M","Azure Blob Storage GB",NULL,"06BWN5M7D97JMMC3.BF8KS35D","sub-4d3e","Sandbox","BillingProfile","{""business_unit"": ""MarseilleSRE""}",NULL,"Usage-Based",NULL,"Object Storage",2.8500,97.49223,2.8500
1027.50246144,"ocid1.tenancy.oc1..aaaa1234","Meridian OCI","Tenancy","USD","2024-10-01T00:00:00Z","2024-09-01T00:00:00Z",NULL,NULL,"Usage","Correction","Oracle Autonomous Database Database in US East (Ashburn)","2024-09-06T22:00:00Z","2024-09-06T21:00:00Z","Spend","cd-980274","commit-0274",NULL,"Unused","Savings Plan",NULL,NULL,NULL,1070.315064,3.2422,1027.50246144,"Oracle",1446.3547560000002,4.3813,"Committed","USD",330.12,"Hours","Oracle","Oracle","us-ashburn-1","US East (Ashburn)","ocid1.instance.oc1.us-ashburn-1.007e2e89988a",NULL,"Database","Databases","Oracle Autonomous Database","67EK5DTKXK8RYU6B","Oracle Autonomous Database Hours",NULL,"18E2IKSG32ANHC9D.7NQ9A8WQ","ocid1.compartment.oc1..dev","development","Tenancy","{""environment"": ""qa"", ""cost_center"": ""CC-3090"", ""application"": ""NimbusAPI""}","uk-london-1-AD-2","Usage-Based",NULL,"Relational Databases",3.2422,1027.50246144,4.3813
627.00585048,"ocid1.tenancy.oc1..aaaa1234","Meridian OCI","Tenancy","USD","2024-10-01T00:00:00Z","2024-09-01T00:00:00Z",NULL,NULL,"Usage",NULL,"Oracle Load Balancer Load Balancer in Australia East (Sydney)","2024-09-12T15:00:00Z","2024-09-12T14:00:00Z",NULL,NULL,NULL,NULL,NULL,NULL,NULL,208.2400000000,"Hours",646.397784,3.1041,627.00585048,"Oracle",828.711904,3.9796,"Standard","USD",208.24,"Hours","Oracle","Oracle","ap-sydney-1","Australia East (Sydney)","ocid1.instance.oc1.ap-sydney-1.00c25a726f02",NULL,"Load Balancer","Networking","Oracle Load Balancer","6B110TDU4TOB759A","Oracle Load Balancer Hours",NULL,"N27LVP2GI0775BSF.VU58GP2M","ocid1.compartment.oc1..prod","production","Tenancy","{""team"": ""platform""}","us-ashburn-1-AD-1","Usage-Based",NULL,"Application Networking",3.1041,627.00585048,3.9796
317.84183028,"01ABCD-2345EF-6789GH","Helios Labs","BillingAccount","USD","2024-10-01T00:00:00Z","2024-09-01T00:00:00Z",NULL,NULL,"Usage",NULL,"Cloud Storage Bucket in Iowa","2024-09-29T13:00:00Z","2024-09-29T12:00:00Z",NULL,NULL,NULL,NULL,NULL,NULL,NULL,135.0600000000,"GiB",357.125652,2.6442,317.84183028,"Google",401.26326,2.9710,"Standard","USD",135.06,"GiB","Google","Google","us-central1","Iowa","//compute.googleapis.com/projects/Helios Labs/zones/us-central1-a/instances/inst-1304",NULL,"Bucket","Storage","Cloud Storage","401IC7TA27RZQAHV","Cloud Storage GiB",NULL,"22S0YIH56U1VIUVT.JQV91Z3L","proj-helios-dev","helios-dev","BillingAccount","{""cost_center"": ""CC-2042"", ""environment"": ""dev""}",NULL,"Usage-Based",NULL,"Object Storage",2.6442,317.84183028,2.9710
162.1607774,"8a93b2c1-1234-4abc-9def-0123456789ab","Contoso Cloud","BillingProfile","USD","2024-10-01T00:00:00Z","2024-09-01T00:00:00Z",NULL,NULL,"Usage",NULL,"Azure Functions Function App in East US","2024-09-07T22:00:00Z","2024-09-07T21:00:00Z",NULL,NULL,NULL,NULL,NULL,NULL,NULL,236.0900000000,"Executions",265.83734,1.1260,162.1607774,"Microsoft",320.279694,1.3566,"Dynamic","USD",236.09,"Executions","Microsoft","Microsoft","eastus","East US","/subscriptions/8a93b2c1-1234-4abc-9def-0123456789ab/resourceGroups/rg-651/providers/Microsoft.Compute/virtualMachines/vm-74",NULL,"Function App","Compute","Azure Functions","87NPIM87YIJWQ160","Azure Functions Executions",NULL,"L01FDOXZX5R9D9TM.5FTK0J4O","sub-2b7c","Staging","BillingProfile","{""environment"": ""dev""}","eastus-1","Usage-Based",NULL,"Serverless Compute",1.1260,162.1607774,1.3566
229.9621974,"01ABCD-2345EF-6789GH","Helios Labs","BillingAccount","USD","2024-10-01T00:00:00Z","2024-09-01T00:00:00Z",NULL,NULL,"Credit",NULL,"Compute Engine VM Instance in Northern Virginia","2024-09-03T06:00:00Z","2024-09-03T05:00:00Z",NULL,NULL,NULL,NULL,NULL,NULL,NULL,NULL,NULL,247.27118000000004,1.1986,229.9621974,"Google",294.36947000000004,1.4269,"Dynamic","USD",206.30,"Hours","Google","Google","us-east4","Northern Virginia",NULL,NULL,NULL,"Compute","Compute Engine","ADG1ZWUTVTPCDG47","Compute Engine Hours",NULL,"RZI5TKAULIV963MD.5MKG0ZXZ","proj-helios-prod","helios-prod","BillingAccount","{""cost_center"": ""CC-3090"", ""application"": ""BrightLensMatrix""}",NULL,"One-Time",NULL,"Virtual Machines",1.1986,229.9621974,1.4269
93.8174184,"123456789012","SunBird","BillingAccount","USD","2024-10-01T00:00:00Z","2024-09-01T00:00:00Z",NULL,NULL,"Usage",NULL,"Amazon Elastic Compute Cloud Virtual Machine in Asia Pacific (Sydney)","2024-09-27T19:00:00Z","2024-09-27T18:00:00Z",NULL,NULL,NULL,NULL,NULL,NULL,NULL,375.5100000000,"Hours",117.27177300000001,0.3123,93.8174184,"AWS",123.43013699999999,0.3287,"Dynamic","USD",375.51,"Hours","AWS","AWS","ap-southeast-2","Asia Pacific (Sydney)","arn:aws:ec2:ap-southeast-2:123456789012:instance/i-005cb0b19b16",NULL,"Virtual Machine","Compute","Amazon Elastic Compute Cloud","LJ30QPTT0VI1WDUM","Amazon Elastic Compute Cloud Hours",NULL,"S55QFF0AK6XWM985.VW95ULDQ","517389287820","Atlas Nimbus","BillingAccount","{""owner"": ""g.hopper""}","us-east-1a","Usage-Based",NULL,"Virtual Machines",0.3123,93.8174184,0.3287
407.0920278,"01ABCD-2345EF-6789GH","Helios Labs","BillingAccount","USD","2024-10-01T00:00:00Z","2024-09-01T00:00:00Z",NULL,NULL,"Usage",NULL,"Cloud SQL Database Instance in Belgium","2024-09-10T18:00:00Z","2024-09-10T17:00:00Z",NULL,NULL,NULL,NULL,NULL,NULL,NULL,199.6900000000,"Hours",667.36398,3.3420,407.0920278,"Google",939.960799,4.7071,"Standard","USD",199.69,"Hours","Google","Google","europe-west1","Belgium","//compute.googleapis.com/projects/Helios Labs/zones/europe-west1-a/instances/inst-7486",NULL,"Database Instance","Databases","Cloud SQL","SOOJTW3715SDS43I","Cloud SQL Hours",NULL,"QZR4J6NSGA02EBC2.9SSL6KPE","proj-helios-prod","helios-prod","BillingAccount","{""cost_center"": ""CC-2042""}","europe-west1-b","Usage-Based",NULL,"Relational Databases",3.3420,407.0920278,4.7071
199.26476856,"01ABCD-2345EF-6789GH","Helios Labs","BillingAccount","USD","2024-10-01T00:00:00Z","2024-09-01T00:00:00Z",NULL,NULL,"Usage",NULL,"Cloud Storage Bucket in Iowa","2024-09-22T11:00:00Z","2024-09-22T10:00:00Z","Spend","cd-903738","commit-3738",NULL,"Used","Savings Plan",NULL,174.3300000000,"GiB",321.394788,1.8436,199.26476856,"Google",526.877559,3.0223,"Committed","USD",174.33,"GiB","Google","Google","us-central1","Iowa","//compute.googleapis.com/projects/Helios Labs/zones/us-central1-a/instances/inst-5369",NULL,"Bucket","Storage","Cloud Storage","FX7QOQWYWHJOSNQR","Cloud Storage GiB",NULL,"D3B6B0NEPVSPU28R.UB4NHJ7K","proj-helios-prod","helios-prod","BillingAccount",NULL,NULL,"Usage-Based",NULL,"Object Storage",1.8436,199.26476856,3.0223
363.005784,"123456789012","SunBird","BillingAccount","USD","2024-10-01T00:00:00Z","2024-09-01T00:00:00Z",NULL,NULL,"Purchase",NULL,"Amazon Elastic Compute Cloud Virtual Machine in US West (Oregon)","2024-09-14T04:00:00Z","2024-09-14T03:00:00Z",NULL,NULL,NULL,NULL,NULL,NULL,NULL,NULL,NULL,363.005784,1.4211,0,"AWS",407.861048,1.5967,"Other","USD",255.44,"Hours","AWS","AWS","us-west-2","US West (Oregon)","arn:aws:ec2:us-west-2:123456789012:instance/i-00884fb2e82f",NULL,"Virtual Machine","Compute","Amazon Elastic Compute Cloud","BXBZIYNL2ZLQMI1V","Amazon Elastic Compute Cloud Hours",NULL,"2JA57DQ5C46P2755.VKM1MYG7","438839167390","Zenith Eclipse","BillingAccount","{""owner"": ""a.lovelace"", ""team"": ""infra""}",NULL,"One-Time",NULL,"Virtual Machines",1.4211,0,1.5967
1638.1166094,"01ABCD-2345EF-6789GH","Helios Labs","BillingAccount","USD","2024-10-01T00:00:00Z","2024-09-01T00:00:00Z",NULL,NULL,"Usage",NULL,"Cloud SQL Database Instance in Singapore","2024-09-30T00:00:00Z","2024-09-29T23:00:00Z",NULL,NULL,NULL,NULL,NULL,NULL,NULL,490.9000000000,"Hours",1840.58046,3.7494,1638.1166094,"Google",2244.59116,4.5724,"Standard","USD",490.90,"Hours","Google","Google","asia-southeast1","Singapore","//compute.googleapis.com/projects/Helios Labs/zones/asia-southeast1-a/instances/inst-3432",NULL,"Database Instance","Databases","Cloud SQL","UK4S285GXVOMNE2O","Cloud SQL Hours",NULL,"ENT5VYE1G3YXDJHB.BCK571TW","proj-helios-prod","helios-prod","BillingAccount","{""environment"": ""prod"", ""cost_center"": ""CC-1001""}","europe-west1-b","Usage-Based",NULL,"Relational Databases",3.7494,1638.1166094,4.5724
499.84258200000005,"ocid1.tenancy.oc1..aaaa1234","Meridian OCI","Tenancy","USD","2024-10-01T00:00:00Z","2024-09-01T00:00:00Z",NULL,NULL,"Purchase",NULL,"Oracle Compute Instance in US East (Ashburn)","2024-09-06T04:00:00Z","2024-09-06T03:00:00Z",NULL,NULL,NULL,NULL,NULL,NULL,NULL,NULL,NULL,499.84258200000005,4.3977,0,"Oracle",510.03788399999996,4.4874,"Standard","USD",113.66,"Hours","Oracle","Oracle","us-ashburn-1","US East (Ashburn)","ocid1.instance.oc1.us-ashburn-1.007a2e31b220",NULL,"Instance","Compute","Oracle Compute","NK93K5SYLLZ64UMF","Oracle Compute Hours",NULL,"EWKQN85IB2U2MGTT.QRHYRUYL","ocid1.compartment.oc1..dev","development","Tenancy",NULL,NULL,"One-Time",NULL,"Virtual Machines",4.3977,0,4.4874
1133.48010552,"01ABCD-2345EF-6789GH","Helios Labs","BillingAccount","USD","2024-10-01T00:00:00Z","2024-09-01T00:00:00Z",NULL,NULL,"Usage",NULL,"Cloud Load Balancing Forwarding Rule in Belgium","2024-09-01T07:00:00Z","2024-09-01T06:00:00Z",NULL,NULL,NULL,NULL,NULL,NULL,NULL,414.3400000000,"Hours",1302.850696,3.1444,1133.48010552,"Google",1588.828164,3.8346,"Other","USD",414.34,"Hours","Google","Google","europe-west1","Belgium","//compute.googleapis.com/projects/Helios Labs/zones/europe-west1-a/instances/inst-2164",NULL,"Forwarding Rule","Networking","Cloud Load Balancing","2DUH8JWFHBMF812I","Cloud Load Balancing Hours",NULL,"B4WGRRX01E0Z3YAF.VDRPRAFA","proj-helios-dev","helios-dev","BillingAccount","{""owner"": ""a.turing""}",NULL,"Usage-Based",NULL,"Application Networking",3.1444,1133.48010552,3.8346
450.66487993,"ocid1.tenancy.oc1..aaaa1234","Meridian OCI","Tenancy","USD","2024-10-01T00:00:00Z","2024-09-01T00:00:00Z",NULL,NULL,"Tax",NULL,"Tax charge in UK South (London)","2024-09-17T04:00:00Z","2024-09-17T03:00:00Z",NULL,NULL,NULL,NULL,NULL,NULL,NULL,NULL,NULL,8.3589100000,NULL,450.66487993,"Oracle",5.8658510000,NULL,NULL,"USD",NULL,NULL,"Oracle","Oracle",NULL,NULL,NULL,NULL,NULL,"Other","Tax",NULL,NULL,NULL,NULL,"ocid1.compartment.oc1..dev","development","Tenancy","{""environment"": ""qa"", ""owner"": ""a.turing""}",NULL,"One-Time",NULL,"Other (Security)",NULL,450.66487993,NULL
21.79988352,"123456789012","SunBird","BillingAccount","USD","2024-10-01T00:00:00Z","2024-09-01T00:00:00Z",NULL,NULL,"Adjustment",NULL,"Amazon Simple Queue Service Queue in Europe (Ireland)","2024-09-01T22:00:00Z","2024-09-01T21:00:00Z",NULL,NULL,NULL,NULL,NULL,NULL,NULL,NULL,NULL,22.708212,0.1882,21.79988352,"AWS",32.903982,0.2727,"Standard","USD",120.66,"Requests","AWS","AWS","eu-west-1","Europe (Ireland)",NULL,NULL,NULL,"Integration","Amazon Simple Queue Service","B0GYVO3OAUNSK8A5","Amazon Simple Queue Service Requests",NULL,"7E0JMDYHWD4HD1ZH.ZDO13DVD","663626350770","Zenith Apollo","BillingAccount","{""business_unit"": ""LisbonOps""}",NULL,"One-Time",NULL,"Messaging",0.1882,21.79988352,0.2727
438.98151,"123456789012","SunBird","BillingAccount","USD","2024-10-01T00:00:00Z","2024-09-01T00:00:00Z",NULL,NULL,"Purchase",NULL,"Amazon Elastic Compute Cloud Virtual Machine in Asia Pacific (Sydney)","2024-09-25T12:00:00Z","2024-09-25T11:00:00Z",NULL,NULL,NULL,NULL,NULL,NULL,NULL,NULL,NULL,438.98151,1.9815,0,"AWS",477.152852,2.1538,"Dynamic","USD",221.54,"Hours","AWS","AWS","ap-southeast-2","Asia Pacific (Sydney)","arn:aws:ec2:ap-southeast-2:123456789012:instance/i-0023f4c72a67",NULL,"Virtual Machine","Compute","Amazon Elastic Compute Cloud","93R0EJJ6OB6587T4","Amazon Elastic Compute Cloud Hours",NULL,"2866JQN3WZ7Z81L2.Q6LOAC2E","663626350770","Zenith Apollo","BillingAccount","{""cost_center"": ""CC-3090""}",NULL,"Recurring",NULL,"Virtual Machines",1.9815,0,2.1538
1212.3520383,"01ABCD-2345EF-6789GH","Helios Labs","BillingAccount","USD","2024-10-01T00:00:00Z","2024-09-01T00:00:00Z",NULL,NULL,"Usage",NULL,"BigQuery Dataset in Singapore","2024-09-01T17:00:00Z","2024-09-01T16:00:00Z",NULL,NULL,NULL,NULL,NULL,NULL,NULL,426.0100000000,"GiB",1554.2974849999998,3.6485,1212.3520383,"Google",1708.0018929999999,4.0093,"Standard","USD",426.01,"GiB","Google","Google","asia-southeast1","Singapore","//compute.googleapis.com/projects/Helios Labs/zones/asia-southeast1-a/instances/inst-4639",NULL,"Dataset","Analytics","BigQuery","B8K8LSZTHP2F0UDR","BigQuery GiB",NULL,"KNGX0P48FOHEXG6E.PYBBR2DT","proj-helios-dev","helios-dev","BillingAccount","{""business_unit"": ""LisbonOps""}","asia-southeast1-c","Usage-Based",NULL,"Data Warehouses",3.6485,1212.3520383,4.0093
452.19755100000003,"01ABCD-2345EF-6789GH","Helios Labs","BillingAccount","USD","2024-10-01T00:00:00Z","2024-09-01T00:00:00Z",NULL,NULL,"Purchase",NULL,"Cloud SQL Database Instance in Singapore","2024-09-15T20:00:00Z","2024-09-15T19:00:00Z",NULL,NULL,NULL,NULL,NULL,NULL,NULL,NULL,NULL,452.19755100000003,2.7521,0,"Google",496.92273300000005,3.0243,"Standard","USD",164.31,"Hours","Google","Google","asia-southeast1","Singapore","//compute.googleapis.com/projects/Helios Labs/zones/asia-southeast1-a/instances/inst-8400",NULL,"Database Instance","Databases","Cloud SQL","8DB61D17ESTF11YG","Cloud SQL Hours",NULL,"G43JRKA04D9BV7W9.JRAQ45U4","proj-helios-prod","helios-prod","BillingAccount","{""owner"": ""a.lovelace""}",NULL,"One-Time",NULL,"Relational Databases",2.7521,0,3.0243
628.14377964,"01ABCD-2345EF-6789GH","Helios Labs","BillingAccount","USD","2024-10-01T00:00:00Z","2024-09-01T00:00:00Z",NULL,NULL,"Usage",NULL,"Compute Engine VM Instance in Iowa","2024-09-03T13:00:00Z","2024-09-03T12:00:00Z",NULL,NULL,NULL,NULL,NULL,NULL,NULL,373.2100000000,"Hours",805.3125379999999,2.1578,628.14377964,"Google",970.234037,2.5997,"Standard","USD",373.21,"Hours","Google","Google","us-central1","Iowa","//compute.googleapis.com/projects/Helios Labs/zones/us-central1-a/instances/inst-5986",NULL,"VM Instance","Compute","Compute Engine","QGRW6NLXECFAIZON","Compute Engine Hours",NULL,"QIJ254D8UTK16LPX.XQMRQ8LF","proj-helios-prod","helios-prod","BillingAccount","{""environment"": ""staging""}",NULL,"Usage-Based",NULL,"Virtual Machines",2.1578,628.14377964,2.5997
39.923712,"123456789012","SunBird","BillingAccount","USD","2024-10-01T00:00:00Z","2024-09-01T00:00:00Z",NULL,NULL,"Usage",NULL,"Amazon Elastic Compute Cloud Virtual Machine in US East (N. Virginia)","2024-09-28T16:00:00Z","2024-09-28T15:00:00Z","Spend","cd-207645","commit-7645",NULL,"Unused","Committed Use Discount",NULL,NULL,NULL,42.02496,0.3040,39.923712,"AWS",68.89881600000001,0.4984,"Committed","USD",138.24,"Hours","AWS","AWS","us-east-1","US East (N. Virginia)","arn:aws:ec2:us-east-1:123456789012:instance/i-00d9c98ccb52",NULL,"Virtual Machine","Compute","Amazon Elastic Compute Cloud","N5PH3UKUJOJRPQJG","Amazon Elastic Compute Cloud Hours",NULL,"NW41U1K9A5MOXBA0.QUU7CT7K","438839167390","Zenith Eclipse","BillingAccount","{""environment"": ""dev""}","us-east-1a","Usage-Based",NULL,"Virtual Machines",0.3040,39.923712,0.4984
241.99937784,"01ABCD-2345EF-6789GH","Helios Labs","BillingAccount","USD","2024-10-01T00:00:00Z","2024-09-01T00:00:00Z",NULL,NULL,"Usage",NULL,"Compute Engine VM Instance in Northern Virginia","2024-09-23T04:00:00Z","2024-09-23T03:00:00Z",NULL,NULL,NULL,NULL,NULL,NULL,NULL,173.6600000000,"Hours",355.881438,2.0493,241.99937784,"Google",382.65981,2.2035,"Other","USD",173.66,"Hours","Google","Google","us-east4","Northern Virginia","//compute.googleapis.com/projects/Helios Labs/zones/us-east4-a/instances/inst-1019",NULL,"VM Instance","Compute","Compute Engine","W8II0JMF03XBEFXM","Compute Engine Hours",NULL,"I2BNTGS24VY860N5.FP284A7B","proj-helios-prod","helios-prod","BillingAccount","{""environment"": ""qa"", ""business_unit"": ""MarseilleSRE""}","asia-southeast1-c","Usage-Based",NULL,"Virtual Machines",2.0493,241.99937784,2.2035
946.51268075,"8a93b2c1-1234-4abc-9def-0123456789ab","Contoso Cloud","BillingProfile","USD","2024-10-01T00:00:00Z","2024-09-01T00:00:00Z",NULL,NULL,"Usage",NULL,"Azure Functions Function App in West Europe","2024-09-25T22:00:00Z","2024-09-25T21:00:00Z",NULL,NULL,NULL,NULL,NULL,NULL,NULL,399.0500000000,"Executions",1040.1238250000001,2.6065,946.51268075,"Microsoft",1405.573815,3.5223,"Standard","USD",399.05,"Executions","Microsoft","Microsoft","westeurope","West Europe","/subscriptions/8a93b2c1-1234-4abc-9def-0123456789ab/resourceGroups/rg-340/providers/Microsoft.Compute/virtualMachines/vm-422",NULL,"Function App","Compute","Azure Functions","YRSVHKUYJKJA8NR0","Azure Functions Executions",NULL,"QRIYHN7D2E9YC1MQ.VECY7M7J","sub-4d3e","Sandbox","BillingProfile","{""business_unit"": ""OsloData"", ""team"": ""payments""}",NULL,"Usage-Based",NULL,"Serverless Compute",2.6065,946.51268075,3.5223
15.515616,"8a93b2c1-1234-4abc-9def-0123456789ab","Contoso Cloud","BillingProfile","USD","2024-10-01T00:00:00Z","2024-09-01T00:00:00Z",NULL,NULL,"Usage",NULL,"Virtual Machines Virtual Machine in UK South","2024-09-25T21:00:00Z","2024-09-25T20:00:00Z",NULL,NULL,NULL,NULL,NULL,NULL,NULL,7.3600000000,"Hours",20.687488000000002,2.8108,15.515616,"Microsoft",25.539936,3.4701,"Dynamic","USD",7.36,"Hours","Microsoft","Microsoft","uksouth","UK South","/subscriptions/8a93b2c1-1234-4abc-9def-0123456789ab/resourceGroups/rg-558/providers/Microsoft.Compute/virtualMachines/vm-5495",NULL,"Virtual Machine","Compute","Virtual Machines","XYV0LUCYTEINUK97","Virtual Machines Hours",NULL,"8A967YB7EFA3GSLN.ZBP06B6V","sub-9a1f","Production","BillingProfile","{""environment"": ""qa""}",NULL,"Usage-Based",NULL,"Virtual Machines",2.8108,15.515616,3.4701
211.96648,"01ABCD-2345EF-6789GH","Helios Labs","BillingAccount","USD","2024-10-01T00:00:00Z","2024-09-01T00:00:00Z",NULL,NULL,"Usage",NULL,"Cloud SQL Database Instance in Singapore","2024-09-21T20:00:00Z","2024-09-21T19:00:00Z",NULL,NULL,NULL,NULL,NULL,NULL,NULL,86.9000000000,"Hours",264.9581,3.0490,211.96648,"Google",373.18336000000005,4.2944,"Standard","USD",86.90,"Hours","Google","Google","asia-southeast1","Singapore","//compute.googleapis.com/projects/Helios Labs/zones/asia-southeast1-a/instances/inst-7780",NULL,"Database Instance","Databases","Cloud SQL","PC45VY6QLH9H9CE7","Cloud SQL Hours",NULL,"4R3KFOGHKYW2TYAN.DINGIE57","proj-helios-prod","helios-prod","BillingAccount","{""environment"": ""prod"", ""application"": ""AtlasPortal"", ""cost_center"": ""CC-1001""}",NULL,"Usage-Based",NULL,"Relational Databases",3.0490,211.96648,4.2944
381.69848295,"ocid1.tenancy.oc1..aaaa1234","Meridian OCI","Tenancy","USD","2024-10-01T00:00:00Z","2024-09-01T00:00:00Z",NULL,NULL,"Usage",NULL,"Oracle Compute Instance in UK South (London)","2024-09-11T11:00:00Z","2024-09-11T10:00:00Z",NULL,NULL,NULL,NULL,NULL,NULL,NULL,262.9500000000,"Hours",471.232695,1.7921,381.69848295,"Oracle",724.9794449999999,2.7571,"Standard","USD",262.95,"Hours","Oracle","Oracle","uk-london-1","UK South (London)","ocid1.instance.oc1.uk-london-1.005a23dd94a5",NULL,"Instance","Compute","Oracle Compute","HYWI3KZF9GAWOGCB","Oracle Compute Hours",NULL,"E3LUEOZKJM8BEN2C.LB9FTAER","ocid1.compartment.oc1..prod","production","Tenancy",NULL,"us-ashburn-1-AD-1","Usage-Based",NULL,"Virtual Machines",1.7921,381.69848295,2.7571
156.2083956,"ocid1.tenancy.oc1..aaaa1234","Meridian OCI","Tenancy","USD","2024-10-01T00:00:00Z","2024-09-01T00:00:00Z",NULL,NULL,"Usage",NULL,"Oracle Compute Instance in Australia East (Sydney)","2024-09-18T05:00:00Z","2024-09-18T04:00:00Z",NULL,NULL,NULL,NULL,NULL,NULL,NULL,71.4200000000,"Hours",173.564884,2.4302,156.2083956,"Oracle",175.314674,2.4547,"Dynamic","USD",71.42,"Hours","Oracle","Oracle","ap-sydney-1","Australia East (Sydney)","ocid1.instance.oc1.ap-sydney-1.001da53e739d",NULL,"Instance","Compute","Oracle Compute","HZL0IUECTRYH5PCX","Oracle Compute Hours",NULL,"EVGNOIBZ2MDJSA4T.FMV00VPP","ocid1.compartment.oc1..prod","production","Tenancy","{""cost_center"": ""CC-3090"", ""application"": ""BrightSourceCore"", ""team"": ""growth""}","us-ashburn-1-AD-1","Usage-Based",NULL,"Virtual Machines",2.4302,156.2083956,2.4547
153.86634816,"123456789012","SunBird","BillingAccount","USD","2024-10-01T00:00:00Z","2024-09-01T00:00:00Z",NULL,NULL,"Usage",NULL,"Amazon Simple Storage Service Bucket in Asia Pacific (Sydney)","2024-09-29T05:00:00Z","2024-09-29T04:00:00Z",NULL,NULL,NULL,NULL,NULL,NULL,NULL,240.2600000000,"GB",183.17422399999998,0.7624,153.86634816,"AWS",241.004806,1.0031,"Standard","USD",240.26,"GB","AWS","AWS","ap-southeast-2","Asia Pacific (Sydney)","arn:aws:ec2:ap-southeast-2:123456789012:instance/i-007b6291b8ba",NULL,"Bucket","Storage","Amazon Simple Storage Service","JY5XCFT17PHRZXAB","Amazon Simple Storage Service GB",NULL,"OQXX6SYSKDG6GBIN.KAGYWG79","517389287820","Atlas Nimbus","BillingAccount",NULL,"eu-west-1c","Usage-Based",NULL,"Object Storage",0.7624,153.86634816,1.0031
222.2817156,"123456789012","SunBird","BillingAccount","USD","2024-10-01T00:00:00Z","2024-09-01T00:00:00Z",NULL,NULL,"Usage",NULL,"Amazon Simple Queue Service Queue in US East (N. Virginia)","2024-09-05T19:00:00Z","2024-09-05T18:00:00Z",NULL,NULL,NULL,NULL,NULL,NULL,NULL,228.2200000000,"Requests",246.97968400000002,1.0822,222.2817156,"AWS",392.036316,1.7178,"Standard","USD",228.22,"Requests","AWS","AWS","us-east-1","US East (N. Virginia)","arn:aws:ec2:us-east-1:123456789012:instance/i-003fee39a9e0",NULL,"Queue","Integration","Amazon Simple Queue Service","J6SM1W1895KAJAQ9","Amazon Simple Queue Service Requests",NULL,"5FBOYVOS5YSFQSJ4.H2SVNESX","663626350770","Zenith Apollo","BillingAccount","{""team"": ""platform"", ""business_unit"": ""OsloData""}","ap-southeast-2a","Usage-Based",NULL,"Messaging",1.0822,222.2817156,1.7178
1196.71549381,"01ABCD-2345EF-6789GH","Helios Labs","BillingAccount","USD","2024-10-01T00:00:00Z","2024-09-01T00:00:00Z",NULL,NULL,"Usage",NULL,"Cloud SQL Database Instance in Iowa","2024-09-03T03:00:00Z","2024-09-03T02:00:00Z",NULL,NULL,NULL,NULL,NULL,NULL,NULL,490.0300000000,"Hours",1514.8297389999998,3.0913,1196.71549381,"Google",1761.4128349999999,3.5945,"Standard","USD",490.03,"Hours","Google","Google","us-central1","Iowa","//compute.googleapis.com/projects/Helios Labs/zones/us-central1-a/instances/inst-94",NULL,"Database Instance","Databases","Cloud SQL","B7KQUD7HQ1T2CJM0","Cloud SQL Hours",NULL,"A2SH5D1AKLXKVUMF.MQF20LL8","proj-helios-prod","helios-prod","BillingAccount","{""environment"": ""dev"", ""team"": ""growth""}","asia-southeast1-c","Usage-Based",NULL,"Relational Databases",3.0913,1196.71549381,3.5945
474.72386484,"01ABCD-2345EF-6789GH","Helios Labs","BillingAccount","USD","2024-10-01T00:00:00Z","2024-09-01T00:00:00Z",NULL,NULL,"Usage",NULL,"Cloud SQL Database Instance in Iowa","2024-09-16T19:00:00Z","2024-09-16T18:00:00Z",NULL,NULL,NULL,NULL,NULL,NULL,NULL,194.1900000000,"Hours",778.235844,4.0076,474.72386484,"Google",949.0647869999999,4.8873,"Standard","USD",194.19,"Hours","Google","Google","us-central1","Iowa","//compute.googleapis.com/projects/Helios Labs/zones/us-central1-a/instances/inst-4309",NULL,"Database Instance","Databases","Cloud SQL","ZGB8K1W1GIDYSYR0","Cloud SQL Hours",NULL,"4YQ39WYKVD9QWDET.PJW3AK61","proj-helios-dev","helios-dev","BillingAccount","{""cost_center"": ""CC-1001""}","asia-southeast1-c","Usage-Based",NULL,"Relational Databases",4.0076,474.72386484,4.8873
329.63698134,"123456789012","SunBird","BillingAccount","USD","2024-10-01T00:00:00Z","2024-09-01T00:00:00Z",NULL,NULL,"Adjustment",NULL,"Amazon Simple Storage Service Bucket in Europe (Ireland)","2024-09-15T07:00:00Z","2024-09-15T06:00:00Z",NULL,NULL,NULL,NULL,NULL,NULL,NULL,NULL,NULL,378.893082,3.1781,329.63698134,"AWS",403.08281999999997,3.3810,"Standard","USD",119.22,"GB","AWS","AWS","eu-west-1","Europe (Ireland)",NULL,NULL,NULL,"Storage","Amazon Simple Storage Service","8H7CWL7NCVMA15OA","Amazon Simple Storage Service GB",NULL,"8ODO97SBG143ZJEH.BVA5G3CW","663626350770","Zenith Apollo","BillingAccount","{""owner"": ""k.johnson"", ""cost_center"": ""CC-3090"", ""team"": ""platform""}",NULL,"One-Time",NULL,"Object Storage",3.1781,329.63698134,3.3810
347.19600069,"01ABCD-2345EF-6789GH","Helios Labs","BillingAccount","USD","2024-10-01T00:00:00Z","2024-09-01T00:00:00Z",NULL,NULL,"Usage",NULL,"Cloud SQL Database Instance in Singapore","2024-09-02T02:00:00Z","2024-09-02T01:00:00Z",NULL,NULL,NULL,NULL,NULL,NULL,NULL,444.8100000000,"Hours",450.90389700000003,1.0137,347.19600069,"Google",549.8741219999999,1.2362,"Standard","USD",444.81,"Hours","Google","Google","asia-southeast1","Singapore","//compute.googleapis.com/projects/Helios Labs/zones/asia-southeast1-a/instances/inst-4754",NULL,"Database Instance","Databases","Cloud SQL","51U3KYL0OK4NKQO5","Cloud SQL Hours",NULL,"CMFCU0ZUGQEOTMB2.Z7OJ62Y9","proj-helios-dev","helios-dev","BillingAccount","{""application"": ""AtlasPortal""}",NULL,"Usage-Based",NULL,"Relational Databases",1.0137,347.19600069,1.2362
53.71341976,"ocid1.tenancy.oc1..aaaa1234","Meridian OCI","Tenancy","USD","2024-10-01T00:00:00Z","2024-09-01T00:00:00Z",NULL,NULL,"Usage",NULL,"Oracle Compute Instance in UK South (London)","2024-09-25T22:00:00Z","2024-09-25T21:00:00Z",NULL,NULL,NULL,NULL,NULL,NULL,NULL,80.0800000000,"Hours",69.757688,0.8711,53.71341976,"Oracle",107.323216,1.3402,"Standard","USD",80.08,"Hours","Oracle","Oracle","uk-london-1","UK South (London)","ocid1.instance.oc1.uk-london-1.00488bbd5b3d",NULL,"Instance","Compute","Oracle Compute","SEMW4H19J0HEGS3Y","Oracle Compute Hours",NULL,"KB2NQ384OWTHRUW0.T2MEGZ68","ocid1.compartment.oc1..prod","production","Tenancy","{""environment"": ""prod"", ""team"": ""platform"", ""owner"": ""g.hopper""}",NULL,"Usage-Based",NULL,"Virtual Machines",0.8711,53.71341976,1.3402
564.7485760000001,"8a93b2c1-1234-4abc-9def-0123456789ab","Contoso Cloud","BillingProfile","USD","2024-10-01T00:00:00Z","2024-09-01T00:00:00Z",NULL,NULL,"Purchase",NULL,"Azure Kubernetes Service Cluster in UK South","2024-09-21T05:00:00Z","2024-09-21T04:00:00Z",NULL,NULL,NULL,NULL,NULL,NULL,NULL,NULL,NULL,564.7485760000001,2.0708,0,"Microsoft",882.412832,3.2356,"Standard","USD",272.72,"Hours","Microsoft","Microsoft","uksouth","UK South","/subscriptions/8a93b2c1-1234-4abc-9def-0123456789ab/resourceGroups/rg-223/providers/Microsoft.Compute/virtualMachines/vm-8930",NULL,"Cluster","Compute","Azure Kubernetes Service","X46GZX1A77DQE6CI","Azure Kubernetes Service Hours",NULL,"SSZL97K1E3NQYC83.N1MFQMF7","sub-9a1f","Production","BillingProfile",NULL,NULL,"Recurring",NULL,"Containers",2.0708,0,3.2356
524.74799253,"8a93b2c1-1234-4abc-9def-0123456789ab","Contoso Cloud","BillingProfile","USD","2024-10-01T00:00:00Z","2024-09-01T00:00:00Z",NULL,NULL,"Credit",NULL,"Azure Kubernetes Service Cluster in West Europe","2024-09-26T04:00:00Z","2024-09-26T03:00:00Z",NULL,NULL,NULL,NULL,NULL,NULL,NULL,NULL,NULL,760.5043370000001,1.5277,524.74799253,"Microsoft",760.5043370000001,1.5277,"Other","USD",497.81,"Hours","Microsoft","Microsoft","westeurope","West Europe",NULL,NULL,NULL,"Compute","Azure Kubernetes Service","50QL4M909GNO4IK5","Azure Kubernetes Service Hours",NULL,"9G9EXWNLX68PCLFM.Z5E0DPP6","sub-9a1f","Production","BillingProfile","{""environment"": ""prod"", ""business_unit"": ""LisbonOps"", ""application"": ""AtlasPortal""}",NULL,"One-Time",NULL,"Containers",1.5277,524.74799253,1.5277
481.58197824,"123456789012","SunBird","BillingAccount","USD","2024-10-01T00:00:00Z","2024-09-01T00:00:00Z",NULL,NULL,"Usage","Correction","AWS Lambda Function in Asia Pacific (Sydney)","2024-09-20T10:00:00Z","2024-09-20T09:00:00Z","Usage","cd-824484","commit-4484",NULL,"Used","Committed Use Discount",NULL,246.5600000000,"Requests",729.669664,2.9594,481.58197824,"AWS",737.0418080000001,2.9893,"Committed","USD",246.56,"Requests","AWS","AWS","ap-southeast-2","Asia Pacific (Sydney)","arn:aws:ec2:ap-southeast-2:123456789012:instance/i-00ad87ffb5eb",NULL,"Function","Compute","AWS Lambda","F048EL76P2O8VOD9","AWS Lambda Requests",NULL,"JL27GR1WPUP07JPL.C2KT60GF","663626350770","Zenith Apollo","BillingAccount",NULL,NULL,"Usage-Based",NULL,"Serverless Compute",2.9594,481.58197824,2.9893
48.19011407,"ocid1.tenancy.oc1..aaaa1234","Meridian OCI","Tenancy","USD","2024-10-01T00:00:00Z","2024-09-01T00:00:00Z",NULL,NULL,"Usage",NULL,"Oracle Object Storage Bucket in US East (Ashburn)","2024-09-30T16:00:00Z","2024-09-30T15:00:00Z","Spend","cd-837939","commit-7939",NULL,"Used","Reserved Instance",NULL,32.2700000000,"GB",79.00018700000001,2.4481,48.19011407,"Oracle",92.94082700000001,2.8801,"Standard","USD",32.27,"GB","Oracle","Oracle","us-ashburn-1","US East (Ashburn)","ocid1.instance.oc1.us-ashburn-1.005f694606ae",NULL,"Bucket","Storage","Oracle Object Storage","92T6VZLN2891E4OI","Oracle Object Storage GB",NULL,"230B0MVEP09D1X4S.E09QO0ZP","ocid1.compartment.oc1..prod","production","Tenancy","{""application"": ""BrightLensMatrix"", ""environment"": ""dev""}",NULL,"Usage-Based",NULL,"Object Storage",2.4481,48.19011407,2.8801
264.44579904,"8a93b2c1-1234-4abc-9def-0123456789ab","Contoso Cloud","BillingProfile","USD","2024-10-01T00:00:00Z","2024-09-01T00:00:00Z",NULL,NULL,"Usage",NULL,"Azure Kubernetes Service Cluster in Southeast Asia","2024-09-04T16:00:00Z","2024-09-04T15:00:00Z",NULL,NULL,NULL,NULL,NULL,NULL,NULL,171.3300000000,"Hours",275.464374,1.6078,264.44579904,"Microsoft",387.976785,2.2645,"Standard","USD",171.33,"Hours","Microsoft","Microsoft","southeastasia","Southeast Asia","/subscriptions/8a93b2c1-1234-4abc-9def-0123456789ab/resourceGroups/rg-373/providers/Microsoft.Compute/virtualMachines/vm-5093",NULL,"Cluster","Compute","Azure Kubernetes Service","6O0E86M2ST8KMYCS","Azure Kubernetes Service Hours",NULL,"IRRUALWY5DJH47LV.98EZGAO2","sub-2b7c","Staging","BillingProfile",NULL,NULL,"Usage-Based",NULL,"Containers",1.6078,264.44579904,2.2645
372.41795328,"8a93b2c1-1234-4abc-9def-0123456789ab","Contoso Cloud","BillingProfile","USD","2024-10-01T00:00:00Z","2024-09-01T00:00:00Z",NULL,NULL,"Usage",NULL,"Azure Blob Storage Storage Account in Southeast Asia","2024-09-10T13:00:00Z","2024-09-10T12:00:00Z",NULL,NULL,NULL,NULL,NULL,NULL,NULL,478.4600000000,"GB",581.903052,1.2162,372.41795328,"Microsoft",727.354892,1.5202,"Other","USD",478.46,"GB","Microsoft","Microsoft","southeastasia","Southeast Asia","/subscriptions/8a93b2c1-1234-4abc-9def-0123456789ab/resourceGroups/rg-920/providers/Microsoft.Compute/virtualMachines/vm-1323",NULL,"Storage Account","Storage","Azure Blob Storage","3A56NNFPITCK4XSL","Azure Blob Storage GB",NULL,"WCEZX2XXU4T7YNJ9.EA5AVZDV","sub-9a1f","Production","BillingProfile","{""application"": ""AtlasPortal"", ""cost_center"": ""CC-2042"", ""team"": ""platform""}","westeurope-2","Usage-Based",NULL,"Object Storage",1.2162,372.41795328,1.5202
851.45392143,"ocid1.tenancy.oc1..aaaa1234","Meridian OCI","Tenancy","USD","2024-10-01T00:00:00Z","2024-09-01T00:00:00Z",NULL,NULL,"Usage",NULL,"Oracle Object Storage Bucket in Australia East (Sydney)","2024-09-05T23:00:00Z","2024-09-05T22:00:00Z",NULL,NULL,NULL,NULL,NULL,NULL,NULL,389.4100000000,"GB",915.5418510000002,2.3511,851.45392143,"Oracle",1453.2391790000001,3.7319,"Standard","USD",389.41,"GB","Oracle","Oracle","ap-sydney-1","Australia East (Sydney)","ocid1.instance.oc1.ap-sydney-1.0061938b7eda",NULL,"Bucket","Storage","Oracle Object Storage","XY3F6FSNOY2V3VXQ","Oracle Object Storage GB",NULL,"ZBY9MRL0BXMP78KT.1ZYD8H63","ocid1.compartment.oc1..dev","development","Tenancy","{""application"": ""BrightLensMatrix"", ""business_unit"": ""LisbonOps"", ""environment"": ""qa""}","us-ashburn-1-AD-1","Usage-Based",NULL,"Object Storage",2.3511,851.45392143,3.7319
710.86646016,"123456789012","SunBird","BillingAccount","USD","2024-10-01T00:00:00Z","2024-09-01T00:00:00Z",NULL,NULL,"Usage",NULL,"Amazon Relational Database Service Database Instance in US East (N. Virginia)","2024-09-28T07:00:00Z","2024-09-28T06:00:00Z",NULL,NULL,NULL,NULL,NULL,NULL,NULL,468.8400000000,"Hours",1110.728844,2.3691,710.86646016,"AWS",1234.127532,2.6323,"Standard","USD",468.84,"Hours","AWS","AWS","us-east-1","US East (N. Virginia)","arn:aws:ec2:us-east-1:123456789012:instance/i-00bce23bcb75",NULL,"Database Instance","Databases","Amazon Relational Database Service","SSNEKFMRUV2BC4LV","Amazon Relational Database Service Hours",NULL,"ZY95IPDYN0W27M2E.XGDSGPZ5","438839167390","Zenith Eclipse","BillingAccount","{""environment"": ""dev"", ""team"": ""payments"", ""application"": ""BrightSourceCore""}",NULL,"Usage-Based",NULL,"Relational Databases",2.3691,710.86646016,2.6323
1270.324913,"ocid1.tenancy.oc1..aaaa1234","Meridian OCI","Tenancy","USD","2024-10-01T00:00:00Z","2024-09-01T00:00:00Z",NULL,NULL,"Purchase",NULL,"Oracle Functions Function in UK South (London)","2024-09-25T18:00:00Z","2024-09-25T17:00:00Z",NULL,NULL,NULL,NULL,NULL,NULL,NULL,NULL,NULL,1270.324913,3.4177,0,"Oracle",1337.191944,3.5976,"Standard","USD",371.69,"Invocations","Oracle","Oracle","uk-london-1","UK South (London)","ocid1.instance.oc1.uk-london-1.006b98bf8138",NULL,"Function","Compute","Oracle Functions","2HIBTVQBK8RTN97I","Oracle Functions Invocations",NULL,"Y2ZRHPYY5R8716ZA.7471OFTH","ocid1.compartment.oc1..dev","development","Tenancy","{""cost_center"": ""CC-2042""}",NULL,"Recurring",NULL,"Serverless Compute",3.4177,0,3.5976
111.13856217,"8a93b2c1-1234-4abc-9def-0123456789ab","Contoso Cloud","BillingProfile","USD","2024-10-01T00:00:00Z","2024-09-01T00:00:00Z",NULL,NULL,"Usage",NULL,"Azure SQL Database SQL Database in East US","2024-09-27T15:00:00Z","2024-09-27T14:00:00Z","Usage","cd-244396","commit-4396",NULL,"Unused","Savings Plan",NULL,NULL,NULL,165.878451,1.1787,111.13856217,"Microsoft",204.79029599999998,1.4552,"Other","USD",140.73,"Hours","Microsoft","Microsoft","eastus","East US","/subscriptions/8a93b2c1-1234-4abc-9def-0123456789ab/resourceGroups/rg-968/providers/Microsoft.Compute/virtualMachines/vm-7993",NULL,"SQL Database","Databases","Azure SQL Database","3K94RD3UFPHQYAP2","Azure SQL Database Hours",NULL,"8K9BOU07HB9X8543.A4WBGMNL","sub-4d3e","Sandbox","BillingProfile","{""team"": ""infra""}","uksouth-1","Usage-Based",NULL,"Relational Databases",1.1787,111.13856217,1.4552
1567.3592088,"ocid1.tenancy.oc1..aaaa1234","Meridian OCI","Tenancy","USD","2024-10-01T00:00:00Z","2024-09-01T00:00:00Z",NULL,NULL,"Adjustment",NULL,"Oracle Functions Function in Australia East (Sydney)","2024-09-30T13:00:00Z","2024-09-30T12:00:00Z",NULL,NULL,NULL,NULL,NULL,NULL,NULL,NULL,NULL,1583.19112,3.9095,1567.3592088,"Oracle",1649.1591039999998,4.0724,"Other","USD",404.96,"Invocations","Oracle","Oracle","ap-sydney-1","Australia East (Sydney)",NULL,NULL,NULL,"Compute","Oracle Functions","ZL00270EZOO9ZN8H","Oracle Functions Invocations",NULL,"PAMJ0IT70TBQZZXR.52BUOZTR","ocid1.compartment.oc1..dev","development","Tenancy",NULL,NULL,"One-Time",NULL,"Serverless Compute",3.9095,1567.3592088,4.0724
21.8991952,"01ABCD-2345EF-6789GH","Helios Labs","BillingAccount","USD","2024-10-01T00:00:00Z","2024-09-01T00:00:00Z",NULL,NULL,"Usage",NULL,"Cloud Functions Function in Singapore","2024-09-05T10:00:00Z","2024-09-05T09:00:00Z","Spend","cd-285213","commit-5213",NULL,"Used","Savings Plan",NULL,190.1500000000,"Invocations",35.90032,0.1888,21.8991952,"Google",46.035315000000004,0.2421,"Dynamic","USD",190.15,"Invocations","Google","Google","asia-southeast1","Singapore","//compute.googleapis.com/projects/Helios Labs/zones/asia-southeast1-a/instances/inst-2725",NULL,"Function","Compute","Cloud Functions","YUBSWZ710CCFKNMF","Cloud Functions Invocations",NULL,"UITARHU3U6RJ3170.FL42MPOP","proj-helios-dev","helios-dev","BillingAccount","{""owner"": ""g.hopper""}",NULL,"Usage-Based",NULL,"Serverless Compute",0.1888,21.8991952,0.2421
342.65931966,"ocid1.tenancy.oc1..aaaa1234","Meridian OCI","Tenancy","USD","2024-10-01T00:00:00Z","2024-09-01T00:00:00Z",NULL,NULL,"Usage",NULL,"Oracle Load Balancer Load Balancer in UK South (London)","2024-09-01T21:00:00Z","2024-09-01T20:00:00Z",NULL,NULL,NULL,NULL,NULL,NULL,NULL,398.2600000000,"Hours",543.903682,1.3657,342.65931966,"Oracle",891.6244879999999,2.2388,"Standard","USD",398.26,"Hours","Oracle","Oracle","uk-london-1","UK South (London)","ocid1.instance.oc1.uk-london-1.00d2560b8d69",NULL,"Load Balancer","Networking","Oracle Load Balancer","0SEANE8TE5PL0XIN","Oracle Load Balancer Hours",NULL,"Q1XXS1EIDO8R03L1.QTDE6L6H","ocid1.compartment.oc1..prod","production","Tenancy","{""cost_center"": ""CC-3090""}",NULL,"Usage-Based",NULL,"Application Networking",1.3657,342.65931966,2.2388
1171.2316584,"8a93b2c1-1234-4abc-9def-0123456789ab","Contoso Cloud","BillingProfile","USD","2024-10-01T00:00:00Z","2024-09-01T00:00:00Z",NULL,NULL,"Usage",NULL,"Azure SQL Database SQL Database in West Europe","2024-09-28T08:00:00Z","2024-09-28T07:00:00Z",NULL,NULL,NULL,NULL,NULL,NULL,NULL,314.8000000000,"Hours",1259.3888800000002,4.0006,1171.2316584,"Microsoft",1517.3360000000002,4.8200,"Standard","USD",314.80,"Hours","Microsoft","Microsoft","westeurope","West Europe","/subscriptions/8a93b2c1-1234-4abc-9def-0123456789ab/resourceGroups/rg-976/providers/Microsoft.Compute/virtualMachines/vm-2809",NULL,"SQL Database","Databases","Azure SQL Database","VEPQC3RF6UBX8IQD","Azure SQL Database Hours",NULL,"WUR0WEIDZB1GGW3N.2JVPAOHU","sub-2b7c","Staging","BillingProfile","{""owner"": ""a.lovelace"", ""application"": ""BrightSourceCore"", ""team"": ""growth""}",NULL,"Usage-Based",NULL,"Relational Databases",4.0006,1171.2316584,4.8200
516.54444614,"01ABCD-2345EF-6789GH","Helios Labs","BillingAccount","USD","2024-10-01T00:00:00Z","2024-09-01T00:00:00Z",NULL,NULL,"Usage",NULL,"BigQuery Dataset in Singapore","2024-09-26T11:00:00Z","2024-09-26T10:00:00Z",NULL,NULL,NULL,NULL,NULL,NULL,NULL,273.5300000000,"GiB",846.794174,3.0958,516.54444614,"Google",940.8884939999999,3.4398,"Standard","USD",273.53,"GiB","Google","Google","asia-southeast1","Singapore","//compute.googleapis.com/projects/Helios Labs/zones/asia-southeast1-a/instances/inst-6702",NULL,"Dataset","Analytics","BigQuery","GWD495PAVMBCPRNL","BigQuery GiB",NULL,"KYJBVXXWYJ6T5XYW.28OOPSNE","proj-helios-prod","helios-prod","BillingAccount",NULL,NULL,"Usage-Based",NULL,"Data Warehouses",3.0958,516.54444614,3.4398
596.68985583,"01ABCD-2345EF-6789GH","Helios Labs","BillingAccount","USD","2024-10-01T00:00:00Z","2024-09-01T00:00:00Z",NULL,NULL,"Usage",NULL,"Compute Engine VM Instance in Singapore","2024-09-24T09:00:00Z","2024-09-24T08:00:00Z",NULL,NULL,NULL,NULL,NULL,NULL,NULL,392.6100000000,"Hours",685.850409,1.7469,596.68985583,"Google",1039.160148,2.6468,"Standard","USD",392.61,"Hours","Google","Google","asia-southeast1","Singapore","//compute.googleapis.com/projects/Helios Labs/zones/asia-southeast1-a/instances/inst-9584",NULL,"VM Instance","Compute","Compute Engine","91X7SZB2SV0KUY3A","Compute Engine Hours",NULL,"NK2G862W72VD9CIC.5VICQZD3","proj-helios-dev","helios-dev","BillingAccount","{""cost_center"": ""CC-3090"", ""environment"": ""dev"", ""team"": ""platform""}",NULL,"Usage-Based",NULL,"Virtual Machines",1.7469,596.68985583,2.6468
276.1843072,"8a93b2c1-1234-4abc-9def-0123456789ab","Contoso Cloud","BillingProfile","USD","2024-10-01T00:00:00Z","2024-09-01T00:00:00Z",NULL,NULL,"Usage",NULL,"Azure Functions Function App in East US","2024-09-18T01:00:00Z","2024-09-18T00:00:00Z",NULL,NULL,NULL,NULL,NULL,NULL,NULL,240.0100000000,"Executions",445.45856000000003,1.8560,276.1843072,"Microsoft",593.9527469999999,2.4747,"Standard","USD",240.01,"Executions","Microsoft","Microsoft","eastus","East US","/subscriptions/8a93b2c1-1234-4abc-9def-0123456789ab/resourceGroups/rg-332/providers/Microsoft.Compute/virtualMachines/vm-5020",NULL,"Function App","Compute","Azure Functions","AHELDMZ5LEZQI1FZ","Azure Functions Executions",NULL,"00R4EB5OWL2V0XIB.8PGMAAEY","sub-4d3e","Sandbox","BillingProfile","{""application"": ""BrightSourceCore"", ""team"": ""platform""}",NULL,"Usage-Based",NULL,"Serverless Compute",1.8560,276.1843072,2.4747
901.6050708,"8a93b2c1-1234-4abc-9def-0123456789ab","Contoso Cloud","BillingProfile","USD","2024-10-01T00:00:00Z","2024-09-01T00:00:00Z",NULL,NULL,"Usage",NULL,"Azure Blob Storage Storage Account in East US","2024-09-07T19:00:00Z","2024-09-07T18:00:00Z",NULL,NULL,NULL,NULL,NULL,NULL,NULL,419.5600000000,"GB",1001.7834120000001,2.3877,901.6050708,"Microsoft",1032.74694,2.4615,"Standard","USD",419.56,"GB","Microsoft","Microsoft","eastus","East US","/subscriptions/8a93b2c1-1234-4abc-9def-0123456789ab/resourceGroups/rg-915/providers/Microsoft.Compute/virtualMachines/vm-8279",NULL,"Storage Account","Storage","Azure Blob Storage","PGZ5INITYQR4HCYD","Azure Blob Storage GB",NULL,"ZD13P5378KEQH8HC.D3KB6Q48","sub-2b7c","Staging","BillingProfile","{""environment"": ""qa"", ""application"": ""BrightLensMatrix""}",NULL,"Usage-Based",NULL,"Object Storage",2.3877,901.6050708,2.4615
284.3238996,"123456789012","SunBird","BillingAccount","USD","2024-10-01T00:00:00Z","2024-09-01T00:00:00Z",NULL,NULL,"Credit",NULL,"AWS Lambda Function in US East (N. Virginia)","2024-09-03T15:00:00Z","2024-09-03T14:00:00Z",NULL,NULL,NULL,NULL,NULL,NULL,NULL,NULL,NULL,315.91544400000004,2.3277,284.3238996,"AWS",432.756792,3.1886,"Dynamic","USD",135.72,"Requests","AWS","AWS","us-east-1","US East (N. Virginia)",NULL,NULL,NULL,"Compute","AWS Lambda","OZ3UR5FBN47S8ZUK","AWS Lambda Requests",NULL,"NC8ASUNMQNBQ8LB3.CABJZ3WV","438839167390","Zenith Eclipse","BillingAccount","{""team"": ""platform"", ""cost_center"": ""CC-1001""}",NULL,"One-Time",NULL,"Serverless Compute",2.3277,284.3238996,3.1886
56.35679406,"ocid1.tenancy.oc1..aaaa1234","Meridian OCI","Tenancy","USD","2024-10-01T00:00:00Z","2024-09-01T00:00:00Z",NULL,NULL,"Tax",NULL,"Tax charge in US East (Ashburn)","2024-09-13T10:00:00Z","2024-09-13T09:00:00Z",NULL,NULL,NULL,NULL,NULL,NULL,NULL,NULL,NULL,80.1507600000,NULL,56.35679406,"Oracle",17.5278410000,NULL,NULL,"USD",NULL,NULL,"Oracle","Oracle",NULL,NULL,NULL,NULL,NULL,"Other","Tax",NULL,NULL,NULL,NULL,"ocid1.compartment.oc1..dev","development","Tenancy","{""environment"": ""staging"", ""application"": ""BrightSourceCore"", ""owner"": ""a.lovelace""}",NULL,"One-Time",NULL,"Other (Security)",NULL,56.35679406,NULL
1279.07308753,"ocid1.tenancy.oc1..aaaa1234","Meridian OCI","Tenancy","USD","2024-10-01T00:00:00Z","2024-09-01T00:00:00Z",NULL,NULL,"Usage",NULL,"Oracle Object Storage Bucket in Australia East (Sydney)","2024-09-02T06:00:00Z","2024-09-02T05:00:00Z",NULL,NULL,NULL,NULL,NULL,NULL,NULL,391.3900000000,"GB",1318.632049,3.3691,1279.07308753,"Oracle",1465.129326,3.7434,"Standard","USD",391.39,"GB","Oracle","Oracle","ap-sydney-1","Australia East (Sydney)","ocid1.instance.oc1.ap-sydney-1.001cc901aedc",NULL,"Bucket","Storage","Oracle Object Storage","TTODZU34IFGI2GZ7","Oracle Object Storage GB",NULL,"GA7G301OXIFVJ04M.2HEA2AZ8","ocid1.compartment.oc1..prod","production","Tenancy","{""application"": ""BrightLensMatrix"", ""cost_center"": ""CC-1001"", ""team"": ""payments""}",NULL,"Usage-Based",NULL,"Object Storage",3.3691,1279.07308753,3.7434
383.12236062,"ocid1.tenancy.oc1..aaaa1234","Meridian OCI","Tenancy","USD","2024-10-01T00:00:00Z","2024-09-01T00:00:00Z",NULL,NULL,"Usage",NULL,"Oracle Autonomous Database Database in UK South (London)","2024-09-05T08:00:00Z","2024-09-05T07:00:00Z",NULL,NULL,NULL,NULL,NULL,NULL,NULL,174.9700000000,"Hours",467.222391,2.6703,383.12236062,"Oracle",530.928968,3.0344,"Standard","USD",174.97,"Hours","Oracle","Oracle","uk-london-1","UK South (London)","ocid1.instance.oc1.uk-london-1.00acd2496c23",NULL,"Database","Databases","Oracle Autonomous Database","54OXFYYCOKP4BGQB","Oracle Autonomous Database Hours",NULL,"WD2EWGYOJODT55JV.0EFXWOO6","ocid1.compartment.oc1..dev","development","Tenancy","{""environment"": ""dev"", ""business_unit"": ""OsloData""}","uk-london-1-AD-2","Usage-Based",NULL,"Relational Databases",2.6703,383.12236062,3.0344
410.331411,"123456789012","SunBird","BillingAccount","USD","2024-10-01T00:00:00Z","2024-09-01T00:00:00Z",NULL,NULL,"Purchase",NULL,"Amazon Simple Queue Service Queue in US West (Oregon)","2024-09-25T18:00:00Z","2024-09-25T17:00:00Z",NULL,NULL,NULL,NULL,NULL,NULL,NULL,NULL,NULL,410.331411,1.8891,0,"AWS",594.677538,2.7378,"Standard","USD",217.21,"Requests","AWS","AWS","us-west-2","US West (Oregon)","arn:aws:ec2:us-west-2:123456789012:instance/i-002d3986a86f",NULL,"Queue","Integration","Amazon Simple Queue Service","7NQMRN0PU17D752P","Amazon Simple Queue Service Requests",NULL,"S5JSQG13YJG85SPB.0S5TIMIZ","663626350770","Zenith Apollo","BillingAccount","{""application"": ""BrightLensMatrix"", ""environment"": ""prod""}",NULL,"Recurring",NULL,"Messaging",1.8891,0,2.7378
305.2025163,"8a93b2c1-1234-4abc-9def-0123456789ab","Contoso Cloud","BillingProfile","USD","2024-10-01T00:00:00Z","2024-09-01T00:00:00Z",NULL,NULL,"Usage",NULL,"Azure Load Balancer Load Balancer in Southeast Asia","2024-09-21T15:00:00Z","2024-09-21T14:00:00Z",NULL,NULL,NULL,NULL,NULL,NULL,NULL,86.1300000000,"Hours",350.80749000000003,4.0730,305.2025163,"Microsoft",365.423751,4.2427,"Other","USD",86.13,"Hours","Microsoft","Microsoft","southeastasia","Southeast Asia","/subscriptions/8a93b2c1-1234-4abc-9def-0123456789ab/resourceGroups/rg-462/providers/Microsoft.Compute/virtualMachines/vm-4386",NULL,"Load Balancer","Networking","Azure Load Balancer","LV7GI93ZZORAQG2Q","Azure Load Balancer Hours",NULL,"Q31VLITZZ7VH0LE4.XE3GPXJ9","sub-4d3e","Sandbox","BillingProfile","{""business_unit"": ""MarseilleSRE"", ""owner"": ""a.turing"", ""cost_center"": ""CC-1001""}","eastus-1","Usage-Based",NULL,"Application Networking",4.0730,305.2025163,4.2427
515.02754432,"01ABCD-2345EF-6789GH","Helios Labs","BillingAccount","USD","2024-10-01T00:00:00Z","2024-09-01T00:00:00Z",NULL,NULL,"Usage","Correction","Cloud SQL Database Instance in Northern Virginia","2024-09-27T18:00:00Z","2024-09-27T17:00:00Z",NULL,NULL,NULL,NULL,NULL,NULL,NULL,177.2300000000,"Hours",705.5171839999999,3.9808,515.02754432,"Google",783.9060129999999,4.4231,"Standard","USD",177.23,"Hours","Google","Google","us-east4","Northern Virginia","//compute.googleapis.com/projects/Helios Labs/zones/us-east4-a/instances/inst-97",NULL,"Database Instance","Databases","Cloud SQL","7THO8PHL31C58PMW","Cloud SQL Hours",NULL,"S8LIQXIS88HYAMXP.TG51WT0G","proj-helios-prod","helios-prod","BillingAccount",NULL,"europe-west1-b","Usage-Based",NULL,"Relational Databases",3.9808,515.02754432,4.4231
863.16338515,"123456789012","SunBird","BillingAccount","USD","2024-10-01T00:00:00Z","2024-09-01T00:00:00Z",NULL,NULL,"Usage",NULL,"Amazon Elastic Compute Cloud Virtual Machine in US East (N. Virginia)","2024-09-28T22:00:00Z","2024-09-28T21:00:00Z",NULL,NULL,NULL,NULL,NULL,NULL,NULL,432.1900000000,"Hours",908.593037,2.1023,863.16338515,"AWS",1227.808571,2.8409,"Dynamic","USD",432.19,"Hours","AWS","AWS","us-east-1","US East (N. Virginia)","arn:aws:ec2:us-east-1:123456789012:instance/i-008c6af08c62",NULL,"Virtual Machine","Compute","Amazon Elastic Compute Cloud","4EI25GUY6VMAG2SR","Amazon Elastic Compute Cloud Hours",NULL,"5QA7AMB8KKCZQGYU.9SCJP30Q","517389287820","Atlas Nimbus","BillingAccount","{""owner"": ""k.johnson"", ""environment"": ""staging"", ""business_unit"": ""ViennaAI""}",NULL,"Usage-Based",NULL,"Virtual Machines",2.1023,863.16338515,2.8409
304.73772006,"8a93b2c1-1234-4abc-9def-0123456789ab","Contoso Cloud","BillingProfile","USD","2024-10-01T00:00:00Z","2024-09-01T00:00:00Z",NULL,NULL,"Usage",NULL,"Azure Kubernetes Service Cluster in Southeast Asia","2024-09-20T08:00:00Z","2024-09-20T07:00:00Z",NULL,NULL,NULL,NULL,NULL,NULL,NULL,119.0100000000,"Hours",454.832418,3.8218,304.73772006,"Microsoft",522.799029,4.3929,"Standard","USD",119.01,"Hours","Microsoft","Microsoft","southeastasia","Southeast Asia","/subscriptions/8a93b2c1-1234-4abc-9def-0123456789ab/resourceGroups/rg-290/providers/Microsoft.Compute/virtualMachines/vm-9311",NULL,"Cluster","Compute","Azure Kubernetes Service","VM38J8Z74KJDMA3E","Azure Kubernetes Service Hours",NULL,"D8E1KKN3YZKHXREW.E9D2AI3I","sub-4d3e","Sandbox","BillingProfile","{""application"": ""BrightLensMatrix"", ""business_unit"": ""ViennaAI"", ""owner"": ""a.lovelace""}",NULL,"Usage-Based",NULL,"Containers",3.8218,304.73772006,4.3929
675.55285213,"8a93b2c1-1234-4abc-9def-0123456789ab","Contoso Cloud","BillingProfile","USD","2024-10-01T00:00:00Z","2024-09-01T00:00:00Z",NULL,NULL,"Usage",NULL,"Azure Load Balancer Load Balancer in Southeast Asia","2024-09-29T07:00:00Z","2024-09-29T06:00:00Z",NULL,NULL,NULL,NULL,NULL,NULL,NULL,268.9700000000,"Hours",1008.2878390000001,3.7487,675.55285213,"Microsoft",1145.785303,4.2599,"Standard","USD",268.97,"Hours","Microsoft","Microsoft","southeastasia","Southeast Asia","/subscriptions/8a93b2c1-1234-4abc-9def-0123456789ab/resourceGroups/rg-39/providers/Microsoft.Compute/virtualMachines/vm-4002",NULL,"Load Balancer","Networking","Azure Load Balancer","JOPXX76W3J6OQZN7","Azure Load Balancer Hours",NULL,"G1FBWU95XNBJ0FRD.TE13UKCL","sub-9a1f","Production","BillingProfile","{""owner"": ""k.johnson"", ""cost_center"": ""CC-3090"", ""team"": ""growth""}","eastus-1","Usage-Based",NULL,"Application Networking",3.7487,675.55285213,4.2599
1219.8987801,"123456789012","SunBird","BillingAccount","USD","2024-10-01T00:00:00Z","2024-09-01T00:00:00Z",NULL,NULL,"Usage",NULL,"Amazon Relational Database Service Database Instance in Europe (Ireland)","2024-09-24T03:00:00Z","2024-09-24T02:00:00Z","Usage","cd-393142","commit-3142",NULL,"Unused","Committed Use Discount",NULL,NULL,NULL,1848.331485,3.8815,1219.8987801,"AWS",2281.9024799999997,4.7920,"Committed","USD",476.19,"Hours","AWS","AWS","eu-west-1","Europe (Ireland)","arn:aws:ec2:eu-west-1:123456789012:instance/i-008275168136",NULL,"Database Instance","Databases","Amazon Relational Database Service","L97ZW8B5LBD9BW3B","Amazon Relational Database Service Hours",NULL,"F5SNU2UJIVWX06B9.R1AAGV9H","438839167390","Zenith Eclipse","BillingAccount","{""business_unit"": ""OsloData"", ""cost_center"": ""CC-1001""}",NULL,"Usage-Based",NULL,"Relational Databases",3.8815,1219.8987801,4.7920
222.03721085,"8a93b2c1-1234-4abc-9def-0123456789ab","Contoso Cloud","BillingProfile","USD","2024-10-01T00:00:00Z","2024-09-01T00:00:00Z",NULL,NULL,"Usage",NULL,"Azure Kubernetes Service Cluster in West Europe","2024-09-09T00:00:00Z","2024-09-08T23:00:00Z",NULL,NULL,NULL,NULL,NULL,NULL,NULL,142.7300000000,"Hours",341.595709,2.3933,222.03721085,"Microsoft",345.04977499999995,2.4175,"Other","USD",142.73,"Hours","Microsoft","Microsoft","westeurope","West Europe","/subscriptions/8a93b2c1-1234-4abc-9def-0123456789ab/resourceGroups/rg-253/providers/Microsoft.Compute/virtualMachines/vm-3354",NULL,"Cluster","Compute","Azure Kubernetes Service","ITR1DX45KS845S3Y","Azure Kubernetes Service Hours",NULL,"PD8NV2I8BGDC0PR3.TF6AQICJ","sub-2b7c","Staging","BillingProfile",NULL,NULL,"Usage-Based",NULL,"Containers",2.3933,222.03721085,2.4175
1109.71946176,"8a93b2c1-1234-4abc-9def-0123456789ab","Contoso Cloud","BillingProfile","USD","2024-10-01T00:00:00Z","2024-09-01T00:00:00Z",NULL,NULL,"Usage",NULL,"Virtual Machines Virtual Machine in Southeast Asia","2024-09-21T09:00:00Z","2024-09-21T08:00:00Z",NULL,NULL,NULL,NULL,NULL,NULL,NULL,492.0400000000,"Hours",1219.4719360000001,2.4784,1109.71946176,"Microsoft",2032.469628,4.1307,"Standard","USD",492.04,"Hours","Microsoft","Microsoft","southeastasia","Southeast Asia","/subscriptions/8a93b2c1-1234-4abc-9def-0123456789ab/resourceGroups/rg-861/providers/Microsoft.Compute/virtualMachines/vm-8819",NULL,"Virtual Machine","Compute","Virtual Machines","V609UY8XB1YR647K","Virtual Machines Hours",NULL,"ZT64HOCDDLVWQZQV.PPS26WIQ","sub-4d3e","Sandbox","BillingProfile","{""team"": ""infra"", ""business_unit"": ""OsloData""}",NULL,"Usage-Based",NULL,"Virtual Machines",2.4784,1109.71946176,4.1307
145.5899244,"01ABCD-2345EF-6789GH","Helios Labs","BillingAccount","USD","2024-10-01T00:00:00Z","2024-09-01T00:00:00Z",NULL,NULL,"Usage",NULL,"Cloud SQL Database Instance in Northern Virginia","2024-09-13T06:00:00Z","2024-09-13T05:00:00Z",NULL,NULL,NULL,NULL,NULL,NULL,NULL,185.9500000000,"Hours",214.10282999999998,1.1514,145.5899244,"Google",305.85056,1.6448,"Standard","USD",185.95,"Hours","Google","Google","us-east4","Northern Virginia","//compute.googleapis.com/projects/Helios Labs/zones/us-east4-a/instances/inst-6390",NULL,"Database Instance","Databases","Cloud SQL","GE7GZHM82XWURKL7","Cloud SQL Hours",NULL,"GMPJSE33FF7AGY23.SMYDQ8A7","proj-helios-prod","helios-prod","BillingAccount",NULL,NULL,"Usage-Based",NULL,"Relational Databases",1.1514,145.5899244,1.6448
1080.512082,"8a93b2c1-1234-4abc-9def-0123456789ab","Contoso Cloud","BillingProfile","USD","2024-10-01T00:00:00Z","2024-09-01T00:00:00Z",NULL,NULL,"Purchase",NULL,"Azure Kubernetes Service Cluster in East US","2024-09-10T13:00:00Z","2024-09-10T12:00:00Z",NULL,NULL,NULL,NULL,NULL,NULL,NULL,NULL,NULL,1080.512082,4.5946,0,"Microsoft",1174.462497,4.9941,"Standard","USD",235.17,"Hours","Microsoft","Microsoft","eastus","East US","/subscriptions/8a93b2c1-1234-4abc-9def-0123456789ab/resourceGroups/rg-64/providers/Microsoft.Compute/virtualMachines/vm-6930",NULL,"Cluster","Compute","Azure Kubernetes Service","F743YTU7D8SMF0UK","Azure Kubernetes Service Hours",NULL,"E2CBUMEI0BXU5TDI.8TVX821U","sub-2b7c","Staging","BillingProfile","{""cost_center"": ""CC-3090"", ""owner"": ""a.turing"", ""environment"": ""prod""}",NULL,"Recurring",NULL,"Containers",4.5946,0,4.9941
489.42498696,"123456789012","SunBird","BillingAccount","USD","2024-10-01T00:00:00Z","2024-09-01T00:00:00Z",NULL,NULL,"Usage",NULL,"AWS Lambda Function in US West (Oregon)","2024-09-23T01:00:00Z","2024-09-23T00:00:00Z",NULL,NULL,NULL,NULL,NULL,NULL,NULL,259.2200000000,"Requests",537.8296560000001,2.0748,489.42498696,"AWS",584.592944,2.2552,"Dynamic","USD",259.22,"Requests","AWS","AWS","us-west-2","US West (Oregon)","arn:aws:ec2:us-west-2:123456789012:instance/i-004a749b2606",NULL,"Function","Compute","AWS Lambda","LX7DLSWU5EGYL3RN","AWS Lambda Requests",NULL,"VGSI60MI5DJNG3QC.I7ECYA5Y","438839167390","Zenith Eclipse","BillingAccount","{""business_unit"": ""MarseilleSRE"", ""application"": ""AtlasPortal"", ""environment"": ""staging""}",NULL,"Usage-Based",NULL,"Serverless Compute",2.0748,489.42498696,2.2552
1098.5683499999998,"01ABCD-2345EF-6789GH","Helios Labs","BillingAccount","USD","2024-10-01T00:00:00Z","2024-09-01T00:00:00Z",NULL,NULL,"Purchase",NULL,"Cloud SQL Database Instance in Belgium","2024-09-12T23:00:00Z","2024-09-12T22:00:00Z",NULL,NULL,NULL,NULL,NULL,NULL,NULL,NULL,NULL,1098.5683499999998,3.3825,0,"Google",1569.401916,4.8322,"Standard","USD",324.78,"Hours","Google","Google","europe-west1","Belgium","//compute.googleapis.com/projects/Helios Labs/zones/europe-west1-a/instances/inst-8972",NULL,"Database Instance","Databases","Cloud SQL","KVJGXFROWG4IMY6X","Cloud SQL Hours",NULL,"CQT8XKYDJPVS4JKQ.CUXPCZEH","proj-helios-prod","helios-prod","BillingAccount","{""business_unit"": ""LisbonOps"", ""application"": ""BrightSourceCore""}",NULL,"Recurring",NULL,"Relational Databases",3.3825,0,4.8322
660.66622368,"123456789012","SunBird","BillingAccount","USD","2024-10-01T00:00:00Z","2024-09-01T00:00:00Z",NULL,NULL,"Usage",NULL,"Amazon Elastic Compute Cloud Virtual Machine in Europe (Ireland)","2024-09-29T00:00:00Z","2024-09-28T23:00:00Z",NULL,NULL,NULL,NULL,NULL,NULL,NULL,236.6400000000,"Hours",930.5158079999999,3.9322,660.66622368,"AWS",1000.561248,4.2282,"Standard","USD",236.64,"Hours","AWS","AWS","eu-west-1","Europe (Ireland)","arn:aws:ec2:eu-west-1:123456789012:instance/i-006c8082f8f6",NULL,"Virtual Machine","Compute","Amazon Elastic Compute Cloud","XWZP6X9E7J9QN2T7","Amazon Elastic Compute Cloud Hours",NULL,"Y9CCWX5NM7A3IZYA.SATQ3XBG","438839167390","Zenith Eclipse","BillingAccount",NULL,"us-west-2b","Usage-Based",NULL,"Virtual Machines",3.9322,660.66622368,4.2282
666.20736,"01ABCD-2345EF-6789GH","Helios Labs","BillingAccount","USD","2024-10-01T00:00:00Z","2024-09-01T00:00:00Z",NULL,NULL,"Usage",NULL,"Compute Engine VM Instance in Singapore","2024-09-30T00:00:00Z","2024-09-29T23:00:00Z",NULL,NULL,NULL,NULL,NULL,NULL,NULL,257.9200000000,"Hours",740.2304,2.8700,666.20736,"Google",986.9824640000002,3.8267,"Standard","USD",257.92,"Hours","Google","Google","asia-southeast1","Singapore","//compute.googleapis.com/projects/Helios Labs/zones/asia-southeast1-a/instances/inst-7752",NULL,"VM Instance","Compute","Compute Engine","CQPBDZPEGC14GPYP","Compute Engine Hours",NULL,"VFFTJDJ9ZGIJNK90.HRAISVTI","proj-helios-dev","helios-dev","BillingAccount","{""cost_center"": ""CC-3090"", ""team"": ""payments""}","us-central1-a","Usage-Based",NULL,"Virtual Machines",2.8700,666.20736,3.8267
799.72584048,"01ABCD-2345EF-6789GH","Helios Labs","BillingAccount","USD","2024-10-01T00:00:00Z","2024-09-01T00:00:00Z",NULL,NULL,"Usage","Correction","Cloud Load Balancing Forwarding Rule in Belgium","2024-09-13T07:00:00Z","2024-09-13T06:00:00Z",NULL,NULL,NULL,NULL,NULL,NULL,NULL,345.6800000000,"Hours",1311.0259680000001,3.7926,799.72584048,"Google",1337.7816,3.8700,"Standard","USD",345.68,"Hours","Google","Google","europe-west1","Belgium","//compute.googleapis.com/projects/Helios Labs/zones/europe-west1-a/instances/inst-6602",NULL,"Forwarding Rule","Networking","Cloud Load Balancing","GOVOKUYH50LR7R05","Cloud Load Balancing Hours",NULL,"YSD833XNYERA9MA3.CDZPPYDI","proj-helios-prod","helios-prod","BillingAccount","{""environment"": ""staging"", ""cost_center"": ""CC-3090"", ""owner"": ""g.hopper""}","asia-southeast1-c","Usage-Based",NULL,"Application Networking",3.7926,799.72584048,3.8700
606.8009178,"8a93b2c1-1234-4abc-9def-0123456789ab","Contoso Cloud","BillingProfile","USD","2024-10-01T00:00:00Z","2024-09-01T00:00:00Z",NULL,NULL,"Credit",NULL,"Virtual Machines Virtual Machine in Southeast Asia","2024-09-21T02:00:00Z","2024-09-21T01:00:00Z",NULL,NULL,NULL,NULL,NULL,NULL,NULL,NULL,NULL,788.05314,3.2172,606.8009178,"Microsoft",1142.10387,4.6626,"Standard","USD",244.95,"Hours","Microsoft","Microsoft","southeastasia","Southeast Asia",NULL,NULL,NULL,"Compute","Virtual Machines","8LTM6JER1KKKLK7O","Virtual Machines Hours",NULL,"M7FM6ULKNVBYJ5BS.CGRTEKTV","sub-2b7c","Staging","BillingProfile","{""owner"": ""a.turing"", ""cost_center"": ""CC-2042"", ""team"": ""payments""}",NULL,"One-Time",NULL,"Virtual Machines",3.2172,606.8009178,4.6626
687.89836347,"8a93b2c1-1234-4abc-9def-0123456789ab","Contoso Cloud","BillingProfile","USD","2024-10-01T00:00:00Z","2024-09-01T00:00:00Z",NULL,NULL,"Usage",NULL,"Azure Functions Function App in West Europe","2024-09-16T19:00:00Z","2024-09-16T18:00:00Z",NULL,NULL,NULL,NULL,NULL,NULL,NULL,261.2100000000,"Executions",828.7932089999999,3.1729,687.89836347,"Microsoft",1076.368047,4.1207,"Standard","USD",261.21,"Executions","Microsoft","Microsoft","westeurope","West Europe","/subscriptions/8a93b2c1-1234-4abc-9def-0123456789ab/resourceGroups/rg-483/providers/Microsoft.Compute/virtualMachines/vm-150",NULL,"Function App","Compute","Azure Functions","WMV9ON726XFBVPCR","Azure Functions Executions",NULL,"V94XWD6LW4IOLMAA.4A90E91T","sub-2b7c","Staging","BillingProfile","{""business_unit"": ""LisbonOps"", ""application"": ""BrightSourceCore"", ""owner"": ""g.hopper""}","westeurope-2","Usage-Based",NULL,"Serverless Compute",3.1729,687.89836347,4.1207
162.36346,"01ABCD-2345EF-6789GH","Helios Labs","BillingAccount","USD","2024-10-01T00:00:00Z","2024-09-01T00:00:00Z",NULL,NULL,"Credit",NULL,"BigQuery Dataset in Northern Virginia","2024-09-20T22:00:00Z","2024-09-20T21:00:00Z",NULL,NULL,NULL,NULL,NULL,NULL,NULL,NULL,NULL,231.94779999999997,2.7580,162.36346,"Google",260.61749,3.0989,"Standard","USD",84.10,"GiB","Google","Google","us-east4","Northern Virginia",NULL,NULL,NULL,"Analytics","BigQuery","II3ALVIXQGHDXW0L","BigQuery GiB",NULL,"TEJ10206BQDUZT4C.PM1RKSUM","proj-helios-dev","helios-dev","BillingAccount","{""application"": ""NimbusAPI"", ""cost_center"": ""CC-3090""}",NULL,"One-Time",NULL,"Data Warehouses",2.7580,162.36346,3.0989
90.58389968,"123456789012","SunBird","BillingAccount","USD","2024-10-01T00:00:00Z","2024-09-01T00:00:00Z",NULL,NULL,"Usage",NULL,"Amazon Simple Queue Service Queue in Europe (Ireland)","2024-09-10T15:00:00Z","2024-09-10T14:00:00Z",NULL,NULL,NULL,NULL,NULL,NULL,NULL,33.5900000000,"Requests",146.10306400000002,4.3496,90.58389968,"AWS",166.02529300000003,4.9427,"Other","USD",33.59,"Requests","AWS","AWS","eu-west-1","Europe (Ireland)","arn:aws:ec2:eu-west-1:123456789012:instance/i-00e2791ef426",NULL,"Queue","Integration","Amazon Simple Queue Service","HCEV08PBXPELKXKZ","Amazon Simple Queue Service Requests",NULL,"R2S293D12YSSK60O.C3B37FCE","438839167390","Zenith Eclipse","BillingAccount","{""team"": ""platform""}","eu-west-1c","Usage-Based",NULL,"Messaging",4.3496,90.58389968,4.9427
273.873216,"123456789012","SunBird","BillingAccount","USD","2024-10-01T00:00:00Z","2024-09-01T00:00:00Z",NULL,NULL,"Adjustment","Correction","Amazon Simple Storage Service Bucket in Europe (Ireland)","2024-09-23T09:00:00Z","2024-09-23T08:00:00Z",NULL,NULL,NULL,NULL,NULL,NULL,NULL,NULL,NULL,427.92690000000005,1.4123,273.873216,"AWS",450.4398,1.4866,"Dynamic","USD",303.00,"GB","AWS","AWS","eu-west-1","Europe (Ireland)",NULL,NULL,NULL,"Storage","Amazon Simple Storage Service","EDD2KMESLBSNB0SD","Amazon Simple Storage Service GB",NULL,"QFIED3CRNEBWXANF.X7639UCY","438839167390","Zenith Eclipse","BillingAccount","{""owner"": ""k.johnson"", ""application"": ""AtlasPortal"", ""cost_center"": ""CC-3090""}",NULL,"One-Time",NULL,"Object Storage",1.4123,273.873216,1.4866
332.7259632,"123456789012","SunBird","BillingAccount","USD","2024-10-01T00:00:00Z","2024-09-01T00:00:00Z",NULL,NULL,"Usage",NULL,"Amazon Simple Queue Service Queue in Asia Pacific (Sydney)","2024-09-28T16:00:00Z","2024-09-28T15:00:00Z",NULL,NULL,NULL,NULL,NULL,NULL,NULL,261.2000000000,"Requests",437.79731999999996,1.6761,332.7259632,"AWS",451.32748,1.7279,"Standard","USD",261.20,"Requests","AWS","AWS","ap-southeast-2","Asia Pacific (Sydney)","arn:aws:ec2:ap-southeast-2:123456789012:instance/i-008d36e2adad",NULL,"Queue","Integration","Amazon Simple Queue Service","4DJEVO8YHGVHHF1L","Amazon Simple Queue Service Requests",NULL,"4GQNXMQHCZG0UAQ5.LUWNHC5M","438839167390","Zenith Eclipse","BillingAccount",NULL,NULL,"Usage-Based",NULL,"Messaging",1.6761,332.7259632,1.7279
1044.22491914,"123456789012","SunBird","BillingAccount","USD","2024-10-01T00:00:00Z","2024-09-01T00:00:00Z",NULL,NULL,"Usage",NULL,"Amazon Simple Storage Service Bucket in US West (Oregon)","2024-09-19T18:00:00Z","2024-09-19T17:00:00Z",NULL,NULL,NULL,NULL,NULL,NULL,NULL,272.8700000000,"GB",1173.2864260000001,4.2998,1044.22491914,"AWS",1348.605401,4.9423,"Standard","USD",272.87,"GB","AWS","AWS","us-west-2","US West (Oregon)","arn:aws:ec2:us-west-2:123456789012:instance/i-0054187b3ffc",NULL,"Bucket","Storage","Amazon Simple Storage Service","0CGAPEGRDB6HK2HI","Amazon Simple Storage Service GB",NULL,"L772TEVQJWQMTVCJ.Z1QL4P81","517389287820","Atlas Nimbus","BillingAccount","{""cost_center"": ""CC-3090"", ""team"": ""infra"", ""application"": ""BrightSourceCore""}","us-west-2b","Usage-Based",NULL,"Object Storage",4.2998,1044.22491914,4.9423
586.75170878,"ocid1.tenancy.oc1..aaaa1234","Meridian OCI","Tenancy","USD","2024-10-01T00:00:00Z","2024-09-01T00:00:00Z",NULL,NULL,"Usage",NULL,"Oracle Functions Function in UK South (London)","2024-09-04T14:00:00Z","2024-09-04T13:00:00Z",NULL,NULL,NULL,NULL,NULL,NULL,NULL,282.7700000000,"Invocations",742.7236819999999,2.6266,586.75170878,"Oracle",1031.54496,3.6480,"Standard","USD",282.77,"Invocations","Oracle","Oracle","uk-london-1","UK South (London)","ocid1.instance.oc1.uk-london-1.008fc69916df",NULL,"Function","Compute","Oracle Functions","57OY336EA5A6IQD6","Oracle Functions Invocations",NULL,"OWFOMGW3LD9LP1YF.YKBF2JUH","ocid1.compartment.oc1..prod","production","Tenancy",NULL,NULL,"Usage-Based",NULL,"Serverless Compute",2.6266,586.75170878,3.6480
608.69020905,"8a93b2c1-1234-4abc-9def-0123456789ab","Contoso Cloud","BillingProfile","USD","2024-10-01T00:00:00Z","2024-09-01T00:00:00Z",NULL,NULL,"Usage",NULL,"Azure Kubernetes Service Cluster in UK South","2024-09-30T03:00:00Z","2024-09-30T02:00:00Z",NULL,NULL,NULL,NULL,NULL,NULL,NULL,475.5500000000,"Hours",966.1749349999999,2.0317,608.69020905,"Microsoft",1006.45402,2.1164,"Dynamic","USD",475.55,"Hours","Microsoft","Microsoft","uksouth","UK South","/subscriptions/8a93b2c1-1234-4abc-9def-0123456789ab/resourceGroups/rg-535/providers/Microsoft.Compute/virtualMachines/vm-7629",NULL,"Cluster","Compute","Azure Kubernetes Service","L4Z4N0B70ONNWCZZ","Azure Kubernetes Service Hours",NULL,"Z51AVWB7BCVDD9NC.0LXD6CWX","sub-9a1f","Production","BillingProfile","{""owner"": ""g.hopper""}",NULL,"Usage-Based",NULL,"Containers",2.0317,608.69020905,2.1164
5.26425566,"01ABCD-2345EF-6789GH","Helios Labs","BillingAccount","USD","2024-10-01T00:00:00Z","2024-09-01T00:00:00Z",NULL,NULL,"Usage",NULL,"Cloud SQL Database Instance in Iowa","2024-09-03T22:00:00Z","2024-09-03T21:00:00Z",NULL,NULL,NULL,NULL,NULL,NULL,NULL,32.9300000000,"Hours",7.857098000000001,0.2386,5.26425566,"Google",7.9361299999999995,0.2410,"Dynamic","USD",32.93,"Hours","Google","Google","us-central1","Iowa","//compute.googleapis.com/projects/Helios Labs/zones/us-central1-a/instances/inst-4518",NULL,"Database Instance","Databases","Cloud SQL","8N057QAPIF22RFH4","Cloud SQL Hours",NULL,"12VXBCRM5VMGV2WI.LUD8P9ZC","proj-helios-dev","helios-dev","BillingAccount","{""application"": ""BrightLensMatrix"", ""team"": ""platform"", ""cost_center"": ""CC-3090""}",NULL,"Usage-Based",NULL,"Relational Databases",0.2386,5.26425566,0.2410
601.9003,"123456789012","SunBird","BillingAccount","USD","2024-10-01T00:00:00Z","2024-09-01T00:00:00Z",NULL,NULL,"Usage",NULL,"Amazon Simple Storage Service Bucket in Asia Pacific (Sydney)","2024-09-13T11:00:00Z","2024-09-13T10:00:00Z",NULL,NULL,NULL,NULL,NULL,NULL,NULL,441.2500000000,"GB",885.1474999999999,2.0060,601.9003,"AWS",1041.35,2.3600,"Standard","USD",441.25,"GB","AWS","AWS","ap-southeast-2","Asia Pacific (Sydney)","arn:aws:ec2:ap-southeast-2:123456789012:instance/i-0017c78f7dbe",NULL,"Bucket","Storage","Amazon Simple Storage Service","7GKD38CBN58FAHAP","Amazon Simple Storage Service GB",NULL,"JA6JPQGZAB3W578W.HZZFB5ZQ","438839167390","Zenith Eclipse","BillingAccount","{""environment"": ""qa"", ""business_unit"": ""OsloData""}","us-west-2b","Usage-Based",NULL,"Object Storage",2.0060,601.9003,2.3600
855.9421871,"01ABCD-2345EF-6789GH","Helios Labs","BillingAccount","USD","2024-10-01T00:00:00Z","2024-09-01T00:00:00Z",NULL,NULL,"Usage",NULL,"Cloud Functions Function in Iowa","2024-09-10T13:00:00Z","2024-09-10T12:00:00Z",NULL,NULL,NULL,NULL,NULL,NULL,NULL,353.0500000000,"Invocations",1111.6132300000002,3.1486,855.9421871,"Google",1565.6708350000001,4.4347,"Other","USD",353.05,"Invocations","Google","Google","us-central1","Iowa","//compute.googleapis.com/projects/Helios Labs/zones/us-central1-a/instances/inst-2830",NULL,"Function","Compute","Cloud Functions","I1GBVRCKYBL7T0WV","Cloud Functions Invocations",NULL,"JF7UY86ZQNM2RWME.8CLO8S92","proj-helios-dev","helios-dev","BillingAccount",NULL,"europe-west1-b","Usage-Based",NULL,"Serverless Compute",3.1486,855.9421871,4.4347
617.341116,"123456789012","SunBird","BillingAccount","USD","2024-10-01T00:00:00Z","2024-09-01T00:00:00Z",NULL,NULL,"Usage",NULL,"AWS Lambda Function in Europe (Ireland)","2024-09-11T22:00:00Z","2024-09-11T21:00:00Z",NULL,NULL,NULL,NULL,NULL,NULL,NULL,334.8200000000,"Requests",823.121488,2.4584,617.341116,"AWS",1286.144066,3.8413,"Standard","USD",334.82,"Requests","AWS","AWS","eu-west-1","Europe (Ireland)","arn:aws:ec2:eu-west-1:123456789012:instance/i-009a58520703",NULL,"Function","Compute","AWS Lambda","V2VO3T2ZNG7NQLBA","AWS Lambda Requests",NULL,"KSK58VKMSZFUEKH1.5ZA70CFB","438839167390","Zenith Eclipse","BillingAccount",NULL,NULL,"Usage-Based",NULL,"Serverless Compute",2.4584,617.341116,3.8413
99.26992800000001,"ocid1.tenancy.oc1..aaaa1234","Meridian OCI","Tenancy","USD","2024-10-01T00:00:00Z","2024-09-01T00:00:00Z",NULL,NULL,"Purchase",NULL,"Oracle Autonomous Database Database in Australia East (Sydney)","2024-09-22T11:00:00Z","2024-09-22T10:00:00Z",NULL,NULL,NULL,NULL,NULL,NULL,NULL,NULL,NULL,99.26992800000001,1.5336,0,"Oracle",119.601621,1.8477,"Standard","USD",64.73,"Hours","Oracle","Oracle","ap-sydney-1","Australia East (Sydney)","ocid1.instance.oc1.ap-sydney-1.00c74d02fefd",NULL,"Database","Databases","Oracle Autonomous Database","O9ZM7MQYYB7HQS7Z","Oracle Autonomous Database Hours",NULL,"CIZVOL9OEWMB4B3G.CS7571BE","ocid1.compartment.oc1..dev","development","Tenancy","{""business_unit"": ""OsloData"", ""application"": ""AtlasPortal""}",NULL,"Recurring",NULL,"Relational Databases",1.5336,0,1.8477
412.0928259,"123456789012","SunBird","BillingAccount","USD","2024-10-01T00:00:00Z","2024-09-01T00:00:00Z",NULL,NULL,"Usage",NULL,"Elastic Load Balancing Load Balancer in US West (Oregon)","2024-09-12T20:00:00Z","2024-09-12T19:00:00Z","Spend","cd-386653","commit-6653",NULL,"Used","Committed Use Discount",NULL,263.9100000000,"LCU-Hours",588.7040370000001,2.2307,412.0928259,"AWS",795.5566950000001,3.0145,"Committed","USD",263.91,"LCU-Hours","AWS","AWS","us-west-2","US West (Oregon)","arn:aws:ec2:us-west-2:123456789012:instance/i-00bd965ec8cc",NULL,"Load Balancer","Networking","Elastic Load Balancing","5TJWB3TO7ICMWDD2","Elastic Load Balancing LCU-Hours",NULL,"6122VVACUMU4YDOZ.2NNYERLQ","517389287820","Atlas Nimbus","BillingAccount",NULL,"us-east-1a","Usage-Based",NULL,"Application Networking",2.2307,412.0928259,3.0145
226.199752,"01ABCD-2345EF-6789GH","Helios Labs","BillingAccount","USD","2024-10-01T00:00:00Z","2024-09-01T00:00:00Z",NULL,NULL,"Credit",NULL,"Compute Engine VM Instance in Singapore","2024-09-19T13:00:00Z","2024-09-19T12:00:00Z","Spend","cd-906714","commit-6714",NULL,"Unused","Committed Use Discount",NULL,NULL,NULL,318.5912,2.0164,226.199752,"Google",328.45040000000006,2.0788,"Committed","USD",158.00,"Hours","Google","Google","asia-southeast1","Singapore",NULL,NULL,NULL,"Compute","Compute Engine","27K2X54MDYEQZBF5","Compute Engine Hours",NULL,"QFYTBDDJU06MV1I2.7P9444YV","proj-helios-prod","helios-prod","BillingAccount","{""business_unit"": ""OsloData"", ""cost_center"": ""CC-1001""}",NULL,"One-Time",NULL,"Virtual Machines",2.0164,226.199752,2.0788
46.77868875,"123456789012","SunBird","BillingAccount","USD","2024-10-01T00:00:00Z","2024-09-01T00:00:00Z",NULL,NULL,"Adjustment",NULL,"Amazon Simple Storage Service Bucket in US West (Oregon)","2024-09-21T03:00:00Z","2024-09-21T02:00:00Z",NULL,NULL,NULL,NULL,NULL,NULL,NULL,NULL,NULL,49.240725,0.8601,46.77868875,"AWS",55.3264,0.9664,"Standard","USD",57.25,"GB","AWS","AWS","us-west-2","US West (Oregon)",NULL,NULL,NULL,"Storage","Amazon Simple Storage Service","1VLOY4XYL3XQVQAO","Amazon Simple Storage Service GB",NULL,"T6P2XWVPZTKLDQ2C.VQQ5ZW6M","438839167390","Zenith Eclipse","BillingAccount","{""team"": ""growth""}",NULL,"One-Time",NULL,"Object Storage",0.8601,46.77868875,0.9664
78.20819595,"123456789012","SunBird","BillingAccount","USD","2024-10-01T00:00:00Z","2024-09-01T00:00:00Z",NULL,NULL,"Usage",NULL,"Amazon Elastic Compute Cloud Virtual Machine in Asia Pacific (Sydney)","2024-09-30T12:00:00Z","2024-09-30T11:00:00Z",NULL,NULL,NULL,NULL,NULL,NULL,NULL,31.2300000000,"Hours",107.134515,3.4305,78.20819595,"AWS",133.917363,4.2881,"Dynamic","USD",31.23,"Hours","AWS","AWS","ap-southeast-2","Asia Pacific (Sydney)","arn:aws:ec2:ap-southeast-2:123456789012:instance/i-00ad1b250759",NULL,"Virtual Machine","Compute","Amazon Elastic Compute Cloud","3P9UTRLRDJQ8AT16","Amazon Elastic Compute Cloud Hours",NULL,"7Y9C82ZMQL5KT23G.HW293M48","438839167390","Zenith Eclipse","BillingAccount","{""team"": ""payments"", ""application"": ""AtlasPortal"", ""business_unit"": ""OsloData""}","us-west-2b","Usage-Based",NULL,"Virtual Machines",3.4305,78.20819595,4.2881
390.9081375,"01ABCD-2345EF-6789GH","Helios Labs","BillingAccount","USD","2024-10-01T00:00:00Z","2024-09-01T00:00:00Z",NULL,NULL,"Usage",NULL,"BigQuery Dataset in Iowa","2024-09-07T17:00:00Z","2024-09-07T16:00:00Z",NULL,NULL,NULL,NULL,NULL,NULL,NULL,189.0500000000,"GiB",434.342375,2.2975,390.9081375,"Google",447.78382999999997,2.3686,"Standard","USD",189.05,"GiB","Google","Google","us-central1","Iowa","//compute.googleapis.com/projects/Helios Labs/zones/us-central1-a/instances/inst-1173",NULL,"Dataset","Analytics","BigQuery","HZ10H1KTZ8714ZLE","BigQuery GiB",NULL,"6ILT3LIQ5Z912C3G.Z2FR7W3J","proj-helios-dev","helios-dev","BillingAccount",NULL,"asia-southeast1-c","Usage-Based",NULL,"Data Warehouses",2.2975,390.9081375,2.3686
1037.6601899,"ocid1.tenancy.oc1..aaaa1234","Meridian OCI","Tenancy","USD","2024-10-01T00:00:00Z","2024-09-01T00:00:00Z",NULL,NULL,"Usage",NULL,"Oracle Load Balancer Load Balancer in UK South (London)","2024-09-09T05:00:00Z","2024-09-09T04:00:00Z","Spend","cd-406513","commit-6513",NULL,"Unused","Reserved Instance",NULL,NULL,NULL,1220.776694,4.8563,1037.6601899,"Oracle",1233.1194520000001,4.9054,"Committed","USD",251.38,"Hours","Oracle","Oracle","uk-london-1","UK South (London)","ocid1.instance.oc1.uk-london-1.00d919f2345f",NULL,"Load Balancer","Networking","Oracle Load Balancer","GEWU7LLE9HVF2FA2","Oracle Load Balancer Hours",NULL,"B1341MHNGZTUP9MM.ZSKWUAOX","ocid1.compartment.oc1..prod","production","Tenancy","{""business_unit"": ""OsloData"", ""environment"": ""qa""}",NULL,"Usage-Based",NULL,"Application Networking",4.8563,1037.6601899,4.9054
1234.54634121,"8a93b2c1-1234-4abc-9def-0123456789ab","Contoso Cloud","BillingProfile","USD","2024-10-01T00:00:00Z","2024-09-01T00:00:00Z",NULL,NULL,"Usage",NULL,"Azure Load Balancer Load Balancer in West Europe","2024-09-04T19:00:00Z","2024-09-04T18:00:00Z",NULL,NULL,NULL,NULL,NULL,NULL,NULL,473.9700000000,"Hours",1356.644331,2.8623,1234.54634121,"Microsoft",1654.4396820000002,3.4906,"Standard","USD",473.97,"Hours","Microsoft","Microsoft","westeurope","West Europe","/subscriptions/8a93b2c1-1234-4abc-9def-0123456789ab/resourceGroups/rg-787/providers/Microsoft.Compute/virtualMachines/vm-4278",NULL,"Load Balancer","Networking","Azure Load Balancer","AX18IX9MLCERNVTX","Azure Load Balancer Hours",NULL,"YMZ466O161P0TTT6.HBZMI02M","sub-4d3e","Sandbox","BillingProfile","{""owner"": ""a.turing"", ""cost_center"": ""CC-2042"", ""business_unit"": ""ViennaAI""}","uksouth-1","Usage-Based",NULL,"Application Networking",2.8623,1234.54634121,3.4906
265.351086,"8a93b2c1-1234-4abc-9def-0123456789ab","Contoso Cloud","BillingProfile","USD","2024-10-01T00:00:00Z","2024-09-01T00:00:00Z",NULL,NULL,"Usage",NULL,"Azure Load Balancer Load Balancer in East US","2024-09-02T00:00:00Z","2024-09-01T23:00:00Z","Spend","cd-193931","commit-3931",NULL,"Unused","Savings Plan",NULL,NULL,NULL,294.83454,2.0020,265.351086,"Microsoft",453.5916,3.0800,"Committed","USD",147.27,"Hours","Microsoft","Microsoft","eastus","East US","/subscriptions/8a93b2c1-1234-4abc-9def-0123456789ab/resourceGroups/rg-719/providers/Microsoft.Compute/virtualMachines/vm-3186",NULL,"Load Balancer","Networking","Azure Load Balancer","8KDN64IHGIBN6J6M","Azure Load Balancer Hours",NULL,"CGXAXWT51F19DY6C.PCTBAUR0","sub-2b7c","Staging","BillingProfile","{""owner"": ""k.johnson""}","uksouth-1","Usage-Based",NULL,"Application Networking",2.0020,265.351086,3.0800
0.539283,"123456789012","SunBird","BillingAccount","USD","2024-10-01T00:00:00Z","2024-09-01T00:00:00Z",NULL,NULL,"Usage",NULL,"Amazon Elastic Compute Cloud Virtual Machine in US West (Oregon)","2024-09-12T17:00:00Z","2024-09-12T16:00:00Z",NULL,NULL,NULL,NULL,NULL,NULL,NULL,0.5000000000,"Hours",0.8049,1.6098,0.539283,"AWS",0.89435,1.7887,"Dynamic","USD",0.50,"Hours","AWS","AWS","us-west-2","US West (Oregon)","arn:aws:ec2:us-west-2:123456789012:instance/i-005ba0896d52",NULL,"Virtual Machine","Compute","Amazon Elastic Compute Cloud","VIF4GYDEPYSE50UI","Amazon Elastic Compute Cloud Hours",NULL,"BXT8NZBBE07AGFVN.0BYSNTXM","517389287820","Atlas Nimbus","BillingAccount",NULL,NULL,"Usage-Based",NULL,"Virtual Machines",1.6098,0.539283,1.7887
607.58046438,"01ABCD-2345EF-6789GH","Helios Labs","BillingAccount","USD","2024-10-01T00:00:00Z","2024-09-01T00:00:00Z",NULL,NULL,"Usage","Correction","Cloud Functions Function in Northern Virginia","2024-09-06T10:00:00Z","2024-09-06T09:00:00Z","Spend","cd-943154","commit-3154",NULL,"Used","Savings Plan",NULL,207.0300000000,"Invocations",832.302006,4.0202,607.58046438,"Google",979.1690879999999,4.7296,"Committed","USD",207.03,"Invocations","Google","Google","us-east4","Northern Virginia","//compute.googleapis.com/projects/Helios Labs/zones/us-east4-a/instances/inst-6562",NULL,"Function","Compute","Cloud Functions","LT9898BT5CQ0R9VU","Cloud Functions Invocations",NULL,"WGZNKSCV2SGFNXMG.AP6EZZ52","proj-helios-prod","helios-prod","BillingAccount",NULL,NULL,"Usage-Based",NULL,"Serverless Compute",4.0202,607.58046438,4.7296
855.078991,"01ABCD-2345EF-6789GH","Helios Labs","BillingAccount","USD","2024-10-01T00:00:00Z","2024-09-01T00:00:00Z",NULL,NULL,"Usage",NULL,"Cloud Storage Bucket in Iowa","2024-09-29T21:00:00Z","2024-09-29T20:00:00Z",NULL,NULL,NULL,NULL,NULL,NULL,NULL,265.3300000000,"GiB",855.078991,3.2227,855.078991,"Google",950.093664,3.5808,"Dynamic","USD",265.33,"GiB","Google","Google","us-central1","Iowa","//compute.googleapis.com/projects/Helios Labs/zones/us-central1-a/instances/inst-7677",NULL,"Bucket","Storage","Cloud Storage","7JU8U46M8CM4BN24","Cloud Storage GiB",NULL,"NFJDX990T7WND3Q7.39EMQBWH","proj-helios-dev","helios-dev","BillingAccount",NULL,"asia-southeast1-c","Usage-Based",NULL,"Object Storage",3.2227,855.078991,3.5808
398.001027,"123456789012","SunBird","BillingAccount","USD","2024-10-01T00:00:00Z","2024-09-01T00:00:00Z",NULL,NULL,"Usage",NULL,"Amazon Relational Database Service Database Instance in US East (N. Virginia)","2024-09-04T02:00:00Z","2024-09-04T01:00:00Z","Usage","cd-389564","commit-9564",NULL,"Used","Savings Plan",NULL,422.2500000000,"Hours",652.4607,1.5452,398.001027,"AWS",815.575875,1.9315,"Other","USD",422.25,"Hours","AWS","AWS","us-east-1","US East (N. Virginia)","arn:aws:ec2:us-east-1:123456789012:instance/i-006872cf7244",NULL,"Database Instance","Databases","Amazon Relational Database Service","UPYJUX1FRRGJ82DE","Amazon Relational Database Service Hours",NULL,"DMIHVJQG51HHGT6O.KQCZVI0E","663626350770","Zenith Apollo","BillingAccount","{""environment"": ""prod"", ""owner"": ""a.lovelace"", ""business_unit"": ""OsloData""}",NULL,"Usage-Based",NULL,"Relational Databases",1.5452,398.001027,1.9315
82.88742994,"123456789012","SunBird","BillingAccount","USD","2024-10-01T00:00:00Z","2024-09-01T00:00:00Z",NULL,NULL,"Usage",NULL,"Amazon Simple Queue Service Queue in Asia Pacific (Sydney)","2024-09-25T02:00:00Z","2024-09-25T01:00:00Z",NULL,NULL,NULL,NULL,NULL,NULL,NULL,422.6600000000,"Requests",123.71258200000001,0.2927,82.88742994,"AWS",127.558788,0.3018,"Other","USD",422.66,"Requests","AWS","AWS","ap-southeast-2","Asia Pacific (Sydney)","arn:aws:ec2:ap-southeast-2:123456789012:instance/i-00b7a6d8a335",NULL,"Queue","Integration","Amazon Simple Queue Service","Y3PLO9MY6TGSPTSZ","Amazon Simple Queue Service Requests",NULL,"KL6B5QDUM6AVXARK.7E18OZJV","663626350770","Zenith Apollo","BillingAccount","{""application"": ""NimbusAPI""}","ap-southeast-2a","Usage-Based",NULL,"Messaging",0.2927,82.88742994,0.3018
382.0022337,"ocid1.tenancy.oc1..aaaa1234","Meridian OCI","Tenancy","USD","2024-10-01T00:00:00Z","2024-09-01T00:00:00Z",NULL,NULL,"Usage",NULL,"Oracle Object Storage Bucket in US East (Ashburn)","2024-09-30T21:00:00Z","2024-09-30T20:00:00Z",NULL,NULL,NULL,NULL,NULL,NULL,NULL,143.3500000000,"GB",410.75509,2.8654,382.0022337,"Oracle",662.50636,4.6216,"Dynamic","USD",143.35,"GB","Oracle","Oracle","us-ashburn-1","US East (Ashburn)","ocid1.instance.oc1.us-ashburn-1.00d4a205236e",NULL,"Bucket","Storage","Oracle Object Storage","36FXVVF9TWXK1QPU","Oracle Object Storage GB",NULL,"IIG4MI9TJQ74K8DK.BJE3LYUG","ocid1.compartment.oc1..prod","production","Tenancy",NULL,NULL,"Usage-Based",NULL,"Object Storage",2.8654,382.0022337,4.6216
55.0685088,"8a93b2c1-1234-4abc-9def-0123456789ab","Contoso Cloud","BillingProfile","USD","2024-10-01T00:00:00Z","2024-09-01T00:00:00Z",NULL,NULL,"Usage",NULL,"Azure Load Balancer Load Balancer in Southeast Asia","2024-09-02T10:00:00Z","2024-09-02T09:00:00Z",NULL,NULL,NULL,NULL,NULL,NULL,NULL,257.8500000000,"Hours",86.04454500000001,0.3337,55.0685088,"Microsoft",143.41617000000002,0.5562,"Dynamic","USD",257.85,"Hours","Microsoft","Microsoft","southeastasia","Southeast Asia","/subscriptions/8a93b2c1-1234-4abc-9def-0123456789ab/resourceGroups/rg-531/providers/Microsoft.Compute/virtualMachines/vm-5820",NULL,"Load Balancer","Networking","Azure Load Balancer","BAHHNES1TTLFSP34","Azure Load Balancer Hours",NULL,"6BXVII44BI1DT3Z4.72LWZ1TE","sub-9a1f","Production","BillingProfile","{""environment"": ""dev"", ""business_unit"": ""ViennaAI""}","eastus-1","Usage-Based",NULL,"Application Networking",0.3337,55.0685088,0.5562
445.47342224,"8a93b2c1-1234-4abc-9def-0123456789ab","Contoso Cloud","BillingProfile","USD","2024-10-01T00:00:00Z","2024-09-01T00:00:00Z",NULL,NULL,"Usage",NULL,"Azure SQL Database SQL Database in East US","2024-09-30T12:00:00Z","2024-09-30T11:00:00Z","Spend","cd-299229","commit-9229",NULL,"Unused","Committed Use Discount",NULL,NULL,NULL,506.2197980000001,1.6262,445.47342224,"Microsoft",703.079594,2.2586,"Committed","USD",311.29,"Hours","Microsoft","Microsoft","eastus","East US","/subscriptions/8a93b2c1-1234-4abc-9def-0123456789ab/resourceGroups/rg-732/providers/Microsoft.Compute/virtualMachines/vm-5693",NULL,"SQL Database","Databases","Azure SQL Database","UDWLICGEJ4ASJIXO","Azure SQL Database Hours",NULL,"PIN9FTONH0E1Z4TT.05C5HH7V","sub-2b7c","Staging","BillingProfile","{""team"": ""platform""}",NULL,"Usage-Based",NULL,"Relational Databases",1.6262,445.47342224,2.2586
24.19329812,"123456789012","SunBird","BillingAccount","USD","2024-10-01T00:00:00Z","2024-09-01T00:00:00Z",NULL,NULL,"Usage",NULL,"Amazon Elastic Compute Cloud Virtual Machine in Europe (Ireland)","2024-09-24T07:00:00Z","2024-09-24T06:00:00Z","Usage","cd-640834","commit-0834",NULL,"Used","Reserved Instance",NULL,30.0200000000,"Hours",28.131742000000003,0.9371,24.19329812,"AWS",29.611728000000003,0.9864,"Committed","USD",30.02,"Hours","AWS","AWS","eu-west-1","Europe (Ireland)","arn:aws:ec2:eu-west-1:123456789012:instance/i-006d95dce3ef",NULL,"Virtual Machine","Compute","Amazon Elastic Compute Cloud","68SYN2ER395WB7BW","Amazon Elastic Compute Cloud Hours",NULL,"3EE57QTRDDJ5Q6QK.RTO2NZY1","438839167390","Zenith Eclipse","BillingAccount","{""environment"": ""qa""}",NULL,"Usage-Based",NULL,"Virtual Machines",0.9371,24.19329812,0.9864
333.60349176,"01ABCD-2345EF-6789GH","Helios Labs","BillingAccount","USD","2024-10-01T00:00:00Z","2024-09-01T00:00:00Z",NULL,NULL,"Usage",NULL,"Cloud SQL Database Instance in Northern Virginia","2024-09-06T00:00:00Z","2024-09-05T23:00:00Z",NULL,NULL,NULL,NULL,NULL,NULL,NULL,203.5600000000,"Hours",374.835384,1.8414,333.60349176,"Google",535.4645800000001,2.6305,"Standard","USD",203.56,"Hours","Google","Google","us-east4","Northern Virginia","//compute.googleapis.com/projects/Helios Labs/zones/us-east4-a/instances/inst-1806",NULL,"Database Instance","Databases","Cloud SQL","XI3PPG77GU05USHN","Cloud SQL Hours",NULL,"VRWV23B3D42DTXVN.BBE5MGQG","proj-helios-dev","helios-dev","BillingAccount","{""team"": ""infra"", ""business_unit"": ""LisbonOps""}",NULL,"Usage-Based",NULL,"Relational Databases",1.8414,333.60349176,2.6305
380.984576,"ocid1.tenancy.oc1..aaaa1234","Meridian OCI","Tenancy","USD","2024-10-01T00:00:00Z","2024-09-01T00:00:00Z",NULL,NULL,"Purchase",NULL,"Oracle Object Storage Bucket in UK South (London)","2024-09-05T16:00:00Z","2024-09-05T15:00:00Z",NULL,NULL,NULL,NULL,NULL,NULL,NULL,NULL,NULL,380.984576,1.3748,0,"Oracle",529.1606400000001,1.9095,"Other","USD",277.12,"GB","Oracle","Oracle","uk-london-1","UK South (London)","ocid1.instance.oc1.uk-london-1.009feaef9eb3",NULL,"Bucket","Storage","Oracle Object Storage","W1UJZTJRN2TJ6IJB","Oracle Object Storage GB",NULL,"LIDREA0SZC3KYVKD.GR630D02","ocid1.compartment.oc1..prod","production","Tenancy","{""owner"": ""a.lovelace"", ""environment"": ""qa"", ""business_unit"": ""LisbonOps""}",NULL,"Recurring",NULL,"Object Storage",1.3748,0,1.9095
1369.7595196,"ocid1.tenancy.oc1..aaaa1234","Meridian OCI","Tenancy","USD","2024-10-01T00:00:00Z","2024-09-01T00:00:00Z",NULL,NULL,"Usage",NULL,"Oracle Object Storage Bucket in UK South (London)","2024-09-03T09:00:00Z","2024-09-03T08:00:00Z",NULL,NULL,NULL,NULL,NULL,NULL,NULL,487.1200000000,"GB",1539.05564,3.1595,1369.7595196,"Oracle",1789.581456,3.6738,"Standard","USD",487.12,"GB","Oracle","Oracle","uk-london-1","UK South (London)","ocid1.instance.oc1.uk-london-1.001803f9f94a",NULL,"Bucket","Storage","Oracle Object Storage","1WCZYHV87QRWINZQ","Oracle Object Storage GB",NULL,"QEGBCKC8Y5ZCTD0J.PLGXH3UH","ocid1.compartment.oc1..prod","production","Tenancy",NULL,"uk-london-1-AD-2","Usage-Based",NULL,"Object Storage",3.1595,1369.7595196,3.6738
136.04327982,"ocid1.tenancy.oc1..aaaa1234","Meridian OCI","Tenancy","USD","2024-10-01T00:00:00Z","2024-09-01T00:00:00Z",NULL,NULL,"Usage","Correction","Oracle Functions Function in Australia East (Sydney)","2024-09-25T15:00:00Z","2024-09-25T14:00:00Z","Usage","cd-322084","commit-2084",NULL,"Used","Reserved Instance",NULL,215.2100000000,"Invocations",156.371586,0.7266,136.04327982,"Oracle",252.204599,1.1719,"Committed","USD",215.21,"Invocations","Oracle","Oracle","ap-sydney-1","Australia East (Sydney)","ocid1.instance.oc1.ap-sydney-1.00612f65ce4f",NULL,"Function","Compute","Oracle Functions","NFC33KKJ93QV6MZ5","Oracle Functions Invocations",NULL,"SK8ZCF5Z472N67DH.GENCWLJN","ocid1.compartment.oc1..prod","production","Tenancy",NULL,NULL,"Usage-Based",NULL,"Serverless Compute",0.7266,136.04327982,1.1719
277.32736528,"8a93b2c1-1234-4abc-9def-0123456789ab","Contoso Cloud","BillingProfile","USD","2024-10-01T00:00:00Z","2024-09-01T00:00:00Z",NULL,NULL,"Usage",NULL,"Azure SQL Database SQL Database in West Europe","2024-09-10T00:00:00Z","2024-09-09T23:00:00Z",NULL,NULL,NULL,NULL,NULL,NULL,NULL,134.8900000000,"Hours",364.904428,2.7052,277.32736528,"Microsoft",536.632887,3.9783,"Standard","USD",134.89,"Hours","Microsoft","Microsoft","westeurope","West Europe","/subscriptions/8a93b2c1-1234-4abc-9def-0123456789ab/resourceGroups/rg-365/providers/Microsoft.Compute/virtualMachines/vm-200",NULL,"SQL Database","Databases","Azure SQL Database","9Q0CRHK0GZXUTI3P","Azure SQL Database Hours",NULL,"M4DIHTYEYCT4YEDJ.1XQSFCQM","sub-9a1f","Production","BillingProfile",NULL,"uksouth-1","Usage-Based",NULL,"Relational Databases",2.7052,277.32736528,3.9783
293.37392,"ocid1.tenancy.oc1..aaaa1234","Meridian OCI","Tenancy","USD","2024-10-01T00:00:00Z","2024-09-01T00:00:00Z",NULL,NULL,"Usage",NULL,"Oracle Compute Instance in US East (Ashburn)","2024-09-20T14:00:00Z","2024-09-20T13:00:00Z",NULL,NULL,NULL,NULL,NULL,NULL,NULL,160.7000000000,"Hours",419.1056,2.6080,293.37392,"Oracle",625.5408199999999,3.8926,"Standard","USD",160.70,"Hours","Oracle","Oracle","us-ashburn-1","US East (Ashburn)","ocid1.instance.oc1.us-ashburn-1.00c1ae18191d",NULL,"Instance","Compute","Oracle Compute","RUZAS8WFFCZUZPLL","Oracle Compute Hours",NULL,"Z5EHE56VHLWK3LEZ.SIJIJWP8","ocid1.compartment.oc1..dev","development","Tenancy",NULL,NULL,"Usage-Based",NULL,"Virtual Machines",2.6080,293.37392,3.8926
298.4276575,"123456789012","SunBird","BillingAccount","USD","2024-10-01T00:00:00Z","2024-09-01T00:00:00Z",NULL,NULL,"Usage",NULL,"Elastic Load Balancing Load Balancer in Asia Pacific (Sydney)","2024-09-21T10:00:00Z","2024-09-21T09:00:00Z",NULL,NULL,NULL,NULL,NULL,NULL,NULL,187.1900000000,"LCU-Hours",426.325225,2.2775,298.4276575,"AWS",453.542651,2.4229,"Dynamic","USD",187.19,"LCU-Hours","AWS","AWS","ap-southeast-2","Asia Pacific (Sydney)","arn:aws:ec2:ap-southeast-2:123456789012:instance/i-00537fd593a3",NULL,"Load Balancer","Networking","Elastic Load Balancing","SD6MM46NZHWLY07Z","Elastic Load Balancing LCU-Hours",NULL,"Y7B8B4X0VPDBDLJ5.XAM0BR4A","438839167390","Zenith Eclipse","BillingAccount","{""cost_center"": ""CC-2042"", ""environment"": ""prod"", ""team"": ""infra""}",NULL,"Usage-Based",NULL,"Application Networking",2.2775,298.4276575,2.4229
19.3772088,"8a93b2c1-1234-4abc-9def-0123456789ab","Contoso Cloud","BillingProfile","USD","2024-10-01T00:00:00Z","2024-09-01T00:00:00Z",NULL,NULL,"Usage",NULL,"Azure Functions Function App in East US","2024-09-10T12:00:00Z","2024-09-10T11:00:00Z",NULL,NULL,NULL,NULL,NULL,NULL,NULL,71.0100000000,"Executions",26.91279,0.3790,19.3772088,"Microsoft",39.580974000000005,0.5574,"Standard","USD",71.01,"Executions","Microsoft","Microsoft","eastus","East US","/subscriptions/8a93b2c1-1234-4abc-9def-0123456789ab/resourceGroups/rg-327/providers/Microsoft.Compute/virtualMachines/vm-7537",NULL,"Function App","Compute","Azure Functions","RUQK50IPPZ6NJTB4","Azure Functions Executions",NULL,"L6FW6G0E6B6B89DQ.BNOZL2JR","sub-9a1f","Production","BillingProfile","{""environment"": ""dev"", ""cost_center"": ""CC-3090"", ""owner"": ""a.turing""}",NULL,"Usage-Based",NULL,"Serverless Compute",0.3790,19.3772088,0.5574
616.94980776,"01ABCD-2345EF-6789GH","Helios Labs","BillingAccount","USD","2024-10-01T00:00:00Z","2024-09-01T00:00:00Z",NULL,NULL,"Usage",NULL,"Cloud Storage Bucket in Belgium","2024-09-16T09:00:00Z","2024-09-16T08:00:00Z",NULL,NULL,NULL,NULL,NULL,NULL,NULL,244.2700000000,"GiB",701.079327,2.8701,616.94980776,"Google",973.733501,3.9863,"Dynamic","USD",244.27,"GiB","Google","Google","europe-west1","Belgium","//compute.googleapis.com/projects/Helios Labs/zones/europe-west1-a/instances/inst-9966",NULL,"Bucket","Storage","Cloud Storage","PJUDGZML2QXGFZVE","Cloud Storage GiB",NULL,"1A8ZLSUGOM11AV3U.JZZT4EF6","proj-helios-dev","helios-dev","BillingAccount",NULL,"europe-west1-b","Usage-Based",NULL,"Object Storage",2.8701,616.94980776,3.9863
86.04023232,"8a93b2c1-1234-4abc-9def-0123456789ab","Contoso Cloud","BillingProfile","USD","2024-10-01T00:00:00Z","2024-09-01T00:00:00Z",NULL,NULL,"Usage",NULL,"Azure Blob Storage Storage Account in East US","2024-09-07T15:00:00Z","2024-09-07T14:00:00Z",NULL,NULL,NULL,NULL,NULL,NULL,NULL,291.4800000000,"GB",113.21083200000001,0.3884,86.04023232,"Microsoft",127.20187200000001,0.4364,"Standard","USD",291.48,"GB","Microsoft","Microsoft","eastus","East US","/subscriptions/8a93b2c1-1234-4abc-9def-0123456789ab/resourceGroups/rg-352/providers/Microsoft.Compute/virtualMachines/vm-1569",NULL,"Storage Account","Storage","Azure Blob Storage","XWEY02ZDLIMYRTWG","Azure Blob Storage GB",NULL,"SP2ARMQJSG0J1MH5.34RRJLJG","sub-2b7c","Staging","BillingProfile","{""environment"": ""staging"", ""team"": ""platform""}",NULL,"Usage-Based",NULL,"Object Storage",0.3884,86.04023232,0.4364
1018.51893738,"01ABCD-2345EF-6789GH","Helios Labs","BillingAccount","USD","2024-10-01T00:00:00Z","2024-09-01T00:00:00Z",NULL,NULL,"Usage",NULL,"Cloud Storage Bucket in Iowa","2024-09-09T05:00:00Z","2024-09-09T04:00:00Z",NULL,NULL,NULL,NULL,NULL,NULL,NULL,436.9400000000,"GiB",1476.114402,3.3783,1018.51893738,"Google",1491.014056,3.4124,"Other","USD",436.94,"GiB","Google","Google","us-central1","Iowa","//compute.googleapis.com/projects/Helios Labs/zones/us-central1-a/instances/inst-5731",NULL,"Bucket","Storage","Cloud Storage","X8P9UA6NPK4GBTUN","Cloud Storage GiB",NULL,"UFNU1MSOE2EEYOMW.Q2FWQNP6","proj-helios-dev","helios-dev","BillingAccount",NULL,"us-central1-a","Usage-Based",NULL,"Object Storage",3.3783,1018.51893738,3.4124
174.6649692,"01ABCD-2345EF-6789GH","Helios Labs","BillingAccount","USD","2024-10-01T00:00:00Z","2024-09-01T00:00:00Z",NULL,NULL,"Usage",NULL,"Cloud SQL Database Instance in Iowa","2024-09-18T13:00:00Z","2024-09-18T12:00:00Z",NULL,NULL,NULL,NULL,NULL,NULL,NULL,344.6700000000,"Hours",213.00606000000002,0.6180,174.6649692,"Google",253.573719,0.7357,"Standard","USD",344.67,"Hours","Google","Google","us-central1","Iowa","//compute.googleapis.com/projects/Helios Labs/zones/us-central1-a/instances/inst-4977",NULL,"Database Instance","Databases","Cloud SQL","G6F1LXSMGTUP0VGM","Cloud SQL Hours",NULL,"N71HO03SYF1G1AUR.PO2B4PY4","proj-helios-dev","helios-dev","BillingAccount","{""business_unit"": ""MarseilleSRE"", ""owner"": ""k.johnson"", ""application"": ""AtlasPortal""}","asia-southeast1-c","Usage-Based",NULL,"Relational Databases",0.6180,174.6649692,0.7357
1405.53697596,"8a93b2c1-1234-4abc-9def-0123456789ab","Contoso Cloud","BillingProfile","USD","2024-10-01T00:00:00Z","2024-09-01T00:00:00Z",NULL,NULL,"Usage",NULL,"Azure Kubernetes Service Cluster in Southeast Asia","2024-09-01T05:00:00Z","2024-09-01T04:00:00Z",NULL,NULL,NULL,NULL,NULL,NULL,NULL,481.6300000000,"Hours",1801.970482,3.7414,1405.53697596,"Microsoft",1937.5974899999999,4.0230,"Standard","USD",481.63,"Hours","Microsoft","Microsoft","southeastasia","Southeast Asia","/subscriptions/8a93b2c1-1234-4abc-9def-0123456789ab/resourceGroups/rg-455/providers/Microsoft.Compute/virtualMachines/vm-42",NULL,"Cluster","Compute","Azure Kubernetes Service","JDRF91KMEGY292U9","Azure Kubernetes Service Hours",NULL,"YQ5QAHJXWPH2VUAQ.ZG1HSO8R","sub-2b7c","Staging","BillingProfile","{""application"": ""NimbusAPI"", ""team"": ""payments""}",NULL,"Usage-Based",NULL,"Containers",3.7414,1405.53697596,4.0230
560.49791602,"8a93b2c1-1234-4abc-9def-0123456789ab","Contoso Cloud","BillingProfile","USD","2024-10-01T00:00:00Z","2024-09-01T00:00:00Z",NULL,NULL,"Usage",NULL,"Azure Functions Function App in UK South","2024-09-17T04:00:00Z","2024-09-17T03:00:00Z","Usage","cd-235820","commit-5820",NULL,"Used","Committed Use Discount",NULL,220.0100000000,"Executions",675.298694,3.0694,560.49791602,"Microsoft",900.412926,4.0926,"Standard","USD",220.01,"Executions","Microsoft","Microsoft","uksouth","UK South","/subscriptions/8a93b2c1-1234-4abc-9def-0123456789ab/resourceGroups/rg-299/providers/Microsoft.Compute/virtualMachines/vm-7175",NULL,"Function App","Compute","Azure Functions","K67LMHNJ156NTMW8","Azure Functions Executions",NULL,"XG330P6X6ZJJVRO5.0M0ZL65G","sub-9a1f","Production","BillingProfile","{""environment"": ""prod"", ""team"": ""payments""}",NULL,"Usage-Based",NULL,"Serverless Compute",3.0694,560.49791602,4.0926
150.81495,"ocid1.tenancy.oc1..aaaa1234","Meridian OCI","Tenancy","USD","2024-10-01T00:00:00Z","2024-09-01T00:00:00Z",NULL,NULL,"Purchase",NULL,"Oracle Compute Instance in UK South (London)","2024-09-10T02:00:00Z","2024-09-10T01:00:00Z","Usage","cd-797804","commit-7804",NULL,"Used","Committed Use Discount",NULL,NULL,NULL,150.81495,0.8690,0,"Oracle",169.45422000000002,0.9764,"Standard","USD",173.55,"Hours","Oracle","Oracle","uk-london-1","UK South (London)","ocid1.instance.oc1.uk-london-1.00b7fa406274",NULL,"Instance","Compute","Oracle Compute","RH2NTOFTHQKEWQTC","Oracle Compute Hours",NULL,"Z3YJTJ9X5QCTBXK5.3BMXQ31Y","ocid1.compartment.oc1..dev","development","Tenancy","{""team"": ""infra"", ""environment"": ""dev"", ""application"": ""AtlasPortal""}",NULL,"Recurring",NULL,"Virtual Machines",0.8690,0,0.9764
678.63804258,"123456789012","SunBird","BillingAccount","USD","2024-10-01T00:00:00Z","2024-09-01T00:00:00Z",NULL,NULL,"Usage",NULL,"Amazon Simple Queue Service Queue in Asia Pacific (Sydney)","2024-09-26T23:00:00Z","2024-09-26T22:00:00Z",NULL,NULL,NULL,NULL,NULL,NULL,NULL,322.3900000000,"Requests",789.114003,2.4477,678.63804258,"AWS",939.4122209999999,2.9139,"Other","USD",322.39,"Requests","AWS","AWS","ap-southeast-2","Asia Pacific (Sydney)","arn:aws:ec2:ap-southeast-2:123456789012:instance/i-00e41c109c15",NULL,"Queue","Integration","Amazon Simple Queue Service","OR0GXCRHE5D6JJID","Amazon Simple Queue Service Requests",NULL,"JUFNBALWCEFT2Q2L.DWXUIP46","663626350770","Zenith Apollo","BillingAccount","{""cost_center"": ""CC-2042""}","us-west-2b","Usage-Based",NULL,"Messaging",2.4477,678.63804258,2.9139
424.26585678,"123456789012","SunBird","BillingAccount","USD","2024-10-01T00:00:00Z","2024-09-01T00:00:00Z",NULL,NULL,"Tax",NULL,"Tax charge in Asia Pacific (Sydney)","2024-09-21T12:00:00Z","2024-09-21T11:00:00Z",NULL,NULL,NULL,NULL,NULL,NULL,NULL,NULL,NULL,34.2649670000,NULL,424.26585678,"AWS",57.0731980000,NULL,NULL,"USD",NULL,NULL,"AWS","AWS",NULL,NULL,NULL,NULL,NULL,"Other","Tax",NULL,NULL,NULL,NULL,"438839167390","Zenith Eclipse","BillingAccount","{""environment"": ""staging""}",NULL,"One-Time",NULL,"Other (Security)",NULL,424.26585678,NULL
4.72402056,"123456789012","SunBird","BillingAccount","USD","2024-10-01T00:00:00Z","2024-09-01T00:00:00Z",NULL,NULL,"Usage",NULL,"Amazon Simple Storage Service Bucket in Europe (Ireland)","2024-09-09T13:00:00Z","2024-09-09T12:00:00Z",NULL,NULL,NULL,NULL,NULL,NULL,NULL,44.6100000000,"GB",7.619388,0.1708,4.72402056,"AWS",9.180738,0.2058,"Standard","USD",44.61,"GB","AWS","AWS","eu-west-1","Europe (Ireland)","arn:aws:ec2:eu-west-1:123456789012:instance/i-003637396800",NULL,"Bucket","Storage","Amazon Simple Storage Service","54MNSOC3H9JG8KFY","Amazon Simple Storage Service GB",NULL,"B1MKOE7Y37HFB8DJ.P89PZ4AI","663626350770","Zenith Apollo","BillingAccount","{""owner"": ""g.hopper"", ""business_unit"": ""OsloData"", ""application"": ""BrightSourceCore""}",NULL,"Usage-Based",NULL,"Object Storage",0.1708,4.72402056,0.2058
5.58442928,"01ABCD-2345EF-6789GH","Helios Labs","BillingAccount","USD","2024-10-01T00:00:00Z","2024-09-01T00:00:00Z",NULL,NULL,"Usage",NULL,"BigQuery Dataset in Singapore","2024-09-16T07:00:00Z","2024-09-16T06:00:00Z",NULL,NULL,NULL,NULL,NULL,NULL,NULL,31.9300000000,"GiB",8.212396,0.2572,5.58442928,"Google",11.098868000000001,0.3476,"Other","USD",31.93,"GiB","Google","Google","asia-southeast1","Singapore","//compute.googleapis.com/projects/Helios Labs/zones/asia-southeast1-a/instances/inst-7435",NULL,"Dataset","Analytics","BigQuery","O6QJDOE4WEQUACBM","BigQuery GiB",NULL,"X4I7YPVPFBY4OON7.L2YUNS8D","proj-helios-prod","helios-prod","BillingAccount","{""environment"": ""dev"", ""cost_center"": ""CC-3090"", ""team"": ""infra""}","us-central1-a","Usage-Based",NULL,"Data Warehouses",0.2572,5.58442928,0.3476
227.76850096,"01ABCD-2345EF-6789GH","Helios Labs","BillingAccount","USD","2024-10-01T00:00:00Z","2024-09-01T00:00:00Z",NULL,NULL,"Usage",NULL,"Cloud Functions Function in Northern Virginia","2024-09-23T06:00:00Z","2024-09-23T05:00:00Z",NULL,NULL,NULL,NULL,NULL,NULL,NULL,117.7400000000,"Invocations",255.91966399999998,2.1736,227.76850096,"Google",328.106058,2.7867,"Standard","USD",117.74,"Invocations","Google","Google","us-east4","Northern Virginia","//compute.googleapis.com/projects/Helios Labs/zones/us-east4-a/instances/inst-682",NULL,"Function","Compute","Cloud Functions","XTTT9T5JA2RDXG93","Cloud Functions Invocations",NULL,"AMIKG23VDIWQ7PEB.NLARGDO5","proj-helios-dev","helios-dev","BillingAccount",NULL,"us-central1-a","Usage-Based",NULL,"Serverless Compute",2.1736,227.76850096,2.7867
117.4744659,"123456789012","SunBird","BillingAccount","USD","2024-10-01T00:00:00Z","2024-09-01T00:00:00Z",NULL,NULL,"Usage",NULL,"Amazon Elastic Compute Cloud Virtual Machine in US West (Oregon)","2024-09-20T09:00:00Z","2024-09-20T08:00:00Z",NULL,NULL,NULL,NULL,NULL,NULL,NULL,163.3700000000,"Hours",177.991615,1.0895,117.4744659,"AWS",291.795157,1.7861,"Dynamic","USD",163.37,"Hours","AWS","AWS","us-west-2","US West (Oregon)","arn:aws:ec2:us-west-2:123456789012:instance/i-00bf37072d35",NULL,"Virtual Machine","Compute","Amazon Elastic Compute Cloud","NNBLKWG3Y118LHK5","Amazon Elastic Compute Cloud Hours",NULL,"S0KGNNTXW9LXZWZK.EKUCTTET","663626350770","Zenith Apollo","BillingAccount",NULL,"ap-southeast-2a","Usage-Based",NULL,"Virtual Machines",1.0895,117.4744659,1.7861
2023.62415976,"01ABCD-2345EF-6789GH","Helios Labs","BillingAccount","USD","2024-10-01T00:00:00Z","2024-09-01T00:00:00Z",NULL,NULL,"Adjustment",NULL,"Cloud Storage Bucket in Northern Virginia","2024-09-09T09:00:00Z","2024-09-09T08:00:00Z","Usage","cd-406301","commit-6301",NULL,"Unused","Committed Use Discount",NULL,NULL,NULL,2064.922612,4.5527,2023.62415976,"Google",2220.357624,4.8954,"Committed","USD",453.56,"GiB","Google","Google","us-east4","Northern Virginia",NULL,NULL,NULL,"Storage","Cloud Storage","55AUH90XDZ30RVEG","Cloud Storage GiB",NULL,"XAUIV063ATK1QY5W.C8DTZ0AY","proj-helios-dev","helios-dev","BillingAccount","{""team"": ""growth"", ""owner"": ""k.johnson""}",NULL,"One-Time",NULL,"Object Storage",4.5527,2023.62415976,4.8954
356.3620991,"8a93b2c1-1234-4abc-9def-0123456789ab","Contoso Cloud","BillingProfile","USD","2024-10-01T00:00:00Z","2024-09-01T00:00:00Z",NULL,NULL,"Usage",NULL,"Azure Functions Function App in Southeast Asia","2024-09-13T15:00:00Z","2024-09-13T14:00:00Z",NULL,NULL,NULL,NULL,NULL,NULL,NULL,165.1300000000,"Executions",531.88373,3.2210,356.3620991,"Microsoft",709.167298,4.2946,"Dynamic","USD",165.13,"Executions","Microsoft","Microsoft","southeastasia","Southeast Asia","/subscriptions/8a93b2c1-1234-4abc-9def-0123456789ab/resourceGroups/rg-174/providers/Microsoft.Compute/virtualMachines/vm-5177",NULL,"Function App","Compute","Azure Functions","O9ALSQYI5YPUGS63","Azure Functions Executions",NULL,"Q4FUGIVRX9P8UOOV.6SE1WOWV","sub-9a1f","Production","BillingProfile",NULL,"eastus-1","Usage-Based",NULL,"Serverless Compute",3.2210,356.3620991,4.2946
39.3781312,"8a93b2c1-1234-4abc-9def-0123456789ab","Contoso Cloud","BillingProfile","USD","2024-10-01T00:00:00Z","2024-09-01T00:00:00Z",NULL,NULL,"Usage",NULL,"Azure Functions Function App in UK South","2024-09-30T00:00:00Z","2024-09-29T23:00:00Z",NULL,NULL,NULL,NULL,NULL,NULL,NULL,285.6800000000,"Executions",49.222664,0.1723,39.3781312,"Microsoft",63.106712,0.2209,"Standard","USD",285.68,"Executions","Microsoft","Microsoft","uksouth","UK South","/subscriptions/8a93b2c1-1234-4abc-9def-0123456789ab/resourceGroups/rg-787/providers/Microsoft.Compute/virtualMachines/vm-520",NULL,"Function App","Compute","Azure Functions","N1B8GDUASUYG2RDB","Azure Functions Executions",NULL,"X5X7NQSWRKFBTKB6.SF6L80UR","sub-4d3e","Sandbox","BillingProfile","{""application"": ""BrightLensMatrix""}","uksouth-1","Usage-Based",NULL,"Serverless Compute",0.1723,39.3781312,0.2209
141.96311472,"123456789012","SunBird","BillingAccount","USD","2024-10-01T00:00:00Z","2024-09-01T00:00:00Z",NULL,NULL,"Usage",NULL,"Amazon Simple Queue Service Queue in Asia Pacific (Sydney)","2024-09-14T21:00:00Z","2024-09-14T20:00:00Z",NULL,NULL,NULL,NULL,NULL,NULL,NULL,155.4200000000,"Requests",169.00370799999996,1.0874,141.96311472,"AWS",260.01766,1.6730,"Standard","USD",155.42,"Requests","AWS","AWS","ap-southeast-2","Asia Pacific (Sydney)","arn:aws:ec2:ap-southeast-2:123456789012:instance/i-00c624039502",NULL,"Queue","Integration","Amazon Simple Queue Service","ZF1RHNXGK8Q9NYUX","Amazon Simple Queue Service Requests",NULL,"X8K53D0II0HXYQB1.B7L51HBA","517389287820","Atlas Nimbus","BillingAccount","{""team"": ""infra"", ""application"": ""NimbusAPI""}",NULL,"Usage-Based",NULL,"Messaging",1.0874,141.96311472,1.6730
306.80494911,"8a93b2c1-1234-4abc-9def-0123456789ab","Contoso Cloud","BillingProfile","USD","2024-10-01T00:00:00Z","2024-09-01T00:00:00Z",NULL,NULL,"Usage",NULL,"Azure SQL Database SQL Database in East US","2024-09-06T21:00:00Z","2024-09-06T20:00:00Z",NULL,NULL,NULL,NULL,NULL,NULL,NULL,182.7300000000,"Hours",369.64451699999995,2.0229,306.80494911,"Microsoft",535.727814,2.9318,"Standard","USD",182.73,"Hours","Microsoft","Microsoft","eastus","East US","/subscriptions/8a93b2c1-1234-4abc-9def-0123456789ab/resourceGroups/rg-381/providers/Microsoft.Compute/virtualMachines/vm-7168",NULL,"SQL Database","Databases","Azure SQL Database","9W1MN4W6RFP8475A","Azure SQL Database Hours",NULL,"H97FFHOO4UKNMGRP.KRF2A3GJ","sub-4d3e","Sandbox","BillingProfile","{""owner"": ""k.johnson""}",NULL,"Usage-Based",NULL,"Relational Databases",2.0229,306.80494911,2.9318
656.1624096,"ocid1.tenancy.oc1..aaaa1234","Meridian OCI","Tenancy","USD","2024-10-01T00:00:00Z","2024-09-01T00:00:00Z",NULL,NULL,"Credit",NULL,"Oracle Load Balancer Load Balancer in UK South (London)","2024-09-11T12:00:00Z","2024-09-11T11:00:00Z","Spend","cd-280534","commit-0534",NULL,"Used","Committed Use Discount",NULL,NULL,NULL,964.94472,2.9880,656.1624096,"Oracle",1359.060696,4.2084,"Committed","USD",322.94,"Hours","Oracle","Oracle","uk-london-1","UK South (London)",NULL,NULL,NULL,"Networking","Oracle Load Balancer","TS7SPUH569G0QW4H","Oracle Load Balancer Hours",NULL,"CSJVBAL6SKIRG5CH.8OGP55RN","ocid1.compartment.oc1..prod","production","Tenancy","{""environment"": ""prod""}",NULL,"One-Time",NULL,"Application Networking",2.9880,656.1624096,4.2084
623.76273585,"123456789012","SunBird","BillingAccount","USD","2024-10-01T00:00:00Z","2024-09-01T00:00:00Z",NULL,NULL,"Usage",NULL,"Amazon Simple Storage Service Bucket in US East (N. Virginia)","2024-09-29T12:00:00Z","2024-09-29T11:00:00Z",NULL,NULL,NULL,NULL,NULL,NULL,NULL,353.6100000000,"GB",904.0039650000001,2.5565,623.76273585,"AWS",1129.996116,3.1956,"Standard","USD",353.61,"GB","AWS","AWS","us-east-1","US East (N. Virginia)","arn:aws:ec2:us-east-1:123456789012:instance/i-002b5477087a",NULL,"Bucket","Storage","Amazon Simple Storage Service","VJ509XSZLFFY2AD0","Amazon Simple Storage Service GB",NULL,"KC6IGIRA3Y1SVNYJ.IHPVCGGP","438839167390","Zenith Eclipse","BillingAccount","{""team"": ""payments""}",NULL,"Usage-Based",NULL,"Object Storage",2.5565,623.76273585,3.1956
148.70869664,"01ABCD-2345EF-6789GH","Helios Labs","BillingAccount","USD","2024-10-01T00:00:00Z","2024-09-01T00:00:00Z",NULL,NULL,"Usage",NULL,"Cloud Functions Function in Northern Virginia","2024-09-02T04:00:00Z","2024-09-02T03:00:00Z","Usage","cd-722304","commit-2304",NULL,"Unused","Savings Plan",NULL,NULL,NULL,151.743568,3.6724,148.70869664,"Google",170.49871599999997,4.1263,"Committed","USD",41.32,"Invocations","Google","Google","us-east4","Northern Virginia","//compute.googleapis.com/projects/Helios Labs/zones/us-east4-a/instances/inst-2257",NULL,"Function","Compute","Cloud Functions","S5QTIG2X0OQAQYUG","Cloud Functions Invocations",NULL,"STQT0X5T7ESUKUI6.68ZTYUB9","proj-helios-dev","helios-dev","BillingAccount","{""cost_center"": ""CC-1001"", ""business_unit"": ""OsloData"", ""team"": ""growth""}","us-central1-a","Usage-Based",NULL,"Serverless Compute",3.6724,148.70869664,4.1263
48.3751548,"8a93b2c1-1234-4abc-9def-0123456789ab","Contoso Cloud","BillingProfile","USD","2024-10-01T00:00:00Z","2024-09-01T00:00:00Z",NULL,NULL,"Usage",NULL,"Virtual Machines Virtual Machine in Southeast Asia","2024-09-04T13:00:00Z","2024-09-04T12:00:00Z",NULL,NULL,NULL,NULL,NULL,NULL,NULL,77.6400000000,"Hours",70.10892,0.9030,48.3751548,"Microsoft",92.244084,1.1881,"Standard","USD",77.64,"Hours","Microsoft","Microsoft","southeastasia","Southeast Asia","/subscriptions/8a93b2c1-1234-4abc-9def-0123456789ab/resourceGroups/rg-109/providers/Microsoft.Compute/virtualMachines/vm-6105",NULL,"Virtual Machine","Compute","Virtual Machines","2HXQJKQHKUAN7NRG","Virtual Machines Hours",NULL,"LS4ILO3JC2TE4WN4.DD1PKP99","sub-9a1f","Production","BillingProfile","{""business_unit"": ""MarseilleSRE"", ""owner"": ""g.hopper""}","westeurope-2","Usage-Based",NULL,"Virtual Machines",0.9030,48.3751548,1.1881
215.06786028,"ocid1.tenancy.oc1..aaaa1234","Meridian OCI","Tenancy","USD","2024-10-01T00:00:00Z","2024-09-01T00:00:00Z",NULL,NULL,"Usage",NULL,"Oracle Object Storage Bucket in US East (Ashburn)","2024-09-07T20:00:00Z","2024-09-07T19:00:00Z","Spend","cd-473689","commit-3689",NULL,"Used","Savings Plan",NULL,170.7400000000,"GB",275.728026,1.6149,215.06786028,"Oracle",452.000002,2.6473,"Committed","USD",170.74,"GB","Oracle","Oracle","us-ashburn-1","US East (Ashburn)","ocid1.instance.oc1.us-ashburn-1.00dc0dd2a263",NULL,"Bucket","Storage","Oracle Object Storage","XGD97W67F7HGRL9H","Oracle Object Storage GB",NULL,"59PSIA0QMMUVMTMM.S3G2IARD","ocid1.compartment.oc1..dev","development","Tenancy",NULL,"uk-london-1-AD-2","Usage-Based",NULL,"Object Storage",1.6149,215.06786028,2.6473
1226.258478,"8a93b2c1-1234-4abc-9def-0123456789ab","Contoso Cloud","BillingProfile","USD","2024-10-01T00:00:00Z","2024-09-01T00:00:00Z",NULL,NULL,"Adjustment",NULL,"Azure Blob Storage Storage Account in Southeast Asia","2024-09-12T20:00:00Z","2024-09-12T19:00:00Z",NULL,NULL,NULL,NULL,NULL,NULL,NULL,NULL,NULL,2010.2597999999998,4.1400,1226.258478,"Microsoft",2030.556626,4.1818,"Other","USD",485.57,"GB","Microsoft","Microsoft","southeastasia","Southeast Asia",NULL,NULL,NULL,"Storage","Azure Blob Storage","OISOA75KTQ46PB5H","Azure Blob Storage GB",NULL,"IFKX581EDJTH6L4K.RSXLC2YE","sub-9a1f","Production","BillingProfile","{""environment"": ""qa"", ""application"": ""BrightSourceCore""}",NULL,"One-Time",NULL,"Object Storage",4.1400,1226.258478,4.1818
277.6783178,"8a93b2c1-1234-4abc-9def-0123456789ab","Contoso Cloud","BillingProfile","USD","2024-10-01T00:00:00Z","2024-09-01T00:00:00Z",NULL,NULL,"Adjustment",NULL,"Azure Functions Function App in West Europe","2024-09-04T21:00:00Z","2024-09-04T20:00:00Z",NULL,NULL,NULL,NULL,NULL,NULL,NULL,NULL,NULL,375.24097,1.4810,277.6783178,"Microsoft",452.088091,1.7843,"Dynamic","USD",253.37,"Executions","Microsoft","Microsoft","westeurope","West Europe",NULL,NULL,NULL,"Compute","Azure Functions","J32YDHIOGYIV4XFB","Azure Functions Executions",NULL,"CBNY08W4TP4P9R2F.8RX6EYOD","sub-9a1f","Production","BillingProfile","{""application"": ""AtlasPortal"", ""owner"": ""k.johnson"", ""business_unit"": ""ViennaAI""}",NULL,"One-Time",NULL,"Serverless Compute",1.4810,277.6783178,1.7843
503.1741726,"123456789012","SunBird","BillingAccount","USD","2024-10-01T00:00:00Z","2024-09-01T00:00:00Z",NULL,NULL,"Usage",NULL,"Amazon Simple Storage Service Bucket in US East (N. Virginia)","2024-09-07T19:00:00Z","2024-09-07T18:00:00Z",NULL,NULL,NULL,NULL,NULL,NULL,NULL,486.0600000000,"GB",762.38511,1.5685,503.1741726,"AWS",802.533666,1.6511,"Dynamic","USD",486.06,"GB","AWS","AWS","us-east-1","US East (N. Virginia)","arn:aws:ec2:us-east-1:123456789012:instance/i-0020a55fce92",NULL,"Bucket","Storage","Amazon Simple Storage Service","Y3S9LWKJKUSZVR5Y","Amazon Simple Storage Service GB",NULL,"OE1FTXWDNYVOWSKN.2KQ112YI","663626350770","Zenith Apollo","BillingAccount","{""environment"": ""dev"", ""application"": ""NimbusAPI"", ""cost_center"": ""CC-1001""}","us-east-1a","Usage-Based",NULL,"Object Storage",1.5685,503.1741726,1.6511
10.46888766,"ocid1.tenancy.oc1..aaaa1234","Meridian OCI","Tenancy","USD","2024-10-01T00:00:00Z","2024-09-01T00:00:00Z",NULL,NULL,"Usage",NULL,"Oracle Functions Function in UK South (London)","2024-09-22T01:00:00Z","2024-09-22T00:00:00Z","Spend","cd-274195","commit-4195",NULL,"Used","Savings Plan",NULL,5.9400000000,"Invocations",14.340942,2.4143,10.46888766,"Oracle",23.901372,4.0238,"Committed","USD",5.94,"Invocations","Oracle","Oracle","uk-london-1","UK South (London)","ocid1.instance.oc1.uk-london-1.0024d0c257f5",NULL,"Function","Compute","Oracle Functions","YRO4FZCMS65OEG1C","Oracle Functions Invocations",NULL,"HWYVPXLFGURLQAFW.BQN3D709","ocid1.compartment.oc1..prod","production","Tenancy","{""cost_center"": ""CC-2042"", ""team"": ""payments""}","uk-london-1-AD-2","Usage-Based",NULL,"Serverless Compute",2.4143,10.46888766,4.0238
256.863334,"8a93b2c1-1234-4abc-9def-0123456789ab","Contoso Cloud","BillingProfile","USD","2024-10-01T00:00:00Z","2024-09-01T00:00:00Z",NULL,NULL,"Purchase",NULL,"Azure SQL Database SQL Database in Southeast Asia","2024-09-22T11:00:00Z","2024-09-22T10:00:00Z",NULL,NULL,NULL,NULL,NULL,NULL,NULL,NULL,NULL,256.863334,1.2026,0,"Microsoft",342.491565,1.6035,"Standard","USD",213.59,"Hours","Microsoft","Microsoft","southeastasia","Southeast Asia","/subscriptions/8a93b2c1-1234-4abc-9def-0123456789ab/resourceGroups/rg-934/providers/Microsoft.Compute/virtualMachines/vm-5296",NULL,"SQL Database","Databases","Azure SQL Database","DTNY7K4UZ6Q57UD2","Azure SQL Database Hours",NULL,"714LUOD6GV7A8Z27.QXGGOKS0","sub-2b7c","Staging","BillingProfile","{""owner"": ""g.hopper"", ""team"": ""growth"", ""business_unit"": ""OsloData""}",NULL,"One-Time",NULL,"Relational Databases",1.2026,0,1.6035
0.3716524,"123456789012","SunBird","BillingAccount","USD","2024-10-01T00:00:00Z","2024-09-01T00:00:00Z",NULL,NULL,"Usage",NULL,"AWS Lambda Function in US West (Oregon)","2024-09-15T09:00:00Z","2024-09-15T08:00:00Z",NULL,NULL,NULL,NULL,NULL,NULL,NULL,10.1500000000,"Requests",0.40397000000000005,0.0398,0.3716524,"AWS",0.429345,0.0423,"Standard","USD",10.15,"Requests","AWS","AWS","us-west-2","US West (Oregon)","arn:aws:ec2:us-west-2:123456789012:instance/i-004ba63893a0",NULL,"Function","Compute","AWS Lambda","LCPYEOBEST0RG4KS","AWS Lambda Requests",NULL,"EDN15U7AYOJ7RCEF.3EMCP5B3","438839167390","Zenith Eclipse","BillingAccount","{""owner"": ""k.johnson"", ""team"": ""platform"", ""environment"": ""qa""}","us-east-1a","Usage-Based",NULL,"Serverless Compute",0.0398,0.3716524,0.0423
93.94797258,"01ABCD-2345EF-6789GH","Helios Labs","BillingAccount","USD","2024-10-01T00:00:00Z","2024-09-01T00:00:00Z",NULL,NULL,"Usage",NULL,"BigQuery Dataset in Northern Virginia","2024-09-24T14:00:00Z","2024-09-24T13:00:00Z",NULL,NULL,NULL,NULL,NULL,NULL,NULL,117.0700000000,"GiB",94.896942,0.8106,93.94797258,"Google",126.52925599999999,1.0808,"Other","USD",117.07,"GiB","Google","Google","us-east4","Northern Virginia","//compute.googleapis.com/projects/Helios Labs/zones/us-east4-a/instances/inst-1170",NULL,"Dataset","Analytics","BigQuery","BZ24SDA3DE6NIXZY","BigQuery GiB",NULL,"E8AYGA7VP3CA5DBG.AJIIHKZ9","proj-helios-prod","helios-prod","BillingAccount","{""business_unit"": ""MarseilleSRE"", ""cost_center"": ""CC-2042""}","us-central1-a","Usage-Based",NULL,"Data Warehouses",0.8106,93.94797258,1.0808
968.39846062,"123456789012","SunBird","BillingAccount","USD","2024-10-01T00:00:00Z","2024-09-01T00:00:00Z",NULL,NULL,"Usage",NULL,"Amazon Relational Database Service Database Instance in US East (N. Virginia)","2024-09-02T13:00:00Z","2024-09-02T12:00:00Z",NULL,NULL,NULL,NULL,NULL,NULL,NULL,380.6900000000,"Hours",1088.088158,2.8582,968.39846062,"AWS",1700.16154,4.4660,"Standard","USD",380.69,"Hours","AWS","AWS","us-east-1","US East (N. Virginia)","arn:aws:ec2:us-east-1:123456789012:instance/i-00922f1ea065",NULL,"Database Instance","Databases","Amazon Relational Database Service","ECHSTFF1OL9JJXHY","Amazon Relational Database Service Hours",NULL,"QIV6YH12JGE5BJUQ.TYUUCKRK","663626350770","Zenith Apollo","BillingAccount","{""cost_center"": ""CC-2042"", ""application"": ""NimbusAPI"", ""owner"": ""a.turing""}",NULL,"Usage-Based",NULL,"Relational Databases",2.8582,968.39846062,4.4660
535.549608,"8a93b2c1-1234-4abc-9def-0123456789ab","Contoso Cloud","BillingProfile","USD","2024-10-01T00:00:00Z","2024-09-01T00:00:00Z",NULL,NULL,"Usage",NULL,"Azure SQL Database SQL Database in Southeast Asia","2024-09-23T10:00:00Z","2024-09-23T09:00:00Z",NULL,NULL,NULL,NULL,NULL,NULL,NULL,473.7700000000,"Hours",892.5826799999999,1.8840,535.549608,"Microsoft",1463.238645,3.0885,"Dynamic","USD",473.77,"Hours","Microsoft","Microsoft","southeastasia","Southeast Asia","/subscriptions/8a93b2c1-1234-4abc-9def-0123456789ab/resourceGroups/rg-957/providers/Microsoft.Compute/virtualMachines/vm-2334",NULL,"SQL Database","Databases","Azure SQL Database","H3US625HMJAJBZFN","Azure SQL Database Hours",NULL,"IAPG70213RT7KL65.9A5MDCT1","sub-4d3e","Sandbox","BillingProfile","{""owner"": ""a.turing"", ""environment"": ""dev""}","westeurope-2","Usage-Based",NULL,"Relational Databases",1.8840,535.549608,3.0885
121.42572792,"123456789012","SunBird","BillingAccount","USD","2024-10-01T00:00:00Z","2024-09-01T00:00:00Z",NULL,NULL,"Usage",NULL,"AWS Lambda Function in Asia Pacific (Sydney)","2024-09-17T17:00:00Z","2024-09-17T16:00:00Z",NULL,NULL,NULL,NULL,NULL,NULL,NULL,87.3300000000,"Requests",123.90380400000001,1.4188,121.42572792,"AWS",165.210894,1.8918,"Dynamic","USD",87.33,"Requests","AWS","AWS","ap-southeast-2","Asia Pacific (Sydney)","arn:aws:ec2:ap-southeast-2:123456789012:instance/i-00b047df18a2",NULL,"Function","Compute","AWS Lambda","UQU6QT0W33HP2HWM","AWS Lambda Requests",NULL,"QK36NL73NJL3Y1UQ.8SI5TS1T","438839167390","Zenith Eclipse","BillingAccount","{""business_unit"": ""ViennaAI"", ""cost_center"": ""CC-2042"", ""application"": ""NimbusAPI""}","ap-southeast-2a","Usage-Based",NULL,"Serverless Compute",1.4188,121.42572792,1.8918
46.64285871,"01ABCD-2345EF-6789GH","Helios Labs","BillingAccount","USD","2024-10-01T00:00:00Z","2024-09-01T00:00:00Z",NULL,NULL,"Credit","Correction","Cloud Load Balancing Forwarding Rule in Iowa","2024-09-02T07:00:00Z","2024-09-02T06:00:00Z",NULL,NULL,NULL,NULL,NULL,NULL,NULL,NULL,NULL,63.894327000000004,1.2761,46.64285871,"Google",75.170091,1.5013,"Other","USD",50.07,"Hours","Google","Google","us-central1","Iowa",NULL,NULL,NULL,"Networking","Cloud Load Balancing","IPTVPNWY06KI70X4","Cloud Load Balancing Hours",NULL,"XTJAO9AHMO3ZEEX3.4AGTFHFW","proj-helios-prod","helios-prod","BillingAccount","{""business_unit"": ""MarseilleSRE"", ""environment"": ""dev""}",NULL,"One-Time",NULL,"Application Networking",1.2761,46.64285871,1.5013
292.15371886,"123456789012","SunBird","BillingAccount","USD","2024-10-01T00:00:00Z","2024-09-01T00:00:00Z",NULL,NULL,"Usage",NULL,"AWS Lambda Function in Asia Pacific (Sydney)","2024-09-10T01:00:00Z","2024-09-10T00:00:00Z","Usage","cd-857513","commit-7513",NULL,"Used","Savings Plan",NULL,136.6700000000,"Requests",356.28502299999997,2.6069,292.15371886,"AWS",375.03614699999997,2.7441,"Committed","USD",136.67,"Requests","AWS","AWS","ap-southeast-2","Asia Pacific (Sydney)","arn:aws:ec2:ap-southeast-2:123456789012:instance/i-0074ebafe15c",NULL,"Function","Compute","AWS Lambda","BX2IHXEC9FDBQSOA","AWS Lambda Requests",NULL,"CI35OIAYVZSJ20M9.A7LYMKZ2","517389287820","Atlas Nimbus","BillingAccount","{""team"": ""payments""}",NULL,"Usage-Based",NULL,"Serverless Compute",2.6069,292.15371886,2.7441
189.402963,"8a93b2c1-1234-4abc-9def-0123456789ab","Contoso Cloud","BillingProfile","USD","2024-10-01T00:00:00Z","2024-09-01T00:00:00Z",NULL,NULL,"Usage",NULL,"Azure Load Balancer Load Balancer in East US","2024-09-14T05:00:00Z","2024-09-14T04:00:00Z",NULL,NULL,NULL,NULL,NULL,NULL,NULL,229.4000000000,"Hours",199.37154,0.8691,189.402963,"Microsoft",262.3189,1.1435,"Standard","USD",229.40,"Hours","Microsoft","Microsoft","eastus","East US","/subscriptions/8a93b2c1-1234-4abc-9def-0123456789ab/resourceGroups/rg-262/providers/Microsoft.Compute/virtualMachines/vm-9070",NULL,"Load Balancer","Networking","Azure Load Balancer","SIOBYQYHSM6M6E05","Azure Load Balancer Hours",NULL,"TI8UTDW8S4QP9S5V.I64KTV39","sub-9a1f","Production","BillingProfile","{""business_unit"": ""ViennaAI""}","eastus-1","Usage-Based",NULL,"Application Networking",0.8691,189.402963,1.1435
259.454016,"8a93b2c1-1234-4abc-9def-0123456789ab","Contoso Cloud","BillingProfile","USD","2024-10-01T00:00:00Z","2024-09-01T00:00:00Z",NULL,NULL,"Tax",NULL,"Tax charge in Southeast Asia","2024-09-15T18:00:00Z","2024-09-15T17:00:00Z",NULL,NULL,NULL,NULL,NULL,NULL,NULL,NULL,NULL,32.1723120000,NULL,259.454016,"Microsoft",27.9765490000,NULL,NULL,"USD",NULL,NULL,"Microsoft","Microsoft",NULL,NULL,NULL,NULL,NULL,"Other","Tax",NULL,NULL,NULL,NULL,"sub-2b7c","Staging","BillingProfile","{""cost_center"": ""CC-1001"", ""team"": ""infra"", ""application"": ""NimbusAPI""}",NULL,"One-Time",NULL,"Other (Security)",NULL,259.454016,NULL
416.85228816,"8a93b2c1-1234-4abc-9def-0123456789ab","Contoso Cloud","BillingProfile","USD","2024-10-01T00:00:00Z","2024-09-01T00:00:00Z",NULL,NULL,"Usage",NULL,"Azure Functions Function App in East US","2024-09-15T19:00:00Z","2024-09-15T18:00:00Z","Spend","cd-285310","commit-5310",NULL,"Unused","Reserved Instance",NULL,NULL,NULL,541.3666079999999,2.8472,416.85228816,"Microsoft",887.4974639999999,4.6676,"Committed","USD",190.14,"Executions","Microsoft","Microsoft","eastus","East US","/subscriptions/8a93b2c1-1234-4abc-9def-0123456789ab/resourceGroups/rg-668/providers/Microsoft.Compute/virtualMachines/vm-2020",NULL,"Function App","Compute","Azure Functions","LXZN35NGLWKTX75C","Azure Functions Executions",NULL,"HOGHE2WH5PNX9M0J.SLHVFV1T","sub-4d3e","Sandbox","BillingProfile","{""application"": ""AtlasPortal"", ""owner"": ""k.johnson"", ""environment"": ""dev""}",NULL,"Usage-Based",NULL,"Serverless Compute",2.8472,416.85228816,4.6676
246.2973975,"8a93b2c1-1234-4abc-9def-0123456789ab","Contoso Cloud","BillingProfile","USD","2024-10-01T00:00:00Z","2024-09-01T00:00:00Z",NULL,NULL,"Usage",NULL,"Azure Functions Function App in UK South","2024-09-21T08:00:00Z","2024-09-21T07:00:00Z",NULL,NULL,NULL,NULL,NULL,NULL,NULL,115.5000000000,"Executions",356.95275,3.0905,246.2973975,"Microsoft",549.1563,4.7546,"Standard","USD",115.50,"Executions","Microsoft","Microsoft","uksouth","UK South","/subscriptions/8a93b2c1-1234-4abc-9def-0123456789ab/resourceGroups/rg-763/providers/Microsoft.Compute/virtualMachines/vm-3764",NULL,"Function App","Compute","Azure Functions","1RMMH1FJAJ90849S","Azure Functions Executions",NULL,"J44VGUOZ2ID2WCYY.GI8UZ7VR","sub-4d3e","Sandbox","BillingProfile","{""cost_center"": ""CC-2042"", ""application"": ""AtlasPortal"", ""owner"": ""g.hopper""}","eastus-1","Usage-Based",NULL,"Serverless Compute",3.0905,246.2973975,4.7546
51.13049648,"123456789012","SunBird","BillingAccount","USD","2024-10-01T00:00:00Z","2024-09-01T00:00:00Z",NULL,NULL,"Usage",NULL,"Amazon Simple Queue Service Queue in Europe (Ireland)","2024-09-11T03:00:00Z","2024-09-11T02:00:00Z",NULL,NULL,NULL,NULL,NULL,NULL,NULL,43.5800000000,"Requests",62.354264,1.4308,51.13049648,"AWS",83.13756599999999,1.9077,"Standard","USD",43.58,"Requests","AWS","AWS","eu-west-1","Europe (Ireland)","arn:aws:ec2:eu-west-1:123456789012:instance/i-009b61e827f9",NULL,"Queue","Integration","Amazon Simple Queue Service","CZAP0PKOXH9UKJF1","Amazon Simple Queue Service Requests",NULL,"WZFMD2P62FS6SURT.MBA3SV25","663626350770","Zenith Apollo","BillingAccount",NULL,"us-west-2b","Usage-Based",NULL,"Messaging",1.4308,51.13049648,1.9077
140.44787925,"01ABCD-2345EF-6789GH","Helios Labs","BillingAccount","USD","2024-10-01T00:00:00Z","2024-09-01T00:00:00Z",NULL,NULL,"Usage",NULL,"Compute Engine VM Instance in Singapore","2024-09-15T19:00:00Z","2024-09-15T18:00:00Z",NULL,NULL,NULL,NULL,NULL,NULL,NULL,200.6900000000,"Hours",187.26383900000002,0.9331,140.44787925,"Google",201.35227700000002,1.0033,"Standard","USD",200.69,"Hours","Google","Google","asia-southeast1","Singapore","//compute.googleapis.com/projects/Helios Labs/zones/asia-southeast1-a/instances/inst-5901",NULL,"VM Instance","Compute","Compute Engine","W36YZD3DLVB3Y11C","Compute Engine Hours",NULL,"YWB6XJ1FD060XWNI.YQ5RGQEL","proj-helios-dev","helios-dev","BillingAccount","{""owner"": ""a.turing""}","europe-west1-b","Usage-Based",NULL,"Virtual Machines",0.9331,140.44787925,1.0033
347.0650656,"01ABCD-2345EF-6789GH","Helios Labs","BillingAccount","USD","2024-10-01T00:00:00Z","2024-09-01T00:00:00Z",NULL,NULL,"Usage",NULL,"Compute Engine VM Instance in Singapore","2024-09-25T07:00:00Z","2024-09-25T06:00:00Z","Spend","cd-107469","commit-7469",NULL,"Used","Reserved Instance",NULL,421.9000000000,"Hours",456.66456,1.0824,347.0650656,"Google",671.58042,1.5918,"Committed","USD",421.90,"Hours","Google","Google","asia-southeast1","Singapore","//compute.googleapis.com/projects/Helios Labs/zones/asia-southeast1-a/instances/inst-3523",NULL,"VM Instance","Compute","Compute Engine","N79HNJ4FG6O9G84I","Compute Engine Hours",NULL,"G0VAG7E3X30AG6C7.12UII0IT","proj-helios-prod","helios-prod","BillingAccount",NULL,NULL,"Usage-Based",NULL,"Virtual Machines",1.0824,347.0650656,1.5918
136.0112663,"123456789012","SunBird","BillingAccount","USD","2024-10-01T00:00:00Z","2024-09-01T00:00:00Z",NULL,NULL,"Usage",NULL,"Amazon Relational Database Service Database Instance in US West (Oregon)","2024-09-23T03:00:00Z","2024-09-23T02:00:00Z","Spend","cd-453365","commit-3365",NULL,"Unused","Savings Plan",NULL,NULL,NULL,143.16975399999998,2.6666,136.0112663,"AWS",213.68619999999999,3.9800,"Committed","USD",53.69,"Hours","AWS","AWS","us-west-2","US West (Oregon)","arn:aws:ec2:us-west-2:123456789012:instance/i-0055da384c9f",NULL,"Database Instance","Databases","Amazon Relational Database Service","HPUI51LWVP51XEF7","Amazon Relational Database Service Hours",NULL,"IU11VHYNH3K4GVQ8.M0L8FMSH","663626350770","Zenith Apollo","BillingAccount","{""application"": ""NimbusAPI""}",NULL,"Usage-Based",NULL,"Relational Databases",2.6666,136.0112663,3.9800
298.26260702,"01ABCD-2345EF-6789GH","Helios Labs","BillingAccount","USD","2024-10-01T00:00:00Z","2024-09-01T00:00:00Z",NULL,NULL,"Usage","Correction","Compute Engine VM Instance in Belgium","2024-09-13T03:00:00Z","2024-09-13T02:00:00Z",NULL,NULL,NULL,NULL,NULL,NULL,NULL,155.5900000000,"Hours",304.349599,1.9561,298.26260702,"Google",461.137642,2.9638,"Dynamic","USD",155.59,"Hours","Google","Google","europe-west1","Belgium","//compute.googleapis.com/projects/Helios Labs/zones/europe-west1-a/instances/inst-9118",NULL,"VM Instance","Compute","Compute Engine","5N9LGIVU6854RCWD","Compute Engine Hours",NULL,"NEVENTYXD80U01O8.5RS45FOT","proj-helios-prod","helios-prod","BillingAccount","{""owner"": ""k.johnson"", ""business_unit"": ""OsloData"", ""team"": ""growth""}",NULL,"Usage-Based",NULL,"Virtual Machines",1.9561,298.26260702,2.9638
401.545298,"8a93b2c1-1234-4abc-9def-0123456789ab","Contoso Cloud","BillingProfile","USD","2024-10-01T00:00:00Z","2024-09-01T00:00:00Z",NULL,NULL,"Tax",NULL,"Tax charge in West Europe","2024-09-23T04:00:00Z","2024-09-23T03:00:00Z",NULL,NULL,NULL,NULL,NULL,NULL,NULL,NULL,NULL,94.4303380000,NULL,401.545298,"Microsoft",42.1581260000,NULL,NULL,"USD",NULL,NULL,"Microsoft","Microsoft",NULL,NULL,NULL,NULL,NULL,"Other","Tax",NULL,NULL,NULL,NULL,"sub-4d3e","Sandbox","BillingProfile","{""cost_center"": ""CC-3090""}",NULL,"One-Time",NULL,"Other (Security)",NULL,401.545298,NULL
15.2674368,"ocid1.tenancy.oc1..aaaa1234","Meridian OCI","Tenancy","USD","2024-10-01T00:00:00Z","2024-09-01T00:00:00Z",NULL,NULL,"Usage",NULL,"Oracle Autonomous Database Database in UK South (London)","2024-09-02T20:00:00Z","2024-09-02T19:00:00Z",NULL,NULL,NULL,NULL,NULL,NULL,NULL,24.6400000000,"Hours",22.126720000000002,0.8980,15.2674368,"Oracle",29.114624,1.1816,"Other","USD",24.64,"Hours","Oracle","Oracle","uk-london-1","UK South (London)","ocid1.instance.oc1.uk-london-1.00ac7c6ceebe",NULL,"Database","Databases","Oracle Autonomous Database","4HH7LDANRCPV6L4H","Oracle Autonomous Database Hours",NULL,"5MIDNFA1ZZS1XG6R.46653796","ocid1.compartment.oc1..prod","production","Tenancy","{""team"": ""growth"", ""business_unit"": ""ViennaAI""}","uk-london-1-AD-2","Usage-Based",NULL,"Relational Databases",0.8980,15.2674368,1.1816
203.44166087,"01ABCD-2345EF-6789GH","Helios Labs","BillingAccount","USD","2024-10-01T00:00:00Z","2024-09-01T00:00:00Z",NULL,NULL,"Tax",NULL,"Tax charge in Northern Virginia","2024-09-20T21:00:00Z","2024-09-20T20:00:00Z",NULL,NULL,NULL,NULL,NULL,NULL,NULL,NULL,NULL,70.8474030000,NULL,203.44166087,"Google",94.0056560000,NULL,NULL,"USD",NULL,NULL,"Google","Google",NULL,NULL,NULL,NULL,NULL,"Other","Tax",NULL,NULL,NULL,NULL,"proj-helios-dev","helios-dev","BillingAccount","{""team"": ""platform"", ""application"": ""NimbusAPI""}",NULL,"One-Time",NULL,"Other (Security)",NULL,203.44166087,NULL
993.7235583,"8a93b2c1-1234-4abc-9def-0123456789ab","Contoso Cloud","BillingProfile","USD","2024-10-01T00:00:00Z","2024-09-01T00:00:00Z",NULL,NULL,"Usage",NULL,"Azure Load Balancer Load Balancer in Southeast Asia","2024-09-01T22:00:00Z","2024-09-01T21:00:00Z",NULL,NULL,NULL,NULL,NULL,NULL,NULL,390.6100000000,"Hours",1104.137287,2.8267,993.7235583,"Microsoft",1780.8691119999999,4.5592,"Other","USD",390.61,"Hours","Microsoft","Microsoft","southeastasia","Southeast Asia","/subscriptions/8a93b2c1-1234-4abc-9def-0123456789ab/resourceGroups/rg-943/providers/Microsoft.Compute/virtualMachines/vm-7662",NULL,"Load Balancer","Networking","Azure Load Balancer","YVDODUIQGGRKC20X","Azure Load Balancer Hours",NULL,"GONVLSX41DP0EB8R.K4DTUN71","sub-9a1f","Production","BillingProfile","{""cost_center"": ""CC-3090"", ""team"": ""growth""}","eastus-1","Usage-Based",NULL,"Application Networking",2.8267,993.7235583,4.5592
113.61214284,"ocid1.tenancy.oc1..aaaa1234","Meridian OCI","Tenancy","USD","2024-10-01T00:00:00Z","2024-09-01T00:00:00Z",NULL,NULL,"Adjustment",NULL,"Oracle Functions Function in US East (Ashburn)","2024-09-30T16:00:00Z","2024-09-30T15:00:00Z",NULL,NULL,NULL,NULL,NULL,NULL,NULL,NULL,NULL,115.930758,0.4723,113.61214284,"Oracle",186.991428,0.7618,"Dynamic","USD",245.46,"Invocations","Oracle","Oracle","us-ashburn-1","US East (Ashburn)",NULL,NULL,NULL,"Compute","Oracle Functions","HWM6MT9XPELDC7VC","Oracle Functions Invocations",NULL,"TDBLRG2CNZQLP5PN.ENTJTES2","ocid1.compartment.oc1..prod","production","Tenancy","{""team"": ""growth"", ""application"": ""BrightSourceCore""}",NULL,"One-Time",NULL,"Serverless Compute",0.4723,113.61214284,0.7618
860.1100728,"ocid1.tenancy.oc1..aaaa1234","Meridian OCI","Tenancy","USD","2024-10-01T00:00:00Z","2024-09-01T00:00:00Z",NULL,NULL,"Usage",NULL,"Oracle Functions Function in US East (Ashburn)","2024-09-21T12:00:00Z","2024-09-21T11:00:00Z",NULL,NULL,NULL,NULL,NULL,NULL,NULL,407.3000000000,"Invocations",1303.1970800000001,3.1996,860.1100728,"Oracle",1480.90207,3.6359,"Other","USD",407.30,"Invocations","Oracle","Oracle","us-ashburn-1","US East (Ashburn)","ocid1.instance.oc1.us-ashburn-1.005c2ce75fe5",NULL,"Function","Compute","Oracle Functions","8IFVF4VB50PFOJRD","Oracle Functions Invocations",NULL,"RYF0UFZZK4FRW4D1.U8161KN2","ocid1.compartment.oc1..prod","production","Tenancy","{""application"": ""BrightLensMatrix""}","uk-london-1-AD-2","Usage-Based",NULL,"Serverless Compute",3.1996,860.1100728,3.6359
15.393450000000001,"01ABCD-2345EF-6789GH","Helios Labs","BillingAccount","USD","2024-10-01T00:00:00Z","2024-09-01T00:00:00Z",NULL,NULL,"Purchase",NULL,"Cloud Load Balancing Forwarding Rule in Northern Virginia","2024-09-05T03:00:00Z","2024-09-05T02:00:00Z",NULL,NULL,NULL,NULL,NULL,NULL,NULL,NULL,NULL,15.393450000000001,0.2503,0,"Google",20.251949999999997,0.3293,"Dynamic","USD",61.50,"Hours","Google","Google","us-east4","Northern Virginia","//compute.googleapis.com/projects/Helios Labs/zones/us-east4-a/instances/inst-7527",NULL,"Forwarding Rule","Networking","Cloud Load Balancing","AIK21KRTVL26SMAA","Cloud Load Balancing Hours",NULL,"O856C0S1VTF808T6.5RMLANJK","proj-helios-dev","helios-dev","BillingAccount","{""application"": ""NimbusAPI"", ""team"": ""platform"", ""cost_center"": ""CC-3090""}",NULL,"Recurring",NULL,"Application Networking",0.2503,0,0.3293
625.266016,"ocid1.tenancy.oc1..aaaa1234","Meridian OCI","Tenancy","USD","2024-10-01T00:00:00Z","2024-09-01T00:00:00Z",NULL,NULL,"Purchase",NULL,"Oracle Load Balancer Load Balancer in UK South (London)","2024-09-28T16:00:00Z","2024-09-28T15:00:00Z",NULL,NULL,NULL,NULL,NULL,NULL,NULL,NULL,NULL,625.266016,3.3602,0,"Oracle",919.51432,4.9415,"Standard","USD",186.08,"Hours","Oracle","Oracle","uk-london-1","UK South (London)","ocid1.instance.oc1.uk-london-1.003bdcf1158e",NULL,"Load Balancer","Networking","Oracle Load Balancer","Q0SNB6HOIJLW3XBQ","Oracle Load Balancer Hours",NULL,"EIK0ZTPXARUX2OGS.J11LJQ52","ocid1.compartment.oc1..prod","production","Tenancy","{""owner"": ""k.johnson"", ""team"": ""payments""}",NULL,"One-Time",NULL,"Application Networking",3.3602,0,4.9415
17.41247144,"123456789012","SunBird","BillingAccount","USD","2024-10-01T00:00:00Z","2024-09-01T00:00:00Z",NULL,NULL,"Usage",NULL,"Amazon Simple Storage Service Bucket in US West (Oregon)","2024-09-22T11:00:00Z","2024-09-22T10:00:00Z",NULL,NULL,NULL,NULL,NULL,NULL,NULL,30.4400000000,"GB",19.134584000000004,0.6286,17.41247144,"AWS",21.992900000000002,0.7225,"Standard","USD",30.44,"GB","AWS","AWS","us-west-2","US West (Oregon)","arn:aws:ec2:us-west-2:123456789012:instance/i-007b1efa2c2d",NULL,"Bucket","Storage","Amazon Simple Storage Service","4POMP6MM72196N9Z","Amazon Simple Storage Service GB",NULL,"77JW6H2N918GYWLJ.PVC5P485","663626350770","Zenith Apollo","BillingAccount","{""business_unit"": ""LisbonOps"", ""application"": ""BrightSourceCore""}",NULL,"Usage-Based",NULL,"Object Storage",0.6286,17.41247144,0.7225
411.48889726,"01ABCD-2345EF-6789GH","Helios Labs","BillingAccount","USD","2024-10-01T00:00:00Z","2024-09-01T00:00:00Z",NULL,NULL,"Usage",NULL,"Cloud Storage Bucket in Iowa","2024-09-17T02:00:00Z","2024-09-17T01:00:00Z","Usage","cd-285083","commit-5083",NULL,"Unused","Reserved Instance",NULL,NULL,NULL,424.215358,2.1007,411.48889726,"Google",673.36893,3.3345,"Committed","USD",201.94,"GiB","Google","Google","us-central1","Iowa","//compute.googleapis.com/projects/Helios Labs/zones/us-central1-a/instances/inst-3737",NULL,"Bucket","Storage","Cloud Storage","2802O4E8ECW2Q16O","Cloud Storage GiB",NULL,"NCXN5RC1KQIYHDPP.JR945MYW","proj-helios-prod","helios-prod","BillingAccount","{""environment"": ""dev"", ""team"": ""platform"", ""cost_center"": ""CC-1001""}","europe-west1-b","Usage-Based",NULL,"Object Storage",2.1007,411.48889726,3.3345
184.95635994,"01ABCD-2345EF-6789GH","Helios Labs","BillingAccount","USD","2024-10-01T00:00:00Z","2024-09-01T00:00:00Z",NULL,NULL,"Usage",NULL,"Cloud Functions Function in Iowa","2024-09-17T19:00:00Z","2024-09-17T18:00:00Z","Usage","cd-291351","commit-1351",NULL,"Unused","Savings Plan",NULL,NULL,NULL,186.824606,1.2407,184.95635994,"Google",301.325638,2.0011,"Committed","USD",150.58,"Invocations","Google","Google","us-central1","Iowa","//compute.googleapis.com/projects/Helios Labs/zones/us-central1-a/instances/inst-7544",NULL,"Function","Compute","Cloud Functions","TO6W7AB611KRUBUE","Cloud Functions Invocations",NULL,"RBT63OW5XROSUPYS.ZGD5523J","proj-helios-dev","helios-dev","BillingAccount","{""cost_center"": ""CC-1001"", ""business_unit"": ""LisbonOps"", ""team"": ""growth""}","europe-west1-b","Usage-Based",NULL,"Serverless Compute",1.2407,184.95635994,2.0011
361.6659288,"8a93b2c1-1234-4abc-9def-0123456789ab","Contoso Cloud","BillingProfile","USD","2024-10-01T00:00:00Z","2024-09-01T00:00:00Z",NULL,NULL,"Credit",NULL,"Azure Blob Storage Storage Account in UK South","2024-09-17T04:00:00Z","2024-09-17T03:00:00Z","Usage","cd-582569","commit-2569",NULL,"Used","Committed Use Discount",NULL,NULL,NULL,547.97868,1.1730,361.6659288,"Microsoft",553.491168,1.1848,"Standard","USD",467.16,"GB","Microsoft","Microsoft","uksouth","UK South",NULL,NULL,NULL,"Storage","Azure Blob Storage","1P8CUGQWP9YAH17E","Azure Blob Storage GB",NULL,"JC5VADBZFWX7WOKJ.QQUW1VLN","sub-2b7c","Staging","BillingProfile","{""team"": ""infra"", ""cost_center"": ""CC-3090""}",NULL,"One-Time",NULL,"Object Storage",1.1730,361.6659288,1.1848
219.4038525,"8a93b2c1-1234-4abc-9def-0123456789ab","Contoso Cloud","BillingProfile","USD","2024-10-01T00:00:00Z","2024-09-01T00:00:00Z",NULL,NULL,"Usage",NULL,"Virtual Machines Virtual Machine in Southeast Asia","2024-09-23T21:00:00Z","2024-09-23T20:00:00Z","Usage","cd-568944","commit-8944",NULL,"Used","Committed Use Discount",NULL,94.7800000000,"Hours",292.53847,3.0865,219.4038525,"Microsoft",379.92562999999996,4.0085,"Standard","USD",94.78,"Hours","Microsoft","Microsoft","southeastasia","Southeast Asia","/subscriptions/8a93b2c1-1234-4abc-9def-0123456789ab/resourceGroups/rg-915/providers/Microsoft.Compute/virtualMachines/vm-5390",NULL,"Virtual Machine","Compute","Virtual Machines","C4AW1XEA1N0HEI75","Virtual Machines Hours",NULL,"SC6HE3MBYO7JERUI.827ZI6PA","sub-4d3e","Sandbox","BillingProfile","{""environment"": ""prod""}","uksouth-1","Usage-Based",NULL,"Virtual Machines",3.0865,219.4038525,4.0085
43.14609664,"8a93b2c1-1234-4abc-9def-0123456789ab","Contoso Cloud","BillingProfile","USD","2024-10-01T00:00:00Z","2024-09-01T00:00:00Z",NULL,NULL,"Usage",NULL,"Azure Functions Function App in Southeast Asia","2024-09-16T10:00:00Z","2024-09-16T09:00:00Z",NULL,NULL,NULL,NULL,NULL,NULL,NULL,23.6800000000,"Executions",44.480512000000004,1.8784,43.14609664,"Microsoft",45.387456,1.9167,"Standard","USD",23.68,"Executions","Microsoft","Microsoft","southeastasia","Southeast Asia","/subscriptions/8a93b2c1-1234-4abc-9def-0123456789ab/resourceGroups/rg-34/providers/Microsoft.Compute/virtualMachines/vm-8423",NULL,"Function App","Compute","Azure Functions","W70UQ9E9RRAP81WT","Azure Functions Executions",NULL,"3EL5DXQ63T74CVZY.JOBDXZAT","sub-9a1f","Production","BillingProfile","{""owner"": ""a.turing""}","uksouth-1","Usage-Based",NULL,"Serverless Compute",1.8784,43.14609664,1.9167
288.41487444,"ocid1.tenancy.oc1..aaaa1234","Meridian OCI","Tenancy","USD","2024-10-01T00:00:00Z","2024-09-01T00:00:00Z",NULL,NULL,"Usage",NULL,"Oracle Compute Instance in UK South (London)","2024-09-05T04:00:00Z","2024-09-05T03:00:00Z",NULL,NULL,NULL,NULL,NULL,NULL,NULL,389.3200000000,"Hours",374.56477199999995,0.9621,288.41487444,"Oracle",430.548988,1.1059,"Other","USD",389.32,"Hours","Oracle","Oracle","uk-london-1","UK South (London)","ocid1.instance.oc1.uk-london-1.009a1e13e833",NULL,"Instance","Compute","Oracle Compute","XX31V58N4PGT5RO3","Oracle Compute Hours",NULL,"JCMUJFYBHBI31R5E.TLQOKFGE","ocid1.compartment.oc1..prod","production","Tenancy","{""application"": ""BrightLensMatrix"", ""business_unit"": ""OsloData""}",NULL,"Usage-Based",NULL,"Virtual Machines",0.9621,288.41487444,1.1059
143.28540108,"123456789012","SunBird","BillingAccount","USD","2024-10-01T00:00:00Z","2024-09-01T00:00:00Z",NULL,NULL,"Adjustment",NULL,"Amazon Simple Storage Service Bucket in Asia Pacific (Sydney)","2024-09-18T19:00:00Z","2024-09-18T18:00:00Z",NULL,NULL,NULL,NULL,NULL,NULL,NULL,NULL,NULL,174.73829400000002,0.7206,143.28540108,"AWS",232.984392,0.9608,"Standard","USD",242.49,"GB","AWS","AWS","ap-southeast-2","Asia Pacific (Sydney)",NULL,NULL,NULL,"Storage","Amazon Simple Storage Service","GQXKP58ANTYNML62","Amazon Simple Storage Service GB",NULL,"QJX0UZ9Z08CV9CCD.X9WN8HU4","663626350770","Zenith Apollo","BillingAccount","{""application"": ""BrightSourceCore""}",NULL,"One-Time",NULL,"Object Storage",0.7206,143.28540108,0.9608
1487.231718,"123456789012","SunBird","BillingAccount","USD","2024-10-01T00:00:00Z","2024-09-01T00:00:00Z",NULL,NULL,"Purchase",NULL,"Amazon Elastic Compute Cloud Virtual Machine in Europe (Ireland)","2024-09-10T11:00:00Z","2024-09-10T10:00:00Z",NULL,NULL,NULL,NULL,NULL,NULL,NULL,NULL,NULL,1487.231718,3.9854,0,"AWS",1813.718151,4.8603,"Other","USD",373.17,"Hours","AWS","AWS","eu-west-1","Europe (Ireland)","arn:aws:ec2:eu-west-1:123456789012:instance/i-009f29b8e4d0",NULL,"Virtual Machine","Compute","Amazon Elastic Compute Cloud","7HWHSR10FVQH3FCA","Amazon Elastic Compute Cloud Hours",NULL,"0X0JZZ189XSUVPZO.5511XWCK","438839167390","Zenith Eclipse","BillingAccount","{""cost_center"": ""CC-3090"", ""business_unit"": ""ViennaAI""}",NULL,"Recurring",NULL,"Virtual Machines",3.9854,0,4.8603
84.1887816,"8a93b2c1-1234-4abc-9def-0123456789ab","Contoso Cloud","BillingProfile","USD","2024-10-01T00:00:00Z","2024-09-01T00:00:00Z",NULL,NULL,"Usage",NULL,"Azure SQL Database SQL Database in Southeast Asia","2024-09-10T23:00:00Z","2024-09-10T22:00:00Z",NULL,NULL,NULL,NULL,NULL,NULL,NULL,90.5100000000,"Hours",105.235977,1.1627,84.1887816,"Microsoft",172.51206,1.9060,"Dynamic","USD",90.51,"Hours","Microsoft","Microsoft","southeastasia","Southeast Asia","/subscriptions/8a93b2c1-1234-4abc-9def-0123456789ab/resourceGroups/rg-197/providers/Microsoft.Compute/virtualMachines/vm-6166",NULL,"SQL Database","Databases","Azure SQL Database","NV8DXNMFXFMEMW1H","Azure SQL Database Hours",NULL,"G2AK56S4MTT3M2KL.OH4YE09K","sub-9a1f","Production","BillingProfile","{""owner"": ""k.johnson"", ""team"": ""infra"", ""application"": ""BrightSourceCore""}",NULL,"Usage-Based",NULL,"Relational Databases",1.1627,84.1887816,1.9060
323.395548,"01ABCD-2345EF-6789GH","Helios Labs","BillingAccount","USD","2024-10-01T00:00:00Z","2024-09-01T00:00:00Z",NULL,NULL,"Usage",NULL,"Cloud Functions Function in Singapore","2024-09-29T06:00:00Z","2024-09-29T05:00:00Z","Usage","cd-569161","commit-9161",NULL,"Unused","Savings Plan",NULL,NULL,NULL,404.244435,1.1465,323.395548,"Google",553.7425949999999,1.5705,"Other","USD",352.59,"Invocations","Google","Google","asia-southeast1","Singapore","//compute.googleapis.com/projects/Helios Labs/zones/asia-southeast1-a/instances/inst-295",NULL,"Function","Compute","Cloud Functions","0G5W0V25DYH6PSQJ","Cloud Functions Invocations",NULL,"VHF6CUQVUEISGXI6.1PT9QAE1","proj-helios-dev","helios-dev","BillingAccount",NULL,"asia-southeast1-c","Usage-Based",NULL,"Serverless Compute",1.1465,323.395548,1.5705
128.64516544,"ocid1.tenancy.oc1..aaaa1234","Meridian OCI","Tenancy","USD","2024-10-01T00:00:00Z","2024-09-01T00:00:00Z",NULL,NULL,"Usage",NULL,"Oracle Compute Instance in Australia East (Sydney)","2024-09-11T18:00:00Z","2024-09-11T17:00:00Z",NULL,NULL,NULL,NULL,NULL,NULL,NULL,152.9800000000,"Hours",146.18768799999998,0.9556,128.64516544,"Oracle",162.434164,1.0618,"Standard","USD",152.98,"Hours","Oracle","Oracle","ap-sydney-1","Australia East (Sydney)","ocid1.instance.oc1.ap-sydney-1.00b3aa0b41bc",NULL,"Instance","Compute","Oracle Compute","GR1GYTEW4OM417RA","Oracle Compute Hours",NULL,"FMRE56EAA5HX4GTW.GTWGRWU8","ocid1.compartment.oc1..dev","development","Tenancy",NULL,"uk-london-1-AD-2","Usage-Based",NULL,"Virtual Machines",0.9556,128.64516544,1.0618
981.94451256,"ocid1.tenancy.oc1..aaaa1234","Meridian OCI","Tenancy","USD","2024-10-01T00:00:00Z","2024-09-01T00:00:00Z",NULL,NULL,"Usage",NULL,"Oracle Object Storage Bucket in UK South (London)","2024-09-20T23:00:00Z","2024-09-20T22:00:00Z",NULL,NULL,NULL,NULL,NULL,NULL,NULL,363.2400000000,"GB",1212.277176,3.3374,981.94451256,"Oracle",1534.50738,4.2245,"Dynamic","USD",363.24,"GB","Oracle","Oracle","uk-london-1","UK South (London)","ocid1.instance.oc1.uk-london-1.008f240247fb",NULL,"Bucket","Storage","Oracle Object Storage","KMBC3BTYRQVAPBAY","Oracle Object Storage GB",NULL,"AQWHD6F64ONDBL5Y.PI3LKN5O","ocid1.compartment.oc1..prod","production","Tenancy","{""team"": ""growth""}",NULL,"Usage-Based",NULL,"Object Storage",3.3374,981.94451256,4.2245
32.332904,"01ABCD-2345EF-6789GH","Helios Labs","BillingAccount","USD","2024-10-01T00:00:00Z","2024-09-01T00:00:00Z",NULL,NULL,"Purchase",NULL,"Compute Engine VM Instance in Singapore","2024-09-07T06:00:00Z","2024-09-07T05:00:00Z",NULL,NULL,NULL,NULL,NULL,NULL,NULL,NULL,NULL,32.332904,0.1948,0,"Google",39.918189999999996,0.2405,"Standard","USD",165.98,"Hours","Google","Google","asia-southeast1","Singapore","//compute.googleapis.com/projects/Helios Labs/zones/asia-southeast1-a/instances/inst-1598",NULL,"VM Instance","Compute","Compute Engine","NDWN3MTXGMW1SJ0D","Compute Engine Hours",NULL,"YDB93K3QAUFQPHYS.FEFM1X0T","proj-helios-prod","helios-prod","BillingAccount",NULL,NULL,"Recurring",NULL,"Virtual Machines",0.1948,0,0.2405
123.4275541,"8a93b2c1-1234-4abc-9def-0123456789ab","Contoso Cloud","BillingProfile","USD","2024-10-01T00:00:00Z","2024-09-01T00:00:00Z",NULL,NULL,"Usage",NULL,"Azure Load Balancer Load Balancer in Southeast Asia","2024-09-08T10:00:00Z","2024-09-08T09:00:00Z",NULL,NULL,NULL,NULL,NULL,NULL,NULL,63.5900000000,"Hours",184.22023,2.8970,123.4275541,"Microsoft",239.25101600000002,3.7624,"Dynamic","USD",63.59,"Hours","Microsoft","Microsoft","southeastasia","Southeast Asia","/subscriptions/8a93b2c1-1234-4abc-9def-0123456789ab/resourceGroups/rg-804/providers/Microsoft.Compute/virtualMachines/vm-0",NULL,"Load Balancer","Networking","Azure Load Balancer","X9KJUE4R5ULR23WZ","Azure Load Balancer Hours",NULL,"XUGK66V1M8M1501W.3DNFAFKI","sub-2b7c","Staging","BillingProfile","{""team"": ""payments"", ""cost_center"": ""CC-3090""}",NULL,"Usage-Based",NULL,"Application Networking",2.8970,123.4275541,3.7624
618.14167569,"123456789012","SunBird","BillingAccount","USD","2024-10-01T00:00:00Z","2024-09-01T00:00:00Z",NULL,NULL,"Usage",NULL,"Amazon Simple Storage Service Bucket in US West (Oregon)","2024-09-30T21:00:00Z","2024-09-30T20:00:00Z",NULL,NULL,NULL,NULL,NULL,NULL,NULL,320.5100000000,"GB",981.177263,3.0613,618.14167569,"AWS",1090.182714,3.4014,"Standard","USD",320.51,"GB","AWS","AWS","us-west-2","US West (Oregon)","arn:aws:ec2:us-west-2:123456789012:instance/i-00cdcf3796b8",NULL,"Bucket","Storage","Amazon Simple Storage Service","O17M9IXJXSNCMVPV","Amazon Simple Storage Service GB",NULL,"LEWE5MSY0B18JQ4G.W4U0GB8C","663626350770","Zenith Apollo","BillingAccount","{""business_unit"": ""LisbonOps"", ""owner"": ""k.johnson""}",NULL,"Usage-Based",NULL,"Object Storage",3.0613,618.14167569,3.4014
80.7883328,"123456789012","SunBird","BillingAccount","USD","2024-10-01T00:00:00Z","2024-09-01T00:00:00Z",NULL,NULL,"Usage",NULL,"Amazon Elastic Compute Cloud Virtual Machine in US West (Oregon)","2024-09-07T23:00:00Z","2024-09-07T22:00:00Z","Usage","cd-952633","commit-2633",NULL,"Used","Committed Use Discount",NULL,69.9500000000,"Hours",126.23177,1.8046,80.7883328,"AWS",203.603465,2.9107,"Other","USD",69.95,"Hours","AWS","AWS","us-west-2","US West (Oregon)","arn:aws:ec2:us-west-2:123456789012:instance/i-005a31bcc4f1",NULL,"Virtual Machine","Compute","Amazon Elastic Compute Cloud","GQIK0OI0IHSQUM4G","Amazon Elastic Compute Cloud Hours",NULL,"VCRUHZ582596CFHW.GNL18TLM","517389287820","Atlas Nimbus","BillingAccount",NULL,"eu-west-1c","Usage-Based",NULL,"Virtual Machines",1.8046,80.7883328,2.9107
207.05933474,"ocid1.tenancy.oc1..aaaa1234","Meridian OCI","Tenancy","USD","2024-10-01T00:00:00Z","2024-09-01T00:00:00Z",NULL,NULL,"Usage",NULL,"Oracle Object Storage Bucket in UK South (London)","2024-09-12T12:00:00Z","2024-09-12T11:00:00Z",NULL,NULL,NULL,NULL,NULL,NULL,NULL,103.8200000000,"GB",249.46907799999997,2.4029,207.05933474,"Oracle",372.34004799999997,3.5864,"Standard","USD",103.82,"GB","Oracle","Oracle","uk-london-1","UK South (London)","ocid1.instance.oc1.uk-london-1.00889fd175cc",NULL,"Bucket","Storage","Oracle Object Storage","F3PLM9GWSVVI3941","Oracle Object Storage GB",NULL,"KYALNV1SBOA816FX.A4915ZN7","ocid1.compartment.oc1..dev","development","Tenancy",NULL,NULL,"Usage-Based",NULL,"Object Storage",2.4029,207.05933474,3.5864
356.30106336,"123456789012","SunBird","BillingAccount","USD","2024-10-01T00:00:00Z","2024-09-01T00:00:00Z",NULL,NULL,"Usage",NULL,"AWS Lambda Function in Europe (Ireland)","2024-09-30T03:00:00Z","2024-09-30T02:00:00Z","Usage","cd-248918","commit-8918",NULL,"Unused","Reserved Instance",NULL,NULL,NULL,404.887572,4.6716,356.30106336,"AWS",417.411387,4.8161,"Standard","USD",86.67,"Requests","AWS","AWS","eu-west-1","Europe (Ireland)","arn:aws:ec2:eu-west-1:123456789012:instance/i-008b34537e3f",NULL,"Function","Compute","AWS Lambda","NVNMK4CI6Z01618X","AWS Lambda Requests",NULL,"8RNEFYKEDZWFTQ3N.ZXSMFBVW","663626350770","Zenith Apollo","BillingAccount","{""business_unit"": ""LisbonOps"", ""cost_center"": ""CC-1001""}",NULL,"Usage-Based",NULL,"Serverless Compute",4.6716,356.30106336,4.8161
685.5133689999999,"ocid1.tenancy.oc1..aaaa1234","Meridian OCI","Tenancy","USD","2024-10-01T00:00:00Z","2024-09-01T00:00:00Z",NULL,NULL,"Purchase",NULL,"Oracle Compute Instance in Australia East (Sydney)","2024-09-09T18:00:00Z","2024-09-09T17:00:00Z",NULL,NULL,NULL,NULL,NULL,NULL,NULL,NULL,NULL,685.5133689999999,1.7747,0,"Oracle",890.2750960000001,2.3048,"Other","USD",386.27,"Hours","Oracle","Oracle","ap-sydney-1","Australia East (Sydney)","ocid1.instance.oc1.ap-sydney-1.009d26953109",NULL,"Instance","Compute","Oracle Compute","TNQKMGQRVKGKW91C","Oracle Compute Hours",NULL,"1IA6G9CRDHUHTGSA.WD9WAFPR","ocid1.compartment.oc1..prod","production","Tenancy","{""business_unit"": ""LisbonOps"", ""cost_center"": ""CC-3090"", ""team"": ""payments""}",NULL,"Recurring",NULL,"Virtual Machines",1.7747,0,2.3048
105.8997933,"01ABCD-2345EF-6789GH","Helios Labs","BillingAccount","USD","2024-10-01T00:00:00Z","2024-09-01T00:00:00Z",NULL,NULL,"Usage",NULL,"Cloud Load Balancing Forwarding Rule in Belgium","2024-09-10T09:00:00Z","2024-09-10T08:00:00Z",NULL,NULL,NULL,NULL,NULL,NULL,NULL,85.8900000000,"Hours",145.06821,1.6890,105.8997933,"Google",176.90763299999998,2.0597,"Standard","USD",85.89,"Hours","Google","Google","europe-west1","Belgium","//compute.googleapis.com/projects/Helios Labs/zones/europe-west1-a/instances/inst-7048",NULL,"Forwarding Rule","Networking","Cloud Load Balancing","B8F3SRIXPZ7VL216","Cloud Load Balancing Hours",NULL,"LBG99GKJTYYHQK8C.5AKA3A1P","proj-helios-dev","helios-dev","BillingAccount","{""owner"": ""k.johnson"", ""environment"": ""dev"", ""business_unit"": ""LisbonOps""}","europe-west1-b","Usage-Based",NULL,"Application Networking",1.6890,105.8997933,2.0597
53.32737906,"123456789012","SunBird","BillingAccount","USD","2024-10-01T00:00:00Z","2024-09-01T00:00:00Z",NULL,NULL,"Usage",NULL,"AWS Lambda Function in Europe (Ireland)","2024-09-04T08:00:00Z","2024-09-04T07:00:00Z",NULL,NULL,NULL,NULL,NULL,NULL,NULL,106.6200000000,"Requests",61.295837999999996,0.5749,53.32737906,"AWS",62.543292,0.5866,"Other","USD",106.62,"Requests","AWS","AWS","eu-west-1","Europe (Ireland)","arn:aws:ec2:eu-west-1:123456789012:instance/i-00dac032dac3",NULL,"Function","Compute","AWS Lambda","4W93LXM3F5ICHUOP","AWS Lambda Requests",NULL,"OBAMLVY0R2QEMPEG.WF06OS8T","663626350770","Zenith Apollo","BillingAccount","{""cost_center"": ""CC-1001"", ""team"": ""infra""}","us-west-2b","Usage-Based",NULL,"Serverless Compute",0.5749,53.32737906,0.5866
29.12364,"8a93b2c1-1234-4abc-9def-0123456789ab","Contoso Cloud","BillingProfile","USD","2024-10-01T00:00:00Z","2024-09-01T00:00:00Z",NULL,NULL,"Usage",NULL,"Azure Kubernetes Service Cluster in UK South","2024-09-04T17:00:00Z","2024-09-04T16:00:00Z",NULL,NULL,NULL,NULL,NULL,NULL,NULL,8.8200000000,"Hours",29.12364,3.3020,29.12364,"Microsoft",38.830932,4.4026,"Standard","USD",8.82,"Hours","Microsoft","Microsoft","uksouth","UK South","/subscriptions/8a93b2c1-1234-4abc-9def-0123456789ab/resourceGroups/rg-407/providers/Microsoft.Compute/virtualMachines/vm-7519",NULL,"Cluster","Compute","Azure Kubernetes Service","MY15FNZT0MVFTUKL","Azure Kubernetes Service Hours",NULL,"6INIUNT6UL2NQ0W2.3U9POWLH","sub-9a1f","Production","BillingProfile","{""owner"": ""a.lovelace"", ""cost_center"": ""CC-1001""}","westeurope-2","Usage-Based",NULL,"Containers",3.3020,29.12364,4.4026
28.41202546,"ocid1.tenancy.oc1..aaaa1234","Meridian OCI","Tenancy","USD","2024-10-01T00:00:00Z","2024-09-01T00:00:00Z",NULL,NULL,"Usage",NULL,"Oracle Compute Instance in Australia East (Sydney)","2024-09-13T14:00:00Z","2024-09-13T13:00:00Z",NULL,NULL,NULL,NULL,NULL,NULL,NULL,44.1800000000,"Hours",31.222006,0.7067,28.41202546,"Oracle",43.36267,0.9815,"Standard","USD",44.18,"Hours","Oracle","Oracle","ap-sydney-1","Australia East (Sydney)","ocid1.instance.oc1.ap-sydney-1.004bc93de88f",NULL,"Instance","Compute","Oracle Compute","A2VAGZMJ5BMRHQGB","Oracle Compute Hours",NULL,"WIYZM0TK3JELZQUS.MY506414","ocid1.compartment.oc1..dev","development","Tenancy","{""environment"": ""staging""}","uk-london-1-AD-2","Usage-Based",NULL,"Virtual Machines",0.7067,28.41202546,0.9815
287.40671775,"01ABCD-2345EF-6789GH","Helios Labs","BillingAccount","USD","2024-10-01T00:00:00Z","2024-09-01T00:00:00Z",NULL,NULL,"Usage",NULL,"BigQuery Dataset in Northern Virginia","2024-09-17T12:00:00Z","2024-09-17T11:00:00Z",NULL,NULL,NULL,NULL,NULL,NULL,NULL,97.2500000000,"GiB",416.531475,4.2831,287.40671775,"Google",433.8906,4.4616,"Other","USD",97.25,"GiB","Google","Google","us-east4","Northern Virginia","//compute.googleapis.com/projects/Helios Labs/zones/us-east4-a/instances/inst-4341",NULL,"Dataset","Analytics","BigQuery","YESSG8WHT3W1H0CN","BigQuery GiB",NULL,"8SUJZB06LK63UZET.FAYYEXKM","proj-helios-prod","helios-prod","BillingAccount","{""owner"": ""a.lovelace"", ""cost_center"": ""CC-2042"", ""environment"": ""prod""}","europe-west1-b","Usage-Based",NULL,"Data Warehouses",4.2831,287.40671775,4.4616
47.26460557,"01ABCD-2345EF-6789GH","Helios Labs","BillingAccount","USD","2024-10-01T00:00:00Z","2024-09-01T00:00:00Z",NULL,NULL,"Usage",NULL,"BigQuery Dataset in Iowa","2024-09-02T21:00:00Z","2024-09-02T20:00:00Z",NULL,NULL,NULL,NULL,NULL,NULL,NULL,27.4300000000,"GiB",66.56986699999999,2.4269,47.26460557,"Google",96.479539,3.5173,"Standard","USD",27.43,"GiB","Google","Google","us-central1","Iowa","//compute.googleapis.com/projects/Helios Labs/zones/us-central1-a/instances/inst-930",NULL,"Dataset","Analytics","BigQuery","O7XVGIJC3JJMCNPX","BigQuery GiB",NULL,"9JOO8WEGHP54P83K.293Y28KP","proj-helios-dev","helios-dev","BillingAccount","{""owner"": ""g.hopper"", ""application"": ""BrightLensMatrix"", ""cost_center"": ""CC-1001""}","us-central1-a","Usage-Based",NULL,"Data Warehouses",2.4269,47.26460557,3.5173
168.28026912,"123456789012","SunBird","BillingAccount","USD","2024-10-01T00:00:00Z","2024-09-01T00:00:00Z",NULL,NULL,"Usage",NULL,"AWS Lambda Function in Europe (Ireland)","2024-09-06T14:00:00Z","2024-09-06T13:00:00Z",NULL,NULL,NULL,NULL,NULL,NULL,NULL,164.5200000000,"Requests",182.913336,1.1118,168.28026912,"AWS",250.56396,1.5230,"Dynamic","USD",164.52,"Requests","AWS","AWS","eu-west-1","Europe (Ireland)","arn:aws:ec2:eu-west-1:123456789012:instance/i-009eaa49ca89",NULL,"Function","Compute","AWS Lambda","ET9TH62JDL6FENAA","AWS Lambda Requests",NULL,"7RPNHSF9HE20PMBV.A3RVDSSP","517389287820","Atlas Nimbus","BillingAccount","{""application"": ""NimbusAPI""}","us-east-1a","Usage-Based",NULL,"Serverless Compute",1.1118,168.28026912,1.5230
96.9276889,"ocid1.tenancy.oc1..aaaa1234","Meridian OCI","Tenancy","USD","2024-10-01T00:00:00Z","2024-09-01T00:00:00Z",NULL,NULL,"Usage",NULL,"Oracle Compute Instance in Australia East (Sydney)","2024-09-25T09:00:00Z","2024-09-25T08:00:00Z",NULL,NULL,NULL,NULL,NULL,NULL,NULL,71.0500000000,"Hours",112.706615,1.5863,96.9276889,"Oracle",184.76552499999997,2.6005,"Standard","USD",71.05,"Hours","Oracle","Oracle","ap-sydney-1","Australia East (Sydney)","ocid1.instance.oc1.ap-sydney-1.00c35e99c66f",NULL,"Instance","Compute","Oracle Compute","YN0LRD77VH1OIP6G","Oracle Compute Hours",NULL,"M5AU4SECP40KL0VR.HUIX8N7W","ocid1.compartment.oc1..prod","production","Tenancy",NULL,NULL,"Usage-Based",NULL,"Virtual Machines",1.5863,96.9276889,2.6005
554.93639894,"ocid1.tenancy.oc1..aaaa1234","Meridian OCI","Tenancy","USD","2024-10-01T00:00:00Z","2024-09-01T00:00:00Z",NULL,NULL,"Usage",NULL,"Oracle Object Storage Bucket in UK South (London)","2024-09-23T02:00:00Z","2024-09-23T01:00:00Z",NULL,NULL,NULL,NULL,NULL,NULL,NULL,205.6900000000,"GB",720.696622,3.5038,554.93639894,"Oracle",809.780961,3.9369,"Standard","USD",205.69,"GB","Oracle","Oracle","uk-london-1","UK South (London)","ocid1.instance.oc1.uk-london-1.00dd622ef69e",NULL,"Bucket","Storage","Oracle Object Storage","DLGV7VHG9X7FHDGS","Oracle Object Storage GB",NULL,"YCIMXPVZ6K6AGRD8.HIPV1OFZ","ocid1.compartment.oc1..dev","development","Tenancy","{""application"": ""BrightSourceCore"", ""environment"": ""prod""}",NULL,"Usage-Based",NULL,"Object Storage",3.5038,554.93639894,3.9369
146.38090928,"ocid1.tenancy.oc1..aaaa1234","Meridian OCI","Tenancy","USD","2024-10-01T00:00:00Z","2024-09-01T00:00:00Z",NULL,NULL,"Usage",NULL,"Oracle Functions Function in US East (Ashburn)","2024-09-20T08:00:00Z","2024-09-20T07:00:00Z","Usage","cd-591293","commit-1293",NULL,"Used","Reserved Instance",NULL,90.0400000000,"Invocations",178.513304,1.9826,146.38090928,"Oracle",238.01173600000004,2.6434,"Committed","USD",90.04,"Invocations","Oracle","Oracle","us-ashburn-1","US East (Ashburn)","ocid1.instance.oc1.us-ashburn-1.002307bd8c0d",NULL,"Function","Compute","Oracle Functions","WFAQ4OA9BL7KGNHF","Oracle Functions Invocations",NULL,"T6LTFTOBRSTY38SJ.U0OTBBF2","ocid1.compartment.oc1..prod","production","Tenancy","{""cost_center"": ""CC-1001""}","uk-london-1-AD-2","Usage-Based",NULL,"Serverless Compute",1.9826,146.38090928,2.6434
346.0618846,"8a93b2c1-1234-4abc-9def-0123456789ab","Contoso Cloud","BillingProfile","USD","2024-10-01T00:00:00Z","2024-09-01T00:00:00Z",NULL,NULL,"Usage",NULL,"Azure Blob Storage Storage Account in Southeast Asia","2024-09-01T08:00:00Z","2024-09-01T07:00:00Z","Usage","cd-127607","commit-7607",NULL,"Unused","Savings Plan",NULL,NULL,NULL,558.1643300000001,3.0665,346.0618846,"Microsoft",606.690862,3.3331,"Committed","USD",182.02,"GB","Microsoft","Microsoft","southeastasia","Southeast Asia","/subscriptions/8a93b2c1-1234-4abc-9def-0123456789ab/resourceGroups/rg-691/providers/Microsoft.Compute/virtualMachines/vm-7649",NULL,"Storage Account","Storage","Azure Blob Storage","YZ9R0T8IB75I7T7E","Azure Blob Storage GB",NULL,"6G8YZIORQQDUX2JT.53KFO0MZ","sub-2b7c","Staging","BillingProfile",NULL,"uksouth-1","Usage-Based",NULL,"Object Storage",3.0665,346.0618846,3.3331
478.6334279999999,"123456789012","SunBird","BillingAccount","USD","2024-10-01T00:00:00Z","2024-09-01T00:00:00Z",NULL,NULL,"Purchase",NULL,"AWS Lambda Function in US East (N. Virginia)","2024-09-01T08:00:00Z","2024-09-01T07:00:00Z","Spend","cd-265224","commit-5224",NULL,"Used","Reserved Instance",NULL,NULL,NULL,478.6334279999999,1.4139,0,"AWS",498.57225600000004,1.4728,"Committed","USD",338.52,"Requests","AWS","AWS","us-east-1","US East (N. Virginia)","arn:aws:ec2:us-east-1:123456789012:instance/i-00e4fb588df1",NULL,"Function","Compute","AWS Lambda","Y17YP2IG8X9NW6QD","AWS Lambda Requests",NULL,"T4CX3FK0UYWYRG1U.ZY03GV3H","438839167390","Zenith Eclipse","BillingAccount",NULL,NULL,"One-Time",NULL,"Serverless Compute",1.4139,0,1.4728
9.80702768,"123456789012","SunBird","BillingAccount","USD","2024-10-01T00:00:00Z","2024-09-01T00:00:00Z",NULL,NULL,"Usage",NULL,"Amazon Simple Storage Service Bucket in US East (N. Virginia)","2024-09-01T19:00:00Z","2024-09-01T18:00:00Z",NULL,NULL,NULL,NULL,NULL,NULL,NULL,8.8600000000,"GB",11.815695999999999,1.3336,9.80702768,"AWS",14.956565999999999,1.6881,"Other","USD",8.86,"GB","AWS","AWS","us-east-1","US East (N. Virginia)","arn:aws:ec2:us-east-1:123456789012:instance/i-006f6b99956c",NULL,"Bucket","Storage","Amazon Simple Storage Service","30FWBPMW6Q8D70E6","Amazon Simple Storage Service GB",NULL,"17MAQNRJK58XNIHA.EPO8NAAR","438839167390","Zenith Eclipse","BillingAccount","{""owner"": ""g.hopper"", ""cost_center"": ""CC-2042""}","eu-west-1c","Usage-Based",NULL,"Object Storage",1.3336,9.80702768,1.6881
681.3482169,"123456789012","SunBird","BillingAccount","USD","2024-10-01T00:00:00Z","2024-09-01T00:00:00Z",NULL,NULL,"Usage",NULL,"Amazon Simple Storage Service Bucket in Asia Pacific (Sydney)","2024-09-15T17:00:00Z","2024-09-15T16:00:00Z",NULL,NULL,NULL,NULL,NULL,NULL,NULL,459.9400000000,"GB",1116.9642900000001,2.4285,681.3482169,"AWS",1509.385098,3.2817,"Other","USD",459.94,"GB","AWS","AWS","ap-southeast-2","Asia Pacific (Sydney)","arn:aws:ec2:ap-southeast-2:123456789012:instance/i-001804d31e4d",NULL,"Bucket","Storage","Amazon Simple Storage Service","JW295CCUDJ3ARZMZ","Amazon Simple Storage Service GB",NULL,"EH7M70R78MYI00F0.MY24E33U","438839167390","Zenith Eclipse","BillingAccount",NULL,"eu-west-1c","Usage-Based",NULL,"Object Storage",2.4285,681.3482169,3.2817
129.8140604,"ocid1.tenancy.oc1..aaaa1234","Meridian OCI","Tenancy","USD","2024-10-01T00:00:00Z","2024-09-01T00:00:00Z",NULL,NULL,"Usage",NULL,"Oracle Load Balancer Load Balancer in Australia East (Sydney)","2024-09-29T18:00:00Z","2024-09-29T17:00:00Z","Spend","cd-584587","commit-4587",NULL,"Unused","Committed Use Discount",NULL,NULL,NULL,152.722424,3.0766,129.8140604,"Oracle",212.11668400000002,4.2731,"Committed","USD",49.64,"Hours","Oracle","Oracle","ap-sydney-1","Australia East (Sydney)","ocid1.instance.oc1.ap-sydney-1.00411d905c5c",NULL,"Load Balancer","Networking","Oracle Load Balancer","24CXC84VVCU1KQS8","Oracle Load Balancer Hours",NULL,"F888Y27XBGOHM73D.2RFTKBGP","ocid1.compartment.oc1..dev","development","Tenancy",NULL,"uk-london-1-AD-2","Usage-Based",NULL,"Application Networking",3.0766,129.8140604,4.2731
206.34419596,"01ABCD-2345EF-6789GH","Helios Labs","BillingAccount","USD","2024-10-01T00:00:00Z","2024-09-01T00:00:00Z",NULL,NULL,"Usage",NULL,"Cloud Storage Bucket in Belgium","2024-09-14T07:00:00Z","2024-09-14T06:00:00Z",NULL,NULL,NULL,NULL,NULL,NULL,NULL,155.9900000000,"GiB",303.44734700000004,1.9453,206.34419596,"Google",415.68215200000003,2.6648,"Standard","USD",155.99,"GiB","Google","Google","europe-west1","Belgium","//compute.googleapis.com/projects/Helios Labs/zones/europe-west1-a/instances/inst-7566",NULL,"Bucket","Storage","Cloud Storage","D6APTUSTZ6SPLECU","Cloud Storage GiB",NULL,"SY90G53MD4AE6RZ2.0E3BXHFC","proj-helios-prod","helios-prod","BillingAccount","{""environment"": ""qa""}",NULL,"Usage-Based",NULL,"Object Storage",1.9453,206.34419596,2.6648
64.65118428,"01ABCD-2345EF-6789GH","Helios Labs","BillingAccount","USD","2024-10-01T00:00:00Z","2024-09-01T00:00:00Z",NULL,NULL,"Tax",NULL,"Tax charge in Belgium","2024-09-21T15:00:00Z","2024-09-21T14:00:00Z",NULL,NULL,NULL,NULL,NULL,NULL,NULL,NULL,NULL,2.3970600000,NULL,64.65118428,"Google",5.4808050000,NULL,NULL,"USD",NULL,NULL,"Google","Google",NULL,NULL,NULL,NULL,NULL,"Other","Tax",NULL,NULL,NULL,NULL,"proj-helios-dev","helios-dev","BillingAccount","{""team"": ""growth"", ""cost_center"": ""CC-2042""}",NULL,"One-Time",NULL,"Other (Security)",NULL,64.65118428,NULL
39.96875724,"01ABCD-2345EF-6789GH","Helios Labs","BillingAccount","USD","2024-10-01T00:00:00Z","2024-09-01T00:00:00Z",NULL,NULL,"Usage",NULL,"Cloud SQL Database Instance in Singapore","2024-09-15T17:00:00Z","2024-09-15T16:00:00Z",NULL,NULL,NULL,NULL,NULL,NULL,NULL,339.9600000000,"Hours",44.908716,0.1321,39.96875724,"Google",70.167744,0.2064,"Dynamic","USD",339.96,"Hours","Google","Google","asia-southeast1","Singapore","//compute.googleapis.com/projects/Helios Labs/zones/asia-southeast1-a/instances/inst-747",NULL,"Database Instance","Databases","Cloud SQL","L9NBUM3BHO4ZB3LA","Cloud SQL Hours",NULL,"NJR7MJO34X054RYY.8UNLRHS6","proj-helios-prod","helios-prod","BillingAccount","{""environment"": ""prod"", ""owner"": ""g.hopper""}","europe-west1-b","Usage-Based",NULL,"Relational Databases",0.1321,39.96875724,0.2064
650.608592,"8a93b2c1-1234-4abc-9def-0123456789ab","Contoso Cloud","BillingProfile","USD","2024-10-01T00:00:00Z","2024-09-01T00:00:00Z",NULL,NULL,"Usage",NULL,"Azure Kubernetes Service Cluster in East US","2024-09-19T20:00:00Z","2024-09-19T19:00:00Z",NULL,NULL,NULL,NULL,NULL,NULL,NULL,467.6600000000,"Hours",879.2008,1.8800,650.608592,"Microsoft",1022.3515260000001,2.1861,"Other","USD",467.66,"Hours","Microsoft","Microsoft","eastus","East US","/subscriptions/8a93b2c1-1234-4abc-9def-0123456789ab/resourceGroups/rg-198/providers/Microsoft.Compute/virtualMachines/vm-3020",NULL,"Cluster","Compute","Azure Kubernetes Service","QY8I9XFZWJL75NUG","Azure Kubernetes Service Hours",NULL,"F9347ZPQERS9452T.20M2EBME","sub-2b7c","Staging","BillingProfile","{""business_unit"": ""ViennaAI"", ""owner"": ""g.hopper""}","westeurope-2","Usage-Based",NULL,"Containers",1.8800,650.608592,2.1861
499.734144,"ocid1.tenancy.oc1..aaaa1234","Meridian OCI","Tenancy","USD","2024-10-01T00:00:00Z","2024-09-01T00:00:00Z",NULL,NULL,"Usage",NULL,"Oracle Object Storage Bucket in UK South (London)","2024-09-25T07:00:00Z","2024-09-25T06:00:00Z",NULL,NULL,NULL,NULL,NULL,NULL,NULL,333.6900000000,"GB",666.312192,1.9968,499.734144,"Oracle",843.434844,2.5276,"Dynamic","USD",333.69,"GB","Oracle","Oracle","uk-london-1","UK South (London)","ocid1.instance.oc1.uk-london-1.007e943f7191",NULL,"Bucket","Storage","Oracle Object Storage","LJEZNQ0VF8ZUHWOF","Oracle Object Storage GB",NULL,"IESEO7I64D8161UG.Q10DG5AW","ocid1.compartment.oc1..dev","development","Tenancy","{""environment"": ""prod"", ""application"": ""AtlasPortal"", ""business_unit"": ""LisbonOps""}",NULL,"Usage-Based",NULL,"Object Storage",1.9968,499.734144,2.5276
409.36965356,"8a93b2c1-1234-4abc-9def-0123456789ab","Contoso Cloud","BillingProfile","USD","2024-10-01T00:00:00Z","2024-09-01T00:00:00Z",NULL,NULL,"Usage",NULL,"Azure Functions Function App in UK South","2024-09-02T14:00:00Z","2024-09-02T13:00:00Z","Usage","cd-240219","commit-0219",NULL,"Unused","Savings Plan",NULL,NULL,NULL,538.644281,3.2179,409.36965356,"Microsoft",579.186139,3.4601,"Other","USD",167.39,"Executions","Microsoft","Microsoft","uksouth","UK South","/subscriptions/8a93b2c1-1234-4abc-9def-0123456789ab/resourceGroups/rg-155/providers/Microsoft.Compute/virtualMachines/vm-7041",NULL,"Function App","Compute","Azure Functions","Y8PIALK3HFNF6DDJ","Azure Functions Executions",NULL,"FR7DC8Q2UVX25PSN.J9LOEMIE","sub-2b7c","Staging","BillingProfile","{""owner"": ""a.turing"", ""cost_center"": ""CC-3090"", ""business_unit"": ""LisbonOps""}",NULL,"Usage-Based",NULL,"Serverless Compute",3.2179,409.36965356,3.4601
565.515354,"8a93b2c1-1234-4abc-9def-0123456789ab","Contoso Cloud","BillingProfile","USD","2024-10-01T00:00:00Z","2024-09-01T00:00:00Z",NULL,NULL,"Usage",NULL,"Azure Kubernetes Service Cluster in UK South","2024-09-12T05:00:00Z","2024-09-12T04:00:00Z",NULL,NULL,NULL,NULL,NULL,NULL,NULL,293.8200000000,"Hours",744.09915,2.5325,565.515354,"Microsoft",941.898774,3.2057,"Standard","USD",293.82,"Hours","Microsoft","Microsoft","uksouth","UK South","/subscriptions/8a93b2c1-1234-4abc-9def-0123456789ab/resourceGroups/rg-73/providers/Microsoft.Compute/virtualMachines/vm-5580",NULL,"Cluster","Compute","Azure Kubernetes Service","V1J4GM3DJQTZ7RW8","Azure Kubernetes Service Hours",NULL,"BDYZBT37MD0J1SZV.6895LRRT","sub-4d3e","Sandbox","BillingProfile","{""environment"": ""qa""}",NULL,"Usage-Based",NULL,"Containers",2.5325,565.515354,3.2057
45.708110000000005,"8a93b2c1-1234-4abc-9def-0123456789ab","Contoso Cloud","BillingProfile","USD","2024-10-01T00:00:00Z","2024-09-01T00:00:00Z",NULL,NULL,"Purchase",NULL,"Virtual Machines Virtual Machine in West Europe","2024-09-23T15:00:00Z","2024-09-23T14:00:00Z",NULL,NULL,NULL,NULL,NULL,NULL,NULL,NULL,NULL,45.708110000000005,0.1330,0,"Microsoft",73.717215,0.2145,"Standard","USD",343.67,"Hours","Microsoft","Microsoft","westeurope","West Europe","/subscriptions/8a93b2c1-1234-4abc-9def-0123456789ab/resourceGroups/rg-665/providers/Microsoft.Compute/virtualMachines/vm-8879",NULL,"Virtual Machine","Compute","Virtual Machines","JICLEVGI6WFNY6RC","Virtual Machines Hours",NULL,"USGYVKO5AA8254XE.DCNLK1B4","sub-4d3e","Sandbox","BillingProfile","{""cost_center"": ""CC-3090""}",NULL,"One-Time",NULL,"Virtual Machines",0.1330,0,0.2145
515.64624485,"01ABCD-2345EF-6789GH","Helios Labs","BillingAccount","USD","2024-10-01T00:00:00Z","2024-09-01T00:00:00Z",NULL,NULL,"Usage",NULL,"BigQuery Dataset in Singapore","2024-09-07T21:00:00Z","2024-09-07T20:00:00Z","Spend","cd-164870","commit-4870",NULL,"Used","Reserved Instance",NULL,440.3300000000,"GiB",606.6426409999999,1.3777,515.64624485,"Google",681.63084,1.5480,"Standard","USD",440.33,"GiB","Google","Google","asia-southeast1","Singapore","//compute.googleapis.com/projects/Helios Labs/zones/asia-southeast1-a/instances/inst-6938",NULL,"Dataset","Analytics","BigQuery","W9V8LE1RV08JIRNF","BigQuery GiB",NULL,"IFJWX667MKNB48HR.HIV3B02D","proj-helios-prod","helios-prod","BillingAccount","{""owner"": ""g.hopper"", ""business_unit"": ""LisbonOps"", ""cost_center"": ""CC-3090""}","europe-west1-b","Usage-Based",NULL,"Data Warehouses",1.3777,515.64624485,1.5480
432.06328276,"ocid1.tenancy.oc1..aaaa1234","Meridian OCI","Tenancy","USD","2024-10-01T00:00:00Z","2024-09-01T00:00:00Z",NULL,NULL,"Usage",NULL,"Oracle Load Balancer Load Balancer in Australia East (Sydney)","2024-09-13T20:00:00Z","2024-09-13T19:00:00Z",NULL,NULL,NULL,NULL,NULL,NULL,NULL,150.2300000000,"Hours",502.3991659999999,3.3442,432.06328276,"Oracle",620.2395779999999,4.1286,"Standard","USD",150.23,"Hours","Oracle","Oracle","ap-sydney-1","Australia East (Sydney)","ocid1.instance.oc1.ap-sydney-1.00e5a82c6f50",NULL,"Load Balancer","Networking","Oracle Load Balancer","075NHCITKYSU1OR1","Oracle Load Balancer Hours",NULL,"7SX6NGAAMW9W64IY.ML4WCL5E","ocid1.compartment.oc1..prod","production","Tenancy",NULL,"us-ashburn-1-AD-1","Usage-Based",NULL,"Application Networking",3.3442,432.06328276,4.1286
533.0140562,"8a93b2c1-1234-4abc-9def-0123456789ab","Contoso Cloud","BillingProfile","USD","2024-10-01T00:00:00Z","2024-09-01T00:00:00Z",NULL,NULL,"Credit","Correction","Azure Kubernetes Service Cluster in Southeast Asia","2024-09-05T18:00:00Z","2024-09-05T17:00:00Z",NULL,NULL,NULL,NULL,NULL,NULL,NULL,NULL,NULL,567.0362299999999,2.0627,533.0140562,"Microsoft",603.24056,2.1944,"Standard","USD",274.90,"Hours","Microsoft","Microsoft","southeastasia","Southeast Asia",NULL,NULL,NULL,"Compute","Azure Kubernetes Service","5CYUAHZROPW0JMVB","Azure Kubernetes Service Hours",NULL,"LEEH64ACAC8ILIDW.PIKC8PWY","sub-9a1f","Production","BillingProfile","{""environment"": ""qa"", ""team"": ""growth""}",NULL,"One-Time",NULL,"Containers",2.0627,533.0140562,2.1944
269.219132,"123456789012","SunBird","BillingAccount","USD","2024-10-01T00:00:00Z","2024-09-01T00:00:00Z",NULL,NULL,"Usage",NULL,"Amazon Relational Database Service Database Instance in Asia Pacific (Sydney)","2024-09-04T01:00:00Z","2024-09-04T00:00:00Z",NULL,NULL,NULL,NULL,NULL,NULL,NULL,432.2500000000,"Hours",401.8196,0.9296,269.219132,"AWS",618.160725,1.4301,"Standard","USD",432.25,"Hours","AWS","AWS","ap-southeast-2","Asia Pacific (Sydney)","arn:aws:ec2:ap-southeast-2:123456789012:instance/i-0069b3a7c555",NULL,"Database Instance","Databases","Amazon Relational Database Service","DZ676X31CL3MH1BP","Amazon Relational Database Service Hours",NULL,"WDJTVAZMI3DWJRF1.QU1TY80Y","438839167390","Zenith Eclipse","BillingAccount","{""cost_center"": ""CC-2042"", ""application"": ""BrightSourceCore"", ""owner"": ""a.lovelace""}",NULL,"Usage-Based",NULL,"Relational Databases",0.9296,269.219132,1.4301
0.04140558,"ocid1.tenancy.oc1..aaaa1234","Meridian OCI","Tenancy","USD","2024-10-01T00:00:00Z","2024-09-01T00:00:00Z",NULL,NULL,"Usage",NULL,"Oracle Autonomous Database Database in UK South (London)","2024-09-12T21:00:00Z","2024-09-12T20:00:00Z",NULL,NULL,NULL,NULL,NULL,NULL,NULL,4.1900000000,"Hours",0.06787800000000001,0.0162,0.04140558,"Oracle",0.106007,0.0253,"Standard","USD",4.19,"Hours","Oracle","Oracle","uk-london-1","UK South (London)","ocid1.instance.oc1.uk-london-1.00d94ce0dd5d",NULL,"Database","Databases","Oracle Autonomous Database","4P6LMLJU8OO41KJN","Oracle Autonomous Database Hours",NULL,"PRVCHVRH45ZX3801.FCDCBWFH","ocid1.compartment.oc1..prod","production","Tenancy","{""business_unit"": ""LisbonOps"", ""environment"": ""staging""}","us-ashburn-1-AD-1","Usage-Based",NULL,"Relational Databases",0.0162,0.04140558,0.0253
254.7989568,"ocid1.tenancy.oc1..aaaa1234","Meridian OCI","Tenancy","USD","2024-10-01T00:00:00Z","2024-09-01T00:00:00Z",NULL,NULL,"Usage",NULL,"Oracle Object Storage Bucket in Australia East (Sydney)","2024-09-22T08:00:00Z","2024-09-22T07:00:00Z","Spend","cd-705969","commit-5969",NULL,"Used","Savings Plan",NULL,107.6300000000,"GB",318.498696,2.9592,254.7989568,"Oracle",513.707227,4.7729,"Committed","USD",107.63,"GB","Oracle","Oracle","ap-sydney-1","Australia East (Sydney)","ocid1.instance.oc1.ap-sydney-1.00c3ecda95b6",NULL,"Bucket","Storage","Oracle Object Storage","YOFUWW7DB64X5V3V","Oracle Object Storage GB",NULL,"GNH6O9IM5D8RRQY8.UBGM8FP6","ocid1.compartment.oc1..dev","development","Tenancy",NULL,NULL,"Usage-Based",NULL,"Object Storage",2.9592,254.7989568,4.7729
946.74298257,"01ABCD-2345EF-6789GH","Helios Labs","BillingAccount","USD","2024-10-01T00:00:00Z","2024-09-01T00:00:00Z",NULL,NULL,"Usage",NULL,"Compute Engine VM Instance in Singapore","2024-09-27T07:00:00Z","2024-09-27T06:00:00Z",NULL,NULL,NULL,NULL,NULL,NULL,NULL,369.9300000000,"Hours",1502.766639,4.0623,946.74298257,"Google",1832.63322,4.9540,"Dynamic","USD",369.93,"Hours","Google","Google","asia-southeast1","Singapore","//compute.googleapis.com/projects/Helios Labs/zones/asia-southeast1-a/instances/inst-8117",NULL,"VM Instance","Compute","Compute Engine","ZCWS5FL4OFC8JYK4","Compute Engine Hours",NULL,"3U0A1BTH61YAXYZG.F9L9IFB4","proj-helios-prod","helios-prod","BillingAccount","{""environment"": ""qa"", ""owner"": ""a.lovelace""}","europe-west1-b","Usage-Based",NULL,"Virtual Machines",4.0623,946.74298257,4.9540
389.38404732,"ocid1.tenancy.oc1..aaaa1234","Meridian OCI","Tenancy","USD","2024-10-01T00:00:00Z","2024-09-01T00:00:00Z",NULL,NULL,"Usage","Correction","Oracle Autonomous Database Database in US East (Ashburn)","2024-09-25T00:00:00Z","2024-09-24T23:00:00Z",NULL,NULL,NULL,NULL,NULL,NULL,NULL,160.8900000000,"Hours",572.6235989999999,3.5591,389.38404732,"Oracle",795.3114479999999,4.9432,"Dynamic","USD",160.89,"Hours","Oracle","Oracle","us-ashburn-1","US East (Ashburn)","ocid1.instance.oc1.us-ashburn-1.00ac4584b501",NULL,"Database","Databases","Oracle Autonomous Database","G7ZH4UZ81NQURYRK","Oracle Autonomous Database Hours",NULL,"LB0JVV7PDAMW8D93.XZPQSGC6","ocid1.compartment.oc1..dev","development","Tenancy","{""cost_center"": ""CC-3090""}",NULL,"Usage-Based",NULL,"Relational Databases",3.5591,389.38404732,4.9432
644.92045178,"01ABCD-2345EF-6789GH","Helios Labs","BillingAccount","USD","2024-10-01T00:00:00Z","2024-09-01T00:00:00Z",NULL,NULL,"Usage",NULL,"Cloud Storage Bucket in Singapore","2024-09-04T16:00:00Z","2024-09-04T15:00:00Z",NULL,NULL,NULL,NULL,NULL,NULL,NULL,220.3300000000,"GiB",686.085587,3.1139,644.92045178,"Google",1089.0250910000002,4.9427,"Standard","USD",220.33,"GiB","Google","Google","asia-southeast1","Singapore","//compute.googleapis.com/projects/Helios Labs/zones/asia-southeast1-a/instances/inst-4622",NULL,"Bucket","Storage","Cloud Storage","MI6F9FY4F52GHAOS","Cloud Storage GiB",NULL,"CLD5O1E5TU3QG4E6.R7ABDBAF","proj-helios-prod","helios-prod","BillingAccount","{""business_unit"": ""ViennaAI""}","asia-southeast1-c","Usage-Based",NULL,"Object Storage",3.1139,644.92045178,4.9427
36.48312564,"8a93b2c1-1234-4abc-9def-0123456789ab","Contoso Cloud","BillingProfile","USD","2024-10-01T00:00:00Z","2024-09-01T00:00:00Z",NULL,NULL,"Usage",NULL,"Virtual Machines Virtual Machine in West Europe","2024-09-06T01:00:00Z","2024-09-06T00:00:00Z","Spend","cd-359245","commit-9245",NULL,"Unused","Reserved Instance",NULL,NULL,NULL,40.992276000000004,4.4412,36.48312564,"Microsoft",42.260478,4.5786,"Committed","USD",9.23,"Hours","Microsoft","Microsoft","westeurope","West Europe","/subscriptions/8a93b2c1-1234-4abc-9def-0123456789ab/resourceGroups/rg-672/providers/Microsoft.Compute/virtualMachines/vm-2292",NULL,"Virtual Machine","Compute","Virtual Machines","0SUYE7T19GX8MNZV","Virtual Machines Hours",NULL,"2T5CGS63HLA6OO7I.YW1H48Y8","sub-4d3e","Sandbox","BillingProfile","{""owner"": ""a.turing"", ""application"": ""NimbusAPI"", ""environment"": ""dev""}","eastus-1","Usage-Based",NULL,"Virtual Machines",4.4412,36.48312564,4.5786
532.18919556,"8a93b2c1-1234-4abc-9def-0123456789ab","Contoso Cloud","BillingProfile","USD","2024-10-01T00:00:00Z","2024-09-01T00:00:00Z",NULL,NULL,"Usage",NULL,"Azure Kubernetes Service Cluster in UK South","2024-09-30T04:00:00Z","2024-09-30T03:00:00Z",NULL,NULL,NULL,NULL,NULL,NULL,NULL,364.8300000000,"Hours",806.347266,2.2102,532.18919556,"Microsoft",1047.208032,2.8704,"Dynamic","USD",364.83,"Hours","Microsoft","Microsoft","uksouth","UK South","/subscriptions/8a93b2c1-1234-4abc-9def-0123456789ab/resourceGroups/rg-160/providers/Microsoft.Compute/virtualMachines/vm-2989",NULL,"Cluster","Compute","Azure Kubernetes Service","1X22U3514N6BC3UC","Azure Kubernetes Service Hours",NULL,"07IMP4POPR3SFL15.96ZV2D2P","sub-2b7c","Staging","BillingProfile","{""owner"": ""a.turing"", ""application"": ""NimbusAPI""}","westeurope-2","Usage-Based",NULL,"Containers",2.2102,532.18919556,2.8704
1553.0557,"01ABCD-2345EF-6789GH","Helios Labs","BillingAccount","USD","2024-10-01T00:00:00Z","2024-09-01T00:00:00Z",NULL,NULL,"Usage",NULL,"Cloud SQL Database Instance in Northern Virginia","2024-09-16T09:00:00Z","2024-09-16T08:00:00Z","Usage","cd-448410","commit-8410",NULL,"Used","Committed Use Discount",NULL,497.5000000000,"Hours",2218.651,4.4596,1553.0557,"Google",2335.4142500000003,4.6943,"Dynamic","USD",497.50,"Hours","Google","Google","us-east4","Northern Virginia","//compute.googleapis.com/projects/Helios Labs/zones/us-east4-a/instances/inst-6241",NULL,"Database Instance","Databases","Cloud SQL","ND678N5C2EA0IMFW","Cloud SQL Hours",NULL,"SOTSF5T3A8S8Z5HH.2KS7UYPQ","proj-helios-prod","helios-prod","BillingAccount","{""cost_center"": ""CC-3090"", ""application"": ""BrightSourceCore"", ""environment"": ""staging""}","europe-west1-b","Usage-Based",NULL,"Relational Databases",4.4596,1553.0557,4.6943
840.01956984,"ocid1.tenancy.oc1..aaaa1234","Meridian OCI","Tenancy","USD","2024-10-01T00:00:00Z","2024-09-01T00:00:00Z",NULL,NULL,"Usage",NULL,"Oracle Autonomous Database Database in Australia East (Sydney)","2024-09-27T08:00:00Z","2024-09-27T07:00:00Z",NULL,NULL,NULL,NULL,NULL,NULL,NULL,315.5700000000,"Hours",848.504616,2.6888,840.01956984,"Oracle",1229.713176,3.8968,"Standard","USD",315.57,"Hours","Oracle","Oracle","ap-sydney-1","Australia East (Sydney)","ocid1.instance.oc1.ap-sydney-1.00a6726fb795",NULL,"Database","Databases","Oracle Autonomous Database","5DFPJGXZ12DEE63H","Oracle Autonomous Database Hours",NULL,"3HARVKC4F79BJLFP.G9ZCUCMT","ocid1.compartment.oc1..prod","production","Tenancy",NULL,NULL,"Usage-Based",NULL,"Relational Databases",2.6888,840.01956984,3.8968
421.102852,"123456789012","SunBird","BillingAccount","USD","2024-10-01T00:00:00Z","2024-09-01T00:00:00Z",NULL,NULL,"Usage",NULL,"AWS Lambda Function in US East (N. Virginia)","2024-09-11T04:00:00Z","2024-09-11T03:00:00Z",NULL,NULL,NULL,NULL,NULL,NULL,NULL,449.5600000000,"Requests",554.0826999999999,1.2325,421.102852,"AWS",577.1900840000001,1.2839,"Dynamic","USD",449.56,"Requests","AWS","AWS","us-east-1","US East (N. Virginia)","arn:aws:ec2:us-east-1:123456789012:instance/i-00749f9286f0",NULL,"Function","Compute","AWS Lambda","E0TFW0ZMBMYMO60T","AWS Lambda Requests",NULL,"6ZVBD2SQNULUAEF0.XOZQ3BZ1","438839167390","Zenith Eclipse","BillingAccount","{""application"": ""BrightSourceCore"", ""environment"": ""dev""}",NULL,"Usage-Based",NULL,"Serverless Compute",1.2325,421.102852,1.2839
306.40287832,"ocid1.tenancy.oc1..aaaa1234","Meridian OCI","Tenancy","USD","2024-10-01T00:00:00Z","2024-09-01T00:00:00Z",NULL,NULL,"Usage",NULL,"Oracle Functions Function in UK South (London)","2024-09-09T21:00:00Z","2024-09-09T20:00:00Z",NULL,NULL,NULL,NULL,NULL,NULL,NULL,74.8600000000,"Invocations",315.879256,4.2196,306.40287832,"Oracle",354.918746,4.7411,"Standard","USD",74.86,"Invocations","Oracle","Oracle","uk-london-1","UK South (London)","ocid1.instance.oc1.uk-london-1.00d904977354",NULL,"Function","Compute","Oracle Functions","E7RCYNJQZXGNJ3FD","Oracle Functions Invocations",NULL,"CTGL1RP7Q4B9GKBX.DGYNPJPZ","ocid1.compartment.oc1..prod","production","Tenancy","{""business_unit"": ""ViennaAI"", ""environment"": ""prod"", ""owner"": ""k.johnson""}","uk-london-1-AD-2","Usage-Based",NULL,"Serverless Compute",4.2196,306.40287832,4.7411
150.82681728,"01ABCD-2345EF-6789GH","Helios Labs","BillingAccount","USD","2024-10-01T00:00:00Z","2024-09-01T00:00:00Z",NULL,NULL,"Usage",NULL,"Cloud Functions Function in Belgium","2024-09-24T14:00:00Z","2024-09-24T13:00:00Z",NULL,NULL,NULL,NULL,NULL,NULL,NULL,392.6800000000,"Invocations",157.111268,0.4001,150.82681728,"Google",218.212276,0.5557,"Other","USD",392.68,"Invocations","Google","Google","europe-west1","Belgium","//compute.googleapis.com/projects/Helios Labs/zones/europe-west1-a/instances/inst-9250",NULL,"Function","Compute","Cloud Functions","H6NKRXH05F52ZH1A","Cloud Functions Invocations",NULL,"5FG4JJPOUHPNXNFX.PW1K83IT","proj-helios-prod","helios-prod","BillingAccount","{""owner"": ""g.hopper"", ""application"": ""BrightLensMatrix"", ""environment"": ""prod""}","us-central1-a","Usage-Based",NULL,"Serverless Compute",0.4001,150.82681728,0.5557
82.30309332,"123456789012","SunBird","BillingAccount","USD","2024-10-01T00:00:00Z","2024-09-01T00:00:00Z",NULL,NULL,"Usage",NULL,"Amazon Relational Database Service Database Instance in US East (N. Virginia)","2024-09-11T20:00:00Z","2024-09-11T19:00:00Z",NULL,NULL,NULL,NULL,NULL,NULL,NULL,332.5700000000,"Hours",100.369626,0.3018,82.30309332,"AWS",149.78952800000002,0.4504,"Dynamic","USD",332.57,"Hours","AWS","AWS","us-east-1","US East (N. Virginia)","arn:aws:ec2:us-east-1:123456789012:instance/i-0040d4995226",NULL,"Database Instance","Databases","Amazon Relational Database Service","GZMYI5AN71S2OJKN","Amazon Relational Database Service Hours",NULL,"IIQK1M29NZ6FKVQG.SVI758R4","663626350770","Zenith Apollo","BillingAccount","{""application"": ""BrightSourceCore""}","ap-southeast-2a","Usage-Based",NULL,"Relational Databases",0.3018,82.30309332,0.4504
152.998293,"123456789012","SunBird","BillingAccount","USD","2024-10-01T00:00:00Z","2024-09-01T00:00:00Z",NULL,NULL,"Tax",NULL,"Tax charge in Europe (Ireland)","2024-09-13T02:00:00Z","2024-09-13T01:00:00Z",NULL,NULL,NULL,NULL,NULL,NULL,NULL,NULL,NULL,17.6593460000,NULL,152.998293,"AWS",24.6723060000,NULL,NULL,"USD",NULL,NULL,"AWS","AWS",NULL,NULL,NULL,NULL,NULL,"Other","Tax",NULL,NULL,NULL,NULL,"438839167390","Zenith Eclipse","BillingAccount","{""owner"": ""k.johnson"", ""application"": ""BrightSourceCore"", ""team"": ""growth""}",NULL,"One-Time",NULL,"Other (Security)",NULL,152.998293,NULL
100.30944,"8a93b2c1-1234-4abc-9def-0123456789ab","Contoso Cloud","BillingProfile","USD","2024-10-01T00:00:00Z","2024-09-01T00:00:00Z",NULL,NULL,"Usage",NULL,"Azure SQL Database SQL Database in Southeast Asia","2024-09-29T07:00:00Z","2024-09-29T06:00:00Z",NULL,NULL,NULL,NULL,NULL,NULL,NULL,363.4400000000,"Hours",133.74591999999998,0.3680,100.30944,"Microsoft",215.737984,0.5936,"Standard","USD",363.44,"Hours","Microsoft","Microsoft","southeastasia","Southeast Asia","/subscriptions/8a93b2c1-1234-4abc-9def-0123456789ab/resourceGroups/rg-678/providers/Microsoft.Compute/virtualMachines/vm-1174",NULL,"SQL Database","Databases","Azure SQL Database","HU2B11LWAG1LLBTM","Azure SQL Database Hours",NULL,"22HQS94KS7QI1HWL.7PAU19ID","sub-2b7c","Staging","BillingProfile","{""owner"": ""a.turing"", ""cost_center"": ""CC-2042"", ""team"": ""growth""}","uksouth-1","Usage-Based",NULL,"Relational Databases",0.3680,100.30944,0.5936
710.429779,"123456789012","SunBird","BillingAccount","USD","2024-10-01T00:00:00Z","2024-09-01T00:00:00Z",NULL,NULL,"Purchase",NULL,"Elastic Load Balancing Load Balancer in US West (Oregon)","2024-09-21T06:00:00Z","2024-09-21T05:00:00Z",NULL,NULL,NULL,NULL,NULL,NULL,NULL,NULL,NULL,710.429779,2.3921,0,"AWS",763.887979,2.5721,"Standard","USD",296.99,"LCU-Hours","AWS","AWS","us-west-2","US West (Oregon)","arn:aws:ec2:us-west-2:123456789012:instance/i-0034e8bfffad",NULL,"Load Balancer","Networking","Elastic Load Balancing","ARJMWQ5FNDK5IAKU","Elastic Load Balancing LCU-Hours",NULL,"FBAKK49IX367PVQN.K1COLKTD","517389287820","Atlas Nimbus","BillingAccount",NULL,NULL,"One-Time",NULL,"Application Networking",2.3921,0,2.5721
142.8284286,"123456789012","SunBird","BillingAccount","USD","2024-10-01T00:00:00Z","2024-09-01T00:00:00Z",NULL,NULL,"Usage","Correction","AWS Lambda Function in Asia Pacific (Sydney)","2024-09-28T10:00:00Z","2024-09-28T09:00:00Z",NULL,NULL,NULL,NULL,NULL,NULL,NULL,386.1000000000,"Requests",193.01139,0.4999,142.8284286,"AWS",201.04227000000003,0.5207,"Dynamic","USD",386.10,"Requests","AWS","AWS","ap-southeast-2","Asia Pacific (Sydney)","arn:aws:ec2:ap-southeast-2:123456789012:instance/i-00ab1adaf478",NULL,"Function","Compute","AWS Lambda","KD8UHWFLI60YCB3S","AWS Lambda Requests",NULL,"RHG2HXDPZS65P4IW.BGJU16R7","438839167390","Zenith Eclipse","BillingAccount","{""business_unit"": ""LisbonOps""}","eu-west-1c","Usage-Based",NULL,"Serverless Compute",0.4999,142.8284286,0.5207
36.01928,"01ABCD-2345EF-6789GH","Helios Labs","BillingAccount","USD","2024-10-01T00:00:00Z","2024-09-01T00:00:00Z",NULL,NULL,"Purchase",NULL,"Cloud Storage Bucket in Belgium","2024-09-24T02:00:00Z","2024-09-24T01:00:00Z",NULL,NULL,NULL,NULL,NULL,NULL,NULL,NULL,NULL,36.01928,0.9680,0,"Google",58.095973,1.5613,"Dynamic","USD",37.21,"GiB","Google","Google","europe-west1","Belgium","//compute.googleapis.com/projects/Helios Labs/zones/europe-west1-a/instances/inst-336",NULL,"Bucket","Storage","Cloud Storage","5DC3FFDOXMOZOWJH","Cloud Storage GiB",NULL,"4LMRAVFXU8810PHR.O83DYHEV","proj-helios-dev","helios-dev","BillingAccount","{""owner"": ""a.turing"", ""business_unit"": ""ViennaAI"", ""cost_center"": ""CC-3090""}",NULL,"Recurring",NULL,"Object Storage",0.9680,0,1.5613
497.08692495,"8a93b2c1-1234-4abc-9def-0123456789ab","Contoso Cloud","BillingProfile","USD","2024-10-01T00:00:00Z","2024-09-01T00:00:00Z",NULL,NULL,"Adjustment",NULL,"Virtual Machines Virtual Machine in East US","2024-09-23T07:00:00Z","2024-09-23T06:00:00Z",NULL,NULL,NULL,NULL,NULL,NULL,NULL,NULL,NULL,584.8081470000001,1.9117,497.08692495,"Microsoft",913.783761,2.9871,"Standard","USD",305.91,"Hours","Microsoft","Microsoft","eastus","East US",NULL,NULL,NULL,"Compute","Virtual Machines","ZY1T9HROFN2QBAF8","Virtual Machines Hours",NULL,"DHGA0P9KLRRPKYWQ.UF66H56V","sub-4d3e","Sandbox","BillingProfile","{""cost_center"": ""CC-2042"", ""business_unit"": ""MarseilleSRE"", ""application"": ""BrightSourceCore""}",NULL,"One-Time",NULL,"Virtual Machines",1.9117,497.08692495,2.9871
47.041785,"123456789012","SunBird","BillingAccount","USD","2024-10-01T00:00:00Z","2024-09-01T00:00:00Z",NULL,NULL,"Usage",NULL,"Amazon Simple Queue Service Queue in US East (N. Virginia)","2024-09-13T04:00:00Z","2024-09-13T03:00:00Z","Usage","cd-485021","commit-5021",NULL,"Used","Committed Use Discount",NULL,451.5000000000,"Requests",68.1765,0.1510,47.041785,"AWS",92.15115,0.2041,"Committed","USD",451.50,"Requests","AWS","AWS","us-east-1","US East (N. Virginia)","arn:aws:ec2:us-east-1:123456789012:instance/i-005ce66bd17c",NULL,"Queue","Integration","Amazon Simple Queue Service","D7CECA0UZ8F8NMMF","Amazon Simple Queue Service Requests",NULL,"Z4KYYSBPD2WAVB1R.B7HDY2HD","438839167390","Zenith Eclipse","BillingAccount",NULL,NULL,"Usage-Based",NULL,"Messaging",0.1510,47.041785,0.2041
932.223066,"123456789012","SunBird","BillingAccount","USD","2024-10-01T00:00:00Z","2024-09-01T00:00:00Z",NULL,NULL,"Usage",NULL,"Amazon Simple Queue Service Queue in Asia Pacific (Sydney)","2024-09-05T05:00:00Z","2024-09-05T04:00:00Z",NULL,NULL,NULL,NULL,NULL,NULL,NULL,302.6600000000,"Requests",1242.964088,4.1068,932.223066,"AWS",1255.524478,4.1483,"Standard","USD",302.66,"Requests","AWS","AWS","ap-southeast-2","Asia Pacific (Sydney)","arn:aws:ec2:ap-southeast-2:123456789012:instance/i-0087038d4f99",NULL,"Queue","Integration","Amazon Simple Queue Service","YVQPQ36GJ0796HA4","Amazon Simple Queue Service Requests",NULL,"9YPLDF3CNB57H31I.PLUV78HF","438839167390","Zenith Eclipse","BillingAccount","{""business_unit"": ""MarseilleSRE"", ""owner"": ""g.hopper"", ""cost_center"": ""CC-1001""}",NULL,"Usage-Based",NULL,"Messaging",4.1068,932.223066,4.1483
348.47108424,"123456789012","SunBird","BillingAccount","USD","2024-10-01T00:00:00Z","2024-09-01T00:00:00Z",NULL,NULL,"Usage",NULL,"Amazon Simple Storage Service Bucket in Asia Pacific (Sydney)","2024-09-18T21:00:00Z","2024-09-18T20:00:00Z",NULL,NULL,NULL,NULL,NULL,NULL,NULL,272.7600000000,"GB",490.804344,1.7994,348.47108424,"AWS",613.519068,2.2493,"Standard","USD",272.76,"GB","AWS","AWS","ap-southeast-2","Asia Pacific (Sydney)","arn:aws:ec2:ap-southeast-2:123456789012:instance/i-003b39d10f99",NULL,"Bucket","Storage","Amazon Simple Storage Service","W20U5FLVQTW8T2WF","Amazon Simple Storage Service GB",NULL,"ZEQBEQBBVTTT1KXJ.H0WP93ND","438839167390","Zenith Eclipse","BillingAccount","{""owner"": ""a.lovelace"", ""application"": ""AtlasPortal""}",NULL,"Usage-Based",NULL,"Object Storage",1.7994,348.47108424,2.2493
125.0160912,"ocid1.tenancy.oc1..aaaa1234","Meridian OCI","Tenancy","USD","2024-10-01T00:00:00Z","2024-09-01T00:00:00Z",NULL,NULL,"Usage",NULL,"Oracle Functions Function in Australia East (Sydney)","2024-09-21T18:00:00Z","2024-09-21T17:00:00Z",NULL,NULL,NULL,NULL,NULL,NULL,NULL,322.1400000000,"Invocations",178.594416,0.5544,125.0160912,"Oracle",292.760832,0.9088,"Standard","USD",322.14,"Invocations","Oracle","Oracle","ap-sydney-1","Australia East (Sydney)","ocid1.instance.oc1.ap-sydney-1.00a61110a9fd",NULL,"Function","Compute","Oracle Functions","EGIRXD429O1OUC06","Oracle Functions Invocations",NULL,"DGIJ3H00KNOWL0AF.32L0VV6E","ocid1.compartment.oc1..dev","development","Tenancy","{""cost_center"": ""CC-2042"", ""owner"": ""a.lovelace""}","uk-london-1-AD-2","Usage-Based",NULL,"Serverless Compute",0.5544,125.0160912,0.9088
1234.0721560000002,"8a93b2c1-1234-4abc-9def-0123456789ab","Contoso Cloud","BillingProfile","USD","2024-10-01T00:00:00Z","2024-09-01T00:00:00Z",NULL,NULL,"Purchase",NULL,"Azure Kubernetes Service Cluster in East US","2024-09-15T08:00:00Z","2024-09-15T07:00:00Z",NULL,NULL,NULL,NULL,NULL,NULL,NULL,NULL,NULL,1234.0721560000002,2.9914,0,"Microsoft",1898.550334,4.6021,"Standard","USD",412.54,"Hours","Microsoft","Microsoft","eastus","East US","/subscriptions/8a93b2c1-1234-4abc-9def-0123456789ab/resourceGroups/rg-769/providers/Microsoft.Compute/virtualMachines/vm-8329",NULL,"Cluster","Compute","Azure Kubernetes Service","OCRZ4TB3G8XOOHEV","Azure Kubernetes Service Hours",NULL,"ZS6OU0L93VMG6Q8P.PYSJHWJ0","sub-9a1f","Production","BillingProfile","{""environment"": ""dev"", ""owner"": ""a.lovelace"", ""cost_center"": ""CC-1001""}",NULL,"One-Time",NULL,"Containers",2.9914,0,4.6021
9.7713957,"01ABCD-2345EF-6789GH","Helios Labs","BillingAccount","USD","2024-10-01T00:00:00Z","2024-09-01T00:00:00Z",NULL,NULL,"Usage",NULL,"Cloud Functions Function in Northern Virginia","2024-09-17T04:00:00Z","2024-09-17T03:00:00Z","Spend","cd-555127","commit-5127",NULL,"Used","Savings Plan",NULL,104.6300000000,"Invocations",14.805144999999998,0.1415,9.7713957,"Google",24.671754,0.2358,"Committed","USD",104.63,"Invocations","Google","Google","us-east4","Northern Virginia","//compute.googleapis.com/projects/Helios Labs/zones/us-east4-a/instances/inst-3298",NULL,"Function","Compute","Cloud Functions","VV5QFIXGLG88MMSA","Cloud Functions Invocations",NULL,"E4ETRVX41YYJWM02.GG5HICOT","proj-helios-prod","helios-prod","BillingAccount",NULL,"us-central1-a","Usage-Based",NULL,"Serverless Compute",0.1415,9.7713957,0.2358
115.84215904,"ocid1.tenancy.oc1..aaaa1234","Meridian OCI","Tenancy","USD","2024-10-01T00:00:00Z","2024-09-01T00:00:00Z",NULL,NULL,"Usage",NULL,"Oracle Autonomous Database Database in US East (Ashburn)","2024-09-15T13:00:00Z","2024-09-15T12:00:00Z","Spend","cd-236804","commit-6804",NULL,"Used","Savings Plan",NULL,360.5600000000,"Hours",186.842192,0.5182,115.84215904,"Oracle",311.41567200000003,0.8637,"Committed","USD",360.56,"Hours","Oracle","Oracle","us-ashburn-1","US East (Ashburn)","ocid1.instance.oc1.us-ashburn-1.002ebbb0e067",NULL,"Database","Databases","Oracle Autonomous Database","ZYTONMWF2KEEEUIK","Oracle Autonomous Database Hours",NULL,"2AND041QIDHF5PEC.ECHBQZCD","ocid1.compartment.oc1..dev","development","Tenancy",NULL,NULL,"Usage-Based",NULL,"Relational Databases",0.5182,115.84215904,0.8637
280.94644706,"8a93b2c1-1234-4abc-9def-0123456789ab","Contoso Cloud","BillingProfile","USD","2024-10-01T00:00:00Z","2024-09-01T00:00:00Z",NULL,NULL,"Usage",NULL,"Azure Load Balancer Load Balancer in East US","2024-09-26T00:00:00Z","2024-09-25T23:00:00Z",NULL,NULL,NULL,NULL,NULL,NULL,NULL,267.4300000000,"Hours",460.567946,1.7222,280.94644706,"Microsoft",535.555318,2.0026,"Dynamic","USD",267.43,"Hours","Microsoft","Microsoft","eastus","East US","/subscriptions/8a93b2c1-1234-4abc-9def-0123456789ab/resourceGroups/rg-810/providers/Microsoft.Compute/virtualMachines/vm-9216",NULL,"Load Balancer","Networking","Azure Load Balancer","OLAKVNLTR788B501","Azure Load Balancer Hours",NULL,"W34ZUTNWK9GQ1PEK.SVPQ3QEE","sub-2b7c","Staging","BillingProfile","{""team"": ""payments""}","uksouth-1","Usage-Based",NULL,"Application Networking",1.7222,280.94644706,2.0026
163.84081022,"123456789012","SunBird","BillingAccount","USD","2024-10-01T00:00:00Z","2024-09-01T00:00:00Z",NULL,NULL,"Usage",NULL,"AWS Lambda Function in Europe (Ireland)","2024-09-20T21:00:00Z","2024-09-20T20:00:00Z",NULL,NULL,NULL,NULL,NULL,NULL,NULL,279.0100000000,"Requests",184.090798,0.6598,163.84081022,"AWS",202.310151,0.7251,"Standard","USD",279.01,"Requests","AWS","AWS","eu-west-1","Europe (Ireland)","arn:aws:ec2:eu-west-1:123456789012:instance/i-00c211775b15",NULL,"Function","Compute","AWS Lambda","ZTTVFQLHX3IFQIYD","AWS Lambda Requests",NULL,"4EOMFRO8I2ZSZHIN.WUQXJVHN","663626350770","Zenith Apollo","BillingAccount","{""business_unit"": ""OsloData"", ""team"": ""growth""}",NULL,"Usage-Based",NULL,"Serverless Compute",0.6598,163.84081022,0.7251
68.25357,"8a93b2c1-1234-4abc-9def-0123456789ab","Contoso Cloud","BillingProfile","USD","2024-10-01T00:00:00Z","2024-09-01T00:00:00Z",NULL,NULL,"Purchase",NULL,"Virtual Machines Virtual Machine in UK South","2024-09-19T20:00:00Z","2024-09-19T19:00:00Z",NULL,NULL,NULL,NULL,NULL,NULL,NULL,NULL,NULL,68.25357,2.2638,0,"Microsoft",93.498165,3.1011,"Standard","USD",30.15,"Hours","Microsoft","Microsoft","uksouth","UK South","/subscriptions/8a93b2c1-1234-4abc-9def-0123456789ab/resourceGroups/rg-134/providers/Microsoft.Compute/virtualMachines/vm-2955",NULL,"Virtual Machine","Compute","Virtual Machines","HFM9K7F6NUA2P6T8","Virtual Machines Hours",NULL,"UVAXCZ6HWGFQ0I36.VZ0KE4ZK","sub-2b7c","Staging","BillingProfile","{""environment"": ""qa"", ""business_unit"": ""MarseilleSRE"", ""team"": ""platform""}",NULL,"Recurring",NULL,"Virtual Machines",2.2638,0,3.1011
157.00483755,"ocid1.tenancy.oc1..aaaa1234","Meridian OCI","Tenancy","USD","2024-10-01T00:00:00Z","2024-09-01T00:00:00Z",NULL,NULL,"Usage",NULL,"Oracle Object Storage Bucket in UK South (London)","2024-09-22T14:00:00Z","2024-09-22T13:00:00Z","Usage","cd-986968","commit-6968",NULL,"Unused","Committed Use Discount",NULL,NULL,NULL,158.590745,1.1785,157.00483755,"Oracle",243.98886699999997,1.8131,"Standard","USD",134.57,"GB","Oracle","Oracle","uk-london-1","UK South (London)","ocid1.instance.oc1.uk-london-1.006a9ac12b0b",NULL,"Bucket","Storage","Oracle Object Storage","SVAFIJIE76T9GNFI","Oracle Object Storage GB",NULL,"DWPD97OBJLJCKTE5.102CZ7M9","ocid1.compartment.oc1..prod","production","Tenancy","{""application"": ""AtlasPortal"", ""owner"": ""a.turing"", ""business_unit"": ""MarseilleSRE""}","uk-london-1-AD-2","Usage-Based",NULL,"Object Storage",1.1785,157.00483755,1.8131
472.380816,"8a93b2c1-1234-4abc-9def-0123456789ab","Contoso Cloud","BillingProfile","USD","2024-10-01T00:00:00Z","2024-09-01T00:00:00Z",NULL,NULL,"Usage",NULL,"Azure Kubernetes Service Cluster in UK South","2024-09-13T09:00:00Z","2024-09-13T08:00:00Z",NULL,NULL,NULL,NULL,NULL,NULL,NULL,333.1200000000,"Hours",597.9504,1.7950,472.380816,"Microsoft",996.595104,2.9917,"Standard","USD",333.12,"Hours","Microsoft","Microsoft","uksouth","UK South","/subscriptions/8a93b2c1-1234-4abc-9def-0123456789ab/resourceGroups/rg-310/providers/Microsoft.Compute/virtualMachines/vm-9073",NULL,"Cluster","Compute","Azure Kubernetes Service","BHJFNXVMDHKVOQM1","Azure Kubernetes Service Hours",NULL,"QY1O3D14V1TSBNFR.6LLHEQV5","sub-2b7c","Staging","BillingProfile","{""cost_center"": ""CC-1001"", ""team"": ""growth""}",NULL,"Usage-Based",NULL,"Containers",1.7950,472.380816,2.9917
945.10260628,"123456789012","SunBird","BillingAccount","USD","2024-10-01T00:00:00Z","2024-09-01T00:00:00Z",NULL,NULL,"Usage",NULL,"Amazon Relational Database Service Database Instance in Europe (Ireland)","2024-09-10T17:00:00Z","2024-09-10T16:00:00Z",NULL,NULL,NULL,NULL,NULL,NULL,NULL,368.6200000000,"Hours",1152.564154,3.1267,945.10260628,"AWS",1670.40153,4.5315,"Other","USD",368.62,"Hours","AWS","AWS","eu-west-1","Europe (Ireland)","arn:aws:ec2:eu-west-1:123456789012:instance/i-00714bfb9bca",NULL,"Database Instance","Databases","Amazon Relational Database Service","7NZD3KJ96SMJ890Y","Amazon Relational Database Service Hours",NULL,"67AGBZVL7WSTMCUL.N1GQG1O2","438839167390","Zenith Eclipse","BillingAccount","{""application"": ""NimbusAPI"", ""environment"": ""staging""}",NULL,"Usage-Based",NULL,"Relational Databases",3.1267,945.10260628,4.5315
813.87386236,"ocid1.tenancy.oc1..aaaa1234","Meridian OCI","Tenancy","USD","2024-10-01T00:00:00Z","2024-09-01T00:00:00Z",NULL,NULL,"Usage",NULL,"Oracle Object Storage Bucket in UK South (London)","2024-09-06T23:00:00Z","2024-09-06T22:00:00Z",NULL,NULL,NULL,NULL,NULL,NULL,NULL,443.2700000000,"GB",1214.737108,2.7404,813.87386236,"Oracle",1412.479855,3.1865,"Other","USD",443.27,"GB","Oracle","Oracle","uk-london-1","UK South (London)","ocid1.instance.oc1.uk-london-1.0090b9d51c21",NULL,"Bucket","Storage","Oracle Object Storage","96FDQ6XGWBWQKS92","Oracle Object Storage GB",NULL,"7SCTGT5GQA6735WE.UZKIHM3C","ocid1.compartment.oc1..dev","development","Tenancy","{""team"": ""payments""}",NULL,"Usage-Based",NULL,"Object Storage",2.7404,813.87386236,3.1865
240.53118056,"123456789012","SunBird","BillingAccount","USD","2024-10-01T00:00:00Z","2024-09-01T00:00:00Z",NULL,NULL,"Usage",NULL,"Amazon Simple Queue Service Queue in Europe (Ireland)","2024-09-01T15:00:00Z","2024-09-01T14:00:00Z",NULL,NULL,NULL,NULL,NULL,NULL,NULL,344.8100000000,"Requests",273.33088699999996,0.7927,240.53118056,"AWS",396.152209,1.1489,"Dynamic","USD",344.81,"Requests","AWS","AWS","eu-west-1","Europe (Ireland)","arn:aws:ec2:eu-west-1:123456789012:instance/i-00982c54e2be",NULL,"Queue","Integration","Amazon Simple Queue Service","TI3Y53RG1VP2R0Y2","Amazon Simple Queue Service Requests",NULL,"9V0N2GYSPZEHGZ7X.XITE5H17","663626350770","Zenith Apollo","BillingAccount","{""cost_center"": ""CC-1001"", ""application"": ""AtlasPortal"", ""business_unit"": ""MarseilleSRE""}",NULL,"Usage-Based",NULL,"Messaging",0.7927,240.53118056,1.1489
307.607958,"01ABCD-2345EF-6789GH","Helios Labs","BillingAccount","USD","2024-10-01T00:00:00Z","2024-09-01T00:00:00Z",NULL,NULL,"Purchase",NULL,"BigQuery Dataset in Belgium","2024-09-18T09:00:00Z","2024-09-18T08:00:00Z","Spend","cd-273571","commit-3571",NULL,"Used","Committed Use Discount",NULL,NULL,NULL,307.607958,0.8318,0,"Google",320.44036500000004,0.8665,"Other","USD",369.81,"GiB","Google","Google","europe-west1","Belgium","//compute.googleapis.com/projects/Helios Labs/zones/europe-west1-a/instances/inst-2641",NULL,"Dataset","Analytics","BigQuery","CF3T3Q9FU41GRIM6","BigQuery GiB",NULL,"DLELQU8JQ4A6B5CL.37X2RM0S","proj-helios-dev","helios-dev","BillingAccount","{""owner"": ""a.lovelace"", ""application"": ""BrightLensMatrix"", ""business_unit"": ""ViennaAI""}",NULL,"One-Time",NULL,"Data Warehouses",0.8318,0,0.8665
591.21049251,"01ABCD-2345EF-6789GH","Helios Labs","BillingAccount","USD","2024-10-01T00:00:00Z","2024-09-01T00:00:00Z",NULL,NULL,"Usage",NULL,"Cloud SQL Database Instance in Belgium","2024-09-30T00:00:00Z","2024-09-29T23:00:00Z",NULL,NULL,NULL,NULL,NULL,NULL,NULL,193.0900000000,"Hours",635.710207,3.2923,591.21049251,"Google",847.6071730000001,4.3897,"Standard","USD",193.09,"Hours","Google","Google","europe-west1","Belgium","//compute.googleapis.com/projects/Helios Labs/zones/europe-west1-a/instances/inst-6298",NULL,"Database Instance","Databases","Cloud SQL","3JIPH72B60PNTRWO","Cloud SQL Hours",NULL,"2XC9LBM6UY6CI9TR.AJ27M0IY","proj-helios-dev","helios-dev","BillingAccount","{""cost_center"": ""CC-1001"", ""environment"": ""qa""}",NULL,"Usage-Based",NULL,"Relational Databases",3.2923,591.21049251,4.3897
324.40860200000003,"01ABCD-2345EF-6789GH","Helios Labs","BillingAccount","USD","2024-10-01T00:00:00Z","2024-09-01T00:00:00Z",NULL,NULL,"Purchase",NULL,"Cloud Functions Function in Singapore","2024-09-30T06:00:00Z","2024-09-30T05:00:00Z",NULL,NULL,NULL,NULL,NULL,NULL,NULL,NULL,NULL,324.40860200000003,1.0823,0,"Google",395.62682600000005,1.3199,"Dynamic","USD",299.74,"Invocations","Google","Google","asia-southeast1","Singapore","//compute.googleapis.com/projects/Helios Labs/zones/asia-southeast1-a/instances/inst-6150",NULL,"Function","Compute","Cloud Functions","JABAL48A049IR1UU","Cloud Functions Invocations",NULL,"MAJJLKHI69GZBNU8.NLJOK5JO","proj-helios-prod","helios-prod","BillingAccount","{""environment"": ""qa"", ""team"": ""platform"", ""application"": ""BrightSourceCore""}",NULL,"One-Time",NULL,"Serverless Compute",1.0823,0,1.3199
738.3183696,"01ABCD-2345EF-6789GH","Helios Labs","BillingAccount","USD","2024-10-01T00:00:00Z","2024-09-01T00:00:00Z",NULL,NULL,"Usage",NULL,"Cloud Storage Bucket in Singapore","2024-09-17T18:00:00Z","2024-09-17T17:00:00Z","Usage","cd-712481","commit-2481",NULL,"Used","Committed Use Discount",NULL,262.5300000000,"GiB",820.3537439999999,3.1248,738.3183696,"Google",845.7141419999999,3.2214,"Committed","USD",262.53,"GiB","Google","Google","asia-southeast1","Singapore","//compute.googleapis.com/projects/Helios Labs/zones/asia-southeast1-a/instances/inst-4580",NULL,"Bucket","Storage","Cloud Storage","T1ZH2FC6G6ZMJHPO","Cloud Storage GiB",NULL,"2ULFQWWTQ2IJ4BDQ.75QQKLV2","proj-helios-prod","helios-prod","BillingAccount","{""environment"": ""dev""}","asia-southeast1-c","Usage-Based",NULL,"Object Storage",3.1248,738.3183696,3.2214
321.73846992,"123456789012","SunBird","BillingAccount","USD","2024-10-01T00:00:00Z","2024-09-01T00:00:00Z",NULL,NULL,"Usage",NULL,"Amazon Simple Storage Service Bucket in Asia Pacific (Sydney)","2024-09-23T00:00:00Z","2024-09-22T23:00:00Z","Spend","cd-252104","commit-2104",NULL,"Unused","Reserved Instance",NULL,NULL,NULL,342.274968,3.2284,321.73846992,"AWS",518.59683,4.8915,"Committed","USD",106.02,"GB","AWS","AWS","ap-southeast-2","Asia Pacific (Sydney)","arn:aws:ec2:ap-southeast-2:123456789012:instance/i-00c2079c5ba6",NULL,"Bucket","Storage","Amazon Simple Storage Service","Y4X6W725FU3OOOVO","Amazon Simple Storage Service GB",NULL,"6N5CLP8SDU1S3YGK.37HJC3ZJ","438839167390","Zenith Eclipse","BillingAccount","{""cost_center"": ""CC-3090"", ""environment"": ""qa"", ""application"": ""NimbusAPI""}","ap-southeast-2a","Usage-Based",NULL,"Object Storage",3.2284,321.73846992,4.8915
54.486775,"123456789012","SunBird","BillingAccount","USD","2024-10-01T00:00:00Z","2024-09-01T00:00:00Z",NULL,NULL,"Usage",NULL,"Elastic Load Balancing Load Balancer in Europe (Ireland)","2024-09-07T20:00:00Z","2024-09-07T19:00:00Z",NULL,NULL,NULL,NULL,NULL,NULL,NULL,163.8700000000,"LCU-Hours",77.83825,0.4750,54.486775,"AWS",94.92989100000001,0.5793,"Dynamic","USD",163.87,"LCU-Hours","AWS","AWS","eu-west-1","Europe (Ireland)","arn:aws:ec2:eu-west-1:123456789012:instance/i-003358c1bdf2",NULL,"Load Balancer","Networking","Elastic Load Balancing","2UVVZ33S4PXHC03T","Elastic Load Balancing LCU-Hours",NULL,"TQ6C5HZ5576DPBKS.IOAA9NOT","517389287820","Atlas Nimbus","BillingAccount",NULL,"us-east-1a","Usage-Based",NULL,"Application Networking",0.4750,54.486775,0.5793
142.58622024,"ocid1.tenancy.oc1..aaaa1234","Meridian OCI","Tenancy","USD","2024-10-01T00:00:00Z","2024-09-01T00:00:00Z",NULL,NULL,"Usage",NULL,"Oracle Compute Instance in UK South (London)","2024-09-30T06:00:00Z","2024-09-30T05:00:00Z",NULL,NULL,NULL,NULL,NULL,NULL,NULL,308.5200000000,"Hours",206.64669599999996,0.6698,142.58622024,"Oracle",299.480364,0.9707,"Standard","USD",308.52,"Hours","Oracle","Oracle","uk-london-1","UK South (London)","ocid1.instance.oc1.uk-london-1.00d3b95dc19f",NULL,"Instance","Compute","Oracle Compute","OGJXBR968G85X3OI","Oracle Compute Hours",NULL,"LI47CJ7P8ZNGC0LB.R1390MCO","ocid1.compartment.oc1..dev","development","Tenancy","{""business_unit"": ""OsloData""}","us-ashburn-1-AD-1","Usage-Based",NULL,"Virtual Machines",0.6698,142.58622024,0.9707
276.7820538,"123456789012","SunBird","BillingAccount","USD","2024-10-01T00:00:00Z","2024-09-01T00:00:00Z",NULL,NULL,"Usage",NULL,"Amazon Simple Queue Service Queue in US East (N. Virginia)","2024-09-12T00:00:00Z","2024-09-11T23:00:00Z",NULL,NULL,NULL,NULL,NULL,NULL,NULL,233.8500000000,"Requests",337.53909,1.4434,276.7820538,"AWS",444.12792,1.8992,"Standard","USD",233.85,"Requests","AWS","AWS","us-east-1","US East (N. Virginia)","arn:aws:ec2:us-east-1:123456789012:instance/i-00215d6b704f",NULL,"Queue","Integration","Amazon Simple Queue Service","GVQK2LUV3OAG6C75","Amazon Simple Queue Service Requests",NULL,"IV6TLOBIK4L5XKHW.K5JPEHRO","663626350770","Zenith Apollo","BillingAccount","{""business_unit"": ""ViennaAI"", ""owner"": ""a.lovelace""}",NULL,"Usage-Based",NULL,"Messaging",1.4434,276.7820538,1.8992
200.7791994,"123456789012","SunBird","BillingAccount","USD","2024-10-01T00:00:00Z","2024-09-01T00:00:00Z",NULL,NULL,"Usage",NULL,"AWS Lambda Function in Asia Pacific (Sydney)","2024-09-11T00:00:00Z","2024-09-10T23:00:00Z",NULL,NULL,NULL,NULL,NULL,NULL,NULL,219.5700000000,"Requests",308.891076,1.4068,200.7791994,"AWS",401.15439,1.8270,"Dynamic","USD",219.57,"Requests","AWS","AWS","ap-southeast-2","Asia Pacific (Sydney)","arn:aws:ec2:ap-southeast-2:123456789012:instance/i-005dfbc4e544",NULL,"Function","Compute","AWS Lambda","0BWMTZV2SDY8OQ81","AWS Lambda Requests",NULL,"65G1SZKIF54MYBUP.A8EFABC4","438839167390","Zenith Eclipse","BillingAccount",NULL,NULL,"Usage-Based",NULL,"Serverless Compute",1.4068,200.7791994,1.8270
43.2106272,"8a93b2c1-1234-4abc-9def-0123456789ab","Contoso Cloud","BillingProfile","USD","2024-10-01T00:00:00Z","2024-09-01T00:00:00Z",NULL,NULL,"Usage",NULL,"Virtual Machines Virtual Machine in West Europe","2024-09-18T11:00:00Z","2024-09-18T10:00:00Z",NULL,NULL,NULL,NULL,NULL,NULL,NULL,35.3600000000,"Hours",69.69456,1.9710,43.2106272,"Microsoft",95.47200000000001,2.7000,"Standard","USD",35.36,"Hours","Microsoft","Microsoft","westeurope","West Europe","/subscriptions/8a93b2c1-1234-4abc-9def-0123456789ab/resourceGroups/rg-913/providers/Microsoft.Compute/virtualMachines/vm-4718",NULL,"Virtual Machine","Compute","Virtual Machines","MOJK4QSXQWSS4K27","Virtual Machines Hours",NULL,"5LSS23E3TB0Z9Y2Q.IAYHN418","sub-4d3e","Sandbox","BillingProfile",NULL,"uksouth-1","Usage-Based",NULL,"Virtual Machines",1.9710,43.2106272,2.7000
808.31911104,"8a93b2c1-1234-4abc-9def-0123456789ab","Contoso Cloud","BillingProfile","USD","2024-10-01T00:00:00Z","2024-09-01T00:00:00Z",NULL,NULL,"Usage",NULL,"Azure Kubernetes Service Cluster in UK South","2024-09-24T23:00:00Z","2024-09-24T22:00:00Z",NULL,NULL,NULL,NULL,NULL,NULL,NULL,302.5400000000,"Hours",841.9990740000001,2.7831,808.31911104,"Microsoft",1358.0415520000001,4.4888,"Other","USD",302.54,"Hours","Microsoft","Microsoft","uksouth","UK South","/subscriptions/8a93b2c1-1234-4abc-9def-0123456789ab/resourceGroups/rg-631/providers/Microsoft.Compute/virtualMachines/vm-7639",NULL,"Cluster","Compute","Azure Kubernetes Service","U9HX14ECLYKKUGMM","Azure Kubernetes Service Hours",NULL,"U0I6SSO5L8L6QBGK.WIDCQPLC","sub-9a1f","Production","BillingProfile","{""cost_center"": ""CC-3090"", ""application"": ""BrightLensMatrix""}","eastus-1","Usage-Based",NULL,"Containers",2.7831,808.31911104,4.4888
723.6550752,"123456789012","SunBird","BillingAccount","USD","2024-10-01T00:00:00Z","2024-09-01T00:00:00Z",NULL,NULL,"Usage",NULL,"Elastic Load Balancing Load Balancer in US West (Oregon)","2024-09-28T18:00:00Z","2024-09-28T17:00:00Z",NULL,NULL,NULL,NULL,NULL,NULL,NULL,457.1300000000,"LCU-Hours",753.80737,1.6490,723.6550752,"AWS",908.225884,1.9868,"Dynamic","USD",457.13,"LCU-Hours","AWS","AWS","us-west-2","US West (Oregon)","arn:aws:ec2:us-west-2:123456789012:instance/i-00b4555104ef",NULL,"Load Balancer","Networking","Elastic Load Balancing","N4WFN508Q7HTGY5G","Elastic Load Balancing LCU-Hours",NULL,"9SUEJA6R1WP6VFQC.XZ8SWNQD","663626350770","Zenith Apollo","BillingAccount","{""environment"": ""prod""}","eu-west-1c","Usage-Based",NULL,"Application Networking",1.6490,723.6550752,1.9868
158.49696,"123456789012","SunBird","BillingAccount","USD","2024-10-01T00:00:00Z","2024-09-01T00:00:00Z",NULL,NULL,"Usage",NULL,"Amazon Simple Queue Service Queue in Europe (Ireland)","2024-09-24T10:00:00Z","2024-09-24T09:00:00Z","Usage","cd-595553","commit-5553",NULL,"Used","Reserved Instance",NULL,308.6000000000,"Requests",165.10100000000003,0.5350,158.49696,"AWS",253.9778,0.8230,"Committed","USD",308.60,"Requests","AWS","AWS","eu-west-1","Europe (Ireland)","arn:aws:ec2:eu-west-1:123456789012:instance/i-00db2b50e259",NULL,"Queue","Integration","Amazon Simple Queue Service","L4KXRSXUAPA2U8IV","Amazon Simple Queue Service Requests",NULL,"Q142JPY257MA2UF0.M8AZ1LZ4","517389287820","Atlas Nimbus","BillingAccount","{""cost_center"": ""CC-3090"", ""environment"": ""prod""}",NULL,"Usage-Based",NULL,"Messaging",0.5350,158.49696,0.8230
634.6132224,"01ABCD-2345EF-6789GH","Helios Labs","BillingAccount","USD","2024-10-01T00:00:00Z","2024-09-01T00:00:00Z",NULL,NULL,"Usage",NULL,"Compute Engine VM Instance in Iowa","2024-09-09T22:00:00Z","2024-09-09T21:00:00Z","Spend","cd-519393","commit-9393",NULL,"Unused","Savings Plan",NULL,NULL,NULL,893.8214399999999,2.8960,634.6132224,"Google",1117.2768,3.6200,"Standard","USD",308.64,"Hours","Google","Google","us-central1","Iowa","//compute.googleapis.com/projects/Helios Labs/zones/us-central1-a/instances/inst-764",NULL,"VM Instance","Compute","Compute Engine","YVBU7R9TERLI8OUZ","Compute Engine Hours",NULL,"CIIOWEF5T6ZM0P8C.W8QZC4AQ","proj-helios-dev","helios-dev","BillingAccount","{""owner"": ""g.hopper""}",NULL,"Usage-Based",NULL,"Virtual Machines",2.8960,634.6132224,3.6200
358.1145018,"01ABCD-2345EF-6789GH","Helios Labs","BillingAccount","USD","2024-10-01T00:00:00Z","2024-09-01T00:00:00Z",NULL,NULL,"Usage",NULL,"Cloud Load Balancing Forwarding Rule in Iowa","2024-09-17T00:00:00Z","2024-09-16T23:00:00Z",NULL,NULL,NULL,NULL,NULL,NULL,NULL,80.2600000000,"Hours",361.73181999999997,4.5070,358.1145018,"Google",372.920064,4.6464,"Dynamic","USD",80.26,"Hours","Google","Google","us-central1","Iowa","//compute.googleapis.com/projects/Helios Labs/zones/us-central1-a/instances/inst-2679",NULL,"Forwarding Rule","Networking","Cloud Load Balancing","GL0VD785XV6UM448","Cloud Load Balancing Hours",NULL,"6F106CZVEG9692ST.4MLF426U","proj-helios-dev","helios-dev","BillingAccount","{""team"": ""platform"", ""environment"": ""staging""}","asia-southeast1-c","Usage-Based",NULL,"Application Networking",4.5070,358.1145018,4.6464
528.55199892,"01ABCD-2345EF-6789GH","Helios Labs","BillingAccount","USD","2024-10-01T00:00:00Z","2024-09-01T00:00:00Z",NULL,NULL,"Usage","Correction","BigQuery Dataset in Singapore","2024-09-30T03:00:00Z","2024-09-30T02:00:00Z",NULL,NULL,NULL,NULL,NULL,NULL,NULL,260.4600000000,"GiB",714.259458,2.7423,528.55199892,"Google",830.5288019999999,3.1887,"Standard","USD",260.46,"GiB","Google","Google","asia-southeast1","Singapore","//compute.googleapis.com/projects/Helios Labs/zones/asia-southeast1-a/instances/inst-537",NULL,"Dataset","Analytics","BigQuery","K3XTFEU1XJ43DFWY","BigQuery GiB",NULL,"KYZ8F8DXI2JBC9UQ.ZPG1R0CZ","proj-helios-dev","helios-dev","BillingAccount","{""cost_center"": ""CC-2042"", ""business_unit"": ""OsloData""}",NULL,"Usage-Based",NULL,"Data Warehouses",2.7423,528.55199892,3.1887
502.5135808,"ocid1.tenancy.oc1..aaaa1234","Meridian OCI","Tenancy","USD","2024-10-01T00:00:00Z","2024-09-01T00:00:00Z",NULL,NULL,"Usage",NULL,"Oracle Autonomous Database Database in Australia East (Sydney)","2024-09-07T21:00:00Z","2024-09-07T20:00:00Z",NULL,NULL,NULL,NULL,NULL,NULL,NULL,347.2700000000,"Hours",738.99056,2.1280,502.5135808,"Oracle",935.441199,2.6937,"Standard","USD",347.27,"Hours","Oracle","Oracle","ap-sydney-1","Australia East (Sydney)","ocid1.instance.oc1.ap-sydney-1.00999195b303",NULL,"Database","Databases","Oracle Autonomous Database","UK6LAZ11UNQ52FCB","Oracle Autonomous Database Hours",NULL,"BJ8FACBNK0Z0F39A.66ZQTEZJ","ocid1.compartment.oc1..prod","production","Tenancy","{""business_unit"": ""MarseilleSRE""}",NULL,"Usage-Based",NULL,"Relational Databases",2.1280,502.5135808,2.6937
233.23415157,"ocid1.tenancy.oc1..aaaa1234","Meridian OCI","Tenancy","USD","2024-10-01T00:00:00Z","2024-09-01T00:00:00Z",NULL,NULL,"Credit",NULL,"Oracle Functions Function in UK South (London)","2024-09-07T08:00:00Z","2024-09-07T07:00:00Z",NULL,NULL,NULL,NULL,NULL,NULL,NULL,NULL,NULL,370.21293900000006,0.7929,233.23415157,"Oracle",377.77688100000006,0.8091,"Standard","USD",466.91,"Invocations","Oracle","Oracle","uk-london-1","UK South (London)",NULL,NULL,NULL,"Compute","Oracle Functions","XM3UK4E3ZZHYKSIM","Oracle Functions Invocations",NULL,"N7BHD4CH23STZB8O.S9YQH5UA","ocid1.compartment.oc1..prod","production","Tenancy","{""business_unit"": ""MarseilleSRE""}",NULL,"One-Time",NULL,"Serverless Compute",0.7929,233.23415157,0.8091
