"BillingCurrency","ContractCommitmentCategory","ContractCommitmentCost","ContractCommitmentDescription","ContractCommitmentId","ContractCommitmentPeriodEnd","ContractCommitmentPeriodStart","ContractCommitmentQuantity","ContractCommitmentType","ContractCommitmentUnit","ContractId","ContractPeriodEnd","ContractPeriodStart"
"USD","Spend",7364.712142,"ContractCommitmentDescription 9935","contractcommitment-191161","2024-10-01T00:00:00Z","2024-09-01T00:00:00Z",5904.925124,"Reserved Instance","Hours","contract-198246","2024-10-01T00:00:00Z","2024-09-01T00:00:00Z"
"USD","Spend",7160.196129,"ContractCommitmentDescription 9928","contractcommitment-539898","2024-10-01T00:00:00Z","2024-09-01T00:00:00Z",2204.40622,"Committed Use Discount","Hours","contract-948749","2024-10-01T00:00:00Z","2024-09-01T00:00:00Z"
"USD","Spend",2153.137621,"ContractCommitmentDescription 6514","contractcommitment-207175","2024-10-01T00:00:00Z","2024-09-01T00:00:00Z",927.458434,"Reserved Instance","Hours","contract-988662","2024-10-01T00:00:00Z","2024-09-01T00:00:00Z"
"USD","Usage",5362.280915,"ContractCommitmentDescription 7201","contractcommitment-182627","2024-10-01T00:00:00Z","2024-09-01T00:00:00Z",5520.406313,"Committed Use Discount","Hours","contract-705397","2024-10-01T00:00:00Z","2024-09-01T00:00:00Z"
"USD","Spend",8553.17721,"ContractCommitmentDescription 2654","contractcommitment-498591","2024-10-01T00:00:00Z","2024-09-01T00:00:00Z",2779.736031,"Committed Use Discount","Hours","contract-270555","2024-10-01T00:00:00Z","2024-09-01T00:00:00Z"
"USD","Spend",6091.310057,"ContractCommitmentDescription 3803","contractcommitment-660086","2024-10-01T00:00:00Z","2024-09-01T00:00:00Z",7291.26798,"Reserved Instance","Hours","contract-497887","2024-10-01T00:00:00Z","2024-09-01T00:00:00Z"
"USD","Spend",8218.02594,"ContractCommitmentDescription 6168","contractcommitment-520651","2024-10-01T00:00:00Z","2024-09-01T00:00:00Z",2677.40876,"Reserved Instance","Hours","contract-322955","2024-10-01T00:00:00Z","2024-09-01T00:00:00Z"
"USD","Usage",1396.303195,"ContractCommitmentDescription 9830","contractcommitment-375504","2024-10-01T00:00:00Z","2024-09-01T00:00:00Z",7470.138117,"Savings Plan","Hours","contract-479580","2024-10-01T00:00:00Z","2024-09-01T00:00:00Z"
"USD","Spend",8611.029097,"ContractCommitmentDescription 3504","contractcommitment-757924","2024-10-01T00:00:00Z","2024-09-01T00:00:00Z",1599.820017,"Committed Use Discount","Hours","contract-725380","2024-10-01T00:00:00Z","2024-09-01T00:00:00Z"
"USD","Usage",9710.783776,"ContractCommitmentDescription 1188","contractcommitment-813328","2024-10-01T00:00:00Z","2024-09-01T00:00:00Z",7207.218194,"Committed Use Discount","Hours","contract-887352","2024-10-01T00:00:00Z","2024-09-01T00:00:00Z"
"USD","Spend",4537.237063,"ContractCommitmentDescription 5315","contractcommitment-624902","2024-10-01T00:00:00Z","2024-09-01T00:00:00Z",7619.621991,"Committed Use Discount","Hours","contract-755674","2024-10-01T00:00:00Z","2024-09-01T00:00:00Z"
"USD","Usage",7625.108001,"ContractCommitmentDescription 9837","contractcommitment-916449","2024-10-01T00:00:00Z","2024-09-01T00:00:00Z",9224.340806,"Reserved Instance","Hours","contract-612340","2024-10-01T00:00:00Z","2024-09-01T00:00:00Z"
"USD","Spend",2408.715924,"ContractCommitmentDescription 2290","contractcommitment-189814","2024-10-01T00:00:00Z","2024-09-01T00:00:00Z",7319.075948,"Reserved Instance","Hours","contract-903035","2024-10-01T00:00:00Z","2024-09-01T00:00:00Z"
"USD","Spend",2650.566289,"ContractCommitmentDescription 7932","contractcommitment-322086","2024-10-01T00:00:00Z","2024-09-01T00:00:00Z",9289.13493,"Committed Use Discount","Hours","contract-847581","2024-10-01T00:00:00Z","2024-09-01T00:00:00Z"
"USD","Usage",1210.041959,"ContractCommitmentDescription 4681","contractcommitment-167136","2024-10-01T00:00:00Z","2024-09-01T00:00:00Z",3380.855621,"Committed Use Discount","Hours","contract-717024","2024-10-01T00:00:00Z","2024-09-01T00:00:00Z"
"USD","Spend",9054.20013,"ContractCommitmentDescription 6413","contractcommitment-174299","2024-10-01T00:00:00Z","2024-09-01T00:00:00Z",5141.561198,"Savings Plan","Hours","contract-324643","2024-10-01T00:00:00Z","2024-09-01T00:00:00Z"
"USD","Usage",8074.969978,"ContractCommitmentDescription 4119","contractcommitment-198907","2024-10-01T00:00:00Z","2024-09-01T00:00:00Z",969.308142,"Savings Plan","Hours","contract-544154","2024-10-01T00:00:00Z","2024-09-01T00:00:00Z"
"USD","Usage",7282.135884,"ContractCommitmentDescription 2790","contractcommitment-360735","2024-10-01T00:00:00Z","2024-09-01T00:00:00Z",1915.900721,"Committed Use Discount","Hours","contract-246991","2024-10-01T00:00:00Z","2024-09-01T00:00:00Z"
"USD","Spend",4431.307451,"ContractCommitmentDescription 2604","contractcommitment-153045","2024-10-01T00:00:00Z","2024-09-01T00:00:00Z",6521.44894,"Committed Use Discount","Hours","contract-197793","2024-10-01T00:00:00Z","2024-09-01T00:00:00Z"
"USD","Spend",8646.50394,"ContractCommitmentDescription 1960","contractcommitment-272634","2024-10-01T00:00:00Z","2024-09-01T00:00:00Z",3789.73119,"Savings Plan","Hours","contract-922157","2024-10-01T00:00:00Z","2024-09-01T00:00:00Z"
"USD","Usage",1547.968253,"ContractCommitmentDescription 5861","contractcommitment-328275","2024-10-01T00:00:00Z","2024-09-01T00:00:00Z",9687.09365,"Committed Use Discount","Hours","contract-163918","2024-10-01T00:00:00Z","2024-09-01T00:00:00Z"
"USD","Spend",568.795797,"ContractCommitmentDescription 9320","contractcommitment-184002","2024-10-01T00:00:00Z","2024-09-01T00:00:00Z",8513.425453,"Reserved Instance","Hours","contract-808011","2024-10-01T00:00:00Z","2024-09-01T00:00:00Z"
"USD","Spend",6193.815103,"ContractCommitmentDescription 7868","contractcommitment-789305","2024-10-01T00:00:00Z","2024-09-01T00:00:00Z",5836.722893,"Committed Use Discount","Hours","contract-373432","2024-10-01T00:00:00Z","2024-09-01T00:00:00Z"
"USD","Spend",6716.90223,"ContractCommitmentDescription 5915","contractcommitment-579434","2024-10-01T00:00:00Z","2024-09-01T00:00:00Z",3161.771963,"Reserved Instance","Hours","contract-580547","2024-10-01T00:00:00Z","2024-09-01T00:00:00Z"
"USD","Usage",1324.565704,"ContractCommitmentDescription 6718","contractcommitment-172132","2024-10-01T00:00:00Z","2024-09-01T00:00:00Z",8792.702425,"Savings Plan","Hours","contract-265409","2024-10-01T00:00:00Z","2024-09-01T00:00:00Z"
"USD","Spend",6678.632037,"ContractCommitmentDescription 5905","contractcommitment-795613","2024-10-01T00:00:00Z","2024-09-01T00:00:00Z",1035.865019,"Reserved Instance","Hours","contract-221035","2024-10-01T00:00:00Z","2024-09-01T00:00:00Z"
"USD","Spend",7176.121871,"ContractCommitmentDescription 4335","contractcommitment-820892","2024-10-01T00:00:00Z","2024-09-01T00:00:00Z",6342.379589,"Savings Plan","Hours","contract-612262","2024-10-01T00:00:00Z","2024-09-01T00:00:00Z"
"USD","Spend",35.456891,"ContractCommitmentDescription 3143","contractcommitment-768061","2024-10-01T00:00:00Z","2024-09-01T00:00:00Z",9797.979538,"Reserved Instance","Hours","contract-678478","2024-10-01T00:00:00Z","2024-09-01T00:00:00Z"
"USD","Spend",5455.902892,"ContractCommitmentDescription 7049","contractcommitment-710805","2024-10-01T00:00:00Z","2024-09-01T00:00:00Z",5525.250967,"Savings Plan","Hours","contract-143860","2024-10-01T00:00:00Z","2024-09-01T00:00:00Z"
"USD","Spend",6669.334106,"ContractCommitmentDescription 6794","contractcommitment-918011","2024-10-01T00:00:00Z","2024-09-01T00:00:00Z",5598.835191,"Savings Plan","Hours","contract-348237","2024-10-01T00:00:00Z","2024-09-01T00:00:00Z"
"USD","Usage",7823.864961,"ContractCommitmentDescription 7745","contractcommitment-941204","2024-10-01T00:00:00Z","2024-09-01T00:00:00Z",6699.071293,"Committed Use Discount","Hours","contract-379766","2024-10-01T00:00:00Z","2024-09-01T00:00:00Z"
"USD","Spend",1995.7283,"ContractCommitmentDescription 8541","contractcommitment-466643","2024-10-01T00:00:00Z","2024-09-01T00:00:00Z",3051.908673,"Reserved Instance","Hours","contract-124813","2024-10-01T00:00:00Z","2024-09-01T00:00:00Z"
"USD","Usage",3511.461291,"ContractCommitmentDescription 9346","contractcommitment-519093","2024-10-01T00:00:00Z","2024-09-01T00:00:00Z",6795.181184,"Committed Use Discount","Hours","contract-128941","2024-10-01T00:00:00Z","2024-09-01T00:00:00Z"
"USD","Spend",1084.025472,"ContractCommitmentDescription 8119","contractcommitment-462479","2024-10-01T00:00:00Z","2024-09-01T00:00:00Z",7285.450607,"Savings Plan","Hours","contract-735656","2024-10-01T00:00:00Z","2024-09-01T00:00:00Z"
"USD","Spend",7087.852838,"ContractCommitmentDescription 1027","contractcommitment-645175","2024-10-01T00:00:00Z","2024-09-01T00:00:00Z",9255.751655,"Committed Use Discount","Hours","contract-481913","2024-10-01T00:00:00Z","2024-09-01T00:00:00Z"
"USD","Usage",6633.874763,"ContractCommitmentDescription 3041","contractcommitment-854717","2024-10-01T00:00:00Z","2024-09-01T00:00:00Z",9000.468351,"Committed Use Discount","Hours","contract-799287","2024-10-01T00:00:00Z","2024-09-01T00:00:00Z"
"USD","Spend",1918.40093,"ContractCommitmentDescription 7211","contractcommitment-810219","2024-10-01T00:00:00Z","2024-09-01T00:00:00Z",7481.345602,"Reserved Instance","Hours","contract-525800","2024-10-01T00:00:00Z","2024-09-01T00:00:00Z"
"USD","Usage",4649.881902,"ContractCommitmentDescription 8244","contractcommitment-808446","2024-10-01T00:00:00Z","2024-09-01T00:00:00Z",2137.01401,"Savings Plan","Hours","contract-790855","2024-10-01T00:00:00Z","2024-09-01T00:00:00Z"
"USD","Spend",8184.234645,"ContractCommitmentDescription 4848","contractcommitment-805477","2024-10-01T00:00:00Z","2024-09-01T00:00:00Z",3104.194643,"Reserved Instance","Hours","contract-125611","2024-10-01T00:00:00Z","2024-09-01T00:00:00Z"
"USD","Usage",4144.41011,"ContractCommitmentDescription 4185","contractcommitment-853240","2024-10-01T00:00:00Z","2024-09-01T00:00:00Z",6963.542505,"Savings Plan","Hours","contract-355836","2024-10-01T00:00:00Z","2024-09-01T00:00:00Z"
"USD","Spend",8041.098562,"ContractCommitmentDescription 9486","contractcommitment-587115","2024-10-01T00:00:00Z","2024-09-01T00:00:00Z",502.183851,"Reserved Instance","Hours","contract-578634","2024-10-01T00:00:00Z","2024-09-01T00:00:00Z"
"USD","Usage",9500.396084,"ContractCommitmentDescription 8251","contractcommitment-742412","2024-10-01T00:00:00Z","2024-09-01T00:00:00Z",8150.065073,"Committed Use Discount","Hours","contract-970914","2024-10-01T00:00:00Z","2024-09-01T00:00:00Z"
"USD","Spend",8398.628878,"ContractCommitmentDescription 5543","contractcommitment-903013","2024-10-01T00:00:00Z","2024-09-01T00:00:00Z",7776.748353,"Savings Plan","Hours","contract-387936","2024-10-01T00:00:00Z","2024-09-01T00:00:00Z"
"USD","Usage",3197.095684,"ContractCommitmentDescription 9849","contractcommitment-184491","2024-10-01T00:00:00Z","2024-09-01T00:00:00Z",1383.740615,"Reserved Instance","Hours","contract-827659","2024-10-01T00:00:00Z","2024-09-01T00:00:00Z"
"USD","Usage",5426.111405,"ContractCommitmentDescription 7812","contractcommitment-165290","2024-10-01T00:00:00Z","2024-09-01T00:00:00Z",2068.343895,"Savings Plan","Hours","contract-907189","2024-10-01T00:00:00Z","2024-09-01T00:00:00Z"
"USD","Usage",2986.126524,"ContractCommitmentDescription 7389","contractcommitment-994905","2024-10-01T00:00:00Z","2024-09-01T00:00:00Z",8916.41542,"Savings Plan","Hours","contract-883826","2024-10-01T00:00:00Z","2024-09-01T00:00:00Z"
"USD","Usage",290.248199,"ContractCommitmentDescription 6507","contractcommitment-801364","2024-10-01T00:00:00Z","2024-09-01T00:00:00Z",6791.41885,"Savings Plan","Hours","contract-981334","2024-10-01T00:00:00Z","2024-09-01T00:00:00Z"
"USD","Usage",5918.927756,"ContractCommitmentDescription 1444","contractcommitment-188025","2024-10-01T00:00:00Z","2024-09-01T00:00:00Z",6427.49648,"Reserved Instance","Hours","contract-290556","2024-10-01T00:00:00Z","2024-09-01T00:00:00Z"
"USD","Usage",3268.458049,"ContractCommitmentDescription 7211","contractcommitment-391773","2024-10-01T00:00:00Z","2024-09-01T00:00:00Z",7520.098236,"Savings Plan","Hours","contract-975467","2024-10-01T00:00:00Z","2024-09-01T00:00:00Z"
"USD","Usage",2242.221657,"ContractCommitmentDescription 2124","contractcommitment-919182","2024-10-01T00:00:00Z","2024-09-01T00:00:00Z",9572.856028,"Reserved Instance","Hours","contract-359295","2024-10-01T00:00:00Z","2024-09-01T00:00:00Z"
"USD","Spend",4735.610609,"ContractCommitmentDescription 2874","contractcommitment-691364","2024-10-01T00:00:00Z","2024-09-01T00:00:00Z",9477.570222,"Savings Plan","Hours","contract-904150","2024-10-01T00:00:00Z","2024-09-01T00:00:00Z"
"USD","Spend",7777.918862,"ContractCommitmentDescription 3683","contractcommitment-426147","2024-10-01T00:00:00Z","2024-09-01T00:00:00Z",1080.987497,"Reserved Instance","Hours","contract-703766","2024-10-01T00:00:00Z","2024-09-01T00:00:00Z"
"USD","Spend",1019.013054,"ContractCommitmentDescription 5941","contractcommitment-991597","2024-10-01T00:00:00Z","2024-09-01T00:00:00Z",6842.590392,"Reserved Instance","Hours","contract-464069","2024-10-01T00:00:00Z","2024-09-01T00:00:00Z"
"USD","Usage",126.521502,"ContractCommitmentDescription 7882","contractcommitment-962276","2024-10-01T00:00:00Z","2024-09-01T00:00:00Z",4902.01705,"Savings Plan","Hours","contract-766459","2024-10-01T00:00:00Z","2024-09-01T00:00:00Z"
"USD","Usage",6159.123541,"ContractCommitmentDescription 9817","contractcommitment-912270","2024-10-01T00:00:00Z","2024-09-01T00:00:00Z",4834.975039,"Savings Plan","Hours","contract-437960","2024-10-01T00:00:00Z","2024-09-01T00:00:00Z"
"USD","Usage",5698.496447,"ContractCommitmentDescription 7209","contractcommitment-452737","2024-10-01T00:00:00Z","2024-09-01T00:00:00Z",286.999978,"Savings Plan","Hours","contract-611233","2024-10-01T00:00:00Z","2024-09-01T00:00:00Z"
"USD","Usage",5557.910279,"ContractCommitmentDescription 9464","contractcommitment-300337","2024-10-01T00:00:00Z","2024-09-01T00:00:00Z",856.12962,"Committed Use Discount","Hours","contract-612311","2024-10-01T00:00:00Z","2024-09-01T00:00:00Z"
"USD","Spend",930.533506,"ContractCommitmentDescription 4630","contractcommitment-524045","2024-10-01T00:00:00Z","2024-09-01T00:00:00Z",6917.871553,"Savings Plan","Hours","contract-596249","2024-10-01T00:00:00Z","2024-09-01T00:00:00Z"
"USD","Usage",2709.16427,"ContractCommitmentDescription 5118","contractcommitment-341736","2024-10-01T00:00:00Z","2024-09-01T00:00:00Z",1206.558848,"Reserved Instance","Hours","contract-225362","2024-10-01T00:00:00Z","2024-09-01T00:00:00Z"
"USD","Usage",9805.106305,"ContractCommitmentDescription 4180","contractcommitment-410636","2024-10-01T00:00:00Z","2024-09-01T00:00:00Z",2274.831635,"Reserved Instance","Hours","contract-114835","2024-10-01T00:00:00Z","2024-09-01T00:00:00Z"
"USD","Usage",6974.173929,"ContractCommitmentDescription 3068","contractcommitment-768854","2024-10-01T00:00:00Z","2024-09-01T00:00:00Z",8684.611973,"Savings Plan","Hours","contract-112861","2024-10-01T00:00:00Z","2024-09-01T00:00:00Z"
"USD","Spend",9654.976431,"ContractCommitmentDescription 5136","contractcommitment-600935","2024-10-01T00:00:00Z","2024-09-01T00:00:00Z",1140.871407,"Reserved Instance","Hours","contract-615633","2024-10-01T00:00:00Z","2024-09-01T00:00:00Z"
"USD","Spend",8111.420763,"ContractCommitmentDescription 5978","contractcommitment-189318","2024-10-01T00:00:00Z","2024-09-01T00:00:00Z",9939.181227,"Reserved Instance","Hours","contract-735770","2024-10-01T00:00:00Z","2024-09-01T00:00:00Z"
"USD","Usage",8601.666658,"ContractCommitmentDescription 8025","contractcommitment-420214","2024-10-01T00:00:00Z","2024-09-01T00:00:00Z",5686.294706,"Reserved Instance","Hours","contract-899787","2024-10-01T00:00:00Z","2024-09-01T00:00:00Z"
"USD","Spend",1738.135483,"ContractCommitmentDescription 2229","contractcommitment-264136","2024-10-01T00:00:00Z","2024-09-01T00:00:00Z",26.757226,"Savings Plan","Hours","contract-405407","2024-10-01T00:00:00Z","2024-09-01T00:00:00Z"
"USD","Usage",711.797602,"ContractCommitmentDescription 4824","contractcommitment-377405","2024-10-01T00:00:00Z","2024-09-01T00:00:00Z",7878.280266,"Committed Use Discount","Hours","contract-545790","2024-10-01T00:00:00Z","2024-09-01T00:00:00Z"
"USD","Spend",714.098369,"ContractCommitmentDescription 3718","contractcommitment-931131","2024-10-01T00:00:00Z","2024-09-01T00:00:00Z",3076.118126,"Committed Use Discount","Hours","contract-560485","2024-10-01T00:00:00Z","2024-09-01T00:00:00Z"
"USD","Usage",4377.588636,"ContractCommitmentDescription 1653","contractcommitment-553014","2024-10-01T00:00:00Z","2024-09-01T00:00:00Z",7345.339233,"Committed Use Discount","Hours","contract-127121","2024-10-01T00:00:00Z","2024-09-01T00:00:00Z"
"USD","Spend",9995.724169,"ContractCommitmentDescription 5415","contractcommitment-704238","2024-10-01T00:00:00Z","2024-09-01T00:00:00Z",402.316731,"Reserved Instance","Hours","contract-644173","2024-10-01T00:00:00Z","2024-09-01T00:00:00Z"
"USD","Usage",9690.552361,"ContractCommitmentDescription 8700","contractcommitment-464863","2024-10-01T00:00:00Z","2024-09-01T00:00:00Z",4083.480934,"Savings Plan","Hours","contract-999398","2024-10-01T00:00:00Z","2024-09-01T00:00:00Z"
"USD","Usage",8135.660347,"ContractCommitmentDescription 1601","contractcommitment-576919","2024-10-01T00:00:00Z","2024-09-01T00:00:00Z",880.597928,"Savings Plan","Hours","contract-221552","2024-10-01T00:00:00Z","2024-09-01T00:00:00Z"
"USD","Usage",542.040854,"ContractCommitmentDescription 9494","contractcommitment-479353","2024-10-01T00:00:00Z","2024-09-01T00:00:00Z",6226.338726,"Savings Plan","Hours","contract-896907","2024-10-01T00:00:00Z","2024-09-01T00:00:00Z"
"USD","Usage",4381.160951,"ContractCommitmentDescription 8941","contractcommitment-227324","2024-10-01T00:00:00Z","2024-09-01T00:00:00Z",288.694424,"Committed Use Discount","Hours","contract-844261","2024-10-01T00:00:00Z","2024-09-01T00:00:00Z"
"USD","Usage",932.092013,"ContractCommitmentDescription 2858","contractcommitment-583863","2024-10-01T00:00:00Z","2024-09-01T00:00:00Z",9470.607424,"Committed Use Discount","Hours","contract-622584","2024-10-01T00:00:00Z","2024-09-01T00:00:00Z"
"USD","Usage",2437.309061,"ContractCommitmentDescription 3369","contractcommitment-502219","2024-10-01T00:00:00Z","2024-09-01T00:00:00Z",1906.103709,"Committed Use Discount","Hours","contract-882544","2024-10-01T00:00:00Z","2024-09-01T00:00:00Z"
"USD","Usage",8205.494732,"ContractCommitmentDescription 5634","contractcommitment-861319","2024-10-01T00:00:00Z","2024-09-01T00:00:00Z",2985.558498,"Committed Use Discount","Hours","contract-255813","2024-10-01T00:00:00Z","2024-09-01T00:00:00Z"
"USD","Usage",4553.446169,"ContractCommitmentDescription 6272","contractcommitment-297816","2024-10-01T00:00:00Z","2024-09-01T00:00:00Z",9807.746313,"Reserved Instance","Hours","contract-344907","2024-10-01T00:00:00Z","2024-09-01T00:00:00Z"
"USD","Usage",3860.787525,"ContractCommitmentDescription 3492","contractcommitment-619389","2024-10-01T00:00:00Z","2024-09-01T00:00:00Z",9648.244384,"Reserved Instance","Hours","contract-718849","2024-10-01T00:00:00Z","2024-09-01T00:00:00Z"
"USD","Usage",153.475979,"ContractCommitmentDescription 3361","contractcommitment-529893","2024-10-01T00:00:00Z","2024-09-01T00:00:00Z",8709.329713,"Reserved Instance","Hours","contract-592296","2024-10-01T00:00:00Z","2024-09-01T00:00:00Z"
"USD","Spend",8517.652924,"ContractCommitmentDescription 9742","contractcommitment-498468","2024-10-01T00:00:00Z","2024-09-01T00:00:00Z",9541.395926,"Committed Use Discount","Hours","contract-667296","2024-10-01T00:00:00Z","2024-09-01T00:00:00Z"
"USD","Usage",9974.25923,"ContractCommitmentDescription 2480","contractcommitment-555052","2024-10-01T00:00:00Z","2024-09-01T00:00:00Z",9783.377282,"Committed Use Discount","Hours","contract-565230","2024-10-01T00:00:00Z","2024-09-01T00:00:00Z"
"USD","Spend",2933.67776,"ContractCommitmentDescription 7141","contractcommitment-551607","2024-10-01T00:00:00Z","2024-09-01T00:00:00Z",1455.697957,"Committed Use Discount","Hours","contract-693418","2024-10-01T00:00:00Z","2024-09-01T00:00:00Z"
"USD","Usage",6197.103685,"ContractCommitmentDescription 4945","contractcommitment-621841","2024-10-01T00:00:00Z","2024-09-01T00:00:00Z",9128.29016,"Reserved Instance","Hours","contract-583550","2024-10-01T00:00:00Z","2024-09-01T00:00:00Z"
"USD","Usage",6776.108857,"ContractCommitmentDescription 3588","contractcommitment-177449","2024-10-01T00:00:00Z","2024-09-01T00:00:00Z",4417.297836,"Savings Plan","Hours","contract-769975","2024-10-01T00:00:00Z","2024-09-01T00:00:00Z"
"USD","Usage",8533.354587,"ContractCommitmentDescription 2747","contractcommitment-348728","2024-10-01T00:00:00Z","2024-09-01T00:00:00Z",3813.642977,"Savings Plan","Hours","contract-833247","2024-10-01T00:00:00Z","2024-09-01T00:00:00Z"
"USD","Spend",5659.29017,"ContractCommitmentDescription 1803","contractcommitment-735863","2024-10-01T00:00:00Z","2024-09-01T00:00:00Z",7451.721541,"Savings Plan","Hours","contract-736553","2024-10-01T00:00:00Z","2024-09-01T00:00:00Z"
"USD","Usage",6777.644586,"ContractCommitmentDescription 3240","contractcommitment-758765","2024-10-01T00:00:00Z","2024-09-01T00:00:00Z",971.639298,"Committed Use Discount","Hours","contract-423939","2024-10-01T00:00:00Z","2024-09-01T00:00:00Z"
"USD","Spend",901.333757,"ContractCommitmentDescription 5835","contractcommitment-442589","2024-10-01T00:00:00Z","2024-09-01T00:00:00Z",7474.808649,"Reserved Instance","Hours","contract-238579","2024-10-01T00:00:00Z","2024-09-01T00:00:00Z"
"USD","Usage",9140.489535,"ContractCommitmentDescription 8894","contractcommitment-945664","2024-10-01T00:00:00Z","2024-09-01T00:00:00Z",2951.414492,"Savings Plan","Hours","contract-591081","2024-10-01T00:00:00Z","2024-09-01T00:00:00Z"
"USD","Usage",903.028756,"ContractCommitmentDescription 7464","contractcommitment-114594","2024-10-01T00:00:00Z","2024-09-01T00:00:00Z",2644.585784,"Reserved Instance","Hours","contract-486490","2024-10-01T00:00:00Z","2024-09-01T00:00:00Z"
"USD","Spend",4714.76868,"ContractCommitmentDescription 6374","contractcommitment-739717","2024-10-01T00:00:00Z","2024-09-01T00:00:00Z",2213.672001,"Reserved Instance","Hours","contract-835132","2024-10-01T00:00:00Z","2024-09-01T00:00:00Z"
"USD","Spend",3043.645844,"ContractCommitmentDescription 9071","contractcommitment-221761","2024-10-01T00:00:00Z","2024-09-01T00:00:00Z",971.919986,"Committed Use Discount","Hours","contract-507524","2024-10-01T00:00:00Z","2024-09-01T00:00:00Z"
"USD","Spend",8854.137839,"ContractCommitmentDescription 2622","contractcommitment-974190","2024-10-01T00:00:00Z","2024-09-01T00:00:00Z",4893.470378,"Savings Plan","Hours","contract-134305","2024-10-01T00:00:00Z","2024-09-01T00:00:00Z"
"USD","Usage",993.546246,"ContractCommitmentDescription 7018","contractcommitment-670913","2024-10-01T00:00:00Z","2024-09-01T00:00:00Z",9016.962124,"Committed Use Discount","Hours","contract-163491","2024-10-01T00:00:00Z","2024-09-01T00:00:00Z"
"USD","Spend",6627.687381,"ContractCommitmentDescription 1349","contractcommitment-153035","2024-10-01T00:00:00Z","2024-09-01T00:00:00Z",7867.945905,"Reserved Instance","Hours","contract-925206","2024-10-01T00:00:00Z","2024-09-01T00:00:00Z"
"USD","Spend",8130.529811,"ContractCommitmentDescription 4817","contractcommitment-444519","2024-10-01T00:00:00Z","2024-09-01T00:00:00Z",7743.685778,"Committed Use Discount","Hours","contract-390743","2024-10-01T00:00:00Z","2024-09-01T00:00:00Z"
"USD","Spend",6610.576426,"ContractCommitmentDescription 1422","contractcommitment-238205","2024-10-01T00:00:00Z","2024-09-01T00:00:00Z",148.603272,"Reserved Instance","Hours","contract-116547","2024-10-01T00:00:00Z","2024-09-01T00:00:00Z"
"USD","Usage",5260.855266,"ContractCommitmentDescription 2041","contractcommitment-599380","2024-10-01T00:00:00Z","2024-09-01T00:00:00Z",4482.752143,"Savings Plan","Hours","contract-722503","2024-10-01T00:00:00Z","2024-09-01T00:00:00Z"
"USD","Spend",7272.429972,"ContractCommitmentDescription 9543","contractcommitment-416282","2024-10-01T00:00:00Z","2024-09-01T00:00:00Z",4580.425221,"Reserved Instance","Hours","contract-602248","2024-10-01T00:00:00Z","2024-09-01T00:00:00Z"
"USD","Usage",734.907158,"ContractCommitmentDescription 2323","contractcommitment-437758","2024-10-01T00:00:00Z","2024-09-01T00:00:00Z",6082.974236,"Reserved Instance","Hours","contract-388375","2024-10-01T00:00:00Z","2024-09-01T00:00:00Z"
"USD","Usage",5055.510745,"ContractCommitmentDescription 8048","contractcommitment-203996","2024-10-01T00:00:00Z","2024-09-01T00:00:00Z",7930.960931,"Reserved Instance","Hours","contract-550961","2024-10-01T00:00:00Z","2024-09-01T00:00:00Z"
"USD","Usage",4159.896503,"ContractCommitmentDescription 2557","contractcommitment-427730","2024-10-01T00:00:00Z","2024-09-01T00:00:00Z",4267.640063,"Committed Use Discount","Hours","contract-492483","2024-10-01T00:00:00Z","2024-09-01T00:00:00Z"
"USD","Spend",4318.765186,"ContractCommitmentDescription 7105","contractcommitment-951201","2024-10-01T00:00:00Z","2024-09-01T00:00:00Z",1301.154536,"Reserved Instance","Hours","contract-802559","2024-10-01T00:00:00Z","2024-09-01T00:00:00Z"
"USD","Spend",9683.986253,"ContractCommitmentDescription 6119","contractcommitment-468727","2024-10-01T00:00:00Z","2024-09-01T00:00:00Z",1036.005659,"Committed Use Discount","Hours","contract-262246","2024-10-01T00:00:00Z","2024-09-01T00:00:00Z"
"USD","Usage",1148.853135,"ContractCommitmentDescription 5564","contractcommitment-701987","2024-10-01T00:00:00Z","2024-09-01T00:00:00Z",2261.590943,"Savings Plan","Hours","contract-738577","2024-10-01T00:00:00Z","2024-09-01T00:00:00Z"
"USD","Usage",9215.37521,"ContractCommitmentDescription 6751","contractcommitment-106402","2024-10-01T00:00:00Z","2024-09-01T00:00:00Z",1814.055582,"Reserved Instance","Hours","contract-172965","2024-10-01T00:00:00Z","2024-09-01T00:00:00Z"
"USD","Usage",4198.324938,"ContractCommitmentDescription 6585","contractcommitment-265055","2024-10-01T00:00:00Z","2024-09-01T00:00:00Z",3700.530925,"Committed Use Discount","Hours","contract-914571","2024-10-01T00:00:00Z","2024-09-01T00:00:00Z"
"USD","Spend",6739.687106,"ContractCommitmentDescription 5458","contractcommitment-564637","2024-10-01T00:00:00Z","2024-09-01T00:00:00Z",6619.386928,"Savings Plan","Hours","contract-534303","2024-10-01T00:00:00Z","2024-09-01T00:00:00Z"
"USD","Usage",1108.897722,"ContractCommitmentDescription 8972","contractcommitment-652530","2024-10-01T00:00:00Z","2024-09-01T00:00:00Z",6671.325587,"Reserved Instance","Hours","contract-514463","2024-10-01T00:00:00Z","2024-09-01T00:00:00Z"
"USD","Spend",7641.608958,"ContractCommitmentDescription 5742","contractcommitment-444061","2024-10-01T00:00:00Z","2024-09-01T00:00:00Z",1199.843437,"Savings Plan","Hours","contract-284229","2024-10-01T00:00:00Z","2024-09-01T00:00:00Z"
"USD","Usage",720.754966,"ContractCommitmentDescription 1693","contractcommitment-557409","2024-10-01T00:00:00Z","2024-09-01T00:00:00Z",187.415366,"Reserved Instance","Hours","contract-703727","2024-10-01T00:00:00Z","2024-09-01T00:00:00Z"
"USD","Spend",4050.323071,"ContractCommitmentDescription 6321","contractcommitment-280222","2024-10-01T00:00:00Z","2024-09-01T00:00:00Z",8013.221543,"Committed Use Discount","Hours","contract-972442","2024-10-01T00:00:00Z","2024-09-01T00:00:00Z"
"USD","Usage",5888.712883,"ContractCommitmentDescription 9584","contractcommitment-182467","2024-10-01T00:00:00Z","2024-09-01T00:00:00Z",3957.666969,"Savings Plan","Hours","contract-332335","2024-10-01T00:00:00Z","2024-09-01T00:00:00Z"
"USD","Spend",5306.048208,"ContractCommitmentDescription 4176","contractcommitment-913934","2024-10-01T00:00:00Z","2024-09-01T00:00:00Z",3493.752655,"Committed Use Discount","Hours","contract-347745","2024-10-01T00:00:00Z","2024-09-01T00:00:00Z"
"USD","Spend",7602.152955,"ContractCommitmentDescription 2234","contractcommitment-285751","2024-10-01T00:00:00Z","2024-09-01T00:00:00Z",9512.921406,"Committed Use Discount","Hours","contract-586490","2024-10-01T00:00:00Z","2024-09-01T00:00:00Z"
"USD","Usage",1509.574014,"ContractCommitmentDescription 2118","contractcommitment-591699","2024-10-01T00:00:00Z","2024-09-01T00:00:00Z",4422.080638,"Savings Plan","Hours","contract-720148","2024-10-01T00:00:00Z","2024-09-01T00:00:00Z"
"USD","Usage",4519.138637,"ContractCommitmentDescription 1932","contractcommitment-486649","2024-10-01T00:00:00Z","2024-09-01T00:00:00Z",8316.966317,"Reserved Instance","Hours","contract-744883","2024-10-01T00:00:00Z","2024-09-01T00:00:00Z"
"USD","Spend",4497.337037,"ContractCommitmentDescription 4084","contractcommitment-437145","2024-10-01T00:00:00Z","2024-09-01T00:00:00Z",6050.058341,"Committed Use Discount","Hours","contract-164879","2024-10-01T00:00:00Z","2024-09-01T00:00:00Z"
"USD","Spend",391.421262,"ContractCommitmentDescription 8172","contractcommitment-560767","2024-10-01T00:00:00Z","2024-09-01T00:00:00Z",5240.685532,"Committed Use Discount","Hours","contract-481574","2024-10-01T00:00:00Z","2024-09-01T00:00:00Z"
"USD","Spend",7892.269316,"ContractCommitmentDescription 6482","contractcommitment-169113","2024-10-01T00:00:00Z","2024-09-01T00:00:00Z",3296.907551,"Committed Use Discount","Hours","contract-397949","2024-10-01T00:00:00Z","2024-09-01T00:00:00Z"
"USD","Spend",9167.464551,"ContractCommitmentDescription 6082","contractcommitment-787923","2024-10-01T00:00:00Z","2024-09-01T00:00:00Z",6984.799628,"Savings Plan","Hours","contract-723945","2024-10-01T00:00:00Z","2024-09-01T00:00:00Z"
"USD","Usage",8131.847838,"ContractCommitmentDescription 9624","contractcommitment-197992","2024-10-01T00:00:00Z","2024-09-01T00:00:00Z",6460.248207,"Savings Plan","Hours","contract-479404","2024-10-01T00:00:00Z","2024-09-01T00:00:00Z"
"USD","Usage",9476.682675,"ContractCommitmentDescription 8967","contractcommitment-301332","2024-10-01T00:00:00Z","2024-09-01T00:00:00Z",2265.430465,"Reserved Instance","Hours","contract-180913","2024-10-01T00:00:00Z","2024-09-01T00:00:00Z"
"USD","Spend",6619.292374,"ContractCommitmentDescription 3147","contractcommitment-726258","2024-10-01T00:00:00Z","2024-09-01T00:00:00Z",3767.198708,"Reserved Instance","Hours","contract-971728","2024-10-01T00:00:00Z","2024-09-01T00:00:00Z"
"USD","Spend",9695.886034,"ContractCommitmentDescription 5668","contractcommitment-888939","2024-10-01T00:00:00Z","2024-09-01T00:00:00Z",7485.365181,"Savings Plan","Hours","contract-659951","2024-10-01T00:00:00Z","2024-09-01T00:00:00Z"
"USD","Usage",4616.799784,"ContractCommitmentDescription 5616","contractcommitment-915922","2024-10-01T00:00:00Z","2024-09-01T00:00:00Z",3818.724342,"Committed Use Discount","Hours","contract-269930","2024-10-01T00:00:00Z","2024-09-01T00:00:00Z"
"USD","Usage",8741.169451,"ContractCommitmentDescription 2680","contractcommitment-845957","2024-10-01T00:00:00Z","2024-09-01T00:00:00Z",8458.922767,"Reserved Instance","Hours","contract-187949","2024-10-01T00:00:00Z","2024-09-01T00:00:00Z"
"USD","Usage",917.135697,"ContractCommitmentDescription 4637","contractcommitment-956375","2024-10-01T00:00:00Z","2024-09-01T00:00:00Z",4511.279902,"Savings Plan","Hours","contract-535050","2024-10-01T00:00:00Z","2024-09-01T00:00:00Z"
"USD","Usage",9945.253512,"ContractCommitmentDescription 7142","contractcommitment-335445","2024-10-01T00:00:00Z","2024-09-01T00:00:00Z",281.875455,"Reserved Instance","Hours","contract-929822","2024-10-01T00:00:00Z","2024-09-01T00:00:00Z"
"USD","Spend",7588.411548,"ContractCommitmentDescription 8685","contractcommitment-570392","2024-10-01T00:00:00Z","2024-09-01T00:00:00Z",6153.482572,"Reserved Instance","Hours","contract-368355","2024-10-01T00:00:00Z","2024-09-01T00:00:00Z"
"USD","Usage",1111.868603,"ContractCommitmentDescription 5720","contractcommitment-349183","2024-10-01T00:00:00Z","2024-09-01T00:00:00Z",3011.511946,"Reserved Instance","Hours","contract-540218","2024-10-01T00:00:00Z","2024-09-01T00:00:00Z"
"USD","Spend",6319.54942,"ContractCommitmentDescription 4963","contractcommitment-853448","2024-10-01T00:00:00Z","2024-09-01T00:00:00Z",1435.768402,"Savings Plan","Hours","contract-744674","2024-10-01T00:00:00Z","2024-09-01T00:00:00Z"
"USD","Spend",5234.845577,"ContractCommitmentDescription 6908","contractcommitment-170966","2024-10-01T00:00:00Z","2024-09-01T00:00:00Z",9534.03678,"Committed Use Discount","Hours","contract-924613","2024-10-01T00:00:00Z","2024-09-01T00:00:00Z"
"USD","Usage",9810.394226,"ContractCommitmentDescription 5155","contractcommitment-883618","2024-10-01T00:00:00Z","2024-09-01T00:00:00Z",162.422311,"Reserved Instance","Hours","contract-352838","2024-10-01T00:00:00Z","2024-09-01T00:00:00Z"
"USD","Usage",5460.137452,"ContractCommitmentDescription 3868","contractcommitment-970720","2024-10-01T00:00:00Z","2024-09-01T00:00:00Z",7791.425935,"Savings Plan","Hours","contract-762423","2024-10-01T00:00:00Z","2024-09-01T00:00:00Z"
"USD","Usage",2015.909928,"ContractCommitmentDescription 4268","contractcommitment-143941","2024-10-01T00:00:00Z","2024-09-01T00:00:00Z",3155.9582,"Savings Plan","Hours","contract-517568","2024-10-01T00:00:00Z","2024-09-01T00:00:00Z"
"USD","Usage",8621.385305,"ContractCommitmentDescription 1783","contractcommitment-787584","2024-10-01T00:00:00Z","2024-09-01T00:00:00Z",3319.246864,"Reserved Instance","Hours","contract-558176","2024-10-01T00:00:00Z","2024-09-01T00:00:00Z"
"USD","Usage",6920.684911,"ContractCommitmentDescription 7018","contractcommitment-936020","2024-10-01T00:00:00Z","2024-09-01T00:00:00Z",5192.758535,"Reserved Instance","Hours","contract-182760","2024-10-01T00:00:00Z","2024-09-01T00:00:00Z"
"USD","Usage",1025.979078,"ContractCommitmentDescription 6372","contractcommitment-793024","2024-10-01T00:00:00Z","2024-09-01T00:00:00Z",2956.399493,"Savings Plan","Hours","contract-274739","2024-10-01T00:00:00Z","2024-09-01T00:00:00Z"
"USD","Usage",6148.514822,"ContractCommitmentDescription 8126","contractcommitment-387892","2024-10-01T00:00:00Z","2024-09-01T00:00:00Z",6394.693105,"Reserved Instance","Hours","contract-803787","2024-10-01T00:00:00Z","2024-09-01T00:00:00Z"
"USD","Spend",8486.6931,"ContractCommitmentDescription 8179","contractcommitment-136489","2024-10-01T00:00:00Z","2024-09-01T00:00:00Z",1262.300243,"Reserved Instance","Hours","contract-479742","2024-10-01T00:00:00Z","2024-09-01T00:00:00Z"
"USD","Usage",9488.235293,"ContractCommitmentDescription 7095","contractcommitment-565504","2024-10-01T00:00:00Z","2024-09-01T00:00:00Z",7630.844718,"Committed Use Discount","Hours","contract-655178","2024-10-01T00:00:00Z","2024-09-01T00:00:00Z"
"USD","Spend",259.133409,"ContractCommitmentDescription 4048","contractcommitment-623285","2024-10-01T00:00:00Z","2024-09-01T00:00:00Z",5177.452742,"Committed Use Discount","Hours","contract-374492","2024-10-01T00:00:00Z","2024-09-01T00:00:00Z"
"USD","Usage",2001.78341,"ContractCommitmentDescription 3223","contractcommitment-994253","2024-10-01T00:00:00Z","2024-09-01T00:00:00Z",740.520392,"Reserved Instance","Hours","contract-192055","2024-10-01T00:00:00Z","2024-09-01T00:00:00Z"
"USD","Usage",8913.316824,"ContractCommitmentDescription 3580","contractcommitment-846385","2024-10-01T00:00:00Z","2024-09-01T00:00:00Z",7095.637912,"Committed Use Discount","Hours","contract-932250","2024-10-01T00:00:00Z","2024-09-01T00:00:00Z"
"USD","Spend",2367.361843,"ContractCommitmentDescription 9094","contractcommitment-127560","2024-10-01T00:00:00Z","2024-09-01T00:00:00Z",3608.965244,"Committed Use Discount","Hours","contract-590110","2024-10-01T00:00:00Z","2024-09-01T00:00:00Z"
"USD","Usage",9995.950439,"ContractCommitmentDescription 8842","contractcommitment-651231","2024-10-01T00:00:00Z","2024-09-01T00:00:00Z",4107.951207,"Savings Plan","Hours","contract-231414","2024-10-01T00:00:00Z","2024-09-01T00:00:00Z"
"USD","Usage",1283.346107,"ContractCommitmentDescription 3981","contractcommitment-905077","2024-10-01T00:00:00Z","2024-09-01T00:00:00Z",9662.646139,"Savings Plan","Hours","contract-158104","2024-10-01T00:00:00Z","2024-09-01T00:00:00Z"
"USD","Spend",3226.607512,"ContractCommitmentDescription 4694","contractcommitment-462831","2024-10-01T00:00:00Z","2024-09-01T00:00:00Z",9474.831368,"Committed Use Discount","Hours","contract-987025","2024-10-01T00:00:00Z","2024-09-01T00:00:00Z"
"USD","Spend",6250.223614,"ContractCommitmentDescription 9740","contractcommitment-197966","2024-10-01T00:00:00Z","2024-09-01T00:00:00Z",5025.731447,"Reserved Instance","Hours","contract-279516","2024-10-01T00:00:00Z","2024-09-01T00:00:00Z"
"USD","Spend",9485.46854,"ContractCommitmentDescription 5336","contractcommitment-782759","2024-10-01T00:00:00Z","2024-09-01T00:00:00Z",2108.083797,"Committed Use Discount","Hours","contract-748133","2024-10-01T00:00:00Z","2024-09-01T00:00:00Z"
"USD","Usage",4829.448182,"ContractCommitmentDescription 7653","contractcommitment-411882","2024-10-01T00:00:00Z","2024-09-01T00:00:00Z",4535.44133,"Committed Use Discount","Hours","contract-265759","2024-10-01T00:00:00Z","2024-09-01T00:00:00Z"
"USD","Usage",6066.602628,"ContractCommitmentDescription 6121","contractcommitment-853258","2024-10-01T00:00:00Z","2024-09-01T00:00:00Z",3193.163926,"Savings Plan","Hours","contract-237118","2024-10-01T00:00:00Z","2024-09-01T00:00:00Z"
"USD","Spend",4664.72567,"ContractCommitmentDescription 5382","contractcommitment-571435","2024-10-01T00:00:00Z","2024-09-01T00:00:00Z",2479.188825,"Reserved Instance","Hours","contract-404309","2024-10-01T00:00:00Z","2024-09-01T00:00:00Z"
"USD","Usage",9337.515352,"ContractCommitmentDescription 6123","contractcommitment-299055","2024-10-01T00:00:00Z","2024-09-01T00:00:00Z",7631.213751,"Savings Plan","Hours","contract-589491","2024-10-01T00:00:00Z","2024-09-01T00:00:00Z"
"USD","Usage",5054.44463,"ContractCommitmentDescription 4944","contractcommitment-325595","2024-10-01T00:00:00Z","2024-09-01T00:00:00Z",5833.44112,"Reserved Instance","Hours","contract-395023","2024-10-01T00:00:00Z","2024-09-01T00:00:00Z"
"USD","Spend",8471.723654,"ContractCommitmentDescription 8060","contractcommitment-240440","2024-10-01T00:00:00Z","2024-09-01T00:00:00Z",8824.557309,"Committed Use Discount","Hours","contract-900961","2024-10-01T00:00:00Z","2024-09-01T00:00:00Z"
"USD","Spend",3625.237759,"ContractCommitmentDescription 5728","contractcommitment-177103","2024-10-01T00:00:00Z","2024-09-01T00:00:00Z",3863.48825,"Savings Plan","Hours","contract-965401","2024-10-01T00:00:00Z","2024-09-01T00:00:00Z"
"USD","Usage",5578.318383,"ContractCommitmentDescription 6990","contractcommitment-891638","2024-10-01T00:00:00Z","2024-09-01T00:00:00Z",1442.673594,"Committed Use Discount","Hours","contract-520884","2024-10-01T00:00:00Z","2024-09-01T00:00:00Z"
"USD","Usage",8039.658552,"ContractCommitmentDescription 9508","contractcommitment-579187","2024-10-01T00:00:00Z","2024-09-01T00:00:00Z",1489.406646,"Committed Use Discount","Hours","contract-443897","2024-10-01T00:00:00Z","2024-09-01T00:00:00Z"
"USD","Usage",5937.246556,"ContractCommitmentDescription 9311","contractcommitment-968524","2024-10-01T00:00:00Z","2024-09-01T00:00:00Z",5097.141008,"Savings Plan","Hours","contract-597960","2024-10-01T00:00:00Z","2024-09-01T00:00:00Z"
"USD","Usage",7967.548139,"ContractCommitmentDescription 1436","contractcommitment-725905","2024-10-01T00:00:00Z","2024-09-01T00:00:00Z",4745.902141,"Committed Use Discount","Hours","contract-856442","2024-10-01T00:00:00Z","2024-09-01T00:00:00Z"
"USD","Usage",1477.757083,"ContractCommitmentDescription 4968","contractcommitment-133104","2024-10-01T00:00:00Z","2024-09-01T00:00:00Z",5725.702714,"Committed Use Discount","Hours","contract-300051","2024-10-01T00:00:00Z","2024-09-01T00:00:00Z"
"USD","Usage",6905.002609,"ContractCommitmentDescription 7723","contractcommitment-626195","2024-10-01T00:00:00Z","2024-09-01T00:00:00Z",7749.723018,"Savings Plan","Hours","contract-840058","2024-10-01T00:00:00Z","2024-09-01T00:00:00Z"
"USD","Usage",5254.771514,"ContractCommitmentDescription 6140","contractcommitment-281594","2024-10-01T00:00:00Z","2024-09-01T00:00:00Z",4596.63532,"Committed Use Discount","Hours","contract-672808","2024-10-01T00:00:00Z","2024-09-01T00:00:00Z"
"USD","Spend",2790.063959,"ContractCommitmentDescription 5890","contractcommitment-335790","2024-10-01T00:00:00Z","2024-09-01T00:00:00Z",9414.855463,"Savings Plan","Hours","contract-839142","2024-10-01T00:00:00Z","2024-09-01T00:00:00Z"
"USD","Usage",2877.893755,"ContractCommitmentDescription 9899","contractcommitment-498138","2024-10-01T00:00:00Z","2024-09-01T00:00:00Z",8957.604615,"Savings Plan","Hours","contract-910616","2024-10-01T00:00:00Z","2024-09-01T00:00:00Z"
"USD","Spend",3463.635141,"ContractCommitmentDescription 8247","contractcommitment-787836","2024-10-01T00:00:00Z","2024-09-01T00:00:00Z",2564.439755,"Savings Plan","Hours","contract-311883","2024-10-01T00:00:00Z","2024-09-01T00:00:00Z"
"USD","Spend",2424.580384,"ContractCommitmentDescription 9700","contractcommitment-336633","2024-10-01T00:00:00Z","2024-09-01T00:00:00Z",6379.445734,"Reserved Instance","Hours","contract-533377","2024-10-01T00:00:00Z","2024-09-01T00:00:00Z"
"USD","Spend",4069.074515,"ContractCommitmentDescription 8793","contractcommitment-600641","2024-10-01T00:00:00Z","2024-09-01T00:00:00Z",6505.386919,"Savings Plan","Hours","contract-399279","2024-10-01T00:00:00Z","2024-09-01T00:00:00Z"
"USD","Spend",9132.297257,"ContractCommitmentDescription 3868","contractcommitment-538184","2024-10-01T00:00:00Z","2024-09-01T00:00:00Z",8822.449732,"Reserved Instance","Hours","contract-976822","2024-10-01T00:00:00Z","2024-09-01T00:00:00Z"
"USD","Spend",2983.922107,"ContractCommitmentDescription 2758","contractcommitment-451317","2024-10-01T00:00:00Z","2024-09-01T00:00:00Z",2845.616524,"Committed Use Discount","Hours","contract-649787","2024-10-01T00:00:00Z","2024-09-01T00:00:00Z"
"USD","Spend",8088.138782,"ContractCommitmentDescription 6417","contractcommitment-270387","2024-10-01T00:00:00Z","2024-09-01T00:00:00Z",7311.192338,"Committed Use Discount","Hours","contract-853504","2024-10-01T00:00:00Z","2024-09-01T00:00:00Z"
"USD","Spend",1754.949138,"ContractCommitmentDescription 7643","contractcommitment-967161","2024-10-01T00:00:00Z","2024-09-01T00:00:00Z",4277.032503,"Savings Plan","Hours","contract-520304","2024-10-01T00:00:00Z","2024-09-01T00:00:00Z"
"USD","Spend",68.301205,"ContractCommitmentDescription 7284","contractcommitment-346961","2024-10-01T00:00:00Z","2024-09-01T00:00:00Z",4467.355218,"Savings Plan","Hours","contract-416613","2024-10-01T00:00:00Z","2024-09-01T00:00:00Z"
"USD","Spend",621.243318,"ContractCommitmentDescription 2936","contractcommitment-588002","2024-10-01T00:00:00Z","2024-09-01T00:00:00Z",3068.06342,"Savings Plan","Hours","contract-837733","2024-10-01T00:00:00Z","2024-09-01T00:00:00Z"
"USD","Spend",2191.286009,"ContractCommitmentDescription 3188","contractcommitment-601410","2024-10-01T00:00:00Z","2024-09-01T00:00:00Z",1531.855647,"Committed Use Discount","Hours","contract-536045","2024-10-01T00:00:00Z","2024-09-01T00:00:00Z"
"USD","Spend",5255.066562,"ContractCommitmentDescription 9653","contractcommitment-837952","2024-10-01T00:00:00Z","2024-09-01T00:00:00Z",3617.848685,"Committed Use Discount","Hours","contract-164758","2024-10-01T00:00:00Z","2024-09-01T00:00:00Z"
"USD","Usage",8544.860074,"ContractCommitmentDescription 8239","contractcommitment-221886","2024-10-01T00:00:00Z","2024-09-01T00:00:00Z",6802.952379,"Committed Use Discount","Hours","contract-195359","2024-10-01T00:00:00Z","2024-09-01T00:00:00Z"
"USD","Usage",4567.984757,"ContractCommitmentDescription 1945","contractcommitment-685941","2024-10-01T00:00:00Z","2024-09-01T00:00:00Z",4623.783057,"Savings Plan","Hours","contract-515182","2024-10-01T00:00:00Z","2024-09-01T00:00:00Z"
"USD","Spend",4236.973848,"ContractCommitmentDescription 2044","contractcommitment-667451","2024-10-01T00:00:00Z","2024-09-01T00:00:00Z",9941.236605,"Reserved Instance","Hours","contract-133276","2024-10-01T00:00:00Z","2024-09-01T00:00:00Z"
"USD","Usage",3744.609206,"ContractCommitmentDescription 7266","contractcommitment-570325","2024-10-01T00:00:00Z","2024-09-01T00:00:00Z",8696.202853,"Savings Plan","Hours","contract-184148","2024-10-01T00:00:00Z","2024-09-01T00:00:00Z"
"USD","Usage",5288.425395,"ContractCommitmentDescription 4648","contractcommitment-975373","2024-10-01T00:00:00Z","2024-09-01T00:00:00Z",34.732949,"Reserved Instance","Hours","contract-585494","2024-10-01T00:00:00Z","2024-09-01T00:00:00Z"
"USD","Usage",3461.59735,"ContractCommitmentDescription 5516","contractcommitment-297636","2024-10-01T00:00:00Z","2024-09-01T00:00:00Z",9374.103611,"Committed Use Discount","Hours","contract-133782","2024-10-01T00:00:00Z","2024-09-01T00:00:00Z"
"USD","Spend",1008.967131,"ContractCommitmentDescription 1550","contractcommitment-568127","2024-10-01T00:00:00Z","2024-09-01T00:00:00Z",5977.848967,"Committed Use Discount","Hours","contract-356622","2024-10-01T00:00:00Z","2024-09-01T00:00:00Z"
"USD","Spend",7543.857087,"ContractCommitmentDescription 1924","contractcommitment-246942","2024-10-01T00:00:00Z","2024-09-01T00:00:00Z",5038.958489,"Savings Plan","Hours","contract-955413","2024-10-01T00:00:00Z","2024-09-01T00:00:00Z"
"USD","Usage",8762.583222,"ContractCommitmentDescription 9540","contractcommitment-331780","2024-10-01T00:00:00Z","2024-09-01T00:00:00Z",4135.602064,"Savings Plan","Hours","contract-683761","2024-10-01T00:00:00Z","2024-09-01T00:00:00Z"
"USD","Usage",9415.864098,"ContractCommitmentDescription 7244","contractcommitment-923975","2024-10-01T00:00:00Z","2024-09-01T00:00:00Z",5244.630599,"Committed Use Discount","Hours","contract-528090","2024-10-01T00:00:00Z","2024-09-01T00:00:00Z"
"USD","Usage",2409.68189,"ContractCommitmentDescription 4692","contractcommitment-415344","2024-10-01T00:00:00Z","2024-09-01T00:00:00Z",8575.412386,"Reserved Instance","Hours","contract-160423","2024-10-01T00:00:00Z","2024-09-01T00:00:00Z"
"USD","Usage",2428.585161,"ContractCommitmentDescription 4331","contractcommitment-446305","2024-10-01T00:00:00Z","2024-09-01T00:00:00Z",6467.058515,"Savings Plan","Hours","contract-196955","2024-10-01T00:00:00Z","2024-09-01T00:00:00Z"
"USD","Spend",8736.204585,"ContractCommitmentDescription 4082","contractcommitment-943737","2024-10-01T00:00:00Z","2024-09-01T00:00:00Z",7616.964175,"Committed Use Discount","Hours","contract-602681","2024-10-01T00:00:00Z","2024-09-01T00:00:00Z"
"USD","Spend",9620.775561,"ContractCommitmentDescription 2922","contractcommitment-883159","2024-10-01T00:00:00Z","2024-09-01T00:00:00Z",9995.72007,"Savings Plan","Hours","contract-829417","2024-10-01T00:00:00Z","2024-09-01T00:00:00Z"
"USD","Usage",3806.617444,"ContractCommitmentDescription 9743","contractcommitment-780233","2024-10-01T00:00:00Z","2024-09-01T00:00:00Z",3592.595556,"Savings Plan","Hours","contract-637727","2024-10-01T00:00:00Z","2024-09-01T00:00:00Z"
"USD","Spend",3707.049214,"ContractCommitmentDescription 7781","contractcommitment-147936","2024-10-01T00:00:00Z","2024-09-01T00:00:00Z",5625.247275,"Reserved Instance","Hours","contract-117007","2024-10-01T00:00:00Z","2024-09-01T00:00:00Z"
"USD","Usage",2951.922875,"ContractCommitmentDescription 4214","contractcommitment-445888","2024-10-01T00:00:00Z","2024-09-01T00:00:00Z",2300.18626,"Committed Use Discount","Hours","contract-623555","2024-10-01T00:00:00Z","2024-09-01T00:00:00Z"
"USD","Spend",7327.72237,"ContractCommitmentDescription 6770","contractcommitment-277487","2024-10-01T00:00:00Z","2024-09-01T00:00:00Z",1399.585286,"Committed Use Discount","Hours","contract-292988","2024-10-01T00:00:00Z","2024-09-01T00:00:00Z"
"USD","Spend",7643.388436,"ContractCommitmentDescription 7756","contractcommitment-244170","2024-10-01T00:00:00Z","2024-09-01T00:00:00Z",8425.447168,"Reserved Instance","Hours","contract-841521","2024-10-01T00:00:00Z","2024-09-01T00:00:00Z"
"USD","Usage",604.501189,"ContractCommitmentDescription 8916","contractcommitment-791309","2024-10-01T00:00:00Z","2024-09-01T00:00:00Z",4878.54384,"Reserved Instance","Hours","contract-678440","2024-10-01T00:00:00Z","2024-09-01T00:00:00Z"
"USD","Usage",5357.381029,"ContractCommitmentDescription 5697","contractcommitment-117975","2024-10-01T00:00:00Z","2024-09-01T00:00:00Z",5022.160322,"Committed Use Discount","Hours","contract-945328","2024-10-01T00:00:00Z","2024-09-01T00:00:00Z"
"USD","Spend",1919.32057,"ContractCommitmentDescription 9625","contractcommitment-364679","2024-10-01T00:00:00Z","2024-09-01T00:00:00Z",8152.143907,"Savings Plan","Hours","contract-182857","2024-10-01T00:00:00Z","2024-09-01T00:00:00Z"
"USD","Spend",2999.746403,"ContractCommitmentDescription 2320","contractcommitment-785491","2024-10-01T00:00:00Z","2024-09-01T00:00:00Z",9916.747053,"Committed Use Discount","Hours","contract-198042","2024-10-01T00:00:00Z","2024-09-01T00:00:00Z"
"USD","Spend",6367.480756,"ContractCommitmentDescription 3807","contractcommitment-186702","2024-10-01T00:00:00Z","2024-09-01T00:00:00Z",4998.583931,"Savings Plan","Hours","contract-693343","2024-10-01T00:00:00Z","2024-09-01T00:00:00Z"
"USD","Usage",2710.950527,"ContractCommitmentDescription 2218","contractcommitment-817675","2024-10-01T00:00:00Z","2024-09-01T00:00:00Z",9255.848101,"Committed Use Discount","Hours","contract-288066","2024-10-01T00:00:00Z","2024-09-01T00:00:00Z"
"USD","Usage",9288.749403,"ContractCommitmentDescription 5903","contractcommitment-270341","2024-10-01T00:00:00Z","2024-09-01T00:00:00Z",5639.581996,"Committed Use Discount","Hours","contract-809922","2024-10-01T00:00:00Z","2024-09-01T00:00:00Z"
"USD","Usage",536.964319,"ContractCommitmentDescription 8161","contractcommitment-343420","2024-10-01T00:00:00Z","2024-09-01T00:00:00Z",8386.746576,"Savings Plan","Hours","contract-911131","2024-10-01T00:00:00Z","2024-09-01T00:00:00Z"
"USD","Usage",2281.383899,"ContractCommitmentDescription 7150","contractcommitment-552825","2024-10-01T00:00:00Z","2024-09-01T00:00:00Z",1857.378459,"Committed Use Discount","Hours","contract-189856","2024-10-01T00:00:00Z","2024-09-01T00:00:00Z"
"USD","Spend",3799.999931,"ContractCommitmentDescription 3527","contractcommitment-875584","2024-10-01T00:00:00Z","2024-09-01T00:00:00Z",3896.219754,"Savings Plan","Hours","contract-195966","2024-10-01T00:00:00Z","2024-09-01T00:00:00Z"
"USD","Spend",1325.070045,"ContractCommitmentDescription 4070","contractcommitment-551914","2024-10-01T00:00:00Z","2024-09-01T00:00:00Z",4488.43677,"Committed Use Discount","Hours","contract-527865","2024-10-01T00:00:00Z","2024-09-01T00:00:00Z"
"USD","Spend",5969.245553,"ContractCommitmentDescription 6315","contractcommitment-503951","2024-10-01T00:00:00Z","2024-09-01T00:00:00Z",123.406149,"Savings Plan","Hours","contract-917018","2024-10-01T00:00:00Z","2024-09-01T00:00:00Z"
"USD","Spend",6853.159918,"ContractCommitmentDescription 3777","contractcommitment-245584","2024-10-01T00:00:00Z","2024-09-01T00:00:00Z",2689.189635,"Savings Plan","Hours","contract-253023","2024-10-01T00:00:00Z","2024-09-01T00:00:00Z"
"USD","Usage",4842.313139,"ContractCommitmentDescription 2260","contractcommitment-478666","2024-10-01T00:00:00Z","2024-09-01T00:00:00Z",2516.997378,"Reserved Instance","Hours","contract-722651","2024-10-01T00:00:00Z","2024-09-01T00:00:00Z"
"USD","Spend",9488.234624,"ContractCommitmentDescription 6443","contractcommitment-982495","2024-10-01T00:00:00Z","2024-09-01T00:00:00Z",6201.921879,"Savings Plan","Hours","contract-450996","2024-10-01T00:00:00Z","2024-09-01T00:00:00Z"
"USD","Spend",4790.097424,"ContractCommitmentDescription 3910","contractcommitment-517584","2024-10-01T00:00:00Z","2024-09-01T00:00:00Z",9687.252217,"Savings Plan","Hours","contract-703853","2024-10-01T00:00:00Z","2024-09-01T00:00:00Z"
"USD","Usage",1138.878236,"ContractCommitmentDescription 4273","contractcommitment-720995","2024-10-01T00:00:00Z","2024-09-01T00:00:00Z",9972.649257,"Reserved Instance","Hours","contract-862538","2024-10-01T00:00:00Z","2024-09-01T00:00:00Z"
"USD","Spend",8189.65568,"ContractCommitmentDescription 7703","contractcommitment-805668","2024-10-01T00:00:00Z","2024-09-01T00:00:00Z",4993.032153,"Committed Use Discount","Hours","contract-353777","2024-10-01T00:00:00Z","2024-09-01T00:00:00Z"
"USD","Usage",9907.006144,"ContractCommitmentDescription 8851","contractcommitment-710527","2024-10-01T00:00:00Z","2024-09-01T00:00:00Z",4008.050973,"Committed Use Discount","Hours","contract-670053","2024-10-01T00:00:00Z","2024-09-01T00:00:00Z"
"USD","Spend",1093.694252,"ContractCommitmentDescription 5067","contractcommitment-789545","2024-10-01T00:00:00Z","2024-09-01T00:00:00Z",6646.938872,"Reserved Instance","Hours","contract-690579","2024-10-01T00:00:00Z","2024-09-01T00:00:00Z"
"USD","Spend",2587.383704,"ContractCommitmentDescription 9366","contractcommitment-883132","2024-10-01T00:00:00Z","2024-09-01T00:00:00Z",5187.977668,"Committed Use Discount","Hours","contract-567432","2024-10-01T00:00:00Z","2024-09-01T00:00:00Z"
"USD","Spend",3449.673876,"ContractCommitmentDescription 1402","contractcommitment-606222","2024-10-01T00:00:00Z","2024-09-01T00:00:00Z",1045.49358,"Savings Plan","Hours","contract-221707","2024-10-01T00:00:00Z","2024-09-01T00:00:00Z"
"USD","Spend",5211.148298,"ContractCommitmentDescription 6706","contractcommitment-599292","2024-10-01T00:00:00Z","2024-09-01T00:00:00Z",976.230311,"Committed Use Discount","Hours","contract-434400","2024-10-01T00:00:00Z","2024-09-01T00:00:00Z"
"USD","Usage",6479.699173,"ContractCommitmentDescription 3692","contractcommitment-876459","2024-10-01T00:00:00Z","2024-09-01T00:00:00Z",2439.129466,"Reserved Instance","Hours","contract-447067","2024-10-01T00:00:00Z","2024-09-01T00:00:00Z"
"USD","Spend",1863.869253,"ContractCommitmentDescription 8080","contractcommitment-514798","2024-10-01T00:00:00Z","2024-09-01T00:00:00Z",291.922743,"Committed Use Discount","Hours","contract-571413","2024-10-01T00:00:00Z","2024-09-01T00:00:00Z"
"USD","Usage",7523.254954,"ContractCommitmentDescription 2025","contractcommitment-705393","2024-10-01T00:00:00Z","2024-09-01T00:00:00Z",1017.520487,"Committed Use Discount","Hours","contract-483561","2024-10-01T00:00:00Z","2024-09-01T00:00:00Z"
"USD","Usage",5277.150196,"ContractCommitmentDescription 6134","contractcommitment-725969","2024-10-01T00:00:00Z","2024-09-01T00:00:00Z",3886.392609,"Savings Plan","Hours","contract-464825","2024-10-01T00:00:00Z","2024-09-01T00:00:00Z"
"USD","Usage",9186.825798,"ContractCommitmentDescription 2388","contractcommitment-804758","2024-10-01T00:00:00Z","2024-09-01T00:00:00Z",1339.477697,"Reserved Instance","Hours","contract-420214","2024-10-01T00:00:00Z","2024-09-01T00:00:00Z"
"USD","Usage",4182.391062,"ContractCommitmentDescription 3258","contractcommitment-702727","2024-10-01T00:00:00Z","2024-09-01T00:00:00Z",3837.099628,"Reserved Instance","Hours","contract-766371","2024-10-01T00:00:00Z","2024-09-01T00:00:00Z"
"USD","Spend",1870.9858,"ContractCommitmentDescription 8389","contractcommitment-749498","2024-10-01T00:00:00Z","2024-09-01T00:00:00Z",536.112626,"Savings Plan","Hours","contract-608149","2024-10-01T00:00:00Z","2024-09-01T00:00:00Z"
"USD","Usage",4091.343484,"ContractCommitmentDescription 9056","contractcommitment-535820","2024-10-01T00:00:00Z","2024-09-01T00:00:00Z",7101.423728,"Savings Plan","Hours","contract-275377","2024-10-01T00:00:00Z","2024-09-01T00:00:00Z"
"USD","Spend",2748.529183,"ContractCommitmentDescription 9808","contractcommitment-402692","2024-10-01T00:00:00Z","2024-09-01T00:00:00Z",1682.089774,"Savings Plan","Hours","contract-676429","2024-10-01T00:00:00Z","2024-09-01T00:00:00Z"
"USD","Usage",5420.433791,"ContractCommitmentDescription 1681","contractcommitment-896922","2024-10-01T00:00:00Z","2024-09-01T00:00:00Z",7189.802411,"Committed Use Discount","Hours","contract-545807","2024-10-01T00:00:00Z","2024-09-01T00:00:00Z"
"USD","Usage",3485.769768,"ContractCommitmentDescription 2425","contractcommitment-560398","2024-10-01T00:00:00Z","2024-09-01T00:00:00Z",8652.904704,"Reserved Instance","Hours","contract-320073","2024-10-01T00:00:00Z","2024-09-01T00:00:00Z"
"USD","Spend",7848.4931,"ContractCommitmentDescription 4390","contractcommitment-944565","2024-10-01T00:00:00Z","2024-09-01T00:00:00Z",593.578336,"Savings Plan","Hours","contract-394739","2024-10-01T00:00:00Z","2024-09-01T00:00:00Z"
"USD","Usage",9523.973454,"ContractCommitmentDescription 9428","contractcommitment-812296","2024-10-01T00:00:00Z","2024-09-01T00:00:00Z",8151.809059,"Reserved Instance","Hours","contract-162165","2024-10-01T00:00:00Z","2024-09-01T00:00:00Z"
"USD","Usage",8284.818027,"ContractCommitmentDescription 7434","contractcommitment-613234","2024-10-01T00:00:00Z","2024-09-01T00:00:00Z",1421.716331,"Committed Use Discount","Hours","contract-758309","2024-10-01T00:00:00Z","2024-09-01T00:00:00Z"
"USD","Spend",4028.507733,"ContractCommitmentDescription 5558","contractcommitment-828449","2024-10-01T00:00:00Z","2024-09-01T00:00:00Z",9363.361141,"Savings Plan","Hours","contract-611751","2024-10-01T00:00:00Z","2024-09-01T00:00:00Z"
"USD","Usage",6348.405455,"ContractCommitmentDescription 6869","contractcommitment-991401","2024-10-01T00:00:00Z","2024-09-01T00:00:00Z",633.306861,"Committed Use Discount","Hours","contract-328411","2024-10-01T00:00:00Z","2024-09-01T00:00:00Z"
"USD","Usage",3377.551552,"ContractCommitmentDescription 3139","contractcommitment-693643","2024-10-01T00:00:00Z","2024-09-01T00:00:00Z",8524.225763,"Savings Plan","Hours","contract-148174","2024-10-01T00:00:00Z","2024-09-01T00:00:00Z"
"USD","Usage",4565.18136,"ContractCommitmentDescription 8009","contractcommitment-312146","2024-10-01T00:00:00Z","2024-09-01T00:00:00Z",9956.940687,"Reserved Instance","Hours","contract-266699","2024-10-01T00:00:00Z","2024-09-01T00:00:00Z"
"USD","Spend",3718.437676,"ContractCommitmentDescription 3711","contractcommitment-154302","2024-10-01T00:00:00Z","2024-09-01T00:00:00Z",3963.415669,"Savings Plan","Hours","contract-550081","2024-10-01T00:00:00Z","2024-09-01T00:00:00Z"
"USD","Spend",1326.99792,"ContractCommitmentDescription 4705","contractcommitment-644676","2024-10-01T00:00:00Z","2024-09-01T00:00:00Z",6799.827251,"Reserved Instance","Hours","contract-829386","2024-10-01T00:00:00Z","2024-09-01T00:00:00Z"
"USD","Spend",2289.468675,"ContractCommitmentDescription 2463","contractcommitment-866260","2024-10-01T00:00:00Z","2024-09-01T00:00:00Z",8059.568338,"Reserved Instance","Hours","contract-485416","2024-10-01T00:00:00Z","2024-09-01T00:00:00Z"
"USD","Spend",684.116075,"ContractCommitmentDescription 1138","contractcommitment-739966","2024-10-01T00:00:00Z","2024-09-01T00:00:00Z",6500.202132,"Savings Plan","Hours","contract-857524","2024-10-01T00:00:00Z","2024-09-01T00:00:00Z"
"USD","Usage",8599.625246,"ContractCommitmentDescription 2420","contractcommitment-205345","2024-10-01T00:00:00Z","2024-09-01T00:00:00Z",1400.131416,"Reserved Instance","Hours","contract-468611","2024-10-01T00:00:00Z","2024-09-01T00:00:00Z"
"USD","Spend",2481.670272,"ContractCommitmentDescription 5668","contractcommitment-916808","2024-10-01T00:00:00Z","2024-09-01T00:00:00Z",9412.792451,"Reserved Instance","Hours","contract-315425","2024-10-01T00:00:00Z","2024-09-01T00:00:00Z"
"USD","Usage",3858.855748,"ContractCommitmentDescription 4949","contractcommitment-623850","2024-10-01T00:00:00Z","2024-09-01T00:00:00Z",6380.823299,"Reserved Instance","Hours","contract-112653","2024-10-01T00:00:00Z","2024-09-01T00:00:00Z"
"USD","Usage",3654.124628,"ContractCommitmentDescription 3830","contractcommitment-899776","2024-10-01T00:00:00Z","2024-09-01T00:00:00Z",4710.14626,"Reserved Instance","Hours","contract-715895","2024-10-01T00:00:00Z","2024-09-01T00:00:00Z"
"USD","Spend",9486.799969,"ContractCommitmentDescription 7520","contractcommitment-631219","2024-10-01T00:00:00Z","2024-09-01T00:00:00Z",2864.878001,"Committed Use Discount","Hours","contract-904373","2024-10-01T00:00:00Z","2024-09-01T00:00:00Z"
"USD","Spend",2774.677357,"ContractCommitmentDescription 6077","contractcommitment-182860","2024-10-01T00:00:00Z","2024-09-01T00:00:00Z",5113.046983,"Reserved Instance","Hours","contract-662445","2024-10-01T00:00:00Z","2024-09-01T00:00:00Z"
"USD","Usage",7299.583774,"ContractCommitmentDescription 4909","contractcommitment-160718","2024-10-01T00:00:00Z","2024-09-01T00:00:00Z",2444.797537,"Savings Plan","Hours","contract-575394","2024-10-01T00:00:00Z","2024-09-01T00:00:00Z"
"USD","Spend",7079.006071,"ContractCommitmentDescription 1185","contractcommitment-271790","2024-10-01T00:00:00Z","2024-09-01T00:00:00Z",4964.129325,"Savings Plan","Hours","contract-642347","2024-10-01T00:00:00Z","2024-09-01T00:00:00Z"
"USD","Usage",7329.358376,"ContractCommitmentDescription 2934","contractcommitment-908903","2024-10-01T00:00:00Z","2024-09-01T00:00:00Z",8998.974266,"Savings Plan","Hours","contract-385192","2024-10-01T00:00:00Z","2024-09-01T00:00:00Z"
"USD","Usage",5107.818794,"ContractCommitmentDescription 1908","contractcommitment-623879","2024-10-01T00:00:00Z","2024-09-01T00:00:00Z",8593.597827,"Reserved Instance","Hours","contract-264951","2024-10-01T00:00:00Z","2024-09-01T00:00:00Z"
"USD","Spend",440.379073,"ContractCommitmentDescription 1201","contractcommitment-356430","2024-10-01T00:00:00Z","2024-09-01T00:00:00Z",459.815299,"Savings Plan","Hours","contract-257375","2024-10-01T00:00:00Z","2024-09-01T00:00:00Z"
"USD","Usage",2482.631834,"ContractCommitmentDescription 6241","contractcommitment-384434","2024-10-01T00:00:00Z","2024-09-01T00:00:00Z",8259.969956,"Committed Use Discount","Hours","contract-225200","2024-10-01T00:00:00Z","2024-09-01T00:00:00Z"
"USD","Usage",689.264378,"ContractCommitmentDescription 8620","contractcommitment-396020","2024-10-01T00:00:00Z","2024-09-01T00:00:00Z",7735.274795,"Savings Plan","Hours","contract-190581","2024-10-01T00:00:00Z","2024-09-01T00:00:00Z"
"USD","Usage",7395.759867,"ContractCommitmentDescription 4974","contractcommitment-586462","2024-10-01T00:00:00Z","2024-09-01T00:00:00Z",3682.736277,"Savings Plan","Hours","contract-868043","2024-10-01T00:00:00Z","2024-09-01T00:00:00Z"
"USD","Spend",5415.451999,"ContractCommitmentDescription 1157","contractcommitment-451291","2024-10-01T00:00:00Z","2024-09-01T00:00:00Z",14.620405,"Committed Use Discount","Hours","contract-990247","2024-10-01T00:00:00Z","2024-09-01T00:00:00Z"
"USD","Usage",4920.288768,"ContractCommitmentDescription 1981","contractcommitment-249289","2024-10-01T00:00:00Z","2024-09-01T00:00:00Z",7116.524747,"Reserved Instance","Hours","contract-342716","2024-10-01T00:00:00Z","2024-09-01T00:00:00Z"
"USD","Spend",5054.277639,"ContractCommitmentDescription 7461","contractcommitment-178465","2024-10-01T00:00:00Z","2024-09-01T00:00:00Z",5918.957633,"Reserved Instance","Hours","contract-794622","2024-10-01T00:00:00Z","2024-09-01T00:00:00Z"
"USD","Usage",7007.256063,"ContractCommitmentDescription 6345","contractcommitment-433507","2024-10-01T00:00:00Z","2024-09-01T00:00:00Z",4527.578523,"Reserved Instance","Hours","contract-312559","2024-10-01T00:00:00Z","2024-09-01T00:00:00Z"
"USD","Spend",4495.667477,"ContractCommitmentDescription 6145","contractcommitment-526259","2024-10-01T00:00:00Z","2024-09-01T00:00:00Z",1207.367371,"Savings Plan","Hours","contract-573869","2024-10-01T00:00:00Z","2024-09-01T00:00:00Z"
"USD","Spend",8075.969047,"ContractCommitmentDescription 5984","contractcommitment-966529","2024-10-01T00:00:00Z","2024-09-01T00:00:00Z",7047.04804,"Committed Use Discount","Hours","contract-325465","2024-10-01T00:00:00Z","2024-09-01T00:00:00Z"
"USD","Usage",5134.596754,"ContractCommitmentDescription 5896","contractcommitment-372804","2024-10-01T00:00:00Z","2024-09-01T00:00:00Z",8200.896158,"Reserved Instance","Hours","contract-524035","2024-10-01T00:00:00Z","2024-09-01T00:00:00Z"
"USD","Usage",1019.073487,"ContractCommitmentDescription 3290","contractcommitment-227352","2024-10-01T00:00:00Z","2024-09-01T00:00:00Z",119.569232,"Reserved Instance","Hours","contract-307757","2024-10-01T00:00:00Z","2024-09-01T00:00:00Z"
"USD","Usage",9174.285815,"ContractCommitmentDescription 2228","contractcommitment-122859","2024-10-01T00:00:00Z","2024-09-01T00:00:00Z",9971.614261,"Reserved Instance","Hours","contract-948611","2024-10-01T00:00:00Z","2024-09-01T00:00:00Z"
"USD","Usage",506.377009,"ContractCommitmentDescription 8096","contractcommitment-961599","2024-10-01T00:00:00Z","2024-09-01T00:00:00Z",7244.308471,"Savings Plan","Hours","contract-501320","2024-10-01T00:00:00Z","2024-09-01T00:00:00Z"
"USD","Usage",2798.545543,"ContractCommitmentDescription 3435","contractcommitment-136332","2024-10-01T00:00:00Z","2024-09-01T00:00:00Z",6141.065778,"Committed Use Discount","Hours","contract-778720","2024-10-01T00:00:00Z","2024-09-01T00:00:00Z"
"USD","Spend",877.215511,"ContractCommitmentDescription 7275","contractcommitment-243902","2024-10-01T00:00:00Z","2024-09-01T00:00:00Z",4192.348212,"Committed Use Discount","Hours","contract-361250","2024-10-01T00:00:00Z","2024-09-01T00:00:00Z"
"USD","Usage",3440.341198,"ContractCommitmentDescription 9231","contractcommitment-437226","2024-10-01T00:00:00Z","2024-09-01T00:00:00Z",3883.812746,"Reserved Instance","Hours","contract-434367","2024-10-01T00:00:00Z","2024-09-01T00:00:00Z"
"USD","Usage",7668.421685,"ContractCommitmentDescription 4813","contractcommitment-267378","2024-10-01T00:00:00Z","2024-09-01T00:00:00Z",1001.343373,"Committed Use Discount","Hours","contract-379473","2024-10-01T00:00:00Z","2024-09-01T00:00:00Z"
"USD","Spend",1761.003676,"ContractCommitmentDescription 6210","contractcommitment-945372","2024-10-01T00:00:00Z","2024-09-01T00:00:00Z",7381.051011,"Savings Plan","Hours","contract-837623","2024-10-01T00:00:00Z","2024-09-01T00:00:00Z"
"USD","Spend",8366.968407,"ContractCommitmentDescription 9064","contractcommitment-668458","2024-10-01T00:00:00Z","2024-09-01T00:00:00Z",3090.530722,"Savings Plan","Hours","contract-194641","2024-10-01T00:00:00Z","2024-09-01T00:00:00Z"
"USD","Usage",6.834964,"ContractCommitmentDescription 4300","contractcommitment-945619","2024-10-01T00:00:00Z","2024-09-01T00:00:00Z",1304.895456,"Committed Use Discount","Hours","contract-941403","2024-10-01T00:00:00Z","2024-09-01T00:00:00Z"
"USD","Spend",7743.664988,"ContractCommitmentDescription 9622","contractcommitment-482614","2024-10-01T00:00:00Z","2024-09-01T00:00:00Z",9605.587503,"Savings Plan","Hours","contract-714483","2024-10-01T00:00:00Z","2024-09-01T00:00:00Z"
"USD","Spend",7323.520254,"ContractCommitmentDescription 8157","contractcommitment-930307","2024-10-01T00:00:00Z","2024-09-01T00:00:00Z",6392.659915,"Savings Plan","Hours","contract-282664","2024-10-01T00:00:00Z","2024-09-01T00:00:00Z"
"USD","Usage",3068.232293,"ContractCommitmentDescription 5825","contractcommitment-233534","2024-10-01T00:00:00Z","2024-09-01T00:00:00Z",1777.082885,"Reserved Instance","Hours","contract-992083","2024-10-01T00:00:00Z","2024-09-01T00:00:00Z"
"USD","Spend",6396.467728,"ContractCommitmentDescription 2705","contractcommitment-620287","2024-10-01T00:00:00Z","2024-09-01T00:00:00Z",1406.433681,"Committed Use Discount","Hours","contract-349556","2024-10-01T00:00:00Z","2024-09-01T00:00:00Z"
"USD","Usage",4466.299341,"ContractCommitmentDescription 5345","contractcommitment-319869","2024-10-01T00:00:00Z","2024-09-01T00:00:00Z",2495.408631,"Reserved Instance","Hours","contract-369125","2024-10-01T00:00:00Z","2024-09-01T00:00:00Z"
"USD","Usage",9691.018251,"ContractCommitmentDescription 7783","contractcommitment-617033","2024-10-01T00:00:00Z","2024-09-01T00:00:00Z",8817.706583,"Savings Plan","Hours","contract-493580","2024-10-01T00:00:00Z","2024-09-01T00:00:00Z"
"USD","Usage",737.093896,"ContractCommitmentDescription 1547","contractcommitment-409234","2024-10-01T00:00:00Z","2024-09-01T00:00:00Z",200.779983,"Savings Plan","Hours","contract-177804","2024-10-01T00:00:00Z","2024-09-01T00:00:00Z"
"USD","Spend",5470.462586,"ContractCommitmentDescription 2525","contractcommitment-454366","2024-10-01T00:00:00Z","2024-09-01T00:00:00Z",5940.305441,"Committed Use Discount","Hours","contract-838726","2024-10-01T00:00:00Z","2024-09-01T00:00:00Z"
"USD","Usage",1571.037773,"ContractCommitmentDescription 2659","contractcommitment-447177","2024-10-01T00:00:00Z","2024-09-01T00:00:00Z",2055.504767,"Reserved Instance","Hours","contract-831063","2024-10-01T00:00:00Z","2024-09-01T00:00:00Z"
"USD","Spend",3929.022146,"ContractCommitmentDescription 9043","contractcommitment-261050","2024-10-01T00:00:00Z","2024-09-01T00:00:00Z",545.048517,"Reserved Instance","Hours","contract-191884","2024-10-01T00:00:00Z","2024-09-01T00:00:00Z"
"USD","Spend",2069.529829,"ContractCommitmentDescription 5781","contractcommitment-185916","2024-10-01T00:00:00Z","2024-09-01T00:00:00Z",4735.706511,"Reserved Instance","Hours","contract-923002","2024-10-01T00:00:00Z","2024-09-01T00:00:00Z"
"USD","Usage",1848.812205,"ContractCommitmentDescription 7249","contractcommitment-487345","2024-10-01T00:00:00Z","2024-09-01T00:00:00Z",1865.829412,"Reserved Instance","Hours","contract-561101","2024-10-01T00:00:00Z","2024-09-01T00:00:00Z"
"USD","Spend",1511.306744,"ContractCommitmentDescription 2584","contractcommitment-189870","2024-10-01T00:00:00Z","2024-09-01T00:00:00Z",6681.411739,"Committed Use Discount","Hours","contract-893202","2024-10-01T00:00:00Z","2024-09-01T00:00:00Z"
"USD","Usage",9656.277041,"ContractCommitmentDescription 8779","contractcommitment-700534","2024-10-01T00:00:00Z","2024-09-01T00:00:00Z",8816.538694,"Savings Plan","Hours","contract-182790","2024-10-01T00:00:00Z","2024-09-01T00:00:00Z"
"USD","Spend",1202.818748,"ContractCommitmentDescription 8357","contractcommitment-281276","2024-10-01T00:00:00Z","2024-09-01T00:00:00Z",9490.61483,"Reserved Instance","Hours","contract-947732","2024-10-01T00:00:00Z","2024-09-01T00:00:00Z"
"USD","Usage",2019.1928,"ContractCommitmentDescription 3422","contractcommitment-974625","2024-10-01T00:00:00Z","2024-09-01T00:00:00Z",5950.476546,"Savings Plan","Hours","contract-191254","2024-10-01T00:00:00Z","2024-09-01T00:00:00Z"
"USD","Usage",5196.881775,"ContractCommitmentDescription 1202","contractcommitment-924758","2024-10-01T00:00:00Z","2024-09-01T00:00:00Z",7004.121216,"Committed Use Discount","Hours","contract-919656","2024-10-01T00:00:00Z","2024-09-01T00:00:00Z"
"USD","Spend",9249.281668,"ContractCommitmentDescription 2654","contractcommitment-923914","2024-10-01T00:00:00Z","2024-09-01T00:00:00Z",2860.92854,"Committed Use Discount","Hours","contract-530849","2024-10-01T00:00:00Z","2024-09-01T00:00:00Z"
"USD","Usage",374.656705,"ContractCommitmentDescription 5512","contractcommitment-522548","2024-10-01T00:00:00Z","2024-09-01T00:00:00Z",1438.526706,"Committed Use Discount","Hours","contract-140666","2024-10-01T00:00:00Z","2024-09-01T00:00:00Z"
"USD","Usage",9208.349829,"ContractCommitmentDescription 7102","contractcommitment-121215","2024-10-01T00:00:00Z","2024-09-01T00:00:00Z",3378.660814,"Savings Plan","Hours","contract-393964","2024-10-01T00:00:00Z","2024-09-01T00:00:00Z"
"USD","Usage",7740.309002,"ContractCommitmentDescription 6257","contractcommitment-382507","2024-10-01T00:00:00Z","2024-09-01T00:00:00Z",7287.994133,"Committed Use Discount","Hours","contract-297064","2024-10-01T00:00:00Z","2024-09-01T00:00:00Z"
"USD","Usage",8210.173924,"ContractCommitmentDescription 9442","contractcommitment-929937","2024-10-01T00:00:00Z","2024-09-01T00:00:00Z",1589.724426,"Savings Plan","Hours","contract-522979","2024-10-01T00:00:00Z","2024-09-01T00:00:00Z"
"USD","Spend",8751.805561,"ContractCommitmentDescription 4288","contractcommitment-977633","2024-10-01T00:00:00Z","2024-09-01T00:00:00Z",576.275159,"Reserved Instance","Hours","contract-153015","2024-10-01T00:00:00Z","2024-09-01T00:00:00Z"
"USD","Usage",6354.098091,"ContractCommitmentDescription 3029","contractcommitment-814263","2024-10-01T00:00:00Z","2024-09-01T00:00:00Z",305.631924,"Savings Plan","Hours","contract-722899","2024-10-01T00:00:00Z","2024-09-01T00:00:00Z"
"USD","Usage",3442.490039,"ContractCommitmentDescription 5237","contractcommitment-885342","2024-10-01T00:00:00Z","2024-09-01T00:00:00Z",8308.702014,"Reserved Instance","Hours","contract-128783","2024-10-01T00:00:00Z","2024-09-01T00:00:00Z"
"USD","Spend",6473.798918,"ContractCommitmentDescription 4387","contractcommitment-382154","2024-10-01T00:00:00Z","2024-09-01T00:00:00Z",6515.873329,"Committed Use Discount","Hours","contract-918207","2024-10-01T00:00:00Z","2024-09-01T00:00:00Z"
"USD","Spend",2237.700317,"ContractCommitmentDescription 6004","contractcommitment-847362","2024-10-01T00:00:00Z","2024-09-01T00:00:00Z",9670.244434,"Committed Use Discount","Hours","contract-544393","2024-10-01T00:00:00Z","2024-09-01T00:00:00Z"
"USD","Usage",3021.450913,"ContractCommitmentDescription 9530","contractcommitment-964352","2024-10-01T00:00:00Z","2024-09-01T00:00:00Z",6236.060962,"Committed Use Discount","Hours","contract-107704","2024-10-01T00:00:00Z","2024-09-01T00:00:00Z"
"USD","Usage",2984.759263,"ContractCommitmentDescription 2771","contractcommitment-605139","2024-10-01T00:00:00Z","2024-09-01T00:00:00Z",638.370539,"Savings Plan","Hours","contract-390334","2024-10-01T00:00:00Z","2024-09-01T00:00:00Z"
"USD","Spend",8996.870447,"ContractCommitmentDescription 7620","contractcommitment-792616","2024-10-01T00:00:00Z","2024-09-01T00:00:00Z",3195.857382,"Reserved Instance","Hours","contract-787237","2024-10-01T00:00:00Z","2024-09-01T00:00:00Z"
"USD","Usage",7367.320957,"ContractCommitmentDescription 4111","contractcommitment-459836","2024-10-01T00:00:00Z","2024-09-01T00:00:00Z",7265.498766,"Reserved Instance","Hours","contract-769320","2024-10-01T00:00:00Z","2024-09-01T00:00:00Z"
"USD","Spend",2937.840529,"ContractCommitmentDescription 8713","contractcommitment-234159","2024-10-01T00:00:00Z","2024-09-01T00:00:00Z",7409.188916,"Committed Use Discount","Hours","contract-812730","2024-10-01T00:00:00Z","2024-09-01T00:00:00Z"
"USD","Usage",4204.725682,"ContractCommitmentDescription 6428","contractcommitment-489737","2024-10-01T00:00:00Z","2024-09-01T00:00:00Z",2605.592354,"Savings Plan","Hours","contract-992562","2024-10-01T00:00:00Z","2024-09-01T00:00:00Z"
"USD","Spend",4722.196824,"ContractCommitmentDescription 4187","contractcommitment-624788","2024-10-01T00:00:00Z","2024-09-01T00:00:00Z",1198.159372,"Committed Use Discount","Hours","contract-655575","2024-10-01T00:00:00Z","2024-09-01T00:00:00Z"
"USD","Spend",3426.698849,"ContractCommitmentDescription 8496","contractcommitment-250181","2024-10-01T00:00:00Z","2024-09-01T00:00:00Z",3163.834576,"Committed Use Discount","Hours","contract-916779","2024-10-01T00:00:00Z","2024-09-01T00:00:00Z"
"USD","Spend",47.135014,"ContractCommitmentDescription 5481","contractcommitment-319553","2024-10-01T00:00:00Z","2024-09-01T00:00:00Z",7611.932812,"Reserved Instance","Hours","contract-613358","2024-10-01T00:00:00Z","2024-09-01T00:00:00Z"
"USD","Usage",4033.934804,"ContractCommitmentDescription 8821","contractcommitment-501936","2024-10-01T00:00:00Z","2024-09-01T00:00:00Z",46.691376,"Committed Use Discount","Hours","contract-866151","2024-10-01T00:00:00Z","2024-09-01T00:00:00Z"
"USD","Spend",6767.481417,"ContractCommitmentDescription 5076","contractcommitment-337256","2024-10-01T00:00:00Z","2024-09-01T00:00:00Z",6935.247472,"Savings Plan","Hours","contract-235193","2024-10-01T00:00:00Z","2024-09-01T00:00:00Z"
"USD","Spend",652.870225,"ContractCommitmentDescription 1749","contractcommitment-412687","2024-10-01T00:00:00Z","2024-09-01T00:00:00Z",9484.633751,"Savings Plan","Hours","contract-725339","2024-10-01T00:00:00Z","2024-09-01T00:00:00Z"
"USD","Usage",3592.508864,"ContractCommitmentDescription 4087","contractcommitment-272892","2024-10-01T00:00:00Z","2024-09-01T00:00:00Z",9480.843537,"Savings Plan","Hours","contract-339513","2024-10-01T00:00:00Z","2024-09-01T00:00:00Z"
"USD","Spend",1231.619818,"ContractCommitmentDescription 1612","contractcommitment-493417","2024-10-01T00:00:00Z","2024-09-01T00:00:00Z",8765.441376,"Savings Plan","Hours","contract-753404","2024-10-01T00:00:00Z","2024-09-01T00:00:00Z"
"USD","Spend",482.350565,"ContractCommitmentDescription 2897","contractcommitment-537020","2024-10-01T00:00:00Z","2024-09-01T00:00:00Z",4443.142889,"Reserved Instance","Hours","contract-365015","2024-10-01T00:00:00Z","2024-09-01T00:00:00Z"
"USD","Usage",6616.645761,"ContractCommitmentDescription 9524","contractcommitment-383091","2024-10-01T00:00:00Z","2024-09-01T00:00:00Z",6227.977768,"Committed Use Discount","Hours","contract-539170","2024-10-01T00:00:00Z","2024-09-01T00:00:00Z"
"USD","Spend",7847.600662,"ContractCommitmentDescription 9154","contractcommitment-308296","2024-10-01T00:00:00Z","2024-09-01T00:00:00Z",6090.018094,"Savings Plan","Hours","contract-311469","2024-10-01T00:00:00Z","2024-09-01T00:00:00Z"
"USD","Usage",9103.566275,"ContractCommitmentDescription 8875","contractcommitment-446663","2024-10-01T00:00:00Z","2024-09-01T00:00:00Z",2345.05266,"Reserved Instance","Hours","contract-215795","2024-10-01T00:00:00Z","2024-09-01T00:00:00Z"
"USD","Spend",9047.79384,"ContractCommitmentDescription 4787","contractcommitment-578938","2024-10-01T00:00:00Z","2024-09-01T00:00:00Z",9886.659308,"Savings Plan","Hours","contract-586830","2024-10-01T00:00:00Z","2024-09-01T00:00:00Z"
"USD","Usage",8015.961027,"ContractCommitmentDescription 6123","contractcommitment-546688","2024-10-01T00:00:00Z","2024-09-01T00:00:00Z",7385.401958,"Reserved Instance","Hours","contract-110142","2024-10-01T00:00:00Z","2024-09-01T00:00:00Z"
"USD","Usage",8784.755374,"ContractCommitmentDescription 2522","contractcommitment-490722","2024-10-01T00:00:00Z","2024-09-01T00:00:00Z",8149.642895,"Reserved Instance","Hours","contract-520245","2024-10-01T00:00:00Z","2024-09-01T00:00:00Z"
"USD","Usage",7998.990969,"ContractCommitmentDescription 3732","contractcommitment-218548","2024-10-01T00:00:00Z","2024-09-01T00:00:00Z",1325.115762,"Committed Use Discount","Hours","contract-985364","2024-10-01T00:00:00Z","2024-09-01T00:00:00Z"
"USD","Usage",1812.605605,"ContractCommitmentDescription 7221","contractcommitment-917012","2024-10-01T00:00:00Z","2024-09-01T00:00:00Z",3585.989148,"Reserved Instance","Hours","contract-606545","2024-10-01T00:00:00Z","2024-09-01T00:00:00Z"
"USD","Spend",2616.128672,"ContractCommitmentDescription 6148","contractcommitment-112960","2024-10-01T00:00:00Z","2024-09-01T00:00:00Z",7045.681765,"Committed Use Discount","Hours","contract-904812","2024-10-01T00:00:00Z","2024-09-01T00:00:00Z"
"USD","Spend",4328.479071,"ContractCommitmentDescription 5072","contractcommitment-605339","2024-10-01T00:00:00Z","2024-09-01T00:00:00Z",3457.494875,"Committed Use Discount","Hours","contract-255875","2024-10-01T00:00:00Z","2024-09-01T00:00:00Z"
"USD","Usage",8518.711514,"ContractCommitmentDescription 3709","contractcommitment-178501","2024-10-01T00:00:00Z","2024-09-01T00:00:00Z",7514.30001,"Savings Plan","Hours","contract-446968","2024-10-01T00:00:00Z","2024-09-01T00:00:00Z"
"USD","Usage",4032.769935,"ContractCommitmentDescription 4850","contractcommitment-182659","2024-10-01T00:00:00Z","2024-09-01T00:00:00Z",4590.945947,"Committed Use Discount","Hours","contract-192295","2024-10-01T00:00:00Z","2024-09-01T00:00:00Z"
"USD","Spend",1026.433215,"ContractCommitmentDescription 7755","contractcommitment-137572","2024-10-01T00:00:00Z","2024-09-01T00:00:00Z",5571.310114,"Reserved Instance","Hours","contract-930244","2024-10-01T00:00:00Z","2024-09-01T00:00:00Z"
"USD","Usage",9503.5513,"ContractCommitmentDescription 6953","contractcommitment-965401","2024-10-01T00:00:00Z","2024-09-01T00:00:00Z",542.752133,"Reserved Instance","Hours","contract-448098","2024-10-01T00:00:00Z","2024-09-01T00:00:00Z"
"USD","Spend",21.969478,"ContractCommitmentDescription 6818","contractcommitment-970196","2024-10-01T00:00:00Z","2024-09-01T00:00:00Z",6336.611805,"Savings Plan","Hours","contract-647341","2024-10-01T00:00:00Z","2024-09-01T00:00:00Z"
"USD","Spend",8218.386599,"ContractCommitmentDescription 7704","contractcommitment-212157","2024-10-01T00:00:00Z","2024-09-01T00:00:00Z",2542.893113,"Reserved Instance","Hours","contract-226611","2024-10-01T00:00:00Z","2024-09-01T00:00:00Z"
"USD","Usage",1077.657473,"ContractCommitmentDescription 7790","contractcommitment-148759","2024-10-01T00:00:00Z","2024-09-01T00:00:00Z",9266.265305,"Committed Use Discount","Hours","contract-909652","2024-10-01T00:00:00Z","2024-09-01T00:00:00Z"
"USD","Spend",9638.547562,"ContractCommitmentDescription 1071","contractcommitment-656127","2024-10-01T00:00:00Z","2024-09-01T00:00:00Z",7362.139303,"Committed Use Discount","Hours","contract-979562","2024-10-01T00:00:00Z","2024-09-01T00:00:00Z"
"USD","Spend",1035.539611,"ContractCommitmentDescription 6273","contractcommitment-628597","2024-10-01T00:00:00Z","2024-09-01T00:00:00Z",8813.90567,"Savings Plan","Hours","contract-386886","2024-10-01T00:00:00Z","2024-09-01T00:00:00Z"
"USD","Spend",4127.454728,"ContractCommitmentDescription 9393","contractcommitment-413433","2024-10-01T00:00:00Z","2024-09-01T00:00:00Z",8430.744313,"Committed Use Discount","Hours","contract-846454","2024-10-01T00:00:00Z","2024-09-01T00:00:00Z"
"USD","Usage",6866.112973,"ContractCommitmentDescription 3173","contractcommitment-844904","2024-10-01T00:00:00Z","2024-09-01T00:00:00Z",6500.863878,"Reserved Instance","Hours","contract-668843","2024-10-01T00:00:00Z","2024-09-01T00:00:00Z"
"USD","Usage",6742.434855,"ContractCommitmentDescription 9747","contractcommitment-399817","2024-10-01T00:00:00Z","2024-09-01T00:00:00Z",8774.77235,"Savings Plan","Hours","contract-648122","2024-10-01T00:00:00Z","2024-09-01T00:00:00Z"
"USD","Spend",1999.024173,"ContractCommitmentDescription 3636","contractcommitment-400538","2024-10-01T00:00:00Z","2024-09-01T00:00:00Z",6833.903287,"Reserved Instance","Hours","contract-824141","2024-10-01T00:00:00Z","2024-09-01T00:00:00Z"
"USD","Usage",1024.800063,"ContractCommitmentDescription 4675","contractcommitment-878476","2024-10-01T00:00:00Z","2024-09-01T00:00:00Z",6471.194443,"Savings Plan","Hours","contract-635740","2024-10-01T00:00:00Z","2024-09-01T00:00:00Z"
"USD","Usage",9658.332136,"ContractCommitmentDescription 1881","contractcommitment-113595","2024-10-01T00:00:00Z","2024-09-01T00:00:00Z",7436.699662,"Reserved Instance","Hours","contract-970300","2024-10-01T00:00:00Z","2024-09-01T00:00:00Z"
"USD","Spend",7761.467451,"ContractCommitmentDescription 4170","contractcommitment-408467","2024-10-01T00:00:00Z","2024-09-01T00:00:00Z",4488.149224,"Committed Use Discount","Hours","contract-296059","2024-10-01T00:00:00Z","2024-09-01T00:00:00Z"
"USD","Usage",2791.122463,"ContractCommitmentDescription 5329","contractcommitment-236384","2024-10-01T00:00:00Z","2024-09-01T00:00:00Z",1609.288498,"Savings Plan","Hours","contract-446620","2024-10-01T00:00:00Z","2024-09-01T00:00:00Z"
"USD","Spend",7736.609499,"ContractCommitmentDescription 5934","contractcommitment-614379","2024-10-01T00:00:00Z","2024-09-01T00:00:00Z",7899.081824,"Committed Use Discount","Hours","contract-176421","2024-10-01T00:00:00Z","2024-09-01T00:00:00Z"
"USD","Spend",7862.582393,"ContractCommitmentDescription 3611","contractcommitment-536135","2024-10-01T00:00:00Z","2024-09-01T00:00:00Z",5430.801551,"Savings Plan","Hours","contract-466375","2024-10-01T00:00:00Z","2024-09-01T00:00:00Z"
"USD","Usage",2935.743572,"ContractCommitmentDescription 9691","contractcommitment-597923","2024-10-01T00:00:00Z","2024-09-01T00:00:00Z",9966.310826,"Committed Use Discount","Hours","contract-220294","2024-10-01T00:00:00Z","2024-09-01T00:00:00Z"
"USD","Spend",9588.968161,"ContractCommitmentDescription 6258","contractcommitment-499898","2024-10-01T00:00:00Z","2024-09-01T00:00:00Z",9159.324303,"Reserved Instance","Hours","contract-369054","2024-10-01T00:00:00Z","2024-09-01T00:00:00Z"
"USD","Usage",4868.047092,"ContractCommitmentDescription 5856","contractcommitment-783176","2024-10-01T00:00:00Z","2024-09-01T00:00:00Z",1925.123879,"Committed Use Discount","Hours","contract-200617","2024-10-01T00:00:00Z","2024-09-01T00:00:00Z"
"USD","Spend",2107.814749,"ContractCommitmentDescription 4492","contractcommitment-818699","2024-10-01T00:00:00Z","2024-09-01T00:00:00Z",4242.094519,"Reserved Instance","Hours","contract-663876","2024-10-01T00:00:00Z","2024-09-01T00:00:00Z"
"USD","Usage",7168.682838,"ContractCommitmentDescription 1620","contractcommitment-191772","2024-10-01T00:00:00Z","2024-09-01T00:00:00Z",732.480292,"Reserved Instance","Hours","contract-685193","2024-10-01T00:00:00Z","2024-09-01T00:00:00Z"
"USD","Usage",4511.256637,"ContractCommitmentDescription 7626","contractcommitment-554059","2024-10-01T00:00:00Z","2024-09-01T00:00:00Z",3164.042459,"Savings Plan","Hours","contract-660814","2024-10-01T00:00:00Z","2024-09-01T00:00:00Z"
"USD","Spend",3577.001387,"ContractCommitmentDescription 9238","contractcommitment-211291","2024-10-01T00:00:00Z","2024-09-01T00:00:00Z",2898.365988,"Committed Use Discount","Hours","contract-736030","2024-10-01T00:00:00Z","2024-09-01T00:00:00Z"
"USD","Spend",4739.876774,"ContractCommitmentDescription 9740","contractcommitment-330545","2024-10-01T00:00:00Z","2024-09-01T00:00:00Z",1363.814603,"Savings Plan","Hours","contract-409307","2024-10-01T00:00:00Z","2024-09-01T00:00:00Z"
"USD","Spend",1232.351589,"ContractCommitmentDescription 1082","contractcommitment-700538","2024-10-01T00:00:00Z","2024-09-01T00:00:00Z",5966.548875,"Committed Use Discount","Hours","contract-189261","2024-10-01T00:00:00Z","2024-09-01T00:00:00Z"
"USD","Spend",1609.543576,"ContractCommitmentDescription 4617","contractcommitment-746850","2024-10-01T00:00:00Z","2024-09-01T00:00:00Z",8347.483669,"Reserved Instance","Hours","contract-290167","2024-10-01T00:00:00Z","2024-09-01T00:00:00Z"
"USD","Usage",6716.852491,"ContractCommitmentDescription 5107","contractcommitment-202972","2024-10-01T00:00:00Z","2024-09-01T00:00:00Z",1974.175924,"Committed Use Discount","Hours","contract-446922","2024-10-01T00:00:00Z","2024-09-01T00:00:00Z"
"USD","Usage",6195.157772,"ContractCommitmentDescription 4170","contractcommitment-433222","2024-10-01T00:00:00Z","2024-09-01T00:00:00Z",4858.612303,"Savings Plan","Hours","contract-827143","2024-10-01T00:00:00Z","2024-09-01T00:00:00Z"
"USD","Usage",1686.395109,"ContractCommitmentDescription 6131","contractcommitment-358133","2024-10-01T00:00:00Z","2024-09-01T00:00:00Z",7856.601121,"Committed Use Discount","Hours","contract-390119","2024-10-01T00:00:00Z","2024-09-01T00:00:00Z"
"USD","Usage",4453.579736,"ContractCommitmentDescription 6004","contractcommitment-610626","2024-10-01T00:00:00Z","2024-09-01T00:00:00Z",5516.718262,"Reserved Instance","Hours","contract-982683","2024-10-01T00:00:00Z","2024-09-01T00:00:00Z"
"USD","Spend",7274.253672,"ContractCommitmentDescription 1305","contractcommitment-990856","2024-10-01T00:00:00Z","2024-09-01T00:00:00Z",5071.783113,"Reserved Instance","Hours","contract-906564","2024-10-01T00:00:00Z","2024-09-01T00:00:00Z"
"USD","Usage",6539.081393,"ContractCommitmentDescription 3435","contractcommitment-483588","2024-10-01T00:00:00Z","2024-09-01T00:00:00Z",3924.983458,"Committed Use Discount","Hours","contract-240384","2024-10-01T00:00:00Z","2024-09-01T00:00:00Z"
"USD","Usage",5021.672697,"ContractCommitmentDescription 4913","contractcommitment-989173","2024-10-01T00:00:00Z","2024-09-01T00:00:00Z",9640.002683,"Committed Use Discount","Hours","contract-893988","2024-10-01T00:00:00Z","2024-09-01T00:00:00Z"
"USD","Spend",7359.198088,"ContractCommitmentDescription 8921","contractcommitment-476224","2024-10-01T00:00:00Z","2024-09-01T00:00:00Z",404.198261,"Savings Plan","Hours","contract-165914","2024-10-01T00:00:00Z","2024-09-01T00:00:00Z"
"USD","Spend",5178.852298,"ContractCommitmentDescription 6918","contractcommitment-506945","2024-10-01T00:00:00Z","2024-09-01T00:00:00Z",4696.74229,"Savings Plan","Hours","contract-141843","2024-10-01T00:00:00Z","2024-09-01T00:00:00Z"
"USD","Usage",5786.314349,"ContractCommitmentDescription 3848","contractcommitment-494956","2024-10-01T00:00:00Z","2024-09-01T00:00:00Z",6536.753131,"Savings Plan","Hours","contract-641760","2024-10-01T00:00:00Z","2024-09-01T00:00:00Z"
"USD","Usage",8172.367652,"ContractCommitmentDescription 6653","contractcommitment-610511","2024-10-01T00:00:00Z","2024-09-01T00:00:00Z",7926.574534,"Committed Use Discount","Hours","contract-626214","2024-10-01T00:00:00Z","2024-09-01T00:00:00Z"
"USD","Usage",2115.171041,"ContractCommitmentDescription 4062","contractcommitment-265001","2024-10-01T00:00:00Z","2024-09-01T00:00:00Z",3622.229442,"Committed Use Discount","Hours","contract-793223","2024-10-01T00:00:00Z","2024-09-01T00:00:00Z"
"USD","Usage",4790.211634,"ContractCommitmentDescription 3641","contractcommitment-778700","2024-10-01T00:00:00Z","2024-09-01T00:00:00Z",8333.649964,"Reserved Instance","Hours","contract-145240","2024-10-01T00:00:00Z","2024-09-01T00:00:00Z"
"USD","Spend",8907.976715,"ContractCommitmentDescription 3406","contractcommitment-158627","2024-10-01T00:00:00Z","2024-09-01T00:00:00Z",1663.413663,"Reserved Instance","Hours","contract-525151","2024-10-01T00:00:00Z","2024-09-01T00:00:00Z"
"USD","Usage",8673.02399,"ContractCommitmentDescription 3794","contractcommitment-330019","2024-10-01T00:00:00Z","2024-09-01T00:00:00Z",8303.635747,"Committed Use Discount","Hours","contract-933215","2024-10-01T00:00:00Z","2024-09-01T00:00:00Z"
"USD","Spend",7241.867981,"ContractCommitmentDescription 6614","contractcommitment-575497","2024-10-01T00:00:00Z","2024-09-01T00:00:00Z",5965.333625,"Reserved Instance","Hours","contract-496583","2024-10-01T00:00:00Z","2024-09-01T00:00:00Z"
"USD","Usage",8265.141856,"ContractCommitmentDescription 2577","contractcommitment-286040","2024-10-01T00:00:00Z","2024-09-01T00:00:00Z",4758.691855,"Committed Use Discount","Hours","contract-921945","2024-10-01T00:00:00Z","2024-09-01T00:00:00Z"
"USD","Spend",8969.689528,"ContractCommitmentDescription 8069","contractcommitment-647403","2024-10-01T00:00:00Z","2024-09-01T00:00:00Z",4206.8402,"Reserved Instance","Hours","contract-549793","2024-10-01T00:00:00Z","2024-09-01T00:00:00Z"
"USD","Spend",4254.893969,"ContractCommitmentDescription 5170","contractcommitment-600318","2024-10-01T00:00:00Z","2024-09-01T00:00:00Z",7658.588904,"Reserved Instance","Hours","contract-727354","2024-10-01T00:00:00Z","2024-09-01T00:00:00Z"
"USD","Spend",5779.871458,"ContractCommitmentDescription 2930","contractcommitment-645009","2024-10-01T00:00:00Z","2024-09-01T00:00:00Z",71.940525,"Committed Use Discount","Hours","contract-821175","2024-10-01T00:00:00Z","2024-09-01T00:00:00Z"
"USD","Usage",6515.759348,"ContractCommitmentDescription 5155","contractcommitment-373995","2024-10-01T00:00:00Z","2024-09-01T00:00:00Z",8549.769263,"Savings Plan","Hours","contract-741603","2024-10-01T00:00:00Z","2024-09-01T00:00:00Z"
"USD","Usage",1787.195978,"ContractCommitmentDescription 8925","contractcommitment-366105","2024-10-01T00:00:00Z","2024-09-01T00:00:00Z",9885.08264,"Committed Use Discount","Hours","contract-911801","2024-10-01T00:00:00Z","2024-09-01T00:00:00Z"
"USD","Spend",4465.948774,"ContractCommitmentDescription 3650","contractcommitment-205149","2024-10-01T00:00:00Z","2024-09-01T00:00:00Z",2144.581415,"Savings Plan","Hours","contract-939756","2024-10-01T00:00:00Z","2024-09-01T00:00:00Z"
"USD","Spend",4716.686601,"ContractCommitmentDescription 8133","contractcommitment-192422","2024-10-01T00:00:00Z","2024-09-01T00:00:00Z",640.804564,"Reserved Instance","Hours","contract-183927","2024-10-01T00:00:00Z","2024-09-01T00:00:00Z"
"USD","Usage",7116.058317,"ContractCommitmentDescription 1941","contractcommitment-911187","2024-10-01T00:00:00Z","2024-09-01T00:00:00Z",8202.287344,"Committed Use Discount","Hours","contract-560295","2024-10-01T00:00:00Z","2024-09-01T00:00:00Z"
"USD","Spend",336.093514,"ContractCommitmentDescription 9364","contractcommitment-640869","2024-10-01T00:00:00Z","2024-09-01T00:00:00Z",6984.497326,"Committed Use Discount","Hours","contract-806765","2024-10-01T00:00:00Z","2024-09-01T00:00:00Z"
"USD","Spend",9968.171438,"ContractCommitmentDescription 7544","contractcommitment-470281","2024-10-01T00:00:00Z","2024-09-01T00:00:00Z",6696.620464,"Savings Plan","Hours","contract-642892","2024-10-01T00:00:00Z","2024-09-01T00:00:00Z"
"USD","Usage",3474.750889,"ContractCommitmentDescription 5530","contractcommitment-337288","2024-10-01T00:00:00Z","2024-09-01T00:00:00Z",6063.63408,"Reserved Instance","Hours","contract-523579","2024-10-01T00:00:00Z","2024-09-01T00:00:00Z"
"USD","Spend",5586.307129,"ContractCommitmentDescription 9243","contractcommitment-408545","2024-10-01T00:00:00Z","2024-09-01T00:00:00Z",3399.658944,"Reserved Instance","Hours","contract-370211","2024-10-01T00:00:00Z","2024-09-01T00:00:00Z"
"USD","Spend",7574.73285,"ContractCommitmentDescription 8517","contractcommitment-814703","2024-10-01T00:00:00Z","2024-09-01T00:00:00Z",4607.204415,"Committed Use Discount","Hours","contract-605382","2024-10-01T00:00:00Z","2024-09-01T00:00:00Z"
"USD","Spend",6769.129761,"ContractCommitmentDescription 4767","contractcommitment-939030","2024-10-01T00:00:00Z","2024-09-01T00:00:00Z",3157.30694,"Savings Plan","Hours","contract-661671","2024-10-01T00:00:00Z","2024-09-01T00:00:00Z"
"USD","Usage",6736.979168,"ContractCommitmentDescription 6603","contractcommitment-179721","2024-10-01T00:00:00Z","2024-09-01T00:00:00Z",5545.51504,"Reserved Instance","Hours","contract-429119","2024-10-01T00:00:00Z","2024-09-01T00:00:00Z"
"USD","Spend",4989.993404,"ContractCommitmentDescription 4271","contractcommitment-346269","2024-10-01T00:00:00Z","2024-09-01T00:00:00Z",7354.290652,"Savings Plan","Hours","contract-340341","2024-10-01T00:00:00Z","2024-09-01T00:00:00Z"
"USD","Spend",1198.784927,"ContractCommitmentDescription 2285","contractcommitment-808640","2024-10-01T00:00:00Z","2024-09-01T00:00:00Z",9557.796841,"Savings Plan","Hours","contract-901368","2024-10-01T00:00:00Z","2024-09-01T00:00:00Z"
"USD","Usage",8981.212004,"ContractCommitmentDescription 5501","contractcommitment-614646","2024-10-01T00:00:00Z","2024-09-01T00:00:00Z",1828.718631,"Committed Use Discount","Hours","contract-517206","2024-10-01T00:00:00Z","2024-09-01T00:00:00Z"
"USD","Usage",4783.200766,"ContractCommitmentDescription 9859","contractcommitment-134144","2024-10-01T00:00:00Z","2024-09-01T00:00:00Z",5024.752121,"Savings Plan","Hours","contract-579404","2024-10-01T00:00:00Z","2024-09-01T00:00:00Z"
"USD","Spend",118.199786,"ContractCommitmentDescription 4452","contractcommitment-497859","2024-10-01T00:00:00Z","2024-09-01T00:00:00Z",5810.08219,"Savings Plan","Hours","contract-742544","2024-10-01T00:00:00Z","2024-09-01T00:00:00Z"
"USD","Usage",4713.453647,"ContractCommitmentDescription 6621","contractcommitment-483699","2024-10-01T00:00:00Z","2024-09-01T00:00:00Z",1839.136742,"Savings Plan","Hours","contract-539450","2024-10-01T00:00:00Z","2024-09-01T00:00:00Z"
"USD","Spend",5714.097182,"ContractCommitmentDescription 4744","contractcommitment-953740","2024-10-01T00:00:00Z","2024-09-01T00:00:00Z",998.697409,"Savings Plan","Hours","contract-682316","2024-10-01T00:00:00Z","2024-09-01T00:00:00Z"
"USD","Spend",4729.870245,"ContractCommitmentDescription 1159","contractcommitment-285186","2024-10-01T00:00:00Z","2024-09-01T00:00:00Z",4215.20669,"Reserved Instance","Hours","contract-659921","2024-10-01T00:00:00Z","2024-09-01T00:00:00Z"
"USD","Spend",3984.019019,"ContractCommitmentDescription 3676","contractcommitment-162952","2024-10-01T00:00:00Z","2024-09-01T00:00:00Z",2154.67325,"Savings Plan","Hours","contract-979725","2024-10-01T00:00:00Z","2024-09-01T00:00:00Z"
"USD","Usage",5603.500348,"ContractCommitmentDescription 5222","contractcommitment-460857","2024-10-01T00:00:00Z","2024-09-01T00:00:00Z",198.353336,"Reserved Instance","Hours","contract-812597","2024-10-01T00:00:00Z","2024-09-01T00:00:00Z"
"USD","Usage",3551.090384,"ContractCommitmentDescription 9363","contractcommitment-611174","2024-10-01T00:00:00Z","2024-09-01T00:00:00Z",7747.443671,"Savings Plan","Hours","contract-499581","2024-10-01T00:00:00Z","2024-09-01T00:00:00Z"
"USD","Usage",4218.164878,"ContractCommitmentDescription 7631","contractcommitment-990136","2024-10-01T00:00:00Z","2024-09-01T00:00:00Z",9070.730513,"Reserved Instance","Hours","contract-460317","2024-10-01T00:00:00Z","2024-09-01T00:00:00Z"
"USD","Usage",6053.84973,"ContractCommitmentDescription 7479","contractcommitment-384424","2024-10-01T00:00:00Z","2024-09-01T00:00:00Z",8876.918066,"Savings Plan","Hours","contract-572161","2024-10-01T00:00:00Z","2024-09-01T00:00:00Z"
"USD","Spend",6620.225478,"ContractCommitmentDescription 2311","contractcommitment-320800","2024-10-01T00:00:00Z","2024-09-01T00:00:00Z",1669.10465,"Reserved Instance","Hours","contract-166891","2024-10-01T00:00:00Z","2024-09-01T00:00:00Z"
"USD","Spend",1039.28404,"ContractCommitmentDescription 3544","contractcommitment-188406","2024-10-01T00:00:00Z","2024-09-01T00:00:00Z",6548.326755,"Savings Plan","Hours","contract-340497","2024-10-01T00:00:00Z","2024-09-01T00:00:00Z"
"USD","Spend",285.71293,"ContractCommitmentDescription 6846","contractcommitment-440998","2024-10-01T00:00:00Z","2024-09-01T00:00:00Z",8642.411416,"Savings Plan","Hours","contract-385647","2024-10-01T00:00:00Z","2024-09-01T00:00:00Z"
"USD","Usage",6310.475226,"ContractCommitmentDescription 8126","contractcommitment-648887","2024-10-01T00:00:00Z","2024-09-01T00:00:00Z",6397.86509,"Committed Use Discount","Hours","contract-464032","2024-10-01T00:00:00Z","2024-09-01T00:00:00Z"
"USD","Usage",3657.833219,"ContractCommitmentDescription 5256","contractcommitment-263281","2024-10-01T00:00:00Z","2024-09-01T00:00:00Z",3035.729156,"Reserved Instance","Hours","contract-954987","2024-10-01T00:00:00Z","2024-09-01T00:00:00Z"
"USD","Spend",6877.699638,"ContractCommitmentDescription 9059","contractcommitment-892170","2024-10-01T00:00:00Z","2024-09-01T00:00:00Z",4770.670705,"Reserved Instance","Hours","contract-936726","2024-10-01T00:00:00Z","2024-09-01T00:00:00Z"
"USD","Usage",1885.709793,"ContractCommitmentDescription 8161","contractcommitment-513927","2024-10-01T00:00:00Z","2024-09-01T00:00:00Z",2498.961178,"Committed Use Discount","Hours","contract-968668","2024-10-01T00:00:00Z","2024-09-01T00:00:00Z"
"USD","Spend",5166.100619,"ContractCommitmentDescription 5454","contractcommitment-398505","2024-10-01T00:00:00Z","2024-09-01T00:00:00Z",6484.57041,"Committed Use Discount","Hours","contract-532961","2024-10-01T00:00:00Z","2024-09-01T00:00:00Z"
"USD","Spend",6368.927095,"ContractCommitmentDescription 8418","contractcommitment-385353","2024-10-01T00:00:00Z","2024-09-01T00:00:00Z",7004.725979,"Savings Plan","Hours","contract-436219","2024-10-01T00:00:00Z","2024-09-01T00:00:00Z"
"USD","Spend",9723.32605,"ContractCommitmentDescription 5622","contractcommitment-382271","2024-10-01T00:00:00Z","2024-09-01T00:00:00Z",1250.392028,"Savings Plan","Hours","contract-344119","2024-10-01T00:00:00Z","2024-09-01T00:00:00Z"
"USD","Usage",4202.430271,"ContractCommitmentDescription 9165","contractcommitment-489438","2024-10-01T00:00:00Z","2024-09-01T00:00:00Z",4636.844672,"Reserved Instance","Hours","contract-184120","2024-10-01T00:00:00Z","2024-09-01T00:00:00Z"
"USD","Usage",1816.037386,"ContractCommitmentDescription 5097","contractcommitment-956949","2024-10-01T00:00:00Z","2024-09-01T00:00:00Z",3815.774085,"Reserved Instance","Hours","contract-905459","2024-10-01T00:00:00Z","2024-09-01T00:00:00Z"
"USD","Spend",1991.798763,"ContractCommitmentDescription 2539","contractcommitment-646453","2024-10-01T00:00:00Z","2024-09-01T00:00:00Z",6660.078837,"Reserved Instance","Hours","contract-508024","2024-10-01T00:00:00Z","2024-09-01T00:00:00Z"
"USD","Spend",2533.127403,"ContractCommitmentDescription 5895","contractcommitment-308376","2024-10-01T00:00:00Z","2024-09-01T00:00:00Z",3604.266561,"Reserved Instance","Hours","contract-218414","2024-10-01T00:00:00Z","2024-09-01T00:00:00Z"
"USD","Usage",5846.9686,"ContractCommitmentDescription 7484","contractcommitment-927477","2024-10-01T00:00:00Z","2024-09-01T00:00:00Z",2430.893332,"Reserved Instance","Hours","contract-821846","2024-10-01T00:00:00Z","2024-09-01T00:00:00Z"
"USD","Usage",914.015523,"ContractCommitmentDescription 6544","contractcommitment-896456","2024-10-01T00:00:00Z","2024-09-01T00:00:00Z",6251.323302,"Reserved Instance","Hours","contract-775885","2024-10-01T00:00:00Z","2024-09-01T00:00:00Z"
"USD","Spend",3167.39559,"ContractCommitmentDescription 6690","contractcommitment-944654","2024-10-01T00:00:00Z","2024-09-01T00:00:00Z",8917.959514,"Committed Use Discount","Hours","contract-122390","2024-10-01T00:00:00Z","2024-09-01T00:00:00Z"
"USD","Usage",7066.259789,"ContractCommitmentDescription 5828","contractcommitment-669097","2024-10-01T00:00:00Z","2024-09-01T00:00:00Z",6970.37775,"Reserved Instance","Hours","contract-670027","2024-10-01T00:00:00Z","2024-09-01T00:00:00Z"
"USD","Spend",688.765834,"ContractCommitmentDescription 3539","contractcommitment-571213","2024-10-01T00:00:00Z","2024-09-01T00:00:00Z",2956.726612,"Savings Plan","Hours","contract-484945","2024-10-01T00:00:00Z","2024-09-01T00:00:00Z"
"USD","Spend",8829.323725,"ContractCommitmentDescription 6965","contractcommitment-913712","2024-10-01T00:00:00Z","2024-09-01T00:00:00Z",6201.973128,"Savings Plan","Hours","contract-790266","2024-10-01T00:00:00Z","2024-09-01T00:00:00Z"
"USD","Spend",6130.392424,"ContractCommitmentDescription 6285","contractcommitment-529711","2024-10-01T00:00:00Z","2024-09-01T00:00:00Z",6409.039298,"Reserved Instance","Hours","contract-648615","2024-10-01T00:00:00Z","2024-09-01T00:00:00Z"
"USD","Spend",1070.551685,"ContractCommitmentDescription 4139","contractcommitment-203550","2024-10-01T00:00:00Z","2024-09-01T00:00:00Z",318.171499,"Committed Use Discount","Hours","contract-789880","2024-10-01T00:00:00Z","2024-09-01T00:00:00Z"
"USD","Spend",3663.540201,"ContractCommitmentDescription 2161","contractcommitment-113721","2024-10-01T00:00:00Z","2024-09-01T00:00:00Z",9302.110368,"Reserved Instance","Hours","contract-972496","2024-10-01T00:00:00Z","2024-09-01T00:00:00Z"
"USD","Usage",8220.265163,"ContractCommitmentDescription 1955","contractcommitment-963652","2024-10-01T00:00:00Z","2024-09-01T00:00:00Z",6169.333254,"Committed Use Discount","Hours","contract-869969","2024-10-01T00:00:00Z","2024-09-01T00:00:00Z"
"USD","Spend",1012.251208,"ContractCommitmentDescription 4784","contractcommitment-657487","2024-10-01T00:00:00Z","2024-09-01T00:00:00Z",3853.310882,"Reserved Instance","Hours","contract-788784","2024-10-01T00:00:00Z","2024-09-01T00:00:00Z"
"USD","Usage",7461.083763,"ContractCommitmentDescription 6864","contractcommitment-807256","2024-10-01T00:00:00Z","2024-09-01T00:00:00Z",4587.205924,"Committed Use Discount","Hours","contract-209159","2024-10-01T00:00:00Z","2024-09-01T00:00:00Z"
"USD","Usage",6575.31881,"ContractCommitmentDescription 9747","contractcommitment-729057","2024-10-01T00:00:00Z","2024-09-01T00:00:00Z",4430.1217,"Savings Plan","Hours","contract-676802","2024-10-01T00:00:00Z","2024-09-01T00:00:00Z"
"USD","Usage",6084.133703,"ContractCommitmentDescription 9939","contractcommitment-324319","2024-10-01T00:00:00Z","2024-09-01T00:00:00Z",3750.630749,"Committed Use Discount","Hours","contract-477496","2024-10-01T00:00:00Z","2024-09-01T00:00:00Z"
"USD","Spend",9829.564712,"ContractCommitmentDescription 1267","contractcommitment-642752","2024-10-01T00:00:00Z","2024-09-01T00:00:00Z",1350.857093,"Savings Plan","Hours","contract-414922","2024-10-01T00:00:00Z","2024-09-01T00:00:00Z"
"USD","Usage",9191.12083,"ContractCommitmentDescription 9376","contractcommitment-683347","2024-10-01T00:00:00Z","2024-09-01T00:00:00Z",5706.682051,"Committed Use Discount","Hours","contract-198867","2024-10-01T00:00:00Z","2024-09-01T00:00:00Z"
"USD","Usage",3670.82893,"ContractCommitmentDescription 5093","contractcommitment-344312","2024-10-01T00:00:00Z","2024-09-01T00:00:00Z",2562.438385,"Savings Plan","Hours","contract-698199","2024-10-01T00:00:00Z","2024-09-01T00:00:00Z"
"USD","Usage",7929.041943,"ContractCommitmentDescription 3832","contractcommitment-611994","2024-10-01T00:00:00Z","2024-09-01T00:00:00Z",8257.052444,"Committed Use Discount","Hours","contract-724145","2024-10-01T00:00:00Z","2024-09-01T00:00:00Z"
"USD","Spend",9218.714965,"ContractCommitmentDescription 6478","contractcommitment-464831","2024-10-01T00:00:00Z","2024-09-01T00:00:00Z",8797.925027,"Savings Plan","Hours","contract-226395","2024-10-01T00:00:00Z","2024-09-01T00:00:00Z"
"USD","Usage",5243.833515,"ContractCommitmentDescription 6231","contractcommitment-666157","2024-10-01T00:00:00Z","2024-09-01T00:00:00Z",5649.12894,"Savings Plan","Hours","contract-831663","2024-10-01T00:00:00Z","2024-09-01T00:00:00Z"
"USD","Spend",2220.856282,"ContractCommitmentDescription 5747","contractcommitment-924566","2024-10-01T00:00:00Z","2024-09-01T00:00:00Z",3943.224039,"Reserved Instance","Hours","contract-186554","2024-10-01T00:00:00Z","2024-09-01T00:00:00Z"
"USD","Usage",850.789875,"ContractCommitmentDescription 9221","contractcommitment-555596","2024-10-01T00:00:00Z","2024-09-01T00:00:00Z",7738.251366,"Reserved Instance","Hours","contract-604283","2024-10-01T00:00:00Z","2024-09-01T00:00:00Z"
"USD","Spend",2423.150917,"ContractCommitmentDescription 5362","contractcommitment-914504","2024-10-01T00:00:00Z","2024-09-01T00:00:00Z",4300.657311,"Committed Use Discount","Hours","contract-217996","2024-10-01T00:00:00Z","2024-09-01T00:00:00Z"
"USD","Usage",3445.249095,"ContractCommitmentDescription 1396","contractcommitment-907069","2024-10-01T00:00:00Z","2024-09-01T00:00:00Z",3048.188475,"Savings Plan","Hours","contract-753453","2024-10-01T00:00:00Z","2024-09-01T00:00:00Z"
"USD","Usage",1559.912172,"ContractCommitmentDescription 2405","contractcommitment-217830","2024-10-01T00:00:00Z","2024-09-01T00:00:00Z",7395.8163,"Reserved Instance","Hours","contract-972881","2024-10-01T00:00:00Z","2024-09-01T00:00:00Z"
"USD","Usage",4711.903037,"ContractCommitmentDescription 6437","contractcommitment-319162","2024-10-01T00:00:00Z","2024-09-01T00:00:00Z",7400.12985,"Reserved Instance","Hours","contract-672967","2024-10-01T00:00:00Z","2024-09-01T00:00:00Z"
"USD","Spend",6950.711436,"ContractCommitmentDescription 1301","contractcommitment-494900","2024-10-01T00:00:00Z","2024-09-01T00:00:00Z",5830.049433,"Committed Use Discount","Hours","contract-145594","2024-10-01T00:00:00Z","2024-09-01T00:00:00Z"
"USD","Usage",530.852487,"ContractCommitmentDescription 1136","contractcommitment-169832","2024-10-01T00:00:00Z","2024-09-01T00:00:00Z",3886.451472,"Savings Plan","Hours","contract-213132","2024-10-01T00:00:00Z","2024-09-01T00:00:00Z"
"USD","Usage",5085.403321,"ContractCommitmentDescription 2631","contractcommitment-430779","2024-10-01T00:00:00Z","2024-09-01T00:00:00Z",4846.621518,"Committed Use Discount","Hours","contract-192296","2024-10-01T00:00:00Z","2024-09-01T00:00:00Z"
"USD","Spend",397.524033,"ContractCommitmentDescription 9673","contractcommitment-419739","2024-10-01T00:00:00Z","2024-09-01T00:00:00Z",3335.696346,"Savings Plan","Hours","contract-119264","2024-10-01T00:00:00Z","2024-09-01T00:00:00Z"
"USD","Usage",8118.928601,"ContractCommitmentDescription 5221","contractcommitment-505977","2024-10-01T00:00:00Z","2024-09-01T00:00:00Z",8904.020861,"Reserved Instance","Hours","contract-336540","2024-10-01T00:00:00Z","2024-09-01T00:00:00Z"
"USD","Usage",5207.178441,"ContractCommitmentDescription 4726","contractcommitment-537605","2024-10-01T00:00:00Z","2024-09-01T00:00:00Z",2403.608082,"Reserved Instance","Hours","contract-427557","2024-10-01T00:00:00Z","2024-09-01T00:00:00Z"
"USD","Spend",5810.307007,"ContractCommitmentDescription 4314","contractcommitment-244818","2024-10-01T00:00:00Z","2024-09-01T00:00:00Z",3089.983962,"Committed Use Discount","Hours","contract-241822","2024-10-01T00:00:00Z","2024-09-01T00:00:00Z"
"USD","Usage",678.140414,"ContractCommitmentDescription 9732","contractcommitment-854388","2024-10-01T00:00:00Z","2024-09-01T00:00:00Z",1183.872907,"Savings Plan","Hours","contract-862398","2024-10-01T00:00:00Z","2024-09-01T00:00:00Z"
"USD","Usage",7456.0973,"ContractCommitmentDescription 5485","contractcommitment-259338","2024-10-01T00:00:00Z","2024-09-01T00:00:00Z",7791.07885,"Reserved Instance","Hours","contract-293720","2024-10-01T00:00:00Z","2024-09-01T00:00:00Z"
"USD","Spend",5963.606926,"ContractCommitmentDescription 4783","contractcommitment-820767","2024-10-01T00:00:00Z","2024-09-01T00:00:00Z",260.844928,"Reserved Instance","Hours","contract-240600","2024-10-01T00:00:00Z","2024-09-01T00:00:00Z"
"USD","Usage",1375.127223,"ContractCommitmentDescription 4166","contractcommitment-337264","2024-10-01T00:00:00Z","2024-09-01T00:00:00Z",322.295532,"Reserved Instance","Hours","contract-533108","2024-10-01T00:00:00Z","2024-09-01T00:00:00Z"
"USD","Usage",8671.290026,"ContractCommitmentDescription 9027","contractcommitment-821276","2024-10-01T00:00:00Z","2024-09-01T00:00:00Z",3248.956268,"Savings Plan","Hours","contract-548324","2024-10-01T00:00:00Z","2024-09-01T00:00:00Z"
"USD","Usage",3941.507087,"ContractCommitmentDescription 9784","contractcommitment-650744","2024-10-01T00:00:00Z","2024-09-01T00:00:00Z",6413.938245,"Committed Use Discount","Hours","contract-645940","2024-10-01T00:00:00Z","2024-09-01T00:00:00Z"
"USD","Usage",9838.306437,"ContractCommitmentDescription 1643","contractcommitment-684791","2024-10-01T00:00:00Z","2024-09-01T00:00:00Z",3873.978519,"Committed Use Discount","Hours","contract-299072","2024-10-01T00:00:00Z","2024-09-01T00:00:00Z"
"USD","Usage",1664.866017,"ContractCommitmentDescription 5823","contractcommitment-742917","2024-10-01T00:00:00Z","2024-09-01T00:00:00Z",9190.3282,"Committed Use Discount","Hours","contract-249149","2024-10-01T00:00:00Z","2024-09-01T00:00:00Z"
"USD","Spend",7787.311419,"ContractCommitmentDescription 9952","contractcommitment-241879","2024-10-01T00:00:00Z","2024-09-01T00:00:00Z",3930.667148,"Savings Plan","Hours","contract-126122","2024-10-01T00:00:00Z","2024-09-01T00:00:00Z"
"USD","Spend",2500.822941,"ContractCommitmentDescription 3686","contractcommitment-853270","2024-10-01T00:00:00Z","2024-09-01T00:00:00Z",7332.623312,"Reserved Instance","Hours","contract-840532","2024-10-01T00:00:00Z","2024-09-01T00:00:00Z"
"USD","Usage",7268.738359,"ContractCommitmentDescription 9383","contractcommitment-741804","2024-10-01T00:00:00Z","2024-09-01T00:00:00Z",9497.538891,"Savings Plan","Hours","contract-146038","2024-10-01T00:00:00Z","2024-09-01T00:00:00Z"
"USD","Spend",1788.667647,"ContractCommitmentDescription 1840","contractcommitment-539963","2024-10-01T00:00:00Z","2024-09-01T00:00:00Z",3080.622055,"Committed Use Discount","Hours","contract-402808","2024-10-01T00:00:00Z","2024-09-01T00:00:00Z"
"USD","Usage",122.077648,"ContractCommitmentDescription 9153","contractcommitment-996963","2024-10-01T00:00:00Z","2024-09-01T00:00:00Z",4986.4224,"Reserved Instance","Hours","contract-349433","2024-10-01T00:00:00Z","2024-09-01T00:00:00Z"
"USD","Usage",4418.753615,"ContractCommitmentDescription 1107","contractcommitment-356600","2024-10-01T00:00:00Z","2024-09-01T00:00:00Z",8821.678649,"Savings Plan","Hours","contract-151295","2024-10-01T00:00:00Z","2024-09-01T00:00:00Z"
"USD","Spend",8538.292872,"ContractCommitmentDescription 5889","contractcommitment-447195","2024-10-01T00:00:00Z","2024-09-01T00:00:00Z",9203.846983,"Reserved Instance","Hours","contract-537211","2024-10-01T00:00:00Z","2024-09-01T00:00:00Z"
"USD","Spend",9662.932638,"ContractCommitmentDescription 6901","contractcommitment-137581","2024-10-01T00:00:00Z","2024-09-01T00:00:00Z",931.262878,"Savings Plan","Hours","contract-486473","2024-10-01T00:00:00Z","2024-09-01T00:00:00Z"
"USD","Usage",4708.168442,"ContractCommitmentDescription 2999","contractcommitment-828361","2024-10-01T00:00:00Z","2024-09-01T00:00:00Z",8594.079411,"Savings Plan","Hours","contract-533856","2024-10-01T00:00:00Z","2024-09-01T00:00:00Z"
"USD","Spend",4836.629832,"ContractCommitmentDescription 5705","contractcommitment-547798","2024-10-01T00:00:00Z","2024-09-01T00:00:00Z",6088.446069,"Savings Plan","Hours","contract-650912","2024-10-01T00:00:00Z","2024-09-01T00:00:00Z"
"USD","Usage",4925.044537,"ContractCommitmentDescription 3947","contractcommitment-739008","2024-10-01T00:00:00Z","2024-09-01T00:00:00Z",2327.216395,"Savings Plan","Hours","contract-101657","2024-10-01T00:00:00Z","2024-09-01T00:00:00Z"
"USD","Spend",7995.643513,"ContractCommitmentDescription 7793","contractcommitment-534153","2024-10-01T00:00:00Z","2024-09-01T00:00:00Z",454.921896,"Savings Plan","Hours","contract-111846","2024-10-01T00:00:00Z","2024-09-01T00:00:00Z"
"USD","Usage",5066.896271,"ContractCommitmentDescription 6307","contractcommitment-904291","2024-10-01T00:00:00Z","2024-09-01T00:00:00Z",61.312624,"Committed Use Discount","Hours","contract-457943","2024-10-01T00:00:00Z","2024-09-01T00:00:00Z"
"USD","Spend",3305.148321,"ContractCommitmentDescription 6536","contractcommitment-805139","2024-10-01T00:00:00Z","2024-09-01T00:00:00Z",4791.082734,"Savings Plan","Hours","contract-777015","2024-10-01T00:00:00Z","2024-09-01T00:00:00Z"
"USD","Usage",4624.700754,"ContractCommitmentDescription 7782","contractcommitment-878656","2024-10-01T00:00:00Z","2024-09-01T00:00:00Z",560.222852,"Committed Use Discount","Hours","contract-692385","2024-10-01T00:00:00Z","2024-09-01T00:00:00Z"
"USD","Usage",7995.353335,"ContractCommitmentDescription 6793","contractcommitment-169429","2024-10-01T00:00:00Z","2024-09-01T00:00:00Z",9696.132924,"Savings Plan","Hours","contract-455627","2024-10-01T00:00:00Z","2024-09-01T00:00:00Z"
"USD","Usage",1873.789101,"ContractCommitmentDescription 2914","contractcommitment-920347","2024-10-01T00:00:00Z","2024-09-01T00:00:00Z",7515.402087,"Committed Use Discount","Hours","contract-844321","2024-10-01T00:00:00Z","2024-09-01T00:00:00Z"
"USD","Spend",3715.835769,"ContractCommitmentDescription 5958","contractcommitment-326639","2024-10-01T00:00:00Z","2024-09-01T00:00:00Z",5251.004197,"Reserved Instance","Hours","contract-492393","2024-10-01T00:00:00Z","2024-09-01T00:00:00Z"
"USD","Spend",7990.252784,"ContractCommitmentDescription 9192","contractcommitment-261562","2024-10-01T00:00:00Z","2024-09-01T00:00:00Z",1902.116786,"Savings Plan","Hours","contract-425434","2024-10-01T00:00:00Z","2024-09-01T00:00:00Z"
"USD","Spend",2051.8711,"ContractCommitmentDescription 1598","contractcommitment-581682","2024-10-01T00:00:00Z","2024-09-01T00:00:00Z",3875.882157,"Committed Use Discount","Hours","contract-104309","2024-10-01T00:00:00Z","2024-09-01T00:00:00Z"
"USD","Usage",4668.759025,"ContractCommitmentDescription 1755","contractcommitment-208111","2024-10-01T00:00:00Z","2024-09-01T00:00:00Z",5205.777121,"Committed Use Discount","Hours","contract-123572","2024-10-01T00:00:00Z","2024-09-01T00:00:00Z"
"USD","Usage",2766.495387,"ContractCommitmentDescription 6228","contractcommitment-910326","2024-10-01T00:00:00Z","2024-09-01T00:00:00Z",4411.156228,"Reserved Instance","Hours","contract-256574","2024-10-01T00:00:00Z","2024-09-01T00:00:00Z"
"USD","Spend",2065.773796,"ContractCommitmentDescription 6739","contractcommitment-676051","2024-10-01T00:00:00Z","2024-09-01T00:00:00Z",3184.849119,"Reserved Instance","Hours","contract-701969","2024-10-01T00:00:00Z","2024-09-01T00:00:00Z"
"USD","Usage",5405.77102,"ContractCommitmentDescription 1831","contractcommitment-236392","2024-10-01T00:00:00Z","2024-09-01T00:00:00Z",289.926862,"Committed Use Discount","Hours","contract-211072","2024-10-01T00:00:00Z","2024-09-01T00:00:00Z"
"USD","Spend",7046.775937,"ContractCommitmentDescription 8304","contractcommitment-746253","2024-10-01T00:00:00Z","2024-09-01T00:00:00Z",3556.24313,"Savings Plan","Hours","contract-847528","2024-10-01T00:00:00Z","2024-09-01T00:00:00Z"
"USD","Usage",972.629968,"ContractCommitmentDescription 6085","contractcommitment-817727","2024-10-01T00:00:00Z","2024-09-01T00:00:00Z",6444.1861,"Savings Plan","Hours","contract-342948","2024-10-01T00:00:00Z","2024-09-01T00:00:00Z"
"USD","Usage",1833.530717,"ContractCommitmentDescription 6412","contractcommitment-927094","2024-10-01T00:00:00Z","2024-09-01T00:00:00Z",8607.915929,"Savings Plan","Hours","contract-611187","2024-10-01T00:00:00Z","2024-09-01T00:00:00Z"
"USD","Usage",4612.416837,"ContractCommitmentDescription 3798","contractcommitment-395968","2024-10-01T00:00:00Z","2024-09-01T00:00:00Z",7679.415148,"Committed Use Discount","Hours","contract-632623","2024-10-01T00:00:00Z","2024-09-01T00:00:00Z"
"USD","Spend",7924.309395,"ContractCommitmentDescription 9728","contractcommitment-583367","2024-10-01T00:00:00Z","2024-09-01T00:00:00Z",4008.164748,"Savings Plan","Hours","contract-751034","2024-10-01T00:00:00Z","2024-09-01T00:00:00Z"
"USD","Spend",3407.141582,"ContractCommitmentDescription 8063","contractcommitment-922412","2024-10-01T00:00:00Z","2024-09-01T00:00:00Z",9802.052262,"Committed Use Discount","Hours","contract-670977","2024-10-01T00:00:00Z","2024-09-01T00:00:00Z"
"USD","Usage",1143.228605,"ContractCommitmentDescription 8584","contractcommitment-441183","2024-10-01T00:00:00Z","2024-09-01T00:00:00Z",5550.877012,"Savings Plan","Hours","contract-422998","2024-10-01T00:00:00Z","2024-09-01T00:00:00Z"
"USD","Usage",3274.082429,"ContractCommitmentDescription 2007","contractcommitment-194930","2024-10-01T00:00:00Z","2024-09-01T00:00:00Z",2176.117734,"Reserved Instance","Hours","contract-893853","2024-10-01T00:00:00Z","2024-09-01T00:00:00Z"
"USD","Usage",6155.721663,"ContractCommitmentDescription 8326","contractcommitment-305171","2024-10-01T00:00:00Z","2024-09-01T00:00:00Z",2056.616819,"Savings Plan","Hours","contract-697978","2024-10-01T00:00:00Z","2024-09-01T00:00:00Z"
"USD","Spend",6114.907562,"ContractCommitmentDescription 9362","contractcommitment-523831","2024-10-01T00:00:00Z","2024-09-01T00:00:00Z",8476.367453,"Savings Plan","Hours","contract-487158","2024-10-01T00:00:00Z","2024-09-01T00:00:00Z"
"USD","Usage",8656.796368,"ContractCommitmentDescription 4854","contractcommitment-552686","2024-10-01T00:00:00Z","2024-09-01T00:00:00Z",7022.218823,"Savings Plan","Hours","contract-846348","2024-10-01T00:00:00Z","2024-09-01T00:00:00Z"
"USD","Spend",6624.875603,"ContractCommitmentDescription 8780","contractcommitment-245824","2024-10-01T00:00:00Z","2024-09-01T00:00:00Z",1882.268381,"Savings Plan","Hours","contract-980764","2024-10-01T00:00:00Z","2024-09-01T00:00:00Z"
"USD","Spend",717.459965,"ContractCommitmentDescription 1257","contractcommitment-250990","2024-10-01T00:00:00Z","2024-09-01T00:00:00Z",7213.392324,"Savings Plan","Hours","contract-242371","2024-10-01T00:00:00Z","2024-09-01T00:00:00Z"
"USD","Usage",6232.484816,"ContractCommitmentDescription 8444","contractcommitment-634160","2024-10-01T00:00:00Z","2024-09-01T00:00:00Z",4241.246846,"Savings Plan","Hours","contract-472566","2024-10-01T00:00:00Z","2024-09-01T00:00:00Z"
"USD","Usage",8468.038867,"ContractCommitmentDescription 4878","contractcommitment-846722","2024-10-01T00:00:00Z","2024-09-01T00:00:00Z",5017.288049,"Savings Plan","Hours","contract-704349","2024-10-01T00:00:00Z","2024-09-01T00:00:00Z"
"USD","Usage",1131.643696,"ContractCommitmentDescription 8889","contractcommitment-824038","2024-10-01T00:00:00Z","2024-09-01T00:00:00Z",800.631057,"Committed Use Discount","Hours","contract-887042","2024-10-01T00:00:00Z","2024-09-01T00:00:00Z"
"USD","Spend",2452.313041,"ContractCommitmentDescription 2279","contractcommitment-817303","2024-10-01T00:00:00Z","2024-09-01T00:00:00Z",6336.876641,"Committed Use Discount","Hours","contract-742818","2024-10-01T00:00:00Z","2024-09-01T00:00:00Z"
"USD","Usage",5126.631104,"ContractCommitmentDescription 8687","contractcommitment-701846","2024-10-01T00:00:00Z","2024-09-01T00:00:00Z",7338.145474,"Savings Plan","Hours","contract-936997","2024-10-01T00:00:00Z","2024-09-01T00:00:00Z"
"USD","Usage",7269.717141,"ContractCommitmentDescription 5267","contractcommitment-164401","2024-10-01T00:00:00Z","2024-09-01T00:00:00Z",6293.00054,"Committed Use Discount","Hours","contract-700687","2024-10-01T00:00:00Z","2024-09-01T00:00:00Z"
"USD","Usage",825.101668,"ContractCommitmentDescription 9283","contractcommitment-180595","2024-10-01T00:00:00Z","2024-09-01T00:00:00Z",8514.452561,"Savings Plan","Hours","contract-238976","2024-10-01T00:00:00Z","2024-09-01T00:00:00Z"
"USD","Spend",6038.215397,"ContractCommitmentDescription 3476","contractcommitment-791174","2024-10-01T00:00:00Z","2024-09-01T00:00:00Z",4466.531677,"Reserved Instance","Hours","contract-920539","2024-10-01T00:00:00Z","2024-09-01T00:00:00Z"
"USD","Usage",9840.716577,"ContractCommitmentDescription 3376","contractcommitment-724473","2024-10-01T00:00:00Z","2024-09-01T00:00:00Z",9339.418547,"Reserved Instance","Hours","contract-889327","2024-10-01T00:00:00Z","2024-09-01T00:00:00Z"
"USD","Spend",2108.567475,"ContractCommitmentDescription 6653","contractcommitment-156964","2024-10-01T00:00:00Z","2024-09-01T00:00:00Z",6422.610973,"Reserved Instance","Hours","contract-275741","2024-10-01T00:00:00Z","2024-09-01T00:00:00Z"
"USD","Spend",3798.007942,"ContractCommitmentDescription 7390","contractcommitment-597643","2024-10-01T00:00:00Z","2024-09-01T00:00:00Z",2626.251515,"Committed Use Discount","Hours","contract-112439","2024-10-01T00:00:00Z","2024-09-01T00:00:00Z"
"USD","Spend",973.643207,"ContractCommitmentDescription 9704","contractcommitment-768387","2024-10-01T00:00:00Z","2024-09-01T00:00:00Z",3538.280946,"Savings Plan","Hours","contract-451238","2024-10-01T00:00:00Z","2024-09-01T00:00:00Z"
"USD","Usage",4611.085934,"ContractCommitmentDescription 4961","contractcommitment-869983","2024-10-01T00:00:00Z","2024-09-01T00:00:00Z",6718.898534,"Reserved Instance","Hours","contract-453796","2024-10-01T00:00:00Z","2024-09-01T00:00:00Z"
"USD","Spend",8316.894998,"ContractCommitmentDescription 1195","contractcommitment-531225","2024-10-01T00:00:00Z","2024-09-01T00:00:00Z",976.987595,"Reserved Instance","Hours","contract-468591","2024-10-01T00:00:00Z","2024-09-01T00:00:00Z"
"USD","Spend",6193.972237,"ContractCommitmentDescription 1931","contractcommitment-722999","2024-10-01T00:00:00Z","2024-09-01T00:00:00Z",6566.055186,"Reserved Instance","Hours","contract-842470","2024-10-01T00:00:00Z","2024-09-01T00:00:00Z"
"USD","Spend",8960.016304,"ContractCommitmentDescription 4018","contractcommitment-365641","2024-10-01T00:00:00Z","2024-09-01T00:00:00Z",2945.686167,"Committed Use Discount","Hours","contract-769809","2024-10-01T00:00:00Z","2024-09-01T00:00:00Z"
"USD","Spend",7807.312986,"ContractCommitmentDescription 5543","contractcommitment-914854","2024-10-01T00:00:00Z","2024-09-01T00:00:00Z",623.873799,"Savings Plan","Hours","contract-162976","2024-10-01T00:00:00Z","2024-09-01T00:00:00Z"
"USD","Usage",9794.219801,"ContractCommitmentDescription 4287","contractcommitment-739947","2024-10-01T00:00:00Z","2024-09-01T00:00:00Z",3926.344453,"Committed Use Discount","Hours","contract-213697","2024-10-01T00:00:00Z","2024-09-01T00:00:00Z"
"USD","Spend",9126.092228,"ContractCommitmentDescription 5243","contractcommitment-208304","2024-10-01T00:00:00Z","2024-09-01T00:00:00Z",348.608946,"Reserved Instance","Hours","contract-914992","2024-10-01T00:00:00Z","2024-09-01T00:00:00Z"
"USD","Spend",9328.937235,"ContractCommitmentDescription 7397","contractcommitment-379378","2024-10-01T00:00:00Z","2024-09-01T00:00:00Z",1516.074739,"Savings Plan","Hours","contract-702553","2024-10-01T00:00:00Z","2024-09-01T00:00:00Z"
"USD","Usage",8440.491537,"ContractCommitmentDescription 2148","contractcommitment-666366","2024-10-01T00:00:00Z","2024-09-01T00:00:00Z",2258.46842,"Savings Plan","Hours","contract-227091","2024-10-01T00:00:00Z","2024-09-01T00:00:00Z"
"USD","Spend",6322.725266,"ContractCommitmentDescription 2485","contractcommitment-483102","2024-10-01T00:00:00Z","2024-09-01T00:00:00Z",5346.262966,"Savings Plan","Hours","contract-982042","2024-10-01T00:00:00Z","2024-09-01T00:00:00Z"
"USD","Spend",9675.129606,"ContractCommitmentDescription 4129","contractcommitment-413388","2024-10-01T00:00:00Z","2024-09-01T00:00:00Z",6958.822786,"Reserved Instance","Hours","contract-610135","2024-10-01T00:00:00Z","2024-09-01T00:00:00Z"
"USD","Spend",253.646055,"ContractCommitmentDescription 4907","contractcommitment-612997","2024-10-01T00:00:00Z","2024-09-01T00:00:00Z",3887.675335,"Committed Use Discount","Hours","contract-623956","2024-10-01T00:00:00Z","2024-09-01T00:00:00Z"
"USD","Usage",7877.785319,"ContractCommitmentDescription 1701","contractcommitment-525205","2024-10-01T00:00:00Z","2024-09-01T00:00:00Z",1181.871087,"Committed Use Discount","Hours","contract-580636","2024-10-01T00:00:00Z","2024-09-01T00:00:00Z"
"USD","Spend",4888.947133,"ContractCommitmentDescription 1312","contractcommitment-594109","2024-10-01T00:00:00Z","2024-09-01T00:00:00Z",9071.788782,"Committed Use Discount","Hours","contract-354471","2024-10-01T00:00:00Z","2024-09-01T00:00:00Z"
"USD","Spend",4561.845929,"ContractCommitmentDescription 3796","contractcommitment-975930","2024-10-01T00:00:00Z","2024-09-01T00:00:00Z",5910.424893,"Reserved Instance","Hours","contract-621292","2024-10-01T00:00:00Z","2024-09-01T00:00:00Z"
"USD","Usage",3242.34941,"ContractCommitmentDescription 9943","contractcommitment-244000","2024-10-01T00:00:00Z","2024-09-01T00:00:00Z",3215.898859,"Reserved Instance","Hours","contract-721894","2024-10-01T00:00:00Z","2024-09-01T00:00:00Z"
"USD","Spend",7575.500862,"ContractCommitmentDescription 3753","contractcommitment-830119","2024-10-01T00:00:00Z","2024-09-01T00:00:00Z",3699.273434,"Reserved Instance","Hours","contract-355479","2024-10-01T00:00:00Z","2024-09-01T00:00:00Z"
"USD","Spend",156.303263,"ContractCommitmentDescription 8978","contractcommitment-184643","2024-10-01T00:00:00Z","2024-09-01T00:00:00Z",63.495786,"Reserved Instance","Hours","contract-841071","2024-10-01T00:00:00Z","2024-09-01T00:00:00Z"
"USD","Spend",6398.257037,"ContractCommitmentDescription 9570","contractcommitment-572298","2024-10-01T00:00:00Z","2024-09-01T00:00:00Z",4120.313245,"Reserved Instance","Hours","contract-725236","2024-10-01T00:00:00Z","2024-09-01T00:00:00Z"
"USD","Usage",3478.535668,"ContractCommitmentDescription 1074","contractcommitment-684801","2024-10-01T00:00:00Z","2024-09-01T00:00:00Z",2356.390073,"Reserved Instance","Hours","contract-200331","2024-10-01T00:00:00Z","2024-09-01T00:00:00Z"
"USD","Spend",2764.265839,"ContractCommitmentDescription 4173","contractcommitment-218152","2024-10-01T00:00:00Z","2024-09-01T00:00:00Z",7966.129716,"Committed Use Discount","Hours","contract-621682","2024-10-01T00:00:00Z","2024-09-01T00:00:00Z"
"USD","Usage",2850.6452,"ContractCommitmentDescription 8121","contractcommitment-363592","2024-10-01T00:00:00Z","2024-09-01T00:00:00Z",3342.946292,"Savings Plan","Hours","contract-209493","2024-10-01T00:00:00Z","2024-09-01T00:00:00Z"
"USD","Usage",5149.037176,"ContractCommitmentDescription 2160","contractcommitment-346729","2024-10-01T00:00:00Z","2024-09-01T00:00:00Z",7214.030806,"Committed Use Discount","Hours","contract-539422","2024-10-01T00:00:00Z","2024-09-01T00:00:00Z"
"USD","Spend",980.641338,"ContractCommitmentDescription 7759","contractcommitment-309668","2024-10-01T00:00:00Z","2024-09-01T00:00:00Z",3755.323879,"Reserved Instance","Hours","contract-593869","2024-10-01T00:00:00Z","2024-09-01T00:00:00Z"
"USD","Usage",1780.607655,"ContractCommitmentDescription 7119","contractcommitment-243030","2024-10-01T00:00:00Z","2024-09-01T00:00:00Z",4577.40193,"Reserved Instance","Hours","contract-382795","2024-10-01T00:00:00Z","2024-09-01T00:00:00Z"
"USD","Spend",2806.041549,"ContractCommitmentDescription 2820","contractcommitment-993021","2024-10-01T00:00:00Z","2024-09-01T00:00:00Z",4655.342956,"Savings Plan","Hours","contract-897273","2024-10-01T00:00:00Z","2024-09-01T00:00:00Z"
"USD","Spend",5781.214459,"ContractCommitmentDescription 4763","contractcommitment-190674","2024-10-01T00:00:00Z","2024-09-01T00:00:00Z",4116.961424,"Committed Use Discount","Hours","contract-326956","2024-10-01T00:00:00Z","2024-09-01T00:00:00Z"
"USD","Usage",7361.788591,"ContractCommitmentDescription 5041","contractcommitment-359870","2024-10-01T00:00:00Z","2024-09-01T00:00:00Z",3272.959473,"Committed Use Discount","Hours","contract-720517","2024-10-01T00:00:00Z","2024-09-01T00:00:00Z"
"USD","Spend",9912.735035,"ContractCommitmentDescription 9261","contractcommitment-135253","2024-10-01T00:00:00Z","2024-09-01T00:00:00Z",4256.976435,"Savings Plan","Hours","contract-949049","2024-10-01T00:00:00Z","2024-09-01T00:00:00Z"
"USD","Spend",6931.59839,"ContractCommitmentDescription 7662","contractcommitment-328596","2024-10-01T00:00:00Z","2024-09-01T00:00:00Z",1327.120018,"Savings Plan","Hours","contract-779099","2024-10-01T00:00:00Z","2024-09-01T00:00:00Z"
"USD","Usage",8579.221112,"ContractCommitmentDescription 1399","contractcommitment-576935","2024-10-01T00:00:00Z","2024-09-01T00:00:00Z",4637.606425,"Reserved Instance","Hours","contract-293929","2024-10-01T00:00:00Z","2024-09-01T00:00:00Z"
"USD","Spend",3848.792679,"ContractCommitmentDescription 6454","contractcommitment-656710","2024-10-01T00:00:00Z","2024-09-01T00:00:00Z",327.141754,"Savings Plan","Hours","contract-831963","2024-10-01T00:00:00Z","2024-09-01T00:00:00Z"
"USD","Spend",5147.364806,"ContractCommitmentDescription 6963","contractcommitment-154067","2024-10-01T00:00:00Z","2024-09-01T00:00:00Z",1109.665437,"Savings Plan","Hours","contract-749208","2024-10-01T00:00:00Z","2024-09-01T00:00:00Z"
"USD","Spend",5607.582086,"ContractCommitmentDescription 4354","contractcommitment-245129","2024-10-01T00:00:00Z","2024-09-01T00:00:00Z",9812.516223,"Reserved Instance","Hours","contract-219073","2024-10-01T00:00:00Z","2024-09-01T00:00:00Z"
"USD","Usage",8979.330381,"ContractCommitmentDescription 9250","contractcommitment-813269","2024-10-01T00:00:00Z","2024-09-01T00:00:00Z",4229.291251,"Reserved Instance","Hours","contract-490923","2024-10-01T00:00:00Z","2024-09-01T00:00:00Z"
"USD","Spend",4701.638498,"ContractCommitmentDescription 9714","contractcommitment-811257","2024-10-01T00:00:00Z","2024-09-01T00:00:00Z",8253.79018,"Savings Plan","Hours","contract-751114","2024-10-01T00:00:00Z","2024-09-01T00:00:00Z"
"USD","Spend",3906.825028,"ContractCommitmentDescription 3929","contractcommitment-402380","2024-10-01T00:00:00Z","2024-09-01T00:00:00Z",9582.565051,"Reserved Instance","Hours","contract-272769","2024-10-01T00:00:00Z","2024-09-01T00:00:00Z"
"USD","Spend",5206.876394,"ContractCommitmentDescription 1371","contractcommitment-407410","2024-10-01T00:00:00Z","2024-09-01T00:00:00Z",4165.366588,"Committed Use Discount","Hours","contract-238440","2024-10-01T00:00:00Z","2024-09-01T00:00:00Z"
"USD","Spend",2915.167972,"ContractCommitmentDescription 2031","contractcommitment-123107","2024-10-01T00:00:00Z","2024-09-01T00:00:00Z",8717.937008,"Reserved Instance","Hours","contract-775987","2024-10-01T00:00:00Z","2024-09-01T00:00:00Z"
"USD","Usage",4861.483916,"ContractCommitmentDescription 9686","contractcommitment-982804","2024-10-01T00:00:00Z","2024-09-01T00:00:00Z",5484.687123,"Savings Plan","Hours","contract-694806","2024-10-01T00:00:00Z","2024-09-01T00:00:00Z"
"USD","Usage",3719.023166,"ContractCommitmentDescription 5720","contractcommitment-907141","2024-10-01T00:00:00Z","2024-09-01T00:00:00Z",8455.137092,"Reserved Instance","Hours","contract-398196","2024-10-01T00:00:00Z","2024-09-01T00:00:00Z"
"USD","Usage",1822.805105,"ContractCommitmentDescription 3873","contractcommitment-980103","2024-10-01T00:00:00Z","2024-09-01T00:00:00Z",7081.111572,"Committed Use Discount","Hours","contract-269087","2024-10-01T00:00:00Z","2024-09-01T00:00:00Z"
"USD","Spend",4408.886378,"ContractCommitmentDescription 7056","contractcommitment-293458","2024-10-01T00:00:00Z","2024-09-01T00:00:00Z",2051.553619,"Committed Use Discount","Hours","contract-797883","2024-10-01T00:00:00Z","2024-09-01T00:00:00Z"
"USD","Spend",5336.429574,"ContractCommitmentDescription 2990","contractcommitment-126135","2024-10-01T00:00:00Z","2024-09-01T00:00:00Z",4045.623312,"Savings Plan","Hours","contract-580290","2024-10-01T00:00:00Z","2024-09-01T00:00:00Z"
"USD","Usage",6472.43952,"ContractCommitmentDescription 5842","contractcommitment-596931","2024-10-01T00:00:00Z","2024-09-01T00:00:00Z",8959.774546,"Committed Use Discount","Hours","contract-938416","2024-10-01T00:00:00Z","2024-09-01T00:00:00Z"
"USD","Spend",6780.08337,"ContractCommitmentDescription 2914","contractcommitment-423047","2024-10-01T00:00:00Z","2024-09-01T00:00:00Z",247.955948,"Committed Use Discount","Hours","contract-567636","2024-10-01T00:00:00Z","2024-09-01T00:00:00Z"
"USD","Spend",5834.314415,"ContractCommitmentDescription 4639","contractcommitment-919234","2024-10-01T00:00:00Z","2024-09-01T00:00:00Z",9356.650767,"Savings Plan","Hours","contract-123643","2024-10-01T00:00:00Z","2024-09-01T00:00:00Z"
"USD","Usage",1944.500393,"ContractCommitmentDescription 6206","contractcommitment-732471","2024-10-01T00:00:00Z","2024-09-01T00:00:00Z",6050.778218,"Reserved Instance","Hours","contract-516869","2024-10-01T00:00:00Z","2024-09-01T00:00:00Z"
"USD","Spend",2846.503656,"ContractCommitmentDescription 6756","contractcommitment-423050","2024-10-01T00:00:00Z","2024-09-01T00:00:00Z",9775.236282,"Committed Use Discount","Hours","contract-326172","2024-10-01T00:00:00Z","2024-09-01T00:00:00Z"
"USD","Usage",7286.055155,"ContractCommitmentDescription 7786","contractcommitment-246347","2024-10-01T00:00:00Z","2024-09-01T00:00:00Z",8355.115323,"Committed Use Discount","Hours","contract-250616","2024-10-01T00:00:00Z","2024-09-01T00:00:00Z"
"USD","Spend",9331.529957,"ContractCommitmentDescription 7156","contractcommitment-192744","2024-10-01T00:00:00Z","2024-09-01T00:00:00Z",66.188679,"Committed Use Discount","Hours","contract-534649","2024-10-01T00:00:00Z","2024-09-01T00:00:00Z"
"USD","Spend",1860.064181,"ContractCommitmentDescription 7254","contractcommitment-403524","2024-10-01T00:00:00Z","2024-09-01T00:00:00Z",5538.669265,"Reserved Instance","Hours","contract-975126","2024-10-01T00:00:00Z","2024-09-01T00:00:00Z"
"USD","Spend",7912.195474,"ContractCommitmentDescription 3523","contractcommitment-375436","2024-10-01T00:00:00Z","2024-09-01T00:00:00Z",3001.69408,"Committed Use Discount","Hours","contract-230208","2024-10-01T00:00:00Z","2024-09-01T00:00:00Z"
"USD","Spend",284.425849,"ContractCommitmentDescription 5541","contractcommitment-617000","2024-10-01T00:00:00Z","2024-09-01T00:00:00Z",9943.329541,"Reserved Instance","Hours","contract-709291","2024-10-01T00:00:00Z","2024-09-01T00:00:00Z"
"USD","Usage",9742.587484,"ContractCommitmentDescription 2959","contractcommitment-491330","2024-10-01T00:00:00Z","2024-09-01T00:00:00Z",5125.258694,"Committed Use Discount","Hours","contract-986340","2024-10-01T00:00:00Z","2024-09-01T00:00:00Z"
"USD","Usage",4610.439679,"ContractCommitmentDescription 3219","contractcommitment-474745","2024-10-01T00:00:00Z","2024-09-01T00:00:00Z",1633.088518,"Savings Plan","Hours","contract-539892","2024-10-01T00:00:00Z","2024-09-01T00:00:00Z"
"USD","Spend",5138.664931,"ContractCommitmentDescription 4002","contractcommitment-901834","2024-10-01T00:00:00Z","2024-09-01T00:00:00Z",945.086524,"Reserved Instance","Hours","contract-438277","2024-10-01T00:00:00Z","2024-09-01T00:00:00Z"
"USD","Usage",8233.148168,"ContractCommitmentDescription 1211","contractcommitment-243601","2024-10-01T00:00:00Z","2024-09-01T00:00:00Z",5181.707463,"Savings Plan","Hours","contract-532007","2024-10-01T00:00:00Z","2024-09-01T00:00:00Z"
"USD","Spend",8315.735548,"ContractCommitmentDescription 9612","contractcommitment-987168","2024-10-01T00:00:00Z","2024-09-01T00:00:00Z",5320.956537,"Committed Use Discount","Hours","contract-537619","2024-10-01T00:00:00Z","2024-09-01T00:00:00Z"
"USD","Usage",3482.099124,"ContractCommitmentDescription 6940","contractcommitment-245766","2024-10-01T00:00:00Z","2024-09-01T00:00:00Z",8170.387033,"Committed Use Discount","Hours","contract-900681","2024-10-01T00:00:00Z","2024-09-01T00:00:00Z"
"USD","Spend",2223.578478,"ContractCommitmentDescription 3332","contractcommitment-821469","2024-10-01T00:00:00Z","2024-09-01T00:00:00Z",2265.744307,"Reserved Instance","Hours","contract-236543","2024-10-01T00:00:00Z","2024-09-01T00:00:00Z"
"USD","Usage",7573.340344,"ContractCommitmentDescription 1696","contractcommitment-305888","2024-10-01T00:00:00Z","2024-09-01T00:00:00Z",1078.173819,"Committed Use Discount","Hours","contract-721990","2024-10-01T00:00:00Z","2024-09-01T00:00:00Z"
"USD","Spend",3016.458054,"ContractCommitmentDescription 1168","contractcommitment-891203","2024-10-01T00:00:00Z","2024-09-01T00:00:00Z",965.035989,"Reserved Instance","Hours","contract-716146","2024-10-01T00:00:00Z","2024-09-01T00:00:00Z"
"USD","Spend",1455.569777,"ContractCommitmentDescription 5544","contractcommitment-707913","2024-10-01T00:00:00Z","2024-09-01T00:00:00Z",3478.365418,"Reserved Instance","Hours","contract-918730","2024-10-01T00:00:00Z","2024-09-01T00:00:00Z"
"USD","Spend",5288.387404,"ContractCommitmentDescription 4138","contractcommitment-395548","2024-10-01T00:00:00Z","2024-09-01T00:00:00Z",1717.734628,"Committed Use Discount","Hours","contract-860583","2024-10-01T00:00:00Z","2024-09-01T00:00:00Z"
"USD","Spend",4396.658292,"ContractCommitmentDescription 2758","contractcommitment-289633","2024-10-01T00:00:00Z","2024-09-01T00:00:00Z",8347.421538,"Savings Plan","Hours","contract-324682","2024-10-01T00:00:00Z","2024-09-01T00:00:00Z"
"USD","Usage",1103.161612,"ContractCommitmentDescription 3226","contractcommitment-619900","2024-10-01T00:00:00Z","2024-09-01T00:00:00Z",7622.736794,"Committed Use Discount","Hours","contract-684195","2024-10-01T00:00:00Z","2024-09-01T00:00:00Z"
"USD","Usage",2836.114426,"ContractCommitmentDescription 6111","contractcommitment-820420","2024-10-01T00:00:00Z","2024-09-01T00:00:00Z",9761.790472,"Savings Plan","Hours","contract-680822","2024-10-01T00:00:00Z","2024-09-01T00:00:00Z"
"USD","Usage",9390.820017,"ContractCommitmentDescription 7020","contractcommitment-288006","2024-10-01T00:00:00Z","2024-09-01T00:00:00Z",127.858445,"Committed Use Discount","Hours","contract-804743","2024-10-01T00:00:00Z","2024-09-01T00:00:00Z"
"USD","Spend",1192.178439,"ContractCommitmentDescription 7468","contractcommitment-520085","2024-10-01T00:00:00Z","2024-09-01T00:00:00Z",6950.37116,"Reserved Instance","Hours","contract-167853","2024-10-01T00:00:00Z","2024-09-01T00:00:00Z"
"USD","Usage",1227.621677,"ContractCommitmentDescription 7958","contractcommitment-860427","2024-10-01T00:00:00Z","2024-09-01T00:00:00Z",4991.101122,"Committed Use Discount","Hours","contract-893041","2024-10-01T00:00:00Z","2024-09-01T00:00:00Z"
"USD","Usage",5114.145151,"ContractCommitmentDescription 3414","contractcommitment-905305","2024-10-01T00:00:00Z","2024-09-01T00:00:00Z",4546.347418,"Reserved Instance","Hours","contract-613111","2024-10-01T00:00:00Z","2024-09-01T00:00:00Z"
"USD","Spend",7377.983559,"ContractCommitmentDescription 2117","contractcommitment-622332","2024-10-01T00:00:00Z","2024-09-01T00:00:00Z",6781.074407,"Reserved Instance","Hours","contract-733952","2024-10-01T00:00:00Z","2024-09-01T00:00:00Z"
"USD","Spend",7601.714438,"ContractCommitmentDescription 9518","contractcommitment-904857","2024-10-01T00:00:00Z","2024-09-01T00:00:00Z",4921.875134,"Savings Plan","Hours","contract-407823","2024-10-01T00:00:00Z","2024-09-01T00:00:00Z"
"USD","Usage",8094.815974,"ContractCommitmentDescription 9856","contractcommitment-673172","2024-10-01T00:00:00Z","2024-09-01T00:00:00Z",176.703926,"Reserved Instance","Hours","contract-224921","2024-10-01T00:00:00Z","2024-09-01T00:00:00Z"
"USD","Usage",359.811189,"ContractCommitmentDescription 3897","contractcommitment-683707","2024-10-01T00:00:00Z","2024-09-01T00:00:00Z",6594.11027,"Savings Plan","Hours","contract-615353","2024-10-01T00:00:00Z","2024-09-01T00:00:00Z"
"USD","Spend",5688.552236,"ContractCommitmentDescription 9037","contractcommitment-792142","2024-10-01T00:00:00Z","2024-09-01T00:00:00Z",5537.838987,"Committed Use Discount","Hours","contract-599028","2024-10-01T00:00:00Z","2024-09-01T00:00:00Z"
"USD","Usage",5910.451187,"ContractCommitmentDescription 7189","contractcommitment-746908","2024-10-01T00:00:00Z","2024-09-01T00:00:00Z",6764.877837,"Savings Plan","Hours","contract-164407","2024-10-01T00:00:00Z","2024-09-01T00:00:00Z"
"USD","Usage",8095.534276,"ContractCommitmentDescription 1440","contractcommitment-902364","2024-10-01T00:00:00Z","2024-09-01T00:00:00Z",8913.428905,"Savings Plan","Hours","contract-202078","2024-10-01T00:00:00Z","2024-09-01T00:00:00Z"
"USD","Spend",6612.400058,"ContractCommitmentDescription 5056","contractcommitment-346019","2024-10-01T00:00:00Z","2024-09-01T00:00:00Z",6480.828249,"Committed Use Discount","Hours","contract-821411","2024-10-01T00:00:00Z","2024-09-01T00:00:00Z"
"USD","Spend",5384.168128,"ContractCommitmentDescription 1612","contractcommitment-583298","2024-10-01T00:00:00Z","2024-09-01T00:00:00Z",6577.677866,"Savings Plan","Hours","contract-541631","2024-10-01T00:00:00Z","2024-09-01T00:00:00Z"
"USD","Usage",3777.375934,"ContractCommitmentDescription 7394","contractcommitment-438083","2024-10-01T00:00:00Z","2024-09-01T00:00:00Z",5725.386448,"Savings Plan","Hours","contract-824423","2024-10-01T00:00:00Z","2024-09-01T00:00:00Z"
"USD","Usage",1666.272179,"ContractCommitmentDescription 5907","contractcommitment-480983","2024-10-01T00:00:00Z","2024-09-01T00:00:00Z",9694.277528,"Reserved Instance","Hours","contract-766311","2024-10-01T00:00:00Z","2024-09-01T00:00:00Z"
"USD","Spend",2973.20269,"ContractCommitmentDescription 7586","contractcommitment-943687","2024-10-01T00:00:00Z","2024-09-01T00:00:00Z",2258.85977,"Committed Use Discount","Hours","contract-852570","2024-10-01T00:00:00Z","2024-09-01T00:00:00Z"
"USD","Usage",4271.058903,"ContractCommitmentDescription 6690","contractcommitment-934301","2024-10-01T00:00:00Z","2024-09-01T00:00:00Z",766.615916,"Savings Plan","Hours","contract-943187","2024-10-01T00:00:00Z","2024-09-01T00:00:00Z"
"USD","Spend",4143.142507,"ContractCommitmentDescription 5116","contractcommitment-755322","2024-10-01T00:00:00Z","2024-09-01T00:00:00Z",5153.692324,"Committed Use Discount","Hours","contract-289373","2024-10-01T00:00:00Z","2024-09-01T00:00:00Z"
"USD","Spend",6608.06216,"ContractCommitmentDescription 8656","contractcommitment-380951","2024-10-01T00:00:00Z","2024-09-01T00:00:00Z",9371.629256,"Committed Use Discount","Hours","contract-693616","2024-10-01T00:00:00Z","2024-09-01T00:00:00Z"
"USD","Spend",2403.739478,"ContractCommitmentDescription 5919","contractcommitment-985126","2024-10-01T00:00:00Z","2024-09-01T00:00:00Z",4353.887842,"Savings Plan","Hours","contract-764721","2024-10-01T00:00:00Z","2024-09-01T00:00:00Z"
"USD","Spend",2564.466349,"ContractCommitmentDescription 4868","contractcommitment-525581","2024-10-01T00:00:00Z","2024-09-01T00:00:00Z",2384.834224,"Reserved Instance","Hours","contract-129049","2024-10-01T00:00:00Z","2024-09-01T00:00:00Z"
"USD","Usage",4220.191289,"ContractCommitmentDescription 1606","contractcommitment-311802","2024-10-01T00:00:00Z","2024-09-01T00:00:00Z",1593.584886,"Reserved Instance","Hours","contract-370948","2024-10-01T00:00:00Z","2024-09-01T00:00:00Z"
"USD","Usage",7822.33745,"ContractCommitmentDescription 1906","contractcommitment-188006","2024-10-01T00:00:00Z","2024-09-01T00:00:00Z",3139.047742,"Savings Plan","Hours","contract-526777","2024-10-01T00:00:00Z","2024-09-01T00:00:00Z"
"USD","Spend",5709.733794,"ContractCommitmentDescription 9196","contractcommitment-226502","2024-10-01T00:00:00Z","2024-09-01T00:00:00Z",5219.575589,"Committed Use Discount","Hours","contract-364039","2024-10-01T00:00:00Z","2024-09-01T00:00:00Z"
"USD","Usage",3292.85911,"ContractCommitmentDescription 7388","contractcommitment-944986","2024-10-01T00:00:00Z","2024-09-01T00:00:00Z",7483.742293,"Reserved Instance","Hours","contract-328598","2024-10-01T00:00:00Z","2024-09-01T00:00:00Z"
"USD","Usage",4083.755557,"ContractCommitmentDescription 1916","contractcommitment-614178","2024-10-01T00:00:00Z","2024-09-01T00:00:00Z",5334.699703,"Committed Use Discount","Hours","contract-431863","2024-10-01T00:00:00Z","2024-09-01T00:00:00Z"
"USD","Spend",3629.980123,"ContractCommitmentDescription 7025","contractcommitment-961264","2024-10-01T00:00:00Z","2024-09-01T00:00:00Z",3081.713991,"Committed Use Discount","Hours","contract-982348","2024-10-01T00:00:00Z","2024-09-01T00:00:00Z"
"USD","Usage",6389.490586,"ContractCommitmentDescription 6945","contractcommitment-951706","2024-10-01T00:00:00Z","2024-09-01T00:00:00Z",6852.483386,"Committed Use Discount","Hours","contract-999308","2024-10-01T00:00:00Z","2024-09-01T00:00:00Z"
"USD","Usage",902.503277,"ContractCommitmentDescription 4857","contractcommitment-411870","2024-10-01T00:00:00Z","2024-09-01T00:00:00Z",2103.864913,"Reserved Instance","Hours","contract-762021","2024-10-01T00:00:00Z","2024-09-01T00:00:00Z"
"USD","Usage",4710.912834,"ContractCommitmentDescription 7765","contractcommitment-982023","2024-10-01T00:00:00Z","2024-09-01T00:00:00Z",3327.222147,"Savings Plan","Hours","contract-964446","2024-10-01T00:00:00Z","2024-09-01T00:00:00Z"
"USD","Usage",6021.15942,"ContractCommitmentDescription 9973","contractcommitment-873624","2024-10-01T00:00:00Z","2024-09-01T00:00:00Z",3267.683421,"Committed Use Discount","Hours","contract-898989","2024-10-01T00:00:00Z","2024-09-01T00:00:00Z"
"USD","Spend",30.758038,"ContractCommitmentDescription 4278","contractcommitment-758816","2024-10-01T00:00:00Z","2024-09-01T00:00:00Z",3055.475378,"Committed Use Discount","Hours","contract-216211","2024-10-01T00:00:00Z","2024-09-01T00:00:00Z"
"USD","Usage",7926.422949,"ContractCommitmentDescription 6233","contractcommitment-573421","2024-10-01T00:00:00Z","2024-09-01T00:00:00Z",4783.6548,"Committed Use Discount","Hours","contract-373342","2024-10-01T00:00:00Z","2024-09-01T00:00:00Z"
"USD","Spend",4144.964246,"ContractCommitmentDescription 3980","contractcommitment-512608","2024-10-01T00:00:00Z","2024-09-01T00:00:00Z",8763.900129,"Committed Use Discount","Hours","contract-121741","2024-10-01T00:00:00Z","2024-09-01T00:00:00Z"
"USD","Spend",9068.447805,"ContractCommitmentDescription 8576","contractcommitment-307897","2024-10-01T00:00:00Z","2024-09-01T00:00:00Z",2617.831655,"Reserved Instance","Hours","contract-520515","2024-10-01T00:00:00Z","2024-09-01T00:00:00Z"
"USD","Usage",1701.228838,"ContractCommitmentDescription 2922","contractcommitment-114800","2024-10-01T00:00:00Z","2024-09-01T00:00:00Z",7185.834238,"Savings Plan","Hours","contract-967442","2024-10-01T00:00:00Z","2024-09-01T00:00:00Z"
"USD","Usage",2879.619729,"ContractCommitmentDescription 9096","contractcommitment-500633","2024-10-01T00:00:00Z","2024-09-01T00:00:00Z",1301.993313,"Reserved Instance","Hours","contract-964119","2024-10-01T00:00:00Z","2024-09-01T00:00:00Z"
"USD","Spend",287.731162,"ContractCommitmentDescription 5289","contractcommitment-346924","2024-10-01T00:00:00Z","2024-09-01T00:00:00Z",6176.802401,"Reserved Instance","Hours","contract-711218","2024-10-01T00:00:00Z","2024-09-01T00:00:00Z"
"USD","Usage",9743.991769,"ContractCommitmentDescription 7513","contractcommitment-820216","2024-10-01T00:00:00Z","2024-09-01T00:00:00Z",2122.176641,"Savings Plan","Hours","contract-871861","2024-10-01T00:00:00Z","2024-09-01T00:00:00Z"
"USD","Spend",3328.625406,"ContractCommitmentDescription 4847","contractcommitment-593808","2024-10-01T00:00:00Z","2024-09-01T00:00:00Z",9082.265374,"Committed Use Discount","Hours","contract-105621","2024-10-01T00:00:00Z","2024-09-01T00:00:00Z"
"USD","Usage",6712.620211,"ContractCommitmentDescription 3166","contractcommitment-686741","2024-10-01T00:00:00Z","2024-09-01T00:00:00Z",411.249889,"Reserved Instance","Hours","contract-278117","2024-10-01T00:00:00Z","2024-09-01T00:00:00Z"
"USD","Usage",7102.555747,"ContractCommitmentDescription 8093","contractcommitment-248683","2024-10-01T00:00:00Z","2024-09-01T00:00:00Z",2604.060107,"Savings Plan","Hours","contract-234082","2024-10-01T00:00:00Z","2024-09-01T00:00:00Z"
"USD","Usage",6129.315706,"ContractCommitmentDescription 5321","contractcommitment-642085","2024-10-01T00:00:00Z","2024-09-01T00:00:00Z",3130.103159,"Reserved Instance","Hours","contract-872663","2024-10-01T00:00:00Z","2024-09-01T00:00:00Z"
"USD","Spend",1486.20807,"ContractCommitmentDescription 4766","contractcommitment-292037","2024-10-01T00:00:00Z","2024-09-01T00:00:00Z",358.622482,"Savings Plan","Hours","contract-840255","2024-10-01T00:00:00Z","2024-09-01T00:00:00Z"
"USD","Usage",3565.201162,"ContractCommitmentDescription 8949","contractcommitment-579995","2024-10-01T00:00:00Z","2024-09-01T00:00:00Z",4929.8855,"Committed Use Discount","Hours","contract-229660","2024-10-01T00:00:00Z","2024-09-01T00:00:00Z"
"USD","Spend",7499.366515,"ContractCommitmentDescription 5469","contractcommitment-690607","2024-10-01T00:00:00Z","2024-09-01T00:00:00Z",8908.945222,"Committed Use Discount","Hours","contract-711893","2024-10-01T00:00:00Z","2024-09-01T00:00:00Z"
"USD","Spend",2461.574358,"ContractCommitmentDescription 9161","contractcommitment-809790","2024-10-01T00:00:00Z","2024-09-01T00:00:00Z",943.052239,"Savings Plan","Hours","contract-398090","2024-10-01T00:00:00Z","2024-09-01T00:00:00Z"
"USD","Usage",1537.754687,"ContractCommitmentDescription 2328","contractcommitment-582589","2024-10-01T00:00:00Z","2024-09-01T00:00:00Z",8306.992256,"Committed Use Discount","Hours","contract-576111","2024-10-01T00:00:00Z","2024-09-01T00:00:00Z"
"USD","Spend",6561.72757,"ContractCommitmentDescription 8423","contractcommitment-440698","2024-10-01T00:00:00Z","2024-09-01T00:00:00Z",9474.183972,"Committed Use Discount","Hours","contract-321634","2024-10-01T00:00:00Z","2024-09-01T00:00:00Z"
"USD","Spend",5471.562218,"ContractCommitmentDescription 7248","contractcommitment-197046","2024-10-01T00:00:00Z","2024-09-01T00:00:00Z",3988.58497,"Reserved Instance","Hours","contract-908323","2024-10-01T00:00:00Z","2024-09-01T00:00:00Z"
"USD","Usage",7794.925451,"ContractCommitmentDescription 5668","contractcommitment-778604","2024-10-01T00:00:00Z","2024-09-01T00:00:00Z",7525.585663,"Committed Use Discount","Hours","contract-226460","2024-10-01T00:00:00Z","2024-09-01T00:00:00Z"
"USD","Spend",3590.442588,"ContractCommitmentDescription 2574","contractcommitment-972470","2024-10-01T00:00:00Z","2024-09-01T00:00:00Z",3674.568274,"Reserved Instance","Hours","contract-567080","2024-10-01T00:00:00Z","2024-09-01T00:00:00Z"
"USD","Usage",902.223494,"ContractCommitmentDescription 7922","contractcommitment-950389","2024-10-01T00:00:00Z","2024-09-01T00:00:00Z",3682.360322,"Reserved Instance","Hours","contract-761322","2024-10-01T00:00:00Z","2024-09-01T00:00:00Z"
"USD","Usage",6764.40032,"ContractCommitmentDescription 3540","contractcommitment-619383","2024-10-01T00:00:00Z","2024-09-01T00:00:00Z",5272.787111,"Committed Use Discount","Hours","contract-188049","2024-10-01T00:00:00Z","2024-09-01T00:00:00Z"
"USD","Usage",1486.065387,"ContractCommitmentDescription 3093","contractcommitment-817555","2024-10-01T00:00:00Z","2024-09-01T00:00:00Z",9029.036187,"Reserved Instance","Hours","contract-548509","2024-10-01T00:00:00Z","2024-09-01T00:00:00Z"
"USD","Spend",5134.145178,"ContractCommitmentDescription 9366","contractcommitment-545554","2024-10-01T00:00:00Z","2024-09-01T00:00:00Z",4130.194045,"Savings Plan","Hours","contract-472724","2024-10-01T00:00:00Z","2024-09-01T00:00:00Z"
"USD","Spend",7405.161683,"ContractCommitmentDescription 8583","contractcommitment-288274","2024-10-01T00:00:00Z","2024-09-01T00:00:00Z",7861.770927,"Savings Plan","Hours","contract-187336","2024-10-01T00:00:00Z","2024-09-01T00:00:00Z"
"USD","Usage",7573.542645,"ContractCommitmentDescription 8371","contractcommitment-754112","2024-10-01T00:00:00Z","2024-09-01T00:00:00Z",8078.340684,"Savings Plan","Hours","contract-321321","2024-10-01T00:00:00Z","2024-09-01T00:00:00Z"
"USD","Spend",4337.989206,"ContractCommitmentDescription 1293","contractcommitment-106131","2024-10-01T00:00:00Z","2024-09-01T00:00:00Z",3949.33843,"Reserved Instance","Hours","contract-787657","2024-10-01T00:00:00Z","2024-09-01T00:00:00Z"
"USD","Usage",3027.99982,"ContractCommitmentDescription 6910","contractcommitment-824211","2024-10-01T00:00:00Z","2024-09-01T00:00:00Z",6738.031429,"Committed Use Discount","Hours","contract-943726","2024-10-01T00:00:00Z","2024-09-01T00:00:00Z"
"USD","Spend",1119.125025,"ContractCommitmentDescription 1260","contractcommitment-829842","2024-10-01T00:00:00Z","2024-09-01T00:00:00Z",9705.203637,"Reserved Instance","Hours","contract-604487","2024-10-01T00:00:00Z","2024-09-01T00:00:00Z"
"USD","Spend",3009.178696,"ContractCommitmentDescription 8592","contractcommitment-255362","2024-10-01T00:00:00Z","2024-09-01T00:00:00Z",4739.890875,"Reserved Instance","Hours","contract-274174","2024-10-01T00:00:00Z","2024-09-01T00:00:00Z"
"USD","Usage",5852.262694,"ContractCommitmentDescription 4298","contractcommitment-409153","2024-10-01T00:00:00Z","2024-09-01T00:00:00Z",5694.304617,"Savings Plan","Hours","contract-450067","2024-10-01T00:00:00Z","2024-09-01T00:00:00Z"
"USD","Usage",7370.783134,"ContractCommitmentDescription 5764","contractcommitment-138815","2024-10-01T00:00:00Z","2024-09-01T00:00:00Z",4874.965131,"Savings Plan","Hours","contract-719749","2024-10-01T00:00:00Z","2024-09-01T00:00:00Z"
"USD","Usage",5764.03352,"ContractCommitmentDescription 2040","contractcommitment-380859","2024-10-01T00:00:00Z","2024-09-01T00:00:00Z",8928.771961,"Savings Plan","Hours","contract-222621","2024-10-01T00:00:00Z","2024-09-01T00:00:00Z"
"USD","Usage",208.069247,"ContractCommitmentDescription 5718","contractcommitment-861485","2024-10-01T00:00:00Z","2024-09-01T00:00:00Z",1922.012975,"Savings Plan","Hours","contract-343377","2024-10-01T00:00:00Z","2024-09-01T00:00:00Z"
"USD","Usage",1311.585671,"ContractCommitmentDescription 5806","contractcommitment-858115","2024-10-01T00:00:00Z","2024-09-01T00:00:00Z",7113.851859,"Savings Plan","Hours","contract-934637","2024-10-01T00:00:00Z","2024-09-01T00:00:00Z"
"USD","Spend",6670.564524,"ContractCommitmentDescription 3115","contractcommitment-281708","2024-10-01T00:00:00Z","2024-09-01T00:00:00Z",1994.842228,"Committed Use Discount","Hours","contract-205805","2024-10-01T00:00:00Z","2024-09-01T00:00:00Z"
"USD","Spend",9992.612229,"ContractCommitmentDescription 6878","contractcommitment-373477","2024-10-01T00:00:00Z","2024-09-01T00:00:00Z",3570.438748,"Reserved Instance","Hours","contract-968167","2024-10-01T00:00:00Z","2024-09-01T00:00:00Z"
"USD","Spend",1206.880328,"ContractCommitmentDescription 4671","contractcommitment-609990","2024-10-01T00:00:00Z","2024-09-01T00:00:00Z",2578.22141,"Savings Plan","Hours","contract-906747","2024-10-01T00:00:00Z","2024-09-01T00:00:00Z"
"USD","Spend",7064.049173,"ContractCommitmentDescription 8173","contractcommitment-937798","2024-10-01T00:00:00Z","2024-09-01T00:00:00Z",4571.356398,"Reserved Instance","Hours","contract-919621","2024-10-01T00:00:00Z","2024-09-01T00:00:00Z"
"USD","Spend",6299.261162,"ContractCommitmentDescription 4365","contractcommitment-479205","2024-10-01T00:00:00Z","2024-09-01T00:00:00Z",1570.325474,"Savings Plan","Hours","contract-898977","2024-10-01T00:00:00Z","2024-09-01T00:00:00Z"
"USD","Spend",1229.834694,"ContractCommitmentDescription 4307","contractcommitment-560438","2024-10-01T00:00:00Z","2024-09-01T00:00:00Z",9696.366669,"Reserved Instance","Hours","contract-975365","2024-10-01T00:00:00Z","2024-09-01T00:00:00Z"
"USD","Spend",2660.156293,"ContractCommitmentDescription 7799","contractcommitment-478162","2024-10-01T00:00:00Z","2024-09-01T00:00:00Z",6294.40402,"Reserved Instance","Hours","contract-889794","2024-10-01T00:00:00Z","2024-09-01T00:00:00Z"
"USD","Usage",8980.652575,"ContractCommitmentDescription 9456","contractcommitment-933206","2024-10-01T00:00:00Z","2024-09-01T00:00:00Z",6821.986389,"Reserved Instance","Hours","contract-252656","2024-10-01T00:00:00Z","2024-09-01T00:00:00Z"
"USD","Usage",4016.508682,"ContractCommitmentDescription 3692","contractcommitment-555157","2024-10-01T00:00:00Z","2024-09-01T00:00:00Z",614.683285,"Reserved Instance","Hours","contract-702466","2024-10-01T00:00:00Z","2024-09-01T00:00:00Z"
"USD","Usage",7215.510439,"ContractCommitmentDescription 6139","contractcommitment-460875","2024-10-01T00:00:00Z","2024-09-01T00:00:00Z",79.022335,"Savings Plan","Hours","contract-740051","2024-10-01T00:00:00Z","2024-09-01T00:00:00Z"
"USD","Usage",6974.709656,"ContractCommitmentDescription 7627","contractcommitment-913066","2024-10-01T00:00:00Z","2024-09-01T00:00:00Z",1972.957543,"Savings Plan","Hours","contract-138766","2024-10-01T00:00:00Z","2024-09-01T00:00:00Z"
"USD","Usage",2137.345157,"ContractCommitmentDescription 9383","contractcommitment-678589","2024-10-01T00:00:00Z","2024-09-01T00:00:00Z",3122.524136,"Savings Plan","Hours","contract-124559","2024-10-01T00:00:00Z","2024-09-01T00:00:00Z"
"USD","Usage",7265.092464,"ContractCommitmentDescription 9278","contractcommitment-215806","2024-10-01T00:00:00Z","2024-09-01T00:00:00Z",7319.861655,"Savings Plan","Hours","contract-757446","2024-10-01T00:00:00Z","2024-09-01T00:00:00Z"
"USD","Usage",5724.352802,"ContractCommitmentDescription 1085","contractcommitment-575159","2024-10-01T00:00:00Z","2024-09-01T00:00:00Z",3389.802946,"Reserved Instance","Hours","contract-985517","2024-10-01T00:00:00Z","2024-09-01T00:00:00Z"
"USD","Spend",7143.509789,"ContractCommitmentDescription 9514","contractcommitment-873337","2024-10-01T00:00:00Z","2024-09-01T00:00:00Z",2476.333313,"Savings Plan","Hours","contract-710658","2024-10-01T00:00:00Z","2024-09-01T00:00:00Z"
"USD","Usage",8284.376294,"ContractCommitmentDescription 2342","contractcommitment-196729","2024-10-01T00:00:00Z","2024-09-01T00:00:00Z",621.936725,"Reserved Instance","Hours","contract-325217","2024-10-01T00:00:00Z","2024-09-01T00:00:00Z"
"USD","Usage",8720.147927,"ContractCommitmentDescription 9172","contractcommitment-767377","2024-10-01T00:00:00Z","2024-09-01T00:00:00Z",4234.22195,"Savings Plan","Hours","contract-867260","2024-10-01T00:00:00Z","2024-09-01T00:00:00Z"
"USD","Usage",7111.505677,"ContractCommitmentDescription 3119","contractcommitment-838747","2024-10-01T00:00:00Z","2024-09-01T00:00:00Z",5131.854852,"Committed Use Discount","Hours","contract-828205","2024-10-01T00:00:00Z","2024-09-01T00:00:00Z"
"USD","Spend",9440.695611,"ContractCommitmentDescription 7051","contractcommitment-224535","2024-10-01T00:00:00Z","2024-09-01T00:00:00Z",6016.002137,"Savings Plan","Hours","contract-226737","2024-10-01T00:00:00Z","2024-09-01T00:00:00Z"
"USD","Spend",1177.422134,"ContractCommitmentDescription 5995","contractcommitment-492649","2024-10-01T00:00:00Z","2024-09-01T00:00:00Z",3032.600827,"Savings Plan","Hours","contract-929637","2024-10-01T00:00:00Z","2024-09-01T00:00:00Z"
"USD","Usage",8890.572062,"ContractCommitmentDescription 4532","contractcommitment-291970","2024-10-01T00:00:00Z","2024-09-01T00:00:00Z",8191.250692,"Savings Plan","Hours","contract-228270","2024-10-01T00:00:00Z","2024-09-01T00:00:00Z"
"USD","Usage",5657.639761,"ContractCommitmentDescription 6534","contractcommitment-919304","2024-10-01T00:00:00Z","2024-09-01T00:00:00Z",3773.056304,"Committed Use Discount","Hours","contract-898963","2024-10-01T00:00:00Z","2024-09-01T00:00:00Z"
"USD","Usage",1489.825909,"ContractCommitmentDescription 6328","contractcommitment-193653","2024-10-01T00:00:00Z","2024-09-01T00:00:00Z",7998.116212,"Committed Use Discount","Hours","contract-506045","2024-10-01T00:00:00Z","2024-09-01T00:00:00Z"
"USD","Usage",7359.127945,"ContractCommitmentDescription 2450","contractcommitment-273659","2024-10-01T00:00:00Z","2024-09-01T00:00:00Z",7072.086262,"Committed Use Discount","Hours","contract-688297","2024-10-01T00:00:00Z","2024-09-01T00:00:00Z"
"USD","Spend",9572.928069,"ContractCommitmentDescription 9548","contractcommitment-298595","2024-10-01T00:00:00Z","2024-09-01T00:00:00Z",7505.585736,"Committed Use Discount","Hours","contract-226126","2024-10-01T00:00:00Z","2024-09-01T00:00:00Z"
"USD","Usage",846.479446,"ContractCommitmentDescription 9741","contractcommitment-736333","2024-10-01T00:00:00Z","2024-09-01T00:00:00Z",3204.311609,"Committed Use Discount","Hours","contract-615346","2024-10-01T00:00:00Z","2024-09-01T00:00:00Z"
"USD","Spend",8596.484104,"ContractCommitmentDescription 6199","contractcommitment-500567","2024-10-01T00:00:00Z","2024-09-01T00:00:00Z",2571.777932,"Reserved Instance","Hours","contract-668096","2024-10-01T00:00:00Z","2024-09-01T00:00:00Z"
"USD","Spend",1542.273708,"ContractCommitmentDescription 7672","contractcommitment-811572","2024-10-01T00:00:00Z","2024-09-01T00:00:00Z",1691.91048,"Committed Use Discount","Hours","contract-290272","2024-10-01T00:00:00Z","2024-09-01T00:00:00Z"
"USD","Usage",1424.605505,"ContractCommitmentDescription 6311","contractcommitment-370463","2024-10-01T00:00:00Z","2024-09-01T00:00:00Z",3755.131583,"Reserved Instance","Hours","contract-312398","2024-10-01T00:00:00Z","2024-09-01T00:00:00Z"
"USD","Usage",9493.57056,"ContractCommitmentDescription 5412","contractcommitment-163577","2024-10-01T00:00:00Z","2024-09-01T00:00:00Z",3183.364456,"Committed Use Discount","Hours","contract-168637","2024-10-01T00:00:00Z","2024-09-01T00:00:00Z"
"USD","Usage",5540.752632,"ContractCommitmentDescription 2663","contractcommitment-358281","2024-10-01T00:00:00Z","2024-09-01T00:00:00Z",7629.782971,"Committed Use Discount","Hours","contract-419409","2024-10-01T00:00:00Z","2024-09-01T00:00:00Z"
"USD","Spend",3733.052205,"ContractCommitmentDescription 3755","contractcommitment-920011","2024-10-01T00:00:00Z","2024-09-01T00:00:00Z",2451.614852,"Savings Plan","Hours","contract-143822","2024-10-01T00:00:00Z","2024-09-01T00:00:00Z"
"USD","Spend",5.429317,"ContractCommitmentDescription 8900","contractcommitment-386578","2024-10-01T00:00:00Z","2024-09-01T00:00:00Z",5978.677515,"Committed Use Discount","Hours","contract-468488","2024-10-01T00:00:00Z","2024-09-01T00:00:00Z"
"USD","Spend",7391.829456,"ContractCommitmentDescription 2145","contractcommitment-415242","2024-10-01T00:00:00Z","2024-09-01T00:00:00Z",897.151038,"Committed Use Discount","Hours","contract-970840","2024-10-01T00:00:00Z","2024-09-01T00:00:00Z"
"USD","Usage",8839.316121,"ContractCommitmentDescription 6613","contractcommitment-766023","2024-10-01T00:00:00Z","2024-09-01T00:00:00Z",2613.605334,"Committed Use Discount","Hours","contract-386275","2024-10-01T00:00:00Z","2024-09-01T00:00:00Z"
"USD","Usage",158.746162,"ContractCommitmentDescription 3190","contractcommitment-777844","2024-10-01T00:00:00Z","2024-09-01T00:00:00Z",9222.57781,"Committed Use Discount","Hours","contract-104487","2024-10-01T00:00:00Z","2024-09-01T00:00:00Z"
"USD","Usage",7624.652415,"ContractCommitmentDescription 9816","contractcommitment-185090","2024-10-01T00:00:00Z","2024-09-01T00:00:00Z",7873.052349,"Committed Use Discount","Hours","contract-664814","2024-10-01T00:00:00Z","2024-09-01T00:00:00Z"
"USD","Usage",8274.668351,"ContractCommitmentDescription 6864","contractcommitment-505537","2024-10-01T00:00:00Z","2024-09-01T00:00:00Z",1771.866369,"Committed Use Discount","Hours","contract-230824","2024-10-01T00:00:00Z","2024-09-01T00:00:00Z"
"USD","Spend",7431.444453,"ContractCommitmentDescription 5606","contractcommitment-813612","2024-10-01T00:00:00Z","2024-09-01T00:00:00Z",9213.986897,"Savings Plan","Hours","contract-194336","2024-10-01T00:00:00Z","2024-09-01T00:00:00Z"
"USD","Spend",2807.56358,"ContractCommitmentDescription 4425","contractcommitment-107482","2024-10-01T00:00:00Z","2024-09-01T00:00:00Z",1960.86794,"Committed Use Discount","Hours","contract-216335","2024-10-01T00:00:00Z","2024-09-01T00:00:00Z"
"USD","Spend",6598.384212,"ContractCommitmentDescription 3875","contractcommitment-168535","2024-10-01T00:00:00Z","2024-09-01T00:00:00Z",5881.645838,"Committed Use Discount","Hours","contract-233620","2024-10-01T00:00:00Z","2024-09-01T00:00:00Z"
"USD","Usage",1918.515477,"ContractCommitmentDescription 1378","contractcommitment-826648","2024-10-01T00:00:00Z","2024-09-01T00:00:00Z",6777.344609,"Committed Use Discount","Hours","contract-813745","2024-10-01T00:00:00Z","2024-09-01T00:00:00Z"
"USD","Usage",8443.415537,"ContractCommitmentDescription 7666","contractcommitment-387347","2024-10-01T00:00:00Z","2024-09-01T00:00:00Z",1217.176965,"Committed Use Discount","Hours","contract-619647","2024-10-01T00:00:00Z","2024-09-01T00:00:00Z"
"USD","Usage",9183.914916,"ContractCommitmentDescription 9723","contractcommitment-570665","2024-10-01T00:00:00Z","2024-09-01T00:00:00Z",3162.419647,"Savings Plan","Hours","contract-450964","2024-10-01T00:00:00Z","2024-09-01T00:00:00Z"
"USD","Usage",9577.756828,"ContractCommitmentDescription 5095","contractcommitment-306440","2024-10-01T00:00:00Z","2024-09-01T00:00:00Z",1644.815753,"Savings Plan","Hours","contract-756403","2024-10-01T00:00:00Z","2024-09-01T00:00:00Z"
"USD","Usage",8405.075837,"ContractCommitmentDescription 5049","contractcommitment-213079","2024-10-01T00:00:00Z","2024-09-01T00:00:00Z",4735.765251,"Savings Plan","Hours","contract-961545","2024-10-01T00:00:00Z","2024-09-01T00:00:00Z"
"USD","Usage",7640.985705,"ContractCommitmentDescription 8314","contractcommitment-707056","2024-10-01T00:00:00Z","2024-09-01T00:00:00Z",1248.263723,"Reserved Instance","Hours","contract-495727","2024-10-01T00:00:00Z","2024-09-01T00:00:00Z"
"USD","Spend",3014.71074,"ContractCommitmentDescription 8075","contractcommitment-168986","2024-10-01T00:00:00Z","2024-09-01T00:00:00Z",1018.275818,"Reserved Instance","Hours","contract-409242","2024-10-01T00:00:00Z","2024-09-01T00:00:00Z"
"USD","Spend",8645.827442,"ContractCommitmentDescription 1173","contractcommitment-575436","2024-10-01T00:00:00Z","2024-09-01T00:00:00Z",3839.200248,"Savings Plan","Hours","contract-456113","2024-10-01T00:00:00Z","2024-09-01T00:00:00Z"
"USD","Spend",1080.065899,"ContractCommitmentDescription 1201","contractcommitment-724086","2024-10-01T00:00:00Z","2024-09-01T00:00:00Z",7132.993942,"Committed Use Discount","Hours","contract-701056","2024-10-01T00:00:00Z","2024-09-01T00:00:00Z"
"USD","Usage",7246.230365,"ContractCommitmentDescription 8284","contractcommitment-294954","2024-10-01T00:00:00Z","2024-09-01T00:00:00Z",2431.524779,"Reserved Instance","Hours","contract-233882","2024-10-01T00:00:00Z","2024-09-01T00:00:00Z"
"USD","Usage",3111.882402,"ContractCommitmentDescription 9866","contractcommitment-913166","2024-10-01T00:00:00Z","2024-09-01T00:00:00Z",1456.246834,"Savings Plan","Hours","contract-732636","2024-10-01T00:00:00Z","2024-09-01T00:00:00Z"
"USD","Spend",573.176461,"ContractCommitmentDescription 9308","contractcommitment-958976","2024-10-01T00:00:00Z","2024-09-01T00:00:00Z",8351.749298,"Reserved Instance","Hours","contract-460517","2024-10-01T00:00:00Z","2024-09-01T00:00:00Z"
"USD","Usage",1893.555721,"ContractCommitmentDescription 8794","contractcommitment-828531","2024-10-01T00:00:00Z","2024-09-01T00:00:00Z",6918.410061,"Savings Plan","Hours","contract-993395","2024-10-01T00:00:00Z","2024-09-01T00:00:00Z"
"USD","Spend",1048.478965,"ContractCommitmentDescription 1691","contractcommitment-620021","2024-10-01T00:00:00Z","2024-09-01T00:00:00Z",2194.058815,"Reserved Instance","Hours","contract-826894","2024-10-01T00:00:00Z","2024-09-01T00:00:00Z"
"USD","Usage",7345.861775,"ContractCommitmentDescription 6431","contractcommitment-946485","2024-10-01T00:00:00Z","2024-09-01T00:00:00Z",7400.813876,"Reserved Instance","Hours","contract-293194","2024-10-01T00:00:00Z","2024-09-01T00:00:00Z"
"USD","Spend",5546.916061,"ContractCommitmentDescription 3333","contractcommitment-404691","2024-10-01T00:00:00Z","2024-09-01T00:00:00Z",4404.081195,"Committed Use Discount","Hours","contract-146037","2024-10-01T00:00:00Z","2024-09-01T00:00:00Z"
"USD","Spend",8853.822296,"ContractCommitmentDescription 3855","contractcommitment-456324","2024-10-01T00:00:00Z","2024-09-01T00:00:00Z",8475.341838,"Reserved Instance","Hours","contract-305507","2024-10-01T00:00:00Z","2024-09-01T00:00:00Z"
"USD","Spend",3789.227579,"ContractCommitmentDescription 2818","contractcommitment-454820","2024-10-01T00:00:00Z","2024-09-01T00:00:00Z",9361.141042,"Savings Plan","Hours","contract-351815","2024-10-01T00:00:00Z","2024-09-01T00:00:00Z"
"USD","Usage",8783.878364,"ContractCommitmentDescription 2071","contractcommitment-224249","2024-10-01T00:00:00Z","2024-09-01T00:00:00Z",1444.322458,"Reserved Instance","Hours","contract-300992","2024-10-01T00:00:00Z","2024-09-01T00:00:00Z"
"USD","Spend",9210.13594,"ContractCommitmentDescription 4098","contractcommitment-995940","2024-10-01T00:00:00Z","2024-09-01T00:00:00Z",5354.683421,"Reserved Instance","Hours","contract-359178","2024-10-01T00:00:00Z","2024-09-01T00:00:00Z"
"USD","Usage",2092.375735,"ContractCommitmentDescription 2333","contractcommitment-922781","2024-10-01T00:00:00Z","2024-09-01T00:00:00Z",4706.672936,"Committed Use Discount","Hours","contract-275566","2024-10-01T00:00:00Z","2024-09-01T00:00:00Z"
"USD","Usage",1789.985174,"ContractCommitmentDescription 7125","contractcommitment-651001","2024-10-01T00:00:00Z","2024-09-01T00:00:00Z",6945.096737,"Committed Use Discount","Hours","contract-596771","2024-10-01T00:00:00Z","2024-09-01T00:00:00Z"
"USD","Spend",2071.995975,"ContractCommitmentDescription 4325","contractcommitment-574040","2024-10-01T00:00:00Z","2024-09-01T00:00:00Z",8631.682637,"Savings Plan","Hours","contract-420863","2024-10-01T00:00:00Z","2024-09-01T00:00:00Z"
"USD","Usage",5505.519739,"ContractCommitmentDescription 3200","contractcommitment-888133","2024-10-01T00:00:00Z","2024-09-01T00:00:00Z",840.281494,"Savings Plan","Hours","contract-468653","2024-10-01T00:00:00Z","2024-09-01T00:00:00Z"
"USD","Usage",4261.023436,"ContractCommitmentDescription 8660","contractcommitment-553515","2024-10-01T00:00:00Z","2024-09-01T00:00:00Z",4089.527754,"Savings Plan","Hours","contract-386281","2024-10-01T00:00:00Z","2024-09-01T00:00:00Z"
"USD","Usage",6453.548526,"ContractCommitmentDescription 6883","contractcommitment-186422","2024-10-01T00:00:00Z","2024-09-01T00:00:00Z",2945.178214,"Committed Use Discount","Hours","contract-673206","2024-10-01T00:00:00Z","2024-09-01T00:00:00Z"
"USD","Spend",3602.368909,"ContractCommitmentDescription 9946","contractcommitment-310036","2024-10-01T00:00:00Z","2024-09-01T00:00:00Z",3337.578416,"Committed Use Discount","Hours","contract-362168","2024-10-01T00:00:00Z","2024-09-01T00:00:00Z"
"USD","Usage",85.338784,"ContractCommitmentDescription 5906","contractcommitment-395536","2024-10-01T00:00:00Z","2024-09-01T00:00:00Z",8223.088559,"Savings Plan","Hours","contract-961784","2024-10-01T00:00:00Z","2024-09-01T00:00:00Z"
"USD","Usage",2275.784927,"ContractCommitmentDescription 4438","contractcommitment-597484","2024-10-01T00:00:00Z","2024-09-01T00:00:00Z",2337.231898,"Committed Use Discount","Hours","contract-857607","2024-10-01T00:00:00Z","2024-09-01T00:00:00Z"
"USD","Usage",7701.31066,"ContractCommitmentDescription 7843","contractcommitment-319765","2024-10-01T00:00:00Z","2024-09-01T00:00:00Z",4386.808012,"Committed Use Discount","Hours","contract-492901","2024-10-01T00:00:00Z","2024-09-01T00:00:00Z"
"USD","Spend",4998.002113,"ContractCommitmentDescription 6810","contractcommitment-456329","2024-10-01T00:00:00Z","2024-09-01T00:00:00Z",2254.906402,"Savings Plan","Hours","contract-899897","2024-10-01T00:00:00Z","2024-09-01T00:00:00Z"
"USD","Spend",9221.441905,"ContractCommitmentDescription 3518","contractcommitment-446292","2024-10-01T00:00:00Z","2024-09-01T00:00:00Z",5681.908848,"Committed Use Discount","Hours","contract-499841","2024-10-01T00:00:00Z","2024-09-01T00:00:00Z"
"USD","Spend",4747.776546,"ContractCommitmentDescription 6387","contractcommitment-697179","2024-10-01T00:00:00Z","2024-09-01T00:00:00Z",9619.381461,"Committed Use Discount","Hours","contract-197770","2024-10-01T00:00:00Z","2024-09-01T00:00:00Z"
"USD","Spend",8264.748282,"ContractCommitmentDescription 9005","contractcommitment-128142","2024-10-01T00:00:00Z","2024-09-01T00:00:00Z",1866.921052,"Reserved Instance","Hours","contract-397604","2024-10-01T00:00:00Z","2024-09-01T00:00:00Z"
"USD","Usage",574.531806,"ContractCommitmentDescription 9495","contractcommitment-111583","2024-10-01T00:00:00Z","2024-09-01T00:00:00Z",1718.257168,"Savings Plan","Hours","contract-264663","2024-10-01T00:00:00Z","2024-09-01T00:00:00Z"
"USD","Spend",3889.928978,"ContractCommitmentDescription 4382","contractcommitment-236243","2024-10-01T00:00:00Z","2024-09-01T00:00:00Z",8704.490677,"Savings Plan","Hours","contract-957626","2024-10-01T00:00:00Z","2024-09-01T00:00:00Z"
"USD","Spend",5024.750212,"ContractCommitmentDescription 8519","contractcommitment-388820","2024-10-01T00:00:00Z","2024-09-01T00:00:00Z",2017.027289,"Reserved Instance","Hours","contract-167077","2024-10-01T00:00:00Z","2024-09-01T00:00:00Z"
"USD","Usage",4602.0456,"ContractCommitmentDescription 1640","contractcommitment-873105","2024-10-01T00:00:00Z","2024-09-01T00:00:00Z",911.026767,"Committed Use Discount","Hours","contract-463627","2024-10-01T00:00:00Z","2024-09-01T00:00:00Z"
"USD","Spend",1795.781098,"ContractCommitmentDescription 8079","contractcommitment-580067","2024-10-01T00:00:00Z","2024-09-01T00:00:00Z",3846.649968,"Committed Use Discount","Hours","contract-832453","2024-10-01T00:00:00Z","2024-09-01T00:00:00Z"
"USD","Usage",8825.558322,"ContractCommitmentDescription 9810","contractcommitment-406068","2024-10-01T00:00:00Z","2024-09-01T00:00:00Z",6666.569406,"Reserved Instance","Hours","contract-617459","2024-10-01T00:00:00Z","2024-09-01T00:00:00Z"
"USD","Spend",5043.948424,"ContractCommitmentDescription 6341","contractcommitment-530016","2024-10-01T00:00:00Z","2024-09-01T00:00:00Z",4509.359834,"Savings Plan","Hours","contract-630647","2024-10-01T00:00:00Z","2024-09-01T00:00:00Z"
"USD","Usage",3811.555679,"ContractCommitmentDescription 7542","contractcommitment-997343","2024-10-01T00:00:00Z","2024-09-01T00:00:00Z",1944.035843,"Reserved Instance","Hours","contract-362779","2024-10-01T00:00:00Z","2024-09-01T00:00:00Z"
"USD","Usage",682.371712,"ContractCommitmentDescription 9985","contractcommitment-788938","2024-10-01T00:00:00Z","2024-09-01T00:00:00Z",2422.93609,"Savings Plan","Hours","contract-593656","2024-10-01T00:00:00Z","2024-09-01T00:00:00Z"
"USD","Spend",1772.366039,"ContractCommitmentDescription 3034","contractcommitment-660625","2024-10-01T00:00:00Z","2024-09-01T00:00:00Z",7414.464831,"Reserved Instance","Hours","contract-804005","2024-10-01T00:00:00Z","2024-09-01T00:00:00Z"
"USD","Spend",2166.724333,"ContractCommitmentDescription 1564","contractcommitment-807835","2024-10-01T00:00:00Z","2024-09-01T00:00:00Z",5322.988049,"Savings Plan","Hours","contract-977135","2024-10-01T00:00:00Z","2024-09-01T00:00:00Z"
"USD","Spend",486.646948,"ContractCommitmentDescription 7183","contractcommitment-904377","2024-10-01T00:00:00Z","2024-09-01T00:00:00Z",2017.380515,"Reserved Instance","Hours","contract-350127","2024-10-01T00:00:00Z","2024-09-01T00:00:00Z"
"USD","Spend",3371.166424,"ContractCommitmentDescription 4148","contractcommitment-812989","2024-10-01T00:00:00Z","2024-09-01T00:00:00Z",6689.494555,"Reserved Instance","Hours","contract-935635","2024-10-01T00:00:00Z","2024-09-01T00:00:00Z"
"USD","Spend",8156.243364,"ContractCommitmentDescription 6286","contractcommitment-689356","2024-10-01T00:00:00Z","2024-09-01T00:00:00Z",6267.864346,"Committed Use Discount","Hours","contract-668016","2024-10-01T00:00:00Z","2024-09-01T00:00:00Z"
"USD","Spend",3565.763259,"ContractCommitmentDescription 3844","contractcommitment-115722","2024-10-01T00:00:00Z","2024-09-01T00:00:00Z",4021.394898,"Savings Plan","Hours","contract-508091","2024-10-01T00:00:00Z","2024-09-01T00:00:00Z"
"USD","Usage",6499.449955,"ContractCommitmentDescription 7045","contractcommitment-146073","2024-10-01T00:00:00Z","2024-09-01T00:00:00Z",673.312685,"Reserved Instance","Hours","contract-416181","2024-10-01T00:00:00Z","2024-09-01T00:00:00Z"
"USD","Usage",9590.347044,"ContractCommitmentDescription 6314","contractcommitment-761519","2024-10-01T00:00:00Z","2024-09-01T00:00:00Z",6963.153659,"Committed Use Discount","Hours","contract-448176","2024-10-01T00:00:00Z","2024-09-01T00:00:00Z"
"USD","Usage",176.487983,"ContractCommitmentDescription 8354","contractcommitment-500945","2024-10-01T00:00:00Z","2024-09-01T00:00:00Z",5110.261413,"Committed Use Discount","Hours","contract-627874","2024-10-01T00:00:00Z","2024-09-01T00:00:00Z"
"USD","Usage",2363.963257,"ContractCommitmentDescription 8020","contractcommitment-894029","2024-10-01T00:00:00Z","2024-09-01T00:00:00Z",2435.457306,"Reserved Instance","Hours","contract-244237","2024-10-01T00:00:00Z","2024-09-01T00:00:00Z"
"USD","Usage",2043.853301,"ContractCommitmentDescription 1621","contractcommitment-349628","2024-10-01T00:00:00Z","2024-09-01T00:00:00Z",9234.091396,"Committed Use Discount","Hours","contract-875165","2024-10-01T00:00:00Z","2024-09-01T00:00:00Z"
"USD","Spend",5208.728596,"ContractCommitmentDescription 7797","contractcommitment-779525","2024-10-01T00:00:00Z","2024-09-01T00:00:00Z",8127.105407,"Reserved Instance","Hours","contract-988075","2024-10-01T00:00:00Z","2024-09-01T00:00:00Z"
"USD","Spend",9066.320577,"ContractCommitmentDescription 5068","contractcommitment-940383","2024-10-01T00:00:00Z","2024-09-01T00:00:00Z",6873.498387,"Committed Use Discount","Hours","contract-737600","2024-10-01T00:00:00Z","2024-09-01T00:00:00Z"
"USD","Spend",646.168803,"ContractCommitmentDescription 9055","contractcommitment-173384","2024-10-01T00:00:00Z","2024-09-01T00:00:00Z",9536.611899,"Reserved Instance","Hours","contract-314140","2024-10-01T00:00:00Z","2024-09-01T00:00:00Z"
"USD","Spend",2363.101282,"ContractCommitmentDescription 2280","contractcommitment-546944","2024-10-01T00:00:00Z","2024-09-01T00:00:00Z",7249.891048,"Savings Plan","Hours","contract-856729","2024-10-01T00:00:00Z","2024-09-01T00:00:00Z"
"USD","Spend",3031.007073,"ContractCommitmentDescription 8344","contractcommitment-766478","2024-10-01T00:00:00Z","2024-09-01T00:00:00Z",2014.010047,"Savings Plan","Hours","contract-477048","2024-10-01T00:00:00Z","2024-09-01T00:00:00Z"
"USD","Usage",5052.925543,"ContractCommitmentDescription 8101","contractcommitment-897257","2024-10-01T00:00:00Z","2024-09-01T00:00:00Z",1558.78468,"Savings Plan","Hours","contract-898940","2024-10-01T00:00:00Z","2024-09-01T00:00:00Z"
"USD","Spend",5528.521368,"ContractCommitmentDescription 3878","contractcommitment-369789","2024-10-01T00:00:00Z","2024-09-01T00:00:00Z",3804.502373,"Savings Plan","Hours","contract-396983","2024-10-01T00:00:00Z","2024-09-01T00:00:00Z"
"USD","Usage",1366.563493,"ContractCommitmentDescription 8688","contractcommitment-305222","2024-10-01T00:00:00Z","2024-09-01T00:00:00Z",1547.244557,"Reserved Instance","Hours","contract-113457","2024-10-01T00:00:00Z","2024-09-01T00:00:00Z"
"USD","Usage",3840.374238,"ContractCommitmentDescription 6043","contractcommitment-772188","2024-10-01T00:00:00Z","2024-09-01T00:00:00Z",9875.220626,"Reserved Instance","Hours","contract-140712","2024-10-01T00:00:00Z","2024-09-01T00:00:00Z"
"USD","Usage",9570.968766,"ContractCommitmentDescription 6711","contractcommitment-634363","2024-10-01T00:00:00Z","2024-09-01T00:00:00Z",7091.284654,"Committed Use Discount","Hours","contract-830286","2024-10-01T00:00:00Z","2024-09-01T00:00:00Z"
"USD","Usage",345.075721,"ContractCommitmentDescription 6921","contractcommitment-761601","2024-10-01T00:00:00Z","2024-09-01T00:00:00Z",7065.589553,"Reserved Instance","Hours","contract-374025","2024-10-01T00:00:00Z","2024-09-01T00:00:00Z"
"USD","Spend",123.373875,"ContractCommitmentDescription 2512","contractcommitment-775699","2024-10-01T00:00:00Z","2024-09-01T00:00:00Z",7116.094672,"Savings Plan","Hours","contract-840367","2024-10-01T00:00:00Z","2024-09-01T00:00:00Z"
"USD","Usage",2528.712354,"ContractCommitmentDescription 5951","contractcommitment-624966","2024-10-01T00:00:00Z","2024-09-01T00:00:00Z",9676.83431,"Committed Use Discount","Hours","contract-714549","2024-10-01T00:00:00Z","2024-09-01T00:00:00Z"
"USD","Usage",8142.280217,"ContractCommitmentDescription 5407","contractcommitment-885100","2024-10-01T00:00:00Z","2024-09-01T00:00:00Z",2095.255549,"Committed Use Discount","Hours","contract-832964","2024-10-01T00:00:00Z","2024-09-01T00:00:00Z"
"USD","Spend",698.41495,"ContractCommitmentDescription 7845","contractcommitment-650462","2024-10-01T00:00:00Z","2024-09-01T00:00:00Z",4168.423239,"Savings Plan","Hours","contract-278922","2024-10-01T00:00:00Z","2024-09-01T00:00:00Z"
"USD","Usage",1819.843315,"ContractCommitmentDescription 2806","contractcommitment-572552","2024-10-01T00:00:00Z","2024-09-01T00:00:00Z",5670.921342,"Reserved Instance","Hours","contract-310701","2024-10-01T00:00:00Z","2024-09-01T00:00:00Z"
"USD","Usage",6268.373796,"ContractCommitmentDescription 2789","contractcommitment-767349","2024-10-01T00:00:00Z","2024-09-01T00:00:00Z",1661.261326,"Savings Plan","Hours","contract-496077","2024-10-01T00:00:00Z","2024-09-01T00:00:00Z"
"USD","Spend",4778.971187,"ContractCommitmentDescription 2651","contractcommitment-109968","2024-10-01T00:00:00Z","2024-09-01T00:00:00Z",610.564669,"Reserved Instance","Hours","contract-201546","2024-10-01T00:00:00Z","2024-09-01T00:00:00Z"
"USD","Usage",9321.283809,"ContractCommitmentDescription 8753","contractcommitment-893679","2024-10-01T00:00:00Z","2024-09-01T00:00:00Z",3370.299682,"Savings Plan","Hours","contract-488796","2024-10-01T00:00:00Z","2024-09-01T00:00:00Z"
"USD","Usage",3784.356982,"ContractCommitmentDescription 1937","contractcommitment-473323","2024-10-01T00:00:00Z","2024-09-01T00:00:00Z",8730.774323,"Reserved Instance","Hours","contract-579114","2024-10-01T00:00:00Z","2024-09-01T00:00:00Z"
"USD","Usage",9510.619394,"ContractCommitmentDescription 5072","contractcommitment-486326","2024-10-01T00:00:00Z","2024-09-01T00:00:00Z",4519.180776,"Committed Use Discount","Hours","contract-639926","2024-10-01T00:00:00Z","2024-09-01T00:00:00Z"
"USD","Usage",8734.344918,"ContractCommitmentDescription 6333","contractcommitment-810860","2024-10-01T00:00:00Z","2024-09-01T00:00:00Z",4443.061593,"Committed Use Discount","Hours","contract-519603","2024-10-01T00:00:00Z","2024-09-01T00:00:00Z"
"USD","Spend",7342.77743,"ContractCommitmentDescription 5814","contractcommitment-736667","2024-10-01T00:00:00Z","2024-09-01T00:00:00Z",1950.769552,"Reserved Instance","Hours","contract-699672","2024-10-01T00:00:00Z","2024-09-01T00:00:00Z"
"USD","Usage",1680.528514,"ContractCommitmentDescription 8311","contractcommitment-221297","2024-10-01T00:00:00Z","2024-09-01T00:00:00Z",4821.685453,"Committed Use Discount","Hours","contract-355177","2024-10-01T00:00:00Z","2024-09-01T00:00:00Z"
"USD","Usage",9933.61471,"ContractCommitmentDescription 1478","contractcommitment-268018","2024-10-01T00:00:00Z","2024-09-01T00:00:00Z",9290.034766,"Savings Plan","Hours","contract-903533","2024-10-01T00:00:00Z","2024-09-01T00:00:00Z"
"USD","Spend",6654.763679,"ContractCommitmentDescription 9757","contractcommitment-764323","2024-10-01T00:00:00Z","2024-09-01T00:00:00Z",7254.144064,"Reserved Instance","Hours","contract-334677","2024-10-01T00:00:00Z","2024-09-01T00:00:00Z"
"USD","Usage",8084.474819,"ContractCommitmentDescription 4662","contractcommitment-371679","2024-10-01T00:00:00Z","2024-09-01T00:00:00Z",1156.899653,"Reserved Instance","Hours","contract-193469","2024-10-01T00:00:00Z","2024-09-01T00:00:00Z"
"USD","Usage",1274.174664,"ContractCommitmentDescription 6134","contractcommitment-498663","2024-10-01T00:00:00Z","2024-09-01T00:00:00Z",5769.168417,"Reserved Instance","Hours","contract-164891","2024-10-01T00:00:00Z","2024-09-01T00:00:00Z"
"USD","Spend",5197.513823,"ContractCommitmentDescription 4639","contractcommitment-211763","2024-10-01T00:00:00Z","2024-09-01T00:00:00Z",3953.123838,"Committed Use Discount","Hours","contract-431272","2024-10-01T00:00:00Z","2024-09-01T00:00:00Z"
"USD","Usage",1474.25358,"ContractCommitmentDescription 5643","contractcommitment-252956","2024-10-01T00:00:00Z","2024-09-01T00:00:00Z",7470.599313,"Committed Use Discount","Hours","contract-727971","2024-10-01T00:00:00Z","2024-09-01T00:00:00Z"
"USD","Usage",6310.770722,"ContractCommitmentDescription 4534","contractcommitment-619071","2024-10-01T00:00:00Z","2024-09-01T00:00:00Z",2914.951049,"Savings Plan","Hours","contract-949566","2024-10-01T00:00:00Z","2024-09-01T00:00:00Z"
"USD","Spend",9231.578549,"ContractCommitmentDescription 3933","contractcommitment-998397","2024-10-01T00:00:00Z","2024-09-01T00:00:00Z",4875.046516,"Savings Plan","Hours","contract-954602","2024-10-01T00:00:00Z","2024-09-01T00:00:00Z"
"USD","Usage",6778.986862,"ContractCommitmentDescription 6706","contractcommitment-894520","2024-10-01T00:00:00Z","2024-09-01T00:00:00Z",3913.627147,"Reserved Instance","Hours","contract-862057","2024-10-01T00:00:00Z","2024-09-01T00:00:00Z"
"USD","Spend",1309.006834,"ContractCommitmentDescription 1886","contractcommitment-991090","2024-10-01T00:00:00Z","2024-09-01T00:00:00Z",9345.754289,"Savings Plan","Hours","contract-786433","2024-10-01T00:00:00Z","2024-09-01T00:00:00Z"
"USD","Usage",2910.815693,"ContractCommitmentDescription 3372","contractcommitment-319955","2024-10-01T00:00:00Z","2024-09-01T00:00:00Z",2181.36473,"Committed Use Discount","Hours","contract-871037","2024-10-01T00:00:00Z","2024-09-01T00:00:00Z"
"USD","Spend",3765.557926,"ContractCommitmentDescription 7997","contractcommitment-812449","2024-10-01T00:00:00Z","2024-09-01T00:00:00Z",8416.60091,"Reserved Instance","Hours","contract-472856","2024-10-01T00:00:00Z","2024-09-01T00:00:00Z"
"USD","Usage",5933.923903,"ContractCommitmentDescription 3434","contractcommitment-757428","2024-10-01T00:00:00Z","2024-09-01T00:00:00Z",7225.504175,"Reserved Instance","Hours","contract-224573","2024-10-01T00:00:00Z","2024-09-01T00:00:00Z"
"USD","Spend",6527.969669,"ContractCommitmentDescription 7150","contractcommitment-913537","2024-10-01T00:00:00Z","2024-09-01T00:00:00Z",6917.948499,"Committed Use Discount","Hours","contract-915509","2024-10-01T00:00:00Z","2024-09-01T00:00:00Z"
"USD","Spend",1200.003856,"ContractCommitmentDescription 2353","contractcommitment-227980","2024-10-01T00:00:00Z","2024-09-01T00:00:00Z",4892.18441,"Committed Use Discount","Hours","contract-335861","2024-10-01T00:00:00Z","2024-09-01T00:00:00Z"
"USD","Usage",6937.258523,"ContractCommitmentDescription 2549","contractcommitment-932929","2024-10-01T00:00:00Z","2024-09-01T00:00:00Z",5928.790061,"Savings Plan","Hours","contract-775908","2024-10-01T00:00:00Z","2024-09-01T00:00:00Z"
"USD","Usage",634.983012,"ContractCommitmentDescription 9806","contractcommitment-293871","2024-10-01T00:00:00Z","2024-09-01T00:00:00Z",4053.30515,"Committed Use Discount","Hours","contract-512925","2024-10-01T00:00:00Z","2024-09-01T00:00:00Z"
"USD","Spend",7535.082158,"ContractCommitmentDescription 4399","contractcommitment-790573","2024-10-01T00:00:00Z","2024-09-01T00:00:00Z",8976.022982,"Reserved Instance","Hours","contract-105582","2024-10-01T00:00:00Z","2024-09-01T00:00:00Z"
"USD","Spend",6526.405004,"ContractCommitmentDescription 2438","contractcommitment-689820","2024-10-01T00:00:00Z","2024-09-01T00:00:00Z",2567.604844,"Reserved Instance","Hours","contract-230775","2024-10-01T00:00:00Z","2024-09-01T00:00:00Z"
"USD","Spend",2483.370848,"ContractCommitmentDescription 1756","contractcommitment-644675","2024-10-01T00:00:00Z","2024-09-01T00:00:00Z",9046.195133,"Savings Plan","Hours","contract-566532","2024-10-01T00:00:00Z","2024-09-01T00:00:00Z"
"USD","Usage",6061.721335,"ContractCommitmentDescription 9365","contractcommitment-320032","2024-10-01T00:00:00Z","2024-09-01T00:00:00Z",6879.30309,"Committed Use Discount","Hours","contract-348617","2024-10-01T00:00:00Z","2024-09-01T00:00:00Z"
"USD","Spend",6021.44387,"ContractCommitmentDescription 4539","contractcommitment-720529","2024-10-01T00:00:00Z","2024-09-01T00:00:00Z",3590.651622,"Reserved Instance","Hours","contract-177971","2024-10-01T00:00:00Z","2024-09-01T00:00:00Z"
"USD","Usage",832.540761,"ContractCommitmentDescription 5164","contractcommitment-809388","2024-10-01T00:00:00Z","2024-09-01T00:00:00Z",4253.43364,"Committed Use Discount","Hours","contract-661936","2024-10-01T00:00:00Z","2024-09-01T00:00:00Z"
"USD","Spend",7144.449679,"ContractCommitmentDescription 9379","contractcommitment-734330","2024-10-01T00:00:00Z","2024-09-01T00:00:00Z",1640.43072,"Reserved Instance","Hours","contract-926051","2024-10-01T00:00:00Z","2024-09-01T00:00:00Z"
"USD","Spend",2701.252336,"ContractCommitmentDescription 9707","contractcommitment-215333","2024-10-01T00:00:00Z","2024-09-01T00:00:00Z",6839.792471,"Savings Plan","Hours","contract-445356","2024-10-01T00:00:00Z","2024-09-01T00:00:00Z"
"USD","Spend",2736.467869,"ContractCommitmentDescription 2604","contractcommitment-495476","2024-10-01T00:00:00Z","2024-09-01T00:00:00Z",9794.852135,"Reserved Instance","Hours","contract-210103","2024-10-01T00:00:00Z","2024-09-01T00:00:00Z"
"USD","Usage",955.405573,"ContractCommitmentDescription 6716","contractcommitment-834480","2024-10-01T00:00:00Z","2024-09-01T00:00:00Z",5721.580749,"Savings Plan","Hours","contract-736975","2024-10-01T00:00:00Z","2024-09-01T00:00:00Z"
"USD","Spend",3451.728881,"ContractCommitmentDescription 9711","contractcommitment-678469","2024-10-01T00:00:00Z","2024-09-01T00:00:00Z",5946.169785,"Savings Plan","Hours","contract-721082","2024-10-01T00:00:00Z","2024-09-01T00:00:00Z"
"USD","Spend",6575.629348,"ContractCommitmentDescription 3337","contractcommitment-497201","2024-10-01T00:00:00Z","2024-09-01T00:00:00Z",5675.607751,"Savings Plan","Hours","contract-860657","2024-10-01T00:00:00Z","2024-09-01T00:00:00Z"
"USD","Usage",1831.045258,"ContractCommitmentDescription 6799","contractcommitment-937255","2024-10-01T00:00:00Z","2024-09-01T00:00:00Z",4686.658196,"Savings Plan","Hours","contract-548544","2024-10-01T00:00:00Z","2024-09-01T00:00:00Z"
"USD","Usage",7705.784016,"ContractCommitmentDescription 2476","contractcommitment-765506","2024-10-01T00:00:00Z","2024-09-01T00:00:00Z",794.74867,"Committed Use Discount","Hours","contract-198181","2024-10-01T00:00:00Z","2024-09-01T00:00:00Z"
"USD","Usage",5541.597749,"ContractCommitmentDescription 9074","contractcommitment-947613","2024-10-01T00:00:00Z","2024-09-01T00:00:00Z",8743.529619,"Savings Plan","Hours","contract-866296","2024-10-01T00:00:00Z","2024-09-01T00:00:00Z"
"USD","Spend",4054.714517,"ContractCommitmentDescription 4115","contractcommitment-971783","2024-10-01T00:00:00Z","2024-09-01T00:00:00Z",7459.172607,"Committed Use Discount","Hours","contract-836720","2024-10-01T00:00:00Z","2024-09-01T00:00:00Z"
"USD","Spend",6073.735464,"ContractCommitmentDescription 3761","contractcommitment-807287","2024-10-01T00:00:00Z","2024-09-01T00:00:00Z",9301.853618,"Committed Use Discount","Hours","contract-283305","2024-10-01T00:00:00Z","2024-09-01T00:00:00Z"
"USD","Spend",4227.222688,"ContractCommitmentDescription 7211","contractcommitment-278765","2024-10-01T00:00:00Z","2024-09-01T00:00:00Z",3732.836989,"Reserved Instance","Hours","contract-812049","2024-10-01T00:00:00Z","2024-09-01T00:00:00Z"
"USD","Usage",2935.450395,"ContractCommitmentDescription 4490","contractcommitment-102342","2024-10-01T00:00:00Z","2024-09-01T00:00:00Z",7380.257221,"Committed Use Discount","Hours","contract-328026","2024-10-01T00:00:00Z","2024-09-01T00:00:00Z"
"USD","Usage",574.967292,"ContractCommitmentDescription 1096","contractcommitment-745430","2024-10-01T00:00:00Z","2024-09-01T00:00:00Z",4603.538761,"Savings Plan","Hours","contract-212369","2024-10-01T00:00:00Z","2024-09-01T00:00:00Z"
"USD","Spend",1013.377788,"ContractCommitmentDescription 9061","contractcommitment-307140","2024-10-01T00:00:00Z","2024-09-01T00:00:00Z",847.437794,"Committed Use Discount","Hours","contract-530670","2024-10-01T00:00:00Z","2024-09-01T00:00:00Z"
"USD","Usage",2260.952329,"ContractCommitmentDescription 7477","contractcommitment-492491","2024-10-01T00:00:00Z","2024-09-01T00:00:00Z",2992.849526,"Savings Plan","Hours","contract-662484","2024-10-01T00:00:00Z","2024-09-01T00:00:00Z"
"USD","Spend",3537.377771,"ContractCommitmentDescription 8110","contractcommitment-106092","2024-10-01T00:00:00Z","2024-09-01T00:00:00Z",3592.367462,"Committed Use Discount","Hours","contract-216041","2024-10-01T00:00:00Z","2024-09-01T00:00:00Z"
"USD","Usage",7439.239869,"ContractCommitmentDescription 1517","contractcommitment-268099","2024-10-01T00:00:00Z","2024-09-01T00:00:00Z",6662.048191,"Savings Plan","Hours","contract-224562","2024-10-01T00:00:00Z","2024-09-01T00:00:00Z"
"USD","Spend",3248.876985,"ContractCommitmentDescription 7551","contractcommitment-626236","2024-10-01T00:00:00Z","2024-09-01T00:00:00Z",7259.945566,"Committed Use Discount","Hours","contract-237801","2024-10-01T00:00:00Z","2024-09-01T00:00:00Z"
"USD","Usage",5000.009314,"ContractCommitmentDescription 4874","contractcommitment-154567","2024-10-01T00:00:00Z","2024-09-01T00:00:00Z",6783.103185,"Savings Plan","Hours","contract-726090","2024-10-01T00:00:00Z","2024-09-01T00:00:00Z"
"USD","Usage",826.148969,"ContractCommitmentDescription 8027","contractcommitment-359781","2024-10-01T00:00:00Z","2024-09-01T00:00:00Z",6176.131603,"Committed Use Discount","Hours","contract-295937","2024-10-01T00:00:00Z","2024-09-01T00:00:00Z"
"USD","Spend",6663.304479,"ContractCommitmentDescription 8031","contractcommitment-308050","2024-10-01T00:00:00Z","2024-09-01T00:00:00Z",4738.928281,"Reserved Instance","Hours","contract-740785","2024-10-01T00:00:00Z","2024-09-01T00:00:00Z"
"USD","Spend",1322.958127,"ContractCommitmentDescription 1628","contractcommitment-387164","2024-10-01T00:00:00Z","2024-09-01T00:00:00Z",9903.987958,"Reserved Instance","Hours","contract-118519","2024-10-01T00:00:00Z","2024-09-01T00:00:00Z"
"USD","Usage",7001.588615,"ContractCommitmentDescription 4791","contractcommitment-332548","2024-10-01T00:00:00Z","2024-09-01T00:00:00Z",3361.778515,"Savings Plan","Hours","contract-634630","2024-10-01T00:00:00Z","2024-09-01T00:00:00Z"
"USD","Usage",2805.559407,"ContractCommitmentDescription 6751","contractcommitment-846151","2024-10-01T00:00:00Z","2024-09-01T00:00:00Z",4180.741999,"Savings Plan","Hours","contract-290580","2024-10-01T00:00:00Z","2024-09-01T00:00:00Z"
"USD","Usage",4720.581642,"ContractCommitmentDescription 2650","contractcommitment-551839","2024-10-01T00:00:00Z","2024-09-01T00:00:00Z",1848.40003,"Savings Plan","Hours","contract-450520","2024-10-01T00:00:00Z","2024-09-01T00:00:00Z"
"USD","Spend",3312.117335,"ContractCommitmentDescription 6920","contractcommitment-879020","2024-10-01T00:00:00Z","2024-09-01T00:00:00Z",7788.083076,"Committed Use Discount","Hours","contract-349825","2024-10-01T00:00:00Z","2024-09-01T00:00:00Z"
"USD","Spend",1304.854052,"ContractCommitmentDescription 2971","contractcommitment-143032","2024-10-01T00:00:00Z","2024-09-01T00:00:00Z",5865.614561,"Committed Use Discount","Hours","contract-302299","2024-10-01T00:00:00Z","2024-09-01T00:00:00Z"
"USD","Usage",3014.764169,"ContractCommitmentDescription 8769","contractcommitment-897953","2024-10-01T00:00:00Z","2024-09-01T00:00:00Z",2019.991169,"Committed Use Discount","Hours","contract-145939","2024-10-01T00:00:00Z","2024-09-01T00:00:00Z"
"USD","Usage",8915.86653,"ContractCommitmentDescription 6690","contractcommitment-483791","2024-10-01T00:00:00Z","2024-09-01T00:00:00Z",4484.822201,"Committed Use Discount","Hours","contract-557311","2024-10-01T00:00:00Z","2024-09-01T00:00:00Z"
"USD","Spend",1669.35128,"ContractCommitmentDescription 5491","contractcommitment-830549","2024-10-01T00:00:00Z","2024-09-01T00:00:00Z",9674.869413,"Savings Plan","Hours","contract-693677","2024-10-01T00:00:00Z","2024-09-01T00:00:00Z"
"USD","Spend",1655.182201,"ContractCommitmentDescription 9344","contractcommitment-502810","2024-10-01T00:00:00Z","2024-09-01T00:00:00Z",5624.985902,"Savings Plan","Hours","contract-736714","2024-10-01T00:00:00Z","2024-09-01T00:00:00Z"
"USD","Spend",5921.12755,"ContractCommitmentDescription 1145","contractcommitment-929053","2024-10-01T00:00:00Z","2024-09-01T00:00:00Z",5127.956752,"Committed Use Discount","Hours","contract-371407","2024-10-01T00:00:00Z","2024-09-01T00:00:00Z"
"USD","Spend",1711.090969,"ContractCommitmentDescription 1747","contractcommitment-659484","2024-10-01T00:00:00Z","2024-09-01T00:00:00Z",2382.167748,"Reserved Instance","Hours","contract-391248","2024-10-01T00:00:00Z","2024-09-01T00:00:00Z"
"USD","Spend",13.999615,"ContractCommitmentDescription 6692","contractcommitment-763416","2024-10-01T00:00:00Z","2024-09-01T00:00:00Z",6051.595358,"Savings Plan","Hours","contract-187289","2024-10-01T00:00:00Z","2024-09-01T00:00:00Z"
"USD","Usage",9852.612842,"ContractCommitmentDescription 1170","contractcommitment-963955","2024-10-01T00:00:00Z","2024-09-01T00:00:00Z",3554.831536,"Committed Use Discount","Hours","contract-285320","2024-10-01T00:00:00Z","2024-09-01T00:00:00Z"
"USD","Usage",9456.563045,"ContractCommitmentDescription 5216","contractcommitment-756649","2024-10-01T00:00:00Z","2024-09-01T00:00:00Z",6343.055412,"Committed Use Discount","Hours","contract-956526","2024-10-01T00:00:00Z","2024-09-01T00:00:00Z"
"USD","Usage",1556.414772,"ContractCommitmentDescription 4796","contractcommitment-865263","2024-10-01T00:00:00Z","2024-09-01T00:00:00Z",7262.861239,"Savings Plan","Hours","contract-602275","2024-10-01T00:00:00Z","2024-09-01T00:00:00Z"
"USD","Spend",1888.599215,"ContractCommitmentDescription 9036","contractcommitment-864915","2024-10-01T00:00:00Z","2024-09-01T00:00:00Z",1804.066423,"Savings Plan","Hours","contract-425226","2024-10-01T00:00:00Z","2024-09-01T00:00:00Z"
"USD","Spend",1435.2236,"ContractCommitmentDescription 7986","contractcommitment-357167","2024-10-01T00:00:00Z","2024-09-01T00:00:00Z",4550.241598,"Committed Use Discount","Hours","contract-205102","2024-10-01T00:00:00Z","2024-09-01T00:00:00Z"
"USD","Usage",207.159155,"ContractCommitmentDescription 1222","contractcommitment-900530","2024-10-01T00:00:00Z","2024-09-01T00:00:00Z",8305.171329,"Reserved Instance","Hours","contract-360406","2024-10-01T00:00:00Z","2024-09-01T00:00:00Z"
"USD","Spend",9576.176911,"ContractCommitmentDescription 2742","contractcommitment-668716","2024-10-01T00:00:00Z","2024-09-01T00:00:00Z",7361.315103,"Savings Plan","Hours","contract-312149","2024-10-01T00:00:00Z","2024-09-01T00:00:00Z"
"USD","Usage",3317.563197,"ContractCommitmentDescription 3531","contractcommitment-355652","2024-10-01T00:00:00Z","2024-09-01T00:00:00Z",558.755066,"Committed Use Discount","Hours","contract-757966","2024-10-01T00:00:00Z","2024-09-01T00:00:00Z"
"USD","Usage",1025.660896,"ContractCommitmentDescription 7804","contractcommitment-248724","2024-10-01T00:00:00Z","2024-09-01T00:00:00Z",12.104207,"Reserved Instance","Hours","contract-337686","2024-10-01T00:00:00Z","2024-09-01T00:00:00Z"
"USD","Usage",2258.843923,"ContractCommitmentDescription 7303","contractcommitment-820126","2024-10-01T00:00:00Z","2024-09-01T00:00:00Z",8842.239135,"Reserved Instance","Hours","contract-277795","2024-10-01T00:00:00Z","2024-09-01T00:00:00Z"
"USD","Spend",6156.96768,"ContractCommitmentDescription 2939","contractcommitment-478004","2024-10-01T00:00:00Z","2024-09-01T00:00:00Z",9233.196074,"Reserved Instance","Hours","contract-733870","2024-10-01T00:00:00Z","2024-09-01T00:00:00Z"
"USD","Spend",6794.333117,"ContractCommitmentDescription 3461","contractcommitment-799686","2024-10-01T00:00:00Z","2024-09-01T00:00:00Z",6871.607177,"Committed Use Discount","Hours","contract-465308","2024-10-01T00:00:00Z","2024-09-01T00:00:00Z"
"USD","Spend",7888.561264,"ContractCommitmentDescription 3435","contractcommitment-915565","2024-10-01T00:00:00Z","2024-09-01T00:00:00Z",6558.541219,"Savings Plan","Hours","contract-509573","2024-10-01T00:00:00Z","2024-09-01T00:00:00Z"
"USD","Usage",9595.853144,"ContractCommitmentDescription 5562","contractcommitment-251695","2024-10-01T00:00:00Z","2024-09-01T00:00:00Z",904.470185,"Reserved Instance","Hours","contract-904819","2024-10-01T00:00:00Z","2024-09-01T00:00:00Z"
"USD","Usage",6934.208346,"ContractCommitmentDescription 7782","contractcommitment-730973","2024-10-01T00:00:00Z","2024-09-01T00:00:00Z",7935.015905,"Savings Plan","Hours","contract-941105","2024-10-01T00:00:00Z","2024-09-01T00:00:00Z"
"USD","Usage",5324.744324,"ContractCommitmentDescription 4770","contractcommitment-503310","2024-10-01T00:00:00Z","2024-09-01T00:00:00Z",836.177214,"Committed Use Discount","Hours","contract-652542","2024-10-01T00:00:00Z","2024-09-01T00:00:00Z"
"USD","Spend",9939.053122,"ContractCommitmentDescription 1281","contractcommitment-480002","2024-10-01T00:00:00Z","2024-09-01T00:00:00Z",5583.74468,"Reserved Instance","Hours","contract-162471","2024-10-01T00:00:00Z","2024-09-01T00:00:00Z"
"USD","Spend",8352.523361,"ContractCommitmentDescription 7898","contractcommitment-354276","2024-10-01T00:00:00Z","2024-09-01T00:00:00Z",2107.373687,"Reserved Instance","Hours","contract-883281","2024-10-01T00:00:00Z","2024-09-01T00:00:00Z"
"USD","Spend",6961.225343,"ContractCommitmentDescription 7958","contractcommitment-489739","2024-10-01T00:00:00Z","2024-09-01T00:00:00Z",540.833451,"Reserved Instance","Hours","contract-599988","2024-10-01T00:00:00Z","2024-09-01T00:00:00Z"
"USD","Spend",2450.458041,"ContractCommitmentDescription 1204","contractcommitment-696831","2024-10-01T00:00:00Z","2024-09-01T00:00:00Z",8310.679928,"Savings Plan","Hours","contract-902598","2024-10-01T00:00:00Z","2024-09-01T00:00:00Z"
"USD","Usage",4701.845006,"ContractCommitmentDescription 6526","contractcommitment-565540","2024-10-01T00:00:00Z","2024-09-01T00:00:00Z",7813.969079,"Committed Use Discount","Hours","contract-400699","2024-10-01T00:00:00Z","2024-09-01T00:00:00Z"
"USD","Spend",5032.954228,"ContractCommitmentDescription 1178","contractcommitment-515645","2024-10-01T00:00:00Z","2024-09-01T00:00:00Z",8326.800944,"Committed Use Discount","Hours","contract-681074","2024-10-01T00:00:00Z","2024-09-01T00:00:00Z"
"USD","Spend",4236.702616,"ContractCommitmentDescription 3569","contractcommitment-385031","2024-10-01T00:00:00Z","2024-09-01T00:00:00Z",9731.223292,"Committed Use Discount","Hours","contract-231211","2024-10-01T00:00:00Z","2024-09-01T00:00:00Z"
"USD","Usage",1836.937727,"ContractCommitmentDescription 2264","contractcommitment-956223","2024-10-01T00:00:00Z","2024-09-01T00:00:00Z",6924.265956,"Savings Plan","Hours","contract-784405","2024-10-01T00:00:00Z","2024-09-01T00:00:00Z"
"USD","Usage",1947.305893,"ContractCommitmentDescription 2776","contractcommitment-209471","2024-10-01T00:00:00Z","2024-09-01T00:00:00Z",778.085765,"Committed Use Discount","Hours","contract-129411","2024-10-01T00:00:00Z","2024-09-01T00:00:00Z"
"USD","Spend",2119.099468,"ContractCommitmentDescription 1179","contractcommitment-893270","2024-10-01T00:00:00Z","2024-09-01T00:00:00Z",9096.870147,"Reserved Instance","Hours","contract-769399","2024-10-01T00:00:00Z","2024-09-01T00:00:00Z"
"USD","Spend",5637.39322,"ContractCommitmentDescription 8926","contractcommitment-147899","2024-10-01T00:00:00Z","2024-09-01T00:00:00Z",480.489009,"Reserved Instance","Hours","contract-108890","2024-10-01T00:00:00Z","2024-09-01T00:00:00Z"
"USD","Usage",7518.422707,"ContractCommitmentDescription 6830","contractcommitment-235808","2024-10-01T00:00:00Z","2024-09-01T00:00:00Z",7026.568105,"Reserved Instance","Hours","contract-527070","2024-10-01T00:00:00Z","2024-09-01T00:00:00Z"
"USD","Usage",4769.53034,"ContractCommitmentDescription 1612","contractcommitment-404212","2024-10-01T00:00:00Z","2024-09-01T00:00:00Z",1612.230029,"Committed Use Discount","Hours","contract-182578","2024-10-01T00:00:00Z","2024-09-01T00:00:00Z"
"USD","Spend",9934.166295,"ContractCommitmentDescription 9218","contractcommitment-641380","2024-10-01T00:00:00Z","2024-09-01T00:00:00Z",9922.788719,"Committed Use Discount","Hours","contract-905973","2024-10-01T00:00:00Z","2024-09-01T00:00:00Z"
"USD","Usage",6234.707673,"ContractCommitmentDescription 8059","contractcommitment-141956","2024-10-01T00:00:00Z","2024-09-01T00:00:00Z",8906.79931,"Committed Use Discount","Hours","contract-350725","2024-10-01T00:00:00Z","2024-09-01T00:00:00Z"
"USD","Usage",974.060431,"ContractCommitmentDescription 1244","contractcommitment-249550","2024-10-01T00:00:00Z","2024-09-01T00:00:00Z",7663.173144,"Savings Plan","Hours","contract-936116","2024-10-01T00:00:00Z","2024-09-01T00:00:00Z"
"USD","Spend",9340.559713,"ContractCommitmentDescription 3645","contractcommitment-171472","2024-10-01T00:00:00Z","2024-09-01T00:00:00Z",2801.173223,"Savings Plan","Hours","contract-193563","2024-10-01T00:00:00Z","2024-09-01T00:00:00Z"
"USD","Usage",7631.463697,"ContractCommitmentDescription 8242","contractcommitment-781880","2024-10-01T00:00:00Z","2024-09-01T00:00:00Z",9241.607721,"Reserved Instance","Hours","contract-141515","2024-10-01T00:00:00Z","2024-09-01T00:00:00Z"
"USD","Spend",4408.276779,"ContractCommitmentDescription 9396","contractcommitment-985874","2024-10-01T00:00:00Z","2024-09-01T00:00:00Z",6246.319112,"Savings Plan","Hours","contract-187546","2024-10-01T00:00:00Z","2024-09-01T00:00:00Z"
"USD","Spend",6206.137238,"ContractCommitmentDescription 1934","contractcommitment-877039","2024-10-01T00:00:00Z","2024-09-01T00:00:00Z",7905.906383,"Committed Use Discount","Hours","contract-262070","2024-10-01T00:00:00Z","2024-09-01T00:00:00Z"
"USD","Usage",8538.291907,"ContractCommitmentDescription 4654","contractcommitment-507081","2024-10-01T00:00:00Z","2024-09-01T00:00:00Z",8741.58885,"Committed Use Discount","Hours","contract-465887","2024-10-01T00:00:00Z","2024-09-01T00:00:00Z"
"USD","Spend",858.225463,"ContractCommitmentDescription 2775","contractcommitment-516226","2024-10-01T00:00:00Z","2024-09-01T00:00:00Z",7682.166504,"Reserved Instance","Hours","contract-444688","2024-10-01T00:00:00Z","2024-09-01T00:00:00Z"
"USD","Spend",7022.908385,"ContractCommitmentDescription 8802","contractcommitment-219879","2024-10-01T00:00:00Z","2024-09-01T00:00:00Z",2783.750628,"Reserved Instance","Hours","contract-263306","2024-10-01T00:00:00Z","2024-09-01T00:00:00Z"
"USD","Spend",9878.107429,"ContractCommitmentDescription 7230","contractcommitment-165431","2024-10-01T00:00:00Z","2024-09-01T00:00:00Z",9364.596666,"Savings Plan","Hours","contract-596405","2024-10-01T00:00:00Z","2024-09-01T00:00:00Z"
"USD","Usage",2698.481102,"ContractCommitmentDescription 3885","contractcommitment-187651","2024-10-01T00:00:00Z","2024-09-01T00:00:00Z",1417.378937,"Savings Plan","Hours","contract-185678","2024-10-01T00:00:00Z","2024-09-01T00:00:00Z"
"USD","Usage",1840.782898,"ContractCommitmentDescription 1880","contractcommitment-196931","2024-10-01T00:00:00Z","2024-09-01T00:00:00Z",8949.56588,"Savings Plan","Hours","contract-889762","2024-10-01T00:00:00Z","2024-09-01T00:00:00Z"
"USD","Usage",4754.994179,"ContractCommitmentDescription 3632","contractcommitment-830532","2024-10-01T00:00:00Z","2024-09-01T00:00:00Z",4367.839869,"Committed Use Discount","Hours","contract-962994","2024-10-01T00:00:00Z","2024-09-01T00:00:00Z"
"USD","Spend",3237.325748,"ContractCommitmentDescription 6185","contractcommitment-114875","2024-10-01T00:00:00Z","2024-09-01T00:00:00Z",1505.062796,"Savings Plan","Hours","contract-623706","2024-10-01T00:00:00Z","2024-09-01T00:00:00Z"
"USD","Spend",9882.386062,"ContractCommitmentDescription 3059","contractcommitment-765104","2024-10-01T00:00:00Z","2024-09-01T00:00:00Z",4493.286508,"Committed Use Discount","Hours","contract-138258","2024-10-01T00:00:00Z","2024-09-01T00:00:00Z"
"USD","Usage",2161.372851,"ContractCommitmentDescription 4436","contractcommitment-300444","2024-10-01T00:00:00Z","2024-09-01T00:00:00Z",9717.445052,"Committed Use Discount","Hours","contract-488241","2024-10-01T00:00:00Z","2024-09-01T00:00:00Z"
"USD","Spend",6993.171461,"ContractCommitmentDescription 8471","contractcommitment-534166","2024-10-01T00:00:00Z","2024-09-01T00:00:00Z",4103.868108,"Savings Plan","Hours","contract-546535","2024-10-01T00:00:00Z","2024-09-01T00:00:00Z"
"USD","Usage",1768.951606,"ContractCommitmentDescription 3664","contractcommitment-669128","2024-10-01T00:00:00Z","2024-09-01T00:00:00Z",4358.761637,"Savings Plan","Hours","contract-764909","2024-10-01T00:00:00Z","2024-09-01T00:00:00Z"
"USD","Spend",6496.245862,"ContractCommitmentDescription 7738","contractcommitment-208711","2024-10-01T00:00:00Z","2024-09-01T00:00:00Z",4964.049291,"Committed Use Discount","Hours","contract-204545","2024-10-01T00:00:00Z","2024-09-01T00:00:00Z"
"USD","Usage",8517.052563,"ContractCommitmentDescription 4471","contractcommitment-333705","2024-10-01T00:00:00Z","2024-09-01T00:00:00Z",7768.802528,"Committed Use Discount","Hours","contract-220063","2024-10-01T00:00:00Z","2024-09-01T00:00:00Z"
"USD","Usage",9079.935686,"ContractCommitmentDescription 7484","contractcommitment-107974","2024-10-01T00:00:00Z","2024-09-01T00:00:00Z",9396.168096,"Reserved Instance","Hours","contract-397380","2024-10-01T00:00:00Z","2024-09-01T00:00:00Z"
"USD","Spend",41.575573,"ContractCommitmentDescription 7792","contractcommitment-134261","2024-10-01T00:00:00Z","2024-09-01T00:00:00Z",155.300649,"Reserved Instance","Hours","contract-981610","2024-10-01T00:00:00Z","2024-09-01T00:00:00Z"
"USD","Spend",5557.395814,"ContractCommitmentDescription 7412","contractcommitment-302019","2024-10-01T00:00:00Z","2024-09-01T00:00:00Z",6162.679169,"Savings Plan","Hours","contract-940257","2024-10-01T00:00:00Z","2024-09-01T00:00:00Z"
"USD","Spend",4031.190195,"ContractCommitmentDescription 6212","contractcommitment-642404","2024-10-01T00:00:00Z","2024-09-01T00:00:00Z",1584.436554,"Reserved Instance","Hours","contract-844515","2024-10-01T00:00:00Z","2024-09-01T00:00:00Z"
"USD","Usage",8373.37878,"ContractCommitmentDescription 3605","contractcommitment-438065","2024-10-01T00:00:00Z","2024-09-01T00:00:00Z",2037.625767,"Reserved Instance","Hours","contract-558669","2024-10-01T00:00:00Z","2024-09-01T00:00:00Z"
"USD","Spend",5717.938347,"ContractCommitmentDescription 1414","contractcommitment-878399","2024-10-01T00:00:00Z","2024-09-01T00:00:00Z",7341.691638,"Savings Plan","Hours","contract-295617","2024-10-01T00:00:00Z","2024-09-01T00:00:00Z"
"USD","Spend",7263.126208,"ContractCommitmentDescription 7194","contractcommitment-907814","2024-10-01T00:00:00Z","2024-09-01T00:00:00Z",2604.797234,"Reserved Instance","Hours","contract-186993","2024-10-01T00:00:00Z","2024-09-01T00:00:00Z"
"USD","Spend",4591.277236,"ContractCommitmentDescription 3010","contractcommitment-212278","2024-10-01T00:00:00Z","2024-09-01T00:00:00Z",1418.353862,"Savings Plan","Hours","contract-197283","2024-10-01T00:00:00Z","2024-09-01T00:00:00Z"
"USD","Spend",4910.369575,"ContractCommitmentDescription 1359","contractcommitment-533843","2024-10-01T00:00:00Z","2024-09-01T00:00:00Z",735.759697,"Committed Use Discount","Hours","contract-320511","2024-10-01T00:00:00Z","2024-09-01T00:00:00Z"
"USD","Spend",2987.549827,"ContractCommitmentDescription 3927","contractcommitment-791710","2024-10-01T00:00:00Z","2024-09-01T00:00:00Z",5672.938498,"Committed Use Discount","Hours","contract-222900","2024-10-01T00:00:00Z","2024-09-01T00:00:00Z"
"USD","Spend",1583.882684,"ContractCommitmentDescription 5169","contractcommitment-227500","2024-10-01T00:00:00Z","2024-09-01T00:00:00Z",1928.452597,"Reserved Instance","Hours","contract-124157","2024-10-01T00:00:00Z","2024-09-01T00:00:00Z"
"USD","Spend",3275.397281,"ContractCommitmentDescription 4600","contractcommitment-187496","2024-10-01T00:00:00Z","2024-09-01T00:00:00Z",7277.43899,"Reserved Instance","Hours","contract-386960","2024-10-01T00:00:00Z","2024-09-01T00:00:00Z"
"USD","Usage",4670.437481,"ContractCommitmentDescription 9123","contractcommitment-557244","2024-10-01T00:00:00Z","2024-09-01T00:00:00Z",5126.565467,"Savings Plan","Hours","contract-362241","2024-10-01T00:00:00Z","2024-09-01T00:00:00Z"
"USD","Spend",5836.482554,"ContractCommitmentDescription 6105","contractcommitment-273699","2024-10-01T00:00:00Z","2024-09-01T00:00:00Z",7940.995262,"Committed Use Discount","Hours","contract-554527","2024-10-01T00:00:00Z","2024-09-01T00:00:00Z"
"USD","Spend",6072.956501,"ContractCommitmentDescription 8033","contractcommitment-309422","2024-10-01T00:00:00Z","2024-09-01T00:00:00Z",5671.420347,"Savings Plan","Hours","contract-571233","2024-10-01T00:00:00Z","2024-09-01T00:00:00Z"
"USD","Usage",2934.735462,"ContractCommitmentDescription 9691","contractcommitment-469364","2024-10-01T00:00:00Z","2024-09-01T00:00:00Z",3983.06668,"Reserved Instance","Hours","contract-948340","2024-10-01T00:00:00Z","2024-09-01T00:00:00Z"
"USD","Spend",2151.841645,"ContractCommitmentDescription 7089","contractcommitment-490032","2024-10-01T00:00:00Z","2024-09-01T00:00:00Z",1450.39676,"Savings Plan","Hours","contract-110100","2024-10-01T00:00:00Z","2024-09-01T00:00:00Z"
"USD","Usage",8987.439739,"ContractCommitmentDescription 2085","contractcommitment-504321","2024-10-01T00:00:00Z","2024-09-01T00:00:00Z",2836.142525,"Reserved Instance","Hours","contract-328026","2024-10-01T00:00:00Z","2024-09-01T00:00:00Z"
"USD","Spend",5739.483974,"ContractCommitmentDescription 7909","contractcommitment-815267","2024-10-01T00:00:00Z","2024-09-01T00:00:00Z",7562.012034,"Savings Plan","Hours","contract-307775","2024-10-01T00:00:00Z","2024-09-01T00:00:00Z"
"USD","Usage",4212.372461,"ContractCommitmentDescription 3033","contractcommitment-574779","2024-10-01T00:00:00Z","2024-09-01T00:00:00Z",1711.39729,"Savings Plan","Hours","contract-347906","2024-10-01T00:00:00Z","2024-09-01T00:00:00Z"
"USD","Usage",2843.658189,"ContractCommitmentDescription 7599","contractcommitment-138805","2024-10-01T00:00:00Z","2024-09-01T00:00:00Z",8958.295251,"Committed Use Discount","Hours","contract-453778","2024-10-01T00:00:00Z","2024-09-01T00:00:00Z"
"USD","Usage",2746.735462,"ContractCommitmentDescription 6665","contractcommitment-519791","2024-10-01T00:00:00Z","2024-09-01T00:00:00Z",797.67209,"Savings Plan","Hours","contract-742064","2024-10-01T00:00:00Z","2024-09-01T00:00:00Z"
"USD","Spend",8430.756433,"ContractCommitmentDescription 2683","contractcommitment-130710","2024-10-01T00:00:00Z","2024-09-01T00:00:00Z",2240.143571,"Reserved Instance","Hours","contract-210242","2024-10-01T00:00:00Z","2024-09-01T00:00:00Z"
"USD","Spend",7241.079129,"ContractCommitmentDescription 7043","contractcommitment-955792","2024-10-01T00:00:00Z","2024-09-01T00:00:00Z",9028.805832,"Reserved Instance","Hours","contract-372302","2024-10-01T00:00:00Z","2024-09-01T00:00:00Z"
"USD","Usage",3293.289742,"ContractCommitmentDescription 7218","contractcommitment-383023","2024-10-01T00:00:00Z","2024-09-01T00:00:00Z",6986.648304,"Reserved Instance","Hours","contract-225725","2024-10-01T00:00:00Z","2024-09-01T00:00:00Z"
"USD","Usage",6682.352507,"ContractCommitmentDescription 9548","contractcommitment-653217","2024-10-01T00:00:00Z","2024-09-01T00:00:00Z",2405.234469,"Savings Plan","Hours","contract-394169","2024-10-01T00:00:00Z","2024-09-01T00:00:00Z"
"USD","Usage",7113.813764,"ContractCommitmentDescription 6783","contractcommitment-685645","2024-10-01T00:00:00Z","2024-09-01T00:00:00Z",8355.420967,"Reserved Instance","Hours","contract-828723","2024-10-01T00:00:00Z","2024-09-01T00:00:00Z"
"USD","Spend",6704.989539,"ContractCommitmentDescription 8670","contractcommitment-958271","2024-10-01T00:00:00Z","2024-09-01T00:00:00Z",3850.602224,"Savings Plan","Hours","contract-456987","2024-10-01T00:00:00Z","2024-09-01T00:00:00Z"
"USD","Usage",7085.123618,"ContractCommitmentDescription 3523","contractcommitment-988990","2024-10-01T00:00:00Z","2024-09-01T00:00:00Z",5045.114093,"Reserved Instance","Hours","contract-481308","2024-10-01T00:00:00Z","2024-09-01T00:00:00Z"
"USD","Usage",1879.534726,"ContractCommitmentDescription 5552","contractcommitment-543646","2024-10-01T00:00:00Z","2024-09-01T00:00:00Z",1641.96325,"Savings Plan","Hours","contract-254444","2024-10-01T00:00:00Z","2024-09-01T00:00:00Z"
"USD","Usage",1870.29766,"ContractCommitmentDescription 1468","contractcommitment-599374","2024-10-01T00:00:00Z","2024-09-01T00:00:00Z",6618.855039,"Savings Plan","Hours","contract-378479","2024-10-01T00:00:00Z","2024-09-01T00:00:00Z"
"USD","Spend",1506.200462,"ContractCommitmentDescription 9227","contractcommitment-551777","2024-10-01T00:00:00Z","2024-09-01T00:00:00Z",5079.268242,"Reserved Instance","Hours","contract-385830","2024-10-01T00:00:00Z","2024-09-01T00:00:00Z"
"USD","Usage",1939.316265,"ContractCommitmentDescription 4103","contractcommitment-522253","2024-10-01T00:00:00Z","2024-09-01T00:00:00Z",1766.451045,"Savings Plan","Hours","contract-736955","2024-10-01T00:00:00Z","2024-09-01T00:00:00Z"
"USD","Spend",6463.448573,"ContractCommitmentDescription 2819","contractcommitment-330246","2024-10-01T00:00:00Z","2024-09-01T00:00:00Z",1151.879061,"Reserved Instance","Hours","contract-350365","2024-10-01T00:00:00Z","2024-09-01T00:00:00Z"
"USD","Usage",3919.080898,"ContractCommitmentDescription 2659","contractcommitment-330569","2024-10-01T00:00:00Z","2024-09-01T00:00:00Z",7339.243727,"Committed Use Discount","Hours","contract-619225","2024-10-01T00:00:00Z","2024-09-01T00:00:00Z"
"USD","Usage",7058.533475,"ContractCommitmentDescription 5718","contractcommitment-869531","2024-10-01T00:00:00Z","2024-09-01T00:00:00Z",31.068705,"Reserved Instance","Hours","contract-834497","2024-10-01T00:00:00Z","2024-09-01T00:00:00Z"
"USD","Spend",1666.454538,"ContractCommitmentDescription 6442","contractcommitment-577328","2024-10-01T00:00:00Z","2024-09-01T00:00:00Z",1418.336553,"Reserved Instance","Hours","contract-548709","2024-10-01T00:00:00Z","2024-09-01T00:00:00Z"
"USD","Spend",6792.029423,"ContractCommitmentDescription 1159","contractcommitment-722859","2024-10-01T00:00:00Z","2024-09-01T00:00:00Z",3521.436451,"Savings Plan","Hours","contract-612027","2024-10-01T00:00:00Z","2024-09-01T00:00:00Z"
"USD","Usage",8353.590312,"ContractCommitmentDescription 9606","contractcommitment-627587","2024-10-01T00:00:00Z","2024-09-01T00:00:00Z",1673.047375,"Reserved Instance","Hours","contract-204849","2024-10-01T00:00:00Z","2024-09-01T00:00:00Z"
"USD","Usage",9897.931184,"ContractCommitmentDescription 5216","contractcommitment-795634","2024-10-01T00:00:00Z","2024-09-01T00:00:00Z",4864.933137,"Savings Plan","Hours","contract-114219","2024-10-01T00:00:00Z","2024-09-01T00:00:00Z"
"USD","Usage",1127.610674,"ContractCommitmentDescription 9508","contractcommitment-863589","2024-10-01T00:00:00Z","2024-09-01T00:00:00Z",6398.003103,"Reserved Instance","Hours","contract-997859","2024-10-01T00:00:00Z","2024-09-01T00:00:00Z"
"USD","Spend",5775.842051,"ContractCommitmentDescription 8056","contractcommitment-476879","2024-10-01T00:00:00Z","2024-09-01T00:00:00Z",2063.07521,"Reserved Instance","Hours","contract-496129","2024-10-01T00:00:00Z","2024-09-01T00:00:00Z"
"USD","Spend",2653.093331,"ContractCommitmentDescription 6715","contractcommitment-447283","2024-10-01T00:00:00Z","2024-09-01T00:00:00Z",3910.262256,"Savings Plan","Hours","contract-424348","2024-10-01T00:00:00Z","2024-09-01T00:00:00Z"
"USD","Usage",8341.715679,"ContractCommitmentDescription 3014","contractcommitment-554515","2024-10-01T00:00:00Z","2024-09-01T00:00:00Z",7953.329046,"Committed Use Discount","Hours","contract-402418","2024-10-01T00:00:00Z","2024-09-01T00:00:00Z"
"USD","Spend",5231.861693,"ContractCommitmentDescription 5747","contractcommitment-754096","2024-10-01T00:00:00Z","2024-09-01T00:00:00Z",5581.408491,"Reserved Instance","Hours","contract-610472","2024-10-01T00:00:00Z","2024-09-01T00:00:00Z"
"USD","Spend",2173.253021,"ContractCommitmentDescription 3022","contractcommitment-155777","2024-10-01T00:00:00Z","2024-09-01T00:00:00Z",4883.664422,"Reserved Instance","Hours","contract-469366","2024-10-01T00:00:00Z","2024-09-01T00:00:00Z"
"USD","Usage",7852.632989,"ContractCommitmentDescription 9224","contractcommitment-797644","2024-10-01T00:00:00Z","2024-09-01T00:00:00Z",9585.242925,"Committed Use Discount","Hours","contract-190181","2024-10-01T00:00:00Z","2024-09-01T00:00:00Z"
"USD","Spend",2908.020259,"ContractCommitmentDescription 1526","contractcommitment-596162","2024-10-01T00:00:00Z","2024-09-01T00:00:00Z",9329.347637,"Reserved Instance","Hours","contract-543089","2024-10-01T00:00:00Z","2024-09-01T00:00:00Z"
"USD","Usage",1733.019692,"ContractCommitmentDescription 8140","contractcommitment-811902","2024-10-01T00:00:00Z","2024-09-01T00:00:00Z",8759.324053,"Committed Use Discount","Hours","contract-816514","2024-10-01T00:00:00Z","2024-09-01T00:00:00Z"
"USD","Spend",3010.622658,"ContractCommitmentDescription 2402","contractcommitment-411777","2024-10-01T00:00:00Z","2024-09-01T00:00:00Z",5666.650901,"Committed Use Discount","Hours","contract-672344","2024-10-01T00:00:00Z","2024-09-01T00:00:00Z"
"USD","Usage",6941.333883,"ContractCommitmentDescription 9254","contractcommitment-818445","2024-10-01T00:00:00Z","2024-09-01T00:00:00Z",7125.985053,"Savings Plan","Hours","contract-548443","2024-10-01T00:00:00Z","2024-09-01T00:00:00Z"
"USD","Spend",9574.917537,"ContractCommitmentDescription 7896","contractcommitment-192724","2024-10-01T00:00:00Z","2024-09-01T00:00:00Z",7558.564554,"Committed Use Discount","Hours","contract-924843","2024-10-01T00:00:00Z","2024-09-01T00:00:00Z"
"USD","Usage",535.360258,"ContractCommitmentDescription 7433","contractcommitment-232053","2024-10-01T00:00:00Z","2024-09-01T00:00:00Z",4029.42126,"Reserved Instance","Hours","contract-946705","2024-10-01T00:00:00Z","2024-09-01T00:00:00Z"
"USD","Spend",3334.834545,"ContractCommitmentDescription 2595","contractcommitment-961866","2024-10-01T00:00:00Z","2024-09-01T00:00:00Z",2905.769241,"Savings Plan","Hours","contract-163821","2024-10-01T00:00:00Z","2024-09-01T00:00:00Z"
"USD","Spend",7015.726656,"ContractCommitmentDescription 9458","contractcommitment-251154","2024-10-01T00:00:00Z","2024-09-01T00:00:00Z",5620.492528,"Savings Plan","Hours","contract-334402","2024-10-01T00:00:00Z","2024-09-01T00:00:00Z"
"USD","Spend",8056.168443,"ContractCommitmentDescription 4288","contractcommitment-220280","2024-10-01T00:00:00Z","2024-09-01T00:00:00Z",671.420619,"Reserved Instance","Hours","contract-645073","2024-10-01T00:00:00Z","2024-09-01T00:00:00Z"
"USD","Spend",8327.264525,"ContractCommitmentDescription 8271","contractcommitment-509693","2024-10-01T00:00:00Z","2024-09-01T00:00:00Z",556.531617,"Reserved Instance","Hours","contract-524209","2024-10-01T00:00:00Z","2024-09-01T00:00:00Z"
"USD","Usage",8593.138878,"ContractCommitmentDescription 3018","contractcommitment-553355","2024-10-01T00:00:00Z","2024-09-01T00:00:00Z",1462.463709,"Reserved Instance","Hours","contract-248568","2024-10-01T00:00:00Z","2024-09-01T00:00:00Z"
"USD","Usage",4804.664648,"ContractCommitmentDescription 5742","contractcommitment-799961","2024-10-01T00:00:00Z","2024-09-01T00:00:00Z",1000.196856,"Committed Use Discount","Hours","contract-485183","2024-10-01T00:00:00Z","2024-09-01T00:00:00Z"
"USD","Usage",8134.936051,"ContractCommitmentDescription 3427","contractcommitment-129329","2024-10-01T00:00:00Z","2024-09-01T00:00:00Z",2834.222202,"Reserved Instance","Hours","contract-111554","2024-10-01T00:00:00Z","2024-09-01T00:00:00Z"
"USD","Spend",9081.08338,"ContractCommitmentDescription 6811","contractcommitment-246070","2024-10-01T00:00:00Z","2024-09-01T00:00:00Z",4679.071075,"Committed Use Discount","Hours","contract-390354","2024-10-01T00:00:00Z","2024-09-01T00:00:00Z"
"USD","Spend",3488.340818,"ContractCommitmentDescription 9602","contractcommitment-509599","2024-10-01T00:00:00Z","2024-09-01T00:00:00Z",5130.45155,"Reserved Instance","Hours","contract-468959","2024-10-01T00:00:00Z","2024-09-01T00:00:00Z"
"USD","Usage",9234.769374,"ContractCommitmentDescription 2117","contractcommitment-980096","2024-10-01T00:00:00Z","2024-09-01T00:00:00Z",6451.340056,"Savings Plan","Hours","contract-735271","2024-10-01T00:00:00Z","2024-09-01T00:00:00Z"
"USD","Spend",6977.687055,"ContractCommitmentDescription 6703","contractcommitment-712885","2024-10-01T00:00:00Z","2024-09-01T00:00:00Z",6174.750241,"Savings Plan","Hours","contract-147111","2024-10-01T00:00:00Z","2024-09-01T00:00:00Z"
"USD","Spend",4994.339044,"ContractCommitmentDescription 8805","contractcommitment-439381","2024-10-01T00:00:00Z","2024-09-01T00:00:00Z",7599.092814,"Committed Use Discount","Hours","contract-210553","2024-10-01T00:00:00Z","2024-09-01T00:00:00Z"
"USD","Usage",1144.737828,"ContractCommitmentDescription 2194","contractcommitment-562976","2024-10-01T00:00:00Z","2024-09-01T00:00:00Z",7633.519499,"Committed Use Discount","Hours","contract-282522","2024-10-01T00:00:00Z","2024-09-01T00:00:00Z"
"USD","Spend",1957.179476,"ContractCommitmentDescription 9046","contractcommitment-558767","2024-10-01T00:00:00Z","2024-09-01T00:00:00Z",6788.490212,"Reserved Instance","Hours","contract-878204","2024-10-01T00:00:00Z","2024-09-01T00:00:00Z"
"USD","Spend",6291.156632,"ContractCommitmentDescription 2576","contractcommitment-313426","2024-10-01T00:00:00Z","2024-09-01T00:00:00Z",332.391918,"Reserved Instance","Hours","contract-477027","2024-10-01T00:00:00Z","2024-09-01T00:00:00Z"
"USD","Spend",6823.612059,"ContractCommitmentDescription 9653","contractcommitment-620277","2024-10-01T00:00:00Z","2024-09-01T00:00:00Z",1901.369008,"Reserved Instance","Hours","contract-625179","2024-10-01T00:00:00Z","2024-09-01T00:00:00Z"
"USD","Spend",4388.780626,"ContractCommitmentDescription 7162","contractcommitment-174310","2024-10-01T00:00:00Z","2024-09-01T00:00:00Z",5691.524228,"Reserved Instance","Hours","contract-412713","2024-10-01T00:00:00Z","2024-09-01T00:00:00Z"
"USD","Usage",225.424783,"ContractCommitmentDescription 5749","contractcommitment-968376","2024-10-01T00:00:00Z","2024-09-01T00:00:00Z",2513.818472,"Committed Use Discount","Hours","contract-171253","2024-10-01T00:00:00Z","2024-09-01T00:00:00Z"
"USD","Spend",8531.952166,"ContractCommitmentDescription 9192","contractcommitment-427406","2024-10-01T00:00:00Z","2024-09-01T00:00:00Z",3992.196591,"Reserved Instance","Hours","contract-831400","2024-10-01T00:00:00Z","2024-09-01T00:00:00Z"
"USD","Spend",322.747256,"ContractCommitmentDescription 7904","contractcommitment-373553","2024-10-01T00:00:00Z","2024-09-01T00:00:00Z",2005.112569,"Reserved Instance","Hours","contract-314154","2024-10-01T00:00:00Z","2024-09-01T00:00:00Z"
"USD","Spend",3458.455725,"ContractCommitmentDescription 2159","contractcommitment-536459","2024-10-01T00:00:00Z","2024-09-01T00:00:00Z",5981.476287,"Committed Use Discount","Hours","contract-678211","2024-10-01T00:00:00Z","2024-09-01T00:00:00Z"
"USD","Spend",4965.967201,"ContractCommitmentDescription 4690","contractcommitment-781927","2024-10-01T00:00:00Z","2024-09-01T00:00:00Z",3502.57683,"Savings Plan","Hours","contract-919506","2024-10-01T00:00:00Z","2024-09-01T00:00:00Z"
"USD","Usage",6819.412163,"ContractCommitmentDescription 1296","contractcommitment-679334","2024-10-01T00:00:00Z","2024-09-01T00:00:00Z",4821.733389,"Savings Plan","Hours","contract-829222","2024-10-01T00:00:00Z","2024-09-01T00:00:00Z"
"USD","Spend",4379.528546,"ContractCommitmentDescription 7024","contractcommitment-468877","2024-10-01T00:00:00Z","2024-09-01T00:00:00Z",1936.456289,"Savings Plan","Hours","contract-349739","2024-10-01T00:00:00Z","2024-09-01T00:00:00Z"
"USD","Usage",7474.756893,"ContractCommitmentDescription 9785","contractcommitment-695642","2024-10-01T00:00:00Z","2024-09-01T00:00:00Z",457.797199,"Reserved Instance","Hours","contract-952095","2024-10-01T00:00:00Z","2024-09-01T00:00:00Z"
"USD","Spend",2825.959775,"ContractCommitmentDescription 6146","contractcommitment-466652","2024-10-01T00:00:00Z","2024-09-01T00:00:00Z",6024.160136,"Reserved Instance","Hours","contract-236017","2024-10-01T00:00:00Z","2024-09-01T00:00:00Z"
"USD","Spend",763.778705,"ContractCommitmentDescription 9907","contractcommitment-315860","2024-10-01T00:00:00Z","2024-09-01T00:00:00Z",4949.292519,"Committed Use Discount","Hours","contract-330987","2024-10-01T00:00:00Z","2024-09-01T00:00:00Z"
"USD","Spend",5268.441878,"ContractCommitmentDescription 5383","contractcommitment-434347","2024-10-01T00:00:00Z","2024-09-01T00:00:00Z",6977.716874,"Committed Use Discount","Hours","contract-156620","2024-10-01T00:00:00Z","2024-09-01T00:00:00Z"
"USD","Spend",2035.549351,"ContractCommitmentDescription 3246","contractcommitment-982298","2024-10-01T00:00:00Z","2024-09-01T00:00:00Z",9759.38406,"Reserved Instance","Hours","contract-877947","2024-10-01T00:00:00Z","2024-09-01T00:00:00Z"
"USD","Spend",6983.419392,"ContractCommitmentDescription 8434","contractcommitment-219787","2024-10-01T00:00:00Z","2024-09-01T00:00:00Z",212.896503,"Reserved Instance","Hours","contract-391469","2024-10-01T00:00:00Z","2024-09-01T00:00:00Z"
"USD","Usage",4953.574987,"ContractCommitmentDescription 7268","contractcommitment-503348","2024-10-01T00:00:00Z","2024-09-01T00:00:00Z",4440.197352,"Reserved Instance","Hours","contract-497753","2024-10-01T00:00:00Z","2024-09-01T00:00:00Z"
"USD","Usage",313.060995,"ContractCommitmentDescription 6698","contractcommitment-127254","2024-10-01T00:00:00Z","2024-09-01T00:00:00Z",9100.540028,"Savings Plan","Hours","contract-949602","2024-10-01T00:00:00Z","2024-09-01T00:00:00Z"
"USD","Usage",7826.126794,"ContractCommitmentDescription 1935","contractcommitment-946616","2024-10-01T00:00:00Z","2024-09-01T00:00:00Z",1092.102047,"Savings Plan","Hours","contract-660737","2024-10-01T00:00:00Z","2024-09-01T00:00:00Z"
"USD","Usage",1625.488696,"ContractCommitmentDescription 7247","contractcommitment-590033","2024-10-01T00:00:00Z","2024-09-01T00:00:00Z",7456.338703,"Reserved Instance","Hours","contract-115920","2024-10-01T00:00:00Z","2024-09-01T00:00:00Z"
"USD","Usage",3375.323532,"ContractCommitmentDescription 7465","contractcommitment-140481","2024-10-01T00:00:00Z","2024-09-01T00:00:00Z",6155.472493,"Savings Plan","Hours","contract-791252","2024-10-01T00:00:00Z","2024-09-01T00:00:00Z"
"USD","Usage",8359.997963,"ContractCommitmentDescription 3929","contractcommitment-565367","2024-10-01T00:00:00Z","2024-09-01T00:00:00Z",4627.242686,"Savings Plan","Hours","contract-589097","2024-10-01T00:00:00Z","2024-09-01T00:00:00Z"
"USD","Usage",585.84836,"ContractCommitmentDescription 2303","contractcommitment-389874","2024-10-01T00:00:00Z","2024-09-01T00:00:00Z",8970.442832,"Committed Use Discount","Hours","contract-167154","2024-10-01T00:00:00Z","2024-09-01T00:00:00Z"
"USD","Usage",1272.224801,"ContractCommitmentDescription 3858","contractcommitment-254037","2024-10-01T00:00:00Z","2024-09-01T00:00:00Z",8712.391825,"Committed Use Discount","Hours","contract-343974","2024-10-01T00:00:00Z","2024-09-01T00:00:00Z"
"USD","Usage",419.555869,"ContractCommitmentDescription 4734","contractcommitment-163766","2024-10-01T00:00:00Z","2024-09-01T00:00:00Z",9517.037922,"Savings Plan","Hours","contract-116901","2024-10-01T00:00:00Z","2024-09-01T00:00:00Z"
"USD","Usage",1091.634786,"ContractCommitmentDescription 9305","contractcommitment-565371","2024-10-01T00:00:00Z","2024-09-01T00:00:00Z",1131.825634,"Reserved Instance","Hours","contract-313953","2024-10-01T00:00:00Z","2024-09-01T00:00:00Z"
"USD","Usage",8758.531383,"ContractCommitmentDescription 3344","contractcommitment-125894","2024-10-01T00:00:00Z","2024-09-01T00:00:00Z",3265.405417,"Savings Plan","Hours","contract-527963","2024-10-01T00:00:00Z","2024-09-01T00:00:00Z"
"USD","Spend",3683.019135,"ContractCommitmentDescription 5765","contractcommitment-257352","2024-10-01T00:00:00Z","2024-09-01T00:00:00Z",9118.726596,"Reserved Instance","Hours","contract-738622","2024-10-01T00:00:00Z","2024-09-01T00:00:00Z"
"USD","Usage",9399.398358,"ContractCommitmentDescription 7206","contractcommitment-971080","2024-10-01T00:00:00Z","2024-09-01T00:00:00Z",5826.862457,"Committed Use Discount","Hours","contract-499601","2024-10-01T00:00:00Z","2024-09-01T00:00:00Z"
"USD","Usage",5389.673839,"ContractCommitmentDescription 2986","contractcommitment-988767","2024-10-01T00:00:00Z","2024-09-01T00:00:00Z",8784.796039,"Reserved Instance","Hours","contract-791218","2024-10-01T00:00:00Z","2024-09-01T00:00:00Z"
"USD","Usage",9110.695216,"ContractCommitmentDescription 6385","contractcommitment-354880","2024-10-01T00:00:00Z","2024-09-01T00:00:00Z",7990.059537,"Savings Plan","Hours","contract-577963","2024-10-01T00:00:00Z","2024-09-01T00:00:00Z"
"USD","Usage",3618.811598,"ContractCommitmentDescription 6766","contractcommitment-687681","2024-10-01T00:00:00Z","2024-09-01T00:00:00Z",5056.434428,"Savings Plan","Hours","contract-734617","2024-10-01T00:00:00Z","2024-09-01T00:00:00Z"
"USD","Spend",9257.16948,"ContractCommitmentDescription 5013","contractcommitment-914165","2024-10-01T00:00:00Z","2024-09-01T00:00:00Z",9092.657373,"Committed Use Discount","Hours","contract-734960","2024-10-01T00:00:00Z","2024-09-01T00:00:00Z"
"USD","Spend",4085.027905,"ContractCommitmentDescription 9274","contractcommitment-255607","2024-10-01T00:00:00Z","2024-09-01T00:00:00Z",5760.117508,"Committed Use Discount","Hours","contract-288655","2024-10-01T00:00:00Z","2024-09-01T00:00:00Z"
"USD","Usage",7655.095574,"ContractCommitmentDescription 8698","contractcommitment-878938","2024-10-01T00:00:00Z","2024-09-01T00:00:00Z",1009.953702,"Reserved Instance","Hours","contract-125093","2024-10-01T00:00:00Z","2024-09-01T00:00:00Z"
"USD","Usage",9042.603927,"ContractCommitmentDescription 6805","contractcommitment-233644","2024-10-01T00:00:00Z","2024-09-01T00:00:00Z",4023.175068,"Committed Use Discount","Hours","contract-846568","2024-10-01T00:00:00Z","2024-09-01T00:00:00Z"
"USD","Spend",9941.341037,"ContractCommitmentDescription 1741","contractcommitment-177335","2024-10-01T00:00:00Z","2024-09-01T00:00:00Z",7387.484232,"Savings Plan","Hours","contract-528736","2024-10-01T00:00:00Z","2024-09-01T00:00:00Z"
"USD","Spend",7334.431349,"ContractCommitmentDescription 9345","contractcommitment-187859","2024-10-01T00:00:00Z","2024-09-01T00:00:00Z",1522.563986,"Reserved Instance","Hours","contract-806642","2024-10-01T00:00:00Z","2024-09-01T00:00:00Z"
"USD","Usage",9447.680993,"ContractCommitmentDescription 2587","contractcommitment-343545","2024-10-01T00:00:00Z","2024-09-01T00:00:00Z",2973.485328,"Savings Plan","Hours","contract-691534","2024-10-01T00:00:00Z","2024-09-01T00:00:00Z"
"USD","Spend",9535.136681,"ContractCommitmentDescription 1687","contractcommitment-953527","2024-10-01T00:00:00Z","2024-09-01T00:00:00Z",9450.52659,"Committed Use Discount","Hours","contract-551451","2024-10-01T00:00:00Z","2024-09-01T00:00:00Z"
"USD","Usage",2847.909567,"ContractCommitmentDescription 2942","contractcommitment-401825","2024-10-01T00:00:00Z","2024-09-01T00:00:00Z",2738.485,"Savings Plan","Hours","contract-277545","2024-10-01T00:00:00Z","2024-09-01T00:00:00Z"
"USD","Usage",1410.031251,"ContractCommitmentDescription 4388","contractcommitment-678985","2024-10-01T00:00:00Z","2024-09-01T00:00:00Z",8387.899958,"Reserved Instance","Hours","contract-727459","2024-10-01T00:00:00Z","2024-09-01T00:00:00Z"
"USD","Usage",8325.044947,"ContractCommitmentDescription 1422","contractcommitment-487491","2024-10-01T00:00:00Z","2024-09-01T00:00:00Z",2031.409389,"Committed Use Discount","Hours","contract-867651","2024-10-01T00:00:00Z","2024-09-01T00:00:00Z"
"USD","Spend",7162.509092,"ContractCommitmentDescription 2965","contractcommitment-565992","2024-10-01T00:00:00Z","2024-09-01T00:00:00Z",8888.797569,"Savings Plan","Hours","contract-191083","2024-10-01T00:00:00Z","2024-09-01T00:00:00Z"
"USD","Spend",7442.775353,"ContractCommitmentDescription 4644","contractcommitment-862693","2024-10-01T00:00:00Z","2024-09-01T00:00:00Z",743.503297,"Reserved Instance","Hours","contract-451626","2024-10-01T00:00:00Z","2024-09-01T00:00:00Z"
"USD","Spend",7068.098015,"ContractCommitmentDescription 6157","contractcommitment-140220","2024-10-01T00:00:00Z","2024-09-01T00:00:00Z",4333.776243,"Committed Use Discount","Hours","contract-432951","2024-10-01T00:00:00Z","2024-09-01T00:00:00Z"
"USD","Spend",2459.137301,"ContractCommitmentDescription 7163","contractcommitment-330906","2024-10-01T00:00:00Z","2024-09-01T00:00:00Z",6733.476311,"Savings Plan","Hours","contract-258789","2024-10-01T00:00:00Z","2024-09-01T00:00:00Z"
"USD","Spend",6347.727245,"ContractCommitmentDescription 2453","contractcommitment-641386","2024-10-01T00:00:00Z","2024-09-01T00:00:00Z",8571.567962,"Committed Use Discount","Hours","contract-103353","2024-10-01T00:00:00Z","2024-09-01T00:00:00Z"
"USD","Spend",7099.905102,"ContractCommitmentDescription 1635","contractcommitment-538471","2024-10-01T00:00:00Z","2024-09-01T00:00:00Z",6879.816596,"Committed Use Discount","Hours","contract-761679","2024-10-01T00:00:00Z","2024-09-01T00:00:00Z"
"USD","Spend",8778.896503,"ContractCommitmentDescription 4799","contractcommitment-406305","2024-10-01T00:00:00Z","2024-09-01T00:00:00Z",6679.758019,"Savings Plan","Hours","contract-726882","2024-10-01T00:00:00Z","2024-09-01T00:00:00Z"
"USD","Spend",1123.674211,"ContractCommitmentDescription 5706","contractcommitment-539976","2024-10-01T00:00:00Z","2024-09-01T00:00:00Z",9693.62143,"Savings Plan","Hours","contract-794595","2024-10-01T00:00:00Z","2024-09-01T00:00:00Z"
"USD","Spend",3475.785754,"ContractCommitmentDescription 7522","contractcommitment-839056","2024-10-01T00:00:00Z","2024-09-01T00:00:00Z",1280.578656,"Savings Plan","Hours","contract-730255","2024-10-01T00:00:00Z","2024-09-01T00:00:00Z"
"USD","Spend",8898.106132,"ContractCommitmentDescription 7701","contractcommitment-163756","2024-10-01T00:00:00Z","2024-09-01T00:00:00Z",5622.573105,"Savings Plan","Hours","contract-807777","2024-10-01T00:00:00Z","2024-09-01T00:00:00Z"
"USD","Usage",2606.993833,"ContractCommitmentDescription 1895","contractcommitment-381351","2024-10-01T00:00:00Z","2024-09-01T00:00:00Z",4855.053926,"Reserved Instance","Hours","contract-767173","2024-10-01T00:00:00Z","2024-09-01T00:00:00Z"
"USD","Spend",5360.130981,"ContractCommitmentDescription 2807","contractcommitment-743095","2024-10-01T00:00:00Z","2024-09-01T00:00:00Z",6107.514004,"Reserved Instance","Hours","contract-120887","2024-10-01T00:00:00Z","2024-09-01T00:00:00Z"
"USD","Spend",6549.315829,"ContractCommitmentDescription 9497","contractcommitment-320686","2024-10-01T00:00:00Z","2024-09-01T00:00:00Z",3620.977516,"Reserved Instance","Hours","contract-978862","2024-10-01T00:00:00Z","2024-09-01T00:00:00Z"
"USD","Usage",4133.952798,"ContractCommitmentDescription 5074","contractcommitment-114303","2024-10-01T00:00:00Z","2024-09-01T00:00:00Z",360.749725,"Reserved Instance","Hours","contract-207500","2024-10-01T00:00:00Z","2024-09-01T00:00:00Z"
"USD","Usage",242.443623,"ContractCommitmentDescription 5051","contractcommitment-135418","2024-10-01T00:00:00Z","2024-09-01T00:00:00Z",2724.58246,"Reserved Instance","Hours","contract-787106","2024-10-01T00:00:00Z","2024-09-01T00:00:00Z"
"USD","Spend",5045.09663,"ContractCommitmentDescription 7805","contractcommitment-121133","2024-10-01T00:00:00Z","2024-09-01T00:00:00Z",147.417839,"Committed Use Discount","Hours","contract-200198","2024-10-01T00:00:00Z","2024-09-01T00:00:00Z"
"USD","Usage",5123.556312,"ContractCommitmentDescription 1383","contractcommitment-416831","2024-10-01T00:00:00Z","2024-09-01T00:00:00Z",2740.4974,"Reserved Instance","Hours","contract-377107","2024-10-01T00:00:00Z","2024-09-01T00:00:00Z"
"USD","Spend",9668.863297,"ContractCommitmentDescription 5563","contractcommitment-606828","2024-10-01T00:00:00Z","2024-09-01T00:00:00Z",2844.229855,"Committed Use Discount","Hours","contract-631201","2024-10-01T00:00:00Z","2024-09-01T00:00:00Z"
"USD","Usage",9514.57384,"ContractCommitmentDescription 9955","contractcommitment-849290","2024-10-01T00:00:00Z","2024-09-01T00:00:00Z",1083.042953,"Reserved Instance","Hours","contract-516650","2024-10-01T00:00:00Z","2024-09-01T00:00:00Z"
"USD","Spend",6428.18565,"ContractCommitmentDescription 6446","contractcommitment-250755","2024-10-01T00:00:00Z","2024-09-01T00:00:00Z",8096.80787,"Reserved Instance","Hours","contract-688130","2024-10-01T00:00:00Z","2024-09-01T00:00:00Z"
"USD","Spend",1413.305655,"ContractCommitmentDescription 8758","contractcommitment-648830","2024-10-01T00:00:00Z","2024-09-01T00:00:00Z",7230.324137,"Committed Use Discount","Hours","contract-161795","2024-10-01T00:00:00Z","2024-09-01T00:00:00Z"
"USD","Usage",8343.234222,"ContractCommitmentDescription 1598","contractcommitment-437057","2024-10-01T00:00:00Z","2024-09-01T00:00:00Z",6889.976007,"Committed Use Discount","Hours","contract-105842","2024-10-01T00:00:00Z","2024-09-01T00:00:00Z"
"USD","Usage",3130.161759,"ContractCommitmentDescription 4862","contractcommitment-437471","2024-10-01T00:00:00Z","2024-09-01T00:00:00Z",4613.720306,"Savings Plan","Hours","contract-681757","2024-10-01T00:00:00Z","2024-09-01T00:00:00Z"
"USD","Spend",7568.867059,"ContractCommitmentDescription 3655","contractcommitment-645195","2024-10-01T00:00:00Z","2024-09-01T00:00:00Z",7481.487626,"Reserved Instance","Hours","contract-558858","2024-10-01T00:00:00Z","2024-09-01T00:00:00Z"
"USD","Usage",1398.653891,"ContractCommitmentDescription 9963","contractcommitment-538459","2024-10-01T00:00:00Z","2024-09-01T00:00:00Z",3994.056583,"Savings Plan","Hours","contract-556633","2024-10-01T00:00:00Z","2024-09-01T00:00:00Z"
