"AllocatedMethodId","AllocatedResourceId","AllocatedResourceName","AllocatedTags","BilledCost","BillingAccountId","BillingAccountName","BillingAccountType","BillingCurrency","BillingPeriodEnd","BillingPeriodStart","CapacityReservationId","CapacityReservationStatus","ChargeCategory","ChargeClass","ChargeDescription","ChargePeriodEnd","ChargePeriodStart","CommitmentDiscountCategory","CommitmentDiscountId","CommitmentDiscountName","CommitmentDiscountQuantity","CommitmentDiscountStatus","CommitmentDiscountType","CommitmentDiscountUnit","ConsumedQuantity","ConsumedUnit","ContractApplied","ContractedCost","ContractedUnitPrice","EffectiveCost","HostProviderName","InvoiceIssuerName","ListCost","ListUnitPrice","PricingCategory","PricingCurrency","PricingQuantity","PricingUnit","ProviderName","PublisherName","RegionId","RegionName","ResourceId","ResourceName","ResourceType","ServiceCategory","ServiceName","ServiceProviderName","SkuId","SkuMeter","SkuPriceDetails","SkuPriceId","SubAccountId","SubAccountName","SubAccountType","Tags","AllocatedMethodDetails","AvailabilityZone","ChargeFrequency","InvoiceId","ServiceSubcategory","PricingCurrencyContractedUnitPrice","PricingCurrencyEffectiveCost","PricingCurrencyListUnitPrice"
"AllocatedMethodId-3803","AllocatedResourceId-9751","AllocatedResourceName-5010","{}",468.17049576,"123456789012","SunBird","BillingAccount","USD","2024-10-01T00:00:00Z","2024-09-01T00:00:00Z",NULL,NULL,"Usage",NULL,"Amazon Elastic Compute Cloud Virtual Machine in Europe (Ireland)","2024-09-10T13:00:00Z","2024-09-10T12:00:00Z","Spend","cd-343962","commit-3962",NULL,"Used","Committed Use Discount",NULL,370.3400000000,"Hours",NULL,767.492616,2.0724,468.17049576,"AWS","AWS",1009.880146,2.7269,"Other","USD",370.34,"Hours","AWS","AWS","eu-west-1","Europe (Ireland)","arn:aws:ec2:eu-west-1:123456789012:instance/i-00c9715656c4",NULL,"Virtual Machine","Compute","Amazon Elastic Compute Cloud","AWS","1VRJNVGFYGWWQC38","Amazon Elastic Compute Cloud Hours",NULL,"HYF9SXMECOSFOGYR.3XKXWNRE","517389287820","Atlas Nimbus","BillingAccount","{""cost_center"": ""CC-2042"", ""team"": ""growth"", ""environment"": ""prod""}",NULL,NULL,"Usage-Based","INV-202409-89840","Virtual Machines",2.0724,468.17049576,2.7269
"AllocatedMethodId-9179","AllocatedResourceId-7482","AllocatedResourceName-8517","{}",567.7299576,"8a93b2c1-1234-4abc-9def-0123456789ab","Contoso Cloud","BillingProfile","USD","2024-10-01T00:00:00Z","2024-09-01T00:00:00Z",NULL,NULL,"Tax",NULL,"Tax charge in UK South","2024-09-28T08:00:00Z","2024-09-28T07:00:00Z",NULL,NULL,NULL,NULL,NULL,NULL,NULL,NULL,NULL,NULL,567.7299576,NULL,567.7299576,"Microsoft","Microsoft",567.7299576,NULL,NULL,"USD",NULL,NULL,"Microsoft","Microsoft",NULL,NULL,NULL,NULL,NULL,"Other","Tax","Microsoft",NULL,NULL,NULL,NULL,"sub-2b7c","Staging","BillingProfile","{""business_unit"": ""MarseilleSRE"", ""application"": ""AtlasPortal""}",NULL,NULL,"One-Time","INV-202409-37869","Other (Security)",NULL,567.7299576,NULL
"AllocatedMethodId-2290","AllocatedResourceId-2403","AllocatedResourceName-8962","{}",537.520824,"8a93b2c1-1234-4abc-9def-0123456789ab","Contoso Cloud","BillingProfile","USD","2024-10-01T00:00:00Z","2024-09-01T00:00:00Z",NULL,NULL,"Usage",NULL,"Azure SQL Database SQL Database in West Europe","2024-09-24T23:00:00Z","2024-09-24T22:00:00Z","Usage","cd-245051","commit-5051",NULL,"Used","Reserved Instance",NULL,214.2200000000,"Hours",NULL,537.520824,2.5092,537.520824,"Microsoft","Microsoft",625.029694,2.9177,"Committed","USD",214.22,"Hours","Microsoft","Microsoft","westeurope","West Europe","/subscriptions/8a93b2c1-1234-4abc-9def-0123456789ab/resourceGroups/rg-232/providers/Microsoft.Compute/virtualMachines/vm-4598",NULL,"SQL Database","Databases","Azure SQL Database","Microsoft","EYY37Q9AH8RVHS1K","Azure SQL Database Hours",NULL,"3AQ6L6GT6MJXK87A.U5BHXTPD","sub-9a1f","Production","BillingProfile","{""owner"": ""g.hopper""}",NULL,NULL,"Usage-Based","INV-202409-41571","Relational Databases",2.5092,537.520824,2.9177
"AllocatedMethodId-2790","AllocatedResourceId-5073","AllocatedResourceName-4139","{}",326.31454032,"123456789012","SunBird","BillingAccount","USD","2024-10-01T00:00:00Z","2024-09-01T00:00:00Z",NULL,NULL,"Usage",NULL,"Elastic Load Balancing Load Balancer in US West (Oregon)","2024-09-29T04:00:00Z","2024-09-29T03:00:00Z",NULL,NULL,NULL,NULL,NULL,NULL,NULL,132.5400000000,"LCU-Hours",NULL,479.874324,3.6206,326.31454032,"AWS","AWS",578.165988,4.3622,"Standard","USD",132.54,"LCU-Hours","AWS","AWS","us-west-2","US West (Oregon)","arn:aws:ec2:us-west-2:123456789012:instance/i-008accf6c1b4",NULL,"Load Balancer","Networking","Elastic Load Balancing","AWS","HPOEVB9OOAEDOECV","Elastic Load Balancing LCU-Hours",NULL,"E6PR5N8I4P40MGG1.W103DGDZ","517389287820","Atlas Nimbus","BillingAccount","{""owner"": ""k.johnson""}",NULL,"eu-west-1c","Usage-Based","INV-202409-54473","Application Networking",3.6206,326.31454032,4.3622
"AllocatedMethodId-4346","AllocatedResourceId-6147","AllocatedResourceName-4910","{}",105.38183584,"8a93b2c1-1234-4abc-9def-0123456789ab","Contoso Cloud","BillingProfile","USD","2024-10-01T00:00:00Z","2024-09-01T00:00:00Z",NULL,NULL,"Usage",NULL,"Azure Functions Function App in UK South","2024-09-19T01:00:00Z","2024-09-19T00:00:00Z","Spend","cd-783823","commit-3823",NULL,"Used","Reserved Instance",NULL,437.2400000000,"Executions",NULL,112.10833600000001,0.2564,105.38183584,"Microsoft","Microsoft",164.83948,0.3770,"Standard","USD",437.24,"Executions","Microsoft","Microsoft","uksouth","UK South","/subscriptions/8a93b2c1-1234-4abc-9def-0123456789ab/resourceGroups/rg-361/providers/Microsoft.Compute/virtualMachines/vm-4810",NULL,"Function App","Compute","Azure Functions","Microsoft","DKYAYQ3S195JMSND","Azure Functions Executions",NULL,"8DUDD467KD6FLEEP.ZHPCF07U","sub-9a1f","Production","BillingProfile",NULL,NULL,"eastus-1","Usage-Based","INV-202409-44179","Serverless Compute",0.2564,105.38183584,0.3770
"AllocatedMethodId-3442","AllocatedResourceId-9938","AllocatedResourceName-1590","{}",7.1477152,"01ABCD-2345EF-6789GH","Helios Labs","BillingAccount","USD","2024-10-01T00:00:00Z","2024-09-01T00:00:00Z",NULL,NULL,"Usage",NULL,"BigQuery Dataset in Belgium","2024-09-20T13:00:00Z","2024-09-20T12:00:00Z",NULL,NULL,NULL,NULL,NULL,NULL,NULL,4.6700000000,"GiB",NULL,11.168305,2.3915,7.1477152,"Google","Google",14.504086,3.1058,"Standard","USD",4.67,"GiB","Google","Google","europe-west1","Belgium","//compute.googleapis.com/projects/helios-labs/zones/europe-west1-a/instances/inst-8665",NULL,"Dataset","Analytics","BigQuery","Google","K28T7A9TGIQHG9JR","BigQuery GiB",NULL,"SNVNQ65QDF1RCAVI.QK2919AH","proj-helios-dev","helios-dev","BillingAccount","{""business_unit"": ""ViennaAI""}",NULL,NULL,"Usage-Based","INV-202409-19862","Data Warehouses",2.3915,7.1477152,3.1058
"AllocatedMethodId-8149","AllocatedResourceId-9379","AllocatedResourceName-2894","{}",271.94846976,"01ABCD-2345EF-6789GH","Helios Labs","BillingAccount","USD","2024-10-01T00:00:00Z","2024-09-01T00:00:00Z",NULL,NULL,"Usage",NULL,"Cloud Functions Function in Belgium","2024-09-06T11:00:00Z","2024-09-06T10:00:00Z",NULL,NULL,NULL,NULL,NULL,NULL,NULL,449.4600000000,"Invocations",NULL,424.919484,0.9454,271.94846976,"Google","Google",472.15772999999996,1.0505,"Standard","USD",449.46,"Invocations","Google","Google","europe-west1","Belgium","//compute.googleapis.com/projects/helios-labs/zones/europe-west1-a/instances/inst-4906",NULL,"Function","Compute","Cloud Functions","Google","0BLV0PRKGYC4OM3W","Cloud Functions Invocations",NULL,"TOOBMZVRERW6Z8VB.HQLQCG1W","proj-helios-dev","helios-dev","BillingAccount","{""cost_center"": ""CC-1001"", ""environment"": ""dev""}",NULL,NULL,"Usage-Based","INV-202409-51114","Serverless Compute",0.9454,271.94846976,1.0505
"AllocatedMethodId-3041","AllocatedResourceId-5920","AllocatedResourceName-9308","{}",796.1607765,"ocid1.tenancy.oc1..aaaa1234","Meridian OCI","Tenancy","USD","2024-10-01T00:00:00Z","2024-09-01T00:00:00Z",NULL,NULL,"Tax",NULL,"Tax charge in US East (Ashburn)","2024-09-02T22:00:00Z","2024-09-02T21:00:00Z",NULL,NULL,NULL,NULL,NULL,NULL,NULL,NULL,NULL,NULL,796.1607765,NULL,796.1607765,"Oracle","Oracle",796.1607765,NULL,NULL,"USD",NULL,NULL,"Oracle","Oracle",NULL,NULL,NULL,NULL,NULL,"Other","Tax","Oracle",NULL,NULL,NULL,NULL,"ocid1.compartment.oc1..dev","development","Tenancy","{""team"": ""growth"", ""application"": ""AtlasPortal""}",NULL,NULL,"One-Time","INV-202409-96951","Other (Security)",NULL,796.1607765,NULL
"AllocatedMethodId-5930","AllocatedResourceId-7653","AllocatedResourceName-9977","{}",243.988362,"01ABCD-2345EF-6789GH","Helios Labs","BillingAccount","USD","2024-10-01T00:00:00Z","2024-09-01T00:00:00Z",NULL,NULL,"Tax",NULL,"Tax charge in Northern Virginia","2024-09-18T05:00:00Z","2024-09-18T04:00:00Z",NULL,NULL,NULL,NULL,NULL,NULL,NULL,NULL,NULL,NULL,243.988362,NULL,243.988362,"Google","Google",243.988362,NULL,NULL,"USD",NULL,NULL,"Google","Google",NULL,NULL,NULL,NULL,NULL,"Other","Tax","Google",NULL,NULL,NULL,NULL,"proj-helios-dev","helios-dev","BillingAccount",NULL,NULL,NULL,"One-Time","INV-202409-84593","Other (Security)",NULL,243.988362,NULL
"AllocatedMethodId-8777","AllocatedResourceId-8373","AllocatedResourceName-5246","{}",369.5357325,"123456789012","SunBird","BillingAccount","USD","2024-10-01T00:00:00Z","2024-09-01T00:00:00Z",NULL,NULL,"Usage",NULL,"Amazon Relational Database Service Database Instance in Europe (Ireland)","2024-09-19T09:00:00Z","2024-09-19T08:00:00Z",NULL,NULL,NULL,NULL,NULL,NULL,NULL,232.5000000000,"Hours",NULL,467.76674999999994,2.0119,369.5357325,"AWS","AWS",514.03425,2.2109,"Standard","USD",232.50,"Hours","AWS","AWS","eu-west-1","Europe (Ireland)","arn:aws:ec2:eu-west-1:123456789012:instance/i-00e8605f212a",NULL,"Database Instance","Databases","Amazon Relational Database Service","AWS","PTOMJBCP4E30MY5Z","Amazon Relational Database Service Hours",NULL,"PJAG1OL73D9PH3I3.79U26192","517389287820","Atlas Nimbus","BillingAccount","{""owner"": ""a.lovelace""}",NULL,"eu-west-1c","Usage-Based","INV-202409-30861","Relational Databases",2.0119,369.5357325,2.2109
"AllocatedMethodId-8022","AllocatedResourceId-3223","AllocatedResourceName-8564","{}",49.270625,"8a93b2c1-1234-4abc-9def-0123456789ab","Contoso Cloud","BillingProfile","USD","2024-10-01T00:00:00Z","2024-09-01T00:00:00Z",NULL,NULL,"Purchase",NULL,"Azure Load Balancer Load Balancer in Southeast Asia","2024-09-21T17:00:00Z","2024-09-21T16:00:00Z",NULL,NULL,NULL,NULL,NULL,NULL,NULL,NULL,NULL,NULL,49.270625,1.2715,0,"Microsoft","Microsoft",55.362125000000006,1.4287,"Dynamic","USD",38.75,"Hours","Microsoft","Microsoft","southeastasia","Southeast Asia","/subscriptions/8a93b2c1-1234-4abc-9def-0123456789ab/resourceGroups/rg-443/providers/Microsoft.Compute/virtualMachines/vm-9495",NULL,"Load Balancer","Networking","Azure Load Balancer","Microsoft","JNE00V830DN0YBY4","Azure Load Balancer Hours",NULL,"AWTY088O5OR15BYV.ZK3I8BZB","sub-4d3e","Sandbox","BillingProfile",NULL,NULL,NULL,"One-Time","INV-202409-21003","Application Networking",1.2715,0,1.4287
"AllocatedMethodId-9031","AllocatedResourceId-2729","AllocatedResourceName-8102","{}",469.7269482,"8a93b2c1-1234-4abc-9def-0123456789ab","Contoso Cloud","BillingProfile","USD","2024-10-01T00:00:00Z","2024-09-01T00:00:00Z",NULL,NULL,"Usage",NULL,"Virtual Machines Virtual Machine in Southeast Asia","2024-09-15T00:00:00Z","2024-09-14T23:00:00Z",NULL,NULL,NULL,NULL,NULL,NULL,NULL,380.6200000000,"Hours",NULL,505.08274,1.3270,469.7269482,"Microsoft","Microsoft",721.541334,1.8957,"Standard","USD",380.62,"Hours","Microsoft","Microsoft","southeastasia","Southeast Asia","/subscriptions/8a93b2c1-1234-4abc-9def-0123456789ab/resourceGroups/rg-307/providers/Microsoft.Compute/virtualMachines/vm-2226",NULL,"Virtual Machine","Compute","Virtual Machines","Microsoft","OECBPMBJPI4HN3QX","Virtual Machines Hours",NULL,"KHKTGBTYZMEPGTHC.W81XE6VA","sub-2b7c","Staging","BillingProfile",NULL,NULL,"uksouth-1","Usage-Based","INV-202409-65057","Virtual Machines",1.3270,469.7269482,1.8957
"AllocatedMethodId-6419","AllocatedResourceId-6764","AllocatedResourceName-8434","{}",336.285304,"01ABCD-2345EF-6789GH","Helios Labs","BillingAccount","USD","2024-10-01T00:00:00Z","2024-09-01T00:00:00Z",NULL,NULL,"Usage",NULL,"Cloud Load Balancing Forwarding Rule in Northern Virginia","2024-09-19T14:00:00Z","2024-09-19T13:00:00Z",NULL,NULL,NULL,NULL,NULL,NULL,NULL,135.0500000000,"Hours",NULL,425.67760000000004,3.1520,336.285304,"Google","Google",545.7370500000001,4.0410,"Other","USD",135.05,"Hours","Google","Google","us-east4","Northern Virginia","//compute.googleapis.com/projects/helios-labs/zones/us-east4-a/instances/inst-3683",NULL,"Forwarding Rule","Networking","Cloud Load Balancing","Google","3YVB5UL5NWQVRR9A","Cloud Load Balancing Hours",NULL,"7MFP059P452BFSOZ.PTX497W1","proj-helios-prod","helios-prod","BillingAccount","{""business_unit"": ""ViennaAI"", ""environment"": ""staging""}",NULL,NULL,"Usage-Based","INV-202409-82140","Application Networking",3.1520,336.285304,4.0410
"AllocatedMethodId-7232","AllocatedResourceId-8381","AllocatedResourceName-8253","{}",864.62911744,"01ABCD-2345EF-6789GH","Helios Labs","BillingAccount","USD","2024-10-01T00:00:00Z","2024-09-01T00:00:00Z",NULL,NULL,"Credit",NULL,"Cloud SQL Database Instance in Singapore","2024-09-06T04:00:00Z","2024-09-06T03:00:00Z",NULL,NULL,NULL,NULL,NULL,NULL,NULL,NULL,NULL,NULL,1271.513408,3.4232,864.62911744,"Google","Google",1765.9743360000002,4.7544,"Standard","USD",371.44,"Hours","Google","Google","asia-southeast1","Singapore",NULL,NULL,NULL,"Databases","Cloud SQL","Google","OXLTA8IRCD9SI5GA","Cloud SQL Hours",NULL,"S442VLDQ4HEZ5EDJ.JTFPH90O","proj-helios-prod","helios-prod","BillingAccount","{""cost_center"": ""CC-1001"", ""owner"": ""g.hopper"", ""business_unit"": ""OsloData""}",NULL,NULL,"One-Time","INV-202409-78494","Relational Databases",3.4232,864.62911744,4.7544
"AllocatedMethodId-1339","AllocatedResourceId-5415","AllocatedResourceName-1659","{}",100.78924919,"01ABCD-2345EF-6789GH","Helios Labs","BillingAccount","USD","2024-10-01T00:00:00Z","2024-09-01T00:00:00Z",NULL,NULL,"Usage",NULL,"Cloud Functions Function in Northern Virginia","2024-09-25T07:00:00Z","2024-09-25T06:00:00Z","Spend","cd-351516","commit-1516",NULL,"Used","Committed Use Discount",NULL,49.6300000000,"Invocations",NULL,141.956689,2.8603,100.78924919,"Google","Google",189.273931,3.8137,"Other","USD",49.63,"Invocations","Google","Google","us-east4","Northern Virginia","//compute.googleapis.com/projects/helios-labs/zones/us-east4-a/instances/inst-5997",NULL,"Function","Compute","Cloud Functions","Google","SCOSS3EOQM1H8OJR","Cloud Functions Invocations",NULL,"JEDKTS2H3TZR6852.FC1UQBFO","proj-helios-dev","helios-dev","BillingAccount",NULL,NULL,"asia-southeast1-c","Usage-Based","INV-202409-98381","Serverless Compute",2.8603,100.78924919,3.8137
"AllocatedMethodId-4993","AllocatedResourceId-8483","AllocatedResourceName-3369","{}",698.25279129,"8a93b2c1-1234-4abc-9def-0123456789ab","Contoso Cloud","BillingProfile","USD","2024-10-01T00:00:00Z","2024-09-01T00:00:00Z",NULL,NULL,"Usage",NULL,"Azure Kubernetes Service Cluster in UK South","2024-09-08T18:00:00Z","2024-09-08T17:00:00Z","Usage","cd-268637","commit-8637",NULL,"Unused","Savings Plan",NULL,NULL,NULL,NULL,956.5106729999999,1.9741,698.25279129,"Microsoft","Microsoft",1138.693953,2.3501,"Dynamic","USD",484.53,"Hours","Microsoft","Microsoft","uksouth","UK South","/subscriptions/8a93b2c1-1234-4abc-9def-0123456789ab/resourceGroups/rg-578/providers/Microsoft.Compute/virtualMachines/vm-5005",NULL,"Cluster","Compute","Azure Kubernetes Service","Microsoft","6A830DM7X52DNR9I","Azure Kubernetes Service Hours",NULL,"S25HBPKT9A90FOH3.HJ5S6R04","sub-2b7c","Staging","BillingProfile","{""cost_center"": ""CC-2042"", ""application"": ""BrightLensMatrix""}",NULL,"westeurope-2","Usage-Based","INV-202409-71894","Containers",1.9741,698.25279129,2.3501
"AllocatedMethodId-8110","AllocatedResourceId-2612","AllocatedResourceName-2646","{}",357.4246056,"ocid1.tenancy.oc1..aaaa1234","Meridian OCI","Tenancy","USD","2024-10-01T00:00:00Z","2024-09-01T00:00:00Z",NULL,NULL,"Usage",NULL,"Oracle Object Storage Bucket in Australia East (Sydney)","2024-09-04T00:00:00Z","2024-09-03T23:00:00Z",NULL,NULL,NULL,NULL,NULL,NULL,NULL,169.9400000000,"GB",NULL,595.707676,3.5054,357.4246056,"Oracle","Oracle",669.325684,3.9386,"Dynamic","USD",169.94,"GB","Oracle","Oracle","ap-sydney-1","Australia East (Sydney)","ocid1.instance.oc1.ap-sydney-1.0054fb0629de",NULL,"Bucket","Storage","Oracle Object Storage","Oracle","YO0CU4YYJ5CI6VG2","Oracle Object Storage GB",NULL,"G73AJ0JE4QVZFV8Y.U58CEPSO","ocid1.compartment.oc1..prod","production","Tenancy","{""owner"": ""a.turing"", ""team"": ""infra"", ""environment"": ""staging""}",NULL,"uk-london-1-AD-2","Usage-Based","INV-202409-21846","Object Storage",3.5054,357.4246056,3.9386
"AllocatedMethodId-4115","AllocatedResourceId-5106","AllocatedResourceName-3240","{}",209.33513802,"ocid1.tenancy.oc1..aaaa1234","Meridian OCI","Tenancy","USD","2024-10-01T00:00:00Z","2024-09-01T00:00:00Z",NULL,NULL,"Usage",NULL,"Oracle Object Storage Bucket in Australia East (Sydney)","2024-09-02T06:00:00Z","2024-09-02T05:00:00Z",NULL,NULL,NULL,NULL,NULL,NULL,NULL,146.6900000000,"GB",NULL,258.438442,1.7618,209.33513802,"Oracle","Oracle",274.94106700000003,1.8743,"Standard","USD",146.69,"GB","Oracle","Oracle","ap-sydney-1","Australia East (Sydney)","ocid1.instance.oc1.ap-sydney-1.00b5aa65545b",NULL,"Bucket","Storage","Oracle Object Storage","Oracle","P5JO3Q3QA3S8KE2W","Oracle Object Storage GB",NULL,"T1Q3TMY4GPYWSSBZ.RAD5SOWO","ocid1.compartment.oc1..dev","development","Tenancy","{""environment"": ""prod""}",NULL,NULL,"Usage-Based","INV-202409-93442","Object Storage",1.7618,209.33513802,1.8743
"AllocatedMethodId-9807","AllocatedResourceId-3222","AllocatedResourceName-7367","{}",200.20102256,"123456789012","SunBird","BillingAccount","USD","2024-10-01T00:00:00Z","2024-09-01T00:00:00Z",NULL,NULL,"Usage",NULL,"AWS Lambda Function in US East (N. Virginia)","2024-09-19T20:00:00Z","2024-09-19T19:00:00Z",NULL,NULL,NULL,NULL,NULL,NULL,NULL,65.7100000000,"Requests",NULL,260.00132799999994,3.9568,200.20102256,"AWS","AWS",298.85565099999997,4.5481,"Other","USD",65.71,"Requests","AWS","AWS","us-east-1","US East (N. Virginia)","arn:aws:ec2:us-east-1:123456789012:instance/i-00e6401d6394",NULL,"Function","Compute","AWS Lambda","AWS","SVH3EJOZ9XFZAQ8H","AWS Lambda Requests",NULL,"3XQYXGO4B9UOE3T0.HICCT5HG","438839167390","Zenith Eclipse","BillingAccount","{""cost_center"": ""CC-2042"", ""owner"": ""g.hopper""}",NULL,"ap-southeast-2a","Usage-Based","INV-202409-40775","Serverless Compute",3.9568,200.20102256,4.5481
"AllocatedMethodId-6304","AllocatedResourceId-1258","AllocatedResourceName-3854","{}",1003.29552512,"ocid1.tenancy.oc1..aaaa1234","Meridian OCI","Tenancy","USD","2024-10-01T00:00:00Z","2024-09-01T00:00:00Z",NULL,NULL,"Credit",NULL,"Oracle Autonomous Database Database in Australia East (Sydney)","2024-09-26T02:00:00Z","2024-09-26T01:00:00Z",NULL,NULL,NULL,NULL,NULL,NULL,NULL,NULL,NULL,NULL,1023.7709439999999,3.1264,1003.29552512,"Oracle","Oracle",1365.0170099999998,4.1685,"Dynamic","USD",327.46,"Hours","Oracle","Oracle","ap-sydney-1","Australia East (Sydney)",NULL,NULL,NULL,"Databases","Oracle Autonomous Database","Oracle","PXGX8WDZRMH3FNBD","Oracle Autonomous Database Hours",NULL,"VPINE9NNOVJARJI8.QLHBIAWP","ocid1.compartment.oc1..dev","development","Tenancy","{""team"": ""infra""}",NULL,NULL,"One-Time","INV-202409-87182","Relational Databases",3.1264,1003.29552512,4.1685
"AllocatedMethodId-2398","AllocatedResourceId-2527","AllocatedResourceName-8075","{}",240.53001336,"01ABCD-2345EF-6789GH","Helios Labs","BillingAccount","USD","2024-10-01T00:00:00Z","2024-09-01T00:00:00Z",NULL,NULL,"Usage",NULL,"Compute Engine VM Instance in Belgium","2024-09-23T11:00:00Z","2024-09-23T10:00:00Z",NULL,NULL,NULL,NULL,NULL,NULL,NULL,224.1400000000,"Hours",NULL,308.371812,1.3758,240.53001336,"Google","Google",405.76064199999996,1.8103,"Dynamic","USD",224.14,"Hours","Google","Google","europe-west1","Belgium","//compute.googleapis.com/projects/helios-labs/zones/europe-west1-a/instances/inst-1735",NULL,"VM Instance","Compute","Compute Engine","Google","1G52EFUJEIR9UY7S","Compute Engine Hours",NULL,"361GH9N12O0V3Z0G.U1UQXJ4E","proj-helios-dev","helios-dev","BillingAccount","{""owner"": ""a.turing"", ""cost_center"": ""CC-3090"", ""business_unit"": ""ViennaAI""}",NULL,"europe-west1-b","Usage-Based","INV-202409-21957","Virtual Machines",1.3758,240.53001336,1.8103
"AllocatedMethodId-7947","AllocatedResourceId-8957","AllocatedResourceName-8242","{}",750.82298575,"123456789012","SunBird","BillingAccount","USD","2024-10-01T00:00:00Z","2024-09-01T00:00:00Z",NULL,NULL,"Usage",NULL,"AWS Lambda Function in Europe (Ireland)","2024-09-24T18:00:00Z","2024-09-24T17:00:00Z","Usage","cd-886730","commit-6730",NULL,"Used","Committed Use Discount",NULL,280.8500000000,"Requests",NULL,790.3399850000001,2.8141,750.82298575,"AWS","AWS",940.875585,3.3501,"Committed","USD",280.85,"Requests","AWS","AWS","eu-west-1","Europe (Ireland)","arn:aws:ec2:eu-west-1:123456789012:instance/i-0075d6de5201",NULL,"Function","Compute","AWS Lambda","AWS","HRO199BRBLRTVWAL","AWS Lambda Requests",NULL,"JZEJBF7NY03VKXTU.FDJKDFR2","517389287820","Atlas Nimbus","BillingAccount","{""business_unit"": ""MarseilleSRE"", ""owner"": ""g.hopper"", ""application"": ""NimbusAPI""}",NULL,"us-east-1a","Usage-Based","INV-202409-96761","Serverless Compute",2.8141,750.82298575,3.3501
"AllocatedMethodId-2288","AllocatedResourceId-7484","AllocatedResourceName-6083","{}",373.597027,"ocid1.tenancy.oc1..aaaa1234","Meridian OCI","Tenancy","USD","2024-10-01T00:00:00Z","2024-09-01T00:00:00Z",NULL,NULL,"Usage",NULL,"Oracle Autonomous Database Database in US East (Ashburn)","2024-09-15T18:00:00Z","2024-09-15T17:00:00Z",NULL,NULL,NULL,NULL,NULL,NULL,NULL,339.2500000000,"Hours",NULL,602.57585,1.7762,373.597027,"Oracle","Oracle",825.4630999999999,2.4332,"Other","USD",339.25,"Hours","Oracle","Oracle","us-ashburn-1","US East (Ashburn)","ocid1.instance.oc1.us-ashburn-1.003b0ce7ecc0",NULL,"Database","Databases","Oracle Autonomous Database","Oracle","QSUHA51LIY8O69WE","Oracle Autonomous Database Hours",NULL,"ZC1B3EU1Z0SHZBUK.3XF1GP1Z","ocid1.compartment.oc1..prod","production","Tenancy","{""environment"": ""staging""}",NULL,NULL,"Usage-Based","INV-202409-78676","Relational Databases",1.7762,373.597027,2.4332
"AllocatedMethodId-6626","AllocatedResourceId-2381","AllocatedResourceName-9266","{}",884.0143851,"01ABCD-2345EF-6789GH","Helios Labs","BillingAccount","USD","2024-10-01T00:00:00Z","2024-09-01T00:00:00Z",NULL,NULL,"Usage",NULL,"Cloud Storage Bucket in Singapore","2024-09-04T07:00:00Z","2024-09-04T06:00:00Z","Spend","cd-958729","commit-8729",NULL,"Used","Reserved Instance",NULL,254.9800000000,"GiB",NULL,993.27459,3.8955,884.0143851,"Google","Google",1154.957408,4.5296,"Committed","USD",254.98,"GiB","Google","Google","asia-southeast1","Singapore","//compute.googleapis.com/projects/helios-labs/zones/asia-southeast1-a/instances/inst-3520",NULL,"Bucket","Storage","Cloud Storage","Google","EL532UUJ2E42TRDW","Cloud Storage GiB",NULL,"6ET32CDXSEF6Y39C.2MU46JD2","proj-helios-prod","helios-prod","BillingAccount",NULL,NULL,"asia-southeast1-c","Usage-Based","INV-202409-23566","Object Storage",3.8955,884.0143851,4.5296
"AllocatedMethodId-7172","AllocatedResourceId-3527","AllocatedResourceName-3658","{}",100.09754496,"8a93b2c1-1234-4abc-9def-0123456789ab","Contoso Cloud","BillingProfile","USD","2024-10-01T00:00:00Z","2024-09-01T00:00:00Z",NULL,NULL,"Usage",NULL,"Virtual Machines Virtual Machine in West Europe","2024-09-19T17:00:00Z","2024-09-19T16:00:00Z","Spend","cd-454803","commit-4803",NULL,"Unused","Committed Use Discount",NULL,NULL,NULL,NULL,131.70729599999999,1.6592,100.09754496,"Microsoft","Microsoft",147.988134,1.8643,"Committed","USD",79.38,"Hours","Microsoft","Microsoft","westeurope","West Europe","/subscriptions/8a93b2c1-1234-4abc-9def-0123456789ab/resourceGroups/rg-931/providers/Microsoft.Compute/virtualMachines/vm-9832",NULL,"Virtual Machine","Compute","Virtual Machines","Microsoft","QJVFJWTZIFT9YVI7","Virtual Machines Hours",NULL,"F16XBXTLNV5MOIJE.SG687CVI","sub-4d3e","Sandbox","BillingProfile",NULL,NULL,"uksouth-1","Usage-Based","INV-202409-88282","Virtual Machines",1.6592,100.09754496,1.8643
"AllocatedMethodId-1461","AllocatedResourceId-6221","AllocatedResourceName-2623","{}",1193.082408,"8a93b2c1-1234-4abc-9def-0123456789ab","Contoso Cloud","BillingProfile","USD","2024-10-01T00:00:00Z","2024-09-01T00:00:00Z",NULL,NULL,"Usage",NULL,"Azure Load Balancer Load Balancer in West Europe","2024-09-19T17:00:00Z","2024-09-19T16:00:00Z",NULL,NULL,NULL,NULL,NULL,NULL,NULL,359.8000000000,"Hours",NULL,1325.64712,3.6844,1193.082408,"Microsoft","Microsoft",1744.2744200000002,4.8479,"Other","USD",359.80,"Hours","Microsoft","Microsoft","westeurope","West Europe","/subscriptions/8a93b2c1-1234-4abc-9def-0123456789ab/resourceGroups/rg-966/providers/Microsoft.Compute/virtualMachines/vm-34",NULL,"Load Balancer","Networking","Azure Load Balancer","Microsoft","23SY670KMIQD4X9G","Azure Load Balancer Hours",NULL,"7HSFKR26J1FO2WB0.DZ6XPYFX","sub-4d3e","Sandbox","BillingProfile","{""business_unit"": ""LisbonOps""}",NULL,NULL,"Usage-Based","INV-202409-39430","Application Networking",3.6844,1193.082408,4.8479
"AllocatedMethodId-6447","AllocatedResourceId-3185","AllocatedResourceName-1726","{}",640.77663744,"01ABCD-2345EF-6789GH","Helios Labs","BillingAccount","USD","2024-10-01T00:00:00Z","2024-09-01T00:00:00Z",NULL,NULL,"Usage",NULL,"Cloud Storage Bucket in Belgium","2024-09-13T06:00:00Z","2024-09-13T05:00:00Z","Spend","cd-326130","commit-6130",NULL,"Unused","Committed Use Discount",NULL,NULL,NULL,NULL,667.475664,1.7592,640.77663744,"Google","Google",889.9675520000001,2.3456,"Standard","USD",379.42,"GiB","Google","Google","europe-west1","Belgium","//compute.googleapis.com/projects/helios-labs/zones/europe-west1-a/instances/inst-28",NULL,"Bucket","Storage","Cloud Storage","Google","P03EH58B6PJS1AWP","Cloud Storage GiB",NULL,"0LF7XE78669BY4CY.XQBWEWPG","proj-helios-prod","helios-prod","BillingAccount",NULL,NULL,"europe-west1-b","Usage-Based","INV-202409-86271","Object Storage",1.7592,640.77663744,2.3456
"AllocatedMethodId-8325","AllocatedResourceId-1693","AllocatedResourceName-6776","{}",1131.31304286,"01ABCD-2345EF-6789GH","Helios Labs","BillingAccount","USD","2024-10-01T00:00:00Z","2024-09-01T00:00:00Z",NULL,NULL,"Usage",NULL,"Cloud Functions Function in Singapore","2024-09-30T06:00:00Z","2024-09-30T05:00:00Z",NULL,NULL,NULL,NULL,NULL,NULL,NULL,315.8700000000,"Invocations",NULL,1243.201146,3.9358,1131.31304286,"Google","Google",1281.642525,4.0575,"Dynamic","USD",315.87,"Invocations","Google","Google","asia-southeast1","Singapore","//compute.googleapis.com/projects/helios-labs/zones/asia-southeast1-a/instances/inst-8436",NULL,"Function","Compute","Cloud Functions","Google","84QCMSWDVRHX1Z2Y","Cloud Functions Invocations",NULL,"VL55X7RF1F1L8SUG.FUST21K2","proj-helios-prod","helios-prod","BillingAccount","{""environment"": ""prod""}",NULL,"europe-west1-b","Usage-Based","INV-202409-56077","Serverless Compute",3.9358,1131.31304286,4.0575
"AllocatedMethodId-5757","AllocatedResourceId-5914","AllocatedResourceName-3580","{}",904.2104750000001,"ocid1.tenancy.oc1..aaaa1234","Meridian OCI","Tenancy","USD","2024-10-01T00:00:00Z","2024-09-01T00:00:00Z",NULL,NULL,"Purchase",NULL,"Oracle Autonomous Database Database in Australia East (Sydney)","2024-09-04T05:00:00Z","2024-09-04T04:00:00Z",NULL,NULL,NULL,NULL,NULL,NULL,NULL,NULL,NULL,NULL,904.2104750000001,3.5245,0,"Oracle","Oracle",961.934225,3.7495,"Standard","USD",256.55,"Hours","Oracle","Oracle","ap-sydney-1","Australia East (Sydney)","ocid1.instance.oc1.ap-sydney-1.0079a52cce9c",NULL,"Database","Databases","Oracle Autonomous Database","Oracle","CJ2XX2EI7XZURPHB","Oracle Autonomous Database Hours",NULL,"L57Y9HQQ2NS5MHIE.2L2FUWE9","ocid1.compartment.oc1..prod","production","Tenancy","{""application"": ""BrightLensMatrix"", ""environment"": ""dev""}",NULL,NULL,"Recurring","INV-202409-81063","Relational Databases",3.5245,0,3.7495
"AllocatedMethodId-3526","AllocatedResourceId-3804","AllocatedResourceName-6531","{}",28.4871606,"8a93b2c1-1234-4abc-9def-0123456789ab","Contoso Cloud","BillingProfile","USD","2024-10-01T00:00:00Z","2024-09-01T00:00:00Z",NULL,NULL,"Usage",NULL,"Azure SQL Database SQL Database in West Europe","2024-09-09T14:00:00Z","2024-09-09T13:00:00Z",NULL,NULL,NULL,NULL,NULL,NULL,NULL,13.1500000000,"Hours",NULL,30.964305,2.3547,28.4871606,"Microsoft","Microsoft",36.42813,2.7702,"Dynamic","USD",13.15,"Hours","Microsoft","Microsoft","westeurope","West Europe","/subscriptions/8a93b2c1-1234-4abc-9def-0123456789ab/resourceGroups/rg-786/providers/Microsoft.Compute/virtualMachines/vm-5410",NULL,"SQL Database","Databases","Azure SQL Database","Microsoft","700EIUE237WI9LI1","Azure SQL Database Hours",NULL,"6DH7JTKKUOW7SFQM.9RIT8F6K","sub-9a1f","Production","BillingProfile","{""application"": ""AtlasPortal""}",NULL,"uksouth-1","Usage-Based","INV-202409-87569","Relational Databases",2.3547,28.4871606,2.7702
"AllocatedMethodId-9171","AllocatedResourceId-6055","AllocatedResourceName-9148","{}",137.95586455,"123456789012","SunBird","BillingAccount","USD","2024-10-01T00:00:00Z","2024-09-01T00:00:00Z",NULL,NULL,"Adjustment",NULL,"Amazon Elastic Compute Cloud Virtual Machine in US East (N. Virginia)","2024-09-28T09:00:00Z","2024-09-28T08:00:00Z",NULL,NULL,NULL,NULL,NULL,NULL,NULL,NULL,NULL,NULL,226.15715500000002,2.1455,137.95586455,"AWS","AWS",301.546387,2.8607,"Other","USD",105.41,"Hours","AWS","AWS","us-east-1","US East (N. Virginia)",NULL,NULL,NULL,"Compute","Amazon Elastic Compute Cloud","AWS","EDK2043NVJUUWZIX","Amazon Elastic Compute Cloud Hours",NULL,"69GUP3HR2PJGDSY0.PKUUMK56","517389287820","Atlas Nimbus","BillingAccount","{""business_unit"": ""LisbonOps"", ""team"": ""growth"", ""environment"": ""qa""}",NULL,NULL,"One-Time","INV-202409-71186","Virtual Machines",2.1455,137.95586455,2.8607
"AllocatedMethodId-6218","AllocatedResourceId-3662","AllocatedResourceName-7438","{}",24.46286832,"123456789012","SunBird","BillingAccount","USD","2024-10-01T00:00:00Z","2024-09-01T00:00:00Z",NULL,NULL,"Usage",NULL,"Amazon Elastic Compute Cloud Virtual Machine in Asia Pacific (Sydney)","2024-09-20T13:00:00Z","2024-09-20T12:00:00Z",NULL,NULL,NULL,NULL,NULL,NULL,NULL,24.3400000000,"Hours",NULL,26.024327999999997,1.0692,24.46286832,"AWS","AWS",34.243946,1.4069,"Standard","USD",24.34,"Hours","AWS","AWS","ap-southeast-2","Asia Pacific (Sydney)","arn:aws:ec2:ap-southeast-2:123456789012:instance/i-007502b4dfff",NULL,"Virtual Machine","Compute","Amazon Elastic Compute Cloud","AWS","ZXCZD9MX9SEY629R","Amazon Elastic Compute Cloud Hours",NULL,"HIGZXV9XJM6Z6CCC.IV473J6I","663626350770","Zenith Apollo","BillingAccount","{""application"": ""NimbusAPI""}",NULL,"eu-west-1c","Usage-Based","INV-202409-52987","Virtual Machines",1.0692,24.46286832,1.4069
"AllocatedMethodId-5735","AllocatedResourceId-4396","AllocatedResourceName-9011","{}",314.19424904,"01ABCD-2345EF-6789GH","Helios Labs","BillingAccount","USD","2024-10-01T00:00:00Z","2024-09-01T00:00:00Z",NULL,NULL,"Usage",NULL,"Cloud Functions Function in Singapore","2024-09-25T01:00:00Z","2024-09-25T00:00:00Z",NULL,NULL,NULL,NULL,NULL,NULL,NULL,184.1900000000,"Invocations",NULL,378.54728800000004,2.0552,314.19424904,"Google","Google",620.554529,3.3691,"Standard","USD",184.19,"Invocations","Google","Google","asia-southeast1","Singapore","//compute.googleapis.com/projects/helios-labs/zones/asia-southeast1-a/instances/inst-3954",NULL,"Function","Compute","Cloud Functions","Google","YJPCHMB2U0J0N064","Cloud Functions Invocations",NULL,"DI7N9U47YUL38V8W.Q4MPR9TO","proj-helios-dev","helios-dev","BillingAccount","{""owner"": ""k.johnson"", ""application"": ""BrightSourceCore"", ""team"": ""platform""}",NULL,NULL,"Usage-Based","INV-202409-49008","Serverless Compute",2.0552,314.19424904,3.3691
"AllocatedMethodId-5888","AllocatedResourceId-2758","AllocatedResourceName-6489","{}",610.9050255,"01ABCD-2345EF-6789GH","Helios Labs","BillingAccount","USD","2024-10-01T00:00:00Z","2024-09-01T00:00:00Z",NULL,NULL,"Usage",NULL,"BigQuery Dataset in Singapore","2024-09-13T07:00:00Z","2024-09-13T06:00:00Z","Spend","cd-943700","commit-3700",NULL,"Used","Savings Plan",NULL,189.8500000000,"GiB",NULL,623.372475,3.2835,610.9050255,"Google","Google",930.41688,4.9008,"Committed","USD",189.85,"GiB","Google","Google","asia-southeast1","Singapore","//compute.googleapis.com/projects/helios-labs/zones/asia-southeast1-a/instances/inst-8174",NULL,"Dataset","Analytics","BigQuery","Google","RIGPPD7OODG0V4GI","BigQuery GiB",NULL,"A9K044MSUSDFO8CL.0LCZ5LSC","proj-helios-dev","helios-dev","BillingAccount","{""application"": ""AtlasPortal"", ""business_unit"": ""LisbonOps"", ""team"": ""payments""}",NULL,"asia-southeast1-c","Usage-Based","INV-202409-11214","Data Warehouses",3.2835,610.9050255,4.9008
"AllocatedMethodId-7121","AllocatedResourceId-7813","AllocatedResourceName-9998","{}",398.08657365,"01ABCD-2345EF-6789GH","Helios Labs","BillingAccount","USD","2024-10-01T00:00:00Z","2024-09-01T00:00:00Z",NULL,NULL,"Usage",NULL,"BigQuery Dataset in Northern Virginia","2024-09-22T13:00:00Z","2024-09-22T12:00:00Z","Usage","cd-453487","commit-3487",NULL,"Used","Committed Use Discount",NULL,165.3500000000,"GiB",NULL,447.288285,2.7051,398.08657365,"Google","Google",604.4534600000001,3.6556,"Standard","USD",165.35,"GiB","Google","Google","us-east4","Northern Virginia","//compute.googleapis.com/projects/helios-labs/zones/us-east4-a/instances/inst-9729",NULL,"Dataset","Analytics","BigQuery","Google","16UFZGLI4UPAQYP2","BigQuery GiB",NULL,"RVTAQXPDH3TKZ6TH.SXOOI4J3","proj-helios-prod","helios-prod","BillingAccount",NULL,NULL,NULL,"Usage-Based","INV-202409-89395","Data Warehouses",2.7051,398.08657365,3.6556
"AllocatedMethodId-9835","AllocatedResourceId-3178","AllocatedResourceName-6697","{}",596.7805119999999,"ocid1.tenancy.oc1..aaaa1234","Meridian OCI","Tenancy","USD","2024-10-01T00:00:00Z","2024-09-01T00:00:00Z",NULL,NULL,"Purchase",NULL,"Oracle Load Balancer Load Balancer in Australia East (Sydney)","2024-09-11T14:00:00Z","2024-09-11T13:00:00Z","Spend","cd-969032","commit-9032",NULL,"Used","Committed Use Discount",NULL,NULL,NULL,NULL,596.7805119999999,2.2712,0,"Oracle","Oracle",693.922884,2.6409,"Standard","USD",262.76,"Hours","Oracle","Oracle","ap-sydney-1","Australia East (Sydney)","ocid1.instance.oc1.ap-sydney-1.00c56638cfeb",NULL,"Load Balancer","Networking","Oracle Load Balancer","Oracle","N5F62D3I603D93TB","Oracle Load Balancer Hours",NULL,"ZQANEC1WE8DE4CS0.LI0XY2YY","ocid1.compartment.oc1..prod","production","Tenancy",NULL,NULL,NULL,"Recurring","INV-202409-20518","Application Networking",2.2712,0,2.6409
"AllocatedMethodId-7999","AllocatedResourceId-9120","AllocatedResourceName-1768","{}",1333.51624629,"123456789012","SunBird","BillingAccount","USD","2024-10-01T00:00:00Z","2024-09-01T00:00:00Z",NULL,NULL,"Credit",NULL,"Amazon Simple Storage Service Bucket in Asia Pacific (Sydney)","2024-09-06T11:00:00Z","2024-09-06T10:00:00Z",NULL,NULL,NULL,NULL,NULL,NULL,NULL,NULL,NULL,NULL,1498.3328609999999,3.9629,1333.51624629,"AWS","AWS",1849.8053249999998,4.8925,"Standard","USD",378.09,"GB","AWS","AWS","ap-southeast-2","Asia Pacific (Sydney)",NULL,NULL,NULL,"Storage","Amazon Simple Storage Service","AWS","WJRMHC0BPNEGC2DP","Amazon Simple Storage Service GB",NULL,"CZ2O8NDI6SOUUPTJ.7O0TRD9L","663626350770","Zenith Apollo","BillingAccount","{""environment"": ""qa""}",NULL,NULL,"One-Time","INV-202409-92050","Object Storage",3.9629,1333.51624629,4.8925
"AllocatedMethodId-9401","AllocatedResourceId-9147","AllocatedResourceName-8635","{}",540.63958624,"01ABCD-2345EF-6789GH","Helios Labs","BillingAccount","USD","2024-10-01T00:00:00Z","2024-09-01T00:00:00Z",NULL,NULL,"Usage",NULL,"Cloud Load Balancing Forwarding Rule in Northern Virginia","2024-09-30T18:00:00Z","2024-09-30T17:00:00Z",NULL,NULL,NULL,NULL,NULL,NULL,NULL,188.2400000000,"Hours",NULL,575.148496,3.0554,540.63958624,"Google","Google",710.060104,3.7721,"Standard","USD",188.24,"Hours","Google","Google","us-east4","Northern Virginia","//compute.googleapis.com/projects/helios-labs/zones/us-east4-a/instances/inst-9304",NULL,"Forwarding Rule","Networking","Cloud Load Balancing","Google","PQNVF2XF8MDRYCEM","Cloud Load Balancing Hours",NULL,"9N4NVTANMH4PNZP9.USY38WTQ","proj-helios-dev","helios-dev","BillingAccount","{""application"": ""NimbusAPI"", ""cost_center"": ""CC-2042""}",NULL,NULL,"Usage-Based","INV-202409-57139","Application Networking",3.0554,540.63958624,3.7721
"AllocatedMethodId-9777","AllocatedResourceId-5697","AllocatedResourceName-1280","{}",204.76456,"123456789012","SunBird","BillingAccount","USD","2024-10-01T00:00:00Z","2024-09-01T00:00:00Z",NULL,NULL,"Usage",NULL,"AWS Lambda Function in Asia Pacific (Sydney)","2024-09-09T17:00:00Z","2024-09-09T16:00:00Z",NULL,NULL,NULL,NULL,NULL,NULL,NULL,281.2700000000,"Requests",NULL,292.5208,1.0400,204.76456,"AWS","AWS",311.197128,1.1064,"Standard","USD",281.27,"Requests","AWS","AWS","ap-southeast-2","Asia Pacific (Sydney)","arn:aws:ec2:ap-southeast-2:123456789012:instance/i-00a3c84920c3",NULL,"Function","Compute","AWS Lambda","AWS","VQ553KWKI85L8D7C","AWS Lambda Requests",NULL,"EDA0IOEJAN63XD45.BA890AB7","438839167390","Zenith Eclipse","BillingAccount","{""business_unit"": ""MarseilleSRE"", ""environment"": ""staging""}",NULL,"us-west-2b","Usage-Based","INV-202409-46010","Serverless Compute",1.0400,204.76456,1.1064
"AllocatedMethodId-2284","AllocatedResourceId-9204","AllocatedResourceName-6666","{}",725.73879796,"ocid1.tenancy.oc1..aaaa1234","Meridian OCI","Tenancy","USD","2024-10-01T00:00:00Z","2024-09-01T00:00:00Z",NULL,NULL,"Usage",NULL,"Oracle Object Storage Bucket in US East (Ashburn)","2024-09-23T09:00:00Z","2024-09-23T08:00:00Z","Usage","cd-491172","commit-1172",NULL,"Used","Savings Plan",NULL,263.2300000000,"GB",NULL,954.919471,3.6277,725.73879796,"Oracle","Oracle",1072.9518030000002,4.0761,"Committed","USD",263.23,"GB","Oracle","Oracle","us-ashburn-1","US East (Ashburn)","ocid1.instance.oc1.us-ashburn-1.00be242b2821",NULL,"Bucket","Storage","Oracle Object Storage","Oracle","CFZYY94DAKF51VG7","Oracle Object Storage GB",NULL,"CON4RCER8CLUBNJZ.ETKPY8VY","ocid1.compartment.oc1..prod","production","Tenancy","{""business_unit"": ""ViennaAI""}",NULL,NULL,"Usage-Based","INV-202409-28343","Object Storage",3.6277,725.73879796,4.0761
"AllocatedMethodId-4977","AllocatedResourceId-9537","AllocatedResourceName-3778","{}",398.60964901,"123456789012","SunBird","BillingAccount","USD","2024-10-01T00:00:00Z","2024-09-01T00:00:00Z",NULL,NULL,"Usage",NULL,"Amazon Elastic Compute Cloud Virtual Machine in Asia Pacific (Sydney)","2024-09-04T06:00:00Z","2024-09-04T05:00:00Z","Usage","cd-386604","commit-6604",NULL,"Used","Savings Plan",NULL,477.4300000000,"Hours",NULL,653.458441,1.3687,398.60964901,"AWS","AWS",947.030148,1.9836,"Committed","USD",477.43,"Hours","AWS","AWS","ap-southeast-2","Asia Pacific (Sydney)","arn:aws:ec2:ap-southeast-2:123456789012:instance/i-00e39414e558",NULL,"Virtual Machine","Compute","Amazon Elastic Compute Cloud","AWS","PEFRJYJYUXGFAT2X","Amazon Elastic Compute Cloud Hours",NULL,"RGIFL129960GBFW9.FUYAS0YF","517389287820","Atlas Nimbus","BillingAccount","{""team"": ""infra"", ""environment"": ""prod""}",NULL,NULL,"Usage-Based","INV-202409-83339","Virtual Machines",1.3687,398.60964901,1.9836
"AllocatedMethodId-2211","AllocatedResourceId-8357","AllocatedResourceName-8851","{}",92.39013693,"ocid1.tenancy.oc1..aaaa1234","Meridian OCI","Tenancy","USD","2024-10-01T00:00:00Z","2024-09-01T00:00:00Z",NULL,NULL,"Usage",NULL,"Oracle Object Storage Bucket in US East (Ashburn)","2024-09-13T21:00:00Z","2024-09-13T20:00:00Z",NULL,NULL,NULL,NULL,NULL,NULL,NULL,83.6100000000,"GB",NULL,101.52762299999999,1.2143,92.39013693,"Oracle","Oracle",115.37343899999999,1.3799,"Standard","USD",83.61,"GB","Oracle","Oracle","us-ashburn-1","US East (Ashburn)","ocid1.instance.oc1.us-ashburn-1.0078e73bd248",NULL,"Bucket","Storage","Oracle Object Storage","Oracle","V2V1ITUM4ULZUS5P","Oracle Object Storage GB",NULL,"UYRZXHM8L9B3N2SE.05ITPQJ1","ocid1.compartment.oc1..dev","development","Tenancy","{""owner"": ""a.turing"", ""team"": ""platform"", ""environment"": ""dev""}",NULL,"uk-london-1-AD-2","Usage-Based","INV-202409-59412","Object Storage",1.2143,92.39013693,1.3799
"AllocatedMethodId-3858","AllocatedResourceId-3623","AllocatedResourceName-6422","{}",1050.38981118,"ocid1.tenancy.oc1..aaaa1234","Meridian OCI","Tenancy","USD","2024-10-01T00:00:00Z","2024-09-01T00:00:00Z",NULL,NULL,"Usage",NULL,"Oracle Load Balancer Load Balancer in Australia East (Sydney)","2024-09-24T05:00:00Z","2024-09-24T04:00:00Z","Usage","cd-360289","commit-0289",NULL,"Used","Reserved Instance",NULL,350.8200000000,"Hours",NULL,1082.876094,3.0867,1050.38981118,"Oracle","Oracle",1424.8554299999998,4.0615,"Standard","USD",350.82,"Hours","Oracle","Oracle","ap-sydney-1","Australia East (Sydney)","ocid1.instance.oc1.ap-sydney-1.00d6cb329584",NULL,"Load Balancer","Networking","Oracle Load Balancer","Oracle","79O2XZ36JWB4GS0F","Oracle Load Balancer Hours",NULL,"HJWTV3N74W4G22UE.TCHBVGKP","ocid1.compartment.oc1..dev","development","Tenancy","{""owner"": ""a.turing"", ""team"": ""platform"", ""business_unit"": ""ViennaAI""}",NULL,"us-ashburn-1-AD-1","Usage-Based","INV-202409-77632","Application Networking",3.0867,1050.38981118,4.0615
"AllocatedMethodId-1878","AllocatedResourceId-6882","AllocatedResourceName-1157","{}",16.10326496,"ocid1.tenancy.oc1..aaaa1234","Meridian OCI","Tenancy","USD","2024-10-01T00:00:00Z","2024-09-01T00:00:00Z",NULL,NULL,"Usage",NULL,"Oracle Functions Function in US East (Ashburn)","2024-09-27T21:00:00Z","2024-09-27T20:00:00Z",NULL,NULL,NULL,NULL,NULL,NULL,NULL,216.0700000000,"Invocations",NULL,23.681272,0.1096,16.10326496,"Oracle","Oracle",31.567827,0.1461,"Other","USD",216.07,"Invocations","Oracle","Oracle","us-ashburn-1","US East (Ashburn)","ocid1.instance.oc1.us-ashburn-1.0034bd98ee46",NULL,"Function","Compute","Oracle Functions","Oracle","Q57UYZHWW3LTFIUH","Oracle Functions Invocations",NULL,"PTHLXJ6Y0IY1L58L.9K5SILU2","ocid1.compartment.oc1..dev","development","Tenancy","{""environment"": ""prod"", ""owner"": ""a.lovelace"", ""business_unit"": ""MarseilleSRE""}",NULL,"us-ashburn-1-AD-1","Usage-Based","INV-202409-91187","Serverless Compute",0.1096,16.10326496,0.1461
"AllocatedMethodId-3396","AllocatedResourceId-6277","AllocatedResourceName-5055","{}",375.653808,"ocid1.tenancy.oc1..aaaa1234","Meridian OCI","Tenancy","USD","2024-10-01T00:00:00Z","2024-09-01T00:00:00Z",NULL,NULL,"Usage",NULL,"Oracle Object Storage Bucket in US East (Ashburn)","2024-09-25T00:00:00Z","2024-09-24T23:00:00Z","Spend","cd-132359","commit-2359",NULL,"Used","Savings Plan",NULL,342.3500000000,"GB",NULL,469.56726000000003,1.3716,375.653808,"Oracle","Oracle",711.47177,2.0782,"Dynamic","USD",342.35,"GB","Oracle","Oracle","us-ashburn-1","US East (Ashburn)","ocid1.instance.oc1.us-ashburn-1.00220a33a659",NULL,"Bucket","Storage","Oracle Object Storage","Oracle","28N1GPTC2QWF2HPN","Oracle Object Storage GB",NULL,"W1KINNDW8R8KUSSR.6GI0DRII","ocid1.compartment.oc1..dev","development","Tenancy","{""business_unit"": ""LisbonOps"", ""environment"": ""prod"", ""team"": ""platform""}",NULL,"uk-london-1-AD-2","Usage-Based","INV-202409-42725","Object Storage",1.3716,375.653808,2.0782
"AllocatedMethodId-7493","AllocatedResourceId-6005","AllocatedResourceName-4836","{}",1084.13459532,"ocid1.tenancy.oc1..aaaa1234","Meridian OCI","Tenancy","USD","2024-10-01T00:00:00Z","2024-09-01T00:00:00Z",NULL,NULL,"Usage",NULL,"Oracle Functions Function in US East (Ashburn)","2024-09-27T19:00:00Z","2024-09-27T18:00:00Z",NULL,NULL,NULL,NULL,NULL,NULL,NULL,316.8200000000,"Invocations",NULL,1338.4377719999998,4.2246,1084.13459532,"Oracle","Oracle",1394.1980919999999,4.4006,"Standard","USD",316.82,"Invocations","Oracle","Oracle","us-ashburn-1","US East (Ashburn)","ocid1.instance.oc1.us-ashburn-1.00d32156dd35",NULL,"Function","Compute","Oracle Functions","Oracle","F3WE8ZN1N5RUSV9I","Oracle Functions Invocations",NULL,"5VDCG3BHK23A1MIT.KRFXQFXK","ocid1.compartment.oc1..dev","development","Tenancy","{""team"": ""growth"", ""owner"": ""a.lovelace""}",NULL,NULL,"Usage-Based","INV-202409-16787","Serverless Compute",4.2246,1084.13459532,4.4006
"AllocatedMethodId-5942","AllocatedResourceId-4366","AllocatedResourceName-9482","{}",379.3258992,"ocid1.tenancy.oc1..aaaa1234","Meridian OCI","Tenancy","USD","2024-10-01T00:00:00Z","2024-09-01T00:00:00Z",NULL,NULL,"Usage",NULL,"Oracle Compute Instance in Australia East (Sydney)","2024-09-01T02:00:00Z","2024-09-01T01:00:00Z",NULL,NULL,NULL,NULL,NULL,NULL,NULL,296.8400000000,"Hours",NULL,632.2098319999999,2.1298,379.3258992,"Oracle","Oracle",770.982532,2.5973,"Standard","USD",296.84,"Hours","Oracle","Oracle","ap-sydney-1","Australia East (Sydney)","ocid1.instance.oc1.ap-sydney-1.0038fa22ec0d",NULL,"Instance","Compute","Oracle Compute","Oracle","4EOYFGGUXTIYIJE7","Oracle Compute Hours",NULL,"AK2WNJ02NFGIHYW1.UIPRFP9S","ocid1.compartment.oc1..prod","production","Tenancy",NULL,NULL,NULL,"Usage-Based","INV-202409-13515","Virtual Machines",2.1298,379.3258992,2.5973
"AllocatedMethodId-1901","AllocatedResourceId-6067","AllocatedResourceName-3877","{}",93.743958,"8a93b2c1-1234-4abc-9def-0123456789ab","Contoso Cloud","BillingProfile","USD","2024-10-01T00:00:00Z","2024-09-01T00:00:00Z",NULL,NULL,"Usage",NULL,"Azure Load Balancer Load Balancer in UK South","2024-09-28T14:00:00Z","2024-09-28T13:00:00Z",NULL,NULL,NULL,NULL,NULL,NULL,NULL,247.4500000000,"Hours",NULL,111.59994999999999,0.4510,93.743958,"Microsoft","Microsoft",139.51230999999999,0.5638,"Standard","USD",247.45,"Hours","Microsoft","Microsoft","uksouth","UK South","/subscriptions/8a93b2c1-1234-4abc-9def-0123456789ab/resourceGroups/rg-564/providers/Microsoft.Compute/virtualMachines/vm-1014",NULL,"Load Balancer","Networking","Azure Load Balancer","Microsoft","4EBEAQNCDZ6S601Z","Azure Load Balancer Hours",NULL,"F88JRFTF6NJ8UZET.1PDPF1H3","sub-2b7c","Staging","BillingProfile","{""business_unit"": ""LisbonOps"", ""environment"": ""qa""}",NULL,"uksouth-1","Usage-Based","INV-202409-90254","Application Networking",0.4510,93.743958,0.5638
"AllocatedMethodId-1862","AllocatedResourceId-3938","AllocatedResourceName-4656","{}",487.01844132,"123456789012","SunBird","BillingAccount","USD","2024-10-01T00:00:00Z","2024-09-01T00:00:00Z",NULL,NULL,"Usage",NULL,"Amazon Elastic Compute Cloud Virtual Machine in US West (Oregon)","2024-09-01T12:00:00Z","2024-09-01T11:00:00Z",NULL,NULL,NULL,NULL,NULL,NULL,NULL,261.5100000000,"Hours",NULL,726.893196,2.7796,487.01844132,"AWS","AWS",1023.81165,3.9150,"Standard","USD",261.51,"Hours","AWS","AWS","us-west-2","US West (Oregon)","arn:aws:ec2:us-west-2:123456789012:instance/i-009d8e176d39",NULL,"Virtual Machine","Compute","Amazon Elastic Compute Cloud","AWS","EQE536XD5KXKQGHO","Amazon Elastic Compute Cloud Hours",NULL,"6ACAPC4XYJLC90OU.P0UREXH6","663626350770","Zenith Apollo","BillingAccount","{""owner"": ""a.lovelace"", ""application"": ""AtlasPortal""}",NULL,NULL,"Usage-Based","INV-202409-98254","Virtual Machines",2.7796,487.01844132,3.9150
"AllocatedMethodId-3141","AllocatedResourceId-4879","AllocatedResourceName-5778","{}",60.3790848,"123456789012","SunBird","BillingAccount","USD","2024-10-01T00:00:00Z","2024-09-01T00:00:00Z",NULL,NULL,"Adjustment",NULL,"Amazon Simple Queue Service Queue in US East (N. Virginia)","2024-09-13T02:00:00Z","2024-09-13T01:00:00Z",NULL,NULL,NULL,NULL,NULL,NULL,NULL,NULL,NULL,NULL,83.85984,1.9412,60.3790848,"AWS","AWS",98.66016,2.2838,"Standard","USD",43.20,"Requests","AWS","AWS","us-east-1","US East (N. Virginia)",NULL,NULL,NULL,"Integration","Amazon Simple Queue Service","AWS","5M8PJA0BO8WAVAYT","Amazon Simple Queue Service Requests",NULL,"GN7P05DJRFCO70X3.FG6IZED1","438839167390","Zenith Eclipse","BillingAccount","{""team"": ""growth""}",NULL,NULL,"One-Time","INV-202409-96827","Messaging",1.9412,60.3790848,2.2838
"AllocatedMethodId-2056","AllocatedResourceId-4239","AllocatedResourceName-8265","{}",141.79064832,"01ABCD-2345EF-6789GH","Helios Labs","BillingAccount","USD","2024-10-01T00:00:00Z","2024-09-01T00:00:00Z",NULL,NULL,"Usage",NULL,"Cloud SQL Database Instance in Northern Virginia","2024-09-14T14:00:00Z","2024-09-14T13:00:00Z","Usage","cd-571404","commit-1404",NULL,"Unused","Savings Plan",NULL,NULL,NULL,NULL,221.547888,0.4696,141.79064832,"Google","Google",321.093468,0.6806,"Standard","USD",471.78,"Hours","Google","Google","us-east4","Northern Virginia","//compute.googleapis.com/projects/helios-labs/zones/us-east4-a/instances/inst-7377",NULL,"Database Instance","Databases","Cloud SQL","Google","3QHFKTCNUJFPWZ6D","Cloud SQL Hours",NULL,"TQLBZ299PG3GIHAD.OIMZXFQE","proj-helios-dev","helios-dev","BillingAccount",NULL,NULL,"us-central1-a","Usage-Based","INV-202409-12857","Relational Databases",0.4696,141.79064832,0.6806
"AllocatedMethodId-4951","AllocatedResourceId-5366","AllocatedResourceName-9743","{}",470.704143,"8a93b2c1-1234-4abc-9def-0123456789ab","Contoso Cloud","BillingProfile","USD","2024-10-01T00:00:00Z","2024-09-01T00:00:00Z",NULL,NULL,"Usage",NULL,"Virtual Machines Virtual Machine in Southeast Asia","2024-09-02T20:00:00Z","2024-09-02T19:00:00Z","Spend","cd-547389","commit-7389",NULL,"Used","Savings Plan",NULL,216.5800000000,"Hours",NULL,627.6055240000001,2.8978,470.704143,"Microsoft","Microsoft",784.496076,3.6222,"Committed","USD",216.58,"Hours","Microsoft","Microsoft","southeastasia","Southeast Asia","/subscriptions/8a93b2c1-1234-4abc-9def-0123456789ab/resourceGroups/rg-102/providers/Microsoft.Compute/virtualMachines/vm-6578",NULL,"Virtual Machine","Compute","Virtual Machines","Microsoft","S5094DFRYI0M7P8B","Virtual Machines Hours",NULL,"YW485W6UYRLBUOBR.D47WOKGP","sub-9a1f","Production","BillingProfile","{""business_unit"": ""MarseilleSRE"", ""team"": ""platform""}",NULL,NULL,"Usage-Based","INV-202409-96096","Virtual Machines",2.8978,470.704143,3.6222
"AllocatedMethodId-1029","AllocatedResourceId-7415","AllocatedResourceName-1530","{}",540.38346696,"123456789012","SunBird","BillingAccount","USD","2024-10-01T00:00:00Z","2024-09-01T00:00:00Z",NULL,NULL,"Usage",NULL,"Amazon Simple Storage Service Bucket in Asia Pacific (Sydney)","2024-09-08T10:00:00Z","2024-09-08T09:00:00Z",NULL,NULL,NULL,NULL,NULL,NULL,NULL,403.1100000000,"GB",NULL,885.874536,2.1976,540.38346696,"AWS","AWS",1406.128302,3.4882,"Standard","USD",403.11,"GB","AWS","AWS","ap-southeast-2","Asia Pacific (Sydney)","arn:aws:ec2:ap-southeast-2:123456789012:instance/i-00255f920380",NULL,"Bucket","Storage","Amazon Simple Storage Service","AWS","OOB74AVMIVLUDBJJ","Amazon Simple Storage Service GB",NULL,"H7XEXZGVTUIK15UL.9WOLYTSI","438839167390","Zenith Eclipse","BillingAccount","{""environment"": ""qa"", ""cost_center"": ""CC-3090"", ""owner"": ""k.johnson""}",NULL,"us-east-1a","Usage-Based","INV-202409-33292","Object Storage",2.1976,540.38346696,3.4882
"AllocatedMethodId-8066","AllocatedResourceId-3703","AllocatedResourceName-8113","{}",235.88682,"8a93b2c1-1234-4abc-9def-0123456789ab","Contoso Cloud","BillingProfile","USD","2024-10-01T00:00:00Z","2024-09-01T00:00:00Z",NULL,NULL,"Purchase",NULL,"Azure Functions Function App in Southeast Asia","2024-09-10T11:00:00Z","2024-09-10T10:00:00Z",NULL,NULL,NULL,NULL,NULL,NULL,NULL,NULL,NULL,NULL,235.88682,3.3540,0,"Microsoft","Microsoft",262.098811,3.7267,"Dynamic","USD",70.33,"Executions","Microsoft","Microsoft","southeastasia","Southeast Asia","/subscriptions/8a93b2c1-1234-4abc-9def-0123456789ab/resourceGroups/rg-671/providers/Microsoft.Compute/virtualMachines/vm-7724",NULL,"Function App","Compute","Azure Functions","Microsoft","NPEWQGADY20K05YW","Azure Functions Executions",NULL,"8YG4OK2ECSBUQGEV.KYKE9FV4","sub-4d3e","Sandbox","BillingProfile","{""owner"": ""k.johnson""}",NULL,NULL,"Recurring","INV-202409-14062","Serverless Compute",3.3540,0,3.7267
"AllocatedMethodId-7342","AllocatedResourceId-9561","AllocatedResourceName-7858","{}",832.64353128,"8a93b2c1-1234-4abc-9def-0123456789ab","Contoso Cloud","BillingProfile","USD","2024-10-01T00:00:00Z","2024-09-01T00:00:00Z",NULL,NULL,"Usage",NULL,"Virtual Machines Virtual Machine in East US","2024-09-09T19:00:00Z","2024-09-09T18:00:00Z","Spend","cd-349087","commit-9087",NULL,"Unused","Reserved Instance",NULL,NULL,NULL,NULL,1172.737368,3.2484,832.64353128,"Microsoft","Microsoft",1317.686898,3.6499,"Committed","USD",361.02,"Hours","Microsoft","Microsoft","eastus","East US","/subscriptions/8a93b2c1-1234-4abc-9def-0123456789ab/resourceGroups/rg-16/providers/Microsoft.Compute/virtualMachines/vm-2119",NULL,"Virtual Machine","Compute","Virtual Machines","Microsoft","4MGBNKSF4HTZ45QF","Virtual Machines Hours",NULL,"8YLXYXL2CQ23QORD.JGFW80O9","sub-2b7c","Staging","BillingProfile","{""environment"": ""staging"", ""application"": ""BrightLensMatrix""}",NULL,"westeurope-2","Usage-Based","INV-202409-17993","Virtual Machines",3.2484,832.64353128,3.6499
"AllocatedMethodId-3821","AllocatedResourceId-5512","AllocatedResourceName-7602","{}",32.52930273,"ocid1.tenancy.oc1..aaaa1234","Meridian OCI","Tenancy","USD","2024-10-01T00:00:00Z","2024-09-01T00:00:00Z",NULL,NULL,"Usage",NULL,"Oracle Load Balancer Load Balancer in US East (Ashburn)","2024-09-13T19:00:00Z","2024-09-13T18:00:00Z",NULL,NULL,NULL,NULL,NULL,NULL,NULL,17.3700000000,"Hours",NULL,39.191931000000004,2.2563,32.52930273,"Oracle","Oracle",49.610457000000004,2.8561,"Other","USD",17.37,"Hours","Oracle","Oracle","us-ashburn-1","US East (Ashburn)","ocid1.instance.oc1.us-ashburn-1.0043bb6b2cab",NULL,"Load Balancer","Networking","Oracle Load Balancer","Oracle","KNMIC1F1MJQUEFY9","Oracle Load Balancer Hours",NULL,"Z9UR73A70H0JJGGG.S8W0QY54","ocid1.compartment.oc1..dev","development","Tenancy",NULL,NULL,NULL,"Usage-Based","INV-202409-14910","Application Networking",2.2563,32.52930273,2.8561
"AllocatedMethodId-8308","AllocatedResourceId-3909","AllocatedResourceName-8775","{}",670.24695256,"8a93b2c1-1234-4abc-9def-0123456789ab","Contoso Cloud","BillingProfile","USD","2024-10-01T00:00:00Z","2024-09-01T00:00:00Z",NULL,NULL,"Usage",NULL,"Azure Functions Function App in UK South","2024-09-17T22:00:00Z","2024-09-17T21:00:00Z",NULL,NULL,NULL,NULL,NULL,NULL,NULL,372.8800000000,"Executions",NULL,1098.765496,2.9467,670.24695256,"Microsoft","Microsoft",1716.8140959999998,4.6042,"Standard","USD",372.88,"Executions","Microsoft","Microsoft","uksouth","UK South","/subscriptions/8a93b2c1-1234-4abc-9def-0123456789ab/resourceGroups/rg-198/providers/Microsoft.Compute/virtualMachines/vm-389",NULL,"Function App","Compute","Azure Functions","Microsoft","UR0FM2N057XD6KET","Azure Functions Executions",NULL,"6ZI7BLMMDPC3DXMR.X36ZHBPX","sub-9a1f","Production","BillingProfile","{""team"": ""payments"", ""application"": ""BrightSourceCore""}",NULL,"uksouth-1","Usage-Based","INV-202409-74066","Serverless Compute",2.9467,670.24695256,4.6042
"AllocatedMethodId-7620","AllocatedResourceId-6236","AllocatedResourceName-3292","{}",50.48811972,"01ABCD-2345EF-6789GH","Helios Labs","BillingAccount","USD","2024-10-01T00:00:00Z","2024-09-01T00:00:00Z",NULL,NULL,"Usage",NULL,"Cloud SQL Database Instance in Belgium","2024-09-30T10:00:00Z","2024-09-30T09:00:00Z",NULL,NULL,NULL,NULL,NULL,NULL,NULL,24.8400000000,"Hours",NULL,73.171188,2.9457,50.48811972,"Google","Google",106.044444,4.2691,"Dynamic","USD",24.84,"Hours","Google","Google","europe-west1","Belgium","//compute.googleapis.com/projects/helios-labs/zones/europe-west1-a/instances/inst-9968",NULL,"Database Instance","Databases","Cloud SQL","Google","A4ILAOQTR1YW3QN3","Cloud SQL Hours",NULL,"T7ZGA6X9STG4EVRU.RQTMJ7PD","proj-helios-dev","helios-dev","BillingAccount","{""business_unit"": ""LisbonOps""}",NULL,NULL,"Usage-Based","INV-202409-88647","Relational Databases",2.9457,50.48811972,4.2691
"AllocatedMethodId-3897","AllocatedResourceId-6134","AllocatedResourceName-1950","{}",32.75572716,"123456789012","SunBird","BillingAccount","USD","2024-10-01T00:00:00Z","2024-09-01T00:00:00Z",NULL,NULL,"Usage",NULL,"AWS Lambda Function in Asia Pacific (Sydney)","2024-09-12T02:00:00Z","2024-09-12T01:00:00Z",NULL,NULL,NULL,NULL,NULL,NULL,NULL,17.6700000000,"Requests",NULL,48.170187000000006,2.7261,32.75572716,"AWS","AWS",62.558868000000004,3.5404,"Other","USD",17.67,"Requests","AWS","AWS","ap-southeast-2","Asia Pacific (Sydney)","arn:aws:ec2:ap-southeast-2:123456789012:instance/i-00d46937da75",NULL,"Function","Compute","AWS Lambda","AWS","Q9LVFOWOT0VXQS3H","AWS Lambda Requests",NULL,"4DE4M6HY7T0DJIMV.03JULF5V","438839167390","Zenith Eclipse","BillingAccount","{""owner"": ""k.johnson"", ""team"": ""payments"", ""business_unit"": ""MarseilleSRE""}",NULL,"ap-southeast-2a","Usage-Based","INV-202409-92710","Serverless Compute",2.7261,32.75572716,3.5404
"AllocatedMethodId-1612","AllocatedResourceId-7147","AllocatedResourceName-5190","{}",1119.72489783,"123456789012","SunBird","BillingAccount","USD","2024-10-01T00:00:00Z","2024-09-01T00:00:00Z",NULL,NULL,"Usage",NULL,"Amazon Simple Queue Service Queue in Europe (Ireland)","2024-09-08T05:00:00Z","2024-09-08T04:00:00Z",NULL,NULL,NULL,NULL,NULL,NULL,NULL,392.6100000000,"Requests",NULL,1454.188179,3.7039,1119.72489783,"AWS","AWS",1530.707868,3.8988,"Dynamic","USD",392.61,"Requests","AWS","AWS","eu-west-1","Europe (Ireland)","arn:aws:ec2:eu-west-1:123456789012:instance/i-001b3bae9a61",NULL,"Queue","Integration","Amazon Simple Queue Service","AWS","U7MBAPOWTIGY6TKE","Amazon Simple Queue Service Requests",NULL,"CTS377V1IV5WMKZB.OOINB6KH","517389287820","Atlas Nimbus","BillingAccount","{""team"": ""platform"", ""application"": ""BrightSourceCore""}",NULL,NULL,"Usage-Based","INV-202409-58049","Messaging",3.7039,1119.72489783,3.8988
"AllocatedMethodId-5850","AllocatedResourceId-5327","AllocatedResourceName-8606","{}",610.885944,"123456789012","SunBird","BillingAccount","USD","2024-10-01T00:00:00Z","2024-09-01T00:00:00Z",NULL,NULL,"Purchase",NULL,"Elastic Load Balancing Load Balancer in US East (N. Virginia)","2024-09-05T15:00:00Z","2024-09-05T14:00:00Z",NULL,NULL,NULL,NULL,NULL,NULL,NULL,NULL,NULL,NULL,610.885944,1.7713,0,"AWS","AWS",718.695432,2.0839,"Standard","USD",344.88,"LCU-Hours","AWS","AWS","us-east-1","US East (N. Virginia)","arn:aws:ec2:us-east-1:123456789012:instance/i-0082958cdfd8",NULL,"Load Balancer","Networking","Elastic Load Balancing","AWS","G7RI0G6HSHG5MMQ7","Elastic Load Balancing LCU-Hours",NULL,"MW0SKC95N4VPAAFH.5JF6EGQO","663626350770","Zenith Apollo","BillingAccount",NULL,NULL,NULL,"One-Time","INV-202409-69867","Application Networking",1.7713,0,2.0839
"AllocatedMethodId-3571","AllocatedResourceId-9283","AllocatedResourceName-8688","{}",78.2136,"123456789012","SunBird","BillingAccount","USD","2024-10-01T00:00:00Z","2024-09-01T00:00:00Z",NULL,NULL,"Usage",NULL,"Amazon Elastic Compute Cloud Virtual Machine in US West (Oregon)","2024-09-13T10:00:00Z","2024-09-13T09:00:00Z","Spend","cd-245117","commit-5117",NULL,"Unused","Savings Plan",NULL,NULL,NULL,NULL,81.4725,0.3825,78.2136,"AWS","AWS",123.4548,0.5796,"Standard","USD",213.00,"Hours","AWS","AWS","us-west-2","US West (Oregon)","arn:aws:ec2:us-west-2:123456789012:instance/i-00c7ab352809",NULL,"Virtual Machine","Compute","Amazon Elastic Compute Cloud","AWS","40KHIDKG042LYWBI","Amazon Elastic Compute Cloud Hours",NULL,"45H02CEQUA7OV77G.1P4WYJ9D","517389287820","Atlas Nimbus","BillingAccount","{""business_unit"": ""OsloData"", ""application"": ""BrightSourceCore"", ""owner"": ""a.lovelace""}",NULL,"ap-southeast-2a","Usage-Based","INV-202409-11526","Virtual Machines",0.3825,78.2136,0.5796
"AllocatedMethodId-5166","AllocatedResourceId-4209","AllocatedResourceName-4072","{}",15.77063688,"ocid1.tenancy.oc1..aaaa1234","Meridian OCI","Tenancy","USD","2024-10-01T00:00:00Z","2024-09-01T00:00:00Z",NULL,NULL,"Usage",NULL,"Oracle Object Storage Bucket in US East (Ashburn)","2024-09-14T17:00:00Z","2024-09-14T16:00:00Z",NULL,NULL,NULL,NULL,NULL,NULL,NULL,25.1800000000,"GB",NULL,20.750838,0.8241,15.77063688,"Oracle","Oracle",28.040447999999998,1.1136,"Standard","USD",25.18,"GB","Oracle","Oracle","us-ashburn-1","US East (Ashburn)","ocid1.instance.oc1.us-ashburn-1.00bf073ee311",NULL,"Bucket","Storage","Oracle Object Storage","Oracle","BGZ0C99AFT69N3VX","Oracle Object Storage GB",NULL,"DO3V94X2HGOAVWS9.7XGCK5I0","ocid1.compartment.oc1..dev","development","Tenancy","{""team"": ""infra"", ""application"": ""AtlasPortal"", ""owner"": ""a.lovelace""}",NULL,NULL,"Usage-Based","INV-202409-24019","Object Storage",0.8241,15.77063688,1.1136
"AllocatedMethodId-9689","AllocatedResourceId-1795","AllocatedResourceName-8091","{}",34.9445447,"123456789012","SunBird","BillingAccount","USD","2024-10-01T00:00:00Z","2024-09-01T00:00:00Z",NULL,NULL,"Tax",NULL,"Tax charge in US West (Oregon)","2024-09-09T04:00:00Z","2024-09-09T03:00:00Z",NULL,NULL,NULL,NULL,NULL,NULL,NULL,NULL,NULL,NULL,34.9445447,NULL,34.9445447,"AWS","AWS",34.9445447,NULL,NULL,"USD",NULL,NULL,"AWS","AWS",NULL,NULL,NULL,NULL,NULL,"Other","Tax","AWS",NULL,NULL,NULL,NULL,"438839167390","Zenith Eclipse","BillingAccount","{""owner"": ""g.hopper"", ""cost_center"": ""CC-2042""}",NULL,NULL,"One-Time","INV-202409-10568","Other (Security)",NULL,34.9445447,NULL
"AllocatedMethodId-1529","AllocatedResourceId-6876","AllocatedResourceName-8415","{}",244.1066936,"ocid1.tenancy.oc1..aaaa1234","Meridian OCI","Tenancy","USD","2024-10-01T00:00:00Z","2024-09-01T00:00:00Z",NULL,NULL,"Usage",NULL,"Oracle Load Balancer Load Balancer in US East (Ashburn)","2024-09-06T12:00:00Z","2024-09-06T11:00:00Z","Spend","cd-738576","commit-8576",NULL,"Unused","Savings Plan",NULL,NULL,NULL,NULL,317.02168,1.0460,244.1066936,"Oracle","Oracle",487.74664399999995,1.6093,"Committed","USD",303.08,"Hours","Oracle","Oracle","us-ashburn-1","US East (Ashburn)","ocid1.instance.oc1.us-ashburn-1.00d72b646e86",NULL,"Load Balancer","Networking","Oracle Load Balancer","Oracle","6T9U9NMNSWIL68UH","Oracle Load Balancer Hours",NULL,"W9408S1A7GBYJDDM.RKSQJDSN","ocid1.compartment.oc1..prod","production","Tenancy","{""team"": ""payments"", ""environment"": ""qa""}",NULL,NULL,"Usage-Based","INV-202409-80932","Application Networking",1.0460,244.1066936,1.6093
"AllocatedMethodId-3611","AllocatedResourceId-7814","AllocatedResourceName-9897","{}",1199.17665216,"123456789012","SunBird","BillingAccount","USD","2024-10-01T00:00:00Z","2024-09-01T00:00:00Z",NULL,NULL,"Usage",NULL,"Elastic Load Balancing Load Balancer in US West (Oregon)","2024-09-28T15:00:00Z","2024-09-28T14:00:00Z","Usage","cd-500118","commit-0118",NULL,"Unused","Savings Plan",NULL,NULL,NULL,NULL,1378.363968,3.5148,1199.17665216,"AWS","AWS",1566.326256,3.9941,"Committed","USD",392.16,"LCU-Hours","AWS","AWS","us-west-2","US West (Oregon)","arn:aws:ec2:us-west-2:123456789012:instance/i-00511cf0b436",NULL,"Load Balancer","Networking","Elastic Load Balancing","AWS","X8MMS2LELL6HYC1R","Elastic Load Balancing LCU-Hours",NULL,"9QIKQAV3JCJUDT59.WEU7OL7E","663626350770","Zenith Apollo","BillingAccount","{""application"": ""AtlasPortal""}",NULL,"ap-southeast-2a","Usage-Based","INV-202409-76209","Application Networking",3.5148,1199.17665216,3.9941
"AllocatedMethodId-5127","AllocatedResourceId-2154","AllocatedResourceName-4729","{}",523.1008439999999,"ocid1.tenancy.oc1..aaaa1234","Meridian OCI","Tenancy","USD","2024-10-01T00:00:00Z","2024-09-01T00:00:00Z",NULL,NULL,"Purchase",NULL,"Oracle Compute Instance in UK South (London)","2024-09-10T03:00:00Z","2024-09-10T02:00:00Z",NULL,NULL,NULL,NULL,NULL,NULL,NULL,NULL,NULL,NULL,523.1008439999999,3.5636,0,"Oracle","Oracle",697.472685,4.7515,"Standard","USD",146.79,"Hours","Oracle","Oracle","uk-london-1","UK South (London)","ocid1.instance.oc1.uk-london-1.00789a9fd58d",NULL,"Instance","Compute","Oracle Compute","Oracle","HYQ8SB7X6625CSMU","Oracle Compute Hours",NULL,"6FGK88AENN1GN81E.JB3VCFED","ocid1.compartment.oc1..prod","production","Tenancy","{""application"": ""NimbusAPI"", ""owner"": ""g.hopper"", ""business_unit"": ""MarseilleSRE""}",NULL,NULL,"One-Time","INV-202409-33329","Virtual Machines",3.5636,0,4.7515
"AllocatedMethodId-2103","AllocatedResourceId-5107","AllocatedResourceName-2608","{}",102.54581424,"01ABCD-2345EF-6789GH","Helios Labs","BillingAccount","USD","2024-10-01T00:00:00Z","2024-09-01T00:00:00Z",NULL,NULL,"Usage",NULL,"BigQuery Dataset in Northern Virginia","2024-09-27T22:00:00Z","2024-09-27T21:00:00Z","Spend","cd-882186","commit-2186",NULL,"Used","Committed Use Discount",NULL,194.7600000000,"GiB",NULL,115.220016,0.5916,102.54581424,"Google","Google",115.220016,0.5916,"Standard","USD",194.76,"GiB","Google","Google","us-east4","Northern Virginia","//compute.googleapis.com/projects/helios-labs/zones/us-east4-a/instances/inst-8613",NULL,"Dataset","Analytics","BigQuery","Google","K8OIZ8SJTXA99JHC","BigQuery GiB",NULL,"AZ89FTNWN06JKLOQ.MHLD939E","proj-helios-dev","helios-dev","BillingAccount","{""application"": ""BrightLensMatrix"", ""business_unit"": ""OsloData"", ""cost_center"": ""CC-2042""}",NULL,"asia-southeast1-c","Usage-Based","INV-202409-48096","Data Warehouses",0.5916,102.54581424,0.5916
"AllocatedMethodId-7430","AllocatedResourceId-4658","AllocatedResourceName-5767","{}",72.40466675,"8a93b2c1-1234-4abc-9def-0123456789ab","Contoso Cloud","BillingProfile","USD","2024-10-01T00:00:00Z","2024-09-01T00:00:00Z",NULL,NULL,"Usage",NULL,"Azure Load Balancer Load Balancer in UK South","2024-09-16T06:00:00Z","2024-09-16T05:00:00Z",NULL,NULL,NULL,NULL,NULL,NULL,NULL,50.0300000000,"Hours",NULL,99.18447499999999,1.9825,72.40466675,"Microsoft","Microsoft",154.972928,3.0976,"Standard","USD",50.03,"Hours","Microsoft","Microsoft","uksouth","UK South","/subscriptions/8a93b2c1-1234-4abc-9def-0123456789ab/resourceGroups/rg-753/providers/Microsoft.Compute/virtualMachines/vm-8866",NULL,"Load Balancer","Networking","Azure Load Balancer","Microsoft","1KAUPO1RXIV432WT","Azure Load Balancer Hours",NULL,"59GLFRI8MQEEB6BZ.NC9Q884J","sub-2b7c","Staging","BillingProfile","{""owner"": ""g.hopper"", ""cost_center"": ""CC-3090""}",NULL,NULL,"Usage-Based","INV-202409-57948","Application Networking",1.9825,72.40466675,3.0976
"AllocatedMethodId-1108","AllocatedResourceId-9222","AllocatedResourceName-3276","{}",859.17969585,"8a93b2c1-1234-4abc-9def-0123456789ab","Contoso Cloud","BillingProfile","USD","2024-10-01T00:00:00Z","2024-09-01T00:00:00Z",NULL,NULL,"Usage","Correction","Azure Kubernetes Service Cluster in East US","2024-09-16T13:00:00Z","2024-09-16T12:00:00Z",NULL,NULL,NULL,NULL,NULL,NULL,NULL,423.9900000000,"Hours",NULL,1282.357755,3.0245,859.17969585,"Microsoft","Microsoft",1709.8244730000001,4.0327,"Standard","USD",423.99,"Hours","Microsoft","Microsoft","eastus","East US","/subscriptions/8a93b2c1-1234-4abc-9def-0123456789ab/resourceGroups/rg-553/providers/Microsoft.Compute/virtualMachines/vm-2202",NULL,"Cluster","Compute","Azure Kubernetes Service","Microsoft","4WCO5OEQXOCN7XY4","Azure Kubernetes Service Hours",NULL,"3CCUG7RQ8LYYXE7Q.YO7ZWW54","sub-2b7c","Staging","BillingProfile","{""cost_center"": ""CC-3090""}",NULL,NULL,"Usage-Based","INV-202409-89195","Containers",3.0245,859.17969585,4.0327
"AllocatedMethodId-7877","AllocatedResourceId-3450","AllocatedResourceName-2577","{}",120.18956,"ocid1.tenancy.oc1..aaaa1234","Meridian OCI","Tenancy","USD","2024-10-01T00:00:00Z","2024-09-01T00:00:00Z",NULL,NULL,"Purchase",NULL,"Oracle Object Storage Bucket in US East (Ashburn)","2024-09-22T23:00:00Z","2024-09-22T22:00:00Z",NULL,NULL,NULL,NULL,NULL,NULL,NULL,NULL,NULL,NULL,120.18956,1.2860,0,"Oracle","Oracle",169.27475199999998,1.8112,"Standard","USD",93.46,"GB","Oracle","Oracle","us-ashburn-1","US East (Ashburn)","ocid1.instance.oc1.us-ashburn-1.001cb1a798c4",NULL,"Bucket","Storage","Oracle Object Storage","Oracle","PCIKI6CJDKQL7ZBS","Oracle Object Storage GB",NULL,"FN244KO0JL6QKV3E.OYYIGBM7","ocid1.compartment.oc1..prod","production","Tenancy","{""application"": ""NimbusAPI"", ""team"": ""payments"", ""cost_center"": ""CC-3090""}",NULL,NULL,"One-Time","INV-202409-76107","Object Storage",1.2860,0,1.8112
"AllocatedMethodId-8904","AllocatedResourceId-3928","AllocatedResourceName-7065","{}",695.871414,"8a93b2c1-1234-4abc-9def-0123456789ab","Contoso Cloud","BillingProfile","USD","2024-10-01T00:00:00Z","2024-09-01T00:00:00Z",NULL,NULL,"Adjustment",NULL,"Azure Kubernetes Service Cluster in East US","2024-09-22T12:00:00Z","2024-09-22T11:00:00Z",NULL,NULL,NULL,NULL,NULL,NULL,NULL,NULL,NULL,NULL,1159.78569,3.5177,695.871414,"Microsoft","Microsoft",1486.91403,4.5099,"Dynamic","USD",329.70,"Hours","Microsoft","Microsoft","eastus","East US",NULL,NULL,NULL,"Compute","Azure Kubernetes Service","Microsoft","71O4YWG1IQ4OFS80","Azure Kubernetes Service Hours",NULL,"QMAA7H7AYNU0XGJ1.QQ81XRZN","sub-4d3e","Sandbox","BillingProfile","{""cost_center"": ""CC-2042"", ""team"": ""platform""}",NULL,NULL,"One-Time","INV-202409-64162","Containers",3.5177,695.871414,4.5099
"AllocatedMethodId-4281","AllocatedResourceId-9482","AllocatedResourceName-1251","{}",46.2611793,"ocid1.tenancy.oc1..aaaa1234","Meridian OCI","Tenancy","USD","2024-10-01T00:00:00Z","2024-09-01T00:00:00Z",NULL,NULL,"Credit",NULL,"Oracle Autonomous Database Database in UK South (London)","2024-09-18T00:00:00Z","2024-09-17T23:00:00Z","Usage","cd-633036","commit-3036",NULL,"Used","Savings Plan",NULL,NULL,NULL,NULL,47.205284999999996,0.7927,46.2611793,"Oracle","Oracle",68.416995,1.1489,"Other","USD",59.55,"Hours","Oracle","Oracle","uk-london-1","UK South (London)",NULL,NULL,NULL,"Databases","Oracle Autonomous Database","Oracle","AFJ41FEQOXFCYZ7S","Oracle Autonomous Database Hours",NULL,"DL52AM7SMC67OKCX.PAKFRZWZ","ocid1.compartment.oc1..dev","development","Tenancy",NULL,NULL,NULL,"One-Time","INV-202409-63143","Relational Databases",0.7927,46.2611793,1.1489
"AllocatedMethodId-4322","AllocatedResourceId-5091","AllocatedResourceName-6833","{}",339.5773176,"123456789012","SunBird","BillingAccount","USD","2024-10-01T00:00:00Z","2024-09-01T00:00:00Z",NULL,NULL,"Usage",NULL,"Amazon Elastic Compute Cloud Virtual Machine in Europe (Ireland)","2024-09-24T21:00:00Z","2024-09-24T20:00:00Z","Usage","cd-283537","commit-3537",NULL,"Used","Committed Use Discount",NULL,113.1600000000,"Hours",NULL,446.81226,3.9485,339.5773176,"AWS","AWS",544.8993479999999,4.8153,"Standard","USD",113.16,"Hours","AWS","AWS","eu-west-1","Europe (Ireland)","arn:aws:ec2:eu-west-1:123456789012:instance/i-0092d8a2b954",NULL,"Virtual Machine","Compute","Amazon Elastic Compute Cloud","AWS","PV33B4HQEYOOU0W7","Amazon Elastic Compute Cloud Hours",NULL,"8AQPSFZVE9L4UWNR.LM5MPPQN","663626350770","Zenith Apollo","BillingAccount","{""business_unit"": ""OsloData"", ""owner"": ""k.johnson"", ""application"": ""NimbusAPI""}",NULL,NULL,"Usage-Based","INV-202409-40042","Virtual Machines",3.9485,339.5773176,4.8153
"AllocatedMethodId-3148","AllocatedResourceId-4744","AllocatedResourceName-2636","{}",1013.8789960000001,"8a93b2c1-1234-4abc-9def-0123456789ab","Contoso Cloud","BillingProfile","USD","2024-10-01T00:00:00Z","2024-09-01T00:00:00Z",NULL,NULL,"Purchase",NULL,"Virtual Machines Virtual Machine in East US","2024-09-29T21:00:00Z","2024-09-29T20:00:00Z",NULL,NULL,NULL,NULL,NULL,NULL,NULL,NULL,NULL,NULL,1013.8789960000001,2.6533,0,"Microsoft","Microsoft",1034.551688,2.7074,"Standard","USD",382.12,"Hours","Microsoft","Microsoft","eastus","East US","/subscriptions/8a93b2c1-1234-4abc-9def-0123456789ab/resourceGroups/rg-280/providers/Microsoft.Compute/virtualMachines/vm-4856",NULL,"Virtual Machine","Compute","Virtual Machines","Microsoft","148C6WZL3H73UAAN","Virtual Machines Hours",NULL,"YGUXQL9QPR4VXL51.N0XXZR2L","sub-9a1f","Production","BillingProfile","{""business_unit"": ""OsloData"", ""team"": ""infra"", ""environment"": ""dev""}",NULL,NULL,"One-Time","INV-202409-84895","Virtual Machines",2.6533,0,2.7074
"AllocatedMethodId-6191","AllocatedResourceId-5773","AllocatedResourceName-5382","{}",224.1246336,"01ABCD-2345EF-6789GH","Helios Labs","BillingAccount","USD","2024-10-01T00:00:00Z","2024-09-01T00:00:00Z",NULL,NULL,"Usage",NULL,"Cloud Storage Bucket in Northern Virginia","2024-09-09T09:00:00Z","2024-09-09T08:00:00Z",NULL,NULL,NULL,NULL,NULL,NULL,NULL,74.7800000000,"GiB",NULL,280.155792,3.7464,224.1246336,"Google","Google",301.24375200000003,4.0284,"Other","USD",74.78,"GiB","Google","Google","us-east4","Northern Virginia","//compute.googleapis.com/projects/helios-labs/zones/us-east4-a/instances/inst-1748",NULL,"Bucket","Storage","Cloud Storage","Google","NQ4G2VQXX99QWB0H","Cloud Storage GiB",NULL,"WM8LSWU652FYS3JK.V0ZEFKVO","proj-helios-dev","helios-dev","BillingAccount","{""cost_center"": ""CC-2042"", ""business_unit"": ""OsloData"", ""team"": ""platform""}",NULL,"asia-southeast1-c","Usage-Based","INV-202409-51088","Object Storage",3.7464,224.1246336,4.0284
"AllocatedMethodId-8239","AllocatedResourceId-6044","AllocatedResourceName-6992","{}",234.24880725,"ocid1.tenancy.oc1..aaaa1234","Meridian OCI","Tenancy","USD","2024-10-01T00:00:00Z","2024-09-01T00:00:00Z",NULL,NULL,"Usage",NULL,"Oracle Autonomous Database Database in UK South (London)","2024-09-26T02:00:00Z","2024-09-26T01:00:00Z",NULL,NULL,NULL,NULL,NULL,NULL,NULL,83.6700000000,"Hours",NULL,339.49102500000004,4.0575,234.24880725,"Oracle","Oracle",357.362937,4.2711,"Dynamic","USD",83.67,"Hours","Oracle","Oracle","uk-london-1","UK South (London)","ocid1.instance.oc1.uk-london-1.0024d4dd0f66",NULL,"Database","Databases","Oracle Autonomous Database","Oracle","BZ7FGQJFYTOPS2II","Oracle Autonomous Database Hours",NULL,"7KBCWU438R92I8L3.178TW48O","ocid1.compartment.oc1..dev","development","Tenancy","{""application"": ""NimbusAPI"", ""environment"": ""prod"", ""cost_center"": ""CC-1001""}",NULL,"uk-london-1-AD-2","Usage-Based","INV-202409-21738","Relational Databases",4.0575,234.24880725,4.2711
"AllocatedMethodId-5622","AllocatedResourceId-5410","AllocatedResourceName-3048","{}",391.292859,"ocid1.tenancy.oc1..aaaa1234","Meridian OCI","Tenancy","USD","2024-10-01T00:00:00Z","2024-09-01T00:00:00Z",NULL,NULL,"Usage",NULL,"Oracle Autonomous Database Database in US East (Ashburn)","2024-09-01T11:00:00Z","2024-09-01T10:00:00Z",NULL,NULL,NULL,NULL,NULL,NULL,NULL,171.9500000000,"Hours",NULL,403.3947,2.3460,391.292859,"Oracle","Oracle",403.3947,2.3460,"Standard","USD",171.95,"Hours","Oracle","Oracle","us-ashburn-1","US East (Ashburn)","ocid1.instance.oc1.us-ashburn-1.0019146fda9e",NULL,"Database","Databases","Oracle Autonomous Database","Oracle","9XM091ZPKYYOQF1P","Oracle Autonomous Database Hours",NULL,"7RS8R0MELISH32R5.MUBJD8BL","ocid1.compartment.oc1..dev","development","Tenancy","{""team"": ""growth""}",NULL,NULL,"Usage-Based","INV-202409-23405","Relational Databases",2.3460,391.292859,2.3460
"AllocatedMethodId-3742","AllocatedResourceId-5523","AllocatedResourceName-2960","{}",495.31318275,"ocid1.tenancy.oc1..aaaa1234","Meridian OCI","Tenancy","USD","2024-10-01T00:00:00Z","2024-09-01T00:00:00Z",NULL,NULL,"Usage",NULL,"Oracle Compute Instance in US East (Ashburn)","2024-09-07T11:00:00Z","2024-09-07T10:00:00Z",NULL,NULL,NULL,NULL,NULL,NULL,NULL,210.1300000000,"Hours",NULL,660.4175769999999,3.1429,495.31318275,"Oracle","Oracle",825.516718,3.9286,"Standard","USD",210.13,"Hours","Oracle","Oracle","us-ashburn-1","US East (Ashburn)","ocid1.instance.oc1.us-ashburn-1.005b56cf6f70",NULL,"Instance","Compute","Oracle Compute","Oracle","ZE84LMQYAHPY2PCM","Oracle Compute Hours",NULL,"3G7N4YTUKC97HQ4T.MXDNHP1U","ocid1.compartment.oc1..prod","production","Tenancy",NULL,NULL,"us-ashburn-1-AD-1","Usage-Based","INV-202409-11974","Virtual Machines",3.1429,495.31318275,3.9286
"AllocatedMethodId-3521","AllocatedResourceId-9787","AllocatedResourceName-2759","{}",215.0532,"ocid1.tenancy.oc1..aaaa1234","Meridian OCI","Tenancy","USD","2024-10-01T00:00:00Z","2024-09-01T00:00:00Z",NULL,NULL,"Tax",NULL,"Tax charge in US East (Ashburn)","2024-09-25T20:00:00Z","2024-09-25T19:00:00Z",NULL,NULL,NULL,NULL,NULL,NULL,NULL,NULL,NULL,NULL,215.0532,NULL,215.0532,"Oracle","Oracle",215.0532,NULL,NULL,"USD",NULL,NULL,"Oracle","Oracle",NULL,NULL,NULL,NULL,NULL,"Other","Tax","Oracle",NULL,NULL,NULL,NULL,"ocid1.compartment.oc1..prod","production","Tenancy","{""owner"": ""a.lovelace"", ""application"": ""AtlasPortal""}",NULL,NULL,"One-Time","INV-202409-94485","Other (Security)",NULL,215.0532,NULL
"AllocatedMethodId-2577","AllocatedResourceId-9572","AllocatedResourceName-2092","{}",33.32394,"8a93b2c1-1234-4abc-9def-0123456789ab","Contoso Cloud","BillingProfile","USD","2024-10-01T00:00:00Z","2024-09-01T00:00:00Z",NULL,NULL,"Purchase",NULL,"Azure Kubernetes Service Cluster in West Europe","2024-09-24T20:00:00Z","2024-09-24T19:00:00Z",NULL,NULL,NULL,NULL,NULL,NULL,NULL,NULL,NULL,NULL,33.32394,0.0909,0,"Microsoft","Microsoft",39.18954,0.1069,"Dynamic","USD",366.60,"Hours","Microsoft","Microsoft","westeurope","West Europe","/subscriptions/8a93b2c1-1234-4abc-9def-0123456789ab/resourceGroups/rg-384/providers/Microsoft.Compute/virtualMachines/vm-6983",NULL,"Cluster","Compute","Azure Kubernetes Service","Microsoft","85ML8WU3R9KE7J2S","Azure Kubernetes Service Hours",NULL,"Q8X3A6YLBXPUE8YM.759JSU0U","sub-2b7c","Staging","BillingProfile",NULL,NULL,NULL,"Recurring","INV-202409-24478","Containers",0.0909,0,0.1069
"AllocatedMethodId-6529","AllocatedResourceId-3591","AllocatedResourceName-9747","{}",34.3286144,"123456789012","SunBird","BillingAccount","USD","2024-10-01T00:00:00Z","2024-09-01T00:00:00Z",NULL,NULL,"Usage",NULL,"Amazon Simple Storage Service Bucket in US West (Oregon)","2024-09-09T15:00:00Z","2024-09-09T14:00:00Z",NULL,NULL,NULL,NULL,NULL,NULL,NULL,15.9200000000,"GB",NULL,42.910768,2.6954,34.3286144,"AWS","AWS",51.084096,3.2088,"Standard","USD",15.92,"GB","AWS","AWS","us-west-2","US West (Oregon)","arn:aws:ec2:us-west-2:123456789012:instance/i-001a5a9bb3d2",NULL,"Bucket","Storage","Amazon Simple Storage Service","AWS","N5F3DX90XDR7CETE","Amazon Simple Storage Service GB",NULL,"N7GGO8YMM7PL990G.W31GKL9Z","517389287820","Atlas Nimbus","BillingAccount","{""business_unit"": ""MarseilleSRE""}",NULL,NULL,"Usage-Based","INV-202409-76151","Object Storage",2.6954,34.3286144,3.2088
"AllocatedMethodId-6478","AllocatedResourceId-6700","AllocatedResourceName-8115","{}",493.04898336,"ocid1.tenancy.oc1..aaaa1234","Meridian OCI","Tenancy","USD","2024-10-01T00:00:00Z","2024-09-01T00:00:00Z",NULL,NULL,"Usage",NULL,"Oracle Autonomous Database Database in UK South (London)","2024-09-16T21:00:00Z","2024-09-16T20:00:00Z",NULL,NULL,NULL,NULL,NULL,NULL,NULL,413.0800000000,"Hours",NULL,601.2792479999999,1.4556,493.04898336,"Oracle","Oracle",668.0742839999999,1.6173,"Dynamic","USD",413.08,"Hours","Oracle","Oracle","uk-london-1","UK South (London)","ocid1.instance.oc1.uk-london-1.00604419f11f",NULL,"Database","Databases","Oracle Autonomous Database","Oracle","B7ITATONUBR969JG","Oracle Autonomous Database Hours",NULL,"C3WJIQXPOQTFZNEU.4L5GTCYF","ocid1.compartment.oc1..dev","development","Tenancy","{""business_unit"": ""LisbonOps"", ""owner"": ""a.turing"", ""team"": ""platform""}",NULL,NULL,"Usage-Based","INV-202409-17329","Relational Databases",1.4556,493.04898336,1.6173
"AllocatedMethodId-6706","AllocatedResourceId-4120","AllocatedResourceName-6254","{}",16.1638488,"ocid1.tenancy.oc1..aaaa1234","Meridian OCI","Tenancy","USD","2024-10-01T00:00:00Z","2024-09-01T00:00:00Z",NULL,NULL,"Adjustment",NULL,"Oracle Compute Instance in US East (Ashburn)","2024-09-28T02:00:00Z","2024-09-28T01:00:00Z",NULL,NULL,NULL,NULL,NULL,NULL,NULL,NULL,NULL,NULL,24.49068,0.1607,16.1638488,"Oracle","Oracle",31.3944,0.2060,"Standard","USD",152.40,"Hours","Oracle","Oracle","us-ashburn-1","US East (Ashburn)",NULL,NULL,NULL,"Compute","Oracle Compute","Oracle","26FO1SZJIVF4D9ZQ","Oracle Compute Hours",NULL,"FZ61II49M5ZM97PP.ER1UFH01","ocid1.compartment.oc1..prod","production","Tenancy","{""owner"": ""a.turing""}",NULL,NULL,"One-Time","INV-202409-57876","Virtual Machines",0.1607,16.1638488,0.2060
"AllocatedMethodId-5792","AllocatedResourceId-7332","AllocatedResourceName-4787","{}",298.30847625,"01ABCD-2345EF-6789GH","Helios Labs","BillingAccount","USD","2024-10-01T00:00:00Z","2024-09-01T00:00:00Z",NULL,NULL,"Usage",NULL,"Cloud Functions Function in Iowa","2024-09-08T06:00:00Z","2024-09-08T05:00:00Z",NULL,NULL,NULL,NULL,NULL,NULL,NULL,311.5900000000,"Invocations",NULL,432.33112499999993,1.3875,298.30847625,"Google","Google",686.2458159999999,2.2024,"Dynamic","USD",311.59,"Invocations","Google","Google","us-central1","Iowa","//compute.googleapis.com/projects/helios-labs/zones/us-central1-a/instances/inst-9468",NULL,"Function","Compute","Cloud Functions","Google","DPJSAVHT24BVN8NN","Cloud Functions Invocations",NULL,"87Q94JBY7CQKDSMR.D3AEYRXG","proj-helios-dev","helios-dev","BillingAccount",NULL,NULL,NULL,"Usage-Based","INV-202409-12500","Serverless Compute",1.3875,298.30847625,2.2024
"AllocatedMethodId-9732","AllocatedResourceId-2939","AllocatedResourceName-4016","{}",21.89607624,"ocid1.tenancy.oc1..aaaa1234","Meridian OCI","Tenancy","USD","2024-10-01T00:00:00Z","2024-09-01T00:00:00Z",NULL,NULL,"Usage",NULL,"Oracle Load Balancer Load Balancer in Australia East (Sydney)","2024-09-14T12:00:00Z","2024-09-14T11:00:00Z","Spend","cd-847078","commit-7078",NULL,"Used","Reserved Instance",NULL,44.0200000000,"Hours",NULL,26.702532,0.6066,21.89607624,"Oracle","Oracle",43.777890000000006,0.9945,"Committed","USD",44.02,"Hours","Oracle","Oracle","ap-sydney-1","Australia East (Sydney)","ocid1.instance.oc1.ap-sydney-1.00b7a370f7b3",NULL,"Load Balancer","Networking","Oracle Load Balancer","Oracle","TP6RDQYB9ROJVZIF","Oracle Load Balancer Hours",NULL,"Y7O0PJ1TV28INI8M.IT7I1JKU","ocid1.compartment.oc1..prod","production","Tenancy","{""business_unit"": ""LisbonOps"", ""team"": ""payments""}",NULL,"uk-london-1-AD-2","Usage-Based","INV-202409-18888","Application Networking",0.6066,21.89607624,0.9945
"AllocatedMethodId-9784","AllocatedResourceId-9605","AllocatedResourceName-1630","{}",933.6269392,"01ABCD-2345EF-6789GH","Helios Labs","BillingAccount","USD","2024-10-01T00:00:00Z","2024-09-01T00:00:00Z",NULL,NULL,"Usage",NULL,"Cloud Storage Bucket in Iowa","2024-09-18T16:00:00Z","2024-09-18T15:00:00Z",NULL,NULL,NULL,NULL,NULL,NULL,NULL,466.8800000000,"GiB",NULL,1314.96752,2.8165,933.6269392,"Google","Google",2087.280416,4.4707,"Other","USD",466.88,"GiB","Google","Google","us-central1","Iowa","//compute.googleapis.com/projects/helios-labs/zones/us-central1-a/instances/inst-5904",NULL,"Bucket","Storage","Cloud Storage","Google","OOOBWF4I64XLY54I","Cloud Storage GiB",NULL,"KMOC0AR0OMNEL25U.3P1ZCYUZ","proj-helios-dev","helios-dev","BillingAccount",NULL,NULL,"asia-southeast1-c","Usage-Based","INV-202409-90151","Object Storage",2.8165,933.6269392,4.4707
"AllocatedMethodId-3930","AllocatedResourceId-1840","AllocatedResourceName-7874","{}",25.98831576,"123456789012","SunBird","BillingAccount","USD","2024-10-01T00:00:00Z","2024-09-01T00:00:00Z",NULL,NULL,"Usage",NULL,"Amazon Simple Queue Service Queue in Asia Pacific (Sydney)","2024-09-11T12:00:00Z","2024-09-11T11:00:00Z",NULL,NULL,NULL,NULL,NULL,NULL,NULL,19.6400000000,"Requests",NULL,26.250824,1.3366,25.98831576,"AWS","AWS",38.044644000000005,1.9371,"Other","USD",19.64,"Requests","AWS","AWS","ap-southeast-2","Asia Pacific (Sydney)","arn:aws:ec2:ap-southeast-2:123456789012:instance/i-009bf917a9cd",NULL,"Queue","Integration","Amazon Simple Queue Service","AWS","J32F6HL8IZ0U2BL3","Amazon Simple Queue Service Requests",NULL,"M3FQUKHFH2XF7Y6K.Y9YCKVJK","517389287820","Atlas Nimbus","BillingAccount","{""business_unit"": ""MarseilleSRE"", ""team"": ""infra""}",NULL,"us-east-1a","Usage-Based","INV-202409-28953","Messaging",1.3366,25.98831576,1.9371
"AllocatedMethodId-5797","AllocatedResourceId-8713","AllocatedResourceName-3204","{}",3.5440236,"01ABCD-2345EF-6789GH","Helios Labs","BillingAccount","USD","2024-10-01T00:00:00Z","2024-09-01T00:00:00Z",NULL,NULL,"Usage",NULL,"Cloud SQL Database Instance in Northern Virginia","2024-09-27T18:00:00Z","2024-09-27T17:00:00Z",NULL,NULL,NULL,NULL,NULL,NULL,NULL,480.2200000000,"Hours",NULL,5.906706000000001,0.0123,3.5440236,"Google","Google",8.547916,0.0178,"Standard","USD",480.22,"Hours","Google","Google","us-east4","Northern Virginia","//compute.googleapis.com/projects/helios-labs/zones/us-east4-a/instances/inst-6136",NULL,"Database Instance","Databases","Cloud SQL","Google","302FAP9R9NDLJDWC","Cloud SQL Hours",NULL,"JCTVFDG0LKS9L3XC.FTUXYE19","proj-helios-dev","helios-dev","BillingAccount","{""cost_center"": ""CC-2042""}",NULL,"asia-southeast1-c","Usage-Based","INV-202409-18509","Relational Databases",0.0123,3.5440236,0.0178
"AllocatedMethodId-7488","AllocatedResourceId-1477","AllocatedResourceName-3877","{}",23.19092127,"123456789012","SunBird","BillingAccount","USD","2024-10-01T00:00:00Z","2024-09-01T00:00:00Z",NULL,NULL,"Usage",NULL,"AWS Lambda Function in Europe (Ireland)","2024-09-23T12:00:00Z","2024-09-23T11:00:00Z",NULL,NULL,NULL,NULL,NULL,NULL,NULL,104.5300000000,"Requests",NULL,23.425173,0.2241,23.19092127,"AWS","AWS",30.418229999999998,0.2910,"Other","USD",104.53,"Requests","AWS","AWS","eu-west-1","Europe (Ireland)","arn:aws:ec2:eu-west-1:123456789012:instance/i-0060fd681efc",NULL,"Function","Compute","AWS Lambda","AWS","1UQ7WI5755LOSMAH","AWS Lambda Requests",NULL,"B3HN00CVW9NAMSQE.TT69UAHV","438839167390","Zenith Eclipse","BillingAccount",NULL,NULL,NULL,"Usage-Based","INV-202409-54742","Serverless Compute",0.2241,23.19092127,0.2910
"AllocatedMethodId-8921","AllocatedResourceId-9579","AllocatedResourceName-6084","{}",41.09008305,"8a93b2c1-1234-4abc-9def-0123456789ab","Contoso Cloud","BillingProfile","USD","2024-10-01T00:00:00Z","2024-09-01T00:00:00Z",NULL,NULL,"Usage",NULL,"Azure SQL Database SQL Database in Southeast Asia","2024-09-21T11:00:00Z","2024-09-21T10:00:00Z",NULL,NULL,NULL,NULL,NULL,NULL,NULL,67.8900000000,"Hours",NULL,43.252719,0.6371,41.09008305,"Microsoft","Microsoft",52.750530000000005,0.7770,"Other","USD",67.89,"Hours","Microsoft","Microsoft","southeastasia","Southeast Asia","/subscriptions/8a93b2c1-1234-4abc-9def-0123456789ab/resourceGroups/rg-752/providers/Microsoft.Compute/virtualMachines/vm-6395",NULL,"SQL Database","Databases","Azure SQL Database","Microsoft","VWEJRBVY8KYLHTUC","Azure SQL Database Hours",NULL,"R0F5PX2TN7TLHXCM.F26B46JM","sub-4d3e","Sandbox","BillingProfile","{""owner"": ""k.johnson"", ""application"": ""AtlasPortal""}",NULL,NULL,"Usage-Based","INV-202409-54579","Relational Databases",0.6371,41.09008305,0.7770
"AllocatedMethodId-3131","AllocatedResourceId-1475","AllocatedResourceName-8712","{}",904.03487064,"01ABCD-2345EF-6789GH","Helios Labs","BillingAccount","USD","2024-10-01T00:00:00Z","2024-09-01T00:00:00Z",NULL,NULL,"Credit",NULL,"Cloud Storage Bucket in Iowa","2024-09-09T19:00:00Z","2024-09-09T18:00:00Z",NULL,NULL,NULL,NULL,NULL,NULL,NULL,NULL,NULL,NULL,931.9947119999999,2.6118,904.03487064,"Google","Google",931.9947119999999,2.6118,"Dynamic","USD",356.84,"GiB","Google","Google","us-central1","Iowa",NULL,NULL,NULL,"Storage","Cloud Storage","Google","CG7TBTNUMMSR8U2H","Cloud Storage GiB",NULL,"RJKRHA96GN8W9URJ.SPKETV82","proj-helios-prod","helios-prod","BillingAccount","{""business_unit"": ""LisbonOps""}",NULL,NULL,"One-Time","INV-202409-16648","Object Storage",2.6118,904.03487064,2.6118
"AllocatedMethodId-7566","AllocatedResourceId-7773","AllocatedResourceName-4908","{}",520.83481296,"123456789012","SunBird","BillingAccount","USD","2024-10-01T00:00:00Z","2024-09-01T00:00:00Z",NULL,NULL,"Usage",NULL,"Amazon Elastic Compute Cloud Virtual Machine in Asia Pacific (Sydney)","2024-09-04T17:00:00Z","2024-09-04T16:00:00Z",NULL,NULL,NULL,NULL,NULL,NULL,NULL,298.0600000000,"Hours",NULL,591.857742,1.9857,520.83481296,"AWS","AWS",883.390228,2.9638,"Other","USD",298.06,"Hours","AWS","AWS","ap-southeast-2","Asia Pacific (Sydney)","arn:aws:ec2:ap-southeast-2:123456789012:instance/i-00db09ef4677",NULL,"Virtual Machine","Compute","Amazon Elastic Compute Cloud","AWS","3IF3G3T34OOJQXZL","Amazon Elastic Compute Cloud Hours",NULL,"VU35BE4HW43KSWI6.GZGU9ET8","517389287820","Atlas Nimbus","BillingAccount","{""owner"": ""a.lovelace""}",NULL,NULL,"Usage-Based","INV-202409-70420","Virtual Machines",1.9857,520.83481296,2.9638
"AllocatedMethodId-5623","AllocatedResourceId-1510","AllocatedResourceName-4854","{}",875.22926491,"8a93b2c1-1234-4abc-9def-0123456789ab","Contoso Cloud","BillingProfile","USD","2024-10-01T00:00:00Z","2024-09-01T00:00:00Z",NULL,NULL,"Usage",NULL,"Azure Functions Function App in West Europe","2024-09-17T10:00:00Z","2024-09-17T09:00:00Z",NULL,NULL,NULL,NULL,NULL,NULL,NULL,295.4900000000,"Executions",NULL,961.7904010000001,3.2549,875.22926491,"Microsoft","Microsoft",1158.793584,3.9216,"Other","USD",295.49,"Executions","Microsoft","Microsoft","westeurope","West Europe","/subscriptions/8a93b2c1-1234-4abc-9def-0123456789ab/resourceGroups/rg-578/providers/Microsoft.Compute/virtualMachines/vm-8653",NULL,"Function App","Compute","Azure Functions","Microsoft","LTZEGYU5DFNIAJJ2","Azure Functions Executions",NULL,"8SY2MNUTT1WFA6ZI.SDX9DA9W","sub-2b7c","Staging","BillingProfile","{""owner"": ""a.lovelace"", ""application"": ""NimbusAPI"", ""team"": ""growth""}",NULL,NULL,"Usage-Based","INV-202409-24378","Serverless Compute",3.2549,875.22926491,3.9216
"AllocatedMethodId-2449","AllocatedResourceId-5017","AllocatedResourceName-8740","{}",70.59450684,"ocid1.tenancy.oc1..aaaa1234","Meridian OCI","Tenancy","USD","2024-10-01T00:00:00Z","2024-09-01T00:00:00Z",NULL,NULL,"Usage",NULL,"Oracle Load Balancer Load Balancer in UK South (London)","2024-09-17T08:00:00Z","2024-09-17T07:00:00Z","Usage","cd-984293","commit-4293",NULL,"Used","Savings Plan",NULL,105.6200000000,"Hours",NULL,86.09086200000002,0.8151,70.59450684,"Oracle","Oracle",91.583102,0.8671,"Committed","USD",105.62,"Hours","Oracle","Oracle","uk-london-1","UK South (London)","ocid1.instance.oc1.uk-london-1.00bfc50f5d6f",NULL,"Load Balancer","Networking","Oracle Load Balancer","Oracle","1IFI031L36192YWO","Oracle Load Balancer Hours",NULL,"L1A5P6R08XCC4XH4.FJ7R37F7","ocid1.compartment.oc1..dev","development","Tenancy","{""environment"": ""prod"", ""owner"": ""a.lovelace"", ""application"": ""BrightSourceCore""}",NULL,NULL,"Usage-Based","INV-202409-89963","Application Networking",0.8151,70.59450684,0.8671
"AllocatedMethodId-3740","AllocatedResourceId-4454","AllocatedResourceName-6653","{}",433.24418224,"123456789012","SunBird","BillingAccount","USD","2024-10-01T00:00:00Z","2024-09-01T00:00:00Z",NULL,NULL,"Usage",NULL,"AWS Lambda Function in Europe (Ireland)","2024-09-03T07:00:00Z","2024-09-03T06:00:00Z",NULL,NULL,NULL,NULL,NULL,NULL,NULL,234.4400000000,"Requests",NULL,486.791216,2.0764,433.24418224,"AWS","AWS",600.9634960000001,2.5634,"Standard","USD",234.44,"Requests","AWS","AWS","eu-west-1","Europe (Ireland)","arn:aws:ec2:eu-west-1:123456789012:instance/i-0059d8c5f5f7",NULL,"Function","Compute","AWS Lambda","AWS","D4KDSBS5FI6ERQIR","AWS Lambda Requests",NULL,"RQAHLJ2XLQP5L7CV.FJJ50YP2","663626350770","Zenith Apollo","BillingAccount","{""business_unit"": ""ViennaAI"", ""environment"": ""staging""}",NULL,NULL,"Usage-Based","INV-202409-93568","Serverless Compute",2.0764,433.24418224,2.5634
"AllocatedMethodId-4552","AllocatedResourceId-2995","AllocatedResourceName-2965","{}",318.76902324,"123456789012","SunBird","BillingAccount","USD","2024-10-01T00:00:00Z","2024-09-01T00:00:00Z",NULL,NULL,"Usage",NULL,"AWS Lambda Function in Europe (Ireland)","2024-09-03T06:00:00Z","2024-09-03T05:00:00Z",NULL,NULL,NULL,NULL,NULL,NULL,NULL,150.6900000000,"Requests",NULL,393.542004,2.6116,318.76902324,"AWS","AWS",562.194252,3.7308,"Dynamic","USD",150.69,"Requests","AWS","AWS","eu-west-1","Europe (Ireland)","arn:aws:ec2:eu-west-1:123456789012:instance/i-00c4aa41ed27",NULL,"Function","Compute","AWS Lambda","AWS","U7CG8W1RVRRGQZ3P","AWS Lambda Requests",NULL,"M7VLU9AAEA0G7G2W.OSQMCBFD","517389287820","Atlas Nimbus","BillingAccount","{""business_unit"": ""LisbonOps"", ""environment"": ""prod""}",NULL,"ap-southeast-2a","Usage-Based","INV-202409-87874","Serverless Compute",2.6116,318.76902324,3.7308
"AllocatedMethodId-1060","AllocatedResourceId-9444","AllocatedResourceName-9039","{}",238.6399568,"123456789012","SunBird","BillingAccount","USD","2024-10-01T00:00:00Z","2024-09-01T00:00:00Z",NULL,NULL,"Adjustment",NULL,"Elastic Load Balancing Load Balancer in US West (Oregon)","2024-09-29T01:00:00Z","2024-09-29T00:00:00Z","Usage","cd-408877","commit-8877",NULL,"Used","Committed Use Discount",NULL,NULL,NULL,NULL,356.17904000000004,0.8869,238.6399568,"AWS","AWS",371.03824000000003,0.9239,"Committed","USD",401.60,"LCU-Hours","AWS","AWS","us-west-2","US West (Oregon)",NULL,NULL,NULL,"Networking","Elastic Load Balancing","AWS","ERDYYVDQQL2E5MZL","Elastic Load Balancing LCU-Hours",NULL,"5GJ81NG2QGCEEQ2B.5JACYRJV","438839167390","Zenith Eclipse","BillingAccount","{""team"": ""growth"", ""business_unit"": ""MarseilleSRE""}",NULL,NULL,"One-Time","INV-202409-61292","Application Networking",0.8869,238.6399568,0.9239
"AllocatedMethodId-4817","AllocatedResourceId-2180","AllocatedResourceName-1604","{}",736.3128768,"ocid1.tenancy.oc1..aaaa1234","Meridian OCI","Tenancy","USD","2024-10-01T00:00:00Z","2024-09-01T00:00:00Z",NULL,NULL,"Usage","Correction","Oracle Functions Function in UK South (London)","2024-09-24T02:00:00Z","2024-09-24T01:00:00Z",NULL,NULL,NULL,NULL,NULL,NULL,NULL,408.9900000000,"Invocations",NULL,759.0854400000001,1.8560,736.3128768,"Oracle","Oracle",985.8294960000001,2.4104,"Other","USD",408.99,"Invocations","Oracle","Oracle","uk-london-1","UK South (London)","ocid1.instance.oc1.uk-london-1.00dc0b23f597",NULL,"Function","Compute","Oracle Functions","Oracle","SML9CYMTYGW5F2MI","Oracle Functions Invocations",NULL,"CMBP5YE8T582BCVD.VCZHN738","ocid1.compartment.oc1..prod","production","Tenancy","{""application"": ""AtlasPortal"", ""owner"": ""k.johnson""}",NULL,"uk-london-1-AD-2","Usage-Based","INV-202409-29523","Serverless Compute",1.8560,736.3128768,2.4104
"AllocatedMethodId-8798","AllocatedResourceId-3079","AllocatedResourceName-4377","{}",39.67405056,"8a93b2c1-1234-4abc-9def-0123456789ab","Contoso Cloud","BillingProfile","USD","2024-10-01T00:00:00Z","2024-09-01T00:00:00Z",NULL,NULL,"Usage",NULL,"Azure Kubernetes Service Cluster in East US","2024-09-27T10:00:00Z","2024-09-27T09:00:00Z",NULL,NULL,NULL,NULL,NULL,NULL,NULL,65.2800000000,"Hours",NULL,55.102848,0.8441,39.67405056,"Microsoft","Microsoft",56.225663999999995,0.8613,"Other","USD",65.28,"Hours","Microsoft","Microsoft","eastus","East US","/subscriptions/8a93b2c1-1234-4abc-9def-0123456789ab/resourceGroups/rg-609/providers/Microsoft.Compute/virtualMachines/vm-3933",NULL,"Cluster","Compute","Azure Kubernetes Service","Microsoft","5OEM1VZUH8IUNCLV","Azure Kubernetes Service Hours",NULL,"EHRJ0KX9K2PCIGYK.B5FAALFS","sub-2b7c","Staging","BillingProfile","{""cost_center"": ""CC-1001""}",NULL,NULL,"Usage-Based","INV-202409-64555","Containers",0.8441,39.67405056,0.8613
"AllocatedMethodId-6336","AllocatedResourceId-4769","AllocatedResourceName-2804","{}",42.7378,"8a93b2c1-1234-4abc-9def-0123456789ab","Contoso Cloud","BillingProfile","USD","2024-10-01T00:00:00Z","2024-09-01T00:00:00Z",NULL,NULL,"Usage",NULL,"Azure Load Balancer Load Balancer in Southeast Asia","2024-09-20T06:00:00Z","2024-09-20T05:00:00Z",NULL,NULL,NULL,NULL,NULL,NULL,NULL,305.2700000000,"Hours",NULL,53.42224999999999,0.1750,42.7378,"Microsoft","Microsoft",57.451814,0.1882,"Standard","USD",305.27,"Hours","Microsoft","Microsoft","southeastasia","Southeast Asia","/subscriptions/8a93b2c1-1234-4abc-9def-0123456789ab/resourceGroups/rg-564/providers/Microsoft.Compute/virtualMachines/vm-2087",NULL,"Load Balancer","Networking","Azure Load Balancer","Microsoft","X86O3NRDMHJ45LKC","Azure Load Balancer Hours",NULL,"DXSN1QV3CGD8LKB5.6HEP2U0M","sub-4d3e","Sandbox","BillingProfile","{""business_unit"": ""ViennaAI"", ""team"": ""payments""}",NULL,"uksouth-1","Usage-Based","INV-202409-98716","Application Networking",0.1750,42.7378,0.1882
"AllocatedMethodId-8711","AllocatedResourceId-9261","AllocatedResourceName-1550","{}",81.1730843,"01ABCD-2345EF-6789GH","Helios Labs","BillingAccount","USD","2024-10-01T00:00:00Z","2024-09-01T00:00:00Z",NULL,NULL,"Usage",NULL,"Cloud Storage Bucket in Iowa","2024-09-18T15:00:00Z","2024-09-18T14:00:00Z",NULL,NULL,NULL,NULL,NULL,NULL,NULL,36.7700000000,"GiB",NULL,105.41959000000001,2.8670,81.1730843,"Google","Google",107.57063500000001,2.9255,"Standard","USD",36.77,"GiB","Google","Google","us-central1","Iowa","//compute.googleapis.com/projects/helios-labs/zones/us-central1-a/instances/inst-3974",NULL,"Bucket","Storage","Cloud Storage","Google","WRMVICDRIH330KVO","Cloud Storage GiB",NULL,"SKK9OF075N43RA1P.PU1OJA0C","proj-helios-prod","helios-prod","BillingAccount","{""team"": ""growth""}",NULL,"asia-southeast1-c","Usage-Based","INV-202409-15250","Object Storage",2.8670,81.1730843,2.9255
"AllocatedMethodId-9841","AllocatedResourceId-2860","AllocatedResourceName-8839","{}",85.6111158,"ocid1.tenancy.oc1..aaaa1234","Meridian OCI","Tenancy","USD","2024-10-01T00:00:00Z","2024-09-01T00:00:00Z",NULL,NULL,"Usage",NULL,"Oracle Load Balancer Load Balancer in UK South (London)","2024-09-30T18:00:00Z","2024-09-30T17:00:00Z",NULL,NULL,NULL,NULL,NULL,NULL,NULL,41.5500000000,"Hours",NULL,112.646205,2.7111,85.6111158,"Oracle","Oracle",156.45237,3.7654,"Standard","USD",41.55,"Hours","Oracle","Oracle","uk-london-1","UK South (London)","ocid1.instance.oc1.uk-london-1.00cb71e2d103",NULL,"Load Balancer","Networking","Oracle Load Balancer","Oracle","3B33IZLX3AEYV7CS","Oracle Load Balancer Hours",NULL,"1R8NFVD6XDHYX3CX.XL9E9NIV","ocid1.compartment.oc1..dev","development","Tenancy","{""owner"": ""a.lovelace""}",NULL,"uk-london-1-AD-2","Usage-Based","INV-202409-41278","Application Networking",2.7111,85.6111158,3.7654
"AllocatedMethodId-9686","AllocatedResourceId-9986","AllocatedResourceName-8295","{}",29.8328095,"8a93b2c1-1234-4abc-9def-0123456789ab","Contoso Cloud","BillingProfile","USD","2024-10-01T00:00:00Z","2024-09-01T00:00:00Z",NULL,NULL,"Usage",NULL,"Azure Load Balancer Load Balancer in West Europe","2024-09-16T02:00:00Z","2024-09-16T01:00:00Z",NULL,NULL,NULL,NULL,NULL,NULL,NULL,138.5800000000,"Hours",NULL,37.76305000000001,0.2725,29.8328095,"Microsoft","Microsoft",43.916002000000006,0.3169,"Dynamic","USD",138.58,"Hours","Microsoft","Microsoft","westeurope","West Europe","/subscriptions/8a93b2c1-1234-4abc-9def-0123456789ab/resourceGroups/rg-884/providers/Microsoft.Compute/virtualMachines/vm-8486",NULL,"Load Balancer","Networking","Azure Load Balancer","Microsoft","XEM3FFZLSEGKRHJ5","Azure Load Balancer Hours",NULL,"JN7BS08I4W02BSME.BO7V0VU5","sub-2b7c","Staging","BillingProfile",NULL,NULL,NULL,"Usage-Based","INV-202409-87772","Application Networking",0.2725,29.8328095,0.3169
"AllocatedMethodId-8243","AllocatedResourceId-6549","AllocatedResourceName-2840","{}",502.7538894,"ocid1.tenancy.oc1..aaaa1234","Meridian OCI","Tenancy","USD","2024-10-01T00:00:00Z","2024-09-01T00:00:00Z",NULL,NULL,"Usage",NULL,"Oracle Autonomous Database Database in Australia East (Sydney)","2024-09-14T02:00:00Z","2024-09-14T01:00:00Z",NULL,NULL,NULL,NULL,NULL,NULL,NULL,242.1300000000,"Hours",NULL,810.89337,3.3490,502.7538894,"Oracle","Oracle",1175.202168,4.8536,"Standard","USD",242.13,"Hours","Oracle","Oracle","ap-sydney-1","Australia East (Sydney)","ocid1.instance.oc1.ap-sydney-1.0045917cd393",NULL,"Database","Databases","Oracle Autonomous Database","Oracle","LJKPHCUI2QXLN9CU","Oracle Autonomous Database Hours",NULL,"WJX28K8THBZ5J3UJ.A86VS4SJ","ocid1.compartment.oc1..prod","production","Tenancy","{""cost_center"": ""CC-1001""}",NULL,NULL,"Usage-Based","INV-202409-84086","Relational Databases",3.3490,502.7538894,4.8536
"AllocatedMethodId-1108","AllocatedResourceId-7708","AllocatedResourceName-5478","{}",86.91079848,"ocid1.tenancy.oc1..aaaa1234","Meridian OCI","Tenancy","USD","2024-10-01T00:00:00Z","2024-09-01T00:00:00Z",NULL,NULL,"Usage",NULL,"Oracle Compute Instance in US East (Ashburn)","2024-09-14T04:00:00Z","2024-09-14T03:00:00Z",NULL,NULL,NULL,NULL,NULL,NULL,NULL,222.9900000000,"Hours",NULL,101.059068,0.4532,86.91079848,"Oracle","Oracle",103.13287500000001,0.4625,"Standard","USD",222.99,"Hours","Oracle","Oracle","us-ashburn-1","US East (Ashburn)","ocid1.instance.oc1.us-ashburn-1.002e3d9dbbb0",NULL,"Instance","Compute","Oracle Compute","Oracle","6ZM5U6DXZJ1XYXAS","Oracle Compute Hours",NULL,"WWT29FN202SK10IF.JNT47VEY","ocid1.compartment.oc1..prod","production","Tenancy","{""environment"": ""prod"", ""application"": ""NimbusAPI""}",NULL,NULL,"Usage-Based","INV-202409-21593","Virtual Machines",0.4532,86.91079848,0.4625
"AllocatedMethodId-5749","AllocatedResourceId-5778","AllocatedResourceName-9677","{}",85.85920518,"ocid1.tenancy.oc1..aaaa1234","Meridian OCI","Tenancy","USD","2024-10-01T00:00:00Z","2024-09-01T00:00:00Z",NULL,NULL,"Adjustment",NULL,"Oracle Object Storage Bucket in Australia East (Sydney)","2024-09-25T06:00:00Z","2024-09-25T05:00:00Z",NULL,NULL,NULL,NULL,NULL,NULL,NULL,NULL,NULL,NULL,138.482589,1.4889,85.85920518,"Oracle","Oracle",177.54678900000002,1.9089,"Standard","USD",93.01,"GB","Oracle","Oracle","ap-sydney-1","Australia East (Sydney)",NULL,NULL,NULL,"Storage","Oracle Object Storage","Oracle","BAJQT4HS0L5PBHR5","Oracle Object Storage GB",NULL,"EX41Q4HX6BQKDJU3.IWKDRX0W","ocid1.compartment.oc1..dev","development","Tenancy","{""team"": ""infra"", ""cost_center"": ""CC-1001""}",NULL,NULL,"One-Time","INV-202409-16385","Object Storage",1.4889,85.85920518,1.9089
"AllocatedMethodId-3053","AllocatedResourceId-4438","AllocatedResourceName-3133","{}",691.27174314,"123456789012","SunBird","BillingAccount","USD","2024-10-01T00:00:00Z","2024-09-01T00:00:00Z",NULL,NULL,"Adjustment",NULL,"Elastic Load Balancing Load Balancer in US West (Oregon)","2024-09-08T20:00:00Z","2024-09-08T19:00:00Z",NULL,NULL,NULL,NULL,NULL,NULL,NULL,NULL,NULL,NULL,794.565222,2.9227,691.27174314,"AWS","AWS",1185.907692,4.3622,"Standard","USD",271.86,"LCU-Hours","AWS","AWS","us-west-2","US West (Oregon)",NULL,NULL,NULL,"Networking","Elastic Load Balancing","AWS","7SX50VKGNJ6OM978","Elastic Load Balancing LCU-Hours",NULL,"9H03EHIB4WTXI27V.LTBHOIJO","663626350770","Zenith Apollo","BillingAccount","{""business_unit"": ""MarseilleSRE"", ""application"": ""BrightLensMatrix"", ""owner"": ""g.hopper""}",NULL,NULL,"One-Time","INV-202409-50295","Application Networking",2.9227,691.27174314,4.3622
"AllocatedMethodId-6149","AllocatedResourceId-3025","AllocatedResourceName-8633","{}",6.31776429,"123456789012","SunBird","BillingAccount","USD","2024-10-01T00:00:00Z","2024-09-01T00:00:00Z",NULL,NULL,"Adjustment",NULL,"Amazon Simple Queue Service Queue in US East (N. Virginia)","2024-09-01T20:00:00Z","2024-09-01T19:00:00Z","Usage","cd-224698","commit-4698",NULL,"Used","Reserved Instance",NULL,NULL,NULL,NULL,7.799709,0.3667,6.31776429,"AWS","AWS",11.468784,0.5392,"Dynamic","USD",21.27,"Requests","AWS","AWS","us-east-1","US East (N. Virginia)",NULL,NULL,NULL,"Integration","Amazon Simple Queue Service","AWS","NMLWBFJRWWK6P6EG","Amazon Simple Queue Service Requests",NULL,"A7NMSK8AGN64XL2G.LWY1N6O0","517389287820","Atlas Nimbus","BillingAccount","{""application"": ""BrightLensMatrix""}",NULL,NULL,"One-Time","INV-202409-24790","Messaging",0.3667,6.31776429,0.5392
"AllocatedMethodId-8011","AllocatedResourceId-4093","AllocatedResourceName-2140","{}",22.47516786,"123456789012","SunBird","BillingAccount","USD","2024-10-01T00:00:00Z","2024-09-01T00:00:00Z",NULL,NULL,"Tax",NULL,"Tax charge in US West (Oregon)","2024-09-16T10:00:00Z","2024-09-16T09:00:00Z",NULL,NULL,NULL,NULL,NULL,NULL,NULL,NULL,NULL,NULL,22.47516786,NULL,22.47516786,"AWS","AWS",22.47516786,NULL,NULL,"USD",NULL,NULL,"AWS","AWS",NULL,NULL,NULL,NULL,NULL,"Other","Tax","AWS",NULL,NULL,NULL,NULL,"438839167390","Zenith Eclipse","BillingAccount","{""owner"": ""g.hopper"", ""team"": ""infra""}",NULL,NULL,"One-Time","INV-202409-48088","Other (Security)",NULL,22.47516786,NULL
"AllocatedMethodId-9157","AllocatedResourceId-9032","AllocatedResourceName-9270","{}",461.7240012,"ocid1.tenancy.oc1..aaaa1234","Meridian OCI","Tenancy","USD","2024-10-01T00:00:00Z","2024-09-01T00:00:00Z",NULL,NULL,"Usage",NULL,"Oracle Autonomous Database Database in US East (Ashburn)","2024-09-29T19:00:00Z","2024-09-29T18:00:00Z",NULL,NULL,NULL,NULL,NULL,NULL,NULL,219.0300000000,"Hours",NULL,699.58182,3.1940,461.7240012,"Oracle","Oracle",721.221984,3.2928,"Dynamic","USD",219.03,"Hours","Oracle","Oracle","us-ashburn-1","US East (Ashburn)","ocid1.instance.oc1.us-ashburn-1.004a9f277852",NULL,"Database","Databases","Oracle Autonomous Database","Oracle","ZHO15RRZW4Z56RJ3","Oracle Autonomous Database Hours",NULL,"GHQ55OIBGDE5BLYU.JTGE753M","ocid1.compartment.oc1..prod","production","Tenancy","{""owner"": ""g.hopper""}",NULL,"us-ashburn-1-AD-1","Usage-Based","INV-202409-48477","Relational Databases",3.1940,461.7240012,3.2928
"AllocatedMethodId-3781","AllocatedResourceId-1322","AllocatedResourceName-9821","{}",200.0414052,"01ABCD-2345EF-6789GH","Helios Labs","BillingAccount","USD","2024-10-01T00:00:00Z","2024-09-01T00:00:00Z",NULL,NULL,"Usage",NULL,"Cloud Functions Function in Singapore","2024-09-02T09:00:00Z","2024-09-02T08:00:00Z","Usage","cd-683707","commit-3707",NULL,"Used","Committed Use Discount",NULL,191.8200000000,"Invocations",NULL,256.46333999999996,1.3370,200.0414052,"Google","Google",301.71367799999996,1.5729,"Standard","USD",191.82,"Invocations","Google","Google","asia-southeast1","Singapore","//compute.googleapis.com/projects/helios-labs/zones/asia-southeast1-a/instances/inst-5661",NULL,"Function","Compute","Cloud Functions","Google","598449K6DZQ5YWSU","Cloud Functions Invocations",NULL,"DBCIXWBVYG1WW0WD.PPPTFETH","proj-helios-prod","helios-prod","BillingAccount","{""business_unit"": ""LisbonOps""}",NULL,"us-central1-a","Usage-Based","INV-202409-54249","Serverless Compute",1.3370,200.0414052,1.5729
"AllocatedMethodId-9971","AllocatedResourceId-3958","AllocatedResourceName-1304","{}",17.32966783,"01ABCD-2345EF-6789GH","Helios Labs","BillingAccount","USD","2024-10-01T00:00:00Z","2024-09-01T00:00:00Z",NULL,NULL,"Usage",NULL,"Compute Engine VM Instance in Northern Virginia","2024-09-25T06:00:00Z","2024-09-25T05:00:00Z",NULL,NULL,NULL,NULL,NULL,NULL,NULL,10.2100000000,"Hours",NULL,23.739271000000002,2.3251,17.32966783,"Google","Google",23.979206,2.3486,"Standard","USD",10.21,"Hours","Google","Google","us-east4","Northern Virginia","//compute.googleapis.com/projects/helios-labs/zones/us-east4-a/instances/inst-6815",NULL,"VM Instance","Compute","Compute Engine","Google","56VKTX1M5E8NSQDT","Compute Engine Hours",NULL,"ZOFGVRE741NWET6T.18UM0ZQ6","proj-helios-dev","helios-dev","BillingAccount","{""team"": ""platform""}",NULL,NULL,"Usage-Based","INV-202409-69405","Virtual Machines",2.3251,17.32966783,2.3486
"AllocatedMethodId-2375","AllocatedResourceId-6143","AllocatedResourceName-5882","{}",851.83486206,"8a93b2c1-1234-4abc-9def-0123456789ab","Contoso Cloud","BillingProfile","USD","2024-10-01T00:00:00Z","2024-09-01T00:00:00Z",NULL,NULL,"Credit",NULL,"Azure Functions Function App in UK South","2024-09-29T05:00:00Z","2024-09-29T04:00:00Z",NULL,NULL,NULL,NULL,NULL,NULL,NULL,NULL,NULL,NULL,936.082266,1.9977,851.83486206,"Microsoft","Microsoft",1248.109688,2.6636,"Standard","USD",468.58,"Executions","Microsoft","Microsoft","uksouth","UK South",NULL,NULL,NULL,"Compute","Azure Functions","Microsoft","PJT10UEN0RSKQPZP","Azure Functions Executions",NULL,"HJMBPT35911CMKRI.BQR9LC5B","sub-9a1f","Production","BillingProfile","{""application"": ""AtlasPortal"", ""cost_center"": ""CC-2042"", ""environment"": ""dev""}",NULL,NULL,"One-Time","INV-202409-17251","Serverless Compute",1.9977,851.83486206,2.6636
"AllocatedMethodId-7364","AllocatedResourceId-1128","AllocatedResourceName-7438","{}",306.3601152,"123456789012","SunBird","BillingAccount","USD","2024-10-01T00:00:00Z","2024-09-01T00:00:00Z",NULL,NULL,"Usage",NULL,"Amazon Simple Queue Service Queue in Europe (Ireland)","2024-09-29T02:00:00Z","2024-09-29T01:00:00Z",NULL,NULL,NULL,NULL,NULL,NULL,NULL,421.3800000000,"Requests",NULL,382.950144,0.9088,306.3601152,"AWS","AWS",497.354814,1.1803,"Other","USD",421.38,"Requests","AWS","AWS","eu-west-1","Europe (Ireland)","arn:aws:ec2:eu-west-1:123456789012:instance/i-006b98b290c3",NULL,"Queue","Integration","Amazon Simple Queue Service","AWS","YP1NJGLNR20QD58X","Amazon Simple Queue Service Requests",NULL,"HU814PRJX4XTBCDP.Q9YTXH8P","663626350770","Zenith Apollo","BillingAccount","{""cost_center"": ""CC-1001"", ""business_unit"": ""MarseilleSRE"", ""team"": ""platform""}",NULL,NULL,"Usage-Based","INV-202409-67986","Messaging",0.9088,306.3601152,1.1803
"AllocatedMethodId-2382","AllocatedResourceId-7791","AllocatedResourceName-7022","{}",855.09752055,"01ABCD-2345EF-6789GH","Helios Labs","BillingAccount","USD","2024-10-01T00:00:00Z","2024-09-01T00:00:00Z",NULL,NULL,"Usage",NULL,"Cloud SQL Database Instance in Iowa","2024-09-13T17:00:00Z","2024-09-13T16:00:00Z",NULL,NULL,NULL,NULL,NULL,NULL,NULL,457.9500000000,"Hours",NULL,939.6676049999999,2.0519,855.09752055,"Google","Google",1445.65656,3.1568,"Standard","USD",457.95,"Hours","Google","Google","us-central1","Iowa","//compute.googleapis.com/projects/helios-labs/zones/us-central1-a/instances/inst-2429",NULL,"Database Instance","Databases","Cloud SQL","Google","540V1GKQ6EW09U3B","Cloud SQL Hours",NULL,"DL2IAZMTUFHKP7I0.U24IQLUS","proj-helios-prod","helios-prod","BillingAccount",NULL,NULL,NULL,"Usage-Based","INV-202409-36039","Relational Databases",2.0519,855.09752055,3.1568
"AllocatedMethodId-7513","AllocatedResourceId-4476","AllocatedResourceName-7283","{}",642.31448688,"8a93b2c1-1234-4abc-9def-0123456789ab","Contoso Cloud","BillingProfile","USD","2024-10-01T00:00:00Z","2024-09-01T00:00:00Z",NULL,NULL,"Usage",NULL,"Azure Kubernetes Service Cluster in UK South","2024-09-10T14:00:00Z","2024-09-10T13:00:00Z","Usage","cd-307897","commit-7897",NULL,"Used","Committed Use Discount",NULL,323.5600000000,"Hours",NULL,648.802512,2.0052,642.31448688,"Microsoft","Microsoft",1013.778192,3.1332,"Committed","USD",323.56,"Hours","Microsoft","Microsoft","uksouth","UK South","/subscriptions/8a93b2c1-1234-4abc-9def-0123456789ab/resourceGroups/rg-685/providers/Microsoft.Compute/virtualMachines/vm-7196",NULL,"Cluster","Compute","Azure Kubernetes Service","Microsoft","JFXKHA7135HONMRS","Azure Kubernetes Service Hours",NULL,"5YI1NNSM0L0JBSQP.2PX3FA4I","sub-4d3e","Sandbox","BillingProfile",NULL,NULL,NULL,"Usage-Based","INV-202409-52368","Containers",2.0052,642.31448688,3.1332
"AllocatedMethodId-4766","AllocatedResourceId-4000","AllocatedResourceName-1587","{}",791.86653,"ocid1.tenancy.oc1..aaaa1234","Meridian OCI","Tenancy","USD","2024-10-01T00:00:00Z","2024-09-01T00:00:00Z",NULL,NULL,"Usage",NULL,"Oracle Load Balancer Load Balancer in UK South (London)","2024-09-05T02:00:00Z","2024-09-05T01:00:00Z",NULL,NULL,NULL,NULL,NULL,NULL,NULL,465.5300000000,"Hours",NULL,942.6982499999999,2.0250,791.86653,"Oracle","Oracle",1096.1834909999998,2.3547,"Standard","USD",465.53,"Hours","Oracle","Oracle","uk-london-1","UK South (London)","ocid1.instance.oc1.uk-london-1.0075f44ebbf1",NULL,"Load Balancer","Networking","Oracle Load Balancer","Oracle","I9CLQK65V3IFU71J","Oracle Load Balancer Hours",NULL,"QHUCI5RX1SQQ7U1K.U5J92DMJ","ocid1.compartment.oc1..prod","production","Tenancy","{""owner"": ""k.johnson"", ""application"": ""NimbusAPI"", ""cost_center"": ""CC-2042""}",NULL,NULL,"Usage-Based","INV-202409-17152","Application Networking",2.0250,791.86653,2.3547
"AllocatedMethodId-7534","AllocatedResourceId-5180","AllocatedResourceName-3916","{}",20.69502565,"ocid1.tenancy.oc1..aaaa1234","Meridian OCI","Tenancy","USD","2024-10-01T00:00:00Z","2024-09-01T00:00:00Z",NULL,NULL,"Usage",NULL,"Oracle Autonomous Database Database in US East (Ashburn)","2024-09-19T15:00:00Z","2024-09-19T14:00:00Z",NULL,NULL,NULL,NULL,NULL,NULL,NULL,20.4100000000,"Hours",NULL,26.196235,1.2835,20.69502565,"Oracle","Oracle",36.384907,1.7827,"Dynamic","USD",20.41,"Hours","Oracle","Oracle","us-ashburn-1","US East (Ashburn)","ocid1.instance.oc1.us-ashburn-1.00d6738c499e",NULL,"Database","Databases","Oracle Autonomous Database","Oracle","6RNA7L0EP5GVBSHZ","Oracle Autonomous Database Hours",NULL,"XGUJBF343RAVC2UI.NDSUDE9Y","ocid1.compartment.oc1..dev","development","Tenancy","{""application"": ""AtlasPortal""}",NULL,"uk-london-1-AD-2","Usage-Based","INV-202409-22130","Relational Databases",1.2835,20.69502565,1.7827
"AllocatedMethodId-1738","AllocatedResourceId-9411","AllocatedResourceName-2763","{}",257.878114,"8a93b2c1-1234-4abc-9def-0123456789ab","Contoso Cloud","BillingProfile","USD","2024-10-01T00:00:00Z","2024-09-01T00:00:00Z",NULL,NULL,"Usage",NULL,"Azure Kubernetes Service Cluster in East US","2024-09-09T22:00:00Z","2024-09-09T21:00:00Z",NULL,NULL,NULL,NULL,NULL,NULL,NULL,142.4800000000,"Hours",NULL,396.73555999999996,2.7845,257.878114,"Microsoft","Microsoft",536.123744,3.7628,"Dynamic","USD",142.48,"Hours","Microsoft","Microsoft","eastus","East US","/subscriptions/8a93b2c1-1234-4abc-9def-0123456789ab/resourceGroups/rg-722/providers/Microsoft.Compute/virtualMachines/vm-852",NULL,"Cluster","Compute","Azure Kubernetes Service","Microsoft","6M52Y4R1F1XL11FC","Azure Kubernetes Service Hours",NULL,"6V3OJ577FS31F4TJ.ITP71SD9","sub-9a1f","Production","BillingProfile","{""owner"": ""g.hopper"", ""cost_center"": ""CC-2042""}",NULL,NULL,"Usage-Based","INV-202409-20031","Containers",2.7845,257.878114,3.7628
"AllocatedMethodId-3378","AllocatedResourceId-4961","AllocatedResourceName-8139","{}",219.04375442,"ocid1.tenancy.oc1..aaaa1234","Meridian OCI","Tenancy","USD","2024-10-01T00:00:00Z","2024-09-01T00:00:00Z",NULL,NULL,"Credit",NULL,"Oracle Functions Function in US East (Ashburn)","2024-09-29T05:00:00Z","2024-09-29T04:00:00Z",NULL,NULL,NULL,NULL,NULL,NULL,NULL,NULL,NULL,NULL,359.08812200000006,2.0203,219.04375442,"Oracle","Oracle",520.4049460000001,2.9279,"Standard","USD",177.74,"Invocations","Oracle","Oracle","us-ashburn-1","US East (Ashburn)",NULL,NULL,NULL,"Compute","Oracle Functions","Oracle","F0TU32QVLNLFQG18","Oracle Functions Invocations",NULL,"BAZHAK43Z5TXZTFI.IAMHBMBN","ocid1.compartment.oc1..dev","development","Tenancy","{""team"": ""platform""}",NULL,NULL,"One-Time","INV-202409-73060","Serverless Compute",2.0203,219.04375442,2.9279
"AllocatedMethodId-7395","AllocatedResourceId-7829","AllocatedResourceName-6902","{}",45.12749472,"8a93b2c1-1234-4abc-9def-0123456789ab","Contoso Cloud","BillingProfile","USD","2024-10-01T00:00:00Z","2024-09-01T00:00:00Z",NULL,NULL,"Usage",NULL,"Virtual Machines Virtual Machine in Southeast Asia","2024-09-07T08:00:00Z","2024-09-07T07:00:00Z",NULL,NULL,NULL,NULL,NULL,NULL,NULL,83.0600000000,"Hours",NULL,45.583327999999995,0.5488,45.12749472,"Microsoft","Microsoft",63.308332,0.7622,"Standard","USD",83.06,"Hours","Microsoft","Microsoft","southeastasia","Southeast Asia","/subscriptions/8a93b2c1-1234-4abc-9def-0123456789ab/resourceGroups/rg-984/providers/Microsoft.Compute/virtualMachines/vm-297",NULL,"Virtual Machine","Compute","Virtual Machines","Microsoft","1059SC5Z565OD7B1","Virtual Machines Hours",NULL,"U9ER04H5W21BKSM4.W2O6OV3I","sub-2b7c","Staging","BillingProfile","{""environment"": ""qa"", ""owner"": ""a.lovelace"", ""business_unit"": ""OsloData""}",NULL,"uksouth-1","Usage-Based","INV-202409-48455","Virtual Machines",0.5488,45.12749472,0.7622
"AllocatedMethodId-6878","AllocatedResourceId-5273","AllocatedResourceName-6849","{}",157.32882,"ocid1.tenancy.oc1..aaaa1234","Meridian OCI","Tenancy","USD","2024-10-01T00:00:00Z","2024-09-01T00:00:00Z",NULL,NULL,"Tax",NULL,"Tax charge in Australia East (Sydney)","2024-09-13T02:00:00Z","2024-09-13T01:00:00Z",NULL,NULL,NULL,NULL,NULL,NULL,NULL,NULL,NULL,NULL,157.32882,NULL,157.32882,"Oracle","Oracle",157.32882,NULL,NULL,"USD",NULL,NULL,"Oracle","Oracle",NULL,NULL,NULL,NULL,NULL,"Other","Tax","Oracle",NULL,NULL,NULL,NULL,"ocid1.compartment.oc1..prod","production","Tenancy","{""business_unit"": ""MarseilleSRE"", ""environment"": ""prod""}",NULL,NULL,"One-Time","INV-202409-12376","Other (Security)",NULL,157.32882,NULL
"AllocatedMethodId-5021","AllocatedResourceId-3483","AllocatedResourceName-9677","{}",45.0386015,"8a93b2c1-1234-4abc-9def-0123456789ab","Contoso Cloud","BillingProfile","USD","2024-10-01T00:00:00Z","2024-09-01T00:00:00Z",NULL,NULL,"Usage",NULL,"Azure Blob Storage Storage Account in East US","2024-09-15T10:00:00Z","2024-09-15T09:00:00Z",NULL,NULL,NULL,NULL,NULL,NULL,NULL,60.3500000000,"GB",NULL,60.862975,1.0085,45.0386015,"Microsoft","Microsoft",67.62821000000001,1.1206,"Standard","USD",60.35,"GB","Microsoft","Microsoft","eastus","East US","/subscriptions/8a93b2c1-1234-4abc-9def-0123456789ab/resourceGroups/rg-805/providers/Microsoft.Compute/virtualMachines/vm-7295",NULL,"Storage Account","Storage","Azure Blob Storage","Microsoft","GD23HGG9C6GKHNXK","Azure Blob Storage GB",NULL,"S265GJXVIHM20AP4.VS6KFRX0","sub-9a1f","Production","BillingProfile",NULL,NULL,NULL,"Usage-Based","INV-202409-57270","Object Storage",1.0085,45.0386015,1.1206
"AllocatedMethodId-9846","AllocatedResourceId-5238","AllocatedResourceName-4954","{}",469.59181368,"ocid1.tenancy.oc1..aaaa1234","Meridian OCI","Tenancy","USD","2024-10-01T00:00:00Z","2024-09-01T00:00:00Z",NULL,NULL,"Usage",NULL,"Oracle Object Storage Bucket in US East (Ashburn)","2024-09-18T16:00:00Z","2024-09-18T15:00:00Z","Spend","cd-110431","commit-0431",NULL,"Unused","Reserved Instance",NULL,NULL,NULL,NULL,711.502748,1.7908,469.59181368,"Oracle","Oracle",718.694059,1.8089,"Committed","USD",397.31,"GB","Oracle","Oracle","us-ashburn-1","US East (Ashburn)","ocid1.instance.oc1.us-ashburn-1.003decae019c",NULL,"Bucket","Storage","Oracle Object Storage","Oracle","D7S0Z9TUWAR7JZ2N","Oracle Object Storage GB",NULL,"82WZMTFC8VYI78SN.F69T7VKB","ocid1.compartment.oc1..dev","development","Tenancy","{""team"": ""platform""}",NULL,"us-ashburn-1-AD-1","Usage-Based","INV-202409-13655","Object Storage",1.7908,469.59181368,1.8089
"AllocatedMethodId-3119","AllocatedResourceId-9408","AllocatedResourceName-9669","{}",20.3569002,"01ABCD-2345EF-6789GH","Helios Labs","BillingAccount","USD","2024-10-01T00:00:00Z","2024-09-01T00:00:00Z",NULL,NULL,"Usage",NULL,"Cloud Load Balancing Forwarding Rule in Northern Virginia","2024-09-03T14:00:00Z","2024-09-03T13:00:00Z","Spend","cd-412434","commit-2434",NULL,"Unused","Savings Plan",NULL,NULL,NULL,NULL,31.318308000000002,0.1767,20.3569002,"Google","Google",42.324912000000005,0.2388,"Committed","USD",177.24,"Hours","Google","Google","us-east4","Northern Virginia","//compute.googleapis.com/projects/helios-labs/zones/us-east4-a/instances/inst-663",NULL,"Forwarding Rule","Networking","Cloud Load Balancing","Google","IY7PGU7MX3GJ10FF","Cloud Load Balancing Hours",NULL,"D1I4N2EX7Z97ZQ51.250KJ6I5","proj-helios-prod","helios-prod","BillingAccount","{""cost_center"": ""CC-2042"", ""owner"": ""k.johnson"", ""environment"": ""staging""}",NULL,NULL,"Usage-Based","INV-202409-69993","Application Networking",0.1767,20.3569002,0.2388
"AllocatedMethodId-8259","AllocatedResourceId-5544","AllocatedResourceName-2450","{}",507.62902148,"123456789012","SunBird","BillingAccount","USD","2024-10-01T00:00:00Z","2024-09-01T00:00:00Z",NULL,NULL,"Usage",NULL,"AWS Lambda Function in US West (Oregon)","2024-09-21T05:00:00Z","2024-09-21T04:00:00Z","Usage","cd-226737","commit-6737",NULL,"Unused","Committed Use Discount",NULL,NULL,NULL,NULL,667.932923,3.6169,507.62902148,"AWS","AWS",878.862997,4.7591,"Committed","USD",184.67,"Requests","AWS","AWS","us-west-2","US West (Oregon)","arn:aws:ec2:us-west-2:123456789012:instance/i-0064a8538044",NULL,"Function","Compute","AWS Lambda","AWS","S5BJJ0DTSNL5AH9W","AWS Lambda Requests",NULL,"EC04T2VY4II6322J.UF0YOZV8","438839167390","Zenith Eclipse","BillingAccount",NULL,NULL,"eu-west-1c","Usage-Based","INV-202409-16005","Serverless Compute",3.6169,507.62902148,4.7591
"AllocatedMethodId-3334","AllocatedResourceId-7763","AllocatedResourceName-6311","{}",987.2689932,"8a93b2c1-1234-4abc-9def-0123456789ab","Contoso Cloud","BillingProfile","USD","2024-10-01T00:00:00Z","2024-09-01T00:00:00Z",NULL,NULL,"Adjustment",NULL,"Azure Load Balancer Load Balancer in East US","2024-09-27T22:00:00Z","2024-09-27T21:00:00Z","Spend","cd-668154","commit-8154",NULL,"Used","Committed Use Discount",NULL,NULL,NULL,NULL,1007.41734,3.1230,987.2689932,"Microsoft","Microsoft",1038.578568,3.2196,"Committed","USD",322.58,"Hours","Microsoft","Microsoft","eastus","East US",NULL,NULL,NULL,"Networking","Azure Load Balancer","Microsoft","P2F8UZC5BV1L0B7U","Azure Load Balancer Hours",NULL,"YQFHG8KSJLQFJT0K.DULBDTYG","sub-4d3e","Sandbox","BillingProfile","{""application"": ""BrightLensMatrix"", ""owner"": ""k.johnson"", ""environment"": ""dev""}",NULL,NULL,"One-Time","INV-202409-51948","Application Networking",3.1230,987.2689932,3.2196
"AllocatedMethodId-7476","AllocatedResourceId-3014","AllocatedResourceName-3288","{}",235.779621,"01ABCD-2345EF-6789GH","Helios Labs","BillingAccount","USD","2024-10-01T00:00:00Z","2024-09-01T00:00:00Z",NULL,NULL,"Usage",NULL,"BigQuery Dataset in Iowa","2024-09-09T16:00:00Z","2024-09-09T15:00:00Z","Spend","cd-382368","commit-2368",NULL,"Unused","Savings Plan",NULL,NULL,NULL,NULL,240.59145,2.0346,235.779621,"Google","Google",300.7334,2.5432,"Committed","USD",118.25,"GiB","Google","Google","us-central1","Iowa","//compute.googleapis.com/projects/helios-labs/zones/us-central1-a/instances/inst-8296",NULL,"Dataset","Analytics","BigQuery","Google","9GP9IT02F6NJX8KP","BigQuery GiB",NULL,"8192CA3SKAD4RQYW.N6SCK8ET","proj-helios-prod","helios-prod","BillingAccount","{""team"": ""platform""}",NULL,"us-central1-a","Usage-Based","INV-202409-21759","Data Warehouses",2.0346,235.779621,2.5432
"AllocatedMethodId-4425","AllocatedResourceId-1116","AllocatedResourceName-4212","{}",125.64655064,"01ABCD-2345EF-6789GH","Helios Labs","BillingAccount","USD","2024-10-01T00:00:00Z","2024-09-01T00:00:00Z",NULL,NULL,"Usage",NULL,"BigQuery Dataset in Belgium","2024-09-30T03:00:00Z","2024-09-30T02:00:00Z",NULL,NULL,NULL,NULL,NULL,NULL,NULL,226.3600000000,"GiB",NULL,169.79263600000002,0.7501,125.64655064,"Google","Google",278.354892,1.2297,"Other","USD",226.36,"GiB","Google","Google","europe-west1","Belgium","//compute.googleapis.com/projects/helios-labs/zones/europe-west1-a/instances/inst-5424",NULL,"Dataset","Analytics","BigQuery","Google","4AAL095Z8FE8B2HW","BigQuery GiB",NULL,"YWYLAH3XM2AOBRWM.FTOO5XCR","proj-helios-dev","helios-dev","BillingAccount","{""owner"": ""g.hopper""}",NULL,NULL,"Usage-Based","INV-202409-74597","Data Warehouses",0.7501,125.64655064,1.2297
"AllocatedMethodId-6092","AllocatedResourceId-2029","AllocatedResourceName-2584","{}",468.17176896,"ocid1.tenancy.oc1..aaaa1234","Meridian OCI","Tenancy","USD","2024-10-01T00:00:00Z","2024-09-01T00:00:00Z",NULL,NULL,"Usage",NULL,"Oracle Compute Instance in UK South (London)","2024-09-08T07:00:00Z","2024-09-08T06:00:00Z",NULL,NULL,NULL,NULL,NULL,NULL,NULL,282.8600000000,"Hours",NULL,743.1297920000001,2.6272,468.17176896,"Oracle","Oracle",965.0900340000001,3.4119,"Other","USD",282.86,"Hours","Oracle","Oracle","uk-london-1","UK South (London)","ocid1.instance.oc1.uk-london-1.009d2a005325",NULL,"Instance","Compute","Oracle Compute","Oracle","RMB8Q93A1DU10RH7","Oracle Compute Hours",NULL,"35X7CODR082UAZMV.FBO1EPMK","ocid1.compartment.oc1..dev","development","Tenancy",NULL,NULL,"us-ashburn-1-AD-1","Usage-Based","INV-202409-53152","Virtual Machines",2.6272,468.17176896,3.4119
"AllocatedMethodId-4172","AllocatedResourceId-3064","AllocatedResourceName-9337","{}",181.427798,"123456789012","SunBird","BillingAccount","USD","2024-10-01T00:00:00Z","2024-09-01T00:00:00Z",NULL,NULL,"Purchase",NULL,"Amazon Simple Queue Service Queue in Asia Pacific (Sydney)","2024-09-26T07:00:00Z","2024-09-26T06:00:00Z",NULL,NULL,NULL,NULL,NULL,NULL,NULL,NULL,NULL,NULL,181.427798,1.4681,0,"AWS","AWS",292.625082,2.3679,"Standard","USD",123.58,"Requests","AWS","AWS","ap-southeast-2","Asia Pacific (Sydney)","arn:aws:ec2:ap-southeast-2:123456789012:instance/i-0089e88dc334",NULL,"Queue","Integration","Amazon Simple Queue Service","AWS","HFDCYUEID2DT1EGD","Amazon Simple Queue Service Requests",NULL,"9DSYZG0OA3Y31GVB.37VMGGAE","517389287820","Atlas Nimbus","BillingAccount","{""application"": ""NimbusAPI""}",NULL,NULL,"One-Time","INV-202409-87710","Messaging",1.4681,0,2.3679
"AllocatedMethodId-4018","AllocatedResourceId-1110","AllocatedResourceName-6944","{}",81.68418874,"01ABCD-2345EF-6789GH","Helios Labs","BillingAccount","USD","2024-10-01T00:00:00Z","2024-09-01T00:00:00Z",NULL,NULL,"Usage",NULL,"Cloud SQL Database Instance in Northern Virginia","2024-09-27T12:00:00Z","2024-09-27T11:00:00Z",NULL,NULL,NULL,NULL,NULL,NULL,NULL,398.5100000000,"Hours",NULL,106.083362,0.2662,81.68418874,"Google","Google",120.549275,0.3025,"Standard","USD",398.51,"Hours","Google","Google","us-east4","Northern Virginia","//compute.googleapis.com/projects/helios-labs/zones/us-east4-a/instances/inst-9777",NULL,"Database Instance","Databases","Cloud SQL","Google","XA7JDP69D1WMMMEV","Cloud SQL Hours",NULL,"M43VVT0VKG3C5OAO.O3NP4VYN","proj-helios-dev","helios-dev","BillingAccount","{""cost_center"": ""CC-1001"", ""owner"": ""g.hopper""}",NULL,"asia-southeast1-c","Usage-Based","INV-202409-62469","Relational Databases",0.2662,81.68418874,0.3025
"AllocatedMethodId-2062","AllocatedResourceId-3743","AllocatedResourceName-9333","{}",121.78799314,"123456789012","SunBird","BillingAccount","USD","2024-10-01T00:00:00Z","2024-09-01T00:00:00Z",NULL,NULL,"Usage",NULL,"Amazon Elastic Compute Cloud Virtual Machine in Europe (Ireland)","2024-09-24T17:00:00Z","2024-09-24T16:00:00Z","Usage","cd-307434","commit-7434",NULL,"Used","Reserved Instance",NULL,97.2100000000,"Hours",NULL,196.432247,2.0207,121.78799314,"AWS","AWS",284.679485,2.9285,"Dynamic","USD",97.21,"Hours","AWS","AWS","eu-west-1","Europe (Ireland)","arn:aws:ec2:eu-west-1:123456789012:instance/i-003131973224",NULL,"Virtual Machine","Compute","Amazon Elastic Compute Cloud","AWS","BIYHVNT3PXXK71EH","Amazon Elastic Compute Cloud Hours",NULL,"JIMM8YXU1PCM8SJU.PDRI65NF","517389287820","Atlas Nimbus","BillingAccount","{""environment"": ""dev"", ""business_unit"": ""MarseilleSRE"", ""owner"": ""a.lovelace""}",NULL,"eu-west-1c","Usage-Based","INV-202409-71691","Virtual Machines",2.0207,121.78799314,2.9285
"AllocatedMethodId-2280","AllocatedResourceId-5528","AllocatedResourceName-4731","{}",368.74018,"ocid1.tenancy.oc1..aaaa1234","Meridian OCI","Tenancy","USD","2024-10-01T00:00:00Z","2024-09-01T00:00:00Z",NULL,NULL,"Usage",NULL,"Oracle Load Balancer Load Balancer in UK South (London)","2024-09-23T04:00:00Z","2024-09-23T03:00:00Z",NULL,NULL,NULL,NULL,NULL,NULL,NULL,186.9500000000,"Hours",NULL,460.92522499999995,2.4655,368.74018,"Oracle","Oracle",649.2025699999999,3.4726,"Other","USD",186.95,"Hours","Oracle","Oracle","uk-london-1","UK South (London)","ocid1.instance.oc1.uk-london-1.004eadd09b65",NULL,"Load Balancer","Networking","Oracle Load Balancer","Oracle","T1YKXQ9FIFS27WOC","Oracle Load Balancer Hours",NULL,"36V12310X5URYBL2.OQEWFS66","ocid1.compartment.oc1..dev","development","Tenancy","{""owner"": ""g.hopper"", ""application"": ""BrightSourceCore"", ""environment"": ""qa""}",NULL,NULL,"Usage-Based","INV-202409-81650","Application Networking",2.4655,368.74018,3.4726
"AllocatedMethodId-4694","AllocatedResourceId-7867","AllocatedResourceName-7974","{}",268.81286796,"123456789012","SunBird","BillingAccount","USD","2024-10-01T00:00:00Z","2024-09-01T00:00:00Z",NULL,NULL,"Usage",NULL,"Amazon Elastic Compute Cloud Virtual Machine in US East (N. Virginia)","2024-09-02T16:00:00Z","2024-09-02T15:00:00Z",NULL,NULL,NULL,NULL,NULL,NULL,NULL,337.5600000000,"Hours",NULL,295.398756,0.8751,268.81286796,"AWS","AWS",422.017512,1.2502,"Standard","USD",337.56,"Hours","AWS","AWS","us-east-1","US East (N. Virginia)","arn:aws:ec2:us-east-1:123456789012:instance/i-00d82358227f",NULL,"Virtual Machine","Compute","Amazon Elastic Compute Cloud","AWS","8QATSWZZA46JZOON","Amazon Elastic Compute Cloud Hours",NULL,"4O7933VFUM10N229.BXIITA5W","438839167390","Zenith Eclipse","BillingAccount",NULL,NULL,NULL,"Usage-Based","INV-202409-54541","Virtual Machines",0.8751,268.81286796,1.2502
"AllocatedMethodId-4369","AllocatedResourceId-6075","AllocatedResourceName-8081","{}",160.38089415,"ocid1.tenancy.oc1..aaaa1234","Meridian OCI","Tenancy","USD","2024-10-01T00:00:00Z","2024-09-01T00:00:00Z",NULL,NULL,"Usage",NULL,"Oracle Load Balancer Load Balancer in UK South (London)","2024-09-26T02:00:00Z","2024-09-26T01:00:00Z",NULL,NULL,NULL,NULL,NULL,NULL,NULL,461.0700000000,"Hours",NULL,219.69985499999999,0.4765,160.38089415,"Oracle","Oracle",354.332295,0.7685,"Standard","USD",461.07,"Hours","Oracle","Oracle","uk-london-1","UK South (London)","ocid1.instance.oc1.uk-london-1.009078addeb9",NULL,"Load Balancer","Networking","Oracle Load Balancer","Oracle","GV2TFKG9LC5BLMEY","Oracle Load Balancer Hours",NULL,"SNOS7E3DX7AKU0ZK.HI804EYN","ocid1.compartment.oc1..dev","development","Tenancy","{""cost_center"": ""CC-1001"", ""team"": ""infra"", ""owner"": ""a.lovelace""}",NULL,NULL,"Usage-Based","INV-202409-27030","Application Networking",0.4765,160.38089415,0.7685
"AllocatedMethodId-9291","AllocatedResourceId-1731","AllocatedResourceName-8572","{}",108.32741088,"ocid1.tenancy.oc1..aaaa1234","Meridian OCI","Tenancy","USD","2024-10-01T00:00:00Z","2024-09-01T00:00:00Z",NULL,NULL,"Usage",NULL,"Oracle Object Storage Bucket in Australia East (Sydney)","2024-09-26T02:00:00Z","2024-09-26T01:00:00Z",NULL,NULL,NULL,NULL,NULL,NULL,NULL,229.4800000000,"GB",NULL,138.881296,0.6052,108.32741088,"Oracle","Oracle",231.45352799999998,1.0086,"Other","USD",229.48,"GB","Oracle","Oracle","ap-sydney-1","Australia East (Sydney)","ocid1.instance.oc1.ap-sydney-1.0095298cbd2b",NULL,"Bucket","Storage","Oracle Object Storage","Oracle","33CFS3WTZL0PL13Y","Oracle Object Storage GB",NULL,"LGZCPKR8SEN509HX.EG6U02KQ","ocid1.compartment.oc1..dev","development","Tenancy","{""cost_center"": ""CC-2042""}",NULL,NULL,"Usage-Based","INV-202409-37180","Object Storage",0.6052,108.32741088,1.0086
"AllocatedMethodId-2497","AllocatedResourceId-1262","AllocatedResourceName-7908","{}",9.83111878,"123456789012","SunBird","BillingAccount","USD","2024-10-01T00:00:00Z","2024-09-01T00:00:00Z",NULL,NULL,"Credit",NULL,"Amazon Elastic Compute Cloud Virtual Machine in Asia Pacific (Sydney)","2024-09-15T16:00:00Z","2024-09-15T15:00:00Z",NULL,NULL,NULL,NULL,NULL,NULL,NULL,NULL,NULL,NULL,10.135174,0.0511,9.83111878,"AWS","AWS",10.670692,0.0538,"Standard","USD",198.34,"Hours","AWS","AWS","ap-southeast-2","Asia Pacific (Sydney)",NULL,NULL,NULL,"Compute","Amazon Elastic Compute Cloud","AWS","2I4RKKBGLSH8ZKEA","Amazon Elastic Compute Cloud Hours",NULL,"RJ2WLNC8N2D7GYT2.DADYMPXP","438839167390","Zenith Eclipse","BillingAccount","{""team"": ""platform"", ""application"": ""BrightSourceCore""}",NULL,NULL,"One-Time","INV-202409-36212","Virtual Machines",0.0511,9.83111878,0.0538
"AllocatedMethodId-8899","AllocatedResourceId-2106","AllocatedResourceName-6490","{}",1538.6931359999999,"123456789012","SunBird","BillingAccount","USD","2024-10-01T00:00:00Z","2024-09-01T00:00:00Z",NULL,NULL,"Purchase",NULL,"Amazon Elastic Compute Cloud Virtual Machine in Europe (Ireland)","2024-09-30T01:00:00Z","2024-09-30T00:00:00Z",NULL,NULL,NULL,NULL,NULL,NULL,NULL,NULL,NULL,NULL,1538.6931359999999,3.8616,0,"AWS","AWS",1654.525458,4.1523,"Standard","USD",398.46,"Hours","AWS","AWS","eu-west-1","Europe (Ireland)","arn:aws:ec2:eu-west-1:123456789012:instance/i-00a69b1208e0",NULL,"Virtual Machine","Compute","Amazon Elastic Compute Cloud","AWS","MN8Z1HONGWULAZUA","Amazon Elastic Compute Cloud Hours",NULL,"YN3OERXCEN0T5G8K.QGUYIVLU","517389287820","Atlas Nimbus","BillingAccount",NULL,NULL,NULL,"Recurring","INV-202409-97342","Virtual Machines",3.8616,0,4.1523
"AllocatedMethodId-9313","AllocatedResourceId-2280","AllocatedResourceName-7983","{}",1320.978154,"123456789012","SunBird","BillingAccount","USD","2024-10-01T00:00:00Z","2024-09-01T00:00:00Z",NULL,NULL,"Purchase",NULL,"Elastic Load Balancing Load Balancer in Asia Pacific (Sydney)","2024-09-22T20:00:00Z","2024-09-22T19:00:00Z","Usage","cd-230082","commit-0082",NULL,"Unused","Reserved Instance",NULL,NULL,NULL,NULL,1320.978154,4.4971,0,"AWS","AWS",1451.633706,4.9419,"Committed","USD",293.74,"LCU-Hours","AWS","AWS","ap-southeast-2","Asia Pacific (Sydney)","arn:aws:ec2:ap-southeast-2:123456789012:instance/i-00776f4aca22",NULL,"Load Balancer","Networking","Elastic Load Balancing","AWS","NCP2VIRUC70SBOVV","Elastic Load Balancing LCU-Hours",NULL,"PN8DPOY7UL2AE5EM.DJNIFL9N","438839167390","Zenith Eclipse","BillingAccount","{""application"": ""AtlasPortal"", ""owner"": ""a.turing"", ""environment"": ""staging""}",NULL,NULL,"One-Time","INV-202409-40973","Application Networking",4.4971,0,4.9419
"AllocatedMethodId-3039","AllocatedResourceId-7304","AllocatedResourceName-3660","{}",181.19119248,"ocid1.tenancy.oc1..aaaa1234","Meridian OCI","Tenancy","USD","2024-10-01T00:00:00Z","2024-09-01T00:00:00Z",NULL,NULL,"Usage",NULL,"Oracle Autonomous Database Database in US East (Ashburn)","2024-09-11T11:00:00Z","2024-09-11T10:00:00Z",NULL,NULL,NULL,NULL,NULL,NULL,NULL,151.5600000000,"Hours",NULL,266.457636,1.7581,181.19119248,"Oracle","Oracle",436.826232,2.8822,"Standard","USD",151.56,"Hours","Oracle","Oracle","us-ashburn-1","US East (Ashburn)","ocid1.instance.oc1.us-ashburn-1.003f0b1b87d8",NULL,"Database","Databases","Oracle Autonomous Database","Oracle","4BY1FT8J9LQY3T3S","Oracle Autonomous Database Hours",NULL,"Y94EVI4MJMAA6X5Z.0ZXY5TE0","ocid1.compartment.oc1..prod","production","Tenancy","{""team"": ""payments"", ""owner"": ""a.turing""}",NULL,"uk-london-1-AD-2","Usage-Based","INV-202409-15089","Relational Databases",1.7581,181.19119248,2.8822
"AllocatedMethodId-5724","AllocatedResourceId-8060","AllocatedResourceName-3795","{}",860.48489025,"8a93b2c1-1234-4abc-9def-0123456789ab","Contoso Cloud","BillingProfile","USD","2024-10-01T00:00:00Z","2024-09-01T00:00:00Z",NULL,NULL,"Usage",NULL,"Azure Kubernetes Service Cluster in Southeast Asia","2024-09-15T21:00:00Z","2024-09-15T20:00:00Z",NULL,NULL,NULL,NULL,NULL,NULL,NULL,344.2500000000,"Hours",NULL,887.0978250000001,2.5769,860.48489025,"Microsoft","Microsoft",1198.781775,3.4823,"Other","USD",344.25,"Hours","Microsoft","Microsoft","southeastasia","Southeast Asia","/subscriptions/8a93b2c1-1234-4abc-9def-0123456789ab/resourceGroups/rg-389/providers/Microsoft.Compute/virtualMachines/vm-7553",NULL,"Cluster","Compute","Azure Kubernetes Service","Microsoft","Q3JQPKAHFYZF7M1K","Azure Kubernetes Service Hours",NULL,"1QT68YT0FGWJRNZT.AK5AGE07","sub-4d3e","Sandbox","BillingProfile","{""business_unit"": ""ViennaAI""}",NULL,NULL,"Usage-Based","INV-202409-64636","Containers",2.5769,860.48489025,3.4823
"AllocatedMethodId-1420","AllocatedResourceId-3013","AllocatedResourceName-9693","{}",479.72505984,"8a93b2c1-1234-4abc-9def-0123456789ab","Contoso Cloud","BillingProfile","USD","2024-10-01T00:00:00Z","2024-09-01T00:00:00Z",NULL,NULL,"Usage",NULL,"Azure SQL Database SQL Database in West Europe","2024-09-06T18:00:00Z","2024-09-06T17:00:00Z","Spend","cd-161847","commit-1847",NULL,"Unused","Reserved Instance",NULL,NULL,NULL,NULL,716.007552,1.5098,479.72505984,"Microsoft","Microsoft",1068.6524160000001,2.2534,"Committed","USD",474.24,"Hours","Microsoft","Microsoft","westeurope","West Europe","/subscriptions/8a93b2c1-1234-4abc-9def-0123456789ab/resourceGroups/rg-450/providers/Microsoft.Compute/virtualMachines/vm-3074",NULL,"SQL Database","Databases","Azure SQL Database","Microsoft","HREVBP45GADRACGN","Azure SQL Database Hours",NULL,"7AY7R54V1VXVUPXZ.YDWVGA3Z","sub-4d3e","Sandbox","BillingProfile","{""team"": ""platform"", ""cost_center"": ""CC-3090""}",NULL,"westeurope-2","Usage-Based","INV-202409-28201","Relational Databases",1.5098,479.72505984,2.2534
"AllocatedMethodId-9060","AllocatedResourceId-2481","AllocatedResourceName-6452","{}",730.93717872,"01ABCD-2345EF-6789GH","Helios Labs","BillingAccount","USD","2024-10-01T00:00:00Z","2024-09-01T00:00:00Z",NULL,NULL,"Usage",NULL,"Cloud Load Balancing Forwarding Rule in Belgium","2024-09-20T07:00:00Z","2024-09-20T06:00:00Z",NULL,NULL,NULL,NULL,NULL,NULL,NULL,257.4600000000,"Hours",NULL,849.9269519999999,3.3012,730.93717872,"Google","Google",849.9269519999999,3.3012,"Dynamic","USD",257.46,"Hours","Google","Google","europe-west1","Belgium","//compute.googleapis.com/projects/helios-labs/zones/europe-west1-a/instances/inst-2636",NULL,"Forwarding Rule","Networking","Cloud Load Balancing","Google","W14GYSMJ76CI5FT9","Cloud Load Balancing Hours",NULL,"3K2H48PPNKFG1BKU.YROQ4HI8","proj-helios-dev","helios-dev","BillingAccount","{""business_unit"": ""LisbonOps"", ""application"": ""BrightSourceCore"", ""owner"": ""a.turing""}",NULL,"asia-southeast1-c","Usage-Based","INV-202409-93040","Application Networking",3.3012,730.93717872,3.3012
"AllocatedMethodId-5775","AllocatedResourceId-7171","AllocatedResourceName-1963","{}",426.115296,"8a93b2c1-1234-4abc-9def-0123456789ab","Contoso Cloud","BillingProfile","USD","2024-10-01T00:00:00Z","2024-09-01T00:00:00Z",NULL,NULL,"Usage",NULL,"Azure Functions Function App in East US","2024-09-15T16:00:00Z","2024-09-15T15:00:00Z",NULL,NULL,NULL,NULL,NULL,NULL,NULL,368.0000000000,"Executions",NULL,519.6528,1.4121,426.115296,"Microsoft","Microsoft",702.2544,1.9083,"Other","USD",368.00,"Executions","Microsoft","Microsoft","eastus","East US","/subscriptions/8a93b2c1-1234-4abc-9def-0123456789ab/resourceGroups/rg-672/providers/Microsoft.Compute/virtualMachines/vm-4913",NULL,"Function App","Compute","Azure Functions","Microsoft","MHXIUYATD8MY1UXI","Azure Functions Executions",NULL,"7OGZA83UJSO53JSJ.CUT6HR4N","sub-4d3e","Sandbox","BillingProfile","{""business_unit"": ""ViennaAI""}",NULL,"eastus-1","Usage-Based","INV-202409-74883","Serverless Compute",1.4121,426.115296,1.9083
"AllocatedMethodId-8763","AllocatedResourceId-3943","AllocatedResourceName-1859","{}",1275.12768162,"01ABCD-2345EF-6789GH","Helios Labs","BillingAccount","USD","2024-10-01T00:00:00Z","2024-09-01T00:00:00Z",NULL,NULL,"Credit",NULL,"Cloud Storage Bucket in Belgium","2024-09-30T22:00:00Z","2024-09-30T21:00:00Z",NULL,NULL,NULL,NULL,NULL,NULL,NULL,NULL,NULL,NULL,1371.105034,3.2006,1275.12768162,"Google","Google",1558.05443,3.6370,"Standard","USD",428.39,"GiB","Google","Google","europe-west1","Belgium",NULL,NULL,NULL,"Storage","Cloud Storage","Google","B9ZV14WZZE7SSM9Z","Cloud Storage GiB",NULL,"GIUDT3KI24SJNNMA.XGJY1KDG","proj-helios-prod","helios-prod","BillingAccount",NULL,NULL,NULL,"One-Time","INV-202409-56607","Object Storage",3.2006,1275.12768162,3.6370
"AllocatedMethodId-2922","AllocatedResourceId-3960","AllocatedResourceName-3948","{}",44.0153928,"123456789012","SunBird","BillingAccount","USD","2024-10-01T00:00:00Z","2024-09-01T00:00:00Z",NULL,NULL,"Usage",NULL,"Elastic Load Balancing Load Balancer in Europe (Ireland)","2024-09-19T13:00:00Z","2024-09-19T12:00:00Z",NULL,NULL,NULL,NULL,NULL,NULL,NULL,122.5100000000,"LCU-Hours",NULL,61.132490000000004,0.4990,44.0153928,"AWS","AWS",72.783191,0.5941,"Dynamic","USD",122.51,"LCU-Hours","AWS","AWS","eu-west-1","Europe (Ireland)","arn:aws:ec2:eu-west-1:123456789012:instance/i-00c90f14ffc9",NULL,"Load Balancer","Networking","Elastic Load Balancing","AWS","F3YR2XAHHFH56OB4","Elastic Load Balancing LCU-Hours",NULL,"RGLY41TIGUE8LZBZ.9875E78H","663626350770","Zenith Apollo","BillingAccount",NULL,NULL,NULL,"Usage-Based","INV-202409-37192","Application Networking",0.4990,44.0153928,0.5941
"AllocatedMethodId-3514","AllocatedResourceId-6183","AllocatedResourceName-8104","{}",116.0948664,"123456789012","SunBird","BillingAccount","USD","2024-10-01T00:00:00Z","2024-09-01T00:00:00Z",NULL,NULL,"Usage",NULL,"Elastic Load Balancing Load Balancer in Asia Pacific (Sydney)","2024-09-06T06:00:00Z","2024-09-06T05:00:00Z","Usage","cd-230775","commit-0775",NULL,"Used","Savings Plan",NULL,326.3200000000,"LCU-Hours",NULL,128.994296,0.3953,116.0948664,"AWS","AWS",143.319744,0.4392,"Standard","USD",326.32,"LCU-Hours","AWS","AWS","ap-southeast-2","Asia Pacific (Sydney)","arn:aws:ec2:ap-southeast-2:123456789012:instance/i-0067fa6913e5",NULL,"Load Balancer","Networking","Elastic Load Balancing","AWS","7W86NGCPCMJTNI9N","Elastic Load Balancing LCU-Hours",NULL,"WRI1E9QQYKZ3FQ1J.8NERMX6K","438839167390","Zenith Eclipse","BillingAccount","{""application"": ""BrightLensMatrix"", ""environment"": ""staging"", ""business_unit"": ""LisbonOps""}",NULL,"ap-southeast-2a","Usage-Based","INV-202409-65009","Application Networking",0.3953,116.0948664,0.4392
"AllocatedMethodId-9228","AllocatedResourceId-5699","AllocatedResourceName-5519","{}",387.31872256,"ocid1.tenancy.oc1..aaaa1234","Meridian OCI","Tenancy","USD","2024-10-01T00:00:00Z","2024-09-01T00:00:00Z",NULL,NULL,"Usage",NULL,"Oracle Compute Instance in Australia East (Sydney)","2024-09-04T08:00:00Z","2024-09-04T07:00:00Z",NULL,NULL,NULL,NULL,NULL,NULL,NULL,341.9900000000,"Hours",NULL,605.185504,1.7696,387.31872256,"Oracle","Oracle",695.6076599999999,2.0340,"Standard","USD",341.99,"Hours","Oracle","Oracle","ap-sydney-1","Australia East (Sydney)","ocid1.instance.oc1.ap-sydney-1.0077815aae7d",NULL,"Instance","Compute","Oracle Compute","Oracle","GHL7T5G7WS9RGDKU","Oracle Compute Hours",NULL,"YLW89Z4IQA6JIJYR.DXP03L2W","ocid1.compartment.oc1..prod","production","Tenancy","{""environment"": ""staging""}",NULL,"uk-london-1-AD-2","Usage-Based","INV-202409-71428","Virtual Machines",1.7696,387.31872256,2.0340
"AllocatedMethodId-2931","AllocatedResourceId-5752","AllocatedResourceName-5901","{}",305.133912,"ocid1.tenancy.oc1..aaaa1234","Meridian OCI","Tenancy","USD","2024-10-01T00:00:00Z","2024-09-01T00:00:00Z",NULL,NULL,"Purchase",NULL,"Oracle Load Balancer Load Balancer in Australia East (Sydney)","2024-09-14T01:00:00Z","2024-09-14T00:00:00Z",NULL,NULL,NULL,NULL,NULL,NULL,NULL,NULL,NULL,NULL,305.133912,1.5012,0,"Oracle","Oracle",317.857988,1.5638,"Standard","USD",203.26,"Hours","Oracle","Oracle","ap-sydney-1","Australia East (Sydney)","ocid1.instance.oc1.ap-sydney-1.006106c6fd00",NULL,"Load Balancer","Networking","Oracle Load Balancer","Oracle","95A16I4568HZAMA1","Oracle Load Balancer Hours",NULL,"8WP7C2K7OLEXI6WD.15YKXHVP","ocid1.compartment.oc1..prod","production","Tenancy","{""cost_center"": ""CC-1001""}",NULL,NULL,"One-Time","INV-202409-80663","Application Networking",1.5012,0,1.5638
"AllocatedMethodId-8185","AllocatedResourceId-8198","AllocatedResourceName-3651","{}",89.79444728,"ocid1.tenancy.oc1..aaaa1234","Meridian OCI","Tenancy","USD","2024-10-01T00:00:00Z","2024-09-01T00:00:00Z",NULL,NULL,"Credit",NULL,"Oracle Autonomous Database Database in UK South (London)","2024-09-01T03:00:00Z","2024-09-01T02:00:00Z",NULL,NULL,NULL,NULL,NULL,NULL,NULL,NULL,NULL,NULL,104.412148,0.9602,89.79444728,"Oracle","Oracle",165.74150799999998,1.5242,"Dynamic","USD",108.74,"Hours","Oracle","Oracle","uk-london-1","UK South (London)",NULL,NULL,NULL,"Databases","Oracle Autonomous Database","Oracle","35DWA3VTWGAWLZWA","Oracle Autonomous Database Hours",NULL,"G15MF76J0H5AJQO4.ZXTX1L8R","ocid1.compartment.oc1..prod","production","Tenancy",NULL,NULL,NULL,"One-Time","INV-202409-24246","Relational Databases",0.9602,89.79444728,1.5242
"AllocatedMethodId-4260","AllocatedResourceId-8852","AllocatedResourceName-5354","{}",57.70726942,"8a93b2c1-1234-4abc-9def-0123456789ab","Contoso Cloud","BillingProfile","USD","2024-10-01T00:00:00Z","2024-09-01T00:00:00Z",NULL,NULL,"Tax",NULL,"Tax charge in UK South","2024-09-16T08:00:00Z","2024-09-16T07:00:00Z",NULL,NULL,NULL,NULL,NULL,NULL,NULL,NULL,NULL,NULL,57.70726942,NULL,57.70726942,"Microsoft","Microsoft",57.70726942,NULL,NULL,"USD",NULL,NULL,"Microsoft","Microsoft",NULL,NULL,NULL,NULL,NULL,"Other","Tax","Microsoft",NULL,NULL,NULL,NULL,"sub-9a1f","Production","BillingProfile",NULL,NULL,NULL,"One-Time","INV-202409-97320","Other (Security)",NULL,57.70726942,NULL
"AllocatedMethodId-1289","AllocatedResourceId-4270","AllocatedResourceName-2489","{}",1230.8275700000002,"123456789012","SunBird","BillingAccount","USD","2024-10-01T00:00:00Z","2024-09-01T00:00:00Z",NULL,NULL,"Purchase",NULL,"Amazon Simple Queue Service Queue in Asia Pacific (Sydney)","2024-09-22T04:00:00Z","2024-09-22T03:00:00Z",NULL,NULL,NULL,NULL,NULL,NULL,NULL,NULL,NULL,NULL,1230.8275700000002,3.2774,0,"AWS","AWS",1465.283435,3.9017,"Standard","USD",375.55,"Requests","AWS","AWS","ap-southeast-2","Asia Pacific (Sydney)","arn:aws:ec2:ap-southeast-2:123456789012:instance/i-003e68c08a89",NULL,"Queue","Integration","Amazon Simple Queue Service","AWS","W6APDV1A14SS5F1P","Amazon Simple Queue Service Requests",NULL,"J6LPRHQP1M4G6LMJ.OHIZCRMJ","663626350770","Zenith Apollo","BillingAccount","{""application"": ""BrightLensMatrix""}",NULL,NULL,"One-Time","INV-202409-65876","Messaging",3.2774,0,3.9017
"AllocatedMethodId-5411","AllocatedResourceId-6956","AllocatedResourceName-5596","{}",178.2835054,"123456789012","SunBird","BillingAccount","USD","2024-10-01T00:00:00Z","2024-09-01T00:00:00Z",NULL,NULL,"Tax",NULL,"Tax charge in Asia Pacific (Sydney)","2024-09-14T02:00:00Z","2024-09-14T01:00:00Z",NULL,NULL,NULL,NULL,NULL,NULL,NULL,NULL,NULL,NULL,178.2835054,NULL,178.2835054,"AWS","AWS",178.2835054,NULL,NULL,"USD",NULL,NULL,"AWS","AWS",NULL,NULL,NULL,NULL,NULL,"Other","Tax","AWS",NULL,NULL,NULL,NULL,"663626350770","Zenith Apollo","BillingAccount",NULL,NULL,NULL,"One-Time","INV-202409-24425","Other (Security)",NULL,178.2835054,NULL
"AllocatedMethodId-8347","AllocatedResourceId-2923","AllocatedResourceName-8145","{}",70.55743827,"01ABCD-2345EF-6789GH","Helios Labs","BillingAccount","USD","2024-10-01T00:00:00Z","2024-09-01T00:00:00Z",NULL,NULL,"Usage",NULL,"Cloud Load Balancing Forwarding Rule in Northern Virginia","2024-09-14T16:00:00Z","2024-09-14T15:00:00Z",NULL,NULL,NULL,NULL,NULL,NULL,NULL,26.0700000000,"Hours",NULL,89.313213,3.4259,70.55743827,"Google","Google",97.07946600000001,3.7238,"Standard","USD",26.07,"Hours","Google","Google","us-east4","Northern Virginia","//compute.googleapis.com/projects/helios-labs/zones/us-east4-a/instances/inst-7747",NULL,"Forwarding Rule","Networking","Cloud Load Balancing","Google","THGA9IVXX7XPRNYF","Cloud Load Balancing Hours",NULL,"GIHCMM2GE8VT4M8J.CIM09Q9W","proj-helios-prod","helios-prod","BillingAccount",NULL,NULL,"europe-west1-b","Usage-Based","INV-202409-57973","Application Networking",3.4259,70.55743827,3.7238
"AllocatedMethodId-3189","AllocatedResourceId-7690","AllocatedResourceName-5831","{}",182.70680772,"123456789012","SunBird","BillingAccount","USD","2024-10-01T00:00:00Z","2024-09-01T00:00:00Z",NULL,NULL,"Usage",NULL,"Amazon Simple Queue Service Queue in Asia Pacific (Sydney)","2024-09-22T12:00:00Z","2024-09-22T11:00:00Z",NULL,NULL,NULL,NULL,NULL,NULL,NULL,348.3600000000,"Requests",NULL,220.12868400000002,0.6319,182.70680772,"AWS","AWS",224.62252800000002,0.6448,"Standard","USD",348.36,"Requests","AWS","AWS","ap-southeast-2","Asia Pacific (Sydney)","arn:aws:ec2:ap-southeast-2:123456789012:instance/i-007dac5e2096",NULL,"Queue","Integration","Amazon Simple Queue Service","AWS","RNLAKNA6367QTOSR","Amazon Simple Queue Service Requests",NULL,"9HKOC8PSCJRIRDPN.8HAWXUF9","663626350770","Zenith Apollo","BillingAccount","{""team"": ""payments"", ""owner"": ""a.turing"", ""application"": ""NimbusAPI""}",NULL,NULL,"Usage-Based","INV-202409-44608","Messaging",0.6319,182.70680772,0.6448
"AllocatedMethodId-1339","AllocatedResourceId-2802","AllocatedResourceName-1222","{}",7.04064,"01ABCD-2345EF-6789GH","Helios Labs","BillingAccount","USD","2024-10-01T00:00:00Z","2024-09-01T00:00:00Z",NULL,NULL,"Credit",NULL,"Compute Engine VM Instance in Iowa","2024-09-10T09:00:00Z","2024-09-10T08:00:00Z",NULL,NULL,NULL,NULL,NULL,NULL,NULL,NULL,NULL,NULL,7.4112,0.0579,7.04064,"Google","Google",10.0224,0.0783,"Standard","USD",128.00,"Hours","Google","Google","us-central1","Iowa",NULL,NULL,NULL,"Compute","Compute Engine","Google","URNZJ2O1XJ4F5L3L","Compute Engine Hours",NULL,"LM5LSBTKLZMEJE1P.3ZG7IAGY","proj-helios-dev","helios-dev","BillingAccount","{""owner"": ""g.hopper"", ""team"": ""infra"", ""business_unit"": ""MarseilleSRE""}",NULL,NULL,"One-Time","INV-202409-60330","Virtual Machines",0.0579,7.04064,0.0783
"AllocatedMethodId-9691","AllocatedResourceId-6486","AllocatedResourceName-3971","{}",12.96059648,"123456789012","SunBird","BillingAccount","USD","2024-10-01T00:00:00Z","2024-09-01T00:00:00Z",NULL,NULL,"Usage",NULL,"Amazon Simple Storage Service Bucket in US West (Oregon)","2024-09-12T11:00:00Z","2024-09-12T10:00:00Z","Usage","cd-871889","commit-1889",NULL,"Used","Committed Use Discount",NULL,6.7600000000,"GB",NULL,20.250932,2.9957,12.96059648,"AWS","AWS",32.662968,4.8318,"Committed","USD",6.76,"GB","AWS","AWS","us-west-2","US West (Oregon)","arn:aws:ec2:us-west-2:123456789012:instance/i-002586e129f1",NULL,"Bucket","Storage","Amazon Simple Storage Service","AWS","8R8HBCG8SG60JAOB","Amazon Simple Storage Service GB",NULL,"O1YJWSOYH5KHOGSW.EVHXFCJL","517389287820","Atlas Nimbus","BillingAccount","{""cost_center"": ""CC-1001"", ""team"": ""growth""}",NULL,"us-west-2b","Usage-Based","INV-202409-66181","Object Storage",2.9957,12.96059648,4.8318
"AllocatedMethodId-6937","AllocatedResourceId-8764","AllocatedResourceName-3188","{}",204.21271695,"ocid1.tenancy.oc1..aaaa1234","Meridian OCI","Tenancy","USD","2024-10-01T00:00:00Z","2024-09-01T00:00:00Z",NULL,NULL,"Usage",NULL,"Oracle Object Storage Bucket in Australia East (Sydney)","2024-09-27T16:00:00Z","2024-09-27T15:00:00Z",NULL,NULL,NULL,NULL,NULL,NULL,NULL,135.5500000000,"GB",NULL,287.62354500000004,2.1219,204.21271695,"Oracle","Oracle",338.37346500000007,2.4963,"Standard","USD",135.55,"GB","Oracle","Oracle","ap-sydney-1","Australia East (Sydney)","ocid1.instance.oc1.ap-sydney-1.00cfbad1890d",NULL,"Bucket","Storage","Oracle Object Storage","Oracle","4EH1RJFUILYWU514","Oracle Object Storage GB",NULL,"0VIPY09588588OYF.07OFPXAN","ocid1.compartment.oc1..dev","development","Tenancy","{""environment"": ""dev""}",NULL,"uk-london-1-AD-2","Usage-Based","INV-202409-12248","Object Storage",2.1219,204.21271695,2.4963
"AllocatedMethodId-3569","AllocatedResourceId-5453","AllocatedResourceName-2506","{}",1856.52556929,"123456789012","SunBird","BillingAccount","USD","2024-10-01T00:00:00Z","2024-09-01T00:00:00Z",NULL,NULL,"Usage",NULL,"Amazon Elastic Compute Cloud Virtual Machine in Europe (Ireland)","2024-09-06T23:00:00Z","2024-09-06T22:00:00Z","Spend","cd-158579","commit-8579",NULL,"Used","Reserved Instance",NULL,485.9100000000,"Hours",NULL,1996.264053,4.1083,1856.52556929,"AWS","AWS",2218.081968,4.5648,"Committed","USD",485.91,"Hours","AWS","AWS","eu-west-1","Europe (Ireland)","arn:aws:ec2:eu-west-1:123456789012:instance/i-00abf220b6f7",NULL,"Virtual Machine","Compute","Amazon Elastic Compute Cloud","AWS","E4KBJXJFPEA0JL4I","Amazon Elastic Compute Cloud Hours",NULL,"7T40V2ASHJDCL6KA.Z139Q6TO","438839167390","Zenith Eclipse","BillingAccount","{""owner"": ""a.turing""}",NULL,"us-east-1a","Usage-Based","INV-202409-65531","Virtual Machines",4.1083,1856.52556929,4.5648
"AllocatedMethodId-2595","AllocatedResourceId-6428","AllocatedResourceName-7672","{}",251.22203496,"ocid1.tenancy.oc1..aaaa1234","Meridian OCI","Tenancy","USD","2024-10-01T00:00:00Z","2024-09-01T00:00:00Z",NULL,NULL,"Usage",NULL,"Oracle Object Storage Bucket in Australia East (Sydney)","2024-09-18T03:00:00Z","2024-09-18T02:00:00Z",NULL,NULL,NULL,NULL,NULL,NULL,NULL,91.8600000000,"GB",NULL,267.25748400000003,2.9094,251.22203496,"Oracle","Oracle",342.63779999999997,3.7300,"Dynamic","USD",91.86,"GB","Oracle","Oracle","ap-sydney-1","Australia East (Sydney)","ocid1.instance.oc1.ap-sydney-1.0083ee0193b5",NULL,"Bucket","Storage","Oracle Object Storage","Oracle","MRGGEXVBPSK8GENA","Oracle Object Storage GB",NULL,"TM9MCPRFC4CDUFTA.WSZ6MUZW","ocid1.compartment.oc1..prod","production","Tenancy","{""owner"": ""a.turing"", ""team"": ""payments""}",NULL,"uk-london-1-AD-2","Usage-Based","INV-202409-26976","Object Storage",2.9094,251.22203496,3.7300
"AllocatedMethodId-3301","AllocatedResourceId-3031","AllocatedResourceName-8999","{}",84.5917677,"123456789012","SunBird","BillingAccount","USD","2024-10-01T00:00:00Z","2024-09-01T00:00:00Z",NULL,NULL,"Usage",NULL,"Elastic Load Balancing Load Balancer in US West (Oregon)","2024-09-26T02:00:00Z","2024-09-26T01:00:00Z","Spend","cd-853362","commit-3362",NULL,"Used","Reserved Instance",NULL,145.0700000000,"LCU-Hours",NULL,89.043966,0.6138,84.5917677,"AWS","AWS",109.934046,0.7578,"Standard","USD",145.07,"LCU-Hours","AWS","AWS","us-west-2","US West (Oregon)","arn:aws:ec2:us-west-2:123456789012:instance/i-00bde44d3868",NULL,"Load Balancer","Networking","Elastic Load Balancing","AWS","7V2IVSX1CYPNEJ5G","Elastic Load Balancing LCU-Hours",NULL,"AJT9F5G3UKSKERXW.FEL3Q4Q2","517389287820","Atlas Nimbus","BillingAccount","{""cost_center"": ""CC-3090""}",NULL,NULL,"Usage-Based","INV-202409-95235","Application Networking",0.6138,84.5917677,0.7578
"AllocatedMethodId-1886","AllocatedResourceId-4465","AllocatedResourceName-1375","{}",309.23030388,"123456789012","SunBird","BillingAccount","USD","2024-10-01T00:00:00Z","2024-09-01T00:00:00Z",NULL,NULL,"Usage",NULL,"Amazon Relational Database Service Database Instance in Europe (Ireland)","2024-09-18T11:00:00Z","2024-09-18T10:00:00Z","Usage","cd-533265","commit-3265",NULL,"Used","Savings Plan",NULL,220.4200000000,"Hours",NULL,423.60315599999996,1.9218,309.23030388,"AWS","AWS",564.8042079999999,2.5624,"Standard","USD",220.42,"Hours","AWS","AWS","eu-west-1","Europe (Ireland)","arn:aws:ec2:eu-west-1:123456789012:instance/i-002a230b74df",NULL,"Database Instance","Databases","Amazon Relational Database Service","AWS","OY3FW3383GFLGZ1M","Amazon Relational Database Service Hours",NULL,"ZVEUV5N4HR3C8J4J.NUCYDX14","438839167390","Zenith Eclipse","BillingAccount","{""application"": ""BrightSourceCore"", ""environment"": ""prod"", ""owner"": ""k.johnson""}",NULL,"ap-southeast-2a","Usage-Based","INV-202409-37973","Relational Databases",1.9218,309.23030388,2.5624
"AllocatedMethodId-7185","AllocatedResourceId-4541","AllocatedResourceName-6703","{}",112.7133315,"ocid1.tenancy.oc1..aaaa1234","Meridian OCI","Tenancy","USD","2024-10-01T00:00:00Z","2024-09-01T00:00:00Z",NULL,NULL,"Usage",NULL,"Oracle Autonomous Database Database in UK South (London)","2024-09-04T14:00:00Z","2024-09-04T13:00:00Z",NULL,NULL,NULL,NULL,NULL,NULL,NULL,40.8600000000,"Hours",NULL,146.38095,3.5825,112.7133315,"Oracle","Oracle",178.513254,4.3689,"Dynamic","USD",40.86,"Hours","Oracle","Oracle","uk-london-1","UK South (London)","ocid1.instance.oc1.uk-london-1.006eb62b547f",NULL,"Database","Databases","Oracle Autonomous Database","Oracle","TKMW0448K1WYA9ME","Oracle Autonomous Database Hours",NULL,"JUUAJ3J5UH0Q7A2I.2GCNM08K","ocid1.compartment.oc1..prod","production","Tenancy","{""application"": ""BrightLensMatrix""}",NULL,NULL,"Usage-Based","INV-202409-88766","Relational Databases",3.5825,112.7133315,4.3689
"AllocatedMethodId-9315","AllocatedResourceId-5646","AllocatedResourceName-5384","{}",674.4593817,"8a93b2c1-1234-4abc-9def-0123456789ab","Contoso Cloud","BillingProfile","USD","2024-10-01T00:00:00Z","2024-09-01T00:00:00Z",NULL,NULL,"Usage",NULL,"Azure Blob Storage Storage Account in East US","2024-09-16T13:00:00Z","2024-09-16T12:00:00Z",NULL,NULL,NULL,NULL,NULL,NULL,NULL,251.0500000000,"GB",NULL,784.255095,3.1239,674.4593817,"Microsoft","Microsoft",1089.25574,4.3388,"Standard","USD",251.05,"GB","Microsoft","Microsoft","eastus","East US","/subscriptions/8a93b2c1-1234-4abc-9def-0123456789ab/resourceGroups/rg-458/providers/Microsoft.Compute/virtualMachines/vm-5366",NULL,"Storage Account","Storage","Azure Blob Storage","Microsoft","XL9K81YS1SGFGFB0","Azure Blob Storage GB",NULL,"G58G26CS0NO39YHM.4HW30ZAX","sub-2b7c","Staging","BillingProfile","{""cost_center"": ""CC-3090"", ""team"": ""growth""}",NULL,"eastus-1","Usage-Based","INV-202409-39351","Object Storage",3.1239,674.4593817,4.3388
"AllocatedMethodId-5267","AllocatedResourceId-1847","AllocatedResourceName-5505","{}",89.4704733,"01ABCD-2345EF-6789GH","Helios Labs","BillingAccount","USD","2024-10-01T00:00:00Z","2024-09-01T00:00:00Z",NULL,NULL,"Usage",NULL,"Cloud SQL Database Instance in Northern Virginia","2024-09-01T05:00:00Z","2024-09-01T04:00:00Z",NULL,NULL,NULL,NULL,NULL,NULL,NULL,76.7000000000,"Hours",NULL,96.20481,1.2543,89.4704733,"Google","Google",143.59007000000003,1.8721,"Standard","USD",76.70,"Hours","Google","Google","us-east4","Northern Virginia","//compute.googleapis.com/projects/helios-labs/zones/us-east4-a/instances/inst-6682",NULL,"Database Instance","Databases","Cloud SQL","Google","IYLZU7K1OGI6HZQ9","Cloud SQL Hours",NULL,"KUNFFB1AJB8FYBI3.WLPOTM8P","proj-helios-prod","helios-prod","BillingAccount","{""team"": ""payments"", ""environment"": ""qa"", ""owner"": ""a.lovelace""}",NULL,NULL,"Usage-Based","INV-202409-59559","Relational Databases",1.2543,89.4704733,1.8721
"AllocatedMethodId-2506","AllocatedResourceId-6710","AllocatedResourceName-5822","{}",26.2411128,"123456789012","SunBird","BillingAccount","USD","2024-10-01T00:00:00Z","2024-09-01T00:00:00Z",NULL,NULL,"Usage",NULL,"Amazon Simple Storage Service Bucket in US East (N. Virginia)","2024-09-25T18:00:00Z","2024-09-25T17:00:00Z","Usage","cd-181140","commit-1140",NULL,"Used","Savings Plan",NULL,61.3500000000,"GB",NULL,39.165839999999996,0.6384,26.2411128,"AWS","AWS",43.515555000000006,0.7093,"Committed","USD",61.35,"GB","AWS","AWS","us-east-1","US East (N. Virginia)","arn:aws:ec2:us-east-1:123456789012:instance/i-004c5c002270",NULL,"Bucket","Storage","Amazon Simple Storage Service","AWS","0YU2KLTALCHVW48A","Amazon Simple Storage Service GB",NULL,"K7QHMB8B76JNXHNB.UIOFIRR4","663626350770","Zenith Apollo","BillingAccount","{""application"": ""BrightLensMatrix"", ""team"": ""infra""}",NULL,NULL,"Usage-Based","INV-202409-36114","Object Storage",0.6384,26.2411128,0.7093
"AllocatedMethodId-6268","AllocatedResourceId-4811","AllocatedResourceName-2085","{}",602.08267392,"ocid1.tenancy.oc1..aaaa1234","Meridian OCI","Tenancy","USD","2024-10-01T00:00:00Z","2024-09-01T00:00:00Z",NULL,NULL,"Usage",NULL,"Oracle Functions Function in UK South (London)","2024-09-09T06:00:00Z","2024-09-09T05:00:00Z",NULL,NULL,NULL,NULL,NULL,NULL,NULL,423.0200000000,"Invocations",NULL,940.7541779999999,2.2239,602.08267392,"Oracle","Oracle",1517.37274,3.5870,"Other","USD",423.02,"Invocations","Oracle","Oracle","uk-london-1","UK South (London)","ocid1.instance.oc1.uk-london-1.00afb4f0f49d",NULL,"Function","Compute","Oracle Functions","Oracle","RUGY1MWXE2KC6Q0S","Oracle Functions Invocations",NULL,"7WZBHLU1LWPENXXJ.UHAUAVN3","ocid1.compartment.oc1..dev","development","Tenancy","{""environment"": ""qa""}",NULL,"uk-london-1-AD-2","Usage-Based","INV-202409-84379","Serverless Compute",2.2239,602.08267392,3.5870
"AllocatedMethodId-2989","AllocatedResourceId-7126","AllocatedResourceName-2683","{}",1002.48328332,"ocid1.tenancy.oc1..aaaa1234","Meridian OCI","Tenancy","USD","2024-10-01T00:00:00Z","2024-09-01T00:00:00Z",NULL,NULL,"Usage",NULL,"Oracle Autonomous Database Database in Australia East (Sydney)","2024-09-23T12:00:00Z","2024-09-23T11:00:00Z",NULL,NULL,NULL,NULL,NULL,NULL,NULL,358.1400000000,"Hours",NULL,1152.279636,3.2174,1002.48328332,"Oracle","Oracle",1694.5035959999998,4.7314,"Standard","USD",358.14,"Hours","Oracle","Oracle","ap-sydney-1","Australia East (Sydney)","ocid1.instance.oc1.ap-sydney-1.0022c81e7f08",NULL,"Database","Databases","Oracle Autonomous Database","Oracle","R0HH2KUYPBSBA3SI","Oracle Autonomous Database Hours",NULL,"ZC87CVBE4G0TRUWZ.F9U5DZT3","ocid1.compartment.oc1..prod","production","Tenancy","{""team"": ""payments"", ""business_unit"": ""MarseilleSRE"", ""cost_center"": ""CC-1001""}",NULL,NULL,"Usage-Based","INV-202409-74662","Relational Databases",3.2174,1002.48328332,4.7314
"AllocatedMethodId-2712","AllocatedResourceId-6577","AllocatedResourceName-4418","{}",350.17427805,"123456789012","SunBird","BillingAccount","USD","2024-10-01T00:00:00Z","2024-09-01T00:00:00Z",NULL,NULL,"Usage",NULL,"Amazon Simple Storage Service Bucket in US East (N. Virginia)","2024-09-06T23:00:00Z","2024-09-06T22:00:00Z",NULL,NULL,NULL,NULL,NULL,NULL,NULL,362.1300000000,"GB",NULL,393.454245,1.0865,350.17427805,"AWS","AWS",409.85873399999997,1.1318,"Other","USD",362.13,"GB","AWS","AWS","us-east-1","US East (N. Virginia)","arn:aws:ec2:us-east-1:123456789012:instance/i-005a5bacdec3",NULL,"Bucket","Storage","Amazon Simple Storage Service","AWS","VYRKI3HIUJ02H77P","Amazon Simple Storage Service GB",NULL,"45RU4OFQSFW9PNEE.5DNAN3YM","517389287820","Atlas Nimbus","BillingAccount","{""application"": ""BrightLensMatrix"", ""owner"": ""a.lovelace"", ""business_unit"": ""ViennaAI""}",NULL,NULL,"Usage-Based","INV-202409-73916","Object Storage",1.0865,350.17427805,1.1318
"AllocatedMethodId-5520","AllocatedResourceId-9676","AllocatedResourceName-9087","{}",615.91468775,"01ABCD-2345EF-6789GH","Helios Labs","BillingAccount","USD","2024-10-01T00:00:00Z","2024-09-01T00:00:00Z",NULL,NULL,"Usage",NULL,"Cloud SQL Database Instance in Northern Virginia","2024-09-22T13:00:00Z","2024-09-22T12:00:00Z",NULL,NULL,NULL,NULL,NULL,NULL,NULL,458.3500000000,"Hours",NULL,724.605515,1.5809,615.91468775,"Google","Google",883.652965,1.9279,"Standard","USD",458.35,"Hours","Google","Google","us-east4","Northern Virginia","//compute.googleapis.com/projects/helios-labs/zones/us-east4-a/instances/inst-3569",NULL,"Database Instance","Databases","Cloud SQL","Google","GJ3GHPB3LRB472WQ","Cloud SQL Hours",NULL,"H9FW1NJZ616VD2RX.GDY1MSMZ","proj-helios-prod","helios-prod","BillingAccount","{""business_unit"": ""LisbonOps""}",NULL,"europe-west1-b","Usage-Based","INV-202409-33153","Relational Databases",1.5809,615.91468775,1.9279
"AllocatedMethodId-1284","AllocatedResourceId-5762","AllocatedResourceName-4740","{}",138.94272,"ocid1.tenancy.oc1..aaaa1234","Meridian OCI","Tenancy","USD","2024-10-01T00:00:00Z","2024-09-01T00:00:00Z",NULL,NULL,"Usage",NULL,"Oracle Compute Instance in Australia East (Sydney)","2024-09-28T14:00:00Z","2024-09-28T13:00:00Z",NULL,NULL,NULL,NULL,NULL,NULL,NULL,57.6000000000,"Hours",NULL,198.48960000000002,3.4460,138.94272,"Oracle","Oracle",257.77728,4.4753,"Standard","USD",57.60,"Hours","Oracle","Oracle","ap-sydney-1","Australia East (Sydney)","ocid1.instance.oc1.ap-sydney-1.00c9299fa1a8",NULL,"Instance","Compute","Oracle Compute","Oracle","R5NKNWSSAGL64TPK","Oracle Compute Hours",NULL,"UEKLV3JA41VBLQEK.AW4A5P4H","ocid1.compartment.oc1..prod","production","Tenancy","{""owner"": ""a.turing"", ""team"": ""platform"", ""cost_center"": ""CC-1001""}",NULL,NULL,"Usage-Based","INV-202409-15921","Virtual Machines",3.4460,138.94272,4.4753
"AllocatedMethodId-3014","AllocatedResourceId-8101","AllocatedResourceName-8455","{}",1292.81989599,"8a93b2c1-1234-4abc-9def-0123456789ab","Contoso Cloud","BillingProfile","USD","2024-10-01T00:00:00Z","2024-09-01T00:00:00Z",NULL,NULL,"Credit",NULL,"Azure Blob Storage Storage Account in East US","2024-09-14T00:00:00Z","2024-09-13T23:00:00Z",NULL,NULL,NULL,NULL,NULL,NULL,NULL,NULL,NULL,NULL,1636.4808810000002,4.4541,1292.81989599,"Microsoft","Microsoft",1818.3120900000001,4.9490,"Dynamic","USD",367.41,"GB","Microsoft","Microsoft","eastus","East US",NULL,NULL,NULL,"Storage","Azure Blob Storage","Microsoft","WTV74HR7BJ0OJW5B","Azure Blob Storage GB",NULL,"P1XNFMYGR827LQWV.Z0RTMC7V","sub-9a1f","Production","BillingProfile",NULL,NULL,NULL,"One-Time","INV-202409-90264","Object Storage",4.4541,1292.81989599,4.9490
"AllocatedMethodId-3223","AllocatedResourceId-7820","AllocatedResourceName-4268","{}",272.31,"01ABCD-2345EF-6789GH","Helios Labs","BillingAccount","USD","2024-10-01T00:00:00Z","2024-09-01T00:00:00Z",NULL,NULL,"Purchase",NULL,"Cloud SQL Database Instance in Iowa","2024-09-22T07:00:00Z","2024-09-22T06:00:00Z",NULL,NULL,NULL,NULL,NULL,NULL,NULL,NULL,NULL,NULL,272.31,3.6250,0,"Google","Google",363.085008,4.8334,"Other","USD",75.12,"Hours","Google","Google","us-central1","Iowa","//compute.googleapis.com/projects/helios-labs/zones/us-central1-a/instances/inst-6993",NULL,"Database Instance","Databases","Cloud SQL","Google","HD5TA1WADQIWS69J","Cloud SQL Hours",NULL,"FRJM1FSOC4WPY1ZG.QTTL1UIM","proj-helios-prod","helios-prod","BillingAccount","{""application"": ""BrightLensMatrix"", ""team"": ""payments""}",NULL,NULL,"Recurring","INV-202409-42770","Relational Databases",3.6250,0,4.8334
"AllocatedMethodId-3234","AllocatedResourceId-4662","AllocatedResourceName-3535","{}",683.3624490000001,"01ABCD-2345EF-6789GH","Helios Labs","BillingAccount","USD","2024-10-01T00:00:00Z","2024-09-01T00:00:00Z",NULL,NULL,"Purchase",NULL,"Cloud SQL Database Instance in Iowa","2024-09-25T05:00:00Z","2024-09-25T04:00:00Z",NULL,NULL,NULL,NULL,NULL,NULL,NULL,NULL,NULL,NULL,683.3624490000001,3.6351,0,"Google","Google",823.321004,4.3796,"Standard","USD",187.99,"Hours","Google","Google","us-central1","Iowa","//compute.googleapis.com/projects/helios-labs/zones/us-central1-a/instances/inst-4809",NULL,"Database Instance","Databases","Cloud SQL","Google","3B9B0FITP6XI8SDZ","Cloud SQL Hours",NULL,"IZA373DFDRGVGS4V.DH6DN7J9","proj-helios-dev","helios-dev","BillingAccount","{""owner"": ""k.johnson"", ""business_unit"": ""LisbonOps"", ""team"": ""infra""}",NULL,NULL,"Recurring","INV-202409-74920","Relational Databases",3.6351,0,4.3796
"AllocatedMethodId-7380","AllocatedResourceId-1180","AllocatedResourceName-5960","{}",13.52918052,"01ABCD-2345EF-6789GH","Helios Labs","BillingAccount","USD","2024-10-01T00:00:00Z","2024-09-01T00:00:00Z",NULL,NULL,"Usage",NULL,"Cloud Load Balancing Forwarding Rule in Singapore","2024-09-21T17:00:00Z","2024-09-21T16:00:00Z",NULL,NULL,NULL,NULL,NULL,NULL,NULL,33.5800000000,"Hours",NULL,16.702692,0.4974,13.52918052,"Google","Google",25.695415999999998,0.7652,"Standard","USD",33.58,"Hours","Google","Google","asia-southeast1","Singapore","//compute.googleapis.com/projects/helios-labs/zones/asia-southeast1-a/instances/inst-9889",NULL,"Forwarding Rule","Networking","Cloud Load Balancing","Google","DHTZ4LP8Q2H1JBLJ","Cloud Load Balancing Hours",NULL,"PK68M44SSG5XRZYG.301JBS3H","proj-helios-prod","helios-prod","BillingAccount",NULL,NULL,"asia-southeast1-c","Usage-Based","INV-202409-83952","Application Networking",0.4974,13.52918052,0.7652
"AllocatedMethodId-1482","AllocatedResourceId-3851","AllocatedResourceName-6261","{}",7.883792,"123456789012","SunBird","BillingAccount","USD","2024-10-01T00:00:00Z","2024-09-01T00:00:00Z",NULL,NULL,"Usage",NULL,"AWS Lambda Function in Asia Pacific (Sydney)","2024-09-16T04:00:00Z","2024-09-16T03:00:00Z",NULL,NULL,NULL,NULL,NULL,NULL,NULL,229.1800000000,"Requests",NULL,9.85474,0.0430,7.883792,"AWS","AWS",10.473526,0.0457,"Other","USD",229.18,"Requests","AWS","AWS","ap-southeast-2","Asia Pacific (Sydney)","arn:aws:ec2:ap-southeast-2:123456789012:instance/i-006dd8a15bae",NULL,"Function","Compute","AWS Lambda","AWS","3IRTZE4Y4L67QIUW","AWS Lambda Requests",NULL,"ZECBKOGG54UOPGLY.0EDQHCE2","517389287820","Atlas Nimbus","BillingAccount","{""cost_center"": ""CC-1001"", ""team"": ""payments"", ""application"": ""AtlasPortal""}",NULL,NULL,"Usage-Based","INV-202409-59063","Serverless Compute",0.0430,7.883792,0.0457
"AllocatedMethodId-2225","AllocatedResourceId-9755","AllocatedResourceName-4955","{}",175.441762,"123456789012","SunBird","BillingAccount","USD","2024-10-01T00:00:00Z","2024-09-01T00:00:00Z",NULL,NULL,"Purchase",NULL,"AWS Lambda Function in Asia Pacific (Sydney)","2024-09-06T17:00:00Z","2024-09-06T16:00:00Z",NULL,NULL,NULL,NULL,NULL,NULL,NULL,NULL,NULL,NULL,175.441762,1.7926,0,"AWS","AWS",240.329572,2.4556,"Standard","USD",97.87,"Requests","AWS","AWS","ap-southeast-2","Asia Pacific (Sydney)","arn:aws:ec2:ap-southeast-2:123456789012:instance/i-00192d25a05f",NULL,"Function","Compute","AWS Lambda","AWS","X08EVL75MN46WW9I","AWS Lambda Requests",NULL,"E21YEFI7TGH5OD8V.BOSQYWEK","438839167390","Zenith Eclipse","BillingAccount","{""environment"": ""prod"", ""application"": ""BrightSourceCore"", ""cost_center"": ""CC-1001""}",NULL,NULL,"One-Time","INV-202409-47757","Serverless Compute",1.7926,0,2.4556
"AllocatedMethodId-2893","AllocatedResourceId-8175","AllocatedResourceName-2933","{}",29.7616144,"01ABCD-2345EF-6789GH","Helios Labs","BillingAccount","USD","2024-10-01T00:00:00Z","2024-09-01T00:00:00Z",NULL,NULL,"Usage",NULL,"BigQuery Dataset in Iowa","2024-09-25T21:00:00Z","2024-09-25T20:00:00Z",NULL,NULL,NULL,NULL,NULL,NULL,NULL,326.6200000000,"GiB",NULL,43.76708,0.1340,29.7616144,"Google","Google",52.74913,0.1615,"Standard","USD",326.62,"GiB","Google","Google","us-central1","Iowa","//compute.googleapis.com/projects/helios-labs/zones/us-central1-a/instances/inst-2526",NULL,"Dataset","Analytics","BigQuery","Google","DP5ECWE0F94IRCGC","BigQuery GiB",NULL,"56OW14TOBDBM8YB9.4DYYI119","proj-helios-prod","helios-prod","BillingAccount",NULL,NULL,"asia-southeast1-c","Usage-Based","INV-202409-28057","Data Warehouses",0.1340,29.7616144,0.1615
"AllocatedMethodId-9535","AllocatedResourceId-4777","AllocatedResourceName-5996","{}",224.617392,"01ABCD-2345EF-6789GH","Helios Labs","BillingAccount","USD","2024-10-01T00:00:00Z","2024-09-01T00:00:00Z",NULL,NULL,"Usage",NULL,"Cloud SQL Database Instance in Belgium","2024-09-19T16:00:00Z","2024-09-19T15:00:00Z",NULL,NULL,NULL,NULL,NULL,NULL,NULL,294.3100000000,"Hours",NULL,233.97645,0.7950,224.617392,"Google","Google",334.247867,1.1357,"Standard","USD",294.31,"Hours","Google","Google","europe-west1","Belgium","//compute.googleapis.com/projects/helios-labs/zones/europe-west1-a/instances/inst-4263",NULL,"Database Instance","Databases","Cloud SQL","Google","I2LSCUWPSIZ4HEEQ","Cloud SQL Hours",NULL,"8N5WO2TX9SP7RU86.GDW05RFN","proj-helios-dev","helios-dev","BillingAccount","{""owner"": ""g.hopper""}",NULL,NULL,"Usage-Based","INV-202409-27974","Relational Databases",0.7950,224.617392,1.1357
"AllocatedMethodId-5846","AllocatedResourceId-6530","AllocatedResourceName-7465","{}",318.1221126,"8a93b2c1-1234-4abc-9def-0123456789ab","Contoso Cloud","BillingProfile","USD","2024-10-01T00:00:00Z","2024-09-01T00:00:00Z",NULL,NULL,"Usage",NULL,"Virtual Machines Virtual Machine in Southeast Asia","2024-09-07T02:00:00Z","2024-09-07T01:00:00Z",NULL,NULL,NULL,NULL,NULL,NULL,NULL,220.1400000000,"Hours",NULL,521.51166,2.3690,318.1221126,"Microsoft","Microsoft",841.15494,3.8210,"Other","USD",220.14,"Hours","Microsoft","Microsoft","southeastasia","Southeast Asia","/subscriptions/8a93b2c1-1234-4abc-9def-0123456789ab/resourceGroups/rg-526/providers/Microsoft.Compute/virtualMachines/vm-4738",NULL,"Virtual Machine","Compute","Virtual Machines","Microsoft","CONYL18DTC8WBVQN","Virtual Machines Hours",NULL,"BV11DG9YS8317QKY.3PIARRFP","sub-4d3e","Sandbox","BillingProfile","{""team"": ""platform"", ""business_unit"": ""OsloData"", ""application"": ""NimbusAPI""}",NULL,"westeurope-2","Usage-Based","INV-202409-81146","Virtual Machines",2.3690,318.1221126,3.8210
"AllocatedMethodId-4845","AllocatedResourceId-6729","AllocatedResourceName-2788","{}",1170.01544,"123456789012","SunBird","BillingAccount","USD","2024-10-01T00:00:00Z","2024-09-01T00:00:00Z",NULL,NULL,"Purchase",NULL,"Elastic Load Balancing Load Balancer in Europe (Ireland)","2024-09-12T12:00:00Z","2024-09-12T11:00:00Z",NULL,NULL,NULL,NULL,NULL,NULL,NULL,NULL,NULL,NULL,1170.01544,2.8880,0,"AWS","AWS",1231.5952,3.0400,"Other","USD",405.13,"LCU-Hours","AWS","AWS","eu-west-1","Europe (Ireland)","arn:aws:ec2:eu-west-1:123456789012:instance/i-0019b914cd05",NULL,"Load Balancer","Networking","Elastic Load Balancing","AWS","3CW49N0DFR9UE2LQ","Elastic Load Balancing LCU-Hours",NULL,"RQ5IOLJDOHCL62UC.9ODQQBW8","438839167390","Zenith Eclipse","BillingAccount","{""team"": ""infra""}",NULL,NULL,"One-Time","INV-202409-15863","Application Networking",2.8880,0,3.0400
"AllocatedMethodId-4982","AllocatedResourceId-6930","AllocatedResourceName-4782","{}",543.75238008,"123456789012","SunBird","BillingAccount","USD","2024-10-01T00:00:00Z","2024-09-01T00:00:00Z",NULL,NULL,"Usage",NULL,"Elastic Load Balancing Load Balancer in Asia Pacific (Sydney)","2024-09-22T20:00:00Z","2024-09-22T19:00:00Z",NULL,NULL,NULL,NULL,NULL,NULL,NULL,285.1900000000,"LCU-Hours",NULL,863.099016,3.0264,543.75238008,"AWS","AWS",1182.312183,4.1457,"Standard","USD",285.19,"LCU-Hours","AWS","AWS","ap-southeast-2","Asia Pacific (Sydney)","arn:aws:ec2:ap-southeast-2:123456789012:instance/i-00be2e32673b",NULL,"Load Balancer","Networking","Elastic Load Balancing","AWS","X4SBKXCSJBGNU66W","Elastic Load Balancing LCU-Hours",NULL,"NYCJYFEO6908H7D4.772URMSP","517389287820","Atlas Nimbus","BillingAccount","{""business_unit"": ""OsloData""}",NULL,"ap-southeast-2a","Usage-Based","INV-202409-53081","Application Networking",3.0264,543.75238008,4.1457
"AllocatedMethodId-6518","AllocatedResourceId-6515","AllocatedResourceName-2765","{}",247.134272,"ocid1.tenancy.oc1..aaaa1234","Meridian OCI","Tenancy","USD","2024-10-01T00:00:00Z","2024-09-01T00:00:00Z",NULL,NULL,"Usage",NULL,"Oracle Autonomous Database Database in Australia East (Sydney)","2024-09-30T14:00:00Z","2024-09-30T13:00:00Z",NULL,NULL,NULL,NULL,NULL,NULL,NULL,180.9500000000,"Hours",NULL,254.77759999999998,1.4080,247.134272,"Oracle","Oracle",318.472,1.7600,"Dynamic","USD",180.95,"Hours","Oracle","Oracle","ap-sydney-1","Australia East (Sydney)","ocid1.instance.oc1.ap-sydney-1.00c3b0d085c4",NULL,"Database","Databases","Oracle Autonomous Database","Oracle","IQSVUHF006J5ML3A","Oracle Autonomous Database Hours",NULL,"KH0Q94GIC1BKEI67.Y1WIZ9PS","ocid1.compartment.oc1..prod","production","Tenancy","{""team"": ""payments"", ""environment"": ""dev""}",NULL,NULL,"Usage-Based","INV-202409-25601","Relational Databases",1.4080,247.134272,1.7600
"AllocatedMethodId-2572","AllocatedResourceId-4388","AllocatedResourceName-9334","{}",327.82029500000004,"123456789012","SunBird","BillingAccount","USD","2024-10-01T00:00:00Z","2024-09-01T00:00:00Z",NULL,NULL,"Purchase",NULL,"Amazon Elastic Compute Cloud Virtual Machine in Europe (Ireland)","2024-09-18T11:00:00Z","2024-09-18T10:00:00Z",NULL,NULL,NULL,NULL,NULL,NULL,NULL,NULL,NULL,NULL,327.82029500000004,2.2663,0,"AWS","AWS",345.07704,2.3856,"Dynamic","USD",144.65,"Hours","AWS","AWS","eu-west-1","Europe (Ireland)","arn:aws:ec2:eu-west-1:123456789012:instance/i-0044b8be259d",NULL,"Virtual Machine","Compute","Amazon Elastic Compute Cloud","AWS","6RGOT5VD7761SUYU","Amazon Elastic Compute Cloud Hours",NULL,"LJCN17RUGWSKHSR5.2OKSQGOR","438839167390","Zenith Eclipse","BillingAccount","{""application"": ""AtlasPortal"", ""environment"": ""qa"", ""owner"": ""a.turing""}",NULL,NULL,"Recurring","INV-202409-28481","Virtual Machines",2.2663,0,2.3856
"AllocatedMethodId-9138","AllocatedResourceId-5630","AllocatedResourceName-3159","{}",124.32478828,"8a93b2c1-1234-4abc-9def-0123456789ab","Contoso Cloud","BillingProfile","USD","2024-10-01T00:00:00Z","2024-09-01T00:00:00Z",NULL,NULL,"Usage","Correction","Virtual Machines Virtual Machine in East US","2024-09-23T23:00:00Z","2024-09-23T22:00:00Z",NULL,NULL,NULL,NULL,NULL,NULL,NULL,184.7800000000,"Hours",NULL,161.460764,0.8738,124.32478828,"Microsoft","Microsoft",260.410454,1.4093,"Standard","USD",184.78,"Hours","Microsoft","Microsoft","eastus","East US","/subscriptions/8a93b2c1-1234-4abc-9def-0123456789ab/resourceGroups/rg-493/providers/Microsoft.Compute/virtualMachines/vm-3294",NULL,"Virtual Machine","Compute","Virtual Machines","Microsoft","H215QFIRHWFOEUK6","Virtual Machines Hours",NULL,"VR36EUC1G7UM9CAP.IYOMQ4J5","sub-4d3e","Sandbox","BillingProfile",NULL,NULL,"eastus-1","Usage-Based","INV-202409-34524","Virtual Machines",0.8738,124.32478828,1.4093
"AllocatedMethodId-7966","AllocatedResourceId-7531","AllocatedResourceName-5271","{}",208.24505702,"8a93b2c1-1234-4abc-9def-0123456789ab","Contoso Cloud","BillingProfile","USD","2024-10-01T00:00:00Z","2024-09-01T00:00:00Z",NULL,NULL,"Usage",NULL,"Azure Load Balancer Load Balancer in East US","2024-09-10T04:00:00Z","2024-09-10T03:00:00Z",NULL,NULL,NULL,NULL,NULL,NULL,NULL,278.8700000000,"Hours",NULL,270.448126,0.9698,208.24505702,"Microsoft","Microsoft",290.805636,1.0428,"Dynamic","USD",278.87,"Hours","Microsoft","Microsoft","eastus","East US","/subscriptions/8a93b2c1-1234-4abc-9def-0123456789ab/resourceGroups/rg-926/providers/Microsoft.Compute/virtualMachines/vm-9768",NULL,"Load Balancer","Networking","Azure Load Balancer","Microsoft","5ZW84SGOHS02UP1H","Azure Load Balancer Hours",NULL,"L3UHWZI450PBSR6N.0D9UQU0Z","sub-4d3e","Sandbox","BillingProfile","{""environment"": ""dev"", ""business_unit"": ""OsloData"", ""team"": ""payments""}",NULL,NULL,"Usage-Based","INV-202409-67927","Application Networking",0.9698,208.24505702,1.0428
"AllocatedMethodId-7565","AllocatedResourceId-3149","AllocatedResourceName-5423","{}",163.07225676,"123456789012","SunBird","BillingAccount","USD","2024-10-01T00:00:00Z","2024-09-01T00:00:00Z",NULL,NULL,"Usage",NULL,"Amazon Relational Database Service Database Instance in Asia Pacific (Sydney)","2024-09-10T09:00:00Z","2024-09-10T08:00:00Z",NULL,NULL,NULL,NULL,NULL,NULL,NULL,154.2600000000,"Hours",NULL,243.391428,1.5778,163.07225676,"AWS","AWS",316.09416600000003,2.0491,"Standard","USD",154.26,"Hours","AWS","AWS","ap-southeast-2","Asia Pacific (Sydney)","arn:aws:ec2:ap-southeast-2:123456789012:instance/i-00de5f91b535",NULL,"Database Instance","Databases","Amazon Relational Database Service","AWS","VW9ED7NX8MK8ZOSK","Amazon Relational Database Service Hours",NULL,"XV0N9PACB7G6Z5CK.STBOPCRH","663626350770","Zenith Apollo","BillingAccount","{""cost_center"": ""CC-3090"", ""business_unit"": ""ViennaAI"", ""environment"": ""prod""}",NULL,NULL,"Usage-Based","INV-202409-59526","Relational Databases",1.5778,163.07225676,2.0491
"AllocatedMethodId-3315","AllocatedResourceId-7605","AllocatedResourceName-8758","{}",150.00177168,"123456789012","SunBird","BillingAccount","USD","2024-10-01T00:00:00Z","2024-09-01T00:00:00Z",NULL,NULL,"Usage","Correction","Amazon Elastic Compute Cloud Virtual Machine in US East (N. Virginia)","2024-09-18T18:00:00Z","2024-09-18T17:00:00Z","Usage","cd-303721","commit-3721",NULL,"Unused","Savings Plan",NULL,NULL,NULL,NULL,163.04540400000002,0.5391,150.00177168,"AWS","AWS",229.64269199999998,0.7593,"Committed","USD",302.44,"Hours","AWS","AWS","us-east-1","US East (N. Virginia)","arn:aws:ec2:us-east-1:123456789012:instance/i-00aaf069d87e",NULL,"Virtual Machine","Compute","Amazon Elastic Compute Cloud","AWS","4YS1FO09R4S86PYB","Amazon Elastic Compute Cloud Hours",NULL,"5ZX8G2OBZO2X4GTV.JFG9KN5P","663626350770","Zenith Apollo","BillingAccount","{""business_unit"": ""OsloData""}",NULL,"us-east-1a","Usage-Based","INV-202409-20995","Virtual Machines",0.5391,150.00177168,0.7593
"AllocatedMethodId-5116","AllocatedResourceId-8735","AllocatedResourceName-8583","{}",45.4179154,"8a93b2c1-1234-4abc-9def-0123456789ab","Contoso Cloud","BillingProfile","USD","2024-10-01T00:00:00Z","2024-09-01T00:00:00Z",NULL,NULL,"Usage",NULL,"Virtual Machines Virtual Machine in UK South","2024-09-18T14:00:00Z","2024-09-18T13:00:00Z",NULL,NULL,NULL,NULL,NULL,NULL,NULL,18.2600000000,"Hours",NULL,47.808332,2.6182,45.4179154,"Microsoft","Microsoft",62.9057,3.4450,"Standard","USD",18.26,"Hours","Microsoft","Microsoft","uksouth","UK South","/subscriptions/8a93b2c1-1234-4abc-9def-0123456789ab/resourceGroups/rg-247/providers/Microsoft.Compute/virtualMachines/vm-7411",NULL,"Virtual Machine","Compute","Virtual Machines","Microsoft","9FG1EYIAK7HKM2HC","Virtual Machines Hours",NULL,"15K75I90ZASH1SR7.UXKJS7NX","sub-2b7c","Staging","BillingProfile","{""team"": ""growth"", ""cost_center"": ""CC-3090"", ""owner"": ""g.hopper""}",NULL,"uksouth-1","Usage-Based","INV-202409-78076","Virtual Machines",2.6182,45.4179154,3.4450
"AllocatedMethodId-4264","AllocatedResourceId-2537","AllocatedResourceName-9810","{}",115.309215,"8a93b2c1-1234-4abc-9def-0123456789ab","Contoso Cloud","BillingProfile","USD","2024-10-01T00:00:00Z","2024-09-01T00:00:00Z",NULL,NULL,"Tax",NULL,"Tax charge in West Europe","2024-09-23T09:00:00Z","2024-09-23T08:00:00Z",NULL,NULL,NULL,NULL,NULL,NULL,NULL,NULL,NULL,NULL,115.309215,NULL,115.309215,"Microsoft","Microsoft",115.309215,NULL,NULL,"USD",NULL,NULL,"Microsoft","Microsoft",NULL,NULL,NULL,NULL,NULL,"Other","Tax","Microsoft",NULL,NULL,NULL,NULL,"sub-9a1f","Production","BillingProfile",NULL,NULL,NULL,"One-Time","INV-202409-34598","Other (Security)",NULL,115.309215,NULL
"AllocatedMethodId-7181","AllocatedResourceId-7316","AllocatedResourceName-8773","{}",378.9471411,"ocid1.tenancy.oc1..aaaa1234","Meridian OCI","Tenancy","USD","2024-10-01T00:00:00Z","2024-09-01T00:00:00Z",NULL,NULL,"Usage",NULL,"Oracle Autonomous Database Database in US East (Ashburn)","2024-09-27T16:00:00Z","2024-09-27T15:00:00Z",NULL,NULL,NULL,NULL,NULL,NULL,NULL,175.2300000000,"Hours",NULL,445.820166,2.5442,378.9471411,"Oracle","Oracle",489.90803399999993,2.7958,"Standard","USD",175.23,"Hours","Oracle","Oracle","us-ashburn-1","US East (Ashburn)","ocid1.instance.oc1.us-ashburn-1.00a1d81bf632",NULL,"Database","Databases","Oracle Autonomous Database","Oracle","MEJGNRLQGI7YVR4N","Oracle Autonomous Database Hours",NULL,"KAONFJJK4AUEDI62.14UT6HP9","ocid1.compartment.oc1..prod","production","Tenancy","{""cost_center"": ""CC-2042"", ""business_unit"": ""LisbonOps""}",NULL,NULL,"Usage-Based","INV-202409-61543","Relational Databases",2.5442,378.9471411,2.7958
"AllocatedMethodId-1472","AllocatedResourceId-3509","AllocatedResourceName-3898","{}",802.31916,"01ABCD-2345EF-6789GH","Helios Labs","BillingAccount","USD","2024-10-01T00:00:00Z","2024-09-01T00:00:00Z",NULL,NULL,"Usage",NULL,"Cloud SQL Database Instance in Singapore","2024-09-26T20:00:00Z","2024-09-26T19:00:00Z",NULL,NULL,NULL,NULL,NULL,NULL,NULL,416.8000000000,"Hours",NULL,978.4380000000001,2.3475,802.31916,"Google","Google",1482.47424,3.5568,"Other","USD",416.80,"Hours","Google","Google","asia-southeast1","Singapore","//compute.googleapis.com/projects/helios-labs/zones/asia-southeast1-a/instances/inst-7985",NULL,"Database Instance","Databases","Cloud SQL","Google","W1N9MYXLAM2X7MAT","Cloud SQL Hours",NULL,"VGXQ6ARCR4ZCQRDB.435L48GC","proj-helios-prod","helios-prod","BillingAccount","{""application"": ""AtlasPortal"", ""cost_center"": ""CC-1001"", ""team"": ""platform""}",NULL,NULL,"Usage-Based","INV-202409-58435","Relational Databases",2.3475,802.31916,3.5568
"AllocatedMethodId-5042","AllocatedResourceId-6042","AllocatedResourceName-4130","{}",563.88268894,"8a93b2c1-1234-4abc-9def-0123456789ab","Contoso Cloud","BillingProfile","USD","2024-10-01T00:00:00Z","2024-09-01T00:00:00Z",NULL,NULL,"Usage",NULL,"Virtual Machines Virtual Machine in UK South","2024-09-03T10:00:00Z","2024-09-03T09:00:00Z",NULL,NULL,NULL,NULL,NULL,NULL,NULL,157.1300000000,"Hours",NULL,599.875201,3.8177,563.88268894,"Microsoft","Microsoft",674.009135,4.2895,"Standard","USD",157.13,"Hours","Microsoft","Microsoft","uksouth","UK South","/subscriptions/8a93b2c1-1234-4abc-9def-0123456789ab/resourceGroups/rg-38/providers/Microsoft.Compute/virtualMachines/vm-7785",NULL,"Virtual Machine","Compute","Virtual Machines","Microsoft","Z0DEM6JRFL2CRM60","Virtual Machines Hours",NULL,"LATR9WHV3F3FHFLF.LUBKANX3","sub-9a1f","Production","BillingProfile","{""owner"": ""g.hopper"", ""business_unit"": ""OsloData""}",NULL,NULL,"Usage-Based","INV-202409-20652","Virtual Machines",3.8177,563.88268894,4.2895
"AllocatedMethodId-2641","AllocatedResourceId-4065","AllocatedResourceName-6865","{}",155.8116945,"8a93b2c1-1234-4abc-9def-0123456789ab","Contoso Cloud","BillingProfile","USD","2024-10-01T00:00:00Z","2024-09-01T00:00:00Z",NULL,NULL,"Usage",NULL,"Azure SQL Database SQL Database in East US","2024-09-13T06:00:00Z","2024-09-13T05:00:00Z","Usage","cd-285715","commit-5715",NULL,"Unused","Savings Plan",NULL,NULL,NULL,NULL,164.01231,1.0395,155.8116945,"Microsoft","Microsoft",178.275622,1.1299,"Committed","USD",157.78,"Hours","Microsoft","Microsoft","eastus","East US","/subscriptions/8a93b2c1-1234-4abc-9def-0123456789ab/resourceGroups/rg-494/providers/Microsoft.Compute/virtualMachines/vm-3225",NULL,"SQL Database","Databases","Azure SQL Database","Microsoft","KCYJ8N1WSNV69RF6","Azure SQL Database Hours",NULL,"NQN3QCH7L4I3UXYC.UGWAK04V","sub-2b7c","Staging","BillingProfile","{""business_unit"": ""OsloData"", ""cost_center"": ""CC-2042""}",NULL,NULL,"Usage-Based","INV-202409-54128","Relational Databases",1.0395,155.8116945,1.1299
"AllocatedMethodId-3610","AllocatedResourceId-6647","AllocatedResourceName-2636","{}",578.07123855,"01ABCD-2345EF-6789GH","Helios Labs","BillingAccount","USD","2024-10-01T00:00:00Z","2024-09-01T00:00:00Z",NULL,NULL,"Usage",NULL,"Cloud Storage Bucket in Northern Virginia","2024-09-01T23:00:00Z","2024-09-01T22:00:00Z",NULL,NULL,NULL,NULL,NULL,NULL,NULL,296.7900000000,"GiB",NULL,731.7357450000001,2.4655,578.07123855,"Google","Google",1030.6032750000002,3.4725,"Dynamic","USD",296.79,"GiB","Google","Google","us-east4","Northern Virginia","//compute.googleapis.com/projects/helios-labs/zones/us-east4-a/instances/inst-3206",NULL,"Bucket","Storage","Cloud Storage","Google","01RZBK6KT7MIIVDF","Cloud Storage GiB",NULL,"TJW3ZK3AJMLTTFLP.N1FPJ9XA","proj-helios-prod","helios-prod","BillingAccount","{""business_unit"": ""OsloData"", ""team"": ""platform"", ""cost_center"": ""CC-1001""}",NULL,NULL,"Usage-Based","INV-202409-72566","Object Storage",2.4655,578.07123855,3.4725
"AllocatedMethodId-9476","AllocatedResourceId-2743","AllocatedResourceName-8617","{}",380.6699719,"ocid1.tenancy.oc1..aaaa1234","Meridian OCI","Tenancy","USD","2024-10-01T00:00:00Z","2024-09-01T00:00:00Z",NULL,NULL,"Usage",NULL,"Oracle Load Balancer Load Balancer in Australia East (Sydney)","2024-09-30T20:00:00Z","2024-09-30T19:00:00Z",NULL,NULL,NULL,NULL,NULL,NULL,NULL,188.1500000000,"Hours",NULL,392.44327,2.0858,380.6699719,"Oracle","Oracle",436.037625,2.3175,"Other","USD",188.15,"Hours","Oracle","Oracle","ap-sydney-1","Australia East (Sydney)","ocid1.instance.oc1.ap-sydney-1.00c41a54bbe6",NULL,"Load Balancer","Networking","Oracle Load Balancer","Oracle","1Z8EW5BOLPXXV6AZ","Oracle Load Balancer Hours",NULL,"EOI5MCNT1FVYL1JS.TY4CQ0LK","ocid1.compartment.oc1..dev","development","Tenancy","{""team"": ""growth""}",NULL,NULL,"Usage-Based","INV-202409-62194","Application Networking",2.0858,380.6699719,2.3175
"AllocatedMethodId-7833","AllocatedResourceId-1287","AllocatedResourceName-8319","{}",357.3990336,"123456789012","SunBird","BillingAccount","USD","2024-10-01T00:00:00Z","2024-09-01T00:00:00Z",NULL,NULL,"Usage",NULL,"Amazon Relational Database Service Database Instance in US East (N. Virginia)","2024-09-18T07:00:00Z","2024-09-18T06:00:00Z",NULL,NULL,NULL,NULL,NULL,NULL,NULL,287.3500000000,"Hours",NULL,452.40384000000006,1.5744,357.3990336,"AWS","AWS",551.712,1.9200,"Standard","USD",287.35,"Hours","AWS","AWS","us-east-1","US East (N. Virginia)","arn:aws:ec2:us-east-1:123456789012:instance/i-00e5e2fecc4d",NULL,"Database Instance","Databases","Amazon Relational Database Service","AWS","26X4V8XHL18YFJAV","Amazon Relational Database Service Hours",NULL,"QM631D3SCH53XDXQ.1VSB8RLS","663626350770","Zenith Apollo","BillingAccount","{""business_unit"": ""LisbonOps""}",NULL,"us-east-1a","Usage-Based","INV-202409-56777","Relational Databases",1.5744,357.3990336,1.9200
"AllocatedMethodId-7671","AllocatedResourceId-4393","AllocatedResourceName-1306","{}",89.14850945,"01ABCD-2345EF-6789GH","Helios Labs","BillingAccount","USD","2024-10-01T00:00:00Z","2024-09-01T00:00:00Z",NULL,NULL,"Credit",NULL,"Cloud SQL Database Instance in Iowa","2024-09-16T06:00:00Z","2024-09-16T05:00:00Z",NULL,NULL,NULL,NULL,NULL,NULL,NULL,NULL,NULL,NULL,137.151553,0.6923,89.14850945,"Google","Google",173.603793,0.8763,"Other","USD",198.11,"Hours","Google","Google","us-central1","Iowa",NULL,NULL,NULL,"Databases","Cloud SQL","Google","CEUXCJGY6FVT1ZBL","Cloud SQL Hours",NULL,"QF1HMQT68PDX4N1R.LR6CZLSR","proj-helios-prod","helios-prod","BillingAccount","{""business_unit"": ""MarseilleSRE"", ""team"": ""infra""}",NULL,NULL,"One-Time","INV-202409-10662","Relational Databases",0.6923,89.14850945,0.8763
"AllocatedMethodId-4462","AllocatedResourceId-2812","AllocatedResourceName-5740","{}",127.23827292,"ocid1.tenancy.oc1..aaaa1234","Meridian OCI","Tenancy","USD","2024-10-01T00:00:00Z","2024-09-01T00:00:00Z",NULL,NULL,"Usage",NULL,"Oracle Object Storage Bucket in UK South (London)","2024-09-20T18:00:00Z","2024-09-20T17:00:00Z","Usage","cd-401813","commit-1813",NULL,"Unused","Committed Use Discount",NULL,NULL,NULL,NULL,174.299004,1.0956,127.23827292,"Oracle","Oracle",176.06490300000002,1.1067,"Other","USD",159.09,"GB","Oracle","Oracle","uk-london-1","UK South (London)","ocid1.instance.oc1.uk-london-1.003dba39febe",NULL,"Bucket","Storage","Oracle Object Storage","Oracle","35N8KYQZCF59WFN7","Oracle Object Storage GB",NULL,"XTSU23BJKW10BS95.PY8IYHGZ","ocid1.compartment.oc1..dev","development","Tenancy","{""cost_center"": ""CC-2042"", ""team"": ""platform""}",NULL,"uk-london-1-AD-2","Usage-Based","INV-202409-38613","Object Storage",1.0956,127.23827292,1.1067
"AllocatedMethodId-3173","AllocatedResourceId-5800","AllocatedResourceName-2061","{}",368.2296101,"8a93b2c1-1234-4abc-9def-0123456789ab","Contoso Cloud","BillingProfile","USD","2024-10-01T00:00:00Z","2024-09-01T00:00:00Z",NULL,NULL,"Usage",NULL,"Azure Blob Storage Storage Account in UK South","2024-09-18T11:00:00Z","2024-09-18T10:00:00Z",NULL,NULL,NULL,NULL,NULL,NULL,NULL,450.2300000000,"GB",NULL,433.21130600000004,0.9622,368.2296101,"Microsoft","Microsoft",627.8457350000001,1.3945,"Dynamic","USD",450.23,"GB","Microsoft","Microsoft","uksouth","UK South","/subscriptions/8a93b2c1-1234-4abc-9def-0123456789ab/resourceGroups/rg-478/providers/Microsoft.Compute/virtualMachines/vm-7672",NULL,"Storage Account","Storage","Azure Blob Storage","Microsoft","KLZSA8V3LGY000MB","Azure Blob Storage GB",NULL,"OI6F0BUPK4FXBY96.MK3XPL4M","sub-4d3e","Sandbox","BillingProfile","{""owner"": ""g.hopper"", ""business_unit"": ""LisbonOps"", ""team"": ""infra""}",NULL,NULL,"Usage-Based","INV-202409-52300","Object Storage",0.9622,368.2296101,1.3945
"AllocatedMethodId-9053","AllocatedResourceId-5009","AllocatedResourceName-5259","{}",1550.176256,"123456789012","SunBird","BillingAccount","USD","2024-10-01T00:00:00Z","2024-09-01T00:00:00Z",NULL,NULL,"Purchase",NULL,"Amazon Simple Storage Service Bucket in Asia Pacific (Sydney)","2024-09-11T11:00:00Z","2024-09-11T10:00:00Z",NULL,NULL,NULL,NULL,NULL,NULL,NULL,NULL,NULL,NULL,1550.176256,3.8912,0,"AWS","AWS",1937.72032,4.8640,"Standard","USD",398.38,"GB","AWS","AWS","ap-southeast-2","Asia Pacific (Sydney)","arn:aws:ec2:ap-southeast-2:123456789012:instance/i-00d64a3a02dc",NULL,"Bucket","Storage","Amazon Simple Storage Service","AWS","C074YE0Q8H8B24DS","Amazon Simple Storage Service GB",NULL,"ZCXZ621HGJQHKX0V.JP4NQGVE","438839167390","Zenith Eclipse","BillingAccount","{""environment"": ""qa""}",NULL,NULL,"One-Time","INV-202409-70062","Object Storage",3.8912,0,4.8640
"AllocatedMethodId-3593","AllocatedResourceId-5992","AllocatedResourceName-8787","{}",765.72907488,"01ABCD-2345EF-6789GH","Helios Labs","BillingAccount","USD","2024-10-01T00:00:00Z","2024-09-01T00:00:00Z",NULL,NULL,"Tax",NULL,"Tax charge in Northern Virginia","2024-09-20T06:00:00Z","2024-09-20T05:00:00Z",NULL,NULL,NULL,NULL,NULL,NULL,NULL,NULL,NULL,NULL,765.72907488,NULL,765.72907488,"Google","Google",765.72907488,NULL,NULL,"USD",NULL,NULL,"Google","Google",NULL,NULL,NULL,NULL,NULL,"Other","Tax","Google",NULL,NULL,NULL,NULL,"proj-helios-dev","helios-dev","BillingAccount","{""cost_center"": ""CC-3090"", ""business_unit"": ""OsloData""}",NULL,NULL,"One-Time","INV-202409-50194","Other (Security)",NULL,765.72907488,NULL
"AllocatedMethodId-9761","AllocatedResourceId-9810","AllocatedResourceName-2301","{}",80.32578316,"ocid1.tenancy.oc1..aaaa1234","Meridian OCI","Tenancy","USD","2024-10-01T00:00:00Z","2024-09-01T00:00:00Z",NULL,NULL,"Usage",NULL,"Oracle Autonomous Database Database in US East (Ashburn)","2024-09-07T07:00:00Z","2024-09-07T06:00:00Z",NULL,NULL,NULL,NULL,NULL,NULL,NULL,128.6600000000,"Hours",NULL,96.77805199999999,0.7522,80.32578316,"Oracle","Oracle",146.63380199999997,1.1397,"Dynamic","USD",128.66,"Hours","Oracle","Oracle","us-ashburn-1","US East (Ashburn)","ocid1.instance.oc1.us-ashburn-1.00b5c291e567",NULL,"Database","Databases","Oracle Autonomous Database","Oracle","KWJ6U7XY5K74L4YA","Oracle Autonomous Database Hours",NULL,"EVOTNOJRHMW53A7O.MXCZGV6E","ocid1.compartment.oc1..prod","production","Tenancy",NULL,NULL,"uk-london-1-AD-2","Usage-Based","INV-202409-45582","Relational Databases",0.7522,80.32578316,1.1397
"AllocatedMethodId-5649","AllocatedResourceId-5909","AllocatedResourceName-5328","{}",232.88914044,"123456789012","SunBird","BillingAccount","USD","2024-10-01T00:00:00Z","2024-09-01T00:00:00Z",NULL,NULL,"Credit",NULL,"Amazon Simple Queue Service Queue in US West (Oregon)","2024-09-11T23:00:00Z","2024-09-11T22:00:00Z",NULL,NULL,NULL,NULL,NULL,NULL,NULL,NULL,NULL,NULL,347.595732,0.8107,232.88914044,"AWS","AWS",489.55816799999997,1.1418,"Other","USD",428.76,"Requests","AWS","AWS","us-west-2","US West (Oregon)",NULL,NULL,NULL,"Integration","Amazon Simple Queue Service","AWS","7TDNOP43G8DUEM4H","Amazon Simple Queue Service Requests",NULL,"2F4MG8N5TA1H2M3A.Q0R5LV64","517389287820","Atlas Nimbus","BillingAccount","{""application"": ""BrightLensMatrix"", ""environment"": ""dev""}",NULL,NULL,"One-Time","INV-202409-77397","Messaging",0.8107,232.88914044,1.1418
"AllocatedMethodId-7968","AllocatedResourceId-7447","AllocatedResourceName-7834","{}",117.6660252,"8a93b2c1-1234-4abc-9def-0123456789ab","Contoso Cloud","BillingProfile","USD","2024-10-01T00:00:00Z","2024-09-01T00:00:00Z",NULL,NULL,"Usage",NULL,"Azure SQL Database SQL Database in Southeast Asia","2024-09-24T23:00:00Z","2024-09-24T22:00:00Z",NULL,NULL,NULL,NULL,NULL,NULL,NULL,55.7400000000,"Hours",NULL,196.110042,3.5183,117.6660252,"Microsoft","Microsoft",210.86999400000002,3.7831,"Dynamic","USD",55.74,"Hours","Microsoft","Microsoft","southeastasia","Southeast Asia","/subscriptions/8a93b2c1-1234-4abc-9def-0123456789ab/resourceGroups/rg-632/providers/Microsoft.Compute/virtualMachines/vm-3892",NULL,"SQL Database","Databases","Azure SQL Database","Microsoft","V8LMGONT6TU74GTN","Azure SQL Database Hours",NULL,"JUKMZKKKU740ROQ4.TXJTVWU2","sub-4d3e","Sandbox","BillingProfile","{""environment"": ""prod"", ""owner"": ""a.turing""}",NULL,NULL,"Usage-Based","INV-202409-50372","Relational Databases",3.5183,117.6660252,3.7831
"AllocatedMethodId-6371","AllocatedResourceId-9955","AllocatedResourceName-5271","{}",26.923806,"123456789012","SunBird","BillingAccount","USD","2024-10-01T00:00:00Z","2024-09-01T00:00:00Z",NULL,NULL,"Purchase",NULL,"Amazon Simple Queue Service Queue in US East (N. Virginia)","2024-09-16T03:00:00Z","2024-09-16T02:00:00Z",NULL,NULL,NULL,NULL,NULL,NULL,NULL,NULL,NULL,NULL,26.923806,0.0702,0,"AWS","AWS",37.394175,0.0975,"Dynamic","USD",383.53,"Requests","AWS","AWS","us-east-1","US East (N. Virginia)","arn:aws:ec2:us-east-1:123456789012:instance/i-00a6d7547622",NULL,"Queue","Integration","Amazon Simple Queue Service","AWS","MN62RGEPKU44CY5P","Amazon Simple Queue Service Requests",NULL,"RYDGDVR8X2SH4IEU.0JJTM9F2","438839167390","Zenith Eclipse","BillingAccount","{""application"": ""NimbusAPI"", ""business_unit"": ""LisbonOps""}",NULL,NULL,"Recurring","INV-202409-42142","Messaging",0.0702,0,0.0975
"AllocatedMethodId-4260","AllocatedResourceId-5243","AllocatedResourceName-5183","{}",536.831262,"01ABCD-2345EF-6789GH","Helios Labs","BillingAccount","USD","2024-10-01T00:00:00Z","2024-09-01T00:00:00Z",NULL,NULL,"Tax",NULL,"Tax charge in Iowa","2024-09-03T22:00:00Z","2024-09-03T21:00:00Z",NULL,NULL,NULL,NULL,NULL,NULL,NULL,NULL,NULL,NULL,536.831262,NULL,536.831262,"Google","Google",536.831262,NULL,NULL,"USD",NULL,NULL,"Google","Google",NULL,NULL,NULL,NULL,NULL,"Other","Tax","Google",NULL,NULL,NULL,NULL,"proj-helios-prod","helios-prod","BillingAccount","{""team"": ""infra"", ""environment"": ""staging""}",NULL,NULL,"One-Time","INV-202409-53648","Other (Security)",NULL,536.831262,NULL
"AllocatedMethodId-4282","AllocatedResourceId-6810","AllocatedResourceName-3500","{}",1626.20856,"123456789012","SunBird","BillingAccount","USD","2024-10-01T00:00:00Z","2024-09-01T00:00:00Z",NULL,NULL,"Usage",NULL,"Amazon Simple Storage Service Bucket in US East (N. Virginia)","2024-09-18T13:00:00Z","2024-09-18T12:00:00Z",NULL,NULL,NULL,NULL,NULL,NULL,NULL,399.0500000000,"GB",NULL,1626.20856,4.0752,1626.20856,"AWS","AWS",1659.4095200000002,4.1584,"Dynamic","USD",399.05,"GB","AWS","AWS","us-east-1","US East (N. Virginia)","arn:aws:ec2:us-east-1:123456789012:instance/i-005fc66b3d31",NULL,"Bucket","Storage","Amazon Simple Storage Service","AWS","VEEF9H8K6F3ME1R3","Amazon Simple Storage Service GB",NULL,"2JVELV371BZSAYBA.OU1JQOU8","663626350770","Zenith Apollo","BillingAccount","{""cost_center"": ""CC-2042""}",NULL,NULL,"Usage-Based","INV-202409-69998","Object Storage",4.0752,1626.20856,4.1584
"AllocatedMethodId-1118","AllocatedResourceId-7226","AllocatedResourceName-7881","{}",65.5246875,"8a93b2c1-1234-4abc-9def-0123456789ab","Contoso Cloud","BillingProfile","USD","2024-10-01T00:00:00Z","2024-09-01T00:00:00Z",NULL,NULL,"Usage","Correction","Azure Blob Storage Storage Account in West Europe","2024-09-08T18:00:00Z","2024-09-08T17:00:00Z","Usage","cd-172631","commit-2631",NULL,"Used","Savings Plan",NULL,472.2500000000,"GB",NULL,88.546875,0.1875,65.5246875,"Microsoft","Microsoft",93.22215,0.1974,"Committed","USD",472.25,"GB","Microsoft","Microsoft","westeurope","West Europe","/subscriptions/8a93b2c1-1234-4abc-9def-0123456789ab/resourceGroups/rg-328/providers/Microsoft.Compute/virtualMachines/vm-9134",NULL,"Storage Account","Storage","Azure Blob Storage","Microsoft","WBI2HYB2NYD22ZMN","Azure Blob Storage GB",NULL,"YHFL67HKNH5WU0MN.F6X4Q6H3","sub-2b7c","Staging","BillingProfile","{""business_unit"": ""MarseilleSRE""}",NULL,"westeurope-2","Usage-Based","INV-202409-12116","Object Storage",0.1875,65.5246875,0.1974
"AllocatedMethodId-9604","AllocatedResourceId-3781","AllocatedResourceName-3591","{}",626.9158985,"ocid1.tenancy.oc1..aaaa1234","Meridian OCI","Tenancy","USD","2024-10-01T00:00:00Z","2024-09-01T00:00:00Z",NULL,NULL,"Usage",NULL,"Oracle Compute Instance in UK South (London)","2024-09-14T06:00:00Z","2024-09-14T05:00:00Z",NULL,NULL,NULL,NULL,NULL,NULL,NULL,150.3500000000,"Hours",NULL,728.9719749999999,4.8485,626.9158985,"Oracle","Oracle",751.5244749999999,4.9985,"Other","USD",150.35,"Hours","Oracle","Oracle","uk-london-1","UK South (London)","ocid1.instance.oc1.uk-london-1.00a775de43e3",NULL,"Instance","Compute","Oracle Compute","Oracle","AI7JI4CDNSX0K0LL","Oracle Compute Hours",NULL,"7JLXHKB5NTZXQUBB.VB4CJ0C8","ocid1.compartment.oc1..dev","development","Tenancy","{""owner"": ""a.lovelace"", ""business_unit"": ""MarseilleSRE""}",NULL,NULL,"Usage-Based","INV-202409-59418","Virtual Machines",4.8485,626.9158985,4.9985
"AllocatedMethodId-6284","AllocatedResourceId-1191","AllocatedResourceName-8877","{}",896.23174848,"123456789012","SunBird","BillingAccount","USD","2024-10-01T00:00:00Z","2024-09-01T00:00:00Z",NULL,NULL,"Usage",NULL,"Amazon Elastic Compute Cloud Virtual Machine in Europe (Ireland)","2024-09-04T23:00:00Z","2024-09-04T22:00:00Z",NULL,NULL,NULL,NULL,NULL,NULL,NULL,484.3700000000,"Hours",NULL,933.574738,1.9274,896.23174848,"AWS","AWS",1124.804014,2.3222,"Standard","USD",484.37,"Hours","AWS","AWS","eu-west-1","Europe (Ireland)","arn:aws:ec2:eu-west-1:123456789012:instance/i-00b53d6ea7dc",NULL,"Virtual Machine","Compute","Amazon Elastic Compute Cloud","AWS","G45MIO6IJOFGZSGP","Amazon Elastic Compute Cloud Hours",NULL,"OQLTV377RIU1XJCY.DMLAJCPK","517389287820","Atlas Nimbus","BillingAccount","{""application"": ""NimbusAPI"", ""business_unit"": ""OsloData"", ""team"": ""payments""}",NULL,"eu-west-1c","Usage-Based","INV-202409-62004","Virtual Machines",1.9274,896.23174848,2.3222
"AllocatedMethodId-9735","AllocatedResourceId-6941","AllocatedResourceName-9838","{}",130.24805976,"ocid1.tenancy.oc1..aaaa1234","Meridian OCI","Tenancy","USD","2024-10-01T00:00:00Z","2024-09-01T00:00:00Z",NULL,NULL,"Usage",NULL,"Oracle Autonomous Database Database in US East (Ashburn)","2024-09-20T07:00:00Z","2024-09-20T06:00:00Z",NULL,NULL,NULL,NULL,NULL,NULL,NULL,272.9400000000,"Hours",NULL,143.12973599999998,0.5244,130.24805976,"Oracle","Oracle",160.81624799999997,0.5892,"Standard","USD",272.94,"Hours","Oracle","Oracle","us-ashburn-1","US East (Ashburn)","ocid1.instance.oc1.us-ashburn-1.00dcc53a3698",NULL,"Database","Databases","Oracle Autonomous Database","Oracle","93GV7QEX1B8IGO3H","Oracle Autonomous Database Hours",NULL,"H9SIWT219F6LZ6MJ.OBMW7J77","ocid1.compartment.oc1..dev","development","Tenancy","{""business_unit"": ""OsloData""}",NULL,NULL,"Usage-Based","INV-202409-16159","Relational Databases",0.5244,130.24805976,0.5892
"AllocatedMethodId-6098","AllocatedResourceId-9589","AllocatedResourceName-2681","{}",582.3343044,"8a93b2c1-1234-4abc-9def-0123456789ab","Contoso Cloud","BillingProfile","USD","2024-10-01T00:00:00Z","2024-09-01T00:00:00Z",NULL,NULL,"Usage",NULL,"Azure Load Balancer Load Balancer in West Europe","2024-09-07T19:00:00Z","2024-09-07T18:00:00Z",NULL,NULL,NULL,NULL,NULL,NULL,NULL,317.1600000000,"Hours",NULL,647.038116,2.0401,582.3343044,"Microsoft","Microsoft",980.3415600000002,3.0910,"Other","USD",317.16,"Hours","Microsoft","Microsoft","westeurope","West Europe","/subscriptions/8a93b2c1-1234-4abc-9def-0123456789ab/resourceGroups/rg-951/providers/Microsoft.Compute/virtualMachines/vm-6213",NULL,"Load Balancer","Networking","Azure Load Balancer","Microsoft","43UITAEQ9TNED0IJ","Azure Load Balancer Hours",NULL,"4KPZK0ZMPWEORIZH.JN2JRUAH","sub-2b7c","Staging","BillingProfile","{""team"": ""platform"", ""environment"": ""qa"", ""business_unit"": ""OsloData""}",NULL,"uksouth-1","Usage-Based","INV-202409-78238","Application Networking",2.0401,582.3343044,3.0910
"AllocatedMethodId-6909","AllocatedResourceId-7911","AllocatedResourceName-7451","{}",46.84839552,"ocid1.tenancy.oc1..aaaa1234","Meridian OCI","Tenancy","USD","2024-10-01T00:00:00Z","2024-09-01T00:00:00Z",NULL,NULL,"Usage",NULL,"Oracle Object Storage Bucket in Australia East (Sydney)","2024-09-13T18:00:00Z","2024-09-13T17:00:00Z","Usage","cd-457959","commit-7959",NULL,"Unused","Reserved Instance",NULL,NULL,NULL,NULL,48.800411999999994,0.2148,46.84839552,"Oracle","Oracle",79.993599,0.3521,"Committed","USD",227.19,"GB","Oracle","Oracle","ap-sydney-1","Australia East (Sydney)","ocid1.instance.oc1.ap-sydney-1.009413d8596c",NULL,"Bucket","Storage","Oracle Object Storage","Oracle","SO7GFXP510DGRRQ6","Oracle Object Storage GB",NULL,"V0QWFAG5P5O1RG59.Y7YCGGGH","ocid1.compartment.oc1..dev","development","Tenancy","{""application"": ""NimbusAPI"", ""team"": ""payments""}",NULL,NULL,"Usage-Based","INV-202409-41275","Object Storage",0.2148,46.84839552,0.3521
"AllocatedMethodId-6922","AllocatedResourceId-3608","AllocatedResourceName-3761","{}",766.5212082,"123456789012","SunBird","BillingAccount","USD","2024-10-01T00:00:00Z","2024-09-01T00:00:00Z",NULL,NULL,"Usage",NULL,"Amazon Relational Database Service Database Instance in Asia Pacific (Sydney)","2024-09-25T12:00:00Z","2024-09-25T11:00:00Z","Spend","cd-694469","commit-4469",NULL,"Unused","Reserved Instance",NULL,NULL,NULL,NULL,881.0588599999999,2.1670,766.5212082,"AWS","AWS",1276.905148,3.1406,"Dynamic","USD",406.58,"Hours","AWS","AWS","ap-southeast-2","Asia Pacific (Sydney)","arn:aws:ec2:ap-southeast-2:123456789012:instance/i-001f15bfe9c9",NULL,"Database Instance","Databases","Amazon Relational Database Service","AWS","3QWWWPR2DU3QKN99","Amazon Relational Database Service Hours",NULL,"UZWL5FVW8OUTGFZU.5LYMQ5WV","438839167390","Zenith Eclipse","BillingAccount",NULL,NULL,NULL,"Usage-Based","INV-202409-67379","Relational Databases",2.1670,766.5212082,3.1406
"AllocatedMethodId-9496","AllocatedResourceId-7547","AllocatedResourceName-7342","{}",248.59421916,"01ABCD-2345EF-6789GH","Helios Labs","BillingAccount","USD","2024-10-01T00:00:00Z","2024-09-01T00:00:00Z",NULL,NULL,"Usage",NULL,"Compute Engine VM Instance in Iowa","2024-09-25T20:00:00Z","2024-09-25T19:00:00Z",NULL,NULL,NULL,NULL,NULL,NULL,NULL,321.1600000000,"Hours",NULL,371.036148,1.1553,248.59421916,"Google","Google",475.67007600000005,1.4811,"Other","USD",321.16,"Hours","Google","Google","us-central1","Iowa","//compute.googleapis.com/projects/helios-labs/zones/us-central1-a/instances/inst-1666",NULL,"VM Instance","Compute","Compute Engine","Google","ZQJV8WZIYGSFUO2C","Compute Engine Hours",NULL,"P9JRB5OOPO2NJASP.B42099M0","proj-helios-prod","helios-prod","BillingAccount",NULL,NULL,"asia-southeast1-c","Usage-Based","INV-202409-34386","Virtual Machines",1.1553,248.59421916,1.4811
"AllocatedMethodId-9322","AllocatedResourceId-7670","AllocatedResourceName-3363","{}",115.1751588,"01ABCD-2345EF-6789GH","Helios Labs","BillingAccount","USD","2024-10-01T00:00:00Z","2024-09-01T00:00:00Z",NULL,NULL,"Usage",NULL,"Cloud Load Balancing Forwarding Rule in Singapore","2024-09-19T10:00:00Z","2024-09-19T09:00:00Z",NULL,NULL,NULL,NULL,NULL,NULL,NULL,160.0800000000,"Hours",NULL,177.192552,1.1069,115.1751588,"Google","Google",285.80683200000004,1.7854,"Standard","USD",160.08,"Hours","Google","Google","asia-southeast1","Singapore","//compute.googleapis.com/projects/helios-labs/zones/asia-southeast1-a/instances/inst-9291",NULL,"Forwarding Rule","Networking","Cloud Load Balancing","Google","8UGOW9O3RD3251EK","Cloud Load Balancing Hours",NULL,"B929DW4JEWERQB51.IZN2T8TV","proj-helios-dev","helios-dev","BillingAccount","{""cost_center"": ""CC-3090""}",NULL,"asia-southeast1-c","Usage-Based","INV-202409-40482","Application Networking",1.1069,115.1751588,1.7854
"AllocatedMethodId-1206","AllocatedResourceId-1076","AllocatedResourceName-6355","{}",513.74649339,"01ABCD-2345EF-6789GH","Helios Labs","BillingAccount","USD","2024-10-01T00:00:00Z","2024-09-01T00:00:00Z",NULL,NULL,"Usage",NULL,"Compute Engine VM Instance in Iowa","2024-09-26T02:00:00Z","2024-09-26T01:00:00Z",NULL,NULL,NULL,NULL,NULL,NULL,NULL,306.9300000000,"Hours",NULL,577.243251,1.8807,513.74649339,"Google","Google",813.026877,2.6489,"Standard","USD",306.93,"Hours","Google","Google","us-central1","Iowa","//compute.googleapis.com/projects/helios-labs/zones/us-central1-a/instances/inst-6697",NULL,"VM Instance","Compute","Compute Engine","Google","HVFGZY0Y4IVLGTWL","Compute Engine Hours",NULL,"1Q5FLQZMOWFV2G7Q.BD9DXGKA","proj-helios-dev","helios-dev","BillingAccount","{""environment"": ""prod""}",NULL,NULL,"Usage-Based","INV-202409-79352","Virtual Machines",1.8807,513.74649339,2.6489
"AllocatedMethodId-4292","AllocatedResourceId-5629","AllocatedResourceName-6248","{}",260.25418496,"ocid1.tenancy.oc1..aaaa1234","Meridian OCI","Tenancy","USD","2024-10-01T00:00:00Z","2024-09-01T00:00:00Z",NULL,NULL,"Usage",NULL,"Oracle Autonomous Database Database in US East (Ashburn)","2024-09-04T00:00:00Z","2024-09-03T23:00:00Z","Spend","cd-816367","commit-6367",NULL,"Unused","Committed Use Discount",NULL,NULL,NULL,NULL,406.64716400000003,1.6324,260.25418496,"Oracle","Oracle",666.643271,2.6761,"Committed","USD",249.11,"Hours","Oracle","Oracle","us-ashburn-1","US East (Ashburn)","ocid1.instance.oc1.us-ashburn-1.00a137e6456a",NULL,"Database","Databases","Oracle Autonomous Database","Oracle","HTSGWL7KG5MJV39Y","Oracle Autonomous Database Hours",NULL,"2H9EVPXJP5MZCWD4.G7FU787Z","ocid1.compartment.oc1..dev","development","Tenancy","{""owner"": ""g.hopper"", ""environment"": ""qa""}",NULL,"us-ashburn-1-AD-1","Usage-Based","INV-202409-81615","Relational Databases",1.6324,260.25418496,2.6761
"AllocatedMethodId-4741","AllocatedResourceId-7091","AllocatedResourceName-7585","{}",3.868268,"8a93b2c1-1234-4abc-9def-0123456789ab","Contoso Cloud","BillingProfile","USD","2024-10-01T00:00:00Z","2024-09-01T00:00:00Z",NULL,NULL,"Usage",NULL,"Azure Kubernetes Service Cluster in West Europe","2024-09-27T18:00:00Z","2024-09-27T17:00:00Z",NULL,NULL,NULL,NULL,NULL,NULL,NULL,41.2000000000,"Hours",NULL,4.7174000000000005,0.1145,3.868268,"Microsoft","Microsoft",4.91516,0.1193,"Dynamic","USD",41.20,"Hours","Microsoft","Microsoft","westeurope","West Europe","/subscriptions/8a93b2c1-1234-4abc-9def-0123456789ab/resourceGroups/rg-349/providers/Microsoft.Compute/virtualMachines/vm-2770",NULL,"Cluster","Compute","Azure Kubernetes Service","Microsoft","8LUD8BDTYMW8D167","Azure Kubernetes Service Hours",NULL,"L6XCNG3LOUEN5NAC.YNHSAPVL","sub-2b7c","Staging","BillingProfile","{""owner"": ""a.lovelace"", ""application"": ""BrightSourceCore""}",NULL,NULL,"Usage-Based","INV-202409-61107","Containers",0.1145,3.868268,0.1193
"AllocatedMethodId-1623","AllocatedResourceId-7358","AllocatedResourceName-4022","{}",556.6597344,"123456789012","SunBird","BillingAccount","USD","2024-10-01T00:00:00Z","2024-09-01T00:00:00Z",NULL,NULL,"Usage",NULL,"Amazon Simple Storage Service Bucket in US West (Oregon)","2024-09-11T13:00:00Z","2024-09-11T12:00:00Z",NULL,NULL,NULL,NULL,NULL,NULL,NULL,340.2000000000,"GB",NULL,773.1385200000001,2.2726,556.6597344,"AWS","AWS",1208.0161799999998,3.5509,"Dynamic","USD",340.20,"GB","AWS","AWS","us-west-2","US West (Oregon)","arn:aws:ec2:us-west-2:123456789012:instance/i-00df198bc5a1",NULL,"Bucket","Storage","Amazon Simple Storage Service","AWS","5QAZC2IOEHHK5EL8","Amazon Simple Storage Service GB",NULL,"UKQZS8SSQGHZMF95.MI7C44GH","663626350770","Zenith Apollo","BillingAccount","{""team"": ""infra"", ""application"": ""NimbusAPI""}",NULL,"us-west-2b","Usage-Based","INV-202409-39968","Object Storage",2.2726,556.6597344,3.5509
"AllocatedMethodId-1629","AllocatedResourceId-3350","AllocatedResourceName-2700","{}",202.57205199,"123456789012","SunBird","BillingAccount","USD","2024-10-01T00:00:00Z","2024-09-01T00:00:00Z",NULL,NULL,"Usage",NULL,"AWS Lambda Function in US East (N. Virginia)","2024-09-19T15:00:00Z","2024-09-19T14:00:00Z",NULL,NULL,NULL,NULL,NULL,NULL,NULL,71.3900000000,"Requests",NULL,208.837167,2.9253,202.57205199,"AWS","AWS",213.09914999999998,2.9850,"Other","USD",71.39,"Requests","AWS","AWS","us-east-1","US East (N. Virginia)","arn:aws:ec2:us-east-1:123456789012:instance/i-00a853aa9fa0",NULL,"Function","Compute","AWS Lambda","AWS","AJVQLW3MDZYJS6EO","AWS Lambda Requests",NULL,"LMV2B2EP7S9KJ9UD.HE078BKU","517389287820","Atlas Nimbus","BillingAccount",NULL,NULL,"eu-west-1c","Usage-Based","INV-202409-58545","Serverless Compute",2.9253,202.57205199,2.9850
"AllocatedMethodId-4373","AllocatedResourceId-5030","AllocatedResourceName-4554","{}",41.8127938,"8a93b2c1-1234-4abc-9def-0123456789ab","Contoso Cloud","BillingProfile","USD","2024-10-01T00:00:00Z","2024-09-01T00:00:00Z",NULL,NULL,"Usage",NULL,"Virtual Machines Virtual Machine in UK South","2024-09-25T01:00:00Z","2024-09-25T00:00:00Z","Spend","cd-177514","commit-7514",NULL,"Unused","Committed Use Discount",NULL,NULL,NULL,NULL,50.37685999999999,0.8420,41.8127938,"Microsoft","Microsoft",67.171141,1.1227,"Committed","USD",59.83,"Hours","Microsoft","Microsoft","uksouth","UK South","/subscriptions/8a93b2c1-1234-4abc-9def-0123456789ab/resourceGroups/rg-913/providers/Microsoft.Compute/virtualMachines/vm-3717",NULL,"Virtual Machine","Compute","Virtual Machines","Microsoft","34J38XOJSLYQKXB1","Virtual Machines Hours",NULL,"TJC308OZIWNZ0032.2Y3XVUZI","sub-9a1f","Production","BillingProfile","{""team"": ""infra"", ""business_unit"": ""MarseilleSRE"", ""owner"": ""a.turing""}",NULL,NULL,"Usage-Based","INV-202409-79459","Virtual Machines",0.8420,41.8127938,1.1227
"AllocatedMethodId-3467","AllocatedResourceId-4489","AllocatedResourceName-6039","{}",756.40161102,"8a93b2c1-1234-4abc-9def-0123456789ab","Contoso Cloud","BillingProfile","USD","2024-10-01T00:00:00Z","2024-09-01T00:00:00Z",NULL,NULL,"Usage",NULL,"Azure Functions Function App in West Europe","2024-09-29T04:00:00Z","2024-09-29T03:00:00Z",NULL,NULL,NULL,NULL,NULL,NULL,NULL,274.1100000000,"Executions",NULL,879.536757,3.2087,756.40161102,"Microsoft","Microsoft",1047.072789,3.8199,"Dynamic","USD",274.11,"Executions","Microsoft","Microsoft","westeurope","West Europe","/subscriptions/8a93b2c1-1234-4abc-9def-0123456789ab/resourceGroups/rg-311/providers/Microsoft.Compute/virtualMachines/vm-3616",NULL,"Function App","Compute","Azure Functions","Microsoft","0DMNV9KY71L2BNYL","Azure Functions Executions",NULL,"RJZMJ0U3PI5U7CGE.FBADVFUW","sub-4d3e","Sandbox","BillingProfile",NULL,NULL,"uksouth-1","Usage-Based","INV-202409-36608","Serverless Compute",3.2087,756.40161102,3.8199
"AllocatedMethodId-9411","AllocatedResourceId-5591","AllocatedResourceName-9526","{}",55.06367232,"123456789012","SunBird","BillingAccount","USD","2024-10-01T00:00:00Z","2024-09-01T00:00:00Z",NULL,NULL,"Usage",NULL,"Amazon Relational Database Service Database Instance in Europe (Ireland)","2024-09-20T02:00:00Z","2024-09-20T01:00:00Z",NULL,NULL,NULL,NULL,NULL,NULL,NULL,144.8800000000,"Hours",NULL,57.357991999999996,0.3959,55.06367232,"AWS","AWS",73.541088,0.5076,"Standard","USD",144.88,"Hours","AWS","AWS","eu-west-1","Europe (Ireland)","arn:aws:ec2:eu-west-1:123456789012:instance/i-00572fcc9e55",NULL,"Database Instance","Databases","Amazon Relational Database Service","AWS","HJ2GCIY4Y4KBX2L2","Amazon Relational Database Service Hours",NULL,"B5WVFXELITZJHMUS.FW5B0KXQ","663626350770","Zenith Apollo","BillingAccount","{""cost_center"": ""CC-3090"", ""team"": ""infra"", ""environment"": ""staging""}",NULL,NULL,"Usage-Based","INV-202409-35168","Relational Databases",0.3959,55.06367232,0.5076
"AllocatedMethodId-2153","AllocatedResourceId-3559","AllocatedResourceName-8549","{}",563.5372600000001,"123456789012","SunBird","BillingAccount","USD","2024-10-01T00:00:00Z","2024-09-01T00:00:00Z",NULL,NULL,"Purchase",NULL,"Amazon Simple Queue Service Queue in Europe (Ireland)","2024-09-03T06:00:00Z","2024-09-03T05:00:00Z",NULL,NULL,NULL,NULL,NULL,NULL,NULL,NULL,NULL,NULL,563.5372600000001,4.2835,0,"AWS","AWS",655.2740480000001,4.9808,"Standard","USD",131.56,"Requests","AWS","AWS","eu-west-1","Europe (Ireland)","arn:aws:ec2:eu-west-1:123456789012:instance/i-004aa9ea919e",NULL,"Queue","Integration","Amazon Simple Queue Service","AWS","4YYCRYVX610VIWQ9","Amazon Simple Queue Service Requests",NULL,"M5SRF2FU6HBIGPEL.XEJPFEAA","517389287820","Atlas Nimbus","BillingAccount","{""application"": ""BrightSourceCore"", ""business_unit"": ""ViennaAI"", ""owner"": ""a.lovelace""}",NULL,NULL,"Recurring","INV-202409-54713","Messaging",4.2835,0,4.9808
"AllocatedMethodId-9672","AllocatedResourceId-4156","AllocatedResourceName-8799","{}",195.36332288,"01ABCD-2345EF-6789GH","Helios Labs","BillingAccount","USD","2024-10-01T00:00:00Z","2024-09-01T00:00:00Z",NULL,NULL,"Tax",NULL,"Tax charge in Iowa","2024-09-03T10:00:00Z","2024-09-03T09:00:00Z",NULL,NULL,NULL,NULL,NULL,NULL,NULL,NULL,NULL,NULL,195.36332288,NULL,195.36332288,"Google","Google",195.36332288,NULL,NULL,"USD",NULL,NULL,"Google","Google",NULL,NULL,NULL,NULL,NULL,"Other","Tax","Google",NULL,NULL,NULL,NULL,"proj-helios-prod","helios-prod","BillingAccount","{""environment"": ""prod"", ""owner"": ""a.turing"", ""application"": ""AtlasPortal""}",NULL,NULL,"One-Time","INV-202409-91979","Other (Security)",NULL,195.36332288,NULL
"AllocatedMethodId-3794","AllocatedResourceId-1699","AllocatedResourceName-6781","{}",835.5788216,"8a93b2c1-1234-4abc-9def-0123456789ab","Contoso Cloud","BillingProfile","USD","2024-10-01T00:00:00Z","2024-09-01T00:00:00Z",NULL,NULL,"Usage",NULL,"Azure Load Balancer Load Balancer in UK South","2024-09-08T23:00:00Z","2024-09-08T22:00:00Z","Usage","cd-307324","commit-7324",NULL,"Used","Reserved Instance",NULL,295.9100000000,"Hours",NULL,1044.473527,3.5297,835.5788216,"Microsoft","Microsoft",1273.7445950000001,4.3045,"Other","USD",295.91,"Hours","Microsoft","Microsoft","uksouth","UK South","/subscriptions/8a93b2c1-1234-4abc-9def-0123456789ab/resourceGroups/rg-814/providers/Microsoft.Compute/virtualMachines/vm-4838",NULL,"Load Balancer","Networking","Azure Load Balancer","Microsoft","06SN1QWP7AQSKEDE","Azure Load Balancer Hours",NULL,"5WD1F2AFUXEQU2W4.X5T5U8MO","sub-4d3e","Sandbox","BillingProfile","{""application"": ""AtlasPortal"", ""environment"": ""dev"", ""cost_center"": ""CC-1001""}",NULL,"uksouth-1","Usage-Based","INV-202409-86969","Application Networking",3.5297,835.5788216,4.3045
"AllocatedMethodId-6089","AllocatedResourceId-8028","AllocatedResourceName-2996","{}",86.59201782,"ocid1.tenancy.oc1..aaaa1234","Meridian OCI","Tenancy","USD","2024-10-01T00:00:00Z","2024-09-01T00:00:00Z",NULL,NULL,"Usage",NULL,"Oracle Functions Function in UK South (London)","2024-09-18T05:00:00Z","2024-09-18T04:00:00Z","Usage","cd-246205","commit-6205",NULL,"Used","Savings Plan",NULL,226.0900000000,"Invocations",NULL,112.457166,0.4974,86.59201782,"Oracle","Oracle",160.636945,0.7105,"Dynamic","USD",226.09,"Invocations","Oracle","Oracle","uk-london-1","UK South (London)","ocid1.instance.oc1.uk-london-1.002f8003cfb7",NULL,"Function","Compute","Oracle Functions","Oracle","BZ4JRVMB5ZKT9ROM","Oracle Functions Invocations",NULL,"5511K5DWGEU4SJP7.5N05ATKV","ocid1.compartment.oc1..dev","development","Tenancy","{""team"": ""payments""}",NULL,"us-ashburn-1-AD-1","Usage-Based","INV-202409-92635","Serverless Compute",0.4974,86.59201782,0.7105
"AllocatedMethodId-6582","AllocatedResourceId-6424","AllocatedResourceName-4184","{}",496.93386,"8a93b2c1-1234-4abc-9def-0123456789ab","Contoso Cloud","BillingProfile","USD","2024-10-01T00:00:00Z","2024-09-01T00:00:00Z",NULL,NULL,"Tax",NULL,"Tax charge in Southeast Asia","2024-09-16T23:00:00Z","2024-09-16T22:00:00Z",NULL,NULL,NULL,NULL,NULL,NULL,NULL,NULL,NULL,NULL,496.93386,NULL,496.93386,"Microsoft","Microsoft",496.93386,NULL,NULL,"USD",NULL,NULL,"Microsoft","Microsoft",NULL,NULL,NULL,NULL,NULL,"Other","Tax","Microsoft",NULL,NULL,NULL,NULL,"sub-2b7c","Staging","BillingProfile","{""owner"": ""k.johnson"", ""environment"": ""qa""}",NULL,NULL,"One-Time","INV-202409-46769","Other (Security)",NULL,496.93386,NULL
"AllocatedMethodId-1472","AllocatedResourceId-7904","AllocatedResourceName-2289","{}",454.456632,"8a93b2c1-1234-4abc-9def-0123456789ab","Contoso Cloud","BillingProfile","USD","2024-10-01T00:00:00Z","2024-09-01T00:00:00Z",NULL,NULL,"Usage",NULL,"Azure SQL Database SQL Database in West Europe","2024-09-26T08:00:00Z","2024-09-26T07:00:00Z","Spend","cd-886633","commit-6633",NULL,"Unused","Committed Use Discount",NULL,NULL,NULL,NULL,568.07079,2.3253,454.456632,"Microsoft","Microsoft",573.8118400000001,2.3488,"Standard","USD",244.30,"Hours","Microsoft","Microsoft","westeurope","West Europe","/subscriptions/8a93b2c1-1234-4abc-9def-0123456789ab/resourceGroups/rg-562/providers/Microsoft.Compute/virtualMachines/vm-891",NULL,"SQL Database","Databases","Azure SQL Database","Microsoft","E2YMRJXD4POAUW49","Azure SQL Database Hours",NULL,"JRU5U8MMHSDM76SP.Y1ATQNJS","sub-4d3e","Sandbox","BillingProfile",NULL,NULL,"uksouth-1","Usage-Based","INV-202409-13313","Relational Databases",2.3253,454.456632,2.3488
"AllocatedMethodId-9980","AllocatedResourceId-2465","AllocatedResourceName-4395","{}",171.38624256,"01ABCD-2345EF-6789GH","Helios Labs","BillingAccount","USD","2024-10-01T00:00:00Z","2024-09-01T00:00:00Z",NULL,NULL,"Usage",NULL,"BigQuery Dataset in Belgium","2024-09-27T17:00:00Z","2024-09-27T16:00:00Z","Usage","cd-307388","commit-7388",NULL,"Used","Savings Plan",NULL,222.0800000000,"GiB",NULL,219.725952,0.9894,171.38624256,"Google","Google",348.77664000000004,1.5705,"Committed","USD",222.08,"GiB","Google","Google","europe-west1","Belgium","//compute.googleapis.com/projects/helios-labs/zones/europe-west1-a/instances/inst-3930",NULL,"Dataset","Analytics","BigQuery","Google","UY9B1UZLUCSUC6DI","BigQuery GiB",NULL,"5EEIJG7KPFXWVF0V.E5Z8D70Z","proj-helios-dev","helios-dev","BillingAccount","{""application"": ""BrightLensMatrix"", ""owner"": ""k.johnson""}",NULL,NULL,"Usage-Based","INV-202409-30314","Data Warehouses",0.9894,171.38624256,1.5705
"AllocatedMethodId-1682","AllocatedResourceId-7348","AllocatedResourceName-2748","{}",33.3248058,"ocid1.tenancy.oc1..aaaa1234","Meridian OCI","Tenancy","USD","2024-10-01T00:00:00Z","2024-09-01T00:00:00Z",NULL,NULL,"Usage",NULL,"Oracle Object Storage Bucket in US East (Ashburn)","2024-09-10T17:00:00Z","2024-09-10T16:00:00Z","Spend","cd-329639","commit-9639",NULL,"Used","Reserved Instance",NULL,278.8500000000,"GB",NULL,48.296820000000004,0.1732,33.3248058,"Oracle","Oracle",73.198125,0.2625,"Other","USD",278.85,"GB","Oracle","Oracle","us-ashburn-1","US East (Ashburn)","ocid1.instance.oc1.us-ashburn-1.0028d545be53",NULL,"Bucket","Storage","Oracle Object Storage","Oracle","CMCNO5AWFX6KZNJ8","Oracle Object Storage GB",NULL,"ASR9X6YKMQVMUQZH.S2B26ZNL","ocid1.compartment.oc1..dev","development","Tenancy","{""team"": ""platform"", ""owner"": ""k.johnson""}",NULL,"uk-london-1-AD-2","Usage-Based","INV-202409-24770","Object Storage",0.1732,33.3248058,0.2625
"AllocatedMethodId-1497","AllocatedResourceId-8807","AllocatedResourceName-3860","{}",30.54389376,"8a93b2c1-1234-4abc-9def-0123456789ab","Contoso Cloud","BillingProfile","USD","2024-10-01T00:00:00Z","2024-09-01T00:00:00Z",NULL,NULL,"Usage",NULL,"Azure Blob Storage Storage Account in Southeast Asia","2024-09-29T19:00:00Z","2024-09-29T18:00:00Z",NULL,NULL,NULL,NULL,NULL,NULL,NULL,180.4800000000,"GB",NULL,36.799872,0.2039,30.54389376,"Microsoft","Microsoft",49.072511999999996,0.2719,"Standard","USD",180.48,"GB","Microsoft","Microsoft","southeastasia","Southeast Asia","/subscriptions/8a93b2c1-1234-4abc-9def-0123456789ab/resourceGroups/rg-285/providers/Microsoft.Compute/virtualMachines/vm-8493",NULL,"Storage Account","Storage","Azure Blob Storage","Microsoft","U3ZK549SPEGABDAR","Azure Blob Storage GB",NULL,"AT2YKGDXNM1XER0B.TCHTJQ3N","sub-4d3e","Sandbox","BillingProfile","{""application"": ""BrightSourceCore"", ""business_unit"": ""MarseilleSRE"", ""owner"": ""k.johnson""}",NULL,"uksouth-1","Usage-Based","INV-202409-25771","Object Storage",0.2039,30.54389376,0.2719
"AllocatedMethodId-5791","AllocatedResourceId-3418","AllocatedResourceName-9102","{}",389.9057136,"123456789012","SunBird","BillingAccount","USD","2024-10-01T00:00:00Z","2024-09-01T00:00:00Z",NULL,NULL,"Usage",NULL,"Amazon Elastic Compute Cloud Virtual Machine in US East (N. Virginia)","2024-09-11T01:00:00Z","2024-09-11T00:00:00Z","Spend","cd-166357","commit-6357",NULL,"Used","Reserved Instance",NULL,347.4600000000,"Hours",NULL,469.76592,1.3520,389.9057136,"AWS","AWS",474.52612199999993,1.3657,"Committed","USD",347.46,"Hours","AWS","AWS","us-east-1","US East (N. Virginia)","arn:aws:ec2:us-east-1:123456789012:instance/i-0043b20b8aca",NULL,"Virtual Machine","Compute","Amazon Elastic Compute Cloud","AWS","ACERS4MRBRMP2AC1","Amazon Elastic Compute Cloud Hours",NULL,"95ODSXFX348KXX98.JUW0LZX3","663626350770","Zenith Apollo","BillingAccount","{""application"": ""NimbusAPI"", ""owner"": ""a.turing""}",NULL,NULL,"Usage-Based","INV-202409-55539","Virtual Machines",1.3520,389.9057136,1.3657
"AllocatedMethodId-4962","AllocatedResourceId-7653","AllocatedResourceName-5962","{}",1003.3813068,"ocid1.tenancy.oc1..aaaa1234","Meridian OCI","Tenancy","USD","2024-10-01T00:00:00Z","2024-09-01T00:00:00Z",NULL,NULL,"Usage",NULL,"Oracle Autonomous Database Database in UK South (London)","2024-09-26T17:00:00Z","2024-09-26T16:00:00Z",NULL,NULL,NULL,NULL,NULL,NULL,NULL,462.3600000000,"Hours",NULL,1223.6357400000002,2.6465,1003.3813068,"Oracle","Oracle",1492.220664,3.2274,"Standard","USD",462.36,"Hours","Oracle","Oracle","uk-london-1","UK South (London)","ocid1.instance.oc1.uk-london-1.00d61d75b758",NULL,"Database","Databases","Oracle Autonomous Database","Oracle","KINZF0H68C7GAQ9K","Oracle Autonomous Database Hours",NULL,"OV5HUX9Z7ZOW0GO3.JMA6G5JE","ocid1.compartment.oc1..prod","production","Tenancy","{""cost_center"": ""CC-3090"", ""environment"": ""staging""}",NULL,NULL,"Usage-Based","INV-202409-50180","Relational Databases",2.6465,1003.3813068,3.2274
"AllocatedMethodId-8688","AllocatedResourceId-1562","AllocatedResourceName-6289","{}",197.0794665,"8a93b2c1-1234-4abc-9def-0123456789ab","Contoso Cloud","BillingProfile","USD","2024-10-01T00:00:00Z","2024-09-01T00:00:00Z",NULL,NULL,"Usage",NULL,"Azure Functions Function App in East US","2024-09-02T01:00:00Z","2024-09-02T00:00:00Z",NULL,NULL,NULL,NULL,NULL,NULL,NULL,103.5500000000,"Executions",NULL,312.82455,3.0210,197.0794665,"Microsoft","Microsoft",428.520965,4.1383,"Standard","USD",103.55,"Executions","Microsoft","Microsoft","eastus","East US","/subscriptions/8a93b2c1-1234-4abc-9def-0123456789ab/resourceGroups/rg-643/providers/Microsoft.Compute/virtualMachines/vm-5407",NULL,"Function App","Compute","Azure Functions","Microsoft","ATVYXNT14C5C5UWB","Azure Functions Executions",NULL,"Q4Y8G1W5BYC5F4Q8.FFPG3YVP","sub-9a1f","Production","BillingProfile",NULL,NULL,NULL,"Usage-Based","INV-202409-89116","Serverless Compute",3.0210,197.0794665,4.1383
"AllocatedMethodId-9604","AllocatedResourceId-7034","AllocatedResourceName-9904","{}",185.3523336,"01ABCD-2345EF-6789GH","Helios Labs","BillingAccount","USD","2024-10-01T00:00:00Z","2024-09-01T00:00:00Z",NULL,NULL,"Usage",NULL,"Cloud Functions Function in Northern Virginia","2024-09-27T05:00:00Z","2024-09-27T04:00:00Z",NULL,NULL,NULL,NULL,NULL,NULL,NULL,64.2000000000,"Invocations",NULL,191.08488,2.9764,185.3523336,"Google","Google",276.93312000000003,4.3136,"Other","USD",64.20,"Invocations","Google","Google","us-east4","Northern Virginia","//compute.googleapis.com/projects/helios-labs/zones/us-east4-a/instances/inst-8217",NULL,"Function","Compute","Cloud Functions","Google","H75L2SKCSV1HJEM4","Cloud Functions Invocations",NULL,"5PAYLYCTLOV5O2HG.KIIB25X1","proj-helios-prod","helios-prod","BillingAccount","{""business_unit"": ""LisbonOps"", ""cost_center"": ""CC-3090""}",NULL,NULL,"Usage-Based","INV-202409-12691","Serverless Compute",2.9764,185.3523336,4.3136
"AllocatedMethodId-3824","AllocatedResourceId-7354","AllocatedResourceName-9870","{}",8.26058736,"123456789012","SunBird","BillingAccount","USD","2024-10-01T00:00:00Z","2024-09-01T00:00:00Z",NULL,NULL,"Usage",NULL,"Amazon Simple Queue Service Queue in Asia Pacific (Sydney)","2024-09-12T22:00:00Z","2024-09-12T21:00:00Z",NULL,NULL,NULL,NULL,NULL,NULL,NULL,33.4800000000,"Requests",NULL,9.494928,0.2836,8.26058736,"AWS","AWS",14.607324,0.4363,"Dynamic","USD",33.48,"Requests","AWS","AWS","ap-southeast-2","Asia Pacific (Sydney)","arn:aws:ec2:ap-southeast-2:123456789012:instance/i-0046da7dfe02",NULL,"Queue","Integration","Amazon Simple Queue Service","AWS","M28X9Q4EL0H9COMJ","Amazon Simple Queue Service Requests",NULL,"TIZAXD6AH7R7ATIU.P4NM444N","517389287820","Atlas Nimbus","BillingAccount","{""environment"": ""prod""}",NULL,"us-east-1a","Usage-Based","INV-202409-22982","Messaging",0.2836,8.26058736,0.4363
"AllocatedMethodId-2490","AllocatedResourceId-9022","AllocatedResourceName-6610","{}",142.0251128,"123456789012","SunBird","BillingAccount","USD","2024-10-01T00:00:00Z","2024-09-01T00:00:00Z",NULL,NULL,"Adjustment",NULL,"Amazon Simple Storage Service Bucket in US West (Oregon)","2024-09-07T05:00:00Z","2024-09-07T04:00:00Z","Usage","cd-533595","commit-3595",NULL,"Unused","Reserved Instance",NULL,NULL,NULL,NULL,167.088368,0.3376,142.0251128,"AWS","AWS",179.65959,0.3630,"Committed","USD",494.93,"GB","AWS","AWS","us-west-2","US West (Oregon)",NULL,NULL,NULL,"Storage","Amazon Simple Storage Service","AWS","MXZ2OI460KP7S5E1","Amazon Simple Storage Service GB",NULL,"B0E9FJCXRZR3VT8U.T465Y9I4","663626350770","Zenith Apollo","BillingAccount","{""application"": ""NimbusAPI"", ""business_unit"": ""ViennaAI""}",NULL,NULL,"One-Time","INV-202409-54181","Object Storage",0.3376,142.0251128,0.3630
"AllocatedMethodId-8450","AllocatedResourceId-5539","AllocatedResourceName-9374","{}",459.69530544,"123456789012","SunBird","BillingAccount","USD","2024-10-01T00:00:00Z","2024-09-01T00:00:00Z",NULL,NULL,"Usage",NULL,"Amazon Relational Database Service Database Instance in Europe (Ireland)","2024-09-13T08:00:00Z","2024-09-13T07:00:00Z",NULL,NULL,NULL,NULL,NULL,NULL,NULL,463.4100000000,"Hours",NULL,676.0225080000001,1.4588,459.69530544,"AWS","AWS",751.1412690000001,1.6209,"Standard","USD",463.41,"Hours","AWS","AWS","eu-west-1","Europe (Ireland)","arn:aws:ec2:eu-west-1:123456789012:instance/i-005a8fc4221a",NULL,"Database Instance","Databases","Amazon Relational Database Service","AWS","1MISMX89UN37LHSP","Amazon Relational Database Service Hours",NULL,"NVL5XPZ4R38VJQEQ.HY9ZAEMQ","438839167390","Zenith Eclipse","BillingAccount",NULL,NULL,"ap-southeast-2a","Usage-Based","INV-202409-74887","Relational Databases",1.4588,459.69530544,1.6209
"AllocatedMethodId-5578","AllocatedResourceId-2759","AllocatedResourceName-1051","{}",102.786885,"ocid1.tenancy.oc1..aaaa1234","Meridian OCI","Tenancy","USD","2024-10-01T00:00:00Z","2024-09-01T00:00:00Z",NULL,NULL,"Purchase",NULL,"Oracle Object Storage Bucket in UK South (London)","2024-09-19T06:00:00Z","2024-09-19T05:00:00Z","Usage","cd-228887","commit-8887",NULL,"Used","Reserved Instance",NULL,NULL,NULL,NULL,102.786885,1.9017,0,"Oracle","Oracle",118.147895,2.1859,"Committed","USD",54.05,"GB","Oracle","Oracle","uk-london-1","UK South (London)","ocid1.instance.oc1.uk-london-1.00d63574b6ed",NULL,"Bucket","Storage","Oracle Object Storage","Oracle","1NCDAHVRS1POOR9W","Oracle Object Storage GB",NULL,"PJB9UOKYN8BKFR5H.GP0OP3KL","ocid1.compartment.oc1..prod","production","Tenancy","{""application"": ""AtlasPortal"", ""cost_center"": ""CC-1001""}",NULL,NULL,"One-Time","INV-202409-38880","Object Storage",1.9017,0,2.1859
"AllocatedMethodId-8165","AllocatedResourceId-5176","AllocatedResourceName-6705","{}",45.7085728,"8a93b2c1-1234-4abc-9def-0123456789ab","Contoso Cloud","BillingProfile","USD","2024-10-01T00:00:00Z","2024-09-01T00:00:00Z",NULL,NULL,"Usage",NULL,"Azure Load Balancer Load Balancer in Southeast Asia","2024-09-25T18:00:00Z","2024-09-25T17:00:00Z",NULL,NULL,NULL,NULL,NULL,NULL,NULL,106.7000000000,"Hours",NULL,51.94156,0.4868,45.7085728,"Microsoft","Microsoft",53.552730000000004,0.5019,"Dynamic","USD",106.70,"Hours","Microsoft","Microsoft","southeastasia","Southeast Asia","/subscriptions/8a93b2c1-1234-4abc-9def-0123456789ab/resourceGroups/rg-440/providers/Microsoft.Compute/virtualMachines/vm-2472",NULL,"Load Balancer","Networking","Azure Load Balancer","Microsoft","7VUB56Y2NXJEYKZN","Azure Load Balancer Hours",NULL,"NUWZRPSOY4BPE2BY.WXYB5121","sub-2b7c","Staging","BillingProfile","{""cost_center"": ""CC-1001"", ""team"": ""growth""}",NULL,"uksouth-1","Usage-Based","INV-202409-21725","Application Networking",0.4868,45.7085728,0.5019
"AllocatedMethodId-3931","AllocatedResourceId-3502","AllocatedResourceName-9743","{}",617.5356978,"8a93b2c1-1234-4abc-9def-0123456789ab","Contoso Cloud","BillingProfile","USD","2024-10-01T00:00:00Z","2024-09-01T00:00:00Z",NULL,NULL,"Usage",NULL,"Azure SQL Database SQL Database in Southeast Asia","2024-09-21T11:00:00Z","2024-09-21T10:00:00Z","Usage","cd-499973","commit-9973",NULL,"Used","Reserved Instance",NULL,322.5100000000,"Hours",NULL,656.95287,2.0370,617.5356978,"Microsoft","Microsoft",966.110956,2.9956,"Committed","USD",322.51,"Hours","Microsoft","Microsoft","southeastasia","Southeast Asia","/subscriptions/8a93b2c1-1234-4abc-9def-0123456789ab/resourceGroups/rg-728/providers/Microsoft.Compute/virtualMachines/vm-9137",NULL,"SQL Database","Databases","Azure SQL Database","Microsoft","9DQF7Q2JSJ1RLO0T","Azure SQL Database Hours",NULL,"K7EOFDLS941KPBME.EGRL8H39","sub-2b7c","Staging","BillingProfile",NULL,NULL,NULL,"Usage-Based","INV-202409-58356","Relational Databases",2.0370,617.5356978,2.9956
"AllocatedMethodId-7159","AllocatedResourceId-5907","AllocatedResourceName-7121","{}",630.67355806,"8a93b2c1-1234-4abc-9def-0123456789ab","Contoso Cloud","BillingProfile","USD","2024-10-01T00:00:00Z","2024-09-01T00:00:00Z",NULL,NULL,"Adjustment",NULL,"Azure Blob Storage Storage Account in East US","2024-09-08T08:00:00Z","2024-09-08T07:00:00Z",NULL,NULL,NULL,NULL,NULL,NULL,NULL,NULL,NULL,NULL,941.3038180000001,3.7583,630.67355806,"Microsoft","Microsoft",1120.608132,4.4742,"Standard","USD",250.46,"GB","Microsoft","Microsoft","eastus","East US",NULL,NULL,NULL,"Storage","Azure Blob Storage","Microsoft","R3P3LHPKCEYIAS37","Azure Blob Storage GB",NULL,"5Z98Z737WZQ70K65.ICNEXTH0","sub-2b7c","Staging","BillingProfile","{""cost_center"": ""CC-2042""}",NULL,NULL,"One-Time","INV-202409-60144","Object Storage",3.7583,630.67355806,4.4742
"AllocatedMethodId-9347","AllocatedResourceId-4583","AllocatedResourceName-9537","{}",577.3344876,"123456789012","SunBird","BillingAccount","USD","2024-10-01T00:00:00Z","2024-09-01T00:00:00Z",NULL,NULL,"Usage",NULL,"Amazon Relational Database Service Database Instance in Asia Pacific (Sydney)","2024-09-01T17:00:00Z","2024-09-01T16:00:00Z",NULL,NULL,NULL,NULL,NULL,NULL,NULL,375.1800000000,"Hours",NULL,641.482764,1.7098,577.3344876,"AWS","AWS",844.079964,2.2498,"Other","USD",375.18,"Hours","AWS","AWS","ap-southeast-2","Asia Pacific (Sydney)","arn:aws:ec2:ap-southeast-2:123456789012:instance/i-0093893644a2",NULL,"Database Instance","Databases","Amazon Relational Database Service","AWS","Z33XN3I0DPJGSXDW","Amazon Relational Database Service Hours",NULL,"3Y1ESW694C4EWVMT.6KAGJ9RD","517389287820","Atlas Nimbus","BillingAccount","{""environment"": ""prod"", ""owner"": ""g.hopper""}",NULL,NULL,"Usage-Based","INV-202409-13235","Relational Databases",1.7098,577.3344876,2.2498
"AllocatedMethodId-9977","AllocatedResourceId-6416","AllocatedResourceName-6349","{}",169.55207464,"01ABCD-2345EF-6789GH","Helios Labs","BillingAccount","USD","2024-10-01T00:00:00Z","2024-09-01T00:00:00Z",NULL,NULL,"Usage",NULL,"Compute Engine VM Instance in Northern Virginia","2024-09-15T07:00:00Z","2024-09-15T06:00:00Z","Usage","cd-559693","commit-9693",NULL,"Used","Savings Plan",NULL,163.2800000000,"Hours",NULL,204.27960800000002,1.2511,169.55207464,"Google","Google",300.418872,1.8399,"Committed","USD",163.28,"Hours","Google","Google","us-east4","Northern Virginia","//compute.googleapis.com/projects/helios-labs/zones/us-east4-a/instances/inst-8798",NULL,"VM Instance","Compute","Compute Engine","Google","RJJMFYRZOCCTAIM0","Compute Engine Hours",NULL,"M0J19QNAEKCQ4EO3.K5HF3VX4","proj-helios-dev","helios-dev","BillingAccount","{""owner"": ""g.hopper"", ""cost_center"": ""CC-2042"", ""application"": ""AtlasPortal""}",NULL,NULL,"Usage-Based","INV-202409-43827","Virtual Machines",1.2511,169.55207464,1.8399
"AllocatedMethodId-6359","AllocatedResourceId-7174","AllocatedResourceName-2357","{}",253.804336,"8a93b2c1-1234-4abc-9def-0123456789ab","Contoso Cloud","BillingProfile","USD","2024-10-01T00:00:00Z","2024-09-01T00:00:00Z",NULL,NULL,"Usage",NULL,"Azure Load Balancer Load Balancer in Southeast Asia","2024-09-11T12:00:00Z","2024-09-11T11:00:00Z",NULL,NULL,NULL,NULL,NULL,NULL,NULL,241.7000000000,"Hours",NULL,317.25541999999996,1.3126,253.804336,"Microsoft","Microsoft",396.58136,1.6408,"Dynamic","USD",241.70,"Hours","Microsoft","Microsoft","southeastasia","Southeast Asia","/subscriptions/8a93b2c1-1234-4abc-9def-0123456789ab/resourceGroups/rg-580/providers/Microsoft.Compute/virtualMachines/vm-6105",NULL,"Load Balancer","Networking","Azure Load Balancer","Microsoft","JG86X0Z0VTFPK4EU","Azure Load Balancer Hours",NULL,"D1Z1J04BVXHTP55Z.NZ1PSPKV","sub-4d3e","Sandbox","BillingProfile","{""business_unit"": ""MarseilleSRE"", ""owner"": ""g.hopper"", ""application"": ""BrightSourceCore""}",NULL,NULL,"Usage-Based","INV-202409-30865","Application Networking",1.3126,253.804336,1.6408
"AllocatedMethodId-5811","AllocatedResourceId-7571","AllocatedResourceName-7848","{}",1253.27180088,"123456789012","SunBird","BillingAccount","USD","2024-10-01T00:00:00Z","2024-09-01T00:00:00Z",NULL,NULL,"Usage",NULL,"Amazon Elastic Compute Cloud Virtual Machine in US East (N. Virginia)","2024-09-01T09:00:00Z","2024-09-01T08:00:00Z",NULL,NULL,NULL,NULL,NULL,NULL,NULL,448.2900000000,"Hours",NULL,1424.172501,3.1769,1253.27180088,"AWS","AWS",2094.366051,4.6719,"Dynamic","USD",448.29,"Hours","AWS","AWS","us-east-1","US East (N. Virginia)","arn:aws:ec2:us-east-1:123456789012:instance/i-00616aa2de2a",NULL,"Virtual Machine","Compute","Amazon Elastic Compute Cloud","AWS","XWFCKTVGCFCAMKZ5","Amazon Elastic Compute Cloud Hours",NULL,"GRS7ESIE3QK6G5OS.CZVK42W6","663626350770","Zenith Apollo","BillingAccount",NULL,NULL,"us-east-1a","Usage-Based","INV-202409-50160","Virtual Machines",3.1769,1253.27180088,4.6719
"AllocatedMethodId-1688","AllocatedResourceId-3299","AllocatedResourceName-4932","{}",2.3207646,"8a93b2c1-1234-4abc-9def-0123456789ab","Contoso Cloud","BillingProfile","USD","2024-10-01T00:00:00Z","2024-09-01T00:00:00Z",NULL,NULL,"Usage",NULL,"Azure SQL Database SQL Database in Southeast Asia","2024-09-11T07:00:00Z","2024-09-11T06:00:00Z",NULL,NULL,NULL,NULL,NULL,NULL,NULL,18.4100000000,"Hours",NULL,3.5163100000000003,0.1910,2.3207646,"Microsoft","Microsoft",5.408858,0.2938,"Standard","USD",18.41,"Hours","Microsoft","Microsoft","southeastasia","Southeast Asia","/subscriptions/8a93b2c1-1234-4abc-9def-0123456789ab/resourceGroups/rg-307/providers/Microsoft.Compute/virtualMachines/vm-959",NULL,"SQL Database","Databases","Azure SQL Database","Microsoft","VUP410H9TN4CXKZM","Azure SQL Database Hours",NULL,"WEDCQYL53ZU2IU1U.LAKQ0F5V","sub-9a1f","Production","BillingProfile",NULL,NULL,NULL,"Usage-Based","INV-202409-29420","Relational Databases",0.1910,2.3207646,0.2938
"AllocatedMethodId-9220","AllocatedResourceId-6016","AllocatedResourceName-1838","{}",169.35408262,"ocid1.tenancy.oc1..aaaa1234","Meridian OCI","Tenancy","USD","2024-10-01T00:00:00Z","2024-09-01T00:00:00Z",NULL,NULL,"Usage",NULL,"Oracle Autonomous Database Database in US East (Ashburn)","2024-09-18T20:00:00Z","2024-09-18T19:00:00Z","Spend","cd-909047","commit-9047",NULL,"Used","Reserved Instance",NULL,180.3700000000,"Hours",NULL,231.991894,1.2862,169.35408262,"Oracle","Oracle",309.31651300000004,1.7149,"Other","USD",180.37,"Hours","Oracle","Oracle","us-ashburn-1","US East (Ashburn)","ocid1.instance.oc1.us-ashburn-1.00af008e50f8",NULL,"Database","Databases","Oracle Autonomous Database","Oracle","9S83CSVB0E403OUO","Oracle Autonomous Database Hours",NULL,"2QTCOQZQA7OCO2PZ.A1DER880","ocid1.compartment.oc1..prod","production","Tenancy","{""owner"": ""a.turing"", ""cost_center"": ""CC-3090"", ""business_unit"": ""MarseilleSRE""}",NULL,"us-ashburn-1-AD-1","Usage-Based","INV-202409-12142","Relational Databases",1.2862,169.35408262,1.7149
"AllocatedMethodId-6787","AllocatedResourceId-3890","AllocatedResourceName-7355","{}",244.3287396,"ocid1.tenancy.oc1..aaaa1234","Meridian OCI","Tenancy","USD","2024-10-01T00:00:00Z","2024-09-01T00:00:00Z",NULL,NULL,"Usage",NULL,"Oracle Load Balancer Load Balancer in US East (Ashburn)","2024-09-05T23:00:00Z","2024-09-05T22:00:00Z",NULL,NULL,NULL,NULL,NULL,NULL,NULL,280.3800000000,"Hours",NULL,359.30697000000004,1.2815,244.3287396,"Oracle","Oracle",460.66434,1.6430,"Dynamic","USD",280.38,"Hours","Oracle","Oracle","us-ashburn-1","US East (Ashburn)","ocid1.instance.oc1.us-ashburn-1.00923ac9e0f9",NULL,"Load Balancer","Networking","Oracle Load Balancer","Oracle","BGIQKSQ0K1NKXGST","Oracle Load Balancer Hours",NULL,"89EEJHAPERLH2VH6.836H4RFW","ocid1.compartment.oc1..dev","development","Tenancy",NULL,NULL,NULL,"Usage-Based","INV-202409-22062","Application Networking",1.2815,244.3287396,1.6430
"AllocatedMethodId-3224","AllocatedResourceId-8756","AllocatedResourceName-9099","{}",280.42222194,"8a93b2c1-1234-4abc-9def-0123456789ab","Contoso Cloud","BillingProfile","USD","2024-10-01T00:00:00Z","2024-09-01T00:00:00Z",NULL,NULL,"Usage",NULL,"Azure Functions Function App in Southeast Asia","2024-09-01T19:00:00Z","2024-09-01T18:00:00Z",NULL,NULL,NULL,NULL,NULL,NULL,NULL,496.0600000000,"Executions",NULL,346.200274,0.6979,280.42222194,"Microsoft","Microsoft",402.55269,0.8115,"Standard","USD",496.06,"Executions","Microsoft","Microsoft","southeastasia","Southeast Asia","/subscriptions/8a93b2c1-1234-4abc-9def-0123456789ab/resourceGroups/rg-49/providers/Microsoft.Compute/virtualMachines/vm-7234",NULL,"Function App","Compute","Azure Functions","Microsoft","WBVY1G6ZNKM4EO59","Azure Functions Executions",NULL,"3YUXMCC2MAWBXV0A.U3FIG79H","sub-4d3e","Sandbox","BillingProfile",NULL,NULL,NULL,"Usage-Based","INV-202409-87710","Serverless Compute",0.6979,280.42222194,0.8115
"AllocatedMethodId-5874","AllocatedResourceId-2645","AllocatedResourceName-7613","{}",444.49329744,"01ABCD-2345EF-6789GH","Helios Labs","BillingAccount","USD","2024-10-01T00:00:00Z","2024-09-01T00:00:00Z",NULL,NULL,"Usage",NULL,"Compute Engine VM Instance in Iowa","2024-09-11T12:00:00Z","2024-09-11T11:00:00Z",NULL,NULL,NULL,NULL,NULL,NULL,NULL,146.7300000000,"Hours",NULL,617.3518019999999,4.2074,444.49329744,"Google","Google",629.955909,4.2933,"Dynamic","USD",146.73,"Hours","Google","Google","us-central1","Iowa","//compute.googleapis.com/projects/helios-labs/zones/us-central1-a/instances/inst-4934",NULL,"VM Instance","Compute","Compute Engine","Google","RV0E7XE5TT0BBSUL","Compute Engine Hours",NULL,"FI7GXHGQVUHLNFOD.RT98F98T","proj-helios-dev","helios-dev","BillingAccount",NULL,NULL,"europe-west1-b","Usage-Based","INV-202409-82399","Virtual Machines",4.2074,444.49329744,4.2933
"AllocatedMethodId-5177","AllocatedResourceId-9153","AllocatedResourceName-1023","{}",12.012975,"123456789012","SunBird","BillingAccount","USD","2024-10-01T00:00:00Z","2024-09-01T00:00:00Z",NULL,NULL,"Usage",NULL,"Amazon Relational Database Service Database Instance in Asia Pacific (Sydney)","2024-09-29T02:00:00Z","2024-09-29T01:00:00Z",NULL,NULL,NULL,NULL,NULL,NULL,NULL,68.4500000000,"Hours",NULL,20.021625,0.2925,12.012975,"AWS","AWS",32.287865000000004,0.4717,"Standard","USD",68.45,"Hours","AWS","AWS","ap-southeast-2","Asia Pacific (Sydney)","arn:aws:ec2:ap-southeast-2:123456789012:instance/i-00a1b065c7e9",NULL,"Database Instance","Databases","Amazon Relational Database Service","AWS","GQK9PFVKLGB4NIK6","Amazon Relational Database Service Hours",NULL,"P0A7RM59PD1NYM7S.WIZ0SRPH","517389287820","Atlas Nimbus","BillingAccount",NULL,NULL,NULL,"Usage-Based","INV-202409-65079","Relational Databases",0.2925,12.012975,0.4717
"AllocatedMethodId-7467","AllocatedResourceId-3178","AllocatedResourceName-4573","{}",504.4600638,"123456789012","SunBird","BillingAccount","USD","2024-10-01T00:00:00Z","2024-09-01T00:00:00Z",NULL,NULL,"Tax",NULL,"Tax charge in US West (Oregon)","2024-09-11T20:00:00Z","2024-09-11T19:00:00Z",NULL,NULL,NULL,NULL,NULL,NULL,NULL,NULL,NULL,NULL,504.4600638,NULL,504.4600638,"AWS","AWS",504.4600638,NULL,NULL,"USD",NULL,NULL,"AWS","AWS",NULL,NULL,NULL,NULL,NULL,"Other","Tax","AWS",NULL,NULL,NULL,NULL,"663626350770","Zenith Apollo","BillingAccount","{""environment"": ""prod""}",NULL,NULL,"One-Time","INV-202409-19463","Other (Security)",NULL,504.4600638,NULL
"AllocatedMethodId-6326","AllocatedResourceId-7735","AllocatedResourceName-7205","{}",308.45697142,"01ABCD-2345EF-6789GH","Helios Labs","BillingAccount","USD","2024-10-01T00:00:00Z","2024-09-01T00:00:00Z",NULL,NULL,"Tax","Correction","Tax charge in Iowa","2024-09-05T18:00:00Z","2024-09-05T17:00:00Z",NULL,NULL,NULL,NULL,NULL,NULL,NULL,NULL,NULL,NULL,308.45697142,NULL,308.45697142,"Google","Google",308.45697142,NULL,NULL,"USD",NULL,NULL,"Google","Google",NULL,NULL,NULL,NULL,NULL,"Other","Tax","Google",NULL,NULL,NULL,NULL,"proj-helios-prod","helios-prod","BillingAccount",NULL,NULL,NULL,"One-Time","INV-202409-58333","Other (Security)",NULL,308.45697142,NULL
"AllocatedMethodId-2619","AllocatedResourceId-5453","AllocatedResourceName-9462","{}",1113.97448484,"01ABCD-2345EF-6789GH","Helios Labs","BillingAccount","USD","2024-10-01T00:00:00Z","2024-09-01T00:00:00Z",NULL,NULL,"Usage",NULL,"BigQuery Dataset in Belgium","2024-09-09T20:00:00Z","2024-09-09T19:00:00Z",NULL,NULL,NULL,NULL,NULL,NULL,NULL,429.0600000000,"GiB",NULL,1136.708658,2.6493,1113.97448484,"Google","Google",1420.875096,3.3116,"Other","USD",429.06,"GiB","Google","Google","europe-west1","Belgium","//compute.googleapis.com/projects/helios-labs/zones/europe-west1-a/instances/inst-6060",NULL,"Dataset","Analytics","BigQuery","Google","N0HSJSRL1A47E3WT","BigQuery GiB",NULL,"O2MR4YRK4O2IBP5Y.O96JHRX7","proj-helios-prod","helios-prod","BillingAccount","{""team"": ""platform"", ""environment"": ""prod""}",NULL,NULL,"Usage-Based","INV-202409-43398","Data Warehouses",2.6493,1113.97448484,3.3116
"AllocatedMethodId-7756","AllocatedResourceId-9765","AllocatedResourceName-2189","{}",104.3893728,"01ABCD-2345EF-6789GH","Helios Labs","BillingAccount","USD","2024-10-01T00:00:00Z","2024-09-01T00:00:00Z",NULL,NULL,"Usage",NULL,"Cloud Load Balancing Forwarding Rule in Northern Virginia","2024-09-03T17:00:00Z","2024-09-03T16:00:00Z",NULL,NULL,NULL,NULL,NULL,NULL,NULL,120.6200000000,"Hours",NULL,115.98819200000001,0.9616,104.3893728,"Google","Google",170.568742,1.4141,"Standard","USD",120.62,"Hours","Google","Google","us-east4","Northern Virginia","//compute.googleapis.com/projects/helios-labs/zones/us-east4-a/instances/inst-3515",NULL,"Forwarding Rule","Networking","Cloud Load Balancing","Google","90VA4MLGT1QRMZWG","Cloud Load Balancing Hours",NULL,"Y4MPUCVW4P8V5O19.BEGIO0CN","proj-helios-prod","helios-prod","BillingAccount","{""cost_center"": ""CC-3090"", ""owner"": ""a.turing"", ""environment"": ""prod""}",NULL,"us-central1-a","Usage-Based","INV-202409-71221","Application Networking",0.9616,104.3893728,1.4141
"AllocatedMethodId-8364","AllocatedResourceId-4696","AllocatedResourceName-3203","{}",28.19726464,"123456789012","SunBird","BillingAccount","USD","2024-10-01T00:00:00Z","2024-09-01T00:00:00Z",NULL,NULL,"Usage",NULL,"AWS Lambda Function in Asia Pacific (Sydney)","2024-09-06T19:00:00Z","2024-09-06T18:00:00Z",NULL,NULL,NULL,NULL,NULL,NULL,NULL,185.4400000000,"Requests",NULL,33.972608,0.1832,28.19726464,"AWS","AWS",33.972608,0.1832,"Standard","USD",185.44,"Requests","AWS","AWS","ap-southeast-2","Asia Pacific (Sydney)","arn:aws:ec2:ap-southeast-2:123456789012:instance/i-00b112fc67e4",NULL,"Function","Compute","AWS Lambda","AWS","8PC4R8KA5N0VGF6O","AWS Lambda Requests",NULL,"RA1WW29KBGBRMLKO.CLMNMIS3","663626350770","Zenith Apollo","BillingAccount","{""team"": ""growth"", ""environment"": ""dev"", ""application"": ""BrightLensMatrix""}",NULL,"eu-west-1c","Usage-Based","INV-202409-18031","Serverless Compute",0.1832,28.19726464,0.1832
"AllocatedMethodId-1881","AllocatedResourceId-4764","AllocatedResourceName-9741","{}",603.42436386,"123456789012","SunBird","BillingAccount","USD","2024-10-01T00:00:00Z","2024-09-01T00:00:00Z",NULL,NULL,"Adjustment",NULL,"Amazon Elastic Compute Cloud Virtual Machine in US West (Oregon)","2024-09-27T19:00:00Z","2024-09-27T18:00:00Z",NULL,NULL,NULL,NULL,NULL,NULL,NULL,NULL,NULL,NULL,648.843402,1.5546,603.42436386,"AWS","AWS",901.185304,2.1592,"Standard","USD",417.37,"Hours","AWS","AWS","us-west-2","US West (Oregon)",NULL,NULL,NULL,"Compute","Amazon Elastic Compute Cloud","AWS","8L0GFKNEJ0G1OKR7","Amazon Elastic Compute Cloud Hours",NULL,"97V2K8N21L2RUQNB.MZSY83FH","438839167390","Zenith Eclipse","BillingAccount","{""business_unit"": ""ViennaAI""}",NULL,NULL,"One-Time","INV-202409-26617","Virtual Machines",1.5546,603.42436386,2.1592
"AllocatedMethodId-2328","AllocatedResourceId-2353","AllocatedResourceName-4119","{}",14.21003664,"123456789012","SunBird","BillingAccount","USD","2024-10-01T00:00:00Z","2024-09-01T00:00:00Z",NULL,NULL,"Usage",NULL,"Elastic Load Balancing Load Balancer in Asia Pacific (Sydney)","2024-09-28T18:00:00Z","2024-09-28T17:00:00Z",NULL,NULL,NULL,NULL,NULL,NULL,NULL,26.4300000000,"LCU-Hours",NULL,15.445692000000001,0.5844,14.21003664,"AWS","AWS",23.76057,0.8990,"Standard","USD",26.43,"LCU-Hours","AWS","AWS","ap-southeast-2","Asia Pacific (Sydney)","arn:aws:ec2:ap-southeast-2:123456789012:instance/i-00545b73e749",NULL,"Load Balancer","Networking","Elastic Load Balancing","AWS","89FV78FQQV9ILC15","Elastic Load Balancing LCU-Hours",NULL,"NIOF7J2E18FU3KRV.BCABBBFU","438839167390","Zenith Eclipse","BillingAccount",NULL,NULL,NULL,"Usage-Based","INV-202409-31616","Application Networking",0.5844,14.21003664,0.8990
"AllocatedMethodId-4733","AllocatedResourceId-6269","AllocatedResourceName-7054","{}",8.328213,"ocid1.tenancy.oc1..aaaa1234","Meridian OCI","Tenancy","USD","2024-10-01T00:00:00Z","2024-09-01T00:00:00Z",NULL,NULL,"Purchase",NULL,"Oracle Compute Instance in UK South (London)","2024-09-03T11:00:00Z","2024-09-03T10:00:00Z","Usage","cd-220751","commit-0751",NULL,"Unused","Savings Plan",NULL,NULL,NULL,NULL,8.328213,0.6441,0,"Oracle","Oracle",9.684569999999999,0.7490,"Committed","USD",12.93,"Hours","Oracle","Oracle","uk-london-1","UK South (London)","ocid1.instance.oc1.uk-london-1.00c2e22754f9",NULL,"Instance","Compute","Oracle Compute","Oracle","84S57EJLS6CUY4C6","Oracle Compute Hours",NULL,"13BCDAQPYWVFX7R7.JZYHP0JR","ocid1.compartment.oc1..dev","development","Tenancy",NULL,NULL,NULL,"One-Time","INV-202409-77067","Virtual Machines",0.6441,0,0.7490
"AllocatedMethodId-4976","AllocatedResourceId-7877","AllocatedResourceName-3138","{}",743.7891612,"123456789012","SunBird","BillingAccount","USD","2024-10-01T00:00:00Z","2024-09-01T00:00:00Z",NULL,NULL,"Usage",NULL,"Amazon Relational Database Service Database Instance in Europe (Ireland)","2024-09-25T15:00:00Z","2024-09-25T14:00:00Z","Usage","cd-530108","commit-0108",NULL,"Unused","Committed Use Discount",NULL,NULL,NULL,NULL,1093.8075900000001,3.0626,743.7891612,"AWS","AWS",1116.129465,3.1251,"Committed","USD",357.15,"Hours","AWS","AWS","eu-west-1","Europe (Ireland)","arn:aws:ec2:eu-west-1:123456789012:instance/i-0046cf132a18",NULL,"Database Instance","Databases","Amazon Relational Database Service","AWS","IEDRDHZQ7H97AQQL","Amazon Relational Database Service Hours",NULL,"945P7MYM7EZRPJEJ.ZSK7T0TK","517389287820","Atlas Nimbus","BillingAccount","{""cost_center"": ""CC-3090""}",NULL,NULL,"Usage-Based","INV-202409-12714","Relational Databases",3.0626,743.7891612,3.1251
"AllocatedMethodId-4183","AllocatedResourceId-9621","AllocatedResourceName-5222","{}",86.5651248,"01ABCD-2345EF-6789GH","Helios Labs","BillingAccount","USD","2024-10-01T00:00:00Z","2024-09-01T00:00:00Z",NULL,NULL,"Usage",NULL,"Cloud Load Balancing Forwarding Rule in Northern Virginia","2024-09-05T11:00:00Z","2024-09-05T10:00:00Z",NULL,NULL,NULL,NULL,NULL,NULL,NULL,41.0900000000,"Hours",NULL,120.22934000000002,2.9260,86.5651248,"Google","Google",179.44824800000004,4.3672,"Standard","USD",41.09,"Hours","Google","Google","us-east4","Northern Virginia","//compute.googleapis.com/projects/helios-labs/zones/us-east4-a/instances/inst-1003",NULL,"Forwarding Rule","Networking","Cloud Load Balancing","Google","XV8LSMBF4YT0RS67","Cloud Load Balancing Hours",NULL,"6BOGXP967LRVI3DV.CSDSPNNN","proj-helios-prod","helios-prod","BillingAccount","{""business_unit"": ""ViennaAI"", ""owner"": ""g.hopper""}",NULL,"us-central1-a","Usage-Based","INV-202409-56538","Application Networking",2.9260,86.5651248,4.3672
"AllocatedMethodId-6665","AllocatedResourceId-3194","AllocatedResourceName-1949","{}",99.7446318,"01ABCD-2345EF-6789GH","Helios Labs","BillingAccount","USD","2024-10-01T00:00:00Z","2024-09-01T00:00:00Z",NULL,NULL,"Usage",NULL,"Cloud Load Balancing Forwarding Rule in Iowa","2024-09-10T12:00:00Z","2024-09-10T11:00:00Z",NULL,NULL,NULL,NULL,NULL,NULL,NULL,47.3000000000,"Hours",NULL,112.07262,2.3694,99.7446318,"Google","Google",141.86688999999998,2.9993,"Standard","USD",47.30,"Hours","Google","Google","us-central1","Iowa","//compute.googleapis.com/projects/helios-labs/zones/us-central1-a/instances/inst-6062",NULL,"Forwarding Rule","Networking","Cloud Load Balancing","Google","0CEF65UYG36097AA","Cloud Load Balancing Hours",NULL,"LNBBGV0H9I7APYV4.5QSH0ANZ","proj-helios-dev","helios-dev","BillingAccount","{""environment"": ""dev"", ""owner"": ""a.turing"", ""application"": ""BrightSourceCore""}",NULL,"asia-southeast1-c","Usage-Based","INV-202409-58222","Application Networking",2.3694,99.7446318,2.9993
"AllocatedMethodId-4328","AllocatedResourceId-6919","AllocatedResourceName-7399","{}",72.394312,"123456789012","SunBird","BillingAccount","USD","2024-10-01T00:00:00Z","2024-09-01T00:00:00Z",NULL,NULL,"Purchase",NULL,"Amazon Relational Database Service Database Instance in US East (N. Virginia)","2024-09-23T11:00:00Z","2024-09-23T10:00:00Z",NULL,NULL,NULL,NULL,NULL,NULL,NULL,NULL,NULL,NULL,72.394312,1.3298,0,"AWS","AWS",79.553172,1.4613,"Standard","USD",54.44,"Hours","AWS","AWS","us-east-1","US East (N. Virginia)","arn:aws:ec2:us-east-1:123456789012:instance/i-0048b0ba5831",NULL,"Database Instance","Databases","Amazon Relational Database Service","AWS","KKN6JEP2RVV0EFQC","Amazon Relational Database Service Hours",NULL,"SI780CXBVP5Z11C7.GHI1BCMD","517389287820","Atlas Nimbus","BillingAccount",NULL,NULL,NULL,"One-Time","INV-202409-78191","Relational Databases",1.3298,0,1.4613
"AllocatedMethodId-3978","AllocatedResourceId-1258","AllocatedResourceName-8423","{}",383.9122512,"ocid1.tenancy.oc1..aaaa1234","Meridian OCI","Tenancy","USD","2024-10-01T00:00:00Z","2024-09-01T00:00:00Z",NULL,NULL,"Usage",NULL,"Oracle Load Balancer Load Balancer in US East (Ashburn)","2024-09-17T12:00:00Z","2024-09-17T11:00:00Z",NULL,NULL,NULL,NULL,NULL,NULL,NULL,160.2000000000,"Hours",NULL,573.0033599999999,3.5768,383.9122512,"Oracle","Oracle",596.87316,3.7258,"Standard","USD",160.20,"Hours","Oracle","Oracle","us-ashburn-1","US East (Ashburn)","ocid1.instance.oc1.us-ashburn-1.00b7c4b92bc7",NULL,"Load Balancer","Networking","Oracle Load Balancer","Oracle","519JN7QSCHPT9A72","Oracle Load Balancer Hours",NULL,"MVTP497I0CNOXHDG.X2BD6XES","ocid1.compartment.oc1..prod","production","Tenancy","{""application"": ""BrightSourceCore"", ""team"": ""infra""}",NULL,NULL,"Usage-Based","INV-202409-47455","Application Networking",3.5768,383.9122512,3.7258
"AllocatedMethodId-9769","AllocatedResourceId-6999","AllocatedResourceName-7293","{}",424.34468995,"01ABCD-2345EF-6789GH","Helios Labs","BillingAccount","USD","2024-10-01T00:00:00Z","2024-09-01T00:00:00Z",NULL,NULL,"Tax",NULL,"Tax charge in Belgium","2024-09-26T13:00:00Z","2024-09-26T12:00:00Z",NULL,NULL,NULL,NULL,NULL,NULL,NULL,NULL,NULL,NULL,424.34468995,NULL,424.34468995,"Google","Google",424.34468995,NULL,NULL,"USD",NULL,NULL,"Google","Google",NULL,NULL,NULL,NULL,NULL,"Other","Tax","Google",NULL,NULL,NULL,NULL,"proj-helios-dev","helios-dev","BillingAccount","{""owner"": ""a.lovelace"", ""cost_center"": ""CC-3090"", ""team"": ""growth""}",NULL,NULL,"One-Time","INV-202409-29029","Other (Security)",NULL,424.34468995,NULL
"AllocatedMethodId-3402","AllocatedResourceId-8113","AllocatedResourceName-5358","{}",807.53352774,"8a93b2c1-1234-4abc-9def-0123456789ab","Contoso Cloud","BillingProfile","USD","2024-10-01T00:00:00Z","2024-09-01T00:00:00Z",NULL,NULL,"Usage","Correction","Azure Blob Storage Storage Account in Southeast Asia","2024-09-05T10:00:00Z","2024-09-05T09:00:00Z","Spend","cd-283630","commit-3630",NULL,"Used","Reserved Instance",NULL,443.6700000000,"GB",NULL,859.078221,1.9363,807.53352774,"Microsoft","Microsoft",1263.350325,2.8475,"Committed","USD",443.67,"GB","Microsoft","Microsoft","southeastasia","Southeast Asia","/subscriptions/8a93b2c1-1234-4abc-9def-0123456789ab/resourceGroups/rg-809/providers/Microsoft.Compute/virtualMachines/vm-7044",NULL,"Storage Account","Storage","Azure Blob Storage","Microsoft","9D0B94JZH30B2LNT","Azure Blob Storage GB",NULL,"9O7OUXP7I9BSAW0H.J1VB9JZW","sub-4d3e","Sandbox","BillingProfile","{""business_unit"": ""MarseilleSRE""}",NULL,NULL,"Usage-Based","INV-202409-81368","Object Storage",1.9363,807.53352774,2.8475
"AllocatedMethodId-9549","AllocatedResourceId-4209","AllocatedResourceName-8263","{}",358.90642284,"123456789012","SunBird","BillingAccount","USD","2024-10-01T00:00:00Z","2024-09-01T00:00:00Z",NULL,NULL,"Usage",NULL,"Elastic Load Balancing Load Balancer in Asia Pacific (Sydney)","2024-09-17T04:00:00Z","2024-09-17T03:00:00Z","Spend","cd-970962","commit-0962",NULL,"Unused","Reserved Instance",NULL,NULL,NULL,NULL,390.115677,0.8449,358.90642284,"AWS","AWS",500.145936,1.0832,"Standard","USD",461.73,"LCU-Hours","AWS","AWS","ap-southeast-2","Asia Pacific (Sydney)","arn:aws:ec2:ap-southeast-2:123456789012:instance/i-00a1ae862ce6",NULL,"Load Balancer","Networking","Elastic Load Balancing","AWS","JPT6RCBK4OAA61ZY","Elastic Load Balancing LCU-Hours",NULL,"EDHY6MEFMVBDEY7D.RFSEUD30","663626350770","Zenith Apollo","BillingAccount","{""business_unit"": ""MarseilleSRE""}",NULL,NULL,"Usage-Based","INV-202409-33224","Application Networking",0.8449,358.90642284,1.0832
"AllocatedMethodId-4585","AllocatedResourceId-7912","AllocatedResourceName-4898","{}",749.9415700000001,"ocid1.tenancy.oc1..aaaa1234","Meridian OCI","Tenancy","USD","2024-10-01T00:00:00Z","2024-09-01T00:00:00Z",NULL,NULL,"Purchase",NULL,"Oracle Object Storage Bucket in US East (Ashburn)","2024-09-10T10:00:00Z","2024-09-10T09:00:00Z","Spend","cd-570836","commit-0836",NULL,"Unused","Committed Use Discount",NULL,NULL,NULL,NULL,749.9415700000001,1.6745,0,"Oracle","Oracle",986.769938,2.2033,"Standard","USD",447.86,"GB","Oracle","Oracle","us-ashburn-1","US East (Ashburn)","ocid1.instance.oc1.us-ashburn-1.00e3d6a9d3bf",NULL,"Bucket","Storage","Oracle Object Storage","Oracle","F54YDKEQBZ78QEMM","Oracle Object Storage GB",NULL,"M3OFIUWKMWZG38F3.ANKGFKAY","ocid1.compartment.oc1..dev","development","Tenancy","{""owner"": ""g.hopper"", ""environment"": ""staging""}",NULL,NULL,"One-Time","INV-202409-24761","Object Storage",1.6745,0,2.2033
"AllocatedMethodId-8175","AllocatedResourceId-4831","AllocatedResourceName-7979","{}",55.84834848,"01ABCD-2345EF-6789GH","Helios Labs","BillingAccount","USD","2024-10-01T00:00:00Z","2024-09-01T00:00:00Z",NULL,NULL,"Usage",NULL,"Cloud Storage Bucket in Northern Virginia","2024-09-24T08:00:00Z","2024-09-24T07:00:00Z",NULL,NULL,NULL,NULL,NULL,NULL,NULL,60.6400000000,"GiB",NULL,64.193504,1.0586,55.84834848,"Google","Google",66.17643199999999,1.0913,"Dynamic","USD",60.64,"GiB","Google","Google","us-east4","Northern Virginia","//compute.googleapis.com/projects/helios-labs/zones/us-east4-a/instances/inst-3556",NULL,"Bucket","Storage","Cloud Storage","Google","JZS6CG1RSDP2NQGZ","Cloud Storage GiB",NULL,"48GJ356KLEAKF58L.GMQ70K8V","proj-helios-dev","helios-dev","BillingAccount","{""owner"": ""g.hopper""}",NULL,NULL,"Usage-Based","INV-202409-74396","Object Storage",1.0586,55.84834848,1.0913
"AllocatedMethodId-8044","AllocatedResourceId-9877","AllocatedResourceName-5731","{}",207.57288396,"8a93b2c1-1234-4abc-9def-0123456789ab","Contoso Cloud","BillingProfile","USD","2024-10-01T00:00:00Z","2024-09-01T00:00:00Z",NULL,NULL,"Usage",NULL,"Azure Functions Function App in West Europe","2024-09-23T00:00:00Z","2024-09-22T23:00:00Z",NULL,NULL,NULL,NULL,NULL,NULL,NULL,204.2200000000,"Executions",NULL,266.119082,1.3031,207.57288396,"Microsoft","Microsoft",345.62192799999997,1.6924,"Standard","USD",204.22,"Executions","Microsoft","Microsoft","westeurope","West Europe","/subscriptions/8a93b2c1-1234-4abc-9def-0123456789ab/resourceGroups/rg-797/providers/Microsoft.Compute/virtualMachines/vm-6328",NULL,"Function App","Compute","Azure Functions","Microsoft","PZ7JAXAY8JFKLOWU","Azure Functions Executions",NULL,"KFZXAV82GQZJE7LE.IUZ3C98R","sub-9a1f","Production","BillingProfile","{""cost_center"": ""CC-2042"", ""owner"": ""a.lovelace"", ""team"": ""infra""}",NULL,"eastus-1","Usage-Based","INV-202409-40830","Serverless Compute",1.3031,207.57288396,1.6924
"AllocatedMethodId-9591","AllocatedResourceId-1010","AllocatedResourceName-7530","{}",932.9067594,"123456789012","SunBird","BillingAccount","USD","2024-10-01T00:00:00Z","2024-09-01T00:00:00Z",NULL,NULL,"Usage",NULL,"Amazon Simple Storage Service Bucket in US West (Oregon)","2024-09-15T03:00:00Z","2024-09-15T02:00:00Z",NULL,NULL,NULL,NULL,NULL,NULL,NULL,364.8200000000,"GB",NULL,942.33006,2.5830,932.9067594,"AWS","AWS",1208.137912,3.3116,"Other","USD",364.82,"GB","AWS","AWS","us-west-2","US West (Oregon)","arn:aws:ec2:us-west-2:123456789012:instance/i-00a2e8bcc1e6",NULL,"Bucket","Storage","Amazon Simple Storage Service","AWS","63C2FWLP8Z2Y4M8L","Amazon Simple Storage Service GB",NULL,"B2RYEE3585Y8J165.JIU7M5C8","517389287820","Atlas Nimbus","BillingAccount","{""business_unit"": ""OsloData"", ""environment"": ""prod"", ""owner"": ""a.lovelace""}",NULL,"ap-southeast-2a","Usage-Based","INV-202409-51714","Object Storage",2.5830,932.9067594,3.3116
"AllocatedMethodId-3045","AllocatedResourceId-3751","AllocatedResourceName-5580","{}",765.88678292,"8a93b2c1-1234-4abc-9def-0123456789ab","Contoso Cloud","BillingProfile","USD","2024-10-01T00:00:00Z","2024-09-01T00:00:00Z",NULL,NULL,"Tax",NULL,"Tax charge in West Europe","2024-09-03T06:00:00Z","2024-09-03T05:00:00Z",NULL,NULL,NULL,NULL,NULL,NULL,NULL,NULL,NULL,NULL,765.88678292,NULL,765.88678292,"Microsoft","Microsoft",765.88678292,NULL,NULL,"USD",NULL,NULL,"Microsoft","Microsoft",NULL,NULL,NULL,NULL,NULL,"Other","Tax","Microsoft",NULL,NULL,NULL,NULL,"sub-2b7c","Staging","BillingProfile","{""owner"": ""a.lovelace"", ""team"": ""platform""}",NULL,NULL,"One-Time","INV-202409-98212","Other (Security)",NULL,765.88678292,NULL
"AllocatedMethodId-5707","AllocatedResourceId-5287","AllocatedResourceName-4673","{}",397.23840396,"8a93b2c1-1234-4abc-9def-0123456789ab","Contoso Cloud","BillingProfile","USD","2024-10-01T00:00:00Z","2024-09-01T00:00:00Z",NULL,NULL,"Usage",NULL,"Azure Load Balancer Load Balancer in Southeast Asia","2024-09-12T11:00:00Z","2024-09-12T10:00:00Z","Usage","cd-954827","commit-4827",NULL,"Used","Reserved Instance",NULL,196.5900000000,"Hours",NULL,536.808654,2.7306,397.23840396,"Microsoft","Microsoft",583.47912,2.9680,"Committed","USD",196.59,"Hours","Microsoft","Microsoft","southeastasia","Southeast Asia","/subscriptions/8a93b2c1-1234-4abc-9def-0123456789ab/resourceGroups/rg-194/providers/Microsoft.Compute/virtualMachines/vm-8665",NULL,"Load Balancer","Networking","Azure Load Balancer","Microsoft","8GVZKQFUL8V4LVYK","Azure Load Balancer Hours",NULL,"KZOOV7XGO6G9ZXXB.57QY9UBU","sub-2b7c","Staging","BillingProfile","{""owner"": ""k.johnson""}",NULL,NULL,"Usage-Based","INV-202409-73932","Application Networking",2.7306,397.23840396,2.9680
"AllocatedMethodId-9670","AllocatedResourceId-2999","AllocatedResourceName-9580","{}",99.79130304,"123456789012","SunBird","BillingAccount","USD","2024-10-01T00:00:00Z","2024-09-01T00:00:00Z",NULL,NULL,"Usage",NULL,"Amazon Simple Storage Service Bucket in Europe (Ireland)","2024-09-27T15:00:00Z","2024-09-27T14:00:00Z","Usage","cd-728098","commit-8098",NULL,"Used","Reserved Instance",NULL,412.1700000000,"GB",NULL,102.877632,0.2496,99.79130304,"AWS","AWS",153.574542,0.3726,"Committed","USD",412.17,"GB","AWS","AWS","eu-west-1","Europe (Ireland)","arn:aws:ec2:eu-west-1:123456789012:instance/i-00ab9ddeb527",NULL,"Bucket","Storage","Amazon Simple Storage Service","AWS","PRCFXNZTFUS3GUUM","Amazon Simple Storage Service GB",NULL,"GNLXN047GP12UCBR.JGSFCWL3","663626350770","Zenith Apollo","BillingAccount",NULL,NULL,NULL,"Usage-Based","INV-202409-60191","Object Storage",0.2496,99.79130304,0.3726
"AllocatedMethodId-2896","AllocatedResourceId-6340","AllocatedResourceName-6199","{}",214.46703096,"ocid1.tenancy.oc1..aaaa1234","Meridian OCI","Tenancy","USD","2024-10-01T00:00:00Z","2024-09-01T00:00:00Z",NULL,NULL,"Usage",NULL,"Oracle Load Balancer Load Balancer in US East (Ashburn)","2024-09-21T10:00:00Z","2024-09-21T09:00:00Z",NULL,NULL,NULL,NULL,NULL,NULL,NULL,117.5100000000,"Hours",NULL,235.678056,2.0056,214.46703096,"Oracle","Oracle",302.153463,2.5713,"Standard","USD",117.51,"Hours","Oracle","Oracle","us-ashburn-1","US East (Ashburn)","ocid1.instance.oc1.us-ashburn-1.00dd25a8440b",NULL,"Load Balancer","Networking","Oracle Load Balancer","Oracle","60282RTKI5V6VR8V","Oracle Load Balancer Hours",NULL,"1XUSL6ITHF1VBIAC.CJTXOOEP","ocid1.compartment.oc1..prod","production","Tenancy","{""cost_center"": ""CC-2042"", ""team"": ""platform""}",NULL,NULL,"Usage-Based","INV-202409-27187","Application Networking",2.0056,214.46703096,2.5713
"AllocatedMethodId-1396","AllocatedResourceId-9724","AllocatedResourceName-3704","{}",410.551173,"123456789012","SunBird","BillingAccount","USD","2024-10-01T00:00:00Z","2024-09-01T00:00:00Z",NULL,NULL,"Usage",NULL,"Amazon Simple Storage Service Bucket in US East (N. Virginia)","2024-09-15T13:00:00Z","2024-09-15T12:00:00Z",NULL,NULL,NULL,NULL,NULL,NULL,NULL,316.7100000000,"GB",NULL,471.8979,1.4900,410.551173,"AWS","AWS",674.1172349999999,2.1285,"Standard","USD",316.71,"GB","AWS","AWS","us-east-1","US East (N. Virginia)","arn:aws:ec2:us-east-1:123456789012:instance/i-0089b4c55ff7",NULL,"Bucket","Storage","Amazon Simple Storage Service","AWS","2S0JAIX6KXSNE7NL","Amazon Simple Storage Service GB",NULL,"8GIMEIMJATFDYAF7.P0Q5KN93","438839167390","Zenith Eclipse","BillingAccount","{""cost_center"": ""CC-2042"", ""owner"": ""a.turing"", ""team"": ""payments""}",NULL,"us-west-2b","Usage-Based","INV-202409-55220","Object Storage",1.4900,410.551173,2.1285
"AllocatedMethodId-6958","AllocatedResourceId-5006","AllocatedResourceName-9850","{}",845.6299371,"ocid1.tenancy.oc1..aaaa1234","Meridian OCI","Tenancy","USD","2024-10-01T00:00:00Z","2024-09-01T00:00:00Z",NULL,NULL,"Usage",NULL,"Oracle Functions Function in Australia East (Sydney)","2024-09-29T10:00:00Z","2024-09-29T09:00:00Z",NULL,NULL,NULL,NULL,NULL,NULL,NULL,449.9300000000,"Invocations",NULL,939.588819,2.0883,845.6299371,"Oracle","Oracle",1080.011972,2.4004,"Standard","USD",449.93,"Invocations","Oracle","Oracle","ap-sydney-1","Australia East (Sydney)","ocid1.instance.oc1.ap-sydney-1.00e8cb431839",NULL,"Function","Compute","Oracle Functions","Oracle","3Y9PGZD9L2H4LE3N","Oracle Functions Invocations",NULL,"M2NLBULLJN0KG1UE.TP99JPKU","ocid1.compartment.oc1..prod","production","Tenancy","{""environment"": ""dev"", ""team"": ""platform""}",NULL,"us-ashburn-1-AD-1","Usage-Based","INV-202409-95631","Serverless Compute",2.0883,845.6299371,2.4004
"AllocatedMethodId-8628","AllocatedResourceId-9497","AllocatedResourceName-9248","{}",454.52839872,"8a93b2c1-1234-4abc-9def-0123456789ab","Contoso Cloud","BillingProfile","USD","2024-10-01T00:00:00Z","2024-09-01T00:00:00Z",NULL,NULL,"Usage",NULL,"Azure SQL Database SQL Database in Southeast Asia","2024-09-18T20:00:00Z","2024-09-18T19:00:00Z",NULL,NULL,NULL,NULL,NULL,NULL,NULL,231.5200000000,"Hours",NULL,688.679392,2.9746,454.52839872,"Microsoft","Microsoft",860.8608160000001,3.7183,"Other","USD",231.52,"Hours","Microsoft","Microsoft","southeastasia","Southeast Asia","/subscriptions/8a93b2c1-1234-4abc-9def-0123456789ab/resourceGroups/rg-696/providers/Microsoft.Compute/virtualMachines/vm-5516",NULL,"SQL Database","Databases","Azure SQL Database","Microsoft","5HL22ALL2EKDVP37","Azure SQL Database Hours",NULL,"5HN5UI97PIJBGIXZ.D9MLCCQ9","sub-2b7c","Staging","BillingProfile","{""cost_center"": ""CC-2042""}",NULL,"westeurope-2","Usage-Based","INV-202409-74087","Relational Databases",2.9746,454.52839872,3.7183
"AllocatedMethodId-4395","AllocatedResourceId-3578","AllocatedResourceName-2934","{}",439.50360888,"ocid1.tenancy.oc1..aaaa1234","Meridian OCI","Tenancy","USD","2024-10-01T00:00:00Z","2024-09-01T00:00:00Z",NULL,NULL,"Credit",NULL,"Oracle Autonomous Database Database in Australia East (Sydney)","2024-09-30T14:00:00Z","2024-09-30T13:00:00Z",NULL,NULL,NULL,NULL,NULL,NULL,NULL,NULL,NULL,NULL,542.5970480000001,1.6261,439.50360888,"Oracle","Oracle",596.252792,1.7869,"Standard","USD",333.68,"Hours","Oracle","Oracle","ap-sydney-1","Australia East (Sydney)",NULL,NULL,NULL,"Databases","Oracle Autonomous Database","Oracle","RTPYFUH3EWKNFBJK","Oracle Autonomous Database Hours",NULL,"WBFTM4R6MDMA04FN.5FHJZDJJ","ocid1.compartment.oc1..prod","production","Tenancy","{""environment"": ""prod""}",NULL,NULL,"One-Time","INV-202409-25146","Relational Databases",1.6261,439.50360888,1.7869
"AllocatedMethodId-4172","AllocatedResourceId-7008","AllocatedResourceName-6733","{}",106.19879424,"ocid1.tenancy.oc1..aaaa1234","Meridian OCI","Tenancy","USD","2024-10-01T00:00:00Z","2024-09-01T00:00:00Z",NULL,NULL,"Usage",NULL,"Oracle Functions Function in UK South (London)","2024-09-03T07:00:00Z","2024-09-03T06:00:00Z",NULL,NULL,NULL,NULL,NULL,NULL,NULL,336.7200000000,"Invocations",NULL,165.935616,0.4928,106.19879424,"Oracle","Oracle",195.230256,0.5798,"Other","USD",336.72,"Invocations","Oracle","Oracle","uk-london-1","UK South (London)","ocid1.instance.oc1.uk-london-1.008950a2a46f",NULL,"Function","Compute","Oracle Functions","Oracle","IV72PMNCSM1YVN8A","Oracle Functions Invocations",NULL,"L3T7GJSLGFSB9Z7I.VAUIJSYI","ocid1.compartment.oc1..prod","production","Tenancy",NULL,NULL,NULL,"Usage-Based","INV-202409-12243","Serverless Compute",0.4928,106.19879424,0.5798
"AllocatedMethodId-5513","AllocatedResourceId-4125","AllocatedResourceName-7944","{}",481.6377,"ocid1.tenancy.oc1..aaaa1234","Meridian OCI","Tenancy","USD","2024-10-01T00:00:00Z","2024-09-01T00:00:00Z",NULL,NULL,"Tax",NULL,"Tax charge in Australia East (Sydney)","2024-09-10T04:00:00Z","2024-09-10T03:00:00Z",NULL,NULL,NULL,NULL,NULL,NULL,NULL,NULL,NULL,NULL,481.6377,NULL,481.6377,"Oracle","Oracle",481.6377,NULL,NULL,"USD",NULL,NULL,"Oracle","Oracle",NULL,NULL,NULL,NULL,NULL,"Other","Tax","Oracle",NULL,NULL,NULL,NULL,"ocid1.compartment.oc1..prod","production","Tenancy","{""team"": ""platform""}",NULL,NULL,"One-Time","INV-202409-28596","Other (Security)",NULL,481.6377,NULL
"AllocatedMethodId-7933","AllocatedResourceId-6050","AllocatedResourceName-2063","{}",8.53846944,"01ABCD-2345EF-6789GH","Helios Labs","BillingAccount","USD","2024-10-01T00:00:00Z","2024-09-01T00:00:00Z",NULL,NULL,"Usage",NULL,"Cloud Functions Function in Singapore","2024-09-17T13:00:00Z","2024-09-17T12:00:00Z",NULL,NULL,NULL,NULL,NULL,NULL,NULL,106.0100000000,"Invocations",NULL,8.894239,0.0839,8.53846944,"Google","Google",14.343153000000001,0.1353,"Standard","USD",106.01,"Invocations","Google","Google","asia-southeast1","Singapore","//compute.googleapis.com/projects/helios-labs/zones/asia-southeast1-a/instances/inst-4556",NULL,"Function","Compute","Cloud Functions","Google","1HXK4O95RDKD2F11","Cloud Functions Invocations",NULL,"B0OIIS7GVUQKAOSC.PDHBXZ52","proj-helios-dev","helios-dev","BillingAccount",NULL,NULL,NULL,"Usage-Based","INV-202409-58308","Serverless Compute",0.0839,8.53846944,0.1353
"AllocatedMethodId-4755","AllocatedResourceId-6441","AllocatedResourceName-2305","{}",462.103005,"01ABCD-2345EF-6789GH","Helios Labs","BillingAccount","USD","2024-10-01T00:00:00Z","2024-09-01T00:00:00Z",NULL,NULL,"Usage",NULL,"BigQuery Dataset in Singapore","2024-09-13T04:00:00Z","2024-09-13T03:00:00Z",NULL,NULL,NULL,NULL,NULL,NULL,NULL,125.6500000000,"GiB",NULL,502.28587500000003,3.9975,462.103005,"Google","Google",528.7226350000001,4.2079,"Standard","USD",125.65,"GiB","Google","Google","asia-southeast1","Singapore","//compute.googleapis.com/projects/helios-labs/zones/asia-southeast1-a/instances/inst-83",NULL,"Dataset","Analytics","BigQuery","Google","6HCNB09OG2ZRF5K1","BigQuery GiB",NULL,"7C8A7GX2GJBGVD3F.M6C02GPD","proj-helios-dev","helios-dev","BillingAccount",NULL,NULL,"us-central1-a","Usage-Based","INV-202409-70548","Data Warehouses",3.9975,462.103005,4.2079
"AllocatedMethodId-5303","AllocatedResourceId-4865","AllocatedResourceName-9910","{}",253.11265,"123456789012","SunBird","BillingAccount","USD","2024-10-01T00:00:00Z","2024-09-01T00:00:00Z",NULL,NULL,"Usage",NULL,"Amazon Relational Database Service Database Instance in Europe (Ireland)","2024-09-12T19:00:00Z","2024-09-12T18:00:00Z",NULL,NULL,NULL,NULL,NULL,NULL,NULL,87.5000000000,"Hours",NULL,304.955,3.4852,253.11265,"AWS","AWS",308.035,3.5204,"Dynamic","USD",87.50,"Hours","AWS","AWS","eu-west-1","Europe (Ireland)","arn:aws:ec2:eu-west-1:123456789012:instance/i-00a6674fc1a2",NULL,"Database Instance","Databases","Amazon Relational Database Service","AWS","AVMMZK2Q1Z1JFWE7","Amazon Relational Database Service Hours",NULL,"PI4BCDRZ01GTVBEH.D253HQCB","663626350770","Zenith Apollo","BillingAccount","{""owner"": ""a.turing"", ""business_unit"": ""LisbonOps"", ""team"": ""growth""}",NULL,"us-west-2b","Usage-Based","INV-202409-95865","Relational Databases",3.4852,253.11265,3.5204
"AllocatedMethodId-8655","AllocatedResourceId-1835","AllocatedResourceName-9447","{}",106.2300204,"123456789012","SunBird","BillingAccount","USD","2024-10-01T00:00:00Z","2024-09-01T00:00:00Z",NULL,NULL,"Usage",NULL,"AWS Lambda Function in Europe (Ireland)","2024-09-01T04:00:00Z","2024-09-01T03:00:00Z",NULL,NULL,NULL,NULL,NULL,NULL,NULL,32.9000000000,"Requests",NULL,126.46431,3.8439,106.2300204,"AWS","AWS",129.04367,3.9223,"Other","USD",32.90,"Requests","AWS","AWS","eu-west-1","Europe (Ireland)","arn:aws:ec2:eu-west-1:123456789012:instance/i-00bac6a0a5dc",NULL,"Function","Compute","AWS Lambda","AWS","OEM32H0Y9SG0YGJN","AWS Lambda Requests",NULL,"5SD54RPOLU1LN6SH.2AEQK1IB","663626350770","Zenith Apollo","BillingAccount","{""owner"": ""a.turing"", ""cost_center"": ""CC-2042""}",NULL,NULL,"Usage-Based","INV-202409-38094","Serverless Compute",3.8439,106.2300204,3.9223
"AllocatedMethodId-7606","AllocatedResourceId-2499","AllocatedResourceName-2376","{}",702.44668764,"ocid1.tenancy.oc1..aaaa1234","Meridian OCI","Tenancy","USD","2024-10-01T00:00:00Z","2024-09-01T00:00:00Z",NULL,NULL,"Usage",NULL,"Oracle Load Balancer Load Balancer in US East (Ashburn)","2024-09-04T20:00:00Z","2024-09-04T19:00:00Z",NULL,NULL,NULL,NULL,NULL,NULL,NULL,330.3800000000,"Hours",NULL,816.798474,2.4723,702.44668764,"Oracle","Oracle",1089.064632,3.2964,"Standard","USD",330.38,"Hours","Oracle","Oracle","us-ashburn-1","US East (Ashburn)","ocid1.instance.oc1.us-ashburn-1.001d3ede911a",NULL,"Load Balancer","Networking","Oracle Load Balancer","Oracle","86S6BE8ZQT8IKH2W","Oracle Load Balancer Hours",NULL,"76O26X2A8LDBQ8C0.4U4FLMYF","ocid1.compartment.oc1..prod","production","Tenancy","{""application"": ""NimbusAPI"", ""environment"": ""dev"", ""business_unit"": ""ViennaAI""}",NULL,"uk-london-1-AD-2","Usage-Based","INV-202409-49263","Application Networking",2.4723,702.44668764,3.2964
"AllocatedMethodId-8273","AllocatedResourceId-1190","AllocatedResourceName-3505","{}",592.86983692,"8a93b2c1-1234-4abc-9def-0123456789ab","Contoso Cloud","BillingProfile","USD","2024-10-01T00:00:00Z","2024-09-01T00:00:00Z",NULL,NULL,"Usage",NULL,"Azure Functions Function App in UK South","2024-09-26T05:00:00Z","2024-09-26T04:00:00Z","Usage","cd-888693","commit-8693",NULL,"Unused","Committed Use Discount",NULL,NULL,NULL,NULL,750.4681479999999,2.2388,592.86983692,"Microsoft","Microsoft",938.085185,2.7985,"Committed","USD",335.21,"Executions","Microsoft","Microsoft","uksouth","UK South","/subscriptions/8a93b2c1-1234-4abc-9def-0123456789ab/resourceGroups/rg-920/providers/Microsoft.Compute/virtualMachines/vm-9651",NULL,"Function App","Compute","Azure Functions","Microsoft","HQF1HW1C59PL5S99","Azure Functions Executions",NULL,"OVYWG3ZLSC0SYY8P.Q1BR26TJ","sub-4d3e","Sandbox","BillingProfile","{""business_unit"": ""ViennaAI""}",NULL,NULL,"Usage-Based","INV-202409-18488","Serverless Compute",2.2388,592.86983692,2.7985
"AllocatedMethodId-3712","AllocatedResourceId-6903","AllocatedResourceName-5561","{}",425.4874546,"01ABCD-2345EF-6789GH","Helios Labs","BillingAccount","USD","2024-10-01T00:00:00Z","2024-09-01T00:00:00Z",NULL,NULL,"Usage",NULL,"Compute Engine VM Instance in Northern Virginia","2024-09-07T20:00:00Z","2024-09-07T19:00:00Z",NULL,NULL,NULL,NULL,NULL,NULL,NULL,412.7600000000,"Hours",NULL,654.596084,1.5859,425.4874546,"Google","Google",839.223632,2.0332,"Standard","USD",412.76,"Hours","Google","Google","us-east4","Northern Virginia","//compute.googleapis.com/projects/helios-labs/zones/us-east4-a/instances/inst-5359",NULL,"VM Instance","Compute","Compute Engine","Google","C1IQZ4J72E1BEFTE","Compute Engine Hours",NULL,"NHPWKN0GON40AVLP.CQU96GZV","proj-helios-prod","helios-prod","BillingAccount","{""business_unit"": ""LisbonOps""}",NULL,NULL,"Usage-Based","INV-202409-12874","Virtual Machines",1.5859,425.4874546,2.0332
"AllocatedMethodId-6575","AllocatedResourceId-5279","AllocatedResourceName-6137","{}",725.55889385,"01ABCD-2345EF-6789GH","Helios Labs","BillingAccount","USD","2024-10-01T00:00:00Z","2024-09-01T00:00:00Z",NULL,NULL,"Usage",NULL,"BigQuery Dataset in Belgium","2024-09-06T08:00:00Z","2024-09-06T07:00:00Z",NULL,NULL,NULL,NULL,NULL,NULL,NULL,325.1500000000,"GiB",NULL,1021.9139349999999,3.1429,725.55889385,"Google","Google",1419.34478,4.3652,"Standard","USD",325.15,"GiB","Google","Google","europe-west1","Belgium","//compute.googleapis.com/projects/helios-labs/zones/europe-west1-a/instances/inst-8773",NULL,"Dataset","Analytics","BigQuery","Google","E7IQ88C88AZ39JGR","BigQuery GiB",NULL,"F2R07GOULZYQ818P.Z92T6YTF","proj-helios-dev","helios-dev","BillingAccount","{""team"": ""infra""}",NULL,NULL,"Usage-Based","INV-202409-52903","Data Warehouses",3.1429,725.55889385,4.3652
"AllocatedMethodId-8140","AllocatedResourceId-5294","AllocatedResourceName-3651","{}",60.3670244,"123456789012","SunBird","BillingAccount","USD","2024-10-01T00:00:00Z","2024-09-01T00:00:00Z",NULL,NULL,"Credit",NULL,"Amazon Elastic Compute Cloud Virtual Machine in US East (N. Virginia)","2024-09-06T19:00:00Z","2024-09-06T18:00:00Z",NULL,NULL,NULL,NULL,NULL,NULL,NULL,NULL,NULL,NULL,81.57705999999999,2.7842,60.3670244,"AWS","AWS",100.71289,3.4373,"Standard","USD",29.30,"Hours","AWS","AWS","us-east-1","US East (N. Virginia)",NULL,NULL,NULL,"Compute","Amazon Elastic Compute Cloud","AWS","1DO89ZN0UP0IG6QU","Amazon Elastic Compute Cloud Hours",NULL,"XDY5ADBTIT7QLDSY.YR91150D","663626350770","Zenith Apollo","BillingAccount","{""application"": ""BrightLensMatrix"", ""business_unit"": ""LisbonOps"", ""owner"": ""a.lovelace""}",NULL,NULL,"One-Time","INV-202409-52844","Virtual Machines",2.7842,60.3670244,3.4373
"AllocatedMethodId-7103","AllocatedResourceId-9247","AllocatedResourceName-5115","{}",31.52716056,"123456789012","SunBird","BillingAccount","USD","2024-10-01T00:00:00Z","2024-09-01T00:00:00Z",NULL,NULL,"Usage",NULL,"Amazon Relational Database Service Database Instance in Europe (Ireland)","2024-09-16T13:00:00Z","2024-09-16T12:00:00Z",NULL,NULL,NULL,NULL,NULL,NULL,NULL,268.7600000000,"Hours",NULL,32.170572,0.1197,31.52716056,"AWS","AWS",39.23896,0.1460,"Standard","USD",268.76,"Hours","AWS","AWS","eu-west-1","Europe (Ireland)","arn:aws:ec2:eu-west-1:123456789012:instance/i-007610b72af9",NULL,"Database Instance","Databases","Amazon Relational Database Service","AWS","QZYIL0VSDGZVWODA","Amazon Relational Database Service Hours",NULL,"1KLHLJSL2144TZIU.EYBGFLRG","438839167390","Zenith Eclipse","BillingAccount","{""cost_center"": ""CC-3090""}",NULL,"us-west-2b","Usage-Based","INV-202409-22097","Relational Databases",0.1197,31.52716056,0.1460
"AllocatedMethodId-7019","AllocatedResourceId-5672","AllocatedResourceName-8654","{}",315.56386476,"ocid1.tenancy.oc1..aaaa1234","Meridian OCI","Tenancy","USD","2024-10-01T00:00:00Z","2024-09-01T00:00:00Z",NULL,NULL,"Usage",NULL,"Oracle Compute Instance in US East (Ashburn)","2024-09-05T15:00:00Z","2024-09-05T14:00:00Z","Usage","cd-705908","commit-5908",NULL,"Used","Savings Plan",NULL,240.6100000000,"Hours",NULL,464.06450700000005,1.9287,315.56386476,"Oracle","Oracle",594.956347,2.4727,"Dynamic","USD",240.61,"Hours","Oracle","Oracle","us-ashburn-1","US East (Ashburn)","ocid1.instance.oc1.us-ashburn-1.00e6ebf1ce56",NULL,"Instance","Compute","Oracle Compute","Oracle","1EJHKDN7QO4VO1WY","Oracle Compute Hours",NULL,"8D39WKXQ6LTIH9O6.UQXRDC1Q","ocid1.compartment.oc1..prod","production","Tenancy","{""team"": ""infra"", ""environment"": ""staging""}",NULL,NULL,"Usage-Based","INV-202409-50042","Virtual Machines",1.9287,315.56386476,2.4727
"AllocatedMethodId-7493","AllocatedResourceId-8217","AllocatedResourceName-8768","{}",205.06101889,"01ABCD-2345EF-6789GH","Helios Labs","BillingAccount","USD","2024-10-01T00:00:00Z","2024-09-01T00:00:00Z",NULL,NULL,"Usage",NULL,"Cloud Load Balancing Forwarding Rule in Belgium","2024-09-04T07:00:00Z","2024-09-04T06:00:00Z",NULL,NULL,NULL,NULL,NULL,NULL,NULL,77.0900000000,"Hours",NULL,225.341779,2.9231,205.06101889,"Google","Google",274.802723,3.5647,"Standard","USD",77.09,"Hours","Google","Google","europe-west1","Belgium","//compute.googleapis.com/projects/helios-labs/zones/europe-west1-a/instances/inst-5206",NULL,"Forwarding Rule","Networking","Cloud Load Balancing","Google","PSK5KBM98YKE4WA8","Cloud Load Balancing Hours",NULL,"DEYPCQVMCYOU86JR.OVOTACG6","proj-helios-prod","helios-prod","BillingAccount","{""owner"": ""a.lovelace"", ""cost_center"": ""CC-2042""}",NULL,"europe-west1-b","Usage-Based","INV-202409-19060","Application Networking",2.9231,205.06101889,3.5647
"AllocatedMethodId-9543","AllocatedResourceId-4857","AllocatedResourceName-4903","{}",1517.6918064,"01ABCD-2345EF-6789GH","Helios Labs","BillingAccount","USD","2024-10-01T00:00:00Z","2024-09-01T00:00:00Z",NULL,NULL,"Usage",NULL,"Cloud Functions Function in Iowa","2024-09-15T18:00:00Z","2024-09-15T17:00:00Z",NULL,NULL,NULL,NULL,NULL,NULL,NULL,458.4000000000,"Invocations",NULL,1971.0283200000001,4.2998,1517.6918064,"Google","Google",2190.0518399999996,4.7776,"Standard","USD",458.40,"Invocations","Google","Google","us-central1","Iowa","//compute.googleapis.com/projects/helios-labs/zones/us-central1-a/instances/inst-1119",NULL,"Function","Compute","Cloud Functions","Google","UPHJ8366Q8Y176JD","Cloud Functions Invocations",NULL,"TU4I4GR2IQYOCF8Y.QLRIN9O2","proj-helios-dev","helios-dev","BillingAccount","{""business_unit"": ""MarseilleSRE"", ""application"": ""NimbusAPI"", ""team"": ""platform""}",NULL,"asia-southeast1-c","Usage-Based","INV-202409-31329","Serverless Compute",4.2998,1517.6918064,4.7776
"AllocatedMethodId-7899","AllocatedResourceId-3265","AllocatedResourceName-4194","{}",159.74001448,"123456789012","SunBird","BillingAccount","USD","2024-10-01T00:00:00Z","2024-09-01T00:00:00Z",NULL,NULL,"Usage",NULL,"Amazon Simple Storage Service Bucket in US East (N. Virginia)","2024-09-29T04:00:00Z","2024-09-29T03:00:00Z",NULL,NULL,NULL,NULL,NULL,NULL,NULL,459.9800000000,"GB",NULL,234.91178600000003,0.5107,159.74001448,"AWS","AWS",361.40628599999997,0.7857,"Dynamic","USD",459.98,"GB","AWS","AWS","us-east-1","US East (N. Virginia)","arn:aws:ec2:us-east-1:123456789012:instance/i-00e753edbef7",NULL,"Bucket","Storage","Amazon Simple Storage Service","AWS","HALOLABE7Y31YHCB","Amazon Simple Storage Service GB",NULL,"694YHA9FSMXYFSDP.9SUPF6D4","663626350770","Zenith Apollo","BillingAccount","{""owner"": ""g.hopper""}",NULL,"us-east-1a","Usage-Based","INV-202409-46223","Object Storage",0.5107,159.74001448,0.7857
"AllocatedMethodId-3307","AllocatedResourceId-7191","AllocatedResourceName-9753","{}",1345.6862334,"01ABCD-2345EF-6789GH","Helios Labs","BillingAccount","USD","2024-10-01T00:00:00Z","2024-09-01T00:00:00Z",NULL,NULL,"Usage",NULL,"Cloud SQL Database Instance in Northern Virginia","2024-09-29T21:00:00Z","2024-09-29T20:00:00Z",NULL,NULL,NULL,NULL,NULL,NULL,NULL,366.6700000000,"Hours",NULL,1495.206926,4.0778,1345.6862334,"Google","Google",1823.4132430000002,4.9729,"Standard","USD",366.67,"Hours","Google","Google","us-east4","Northern Virginia","//compute.googleapis.com/projects/helios-labs/zones/us-east4-a/instances/inst-6228",NULL,"Database Instance","Databases","Cloud SQL","Google","Y2EVBC11Y1RFEAZX","Cloud SQL Hours",NULL,"TFFOSA28UGZR4C7A.X9M109MS","proj-helios-dev","helios-dev","BillingAccount",NULL,NULL,NULL,"Usage-Based","INV-202409-82608","Relational Databases",4.0778,1345.6862334,4.9729
"AllocatedMethodId-4029","AllocatedResourceId-2222","AllocatedResourceName-2582","{}",353.6941226,"ocid1.tenancy.oc1..aaaa1234","Meridian OCI","Tenancy","USD","2024-10-01T00:00:00Z","2024-09-01T00:00:00Z",NULL,NULL,"Usage",NULL,"Oracle Object Storage Bucket in UK South (London)","2024-09-01T16:00:00Z","2024-09-01T15:00:00Z",NULL,NULL,NULL,NULL,NULL,NULL,NULL,279.0200000000,"GB",NULL,544.1448039999999,1.9502,353.6941226,"Oracle","Oracle",725.507804,2.6002,"Dynamic","USD",279.02,"GB","Oracle","Oracle","uk-london-1","UK South (London)","ocid1.instance.oc1.uk-london-1.0045b639bfdb",NULL,"Bucket","Storage","Oracle Object Storage","Oracle","X3E3YBPIBFI1W379","Oracle Object Storage GB",NULL,"LYATF9AXIE3XV6UH.353SFI5S","ocid1.compartment.oc1..dev","development","Tenancy","{""team"": ""growth"", ""cost_center"": ""CC-1001"", ""application"": ""AtlasPortal""}",NULL,NULL,"Usage-Based","INV-202409-60475","Object Storage",1.9502,353.6941226,2.6002
"AllocatedMethodId-1082","AllocatedResourceId-1957","AllocatedResourceName-2457","{}",65.04368304,"8a93b2c1-1234-4abc-9def-0123456789ab","Contoso Cloud","BillingProfile","USD","2024-10-01T00:00:00Z","2024-09-01T00:00:00Z",NULL,NULL,"Usage",NULL,"Azure SQL Database SQL Database in East US","2024-09-26T07:00:00Z","2024-09-26T06:00:00Z",NULL,NULL,NULL,NULL,NULL,NULL,NULL,133.1400000000,"Hours",NULL,82.33377599999999,0.6184,65.04368304,"Microsoft","Microsoft",108.33601799999998,0.8137,"Dynamic","USD",133.14,"Hours","Microsoft","Microsoft","eastus","East US","/subscriptions/8a93b2c1-1234-4abc-9def-0123456789ab/resourceGroups/rg-528/providers/Microsoft.Compute/virtualMachines/vm-7371",NULL,"SQL Database","Databases","Azure SQL Database","Microsoft","XRIG9WSX5CU16IAJ","Azure SQL Database Hours",NULL,"IX5ABDEZOV0RD3KN.IR4L6K9U","sub-4d3e","Sandbox","BillingProfile",NULL,NULL,"uksouth-1","Usage-Based","INV-202409-46699","Relational Databases",0.6184,65.04368304,0.8137
"AllocatedMethodId-1966","AllocatedResourceId-2498","AllocatedResourceName-2903","{}",51.6552582,"ocid1.tenancy.oc1..aaaa1234","Meridian OCI","Tenancy","USD","2024-10-01T00:00:00Z","2024-09-01T00:00:00Z",NULL,NULL,"Tax",NULL,"Tax charge in Australia East (Sydney)","2024-09-07T21:00:00Z","2024-09-07T20:00:00Z",NULL,NULL,NULL,NULL,NULL,NULL,NULL,NULL,NULL,NULL,51.6552582,NULL,51.6552582,"Oracle","Oracle",51.6552582,NULL,NULL,"USD",NULL,NULL,"Oracle","Oracle",NULL,NULL,NULL,NULL,NULL,"Other","Tax","Oracle",NULL,NULL,NULL,NULL,"ocid1.compartment.oc1..prod","production","Tenancy","{""application"": ""BrightLensMatrix"", ""team"": ""platform""}",NULL,NULL,"One-Time","INV-202409-56062","Other (Security)",NULL,51.6552582,NULL
"AllocatedMethodId-1743","AllocatedResourceId-3518","AllocatedResourceName-6763","{}",782.798359,"01ABCD-2345EF-6789GH","Helios Labs","BillingAccount","USD","2024-10-01T00:00:00Z","2024-09-01T00:00:00Z",NULL,NULL,"Purchase",NULL,"Compute Engine VM Instance in Belgium","2024-09-05T16:00:00Z","2024-09-05T15:00:00Z",NULL,NULL,NULL,NULL,NULL,NULL,NULL,NULL,NULL,NULL,782.798359,3.6629,0,"Google","Google",798.783867,3.7377,"Standard","USD",213.71,"Hours","Google","Google","europe-west1","Belgium","//compute.googleapis.com/projects/helios-labs/zones/europe-west1-a/instances/inst-7081",NULL,"VM Instance","Compute","Compute Engine","Google","E1UAA4QF6T9USOJ7","Compute Engine Hours",NULL,"309N0WIQR4H0F6J4.MT8FNECQ","proj-helios-dev","helios-dev","BillingAccount","{""application"": ""BrightSourceCore"", ""cost_center"": ""CC-1001""}",NULL,NULL,"One-Time","INV-202409-53553","Virtual Machines",3.6629,0,3.7377
"AllocatedMethodId-1557","AllocatedResourceId-9861","AllocatedResourceName-6460","{}",1053.35814558,"ocid1.tenancy.oc1..aaaa1234","Meridian OCI","Tenancy","USD","2024-10-01T00:00:00Z","2024-09-01T00:00:00Z",NULL,NULL,"Usage",NULL,"Oracle Object Storage Bucket in Australia East (Sydney)","2024-09-03T23:00:00Z","2024-09-03T22:00:00Z",NULL,NULL,NULL,NULL,NULL,NULL,NULL,485.4100000000,"GB",NULL,1350.459161,2.7821,1053.35814558,"Oracle","Oracle",1902.0305440000002,3.9184,"Standard","USD",485.41,"GB","Oracle","Oracle","ap-sydney-1","Australia East (Sydney)","ocid1.instance.oc1.ap-sydney-1.0086d427efde",NULL,"Bucket","Storage","Oracle Object Storage","Oracle","C12M9OQT86M9TLUO","Oracle Object Storage GB",NULL,"YTZI8DVVD22RDZX2.VWFXZKNL","ocid1.compartment.oc1..prod","production","Tenancy","{""business_unit"": ""MarseilleSRE""}",NULL,"us-ashburn-1-AD-1","Usage-Based","INV-202409-11275","Object Storage",2.7821,1053.35814558,3.9184
"AllocatedMethodId-8580","AllocatedResourceId-9315","AllocatedResourceName-7355","{}",409.30349568,"01ABCD-2345EF-6789GH","Helios Labs","BillingAccount","USD","2024-10-01T00:00:00Z","2024-09-01T00:00:00Z",NULL,NULL,"Tax",NULL,"Tax charge in Iowa","2024-09-27T21:00:00Z","2024-09-27T20:00:00Z",NULL,NULL,NULL,NULL,NULL,NULL,NULL,NULL,NULL,NULL,409.30349568,NULL,409.30349568,"Google","Google",409.30349568,NULL,NULL,"USD",NULL,NULL,"Google","Google",NULL,NULL,NULL,NULL,NULL,"Other","Tax","Google",NULL,NULL,NULL,NULL,"proj-helios-dev","helios-dev","BillingAccount",NULL,NULL,NULL,"One-Time","INV-202409-23122","Other (Security)",NULL,409.30349568,NULL
"AllocatedMethodId-4542","AllocatedResourceId-5981","AllocatedResourceName-1199","{}",44.41326552,"123456789012","SunBird","BillingAccount","USD","2024-10-01T00:00:00Z","2024-09-01T00:00:00Z",NULL,NULL,"Usage",NULL,"Elastic Load Balancing Load Balancer in US East (N. Virginia)","2024-09-15T01:00:00Z","2024-09-15T00:00:00Z","Usage","cd-851919","commit-1919",NULL,"Unused","Reserved Instance",NULL,NULL,NULL,NULL,66.288456,0.1944,44.41326552,"AWS","AWS",92.0673,0.2700,"Dynamic","USD",340.99,"LCU-Hours","AWS","AWS","us-east-1","US East (N. Virginia)","arn:aws:ec2:us-east-1:123456789012:instance/i-0039f32e55d1",NULL,"Load Balancer","Networking","Elastic Load Balancing","AWS","L2UWDAK0DFUHVNLW","Elastic Load Balancing LCU-Hours",NULL,"Q2VC2SC5G2MI39DW.XBOEDAZS","517389287820","Atlas Nimbus","BillingAccount","{""owner"": ""g.hopper"", ""application"": ""BrightLensMatrix""}",NULL,NULL,"Usage-Based","INV-202409-98806","Application Networking",0.1944,44.41326552,0.2700
"AllocatedMethodId-7143","AllocatedResourceId-4686","AllocatedResourceName-1336","{}",662.24771184,"8a93b2c1-1234-4abc-9def-0123456789ab","Contoso Cloud","BillingProfile","USD","2024-10-01T00:00:00Z","2024-09-01T00:00:00Z",NULL,NULL,"Usage",NULL,"Azure Load Balancer Load Balancer in East US","2024-09-12T21:00:00Z","2024-09-12T20:00:00Z",NULL,NULL,NULL,NULL,NULL,NULL,NULL,439.1400000000,"Hours",NULL,752.554218,1.7137,662.24771184,"Microsoft","Microsoft",940.681794,2.1421,"Standard","USD",439.14,"Hours","Microsoft","Microsoft","eastus","East US","/subscriptions/8a93b2c1-1234-4abc-9def-0123456789ab/resourceGroups/rg-954/providers/Microsoft.Compute/virtualMachines/vm-946",NULL,"Load Balancer","Networking","Azure Load Balancer","Microsoft","GOVL8WWPXVJCXYEC","Azure Load Balancer Hours",NULL,"D05ABZ19DE8Y24QC.P46RINMS","sub-9a1f","Production","BillingProfile",NULL,NULL,NULL,"Usage-Based","INV-202409-50207","Application Networking",1.7137,662.24771184,2.1421
"AllocatedMethodId-9897","AllocatedResourceId-8391","AllocatedResourceName-6296","{}",4.68620614,"123456789012","SunBird","BillingAccount","USD","2024-10-01T00:00:00Z","2024-09-01T00:00:00Z",NULL,NULL,"Adjustment",NULL,"Amazon Simple Queue Service Queue in Asia Pacific (Sydney)","2024-09-17T03:00:00Z","2024-09-17T02:00:00Z","Spend","cd-617189","commit-7189",NULL,"Unused","Savings Plan",NULL,NULL,NULL,NULL,6.332711000000001,0.0379,4.68620614,"AWS","AWS",6.733727000000001,0.0403,"Standard","USD",167.09,"Requests","AWS","AWS","ap-southeast-2","Asia Pacific (Sydney)",NULL,NULL,NULL,"Integration","Amazon Simple Queue Service","AWS","8QLDLJOOTVGEACC0","Amazon Simple Queue Service Requests",NULL,"CWPA8906QPAJHFYZ.2OIASV3V","438839167390","Zenith Eclipse","BillingAccount","{""environment"": ""prod"", ""business_unit"": ""LisbonOps""}",NULL,NULL,"One-Time","INV-202409-83737","Messaging",0.0379,4.68620614,0.0403
"AllocatedMethodId-8152","AllocatedResourceId-4464","AllocatedResourceName-9774","{}",115.98786122,"8a93b2c1-1234-4abc-9def-0123456789ab","Contoso Cloud","BillingProfile","USD","2024-10-01T00:00:00Z","2024-09-01T00:00:00Z",NULL,NULL,"Adjustment",NULL,"Virtual Machines Virtual Machine in West Europe","2024-09-26T08:00:00Z","2024-09-26T07:00:00Z",NULL,NULL,NULL,NULL,NULL,NULL,NULL,NULL,NULL,NULL,150.633586,0.7622,115.98786122,"Microsoft","Microsoft",228.223124,1.1548,"Standard","USD",197.63,"Hours","Microsoft","Microsoft","westeurope","West Europe",NULL,NULL,NULL,"Compute","Virtual Machines","Microsoft","AJ3XW7LEQ33BIA2H","Virtual Machines Hours",NULL,"FWKO9ALM1KGKEW7H.75AXG1GH","sub-4d3e","Sandbox","BillingProfile",NULL,NULL,NULL,"One-Time","INV-202409-75946","Virtual Machines",0.7622,115.98786122,1.1548
"AllocatedMethodId-6896","AllocatedResourceId-4215","AllocatedResourceName-1167","{}",199.143765,"01ABCD-2345EF-6789GH","Helios Labs","BillingAccount","USD","2024-10-01T00:00:00Z","2024-09-01T00:00:00Z",NULL,NULL,"Credit",NULL,"Cloud SQL Database Instance in Iowa","2024-09-25T07:00:00Z","2024-09-25T06:00:00Z",NULL,NULL,NULL,NULL,NULL,NULL,NULL,NULL,NULL,NULL,245.8565,2.9356,199.143765,"Google","Google",289.247375,3.4537,"Dynamic","USD",83.75,"Hours","Google","Google","us-central1","Iowa",NULL,NULL,NULL,"Databases","Cloud SQL","Google","9YJ64L6RVTDG6IK4","Cloud SQL Hours",NULL,"KADL9NS8IOIJDQFR.R5RNI7HE","proj-helios-dev","helios-dev","BillingAccount","{""environment"": ""dev"", ""team"": ""platform""}",NULL,NULL,"One-Time","INV-202409-65241","Relational Databases",2.9356,199.143765,3.4537
"AllocatedMethodId-5520","AllocatedResourceId-2095","AllocatedResourceName-7342","{}",465.075027,"8a93b2c1-1234-4abc-9def-0123456789ab","Contoso Cloud","BillingProfile","USD","2024-10-01T00:00:00Z","2024-09-01T00:00:00Z",NULL,NULL,"Purchase",NULL,"Azure Load Balancer Load Balancer in East US","2024-09-02T13:00:00Z","2024-09-02T12:00:00Z",NULL,NULL,NULL,NULL,NULL,NULL,NULL,NULL,NULL,NULL,465.075027,3.3577,0,"Microsoft","Microsoft",494.75771999999995,3.5720,"Standard","USD",138.51,"Hours","Microsoft","Microsoft","eastus","East US","/subscriptions/8a93b2c1-1234-4abc-9def-0123456789ab/resourceGroups/rg-975/providers/Microsoft.Compute/virtualMachines/vm-9359",NULL,"Load Balancer","Networking","Azure Load Balancer","Microsoft","I6F0VD0QZMADWO23","Azure Load Balancer Hours",NULL,"3WZG8OIEBKF0E4TY.CK7NHBQP","sub-9a1f","Production","BillingProfile","{""environment"": ""dev"", ""application"": ""AtlasPortal""}",NULL,NULL,"One-Time","INV-202409-80937","Application Networking",3.3577,0,3.5720
"AllocatedMethodId-6252","AllocatedResourceId-5367","AllocatedResourceName-3478","{}",268.88399625,"ocid1.tenancy.oc1..aaaa1234","Meridian OCI","Tenancy","USD","2024-10-01T00:00:00Z","2024-09-01T00:00:00Z",NULL,NULL,"Usage",NULL,"Oracle Object Storage Bucket in US East (Ashburn)","2024-09-09T16:00:00Z","2024-09-09T15:00:00Z",NULL,NULL,NULL,NULL,NULL,NULL,NULL,250.5500000000,"GB",NULL,358.511995,1.4309,268.88399625,"Oracle","Oracle",459.633975,1.8345,"Standard","USD",250.55,"GB","Oracle","Oracle","us-ashburn-1","US East (Ashburn)","ocid1.instance.oc1.us-ashburn-1.003f3682503a",NULL,"Bucket","Storage","Oracle Object Storage","Oracle","F6ZXXDTSQTC21ZMT","Oracle Object Storage GB",NULL,"MO0WATYK3MIKYI1H.FSJQN0IV","ocid1.compartment.oc1..prod","production","Tenancy","{""team"": ""infra"", ""application"": ""BrightSourceCore""}",NULL,NULL,"Usage-Based","INV-202409-95792","Object Storage",1.4309,268.88399625,1.8345
"AllocatedMethodId-7335","AllocatedResourceId-9237","AllocatedResourceName-7263","{}",110.3380731,"123456789012","SunBird","BillingAccount","USD","2024-10-01T00:00:00Z","2024-09-01T00:00:00Z",NULL,NULL,"Usage",NULL,"AWS Lambda Function in US East (N. Virginia)","2024-09-22T01:00:00Z","2024-09-22T00:00:00Z","Usage","cd-859541","commit-9541",NULL,"Used","Committed Use Discount",NULL,49.0500000000,"Requests",NULL,128.300085,2.6157,110.3380731,"AWS","AWS",152.736795,3.1139,"Committed","USD",49.05,"Requests","AWS","AWS","us-east-1","US East (N. Virginia)","arn:aws:ec2:us-east-1:123456789012:instance/i-003a2ba10882",NULL,"Function","Compute","AWS Lambda","AWS","S3LXDX8POPQMCPEF","AWS Lambda Requests",NULL,"X75ZBXRX3YR5V3ZR.VMXP1X4R","663626350770","Zenith Apollo","BillingAccount","{""owner"": ""g.hopper"", ""team"": ""payments"", ""business_unit"": ""OsloData""}",NULL,NULL,"Usage-Based","INV-202409-61514","Serverless Compute",2.6157,110.3380731,3.1139
"AllocatedMethodId-1296","AllocatedResourceId-1491","AllocatedResourceName-9751","{}",263.09483424,"123456789012","SunBird","BillingAccount","USD","2024-10-01T00:00:00Z","2024-09-01T00:00:00Z",NULL,NULL,"Usage",NULL,"Amazon Simple Queue Service Queue in US West (Oregon)","2024-09-06T10:00:00Z","2024-09-06T09:00:00Z",NULL,NULL,NULL,NULL,NULL,NULL,NULL,184.9800000000,"Requests",NULL,316.981728,1.7136,263.09483424,"AWS","AWS",495.28395,2.6775,"Standard","USD",184.98,"Requests","AWS","AWS","us-west-2","US West (Oregon)","arn:aws:ec2:us-west-2:123456789012:instance/i-003be106ba6b",NULL,"Queue","Integration","Amazon Simple Queue Service","AWS","UXYZT2LHPA3RIPXH","Amazon Simple Queue Service Requests",NULL,"RLYHSDQ8MPK0HTUT.ND20O3OG","438839167390","Zenith Eclipse","BillingAccount","{""cost_center"": ""CC-2042"", ""application"": ""BrightSourceCore""}",NULL,NULL,"Usage-Based","INV-202409-99216","Messaging",1.7136,263.09483424,2.6775
"AllocatedMethodId-3919","AllocatedResourceId-3097","AllocatedResourceName-2076","{}",56.7339345,"123456789012","SunBird","BillingAccount","USD","2024-10-01T00:00:00Z","2024-09-01T00:00:00Z",NULL,NULL,"Usage",NULL,"Amazon Simple Queue Service Queue in Europe (Ireland)","2024-09-07T02:00:00Z","2024-09-07T01:00:00Z",NULL,NULL,NULL,NULL,NULL,NULL,NULL,274.5000000000,"Requests",NULL,79.90695000000001,0.2911,56.7339345,"AWS","AWS",126.819,0.4620,"Other","USD",274.50,"Requests","AWS","AWS","eu-west-1","Europe (Ireland)","arn:aws:ec2:eu-west-1:123456789012:instance/i-0096f637041f",NULL,"Queue","Integration","Amazon Simple Queue Service","AWS","DH5MKB70VJO232I1","Amazon Simple Queue Service Requests",NULL,"ZU0MM3AHRDCWJ28E.BXU7CCBJ","517389287820","Atlas Nimbus","BillingAccount","{""business_unit"": ""LisbonOps"", ""environment"": ""staging"", ""team"": ""growth""}",NULL,NULL,"Usage-Based","INV-202409-73418","Messaging",0.2911,56.7339345,0.4620
"AllocatedMethodId-8692","AllocatedResourceId-7506","AllocatedResourceName-2501","{}",242.61487348,"01ABCD-2345EF-6789GH","Helios Labs","BillingAccount","USD","2024-10-01T00:00:00Z","2024-09-01T00:00:00Z",NULL,NULL,"Usage",NULL,"Cloud Storage Bucket in Singapore","2024-09-29T07:00:00Z","2024-09-29T06:00:00Z",NULL,NULL,NULL,NULL,NULL,NULL,NULL,302.1100000000,"GiB",NULL,263.711819,0.8729,242.61487348,"Google","Google",342.471896,1.1336,"Standard","USD",302.11,"GiB","Google","Google","asia-southeast1","Singapore","//compute.googleapis.com/projects/helios-labs/zones/asia-southeast1-a/instances/inst-5161",NULL,"Bucket","Storage","Cloud Storage","Google","MYWWJ7ZLBL5PWIXW","Cloud Storage GiB",NULL,"NPJKJ2OM7LASX4OW.OIO11F6W","proj-helios-dev","helios-dev","BillingAccount","{""cost_center"": ""CC-2042"", ""application"": ""BrightSourceCore""}",NULL,NULL,"Usage-Based","INV-202409-14555","Object Storage",0.8729,242.61487348,1.1336
"AllocatedMethodId-6530","AllocatedResourceId-4458","AllocatedResourceName-7088","{}",125.66457288,"123456789012","SunBird","BillingAccount","USD","2024-10-01T00:00:00Z","2024-09-01T00:00:00Z",NULL,NULL,"Usage",NULL,"Elastic Load Balancing Load Balancer in Asia Pacific (Sydney)","2024-09-22T20:00:00Z","2024-09-22T19:00:00Z",NULL,NULL,NULL,NULL,NULL,NULL,NULL,393.9600000000,"LCU-Hours",NULL,190.400868,0.4833,125.66457288,"AWS","AWS",237.991236,0.6041,"Dynamic","USD",393.96,"LCU-Hours","AWS","AWS","ap-southeast-2","Asia Pacific (Sydney)","arn:aws:ec2:ap-southeast-2:123456789012:instance/i-00716201defd",NULL,"Load Balancer","Networking","Elastic Load Balancing","AWS","9O99LF51Q8QZ4MU2","Elastic Load Balancing LCU-Hours",NULL,"QIJNNJJK6BGSQJW9.JLLWZDYL","517389287820","Atlas Nimbus","BillingAccount","{""application"": ""NimbusAPI""}",NULL,"ap-southeast-2a","Usage-Based","INV-202409-90993","Application Networking",0.4833,125.66457288,0.6041
"AllocatedMethodId-7159","AllocatedResourceId-4465","AllocatedResourceName-6259","{}",12.28941888,"123456789012","SunBird","BillingAccount","USD","2024-10-01T00:00:00Z","2024-09-01T00:00:00Z",NULL,NULL,"Usage",NULL,"Amazon Simple Queue Service Queue in US West (Oregon)","2024-09-21T11:00:00Z","2024-09-21T10:00:00Z",NULL,NULL,NULL,NULL,NULL,NULL,NULL,57.3800000000,"Requests",NULL,13.358064,0.2328,12.28941888,"AWS","AWS",15.905736000000001,0.2772,"Other","USD",57.38,"Requests","AWS","AWS","us-west-2","US West (Oregon)","arn:aws:ec2:us-west-2:123456789012:instance/i-00370e23da75",NULL,"Queue","Integration","Amazon Simple Queue Service","AWS","9UJAEOYLZD6SZO4X","Amazon Simple Queue Service Requests",NULL,"YEUR4CXUQELEXF1R.EEVV1RBF","663626350770","Zenith Apollo","BillingAccount","{""team"": ""growth""}",NULL,"eu-west-1c","Usage-Based","INV-202409-85527","Messaging",0.2328,12.28941888,0.2772
"AllocatedMethodId-2888","AllocatedResourceId-2502","AllocatedResourceName-7262","{}",33.930468,"ocid1.tenancy.oc1..aaaa1234","Meridian OCI","Tenancy","USD","2024-10-01T00:00:00Z","2024-09-01T00:00:00Z",NULL,NULL,"Usage",NULL,"Oracle Load Balancer Load Balancer in UK South (London)","2024-09-08T22:00:00Z","2024-09-08T21:00:00Z",NULL,NULL,NULL,NULL,NULL,NULL,NULL,405.6000000000,"Hours",NULL,34.2732,0.0845,33.930468,"Oracle","Oracle",36.86904,0.0909,"Standard","USD",405.60,"Hours","Oracle","Oracle","uk-london-1","UK South (London)","ocid1.instance.oc1.uk-london-1.002fc7794f1b",NULL,"Load Balancer","Networking","Oracle Load Balancer","Oracle","IFJTEMP1Z383ZC74","Oracle Load Balancer Hours",NULL,"NEK154OFLI2YB3V7.8480WPNT","ocid1.compartment.oc1..dev","development","Tenancy",NULL,NULL,NULL,"Usage-Based","INV-202409-36609","Application Networking",0.0845,33.930468,0.0909
"AllocatedMethodId-8231","AllocatedResourceId-2295","AllocatedResourceName-2800","{}",274.871457,"01ABCD-2345EF-6789GH","Helios Labs","BillingAccount","USD","2024-10-01T00:00:00Z","2024-09-01T00:00:00Z",NULL,NULL,"Purchase",NULL,"Cloud SQL Database Instance in Belgium","2024-09-22T21:00:00Z","2024-09-22T20:00:00Z","Spend","cd-226931","commit-6931",NULL,"Used","Savings Plan",NULL,NULL,NULL,NULL,274.871457,0.8631,0,"Google","Google",289.329995,0.9085,"Committed","USD",318.47,"Hours","Google","Google","europe-west1","Belgium","//compute.googleapis.com/projects/helios-labs/zones/europe-west1-a/instances/inst-1769",NULL,"Database Instance","Databases","Cloud SQL","Google","DAI093ZTT815ZT22","Cloud SQL Hours",NULL,"TF0MYW1CQVCB0PWU.O4MCYR1L","proj-helios-prod","helios-prod","BillingAccount","{""team"": ""growth"", ""business_unit"": ""LisbonOps""}",NULL,NULL,"Recurring","INV-202409-70870","Relational Databases",0.8631,0,0.9085
"AllocatedMethodId-6377","AllocatedResourceId-9200","AllocatedResourceName-7883","{}",734.29288764,"01ABCD-2345EF-6789GH","Helios Labs","BillingAccount","USD","2024-10-01T00:00:00Z","2024-09-01T00:00:00Z",NULL,NULL,"Usage",NULL,"Cloud Storage Bucket in Northern Virginia","2024-09-14T17:00:00Z","2024-09-14T16:00:00Z",NULL,NULL,NULL,NULL,NULL,NULL,NULL,296.7900000000,"GiB",NULL,992.287686,3.3434,734.29288764,"Google","Google",1066.9897290000001,3.5951,"Standard","USD",296.79,"GiB","Google","Google","us-east4","Northern Virginia","//compute.googleapis.com/projects/helios-labs/zones/us-east4-a/instances/inst-2710",NULL,"Bucket","Storage","Cloud Storage","Google","PFUS79VZWS01PTVQ","Cloud Storage GiB",NULL,"SOTQETHZPPQR2SOR.0QB79KJO","proj-helios-prod","helios-prod","BillingAccount",NULL,NULL,"us-central1-a","Usage-Based","INV-202409-16257","Object Storage",3.3434,734.29288764,3.5951
"AllocatedMethodId-8722","AllocatedResourceId-1037","AllocatedResourceName-8049","{}",1058.6465152,"8a93b2c1-1234-4abc-9def-0123456789ab","Contoso Cloud","BillingProfile","USD","2024-10-01T00:00:00Z","2024-09-01T00:00:00Z",NULL,NULL,"Usage",NULL,"Azure Functions Function App in UK South","2024-09-10T08:00:00Z","2024-09-10T07:00:00Z","Spend","cd-204604","commit-4604",NULL,"Used","Reserved Instance",NULL,321.2800000000,"Executions",NULL,1091.3881599999997,3.3970,1058.6465152,"Microsoft","Microsoft",1417.3909759999997,4.4117,"Committed","USD",321.28,"Executions","Microsoft","Microsoft","uksouth","UK South","/subscriptions/8a93b2c1-1234-4abc-9def-0123456789ab/resourceGroups/rg-52/providers/Microsoft.Compute/virtualMachines/vm-3565",NULL,"Function App","Compute","Azure Functions","Microsoft","T7WMS0XV4IICPACT","Azure Functions Executions",NULL,"R1TYEJODBJWGIHN3.VZW7ZMVV","sub-4d3e","Sandbox","BillingProfile","{""team"": ""payments"", ""environment"": ""prod"", ""application"": ""NimbusAPI""}",NULL,NULL,"Usage-Based","INV-202409-92313","Serverless Compute",3.3970,1058.6465152,4.4117
"AllocatedMethodId-7078","AllocatedResourceId-1787","AllocatedResourceName-4353","{}",190.70335644,"123456789012","SunBird","BillingAccount","USD","2024-10-01T00:00:00Z","2024-09-01T00:00:00Z",NULL,NULL,"Tax",NULL,"Tax charge in US West (Oregon)","2024-09-12T04:00:00Z","2024-09-12T03:00:00Z",NULL,NULL,NULL,NULL,NULL,NULL,NULL,NULL,NULL,NULL,190.70335644,NULL,190.70335644,"AWS","AWS",190.70335644,NULL,NULL,"USD",NULL,NULL,"AWS","AWS",NULL,NULL,NULL,NULL,NULL,"Other","Tax","AWS",NULL,NULL,NULL,NULL,"517389287820","Atlas Nimbus","BillingAccount",NULL,NULL,NULL,"One-Time","INV-202409-81046","Other (Security)",NULL,190.70335644,NULL
"AllocatedMethodId-3612","AllocatedResourceId-4259","AllocatedResourceName-4293","{}",342.848808,"01ABCD-2345EF-6789GH","Helios Labs","BillingAccount","USD","2024-10-01T00:00:00Z","2024-09-01T00:00:00Z",NULL,NULL,"Purchase",NULL,"Cloud Storage Bucket in Belgium","2024-09-07T18:00:00Z","2024-09-07T17:00:00Z",NULL,NULL,NULL,NULL,NULL,NULL,NULL,NULL,NULL,NULL,342.848808,0.7992,0,"Google","Google",418.093654,0.9746,"Standard","USD",428.99,"GiB","Google","Google","europe-west1","Belgium","//compute.googleapis.com/projects/helios-labs/zones/europe-west1-a/instances/inst-9249",NULL,"Bucket","Storage","Cloud Storage","Google","06Z8BC9UJRYDJF52","Cloud Storage GiB",NULL,"SE3QMCTNUDJO8XDK.K9R1ZVL2","proj-helios-dev","helios-dev","BillingAccount","{""business_unit"": ""MarseilleSRE""}",NULL,NULL,"Recurring","INV-202409-54141","Object Storage",0.7992,0,0.9746
"AllocatedMethodId-9953","AllocatedResourceId-8578","AllocatedResourceName-2664","{}",309.1187112,"8a93b2c1-1234-4abc-9def-0123456789ab","Contoso Cloud","BillingProfile","USD","2024-10-01T00:00:00Z","2024-09-01T00:00:00Z",NULL,NULL,"Usage",NULL,"Azure Functions Function App in West Europe","2024-09-11T00:00:00Z","2024-09-10T23:00:00Z","Spend","cd-123033","commit-3033",NULL,"Unused","Reserved Instance",NULL,NULL,NULL,NULL,454.58634,2.7534,309.1187112,"Microsoft","Microsoft",473.52331,2.8681,"Standard","USD",165.10,"Executions","Microsoft","Microsoft","westeurope","West Europe","/subscriptions/8a93b2c1-1234-4abc-9def-0123456789ab/resourceGroups/rg-445/providers/Microsoft.Compute/virtualMachines/vm-5230",NULL,"Function App","Compute","Azure Functions","Microsoft","4WUPDLRXNDFLO9Q5","Azure Functions Executions",NULL,"KPBNRICI8S3EBF3K.KISDXD20","sub-4d3e","Sandbox","BillingProfile","{""application"": ""NimbusAPI"", ""owner"": ""a.turing""}",NULL,"eastus-1","Usage-Based","INV-202409-43940","Serverless Compute",2.7534,309.1187112,2.8681
"AllocatedMethodId-5773","AllocatedResourceId-1590","AllocatedResourceName-4695","{}",285.5934405,"ocid1.tenancy.oc1..aaaa1234","Meridian OCI","Tenancy","USD","2024-10-01T00:00:00Z","2024-09-01T00:00:00Z",NULL,NULL,"Usage",NULL,"Oracle Functions Function in UK South (London)","2024-09-18T16:00:00Z","2024-09-18T15:00:00Z","Spend","cd-770898","commit-0898",NULL,"Unused","Committed Use Discount",NULL,NULL,NULL,NULL,380.791254,0.8139,285.5934405,"Oracle","Oracle",427.85797,0.9145,"Committed","USD",467.86,"Invocations","Oracle","Oracle","uk-london-1","UK South (London)","ocid1.instance.oc1.uk-london-1.003ce977f568",NULL,"Function","Compute","Oracle Functions","Oracle","V6ELJUCVYZ8SQ6JP","Oracle Functions Invocations",NULL,"5PM2ELGIFFDH736C.PW90DE3D","ocid1.compartment.oc1..dev","development","Tenancy",NULL,NULL,NULL,"Usage-Based","INV-202409-73534","Serverless Compute",0.8139,285.5934405,0.9145
"AllocatedMethodId-1169","AllocatedResourceId-7130","AllocatedResourceName-7185","{}",83.90392647,"8a93b2c1-1234-4abc-9def-0123456789ab","Contoso Cloud","BillingProfile","USD","2024-10-01T00:00:00Z","2024-09-01T00:00:00Z",NULL,NULL,"Usage",NULL,"Azure SQL Database SQL Database in East US","2024-09-27T11:00:00Z","2024-09-27T10:00:00Z",NULL,NULL,NULL,NULL,NULL,NULL,NULL,89.1100000000,"Hours",NULL,92.202117,1.0347,83.90392647,"Microsoft","Microsoft",141.845298,1.5918,"Standard","USD",89.11,"Hours","Microsoft","Microsoft","eastus","East US","/subscriptions/8a93b2c1-1234-4abc-9def-0123456789ab/resourceGroups/rg-369/providers/Microsoft.Compute/virtualMachines/vm-5861",NULL,"SQL Database","Databases","Azure SQL Database","Microsoft","QPO93LKBXSJJHYLY","Azure SQL Database Hours",NULL,"UQYMMA8MMSST2BT6.756VAR3B","sub-4d3e","Sandbox","BillingProfile",NULL,NULL,"westeurope-2","Usage-Based","INV-202409-31785","Relational Databases",1.0347,83.90392647,1.5918
"AllocatedMethodId-6564","AllocatedResourceId-2590","AllocatedResourceName-4187","{}",227.60244,"01ABCD-2345EF-6789GH","Helios Labs","BillingAccount","USD","2024-10-01T00:00:00Z","2024-09-01T00:00:00Z",NULL,NULL,"Usage",NULL,"Compute Engine VM Instance in Singapore","2024-09-30T03:00:00Z","2024-09-30T02:00:00Z","Usage","cd-267728","commit-7728",NULL,"Used","Savings Plan",NULL,351.0000000000,"Hours",NULL,264.654,0.7540,227.60244,"Google","Google",318.84839999999997,0.9084,"Committed","USD",351.00,"Hours","Google","Google","asia-southeast1","Singapore","//compute.googleapis.com/projects/helios-labs/zones/asia-southeast1-a/instances/inst-3027",NULL,"VM Instance","Compute","Compute Engine","Google","B0FZW8FJIBXKJSHE","Compute Engine Hours",NULL,"U0NCJUUZO1P3J0LS.LC1YEVQ6","proj-helios-prod","helios-prod","BillingAccount","{""team"": ""growth"", ""owner"": ""g.hopper""}",NULL,"europe-west1-b","Usage-Based","INV-202409-13547","Virtual Machines",0.7540,227.60244,0.9084
"AllocatedMethodId-6362","AllocatedResourceId-7352","AllocatedResourceName-7581","{}",28.50111171,"8a93b2c1-1234-4abc-9def-0123456789ab","Contoso Cloud","BillingProfile","USD","2024-10-01T00:00:00Z","2024-09-01T00:00:00Z",NULL,NULL,"Usage",NULL,"Azure Load Balancer Load Balancer in East US","2024-09-28T23:00:00Z","2024-09-28T22:00:00Z",NULL,NULL,NULL,NULL,NULL,NULL,NULL,21.8100000000,"Hours",NULL,41.305958999999994,1.8939,28.50111171,"Microsoft","Microsoft",62.583794999999995,2.8695,"Standard","USD",21.81,"Hours","Microsoft","Microsoft","eastus","East US","/subscriptions/8a93b2c1-1234-4abc-9def-0123456789ab/resourceGroups/rg-991/providers/Microsoft.Compute/virtualMachines/vm-8164",NULL,"Load Balancer","Networking","Azure Load Balancer","Microsoft","LEXS6HX8J18085ZT","Azure Load Balancer Hours",NULL,"AGH7UQ98DYTTIACY.L65274PU","sub-9a1f","Production","BillingProfile",NULL,NULL,NULL,"Usage-Based","INV-202409-78259","Application Networking",1.8939,28.50111171,2.8695
"AllocatedMethodId-4168","AllocatedResourceId-9912","AllocatedResourceName-7488","{}",90.3023459,"01ABCD-2345EF-6789GH","Helios Labs","BillingAccount","USD","2024-10-01T00:00:00Z","2024-09-01T00:00:00Z",NULL,NULL,"Usage",NULL,"BigQuery Dataset in Singapore","2024-09-26T11:00:00Z","2024-09-26T10:00:00Z",NULL,NULL,NULL,NULL,NULL,NULL,NULL,148.1000000000,"GiB",NULL,101.46331,0.6851,90.3023459,"Google","Google",133.51215,0.9015,"Standard","USD",148.10,"GiB","Google","Google","asia-southeast1","Singapore","//compute.googleapis.com/projects/helios-labs/zones/asia-southeast1-a/instances/inst-8764",NULL,"Dataset","Analytics","BigQuery","Google","ECSKQ8NHS56HF42J","BigQuery GiB",NULL,"0R7GK6MH9BDO110B.KADAWMK8","proj-helios-prod","helios-prod","BillingAccount",NULL,NULL,"us-central1-a","Usage-Based","INV-202409-54126","Data Warehouses",0.6851,90.3023459,0.9015
"AllocatedMethodId-8554","AllocatedResourceId-2037","AllocatedResourceName-9656","{}",314.15339472,"8a93b2c1-1234-4abc-9def-0123456789ab","Contoso Cloud","BillingProfile","USD","2024-10-01T00:00:00Z","2024-09-01T00:00:00Z",NULL,NULL,"Usage",NULL,"Virtual Machines Virtual Machine in East US","2024-09-27T23:00:00Z","2024-09-27T22:00:00Z","Spend","cd-472536","commit-2536",NULL,"Used","Savings Plan",NULL,135.0800000000,"Hours",NULL,383.113896,2.8362,314.15339472,"Microsoft","Microsoft",598.60702,4.4315,"Standard","USD",135.08,"Hours","Microsoft","Microsoft","eastus","East US","/subscriptions/8a93b2c1-1234-4abc-9def-0123456789ab/resourceGroups/rg-690/providers/Microsoft.Compute/virtualMachines/vm-450",NULL,"Virtual Machine","Compute","Virtual Machines","Microsoft","POL9N6YNN40F6VH8","Virtual Machines Hours",NULL,"ZLZ3GP19TGAEMJ6K.MOJG86OW","sub-2b7c","Staging","BillingProfile","{""cost_center"": ""CC-2042"", ""application"": ""NimbusAPI"", ""owner"": ""a.turing""}",NULL,"westeurope-2","Usage-Based","INV-202409-34488","Virtual Machines",2.8362,314.15339472,4.4315
"AllocatedMethodId-4662","AllocatedResourceId-5470","AllocatedResourceName-8129","{}",386.577756,"ocid1.tenancy.oc1..aaaa1234","Meridian OCI","Tenancy","USD","2024-10-01T00:00:00Z","2024-09-01T00:00:00Z",NULL,NULL,"Usage",NULL,"Oracle Autonomous Database Database in Australia East (Sydney)","2024-09-18T08:00:00Z","2024-09-18T07:00:00Z",NULL,NULL,NULL,NULL,NULL,NULL,NULL,325.3200000000,"Hours",NULL,515.437008,1.5844,386.577756,"Oracle","Oracle",687.2384999999999,2.1125,"Standard","USD",325.32,"Hours","Oracle","Oracle","ap-sydney-1","Australia East (Sydney)","ocid1.instance.oc1.ap-sydney-1.009cd2401a43",NULL,"Database","Databases","Oracle Autonomous Database","Oracle","GRPEI320H36HW08P","Oracle Autonomous Database Hours",NULL,"8TW5LBJZYXZ8YKWG.IU2NT6KV","ocid1.compartment.oc1..prod","production","Tenancy",NULL,NULL,NULL,"Usage-Based","INV-202409-52749","Relational Databases",1.5844,386.577756,2.1125
"AllocatedMethodId-2937","AllocatedResourceId-1514","AllocatedResourceName-3687","{}",129.3011797,"123456789012","SunBird","BillingAccount","USD","2024-10-01T00:00:00Z","2024-09-01T00:00:00Z",NULL,NULL,"Usage","Correction","Amazon Simple Queue Service Queue in Europe (Ireland)","2024-09-25T18:00:00Z","2024-09-25T17:00:00Z",NULL,NULL,NULL,NULL,NULL,NULL,NULL,313.7000000000,"Requests",NULL,167.92361,0.5353,129.3011797,"AWS","AWS",223.88769,0.7137,"Standard","USD",313.70,"Requests","AWS","AWS","eu-west-1","Europe (Ireland)","arn:aws:ec2:eu-west-1:123456789012:instance/i-00dfd6186c39",NULL,"Queue","Integration","Amazon Simple Queue Service","AWS","3T5Q9WSZRE6M6TH0","Amazon Simple Queue Service Requests",NULL,"3PS37VNZ88GYS8BQ.SUAK6ZAU","517389287820","Atlas Nimbus","BillingAccount","{""cost_center"": ""CC-2042"", ""owner"": ""a.turing""}",NULL,"us-east-1a","Usage-Based","INV-202409-32400","Messaging",0.5353,129.3011797,0.7137
"AllocatedMethodId-8353","AllocatedResourceId-1848","AllocatedResourceName-9235","{}",22.60030962,"ocid1.tenancy.oc1..aaaa1234","Meridian OCI","Tenancy","USD","2024-10-01T00:00:00Z","2024-09-01T00:00:00Z",NULL,NULL,"Usage",NULL,"Oracle Object Storage Bucket in UK South (London)","2024-09-17T23:00:00Z","2024-09-17T22:00:00Z","Usage","cd-974055","commit-4055",NULL,"Used","Savings Plan",NULL,450.8700000000,"GB",NULL,31.831422,0.0706,22.60030962,"Oracle","Oracle",40.803734999999996,0.0905,"Committed","USD",450.87,"GB","Oracle","Oracle","uk-london-1","UK South (London)","ocid1.instance.oc1.uk-london-1.00e4f2e3e2b9",NULL,"Bucket","Storage","Oracle Object Storage","Oracle","CV4T89P4QG9W0PAJ","Oracle Object Storage GB",NULL,"2XADANCWYZGWNBWY.SG9QM28S","ocid1.compartment.oc1..prod","production","Tenancy","{""cost_center"": ""CC-3090""}",NULL,NULL,"Usage-Based","INV-202409-66622","Object Storage",0.0706,22.60030962,0.0905
"AllocatedMethodId-9866","AllocatedResourceId-5727","AllocatedResourceName-6335","{}",32.02344672,"ocid1.tenancy.oc1..aaaa1234","Meridian OCI","Tenancy","USD","2024-10-01T00:00:00Z","2024-09-01T00:00:00Z",NULL,NULL,"Usage",NULL,"Oracle Compute Instance in Australia East (Sydney)","2024-09-23T16:00:00Z","2024-09-23T15:00:00Z",NULL,NULL,NULL,NULL,NULL,NULL,NULL,401.8200000000,"Hours",NULL,47.093303999999996,0.1172,32.02344672,"Oracle","Oracle",62.764284,0.1562,"Other","USD",401.82,"Hours","Oracle","Oracle","ap-sydney-1","Australia East (Sydney)","ocid1.instance.oc1.ap-sydney-1.00584082a234",NULL,"Instance","Compute","Oracle Compute","Oracle","ICZ4RV19ZXKTCYJI","Oracle Compute Hours",NULL,"HUW14IU1LLLHAVPN.S2BQ5T4Y","ocid1.compartment.oc1..prod","production","Tenancy","{""environment"": ""staging""}",NULL,NULL,"Usage-Based","INV-202409-49790","Virtual Machines",0.1172,32.02344672,0.1562
"AllocatedMethodId-1772","AllocatedResourceId-6951","AllocatedResourceName-6054","{}",210.44579094,"01ABCD-2345EF-6789GH","Helios Labs","BillingAccount","USD","2024-10-01T00:00:00Z","2024-09-01T00:00:00Z",NULL,NULL,"Usage",NULL,"Cloud Functions Function in Belgium","2024-09-14T23:00:00Z","2024-09-14T22:00:00Z",NULL,NULL,NULL,NULL,NULL,NULL,NULL,267.1900000000,"Invocations",NULL,334.040938,1.2502,210.44579094,"Google","Google",417.564532,1.5628,"Standard","USD",267.19,"Invocations","Google","Google","europe-west1","Belgium","//compute.googleapis.com/projects/helios-labs/zones/europe-west1-a/instances/inst-6063",NULL,"Function","Compute","Cloud Functions","Google","LFE4PJ35K1R88PW9","Cloud Functions Invocations",NULL,"UU9UKLTKWIUGZH6U.5XF2EDVD","proj-helios-dev","helios-dev","BillingAccount","{""environment"": ""dev"", ""application"": ""BrightLensMatrix""}",NULL,"us-central1-a","Usage-Based","INV-202409-79349","Serverless Compute",1.2502,210.44579094,1.5628
"AllocatedMethodId-8123","AllocatedResourceId-4013","AllocatedResourceName-6176","{}",417.49046352,"123456789012","SunBird","BillingAccount","USD","2024-10-01T00:00:00Z","2024-09-01T00:00:00Z",NULL,NULL,"Usage",NULL,"Amazon Relational Database Service Database Instance in Asia Pacific (Sydney)","2024-09-14T03:00:00Z","2024-09-14T02:00:00Z",NULL,NULL,NULL,NULL,NULL,NULL,NULL,319.3200000000,"Hours",NULL,535.2441839999999,1.6762,417.49046352,"AWS","AWS",569.411424,1.7832,"Standard","USD",319.32,"Hours","AWS","AWS","ap-southeast-2","Asia Pacific (Sydney)","arn:aws:ec2:ap-southeast-2:123456789012:instance/i-00aa435706a2",NULL,"Database Instance","Databases","Amazon Relational Database Service","AWS","3MQSNCVO568BOMH7","Amazon Relational Database Service Hours",NULL,"N0FEMP7L1C6468L9.EWL484MA","438839167390","Zenith Eclipse","BillingAccount","{""business_unit"": ""ViennaAI"", ""application"": ""AtlasPortal"", ""team"": ""growth""}",NULL,NULL,"Usage-Based","INV-202409-47387","Relational Databases",1.6762,417.49046352,1.7832
"AllocatedMethodId-4080","AllocatedResourceId-5792","AllocatedResourceName-5574","{}",265.51511259,"123456789012","SunBird","BillingAccount","USD","2024-10-01T00:00:00Z","2024-09-01T00:00:00Z",NULL,NULL,"Tax",NULL,"Tax charge in US West (Oregon)","2024-09-20T00:00:00Z","2024-09-19T23:00:00Z",NULL,NULL,NULL,NULL,NULL,NULL,NULL,NULL,NULL,NULL,265.51511259,NULL,265.51511259,"AWS","AWS",265.51511259,NULL,NULL,"USD",NULL,NULL,"AWS","AWS",NULL,NULL,NULL,NULL,NULL,"Other","Tax","AWS",NULL,NULL,NULL,NULL,"517389287820","Atlas Nimbus","BillingAccount","{""application"": ""AtlasPortal"", ""owner"": ""a.turing"", ""cost_center"": ""CC-3090""}",NULL,NULL,"One-Time","INV-202409-72700","Other (Security)",NULL,265.51511259,NULL
"AllocatedMethodId-6383","AllocatedResourceId-6710","AllocatedResourceName-9518","{}",367.22527875,"ocid1.tenancy.oc1..aaaa1234","Meridian OCI","Tenancy","USD","2024-10-01T00:00:00Z","2024-09-01T00:00:00Z",NULL,NULL,"Credit",NULL,"Oracle Functions Function in US East (Ashburn)","2024-09-19T22:00:00Z","2024-09-19T21:00:00Z",NULL,NULL,NULL,NULL,NULL,NULL,NULL,NULL,NULL,NULL,370.934625,1.2521,367.22527875,"Oracle","Oracle",588.796875,1.9875,"Standard","USD",296.25,"Invocations","Oracle","Oracle","us-ashburn-1","US East (Ashburn)",NULL,NULL,NULL,"Compute","Oracle Functions","Oracle","QY1QVDBCHD89V4OB","Oracle Functions Invocations",NULL,"8OVKGF807SSKSYR6.7T3X2K9X","ocid1.compartment.oc1..dev","development","Tenancy","{""cost_center"": ""CC-3090""}",NULL,NULL,"One-Time","INV-202409-74261","Serverless Compute",1.2521,367.22527875,1.9875
"AllocatedMethodId-8295","AllocatedResourceId-8667","AllocatedResourceName-1769","{}",578.3228928,"8a93b2c1-1234-4abc-9def-0123456789ab","Contoso Cloud","BillingProfile","USD","2024-10-01T00:00:00Z","2024-09-01T00:00:00Z",NULL,NULL,"Usage",NULL,"Azure Functions Function App in East US","2024-09-03T05:00:00Z","2024-09-03T04:00:00Z",NULL,NULL,NULL,NULL,NULL,NULL,NULL,372.6000000000,"Executions",NULL,672.46848,1.8048,578.3228928,"Microsoft","Microsoft",862.15914,2.3139,"Dynamic","USD",372.60,"Executions","Microsoft","Microsoft","eastus","East US","/subscriptions/8a93b2c1-1234-4abc-9def-0123456789ab/resourceGroups/rg-622/providers/Microsoft.Compute/virtualMachines/vm-7142",NULL,"Function App","Compute","Azure Functions","Microsoft","2F3AV7TQVGRN15K7","Azure Functions Executions",NULL,"Z7GFLNBN76V18HFP.58FRVABK","sub-4d3e","Sandbox","BillingProfile","{""environment"": ""staging""}",NULL,NULL,"Usage-Based","INV-202409-23810","Serverless Compute",1.8048,578.3228928,2.3139
"AllocatedMethodId-3291","AllocatedResourceId-8206","AllocatedResourceName-2292","{}",129.0225664,"01ABCD-2345EF-6789GH","Helios Labs","BillingAccount","USD","2024-10-01T00:00:00Z","2024-09-01T00:00:00Z",NULL,NULL,"Usage",NULL,"Cloud SQL Database Instance in Belgium","2024-09-19T02:00:00Z","2024-09-19T01:00:00Z",NULL,NULL,NULL,NULL,NULL,NULL,NULL,44.7200000000,"Hours",NULL,161.27820799999998,3.6064,129.0225664,"Google","Google",185.377816,4.1453,"Standard","USD",44.72,"Hours","Google","Google","europe-west1","Belgium","//compute.googleapis.com/projects/helios-labs/zones/europe-west1-a/instances/inst-7963",NULL,"Database Instance","Databases","Cloud SQL","Google","HHPFAP8I4TIUWHP1","Cloud SQL Hours",NULL,"CD7U8G6HCSUDITN3.NZEV75NY","proj-helios-dev","helios-dev","BillingAccount","{""owner"": ""k.johnson"", ""application"": ""BrightSourceCore""}",NULL,"europe-west1-b","Usage-Based","INV-202409-62698","Relational Databases",3.6064,129.0225664,4.1453
"AllocatedMethodId-1572","AllocatedResourceId-2717","AllocatedResourceName-8566","{}",414.6260472,"8a93b2c1-1234-4abc-9def-0123456789ab","Contoso Cloud","BillingProfile","USD","2024-10-01T00:00:00Z","2024-09-01T00:00:00Z",NULL,NULL,"Usage",NULL,"Azure Load Balancer Load Balancer in Southeast Asia","2024-09-26T14:00:00Z","2024-09-26T13:00:00Z",NULL,NULL,NULL,NULL,NULL,NULL,NULL,176.6200000000,"Hours",NULL,691.043412,3.9126,414.6260472,"Microsoft","Microsoft",705.137688,3.9924,"Standard","USD",176.62,"Hours","Microsoft","Microsoft","southeastasia","Southeast Asia","/subscriptions/8a93b2c1-1234-4abc-9def-0123456789ab/resourceGroups/rg-919/providers/Microsoft.Compute/virtualMachines/vm-7424",NULL,"Load Balancer","Networking","Azure Load Balancer","Microsoft","VYYP5LWWHGYSPZCI","Azure Load Balancer Hours",NULL,"6P45L3BK80Y0AVPS.L7FYQQE0","sub-4d3e","Sandbox","BillingProfile","{""application"": ""AtlasPortal"", ""business_unit"": ""LisbonOps""}",NULL,NULL,"Usage-Based","INV-202409-20032","Application Networking",3.9126,414.6260472,3.9924
"AllocatedMethodId-9043","AllocatedResourceId-3019","AllocatedResourceName-8430","{}",75.452664,"01ABCD-2345EF-6789GH","Helios Labs","BillingAccount","USD","2024-10-01T00:00:00Z","2024-09-01T00:00:00Z",NULL,NULL,"Purchase",NULL,"Cloud Load Balancing Forwarding Rule in Belgium","2024-09-23T21:00:00Z","2024-09-23T20:00:00Z",NULL,NULL,NULL,NULL,NULL,NULL,NULL,NULL,NULL,NULL,75.452664,0.1822,0,"Google","Google",88.787328,0.2144,"Dynamic","USD",414.12,"Hours","Google","Google","europe-west1","Belgium","//compute.googleapis.com/projects/helios-labs/zones/europe-west1-a/instances/inst-2921",NULL,"Forwarding Rule","Networking","Cloud Load Balancing","Google","J50N1I6GQQR3H7OU","Cloud Load Balancing Hours",NULL,"NB0C05ZQALL68R63.RUWHPV83","proj-helios-dev","helios-dev","BillingAccount","{""environment"": ""qa""}",NULL,NULL,"One-Time","INV-202409-27797","Application Networking",0.1822,0,0.2144
"AllocatedMethodId-3791","AllocatedResourceId-4811","AllocatedResourceName-2392","{}",968.95749678,"01ABCD-2345EF-6789GH","Helios Labs","BillingAccount","USD","2024-10-01T00:00:00Z","2024-09-01T00:00:00Z",NULL,NULL,"Usage",NULL,"Cloud Storage Bucket in Iowa","2024-09-24T15:00:00Z","2024-09-24T14:00:00Z",NULL,NULL,NULL,NULL,NULL,NULL,NULL,378.7800000000,"GiB",NULL,1064.788458,2.8111,968.95749678,"Google","Google",1589.2472460000001,4.1957,"Standard","USD",378.78,"GiB","Google","Google","us-central1","Iowa","//compute.googleapis.com/projects/helios-labs/zones/us-central1-a/instances/inst-1886",NULL,"Bucket","Storage","Cloud Storage","Google","7E65N942W6OONZS4","Cloud Storage GiB",NULL,"2AQGOAAHWM60BL8I.ZIWQKCQE","proj-helios-dev","helios-dev","BillingAccount",NULL,NULL,"us-central1-a","Usage-Based","INV-202409-95879","Object Storage",2.8111,968.95749678,4.1957
"AllocatedMethodId-4524","AllocatedResourceId-1823","AllocatedResourceName-8780","{}",5.9452536,"123456789012","SunBird","BillingAccount","USD","2024-10-01T00:00:00Z","2024-09-01T00:00:00Z",NULL,NULL,"Usage","Correction","AWS Lambda Function in Europe (Ireland)","2024-09-20T17:00:00Z","2024-09-20T16:00:00Z",NULL,NULL,NULL,NULL,NULL,NULL,NULL,33.1500000000,"Requests",NULL,6.75597,0.2038,5.9452536,"AWS","AWS",9.384765,0.2831,"Standard","USD",33.15,"Requests","AWS","AWS","eu-west-1","Europe (Ireland)","arn:aws:ec2:eu-west-1:123456789012:instance/i-00b4ff661443",NULL,"Function","Compute","AWS Lambda","AWS","TGJJR83B94JYQ0NL","AWS Lambda Requests",NULL,"LXF5TJLSAQNL0GG8.DCMTY71G","438839167390","Zenith Eclipse","BillingAccount","{""environment"": ""staging"", ""owner"": ""g.hopper"", ""business_unit"": ""ViennaAI""}",NULL,"ap-southeast-2a","Usage-Based","INV-202409-60001","Serverless Compute",0.2038,5.9452536,0.2831
"AllocatedMethodId-2817","AllocatedResourceId-3739","AllocatedResourceName-9964","{}",53.90956799999999,"123456789012","SunBird","BillingAccount","USD","2024-10-01T00:00:00Z","2024-09-01T00:00:00Z",NULL,NULL,"Purchase",NULL,"Amazon Simple Storage Service Bucket in Asia Pacific (Sydney)","2024-09-30T16:00:00Z","2024-09-30T15:00:00Z",NULL,NULL,NULL,NULL,NULL,NULL,NULL,NULL,NULL,NULL,53.90956799999999,0.1384,0,"AWS","AWS",61.972632,0.1591,"Standard","USD",389.52,"GB","AWS","AWS","ap-southeast-2","Asia Pacific (Sydney)","arn:aws:ec2:ap-southeast-2:123456789012:instance/i-008e9f3d42db",NULL,"Bucket","Storage","Amazon Simple Storage Service","AWS","4UBDG5PIVAB3N3FM","Amazon Simple Storage Service GB",NULL,"C2KKFGN8YC64EY5J.LHBQUR0H","438839167390","Zenith Eclipse","BillingAccount","{""environment"": ""dev"", ""application"": ""NimbusAPI"", ""business_unit"": ""ViennaAI""}",NULL,NULL,"One-Time","INV-202409-75008","Object Storage",0.1384,0,0.1591
"AllocatedMethodId-2809","AllocatedResourceId-6237","AllocatedResourceName-9798","{}",233.0916156,"123456789012","SunBird","BillingAccount","USD","2024-10-01T00:00:00Z","2024-09-01T00:00:00Z",NULL,NULL,"Usage",NULL,"Amazon Simple Queue Service Queue in US East (N. Virginia)","2024-09-11T23:00:00Z","2024-09-11T22:00:00Z",NULL,NULL,NULL,NULL,NULL,NULL,NULL,491.6300000000,"Requests",NULL,323.738355,0.6585,233.0916156,"AWS","AWS",355.743468,0.7236,"Standard","USD",491.63,"Requests","AWS","AWS","us-east-1","US East (N. Virginia)","arn:aws:ec2:us-east-1:123456789012:instance/i-003b4c67f2b7",NULL,"Queue","Integration","Amazon Simple Queue Service","AWS","VLNRFJBRT24LYBNL","Amazon Simple Queue Service Requests",NULL,"0WUGOI40F3T9BIRW.W8WHYCIG","438839167390","Zenith Eclipse","BillingAccount","{""environment"": ""staging""}",NULL,"ap-southeast-2a","Usage-Based","INV-202409-23933","Messaging",0.6585,233.0916156,0.7236
"AllocatedMethodId-3584","AllocatedResourceId-2921","AllocatedResourceName-4670","{}",532.89075066,"123456789012","SunBird","BillingAccount","USD","2024-10-01T00:00:00Z","2024-09-01T00:00:00Z",NULL,NULL,"Adjustment",NULL,"Amazon Simple Storage Service Bucket in Asia Pacific (Sydney)","2024-09-18T07:00:00Z","2024-09-18T06:00:00Z",NULL,NULL,NULL,NULL,NULL,NULL,NULL,NULL,NULL,NULL,674.545254,2.2238,532.89075066,"AWS","AWS",812.7120689999999,2.6793,"Other","USD",303.33,"GB","AWS","AWS","ap-southeast-2","Asia Pacific (Sydney)",NULL,NULL,NULL,"Storage","Amazon Simple Storage Service","AWS","DA67RT3QB6O29FHC","Amazon Simple Storage Service GB",NULL,"5SIF1TCDZ7MZIMUO.R8R61R2C","663626350770","Zenith Apollo","BillingAccount","{""owner"": ""g.hopper"", ""team"": ""infra"", ""environment"": ""qa""}",NULL,NULL,"One-Time","INV-202409-76082","Object Storage",2.2238,532.89075066,2.6793
"AllocatedMethodId-2346","AllocatedResourceId-9972","AllocatedResourceName-7967","{}",343.53102702,"ocid1.tenancy.oc1..aaaa1234","Meridian OCI","Tenancy","USD","2024-10-01T00:00:00Z","2024-09-01T00:00:00Z",NULL,NULL,"Usage",NULL,"Oracle Autonomous Database Database in UK South (London)","2024-09-09T00:00:00Z","2024-09-08T23:00:00Z",NULL,NULL,NULL,NULL,NULL,NULL,NULL,84.0900000000,"Hours",NULL,385.98991800000005,4.5902,343.53102702,"Oracle","Oracle",419.558646,4.9894,"Standard","USD",84.09,"Hours","Oracle","Oracle","uk-london-1","UK South (London)","ocid1.instance.oc1.uk-london-1.004f0b5f8f00",NULL,"Database","Databases","Oracle Autonomous Database","Oracle","ADBB97YPSZ3PHAA7","Oracle Autonomous Database Hours",NULL,"7FHQHZABFYJPI5M3.83CYA8VT","ocid1.compartment.oc1..dev","development","Tenancy","{""business_unit"": ""OsloData""}",NULL,"us-ashburn-1-AD-1","Usage-Based","INV-202409-81214","Relational Databases",4.5902,343.53102702,4.9894
"AllocatedMethodId-2500","AllocatedResourceId-9306","AllocatedResourceName-3493","{}",1363.33660329,"ocid1.tenancy.oc1..aaaa1234","Meridian OCI","Tenancy","USD","2024-10-01T00:00:00Z","2024-09-01T00:00:00Z",NULL,NULL,"Usage","Correction","Oracle Autonomous Database Database in UK South (London)","2024-09-02T18:00:00Z","2024-09-02T17:00:00Z","Usage","cd-361138","commit-1138",NULL,"Used","Reserved Instance",NULL,407.9700000000,"Hours",NULL,1567.0535670000002,3.8411,1363.33660329,"Oracle","Oracle",1983.631734,4.8622,"Committed","USD",407.97,"Hours","Oracle","Oracle","uk-london-1","UK South (London)","ocid1.instance.oc1.uk-london-1.00685e442570",NULL,"Database","Databases","Oracle Autonomous Database","Oracle","F9XQV6JTJBMQAEXN","Oracle Autonomous Database Hours",NULL,"UPR00B2UYQSRZ12J.DGD9IRBI","ocid1.compartment.oc1..prod","production","Tenancy","{""team"": ""platform""}",NULL,NULL,"Usage-Based","INV-202409-80657","Relational Databases",3.8411,1363.33660329,4.8622
"AllocatedMethodId-1385","AllocatedResourceId-1881","AllocatedResourceName-2396","{}",152.65050636,"8a93b2c1-1234-4abc-9def-0123456789ab","Contoso Cloud","BillingProfile","USD","2024-10-01T00:00:00Z","2024-09-01T00:00:00Z",NULL,NULL,"Usage",NULL,"Azure Load Balancer Load Balancer in West Europe","2024-09-20T02:00:00Z","2024-09-20T01:00:00Z",NULL,NULL,NULL,NULL,NULL,NULL,NULL,484.0700000000,"Hours",NULL,231.288646,0.4778,152.65050636,"Microsoft","Microsoft",361.35825500000004,0.7465,"Standard","USD",484.07,"Hours","Microsoft","Microsoft","westeurope","West Europe","/subscriptions/8a93b2c1-1234-4abc-9def-0123456789ab/resourceGroups/rg-661/providers/Microsoft.Compute/virtualMachines/vm-6672",NULL,"Load Balancer","Networking","Azure Load Balancer","Microsoft","3OWM0TKOW3BASFKG","Azure Load Balancer Hours",NULL,"9I9VG9H0ELUWBSZH.CD3LODQ1","sub-4d3e","Sandbox","BillingProfile","{""team"": ""growth""}",NULL,NULL,"Usage-Based","INV-202409-63529","Application Networking",0.4778,152.65050636,0.7465
"AllocatedMethodId-3673","AllocatedResourceId-6207","AllocatedResourceName-2663","{}",1241.57970288,"8a93b2c1-1234-4abc-9def-0123456789ab","Contoso Cloud","BillingProfile","USD","2024-10-01T00:00:00Z","2024-09-01T00:00:00Z",NULL,NULL,"Usage",NULL,"Azure Functions Function App in West Europe","2024-09-07T03:00:00Z","2024-09-07T02:00:00Z",NULL,NULL,NULL,NULL,NULL,NULL,NULL,361.7100000000,"Executions",NULL,1254.1209119999999,3.4672,1241.57970288,"Microsoft","Microsoft",1348.527222,3.7282,"Standard","USD",361.71,"Executions","Microsoft","Microsoft","westeurope","West Europe","/subscriptions/8a93b2c1-1234-4abc-9def-0123456789ab/resourceGroups/rg-886/providers/Microsoft.Compute/virtualMachines/vm-3314",NULL,"Function App","Compute","Azure Functions","Microsoft","XA511UOQTYCTLJ20","Azure Functions Executions",NULL,"OTYBGFVPAX5NT5JQ.PW90F508","sub-4d3e","Sandbox","BillingProfile","{""team"": ""platform"", ""application"": ""BrightSourceCore"", ""business_unit"": ""ViennaAI""}",NULL,NULL,"Usage-Based","INV-202409-32161","Serverless Compute",3.4672,1241.57970288,3.7282
"AllocatedMethodId-6837","AllocatedResourceId-3680","AllocatedResourceName-6847","{}",515.766944,"8a93b2c1-1234-4abc-9def-0123456789ab","Contoso Cloud","BillingProfile","USD","2024-10-01T00:00:00Z","2024-09-01T00:00:00Z",NULL,NULL,"Usage",NULL,"Azure Kubernetes Service Cluster in West Europe","2024-09-20T08:00:00Z","2024-09-20T07:00:00Z",NULL,NULL,NULL,NULL,NULL,NULL,NULL,351.8000000000,"Hours",NULL,586.0988,1.6660,515.766944,"Microsoft","Microsoft",681.50696,1.9372,"Dynamic","USD",351.80,"Hours","Microsoft","Microsoft","westeurope","West Europe","/subscriptions/8a93b2c1-1234-4abc-9def-0123456789ab/resourceGroups/rg-290/providers/Microsoft.Compute/virtualMachines/vm-5007",NULL,"Cluster","Compute","Azure Kubernetes Service","Microsoft","826RS43FKDNXAC0G","Azure Kubernetes Service Hours",NULL,"6T64TJIPURNTDT0Y.9JHJFV1Q","sub-2b7c","Staging","BillingProfile",NULL,NULL,"eastus-1","Usage-Based","INV-202409-89246","Containers",1.6660,515.766944,1.9372
"AllocatedMethodId-3331","AllocatedResourceId-2646","AllocatedResourceName-9277","{}",134.285098,"01ABCD-2345EF-6789GH","Helios Labs","BillingAccount","USD","2024-10-01T00:00:00Z","2024-09-01T00:00:00Z",NULL,NULL,"Purchase",NULL,"Cloud Functions Function in Belgium","2024-09-18T02:00:00Z","2024-09-18T01:00:00Z",NULL,NULL,NULL,NULL,NULL,NULL,NULL,NULL,NULL,NULL,134.285098,0.4178,0,"Google","Google",141.356118,0.4398,"Standard","USD",321.41,"Invocations","Google","Google","europe-west1","Belgium","//compute.googleapis.com/projects/helios-labs/zones/europe-west1-a/instances/inst-6755",NULL,"Function","Compute","Cloud Functions","Google","OVS66LE77R08BZZQ","Cloud Functions Invocations",NULL,"BWGGCLFKXTMRFLPB.HZDT71AP","proj-helios-prod","helios-prod","BillingAccount","{""cost_center"": ""CC-2042"", ""application"": ""BrightSourceCore"", ""environment"": ""prod""}",NULL,NULL,"Recurring","INV-202409-75099","Serverless Compute",0.4178,0,0.4398
"AllocatedMethodId-8268","AllocatedResourceId-9562","AllocatedResourceName-1056","{}",66.8239383,"ocid1.tenancy.oc1..aaaa1234","Meridian OCI","Tenancy","USD","2024-10-01T00:00:00Z","2024-09-01T00:00:00Z",NULL,NULL,"Usage",NULL,"Oracle Compute Instance in US East (Ashburn)","2024-09-08T00:00:00Z","2024-09-07T23:00:00Z",NULL,NULL,NULL,NULL,NULL,NULL,NULL,52.5300000000,"Hours",NULL,78.616398,1.4966,66.8239383,"Oracle","Oracle",117.336261,2.2337,"Standard","USD",52.53,"Hours","Oracle","Oracle","us-ashburn-1","US East (Ashburn)","ocid1.instance.oc1.us-ashburn-1.004c4bd86589",NULL,"Instance","Compute","Oracle Compute","Oracle","T4HPG5G390CGYJWD","Oracle Compute Hours",NULL,"6QGS37VXAHEN2VOV.7KHB4K97","ocid1.compartment.oc1..prod","production","Tenancy",NULL,NULL,"uk-london-1-AD-2","Usage-Based","INV-202409-98604","Virtual Machines",1.4966,66.8239383,2.2337
"AllocatedMethodId-7265","AllocatedResourceId-6773","AllocatedResourceName-8469","{}",3.351744,"ocid1.tenancy.oc1..aaaa1234","Meridian OCI","Tenancy","USD","2024-10-01T00:00:00Z","2024-09-01T00:00:00Z",NULL,NULL,"Usage",NULL,"Oracle Object Storage Bucket in UK South (London)","2024-09-10T17:00:00Z","2024-09-10T16:00:00Z",NULL,NULL,NULL,NULL,NULL,NULL,NULL,52.9000000000,"GB",NULL,5.2371,0.0990,3.351744,"Oracle","Oracle",7.273750000000001,0.1375,"Dynamic","USD",52.90,"GB","Oracle","Oracle","uk-london-1","UK South (London)","ocid1.instance.oc1.uk-london-1.00da29849ab1",NULL,"Bucket","Storage","Oracle Object Storage","Oracle","YQ45H8M5VOC209GA","Oracle Object Storage GB",NULL,"LS9A9XW36CAKQSMI.NZLKHZCY","ocid1.compartment.oc1..prod","production","Tenancy","{""environment"": ""dev""}",NULL,NULL,"Usage-Based","INV-202409-88966","Object Storage",0.0990,3.351744,0.1375
"AllocatedMethodId-6975","AllocatedResourceId-7359","AllocatedResourceName-5764","{}",81.02437092,"01ABCD-2345EF-6789GH","Helios Labs","BillingAccount","USD","2024-10-01T00:00:00Z","2024-09-01T00:00:00Z",NULL,NULL,"Usage",NULL,"BigQuery Dataset in Northern Virginia","2024-09-17T15:00:00Z","2024-09-17T14:00:00Z",NULL,NULL,NULL,NULL,NULL,NULL,NULL,33.1600000000,"GiB",NULL,97.61972399999999,2.9439,81.02437092,"Google","Google",102.756208,3.0988,"Standard","USD",33.16,"GiB","Google","Google","us-east4","Northern Virginia","//compute.googleapis.com/projects/helios-labs/zones/us-east4-a/instances/inst-3504",NULL,"Dataset","Analytics","BigQuery","Google","JYEA4ANMXC7QKSNH","BigQuery GiB",NULL,"8OIS8S6EOBATG1EA.UOCJGXEY","proj-helios-prod","helios-prod","BillingAccount","{""owner"": ""k.johnson"", ""environment"": ""prod"", ""application"": ""BrightLensMatrix""}",NULL,NULL,"Usage-Based","INV-202409-72425","Data Warehouses",2.9439,81.02437092,3.0988
"AllocatedMethodId-6867","AllocatedResourceId-2059","AllocatedResourceName-8234","{}",0.1154664,"ocid1.tenancy.oc1..aaaa1234","Meridian OCI","Tenancy","USD","2024-10-01T00:00:00Z","2024-09-01T00:00:00Z",NULL,NULL,"Usage",NULL,"Oracle Object Storage Bucket in US East (Ashburn)","2024-09-10T23:00:00Z","2024-09-10T22:00:00Z",NULL,NULL,NULL,NULL,NULL,NULL,NULL,1.5800000000,"GB",NULL,0.128296,0.0812,0.1154664,"Oracle","Oracle",0.13509000000000002,0.0855,"Standard","USD",1.58,"GB","Oracle","Oracle","us-ashburn-1","US East (Ashburn)","ocid1.instance.oc1.us-ashburn-1.006867c49d43",NULL,"Bucket","Storage","Oracle Object Storage","Oracle","4P9VUHI8E25VGIOX","Oracle Object Storage GB",NULL,"56GVXQJYC3KOYBJS.S1XR133J","ocid1.compartment.oc1..dev","development","Tenancy","{""team"": ""infra""}",NULL,NULL,"Usage-Based","INV-202409-14807","Object Storage",0.0812,0.1154664,0.0855
"AllocatedMethodId-7568","AllocatedResourceId-8796","AllocatedResourceName-7841","{}",151.77369168,"123456789012","SunBird","BillingAccount","USD","2024-10-01T00:00:00Z","2024-09-01T00:00:00Z",NULL,NULL,"Usage",NULL,"Amazon Elastic Compute Cloud Virtual Machine in Asia Pacific (Sydney)","2024-09-03T15:00:00Z","2024-09-03T14:00:00Z",NULL,NULL,NULL,NULL,NULL,NULL,NULL,192.1400000000,"Hours",NULL,187.37492799999998,0.9752,151.77369168,"AWS","AWS",253.221306,1.3179,"Standard","USD",192.14,"Hours","AWS","AWS","ap-southeast-2","Asia Pacific (Sydney)","arn:aws:ec2:ap-southeast-2:123456789012:instance/i-001bd029fc42",NULL,"Virtual Machine","Compute","Amazon Elastic Compute Cloud","AWS","L2SET6U3LYDKLVQZ","Amazon Elastic Compute Cloud Hours",NULL,"7ZJ2L97TC201QIA2.YNJ4ENVN","517389287820","Atlas Nimbus","BillingAccount","{""owner"": ""a.lovelace"", ""application"": ""NimbusAPI"", ""environment"": ""staging""}",NULL,"us-west-2b","Usage-Based","INV-202409-81891","Virtual Machines",0.9752,151.77369168,1.3179
"AllocatedMethodId-8461","AllocatedResourceId-4379","AllocatedResourceName-3953","{}",274.81971015,"8a93b2c1-1234-4abc-9def-0123456789ab","Contoso Cloud","BillingProfile","USD","2024-10-01T00:00:00Z","2024-09-01T00:00:00Z",NULL,NULL,"Usage",NULL,"Azure SQL Database SQL Database in West Europe","2024-09-23T14:00:00Z","2024-09-23T13:00:00Z",NULL,NULL,NULL,NULL,NULL,NULL,NULL,303.6900000000,"Hours",NULL,450.524115,1.4835,274.81971015,"Microsoft","Microsoft",617.158818,2.0322,"Dynamic","USD",303.69,"Hours","Microsoft","Microsoft","westeurope","West Europe","/subscriptions/8a93b2c1-1234-4abc-9def-0123456789ab/resourceGroups/rg-587/providers/Microsoft.Compute/virtualMachines/vm-1901",NULL,"SQL Database","Databases","Azure SQL Database","Microsoft","QAWB7J4M0FU21QAU","Azure SQL Database Hours",NULL,"MU02D4635VWQK1EB.P7QJL4NZ","sub-9a1f","Production","BillingProfile","{""team"": ""payments"", ""cost_center"": ""CC-1001"", ""environment"": ""staging""}",NULL,NULL,"Usage-Based","INV-202409-27070","Relational Databases",1.4835,274.81971015,2.0322
"AllocatedMethodId-4178","AllocatedResourceId-8301","AllocatedResourceName-1644","{}",917.04056382,"123456789012","SunBird","BillingAccount","USD","2024-10-01T00:00:00Z","2024-09-01T00:00:00Z",NULL,NULL,"Usage",NULL,"AWS Lambda Function in US West (Oregon)","2024-09-28T11:00:00Z","2024-09-28T10:00:00Z",NULL,NULL,NULL,NULL,NULL,NULL,NULL,380.7900000000,"Requests",NULL,1066.326237,2.8003,917.04056382,"AWS","AWS",1591.549884,4.1796,"Standard","USD",380.79,"Requests","AWS","AWS","us-west-2","US West (Oregon)","arn:aws:ec2:us-west-2:123456789012:instance/i-00b470d05680",NULL,"Function","Compute","AWS Lambda","AWS","8XHSR9Z9OCXLG1AN","AWS Lambda Requests",NULL,"LLBL09AGRLZR5ED1.8BE23BNF","517389287820","Atlas Nimbus","BillingAccount","{""application"": ""BrightSourceCore"", ""team"": ""platform""}",NULL,NULL,"Usage-Based","INV-202409-62436","Serverless Compute",2.8003,917.04056382,4.1796
"AllocatedMethodId-5976","AllocatedResourceId-6831","AllocatedResourceName-4365","{}",302.93589312,"01ABCD-2345EF-6789GH","Helios Labs","BillingAccount","USD","2024-10-01T00:00:00Z","2024-09-01T00:00:00Z",NULL,NULL,"Usage",NULL,"Cloud Load Balancing Forwarding Rule in Iowa","2024-09-13T11:00:00Z","2024-09-13T10:00:00Z",NULL,NULL,NULL,NULL,NULL,NULL,NULL,206.6400000000,"Hours",NULL,426.67027199999995,2.0648,302.93589312,"Google","Google",474.073488,2.2942,"Standard","USD",206.64,"Hours","Google","Google","us-central1","Iowa","//compute.googleapis.com/projects/helios-labs/zones/us-central1-a/instances/inst-8826",NULL,"Forwarding Rule","Networking","Cloud Load Balancing","Google","A8OCZUQDKW9UGOOI","Cloud Load Balancing Hours",NULL,"3K5L8FKHYOWDT1DI.102ZVK3K","proj-helios-prod","helios-prod","BillingAccount","{""environment"": ""staging"", ""cost_center"": ""CC-2042""}",NULL,"us-central1-a","Usage-Based","INV-202409-82478","Application Networking",2.0648,302.93589312,2.2942
"AllocatedMethodId-9262","AllocatedResourceId-5666","AllocatedResourceName-4410","{}",481.87535088,"ocid1.tenancy.oc1..aaaa1234","Meridian OCI","Tenancy","USD","2024-10-01T00:00:00Z","2024-09-01T00:00:00Z",NULL,NULL,"Usage",NULL,"Oracle Autonomous Database Database in Australia East (Sydney)","2024-09-02T00:00:00Z","2024-09-01T23:00:00Z","Usage","cd-619214","commit-9214",NULL,"Used","Savings Plan",NULL,429.5800000000,"Hours",NULL,625.812144,1.4568,481.87535088,"Oracle","Oracle",934.035794,2.1743,"Committed","USD",429.58,"Hours","Oracle","Oracle","ap-sydney-1","Australia East (Sydney)","ocid1.instance.oc1.ap-sydney-1.00cef2bb6166",NULL,"Database","Databases","Oracle Autonomous Database","Oracle","GKCKLEXTPCRQ8COL","Oracle Autonomous Database Hours",NULL,"KWMPNLAKPWECJXVW.DHOVSVCO","ocid1.compartment.oc1..dev","development","Tenancy",NULL,NULL,NULL,"Usage-Based","INV-202409-63060","Relational Databases",1.4568,481.87535088,2.1743
"AllocatedMethodId-5490","AllocatedResourceId-8757","AllocatedResourceName-6218","{}",81.2296069,"8a93b2c1-1234-4abc-9def-0123456789ab","Contoso Cloud","BillingProfile","USD","2024-10-01T00:00:00Z","2024-09-01T00:00:00Z",NULL,NULL,"Usage",NULL,"Azure Blob Storage Storage Account in West Europe","2024-09-13T14:00:00Z","2024-09-13T13:00:00Z",NULL,NULL,NULL,NULL,NULL,NULL,NULL,296.0500000000,"GB",NULL,133.16329,0.4498,81.2296069,"Microsoft","Microsoft",195.80747,0.6614,"Standard","USD",296.05,"GB","Microsoft","Microsoft","westeurope","West Europe","/subscriptions/8a93b2c1-1234-4abc-9def-0123456789ab/resourceGroups/rg-401/providers/Microsoft.Compute/virtualMachines/vm-7097",NULL,"Storage Account","Storage","Azure Blob Storage","Microsoft","VZUIDHJP5ZME43TX","Azure Blob Storage GB",NULL,"RKEAYLRFN2VGILZ2.EOG4XOZI","sub-9a1f","Production","BillingProfile","{""environment"": ""staging"", ""application"": ""AtlasPortal"", ""owner"": ""a.lovelace""}",NULL,"uksouth-1","Usage-Based","INV-202409-65515","Object Storage",0.4498,81.2296069,0.6614
"AllocatedMethodId-5167","AllocatedResourceId-6264","AllocatedResourceName-9842","{}",1010.493081,"8a93b2c1-1234-4abc-9def-0123456789ab","Contoso Cloud","BillingProfile","USD","2024-10-01T00:00:00Z","2024-09-01T00:00:00Z",NULL,NULL,"Usage",NULL,"Azure Load Balancer Load Balancer in UK South","2024-09-17T09:00:00Z","2024-09-17T08:00:00Z",NULL,NULL,NULL,NULL,NULL,NULL,NULL,350.6100000000,"Hours",NULL,1295.50395,3.6950,1010.493081,"Microsoft","Microsoft",1560.845598,4.4518,"Standard","USD",350.61,"Hours","Microsoft","Microsoft","uksouth","UK South","/subscriptions/8a93b2c1-1234-4abc-9def-0123456789ab/resourceGroups/rg-385/providers/Microsoft.Compute/virtualMachines/vm-9064",NULL,"Load Balancer","Networking","Azure Load Balancer","Microsoft","8RUIRDMKGEWOVWAU","Azure Load Balancer Hours",NULL,"GRNIGGTPD7253IQ3.IXQIJF68","sub-2b7c","Staging","BillingProfile",NULL,NULL,NULL,"Usage-Based","INV-202409-40967","Application Networking",3.6950,1010.493081,4.4518
"AllocatedMethodId-3828","AllocatedResourceId-4007","AllocatedResourceName-6740","{}",370.62464904,"123456789012","SunBird","BillingAccount","USD","2024-10-01T00:00:00Z","2024-09-01T00:00:00Z",NULL,NULL,"Usage",NULL,"Elastic Load Balancing Load Balancer in US West (Oregon)","2024-09-01T08:00:00Z","2024-09-01T07:00:00Z",NULL,NULL,NULL,NULL,NULL,NULL,NULL,246.3200000000,"LCU-Hours",NULL,398.521128,1.6179,370.62464904,"AWS","AWS",531.361504,2.1572,"Dynamic","USD",246.32,"LCU-Hours","AWS","AWS","us-west-2","US West (Oregon)","arn:aws:ec2:us-west-2:123456789012:instance/i-00b627da157a",NULL,"Load Balancer","Networking","Elastic Load Balancing","AWS","DKV38S1RD7V6W77M","Elastic Load Balancing LCU-Hours",NULL,"8KU14IZLB6RZ4IKX.TNUXFZK9","663626350770","Zenith Apollo","BillingAccount","{""environment"": ""qa""}",NULL,"eu-west-1c","Usage-Based","INV-202409-30843","Application Networking",1.6179,370.62464904,2.1572
"AllocatedMethodId-2422","AllocatedResourceId-4640","AllocatedResourceName-7263","{}",568.307868,"123456789012","SunBird","BillingAccount","USD","2024-10-01T00:00:00Z","2024-09-01T00:00:00Z",NULL,NULL,"Purchase",NULL,"Amazon Elastic Compute Cloud Virtual Machine in US West (Oregon)","2024-09-29T08:00:00Z","2024-09-29T07:00:00Z",NULL,NULL,NULL,NULL,NULL,NULL,NULL,NULL,NULL,NULL,568.307868,2.5414,0,"AWS","AWS",617.727888,2.7624,"Standard","USD",223.62,"Hours","AWS","AWS","us-west-2","US West (Oregon)","arn:aws:ec2:us-west-2:123456789012:instance/i-005e3482e847",NULL,"Virtual Machine","Compute","Amazon Elastic Compute Cloud","AWS","FSLAA0ZK2CI0ZAQV","Amazon Elastic Compute Cloud Hours",NULL,"DX1MLE4SCBOEDFOP.XM8LIKT3","438839167390","Zenith Eclipse","BillingAccount","{""environment"": ""dev""}",NULL,NULL,"One-Time","INV-202409-22274","Virtual Machines",2.5414,0,2.7624
"AllocatedMethodId-7362","AllocatedResourceId-9574","AllocatedResourceName-6931","{}",300.68811392,"123456789012","SunBird","BillingAccount","USD","2024-10-01T00:00:00Z","2024-09-01T00:00:00Z",NULL,NULL,"Usage",NULL,"AWS Lambda Function in US East (N. Virginia)","2024-09-01T22:00:00Z","2024-09-01T21:00:00Z",NULL,NULL,NULL,NULL,NULL,NULL,NULL,329.5400000000,"Requests",NULL,469.825178,1.4257,300.68811392,"AWS","AWS",527.8901260000001,1.6019,"Dynamic","USD",329.54,"Requests","AWS","AWS","us-east-1","US East (N. Virginia)","arn:aws:ec2:us-east-1:123456789012:instance/i-005fac8a6420",NULL,"Function","Compute","AWS Lambda","AWS","N7WAAUO3LMR1F21J","AWS Lambda Requests",NULL,"OHNM0HAQSF1TIMGY.WRSHM3L3","438839167390","Zenith Eclipse","BillingAccount","{""team"": ""infra""}",NULL,NULL,"Usage-Based","INV-202409-71586","Serverless Compute",1.4257,300.68811392,1.6019
"AllocatedMethodId-4241","AllocatedResourceId-9449","AllocatedResourceName-8108","{}",317.1538192,"ocid1.tenancy.oc1..aaaa1234","Meridian OCI","Tenancy","USD","2024-10-01T00:00:00Z","2024-09-01T00:00:00Z",NULL,NULL,"Usage",NULL,"Oracle Functions Function in US East (Ashburn)","2024-09-30T14:00:00Z","2024-09-30T13:00:00Z","Spend","cd-549384","commit-9384",NULL,"Unused","Savings Plan",NULL,NULL,NULL,NULL,446.69552,3.0560,317.1538192,"Oracle","Oracle",455.81652799999995,3.1184,"Committed","USD",146.17,"Invocations","Oracle","Oracle","us-ashburn-1","US East (Ashburn)","ocid1.instance.oc1.us-ashburn-1.00b5c708d6c8",NULL,"Function","Compute","Oracle Functions","Oracle","MLTLCKS9O2TRRE5K","Oracle Functions Invocations",NULL,"ORW1VM6YQ2AKWS8X.OYI09CR3","ocid1.compartment.oc1..dev","development","Tenancy","{""cost_center"": ""CC-3090""}",NULL,"us-ashburn-1-AD-1","Usage-Based","INV-202409-32669","Serverless Compute",3.0560,317.1538192,3.1184
"AllocatedMethodId-2802","AllocatedResourceId-1181","AllocatedResourceName-9470","{}",243.36074594,"01ABCD-2345EF-6789GH","Helios Labs","BillingAccount","USD","2024-10-01T00:00:00Z","2024-09-01T00:00:00Z",NULL,NULL,"Usage",NULL,"Compute Engine VM Instance in Iowa","2024-09-26T10:00:00Z","2024-09-26T09:00:00Z","Usage","cd-861384","commit-1384",NULL,"Unused","Reserved Instance",NULL,NULL,NULL,NULL,342.761614,1.0954,243.36074594,"Google","Google",489.641568,1.5648,"Standard","USD",312.91,"Hours","Google","Google","us-central1","Iowa","//compute.googleapis.com/projects/helios-labs/zones/us-central1-a/instances/inst-1527",NULL,"VM Instance","Compute","Compute Engine","Google","50GSO367QRN3DZYF","Compute Engine Hours",NULL,"82W0Q03IYOZ9EXTF.7X7CDJ24","proj-helios-prod","helios-prod","BillingAccount","{""application"": ""NimbusAPI"", ""owner"": ""a.lovelace"", ""environment"": ""staging""}",NULL,NULL,"Usage-Based","INV-202409-31880","Virtual Machines",1.0954,243.36074594,1.5648
"AllocatedMethodId-9252","AllocatedResourceId-8890","AllocatedResourceName-7550","{}",478.0384609,"01ABCD-2345EF-6789GH","Helios Labs","BillingAccount","USD","2024-10-01T00:00:00Z","2024-09-01T00:00:00Z",NULL,NULL,"Usage",NULL,"Cloud SQL Database Instance in Iowa","2024-09-28T18:00:00Z","2024-09-28T17:00:00Z",NULL,NULL,NULL,NULL,NULL,NULL,NULL,488.1500000000,"Hours",NULL,620.82917,1.2718,478.0384609,"Google","Google",886.87092,1.8168,"Standard","USD",488.15,"Hours","Google","Google","us-central1","Iowa","//compute.googleapis.com/projects/helios-labs/zones/us-central1-a/instances/inst-1310",NULL,"Database Instance","Databases","Cloud SQL","Google","16PNBZ42NBZ4H9IL","Cloud SQL Hours",NULL,"L004RFB62661VN6V.CY4N0NTK","proj-helios-dev","helios-dev","BillingAccount",NULL,NULL,NULL,"Usage-Based","INV-202409-77506","Relational Databases",1.2718,478.0384609,1.8168
"AllocatedMethodId-5624","AllocatedResourceId-6878","AllocatedResourceName-7857","{}",61.59945,"123456789012","SunBird","BillingAccount","USD","2024-10-01T00:00:00Z","2024-09-01T00:00:00Z",NULL,NULL,"Usage",NULL,"AWS Lambda Function in Europe (Ireland)","2024-09-14T19:00:00Z","2024-09-14T18:00:00Z","Usage","cd-779384","commit-9384",NULL,"Used","Committed Use Discount",NULL,151.3500000000,"Requests",NULL,69.999375,0.4625,61.59945,"AWS","AWS",104.476905,0.6903,"Other","USD",151.35,"Requests","AWS","AWS","eu-west-1","Europe (Ireland)","arn:aws:ec2:eu-west-1:123456789012:instance/i-00271f3b68da",NULL,"Function","Compute","AWS Lambda","AWS","EZKA4ML6F8K5H9J0","AWS Lambda Requests",NULL,"UNO3F3A81TQKZSKB.N8PFPUTB","663626350770","Zenith Apollo","BillingAccount","{""owner"": ""a.lovelace"", ""team"": ""infra""}",NULL,"us-west-2b","Usage-Based","INV-202409-24805","Serverless Compute",0.4625,61.59945,0.6903
"AllocatedMethodId-9480","AllocatedResourceId-2074","AllocatedResourceName-8442","{}",1.6786224,"ocid1.tenancy.oc1..aaaa1234","Meridian OCI","Tenancy","USD","2024-10-01T00:00:00Z","2024-09-01T00:00:00Z",NULL,NULL,"Usage",NULL,"Oracle Compute Instance in UK South (London)","2024-09-03T18:00:00Z","2024-09-03T17:00:00Z","Usage","cd-270295","commit-0295",NULL,"Unused","Reserved Instance",NULL,NULL,NULL,NULL,1.9983600000000001,0.0091,1.6786224,"Oracle","Oracle",2.2179599999999997,0.0101,"Committed","USD",219.60,"Hours","Oracle","Oracle","uk-london-1","UK South (London)","ocid1.instance.oc1.uk-london-1.00c4fa0fb56d",NULL,"Instance","Compute","Oracle Compute","Oracle","E38H046AYYROHV7D","Oracle Compute Hours",NULL,"GYQJ6FVAM2CH4DJ0.TC2DNB68","ocid1.compartment.oc1..prod","production","Tenancy","{""application"": ""BrightSourceCore""}",NULL,NULL,"Usage-Based","INV-202409-14121","Virtual Machines",0.0091,1.6786224,0.0101
"AllocatedMethodId-3336","AllocatedResourceId-5886","AllocatedResourceName-3659","{}",239.6242836,"8a93b2c1-1234-4abc-9def-0123456789ab","Contoso Cloud","BillingProfile","USD","2024-10-01T00:00:00Z","2024-09-01T00:00:00Z",NULL,NULL,"Usage",NULL,"Azure Kubernetes Service Cluster in West Europe","2024-09-08T02:00:00Z","2024-09-08T01:00:00Z","Usage","cd-652156","commit-2156",NULL,"Used","Reserved Instance",NULL,86.9300000000,"Hours",NULL,332.811505,3.8285,239.6242836,"Microsoft","Microsoft",378.19765800000005,4.3506,"Committed","USD",86.93,"Hours","Microsoft","Microsoft","westeurope","West Europe","/subscriptions/8a93b2c1-1234-4abc-9def-0123456789ab/resourceGroups/rg-98/providers/Microsoft.Compute/virtualMachines/vm-6502",NULL,"Cluster","Compute","Azure Kubernetes Service","Microsoft","08A1HYHK4ZZIA9C7","Azure Kubernetes Service Hours",NULL,"IBPH3DL0MQRRNUYL.QV75AFLA","sub-4d3e","Sandbox","BillingProfile","{""cost_center"": ""CC-3090"", ""owner"": ""g.hopper"", ""business_unit"": ""LisbonOps""}",NULL,NULL,"Usage-Based","INV-202409-48697","Containers",3.8285,239.6242836,4.3506
"AllocatedMethodId-1629","AllocatedResourceId-7244","AllocatedResourceName-7606","{}",661.39129998,"01ABCD-2345EF-6789GH","Helios Labs","BillingAccount","USD","2024-10-01T00:00:00Z","2024-09-01T00:00:00Z",NULL,NULL,"Usage",NULL,"Cloud Storage Bucket in Northern Virginia","2024-09-26T00:00:00Z","2024-09-25T23:00:00Z",NULL,NULL,NULL,NULL,NULL,NULL,NULL,478.4100000000,"GiB",NULL,987.1511940000001,2.0634,661.39129998,"Google","Google",1096.850607,2.2927,"Standard","USD",478.41,"GiB","Google","Google","us-east4","Northern Virginia","//compute.googleapis.com/projects/helios-labs/zones/us-east4-a/instances/inst-9885",NULL,"Bucket","Storage","Cloud Storage","Google","ISPYUITCWWO1Q6F8","Cloud Storage GiB",NULL,"2XRBPZR68JHW25P7.XRZ0JMIO","proj-helios-prod","helios-prod","BillingAccount","{""owner"": ""g.hopper"", ""application"": ""NimbusAPI""}",NULL,NULL,"Usage-Based","INV-202409-66084","Object Storage",2.0634,661.39129998,2.2927
"AllocatedMethodId-9573","AllocatedResourceId-5120","AllocatedResourceName-5047","{}",640.89330048,"ocid1.tenancy.oc1..aaaa1234","Meridian OCI","Tenancy","USD","2024-10-01T00:00:00Z","2024-09-01T00:00:00Z",NULL,NULL,"Usage",NULL,"Oracle Load Balancer Load Balancer in Australia East (Sydney)","2024-09-13T03:00:00Z","2024-09-13T02:00:00Z",NULL,NULL,NULL,NULL,NULL,NULL,NULL,290.7400000000,"Hours",NULL,667.597188,2.2962,640.89330048,"Oracle","Oracle",824.189752,2.8348,"Standard","USD",290.74,"Hours","Oracle","Oracle","ap-sydney-1","Australia East (Sydney)","ocid1.instance.oc1.ap-sydney-1.00b178144a8b",NULL,"Load Balancer","Networking","Oracle Load Balancer","Oracle","7YLK0IAY0ZE30LMW","Oracle Load Balancer Hours",NULL,"YJ9PNU94Z96352LX.1ATHPQ7L","ocid1.compartment.oc1..dev","development","Tenancy","{""owner"": ""a.lovelace""}",NULL,NULL,"Usage-Based","INV-202409-16403","Application Networking",2.2962,640.89330048,2.8348
"AllocatedMethodId-7564","AllocatedResourceId-3049","AllocatedResourceName-9932","{}",107.47857912,"123456789012","SunBird","BillingAccount","USD","2024-10-01T00:00:00Z","2024-09-01T00:00:00Z",NULL,NULL,"Credit",NULL,"Amazon Relational Database Service Database Instance in US West (Oregon)","2024-09-23T13:00:00Z","2024-09-23T12:00:00Z","Usage","cd-169728","commit-9728",NULL,"Used","Savings Plan",NULL,NULL,NULL,NULL,176.194392,4.1624,107.47857912,"AWS","AWS",209.75361599999997,4.9552,"Committed","USD",42.33,"Hours","AWS","AWS","us-west-2","US West (Oregon)",NULL,NULL,NULL,"Databases","Amazon Relational Database Service","AWS","OCSENTHBN75UJ84I","Amazon Relational Database Service Hours",NULL,"C81UYTKISAVJD7LO.VOB511GQ","663626350770","Zenith Apollo","BillingAccount","{""owner"": ""g.hopper"", ""team"": ""platform"", ""cost_center"": ""CC-2042""}",NULL,NULL,"One-Time","INV-202409-83229","Relational Databases",4.1624,107.47857912,4.9552
"AllocatedMethodId-5886","AllocatedResourceId-4012","AllocatedResourceName-5815","{}",194.3157702,"123456789012","SunBird","BillingAccount","USD","2024-10-01T00:00:00Z","2024-09-01T00:00:00Z",NULL,NULL,"Usage",NULL,"AWS Lambda Function in Europe (Ireland)","2024-09-23T19:00:00Z","2024-09-23T18:00:00Z",NULL,NULL,NULL,NULL,NULL,NULL,NULL,236.9300000000,"Requests",NULL,323.859617,1.3669,194.3157702,"AWS","AWS",431.804925,1.8225,"Standard","USD",236.93,"Requests","AWS","AWS","eu-west-1","Europe (Ireland)","arn:aws:ec2:eu-west-1:123456789012:instance/i-00664a2fcdc6",NULL,"Function","Compute","AWS Lambda","AWS","PT5QHKUOEM4UZGAD","AWS Lambda Requests",NULL,"555MKE5WDO0FLCJV.EM74MN3C","438839167390","Zenith Eclipse","BillingAccount","{""team"": ""infra"", ""cost_center"": ""CC-1001"", ""business_unit"": ""OsloData""}",NULL,NULL,"Usage-Based","INV-202409-34887","Serverless Compute",1.3669,194.3157702,1.8225
"AllocatedMethodId-5670","AllocatedResourceId-1185","AllocatedResourceName-5027","{}",17.98443,"01ABCD-2345EF-6789GH","Helios Labs","BillingAccount","USD","2024-10-01T00:00:00Z","2024-09-01T00:00:00Z",NULL,NULL,"Usage","Correction","Cloud SQL Database Instance in Northern Virginia","2024-09-24T12:00:00Z","2024-09-24T11:00:00Z",NULL,NULL,NULL,NULL,NULL,NULL,NULL,246.7000000000,"Hours",NULL,22.203,0.0900,17.98443,"Google","Google",31.70095,0.1285,"Standard","USD",246.70,"Hours","Google","Google","us-east4","Northern Virginia","//compute.googleapis.com/projects/helios-labs/zones/us-east4-a/instances/inst-4310",NULL,"Database Instance","Databases","Cloud SQL","Google","4C9WF4PK8WFRWYMQ","Cloud SQL Hours",NULL,"CE9W6AWW8FGU2QRZ.XPHZD54A","proj-helios-dev","helios-dev","BillingAccount","{""application"": ""NimbusAPI"", ""owner"": ""a.turing""}",NULL,"asia-southeast1-c","Usage-Based","INV-202409-16629","Relational Databases",0.0900,17.98443,0.1285
"AllocatedMethodId-8077","AllocatedResourceId-8985","AllocatedResourceName-1697","{}",342.74262792,"123456789012","SunBird","BillingAccount","USD","2024-10-01T00:00:00Z","2024-09-01T00:00:00Z",NULL,NULL,"Usage",NULL,"AWS Lambda Function in Europe (Ireland)","2024-09-14T08:00:00Z","2024-09-14T07:00:00Z",NULL,NULL,NULL,NULL,NULL,NULL,NULL,497.2300000000,"Requests",NULL,389.480259,0.7833,342.74262792,"AWS","AWS",618.2060590000001,1.2433,"Standard","USD",497.23,"Requests","AWS","AWS","eu-west-1","Europe (Ireland)","arn:aws:ec2:eu-west-1:123456789012:instance/i-004cf6cb20c8",NULL,"Function","Compute","AWS Lambda","AWS","YZKCP6X89ZRB288A","AWS Lambda Requests",NULL,"JZUKVFYS1NNPV0IM.DM3TQB66","438839167390","Zenith Eclipse","BillingAccount",NULL,NULL,NULL,"Usage-Based","INV-202409-17002","Serverless Compute",0.7833,342.74262792,1.2433
"AllocatedMethodId-2040","AllocatedResourceId-5739","AllocatedResourceName-7396","{}",106.92296999999999,"ocid1.tenancy.oc1..aaaa1234","Meridian OCI","Tenancy","USD","2024-10-01T00:00:00Z","2024-09-01T00:00:00Z",NULL,NULL,"Purchase",NULL,"Oracle Compute Instance in Australia East (Sydney)","2024-09-02T19:00:00Z","2024-09-02T18:00:00Z","Usage","cd-759765","commit-9765",NULL,"Used","Reserved Instance",NULL,NULL,NULL,NULL,106.92296999999999,0.3058,0,"Oracle","Oracle",162.02781,0.4634,"Committed","USD",349.65,"Hours","Oracle","Oracle","ap-sydney-1","Australia East (Sydney)","ocid1.instance.oc1.ap-sydney-1.007b1804ab2d",NULL,"Instance","Compute","Oracle Compute","Oracle","YGGV8R9V9DVKZPLH","Oracle Compute Hours",NULL,"HZCS3KJBUO4A44RX.RS4D8IMF","ocid1.compartment.oc1..prod","production","Tenancy",NULL,NULL,NULL,"One-Time","INV-202409-68168","Virtual Machines",0.3058,0,0.4634
"AllocatedMethodId-1472","AllocatedResourceId-3345","AllocatedResourceName-6977","{}",1447.89850816,"123456789012","SunBird","BillingAccount","USD","2024-10-01T00:00:00Z","2024-09-01T00:00:00Z",NULL,NULL,"Usage",NULL,"Elastic Load Balancing Load Balancer in Europe (Ireland)","2024-09-11T10:00:00Z","2024-09-11T09:00:00Z",NULL,NULL,NULL,NULL,NULL,NULL,NULL,401.9600000000,"LCU-Hours",NULL,1905.129616,4.7396,1447.89850816,"AWS","AWS",2005.37844,4.9890,"Dynamic","USD",401.96,"LCU-Hours","AWS","AWS","eu-west-1","Europe (Ireland)","arn:aws:ec2:eu-west-1:123456789012:instance/i-00d45b531a74",NULL,"Load Balancer","Networking","Elastic Load Balancing","AWS","8TBIX592ANY7ZDVD","Elastic Load Balancing LCU-Hours",NULL,"ZPCZZP1AXCI7F1RA.8HANCHKD","663626350770","Zenith Apollo","BillingAccount","{""team"": ""payments"", ""application"": ""BrightLensMatrix"", ""business_unit"": ""MarseilleSRE""}",NULL,NULL,"Usage-Based","INV-202409-41097","Application Networking",4.7396,1447.89850816,4.9890
"AllocatedMethodId-3179","AllocatedResourceId-8593","AllocatedResourceName-6715","{}",580.906452,"8a93b2c1-1234-4abc-9def-0123456789ab","Contoso Cloud","BillingProfile","USD","2024-10-01T00:00:00Z","2024-09-01T00:00:00Z",NULL,NULL,"Tax",NULL,"Tax charge in Southeast Asia","2024-09-07T18:00:00Z","2024-09-07T17:00:00Z",NULL,NULL,NULL,NULL,NULL,NULL,NULL,NULL,NULL,NULL,580.906452,NULL,580.906452,"Microsoft","Microsoft",580.906452,NULL,NULL,"USD",NULL,NULL,"Microsoft","Microsoft",NULL,NULL,NULL,NULL,NULL,"Other","Tax","Microsoft",NULL,NULL,NULL,NULL,"sub-2b7c","Staging","BillingProfile","{""owner"": ""a.lovelace"", ""environment"": ""prod"", ""team"": ""infra""}",NULL,NULL,"One-Time","INV-202409-15635","Other (Security)",NULL,580.906452,NULL
"AllocatedMethodId-3147","AllocatedResourceId-4223","AllocatedResourceName-6788","{}",76.17605824,"ocid1.tenancy.oc1..aaaa1234","Meridian OCI","Tenancy","USD","2024-10-01T00:00:00Z","2024-09-01T00:00:00Z",NULL,NULL,"Usage",NULL,"Oracle Autonomous Database Database in Australia East (Sydney)","2024-09-12T00:00:00Z","2024-09-11T23:00:00Z","Usage","cd-734362","commit-4362",NULL,"Unused","Committed Use Discount",NULL,NULL,NULL,NULL,92.89763200000002,0.1952,76.17605824,"Oracle","Oracle",104.367063,0.2193,"Committed","USD",475.91,"Hours","Oracle","Oracle","ap-sydney-1","Australia East (Sydney)","ocid1.instance.oc1.ap-sydney-1.00a6e9e75493",NULL,"Database","Databases","Oracle Autonomous Database","Oracle","H9YWW7NSSVZZKKXJ","Oracle Autonomous Database Hours",NULL,"H55DU0YAP0G0IT81.B2AS2J0Z","ocid1.compartment.oc1..dev","development","Tenancy","{""cost_center"": ""CC-1001""}",NULL,"us-ashburn-1-AD-1","Usage-Based","INV-202409-12101","Relational Databases",0.1952,76.17605824,0.2193
"AllocatedMethodId-9108","AllocatedResourceId-5322","AllocatedResourceName-8536","{}",2.99794575,"123456789012","SunBird","BillingAccount","USD","2024-10-01T00:00:00Z","2024-09-01T00:00:00Z",NULL,NULL,"Usage",NULL,"Amazon Relational Database Service Database Instance in Europe (Ireland)","2024-09-04T01:00:00Z","2024-09-04T00:00:00Z","Spend","cd-621195","commit-1195",NULL,"Unused","Savings Plan",NULL,NULL,NULL,NULL,3.526995,1.6105,2.99794575,"AWS","AWS",4.8315779999999995,2.2062,"Other","USD",2.19,"Hours","AWS","AWS","eu-west-1","Europe (Ireland)","arn:aws:ec2:eu-west-1:123456789012:instance/i-0026daead8c1",NULL,"Database Instance","Databases","Amazon Relational Database Service","AWS","XILQTENPUT2QDYQX","Amazon Relational Database Service Hours",NULL,"NGU3DU3HF78Z1TZN.1VYH9PMU","517389287820","Atlas Nimbus","BillingAccount",NULL,NULL,NULL,"Usage-Based","INV-202409-89596","Relational Databases",1.6105,2.99794575,2.2062
"AllocatedMethodId-4904","AllocatedResourceId-3987","AllocatedResourceName-1355","{}",1632.06069696,"ocid1.tenancy.oc1..aaaa1234","Meridian OCI","Tenancy","USD","2024-10-01T00:00:00Z","2024-09-01T00:00:00Z",NULL,NULL,"Usage",NULL,"Oracle Load Balancer Load Balancer in US East (Ashburn)","2024-09-30T08:00:00Z","2024-09-30T07:00:00Z",NULL,NULL,NULL,NULL,NULL,NULL,NULL,485.2800000000,"Hours",NULL,1736.2347839999998,3.5778,1632.06069696,"Oracle","Oracle",2411.4048479999997,4.9691,"Standard","USD",485.28,"Hours","Oracle","Oracle","us-ashburn-1","US East (Ashburn)","ocid1.instance.oc1.us-ashburn-1.00bc16b9f671",NULL,"Load Balancer","Networking","Oracle Load Balancer","Oracle","GLKBX15PNMJ4NINZ","Oracle Load Balancer Hours",NULL,"SQCL9IUPKZ3YLQK2.4PKO8VJC","ocid1.compartment.oc1..dev","development","Tenancy",NULL,NULL,"us-ashburn-1-AD-1","Usage-Based","INV-202409-27912","Application Networking",3.5778,1632.06069696,4.9691
"AllocatedMethodId-6922","AllocatedResourceId-1857","AllocatedResourceName-4900","{}",250.80056352,"123456789012","SunBird","BillingAccount","USD","2024-10-01T00:00:00Z","2024-09-01T00:00:00Z",NULL,NULL,"Usage",NULL,"Amazon Relational Database Service Database Instance in US East (N. Virginia)","2024-09-19T02:00:00Z","2024-09-19T01:00:00Z",NULL,NULL,NULL,NULL,NULL,NULL,NULL,258.1400000000,"Hours",NULL,348.33411599999994,1.3494,250.80056352,"AWS","AWS",378.61393799999996,1.4667,"Standard","USD",258.14,"Hours","AWS","AWS","us-east-1","US East (N. Virginia)","arn:aws:ec2:us-east-1:123456789012:instance/i-00c78d42548d",NULL,"Database Instance","Databases","Amazon Relational Database Service","AWS","VIYD2U1EM9OHBAZS","Amazon Relational Database Service Hours",NULL,"PNJL1JI5233NNE06.CZZT4B2A","517389287820","Atlas Nimbus","BillingAccount","{""environment"": ""qa"", ""cost_center"": ""CC-2042"", ""application"": ""AtlasPortal""}",NULL,NULL,"Usage-Based","INV-202409-37175","Relational Databases",1.3494,250.80056352,1.4667
"AllocatedMethodId-4400","AllocatedResourceId-3341","AllocatedResourceName-7831","{}",42.83005384,"ocid1.tenancy.oc1..aaaa1234","Meridian OCI","Tenancy","USD","2024-10-01T00:00:00Z","2024-09-01T00:00:00Z",NULL,NULL,"Usage",NULL,"Oracle Compute Instance in UK South (London)","2024-09-08T06:00:00Z","2024-09-08T05:00:00Z",NULL,NULL,NULL,NULL,NULL,NULL,NULL,67.6400000000,"Hours",NULL,69.08073200000001,1.0213,42.83005384,"Oracle","Oracle",97.293376,1.4384,"Standard","USD",67.64,"Hours","Oracle","Oracle","uk-london-1","UK South (London)","ocid1.instance.oc1.uk-london-1.0041ca166010",NULL,"Instance","Compute","Oracle Compute","Oracle","130IXA1KACPZM6WZ","Oracle Compute Hours",NULL,"Q0ES2RU5NG7N58RE.Q61CUUAS","ocid1.compartment.oc1..dev","development","Tenancy","{""application"": ""AtlasPortal"", ""environment"": ""prod"", ""team"": ""infra""}",NULL,"uk-london-1-AD-2","Usage-Based","INV-202409-88278","Virtual Machines",1.0213,42.83005384,1.4384
"AllocatedMethodId-4275","AllocatedResourceId-5184","AllocatedResourceName-7063","{}",153.65636352,"ocid1.tenancy.oc1..aaaa1234","Meridian OCI","Tenancy","USD","2024-10-01T00:00:00Z","2024-09-01T00:00:00Z",NULL,NULL,"Credit",NULL,"Oracle Autonomous Database Database in US East (Ashburn)","2024-09-06T15:00:00Z","2024-09-06T14:00:00Z","Spend","cd-674674","commit-4674",NULL,"Used","Committed Use Discount",NULL,NULL,NULL,NULL,232.812672,1.8098,153.65636352,"Oracle","Oracle",245.07206399999998,1.9051,"Committed","USD",128.64,"Hours","Oracle","Oracle","us-ashburn-1","US East (Ashburn)",NULL,NULL,NULL,"Databases","Oracle Autonomous Database","Oracle","BAEL21KIM7T5TLKV","Oracle Autonomous Database Hours",NULL,"Z365E667JIN2784D.V8SEY7DY","ocid1.compartment.oc1..prod","production","Tenancy","{""cost_center"": ""CC-1001"", ""business_unit"": ""OsloData""}",NULL,NULL,"One-Time","INV-202409-20097","Relational Databases",1.8098,153.65636352,1.9051
"AllocatedMethodId-7331","AllocatedResourceId-9581","AllocatedResourceName-8313","{}",550.70522078,"ocid1.tenancy.oc1..aaaa1234","Meridian OCI","Tenancy","USD","2024-10-01T00:00:00Z","2024-09-01T00:00:00Z",NULL,NULL,"Usage",NULL,"Oracle Autonomous Database Database in UK South (London)","2024-09-17T17:00:00Z","2024-09-17T16:00:00Z",NULL,NULL,NULL,NULL,NULL,NULL,NULL,257.6600000000,"Hours",NULL,663.500266,2.5751,550.70522078,"Oracle","Oracle",884.6756100000001,3.4335,"Standard","USD",257.66,"Hours","Oracle","Oracle","uk-london-1","UK South (London)","ocid1.instance.oc1.uk-london-1.0089338e7fed",NULL,"Database","Databases","Oracle Autonomous Database","Oracle","JMZHD8DJ0FYZIAG0","Oracle Autonomous Database Hours",NULL,"UWU260RV57ZUUW5W.GLQ41RAA","ocid1.compartment.oc1..dev","development","Tenancy",NULL,NULL,NULL,"Usage-Based","INV-202409-16855","Relational Databases",2.5751,550.70522078,3.4335
"AllocatedMethodId-2084","AllocatedResourceId-8792","AllocatedResourceName-8942","{}",318.354424,"01ABCD-2345EF-6789GH","Helios Labs","BillingAccount","USD","2024-10-01T00:00:00Z","2024-09-01T00:00:00Z",NULL,NULL,"Purchase",NULL,"Cloud Functions Function in Northern Virginia","2024-09-13T11:00:00Z","2024-09-13T10:00:00Z",NULL,NULL,NULL,NULL,NULL,NULL,NULL,NULL,NULL,NULL,318.354424,1.5352,0,"Google","Google",365.925102,1.7646,"Standard","USD",207.37,"Invocations","Google","Google","us-east4","Northern Virginia","//compute.googleapis.com/projects/helios-labs/zones/us-east4-a/instances/inst-8022",NULL,"Function","Compute","Cloud Functions","Google","MM7081B6OU4CE2BP","Cloud Functions Invocations",NULL,"0MCTRJN60DLCVD88.OBRENRA1","proj-helios-prod","helios-prod","BillingAccount","{""application"": ""NimbusAPI"", ""cost_center"": ""CC-2042""}",NULL,NULL,"One-Time","INV-202409-93620","Serverless Compute",1.5352,0,1.7646
"AllocatedMethodId-6058","AllocatedResourceId-2092","AllocatedResourceName-9412","{}",314.2132056,"ocid1.tenancy.oc1..aaaa1234","Meridian OCI","Tenancy","USD","2024-10-01T00:00:00Z","2024-09-01T00:00:00Z",NULL,NULL,"Usage",NULL,"Oracle Object Storage Bucket in UK South (London)","2024-09-07T13:00:00Z","2024-09-07T12:00:00Z",NULL,NULL,NULL,NULL,NULL,NULL,NULL,181.3000000000,"GB",NULL,436.40722999999997,2.4071,314.2132056,"Oracle","Oracle",552.4211,3.0470,"Standard","USD",181.30,"GB","Oracle","Oracle","uk-london-1","UK South (London)","ocid1.instance.oc1.uk-london-1.00bac8053998",NULL,"Bucket","Storage","Oracle Object Storage","Oracle","OQBV9CI1AKQRJCOF","Oracle Object Storage GB",NULL,"W7IV7RB3MTJCOG23.4S813XXH","ocid1.compartment.oc1..dev","development","Tenancy","{""team"": ""growth"", ""owner"": ""a.lovelace""}",NULL,NULL,"Usage-Based","INV-202409-96023","Object Storage",2.4071,314.2132056,3.0470
"AllocatedMethodId-3187","AllocatedResourceId-8539","AllocatedResourceName-3366","{}",109.4321016,"ocid1.tenancy.oc1..aaaa1234","Meridian OCI","Tenancy","USD","2024-10-01T00:00:00Z","2024-09-01T00:00:00Z",NULL,NULL,"Usage",NULL,"Oracle Autonomous Database Database in Australia East (Sydney)","2024-09-09T15:00:00Z","2024-09-09T14:00:00Z",NULL,NULL,NULL,NULL,NULL,NULL,NULL,64.5800000000,"Hours",NULL,135.10136,2.0920,109.4321016,"Oracle","Oracle",195.80010199999998,3.0319,"Other","USD",64.58,"Hours","Oracle","Oracle","ap-sydney-1","Australia East (Sydney)","ocid1.instance.oc1.ap-sydney-1.00852cb043fe",NULL,"Database","Databases","Oracle Autonomous Database","Oracle","BX9YRK304S7NG2MA","Oracle Autonomous Database Hours",NULL,"YZLNFXF7F386JSJY.XVT09B0J","ocid1.compartment.oc1..prod","production","Tenancy","{""application"": ""NimbusAPI"", ""cost_center"": ""CC-1001""}",NULL,"us-ashburn-1-AD-1","Usage-Based","INV-202409-40876","Relational Databases",2.0920,109.4321016,3.0319
"AllocatedMethodId-4364","AllocatedResourceId-9603","AllocatedResourceName-1374","{}",7.514559,"8a93b2c1-1234-4abc-9def-0123456789ab","Contoso Cloud","BillingProfile","USD","2024-10-01T00:00:00Z","2024-09-01T00:00:00Z",NULL,NULL,"Usage",NULL,"Azure Load Balancer Load Balancer in UK South","2024-09-20T06:00:00Z","2024-09-20T05:00:00Z","Spend","cd-967722","commit-7722",NULL,"Unused","Reserved Instance",NULL,NULL,NULL,NULL,9.5121,0.7046,7.514559,"Microsoft","Microsoft",10.2276,0.7576,"Committed","USD",13.50,"Hours","Microsoft","Microsoft","uksouth","UK South","/subscriptions/8a93b2c1-1234-4abc-9def-0123456789ab/resourceGroups/rg-697/providers/Microsoft.Compute/virtualMachines/vm-8201",NULL,"Load Balancer","Networking","Azure Load Balancer","Microsoft","32UQE205UUM7E88C","Azure Load Balancer Hours",NULL,"2N36EWEU5D9TX6YK.Z9N6Q962","sub-9a1f","Production","BillingProfile","{""owner"": ""a.turing"", ""cost_center"": ""CC-1001""}",NULL,NULL,"Usage-Based","INV-202409-63873","Application Networking",0.7046,7.514559,0.7576
"AllocatedMethodId-4691","AllocatedResourceId-4129","AllocatedResourceName-6543","{}",176.15782639,"8a93b2c1-1234-4abc-9def-0123456789ab","Contoso Cloud","BillingProfile","USD","2024-10-01T00:00:00Z","2024-09-01T00:00:00Z",NULL,NULL,"Usage",NULL,"Virtual Machines Virtual Machine in UK South","2024-09-04T10:00:00Z","2024-09-04T09:00:00Z",NULL,NULL,NULL,NULL,NULL,NULL,NULL,340.6300000000,"Hours",NULL,193.580029,0.5683,176.15782639,"Microsoft","Microsoft",307.282323,0.9021,"Dynamic","USD",340.63,"Hours","Microsoft","Microsoft","uksouth","UK South","/subscriptions/8a93b2c1-1234-4abc-9def-0123456789ab/resourceGroups/rg-413/providers/Microsoft.Compute/virtualMachines/vm-8358",NULL,"Virtual Machine","Compute","Virtual Machines","Microsoft","87YG6IB5AZYCHD3I","Virtual Machines Hours",NULL,"O4J9JY9OOR61T3CP.UC05U360","sub-2b7c","Staging","BillingProfile","{""owner"": ""a.lovelace"", ""application"": ""BrightSourceCore""}",NULL,NULL,"Usage-Based","INV-202409-77969","Virtual Machines",0.5683,176.15782639,0.9021
"AllocatedMethodId-5957","AllocatedResourceId-5374","AllocatedResourceName-6851","{}",1130.57531125,"01ABCD-2345EF-6789GH","Helios Labs","BillingAccount","USD","2024-10-01T00:00:00Z","2024-09-01T00:00:00Z",NULL,NULL,"Usage",NULL,"Cloud Load Balancing Forwarding Rule in Northern Virginia","2024-09-21T19:00:00Z","2024-09-21T18:00:00Z","Usage","cd-445264","commit-5264",NULL,"Used","Committed Use Discount",NULL,382.9700000000,"Hours",NULL,1190.079275,3.1075,1130.57531125,"Google","Google",1608.2059210000002,4.1993,"Standard","USD",382.97,"Hours","Google","Google","us-east4","Northern Virginia","//compute.googleapis.com/projects/helios-labs/zones/us-east4-a/instances/inst-8947",NULL,"Forwarding Rule","Networking","Cloud Load Balancing","Google","O7RRQCTX68NGETET","Cloud Load Balancing Hours",NULL,"4DGJOUDMZ82HUZ8E.C2228DJO","proj-helios-prod","helios-prod","BillingAccount","{""team"": ""growth"", ""application"": ""BrightSourceCore""}",NULL,NULL,"Usage-Based","INV-202409-93730","Application Networking",3.1075,1130.57531125,4.1993
"AllocatedMethodId-8091","AllocatedResourceId-7374","AllocatedResourceName-1392","{}",39.02247804,"ocid1.tenancy.oc1..aaaa1234","Meridian OCI","Tenancy","USD","2024-10-01T00:00:00Z","2024-09-01T00:00:00Z",NULL,NULL,"Usage",NULL,"Oracle Load Balancer Load Balancer in UK South (London)","2024-09-18T14:00:00Z","2024-09-18T13:00:00Z",NULL,NULL,NULL,NULL,NULL,NULL,NULL,12.3800000000,"Hours",NULL,42.881844,3.4638,39.02247804,"Oracle","Oracle",47.123232,3.8064,"Standard","USD",12.38,"Hours","Oracle","Oracle","uk-london-1","UK South (London)","ocid1.instance.oc1.uk-london-1.0068e56eb27d",NULL,"Load Balancer","Networking","Oracle Load Balancer","Oracle","4N56NHW5X2KJ2OG6","Oracle Load Balancer Hours",NULL,"Z9NCIFV9XTKOOLTF.YXE9WQ8P","ocid1.compartment.oc1..dev","development","Tenancy","{""application"": ""NimbusAPI"", ""owner"": ""g.hopper""}",NULL,NULL,"Usage-Based","INV-202409-86425","Application Networking",3.4638,39.02247804,3.8064
"AllocatedMethodId-8412","AllocatedResourceId-8531","AllocatedResourceName-3017","{}",31.4001201,"ocid1.tenancy.oc1..aaaa1234","Meridian OCI","Tenancy","USD","2024-10-01T00:00:00Z","2024-09-01T00:00:00Z",NULL,NULL,"Usage",NULL,"Oracle Object Storage Bucket in UK South (London)","2024-09-17T10:00:00Z","2024-09-17T09:00:00Z",NULL,NULL,NULL,NULL,NULL,NULL,NULL,88.3500000000,"GB",NULL,37.83147,0.4282,31.4001201,"Oracle","Oracle",54.043695,0.6117,"Dynamic","USD",88.35,"GB","Oracle","Oracle","uk-london-1","UK South (London)","ocid1.instance.oc1.uk-london-1.00413b3afef1",NULL,"Bucket","Storage","Oracle Object Storage","Oracle","KE6GZ9ESGOTR4YDQ","Oracle Object Storage GB",NULL,"9N52SBII8ZSPMBJ1.WBYLH9M0","ocid1.compartment.oc1..dev","development","Tenancy","{""team"": ""infra"", ""business_unit"": ""ViennaAI"", ""application"": ""NimbusAPI""}",NULL,"us-ashburn-1-AD-1","Usage-Based","INV-202409-59428","Object Storage",0.4282,31.4001201,0.6117
"AllocatedMethodId-2802","AllocatedResourceId-7287","AllocatedResourceName-5035","{}",1398.8522996,"ocid1.tenancy.oc1..aaaa1234","Meridian OCI","Tenancy","USD","2024-10-01T00:00:00Z","2024-09-01T00:00:00Z",NULL,NULL,"Usage",NULL,"Oracle Functions Function in UK South (London)","2024-09-04T08:00:00Z","2024-09-04T07:00:00Z",NULL,NULL,NULL,NULL,NULL,NULL,NULL,373.3100000000,"Invocations",NULL,1520.4916300000002,4.0730,1398.8522996,"Oracle","Oracle",1708.4158839999998,4.5764,"Standard","USD",373.31,"Invocations","Oracle","Oracle","uk-london-1","UK South (London)","ocid1.instance.oc1.uk-london-1.0039693be75d",NULL,"Function","Compute","Oracle Functions","Oracle","OR8CEN219O05WBG4","Oracle Functions Invocations",NULL,"2EUJTRZHRSBKNPWE.3TZX1TIY","ocid1.compartment.oc1..dev","development","Tenancy",NULL,NULL,NULL,"Usage-Based","INV-202409-16887","Serverless Compute",4.0730,1398.8522996,4.5764
"AllocatedMethodId-9471","AllocatedResourceId-8644","AllocatedResourceName-6190","{}",642.6703086,"ocid1.tenancy.oc1..aaaa1234","Meridian OCI","Tenancy","USD","2024-10-01T00:00:00Z","2024-09-01T00:00:00Z",NULL,NULL,"Usage",NULL,"Oracle Object Storage Bucket in UK South (London)","2024-09-03T21:00:00Z","2024-09-03T20:00:00Z",NULL,NULL,NULL,NULL,NULL,NULL,NULL,367.5300000000,"GB",NULL,756.0827159999999,2.0572,642.6703086,"Oracle","Oracle",1181.3516789999999,3.2143,"Standard","USD",367.53,"GB","Oracle","Oracle","uk-london-1","UK South (London)","ocid1.instance.oc1.uk-london-1.004e4f3431c7",NULL,"Bucket","Storage","Oracle Object Storage","Oracle","9UALVVENRSQ9Z4JL","Oracle Object Storage GB",NULL,"88OAT4POEQXRYFX4.SMJWFHQ3","ocid1.compartment.oc1..prod","production","Tenancy","{""environment"": ""qa"", ""team"": ""growth"", ""cost_center"": ""CC-1001""}",NULL,"us-ashburn-1-AD-1","Usage-Based","INV-202409-78941","Object Storage",2.0572,642.6703086,3.2143
"AllocatedMethodId-1037","AllocatedResourceId-3339","AllocatedResourceName-8009","{}",179.2252077,"8a93b2c1-1234-4abc-9def-0123456789ab","Contoso Cloud","BillingProfile","USD","2024-10-01T00:00:00Z","2024-09-01T00:00:00Z",NULL,NULL,"Usage","Correction","Virtual Machines Virtual Machine in West Europe","2024-09-01T09:00:00Z","2024-09-01T08:00:00Z",NULL,NULL,NULL,NULL,NULL,NULL,NULL,142.7100000000,"Hours",NULL,232.76001000000002,1.6310,179.2252077,"Microsoft","Microsoft",314.54711100000003,2.2041,"Standard","USD",142.71,"Hours","Microsoft","Microsoft","westeurope","West Europe","/subscriptions/8a93b2c1-1234-4abc-9def-0123456789ab/resourceGroups/rg-317/providers/Microsoft.Compute/virtualMachines/vm-1034",NULL,"Virtual Machine","Compute","Virtual Machines","Microsoft","DDG84PFTNFUFEQO1","Virtual Machines Hours",NULL,"480KGA59E93GCZ7U.1TIV3D09","sub-4d3e","Sandbox","BillingProfile",NULL,NULL,NULL,"Usage-Based","INV-202409-95419","Virtual Machines",1.6310,179.2252077,2.2041
"AllocatedMethodId-1759","AllocatedResourceId-2237","AllocatedResourceName-2865","{}",0.58795282,"8a93b2c1-1234-4abc-9def-0123456789ab","Contoso Cloud","BillingProfile","USD","2024-10-01T00:00:00Z","2024-09-01T00:00:00Z",NULL,NULL,"Usage",NULL,"Azure Blob Storage Storage Account in East US","2024-09-12T06:00:00Z","2024-09-12T05:00:00Z",NULL,NULL,NULL,NULL,NULL,NULL,NULL,6.1300000000,"GB",NULL,0.948311,0.1547,0.58795282,"Microsoft","Microsoft",1.019419,0.1663,"Standard","USD",6.13,"GB","Microsoft","Microsoft","eastus","East US","/subscriptions/8a93b2c1-1234-4abc-9def-0123456789ab/resourceGroups/rg-930/providers/Microsoft.Compute/virtualMachines/vm-2458",NULL,"Storage Account","Storage","Azure Blob Storage","Microsoft","SGGSJBZ04CGUEQUJ","Azure Blob Storage GB",NULL,"BGZ1PN7JIIIRCCUO.ILLDXYIB","sub-2b7c","Staging","BillingProfile","{""owner"": ""a.lovelace"", ""business_unit"": ""OsloData""}",NULL,NULL,"Usage-Based","INV-202409-22531","Object Storage",0.1547,0.58795282,0.1663
"AllocatedMethodId-5035","AllocatedResourceId-9370","AllocatedResourceName-1992","{}",451.64826938,"8a93b2c1-1234-4abc-9def-0123456789ab","Contoso Cloud","BillingProfile","USD","2024-10-01T00:00:00Z","2024-09-01T00:00:00Z",NULL,NULL,"Usage",NULL,"Azure SQL Database SQL Database in Southeast Asia","2024-09-10T13:00:00Z","2024-09-10T12:00:00Z","Spend","cd-325105","commit-5105",NULL,"Unused","Reserved Instance",NULL,NULL,NULL,NULL,460.86558099999996,1.4363,451.64826938,"Microsoft","Microsoft",583.373747,1.8181,"Standard","USD",320.87,"Hours","Microsoft","Microsoft","southeastasia","Southeast Asia","/subscriptions/8a93b2c1-1234-4abc-9def-0123456789ab/resourceGroups/rg-221/providers/Microsoft.Compute/virtualMachines/vm-2295",NULL,"SQL Database","Databases","Azure SQL Database","Microsoft","TT21ALQ611MRLDWP","Azure SQL Database Hours",NULL,"134PR9XL4OWZFVLY.ZXVER5YK","sub-9a1f","Production","BillingProfile","{""owner"": ""k.johnson"", ""business_unit"": ""MarseilleSRE""}",NULL,"eastus-1","Usage-Based","INV-202409-58461","Relational Databases",1.4363,451.64826938,1.8181
"AllocatedMethodId-2264","AllocatedResourceId-7803","AllocatedResourceName-2575","{}",127.96074,"ocid1.tenancy.oc1..aaaa1234","Meridian OCI","Tenancy","USD","2024-10-01T00:00:00Z","2024-09-01T00:00:00Z",NULL,NULL,"Usage",NULL,"Oracle Functions Function in UK South (London)","2024-09-12T09:00:00Z","2024-09-12T08:00:00Z",NULL,NULL,NULL,NULL,NULL,NULL,NULL,109.6000000000,"Invocations",NULL,170.61432,1.5567,127.96074,"Oracle","Oracle",221.57832,2.0217,"Standard","USD",109.60,"Invocations","Oracle","Oracle","uk-london-1","UK South (London)","ocid1.instance.oc1.uk-london-1.00da690c7269",NULL,"Function","Compute","Oracle Functions","Oracle","9VPJSMY5JTGV4FK3","Oracle Functions Invocations",NULL,"0M9OURNS09V61PB0.GZ8JS4P8","ocid1.compartment.oc1..prod","production","Tenancy","{""team"": ""growth"", ""owner"": ""g.hopper""}",NULL,"uk-london-1-AD-2","Usage-Based","INV-202409-96150","Serverless Compute",1.5567,127.96074,2.0217
"AllocatedMethodId-7776","AllocatedResourceId-7279","AllocatedResourceName-5786","{}",30.74631904,"01ABCD-2345EF-6789GH","Helios Labs","BillingAccount","USD","2024-10-01T00:00:00Z","2024-09-01T00:00:00Z",NULL,NULL,"Usage",NULL,"Cloud Storage Bucket in Iowa","2024-09-17T20:00:00Z","2024-09-17T19:00:00Z",NULL,NULL,NULL,NULL,NULL,NULL,NULL,230.9600000000,"GiB",NULL,33.419912000000004,0.1447,30.74631904,"Google","Google",33.766352,0.1462,"Other","USD",230.96,"GiB","Google","Google","us-central1","Iowa","//compute.googleapis.com/projects/helios-labs/zones/us-central1-a/instances/inst-5693",NULL,"Bucket","Storage","Cloud Storage","Google","49B9IYRNHIHSZMT2","Cloud Storage GiB",NULL,"ZLURJKYSWZNMG3IT.ANZQ6FHL","proj-helios-prod","helios-prod","BillingAccount","{""owner"": ""a.lovelace"", ""environment"": ""prod""}",NULL,"asia-southeast1-c","Usage-Based","INV-202409-94152","Object Storage",0.1447,30.74631904,0.1462
"AllocatedMethodId-2950","AllocatedResourceId-7622","AllocatedResourceName-9917","{}",433.56530000000004,"ocid1.tenancy.oc1..aaaa1234","Meridian OCI","Tenancy","USD","2024-10-01T00:00:00Z","2024-09-01T00:00:00Z",NULL,NULL,"Purchase","Correction","Oracle Compute Instance in Australia East (Sydney)","2024-09-20T07:00:00Z","2024-09-20T06:00:00Z","Spend","cd-508556","commit-8556",NULL,"Unused","Reserved Instance",NULL,NULL,NULL,NULL,433.56530000000004,0.9754,0,"Oracle","Oracle",498.32895,1.1211,"Other","USD",444.50,"Hours","Oracle","Oracle","ap-sydney-1","Australia East (Sydney)","ocid1.instance.oc1.ap-sydney-1.00507a4df0f2",NULL,"Instance","Compute","Oracle Compute","Oracle","ORRN404NR8GSC8QF","Oracle Compute Hours",NULL,"DE15NCEQ8FGZASFB.DTKCJ790","ocid1.compartment.oc1..dev","development","Tenancy","{""application"": ""BrightSourceCore"", ""owner"": ""k.johnson"", ""team"": ""platform""}",NULL,NULL,"One-Time","INV-202409-64656","Virtual Machines",0.9754,0,1.1211
"AllocatedMethodId-9357","AllocatedResourceId-7037","AllocatedResourceName-9042","{}",189.8582392,"123456789012","SunBird","BillingAccount","USD","2024-10-01T00:00:00Z","2024-09-01T00:00:00Z",NULL,NULL,"Usage",NULL,"AWS Lambda Function in US East (N. Virginia)","2024-09-26T17:00:00Z","2024-09-26T16:00:00Z",NULL,NULL,NULL,NULL,NULL,NULL,NULL,61.0100000000,"Requests",NULL,237.32279899999997,3.8899,189.8582392,"AWS","AWS",257.962482,4.2282,"Standard","USD",61.01,"Requests","AWS","AWS","us-east-1","US East (N. Virginia)","arn:aws:ec2:us-east-1:123456789012:instance/i-0091fa79f32f",NULL,"Function","Compute","AWS Lambda","AWS","G5GN8YDFU4GF5HNI","AWS Lambda Requests",NULL,"GTBIT3AK79FSFHI8.3TUI5EN1","663626350770","Zenith Apollo","BillingAccount","{""business_unit"": ""MarseilleSRE"", ""environment"": ""staging"", ""application"": ""BrightSourceCore""}",NULL,"us-east-1a","Usage-Based","INV-202409-72447","Serverless Compute",3.8899,189.8582392,4.2282
"AllocatedMethodId-7049","AllocatedResourceId-2736","AllocatedResourceName-6582","{}",52.0677234,"ocid1.tenancy.oc1..aaaa1234","Meridian OCI","Tenancy","USD","2024-10-01T00:00:00Z","2024-09-01T00:00:00Z",NULL,NULL,"Usage",NULL,"Oracle Autonomous Database Database in UK South (London)","2024-09-26T20:00:00Z","2024-09-26T19:00:00Z",NULL,NULL,NULL,NULL,NULL,NULL,NULL,18.7600000000,"Hours",NULL,52.59366000000001,2.8035,52.0677234,"Oracle","Oracle",59.76560800000001,3.1858,"Standard","USD",18.76,"Hours","Oracle","Oracle","uk-london-1","UK South (London)","ocid1.instance.oc1.uk-london-1.00cc5bf47ffc",NULL,"Database","Databases","Oracle Autonomous Database","Oracle","PFVNVD01LYE09QWV","Oracle Autonomous Database Hours",NULL,"KUL5TEAIXS5E38R7.7W1YS6OD","ocid1.compartment.oc1..prod","production","Tenancy","{""business_unit"": ""MarseilleSRE"", ""environment"": ""prod"", ""cost_center"": ""CC-2042""}",NULL,"us-ashburn-1-AD-1","Usage-Based","INV-202409-14014","Relational Databases",2.8035,52.0677234,3.1858
"AllocatedMethodId-3643","AllocatedResourceId-3293","AllocatedResourceName-4757","{}",50.4915918,"ocid1.tenancy.oc1..aaaa1234","Meridian OCI","Tenancy","USD","2024-10-01T00:00:00Z","2024-09-01T00:00:00Z",NULL,NULL,"Usage",NULL,"Oracle Functions Function in UK South (London)","2024-09-09T22:00:00Z","2024-09-09T21:00:00Z","Spend","cd-859599","commit-9599",NULL,"Used","Savings Plan",NULL,148.1300000000,"Invocations",NULL,64.73281,0.4370,50.4915918,"Oracle","Oracle",107.883079,0.7283,"Committed","USD",148.13,"Invocations","Oracle","Oracle","uk-london-1","UK South (London)","ocid1.instance.oc1.uk-london-1.00788ac41c69",NULL,"Function","Compute","Oracle Functions","Oracle","A4BCFSRHOAY60LQC","Oracle Functions Invocations",NULL,"62GAA008DRG5I8JA.40KM6HHW","ocid1.compartment.oc1..dev","development","Tenancy","{""owner"": ""k.johnson""}",NULL,"us-ashburn-1-AD-1","Usage-Based","INV-202409-96455","Serverless Compute",0.4370,50.4915918,0.7283
"AllocatedMethodId-6454","AllocatedResourceId-3068","AllocatedResourceName-9364","{}",332.36497287,"8a93b2c1-1234-4abc-9def-0123456789ab","Contoso Cloud","BillingProfile","USD","2024-10-01T00:00:00Z","2024-09-01T00:00:00Z",NULL,NULL,"Usage",NULL,"Azure Functions Function App in West Europe","2024-09-08T12:00:00Z","2024-09-08T11:00:00Z",NULL,NULL,NULL,NULL,NULL,NULL,NULL,268.0300000000,"Executions",NULL,410.32712699999996,1.5309,332.36497287,"Microsoft","Microsoft",631.291059,2.3553,"Standard","USD",268.03,"Executions","Microsoft","Microsoft","westeurope","West Europe","/subscriptions/8a93b2c1-1234-4abc-9def-0123456789ab/resourceGroups/rg-373/providers/Microsoft.Compute/virtualMachines/vm-7141",NULL,"Function App","Compute","Azure Functions","Microsoft","2HOXGHPWBUMU2JK7","Azure Functions Executions",NULL,"IA1SHX59C37PBI8B.EBTGSVPT","sub-9a1f","Production","BillingProfile","{""business_unit"": ""OsloData"", ""application"": ""BrightLensMatrix"", ""cost_center"": ""CC-1001""}",NULL,NULL,"Usage-Based","INV-202409-20118","Serverless Compute",1.5309,332.36497287,2.3553
"AllocatedMethodId-8411","AllocatedResourceId-5478","AllocatedResourceName-7082","{}",368.5730654,"123456789012","SunBird","BillingAccount","USD","2024-10-01T00:00:00Z","2024-09-01T00:00:00Z",NULL,NULL,"Usage",NULL,"AWS Lambda Function in Europe (Ireland)","2024-09-21T01:00:00Z","2024-09-21T00:00:00Z","Spend","cd-634710","commit-4710",NULL,"Unused","Reserved Instance",NULL,NULL,NULL,NULL,604.2181400000001,4.1980,368.5730654,"AWS","AWS",636.012277,4.4189,"Dynamic","USD",143.93,"Requests","AWS","AWS","eu-west-1","Europe (Ireland)","arn:aws:ec2:eu-west-1:123456789012:instance/i-00a5bf6acee1",NULL,"Function","Compute","AWS Lambda","AWS","HJGO2QPZAUV9UW5X","AWS Lambda Requests",NULL,"TB8RLA01DTWJ781A.YEDYV03P","438839167390","Zenith Eclipse","BillingAccount","{""team"": ""platform"", ""cost_center"": ""CC-3090""}",NULL,NULL,"Usage-Based","INV-202409-40609","Serverless Compute",4.1980,368.5730654,4.4189
"AllocatedMethodId-5616","AllocatedResourceId-1471","AllocatedResourceName-7294","{}",544.03521408,"ocid1.tenancy.oc1..aaaa1234","Meridian OCI","Tenancy","USD","2024-10-01T00:00:00Z","2024-09-01T00:00:00Z",NULL,NULL,"Usage",NULL,"Oracle Compute Instance in US East (Ashburn)","2024-09-14T14:00:00Z","2024-09-14T13:00:00Z",NULL,NULL,NULL,NULL,NULL,NULL,NULL,463.2200000000,"Hours",NULL,755.604464,1.6312,544.03521408,"Oracle","Oracle",968.731986,2.0913,"Standard","USD",463.22,"Hours","Oracle","Oracle","us-ashburn-1","US East (Ashburn)","ocid1.instance.oc1.us-ashburn-1.005ecb8b30cb",NULL,"Instance","Compute","Oracle Compute","Oracle","M4ZKZSRT35LUA8SL","Oracle Compute Hours",NULL,"PJQLNT6ACRF3ITHV.VPZGU8VU","ocid1.compartment.oc1..dev","development","Tenancy",NULL,NULL,"us-ashburn-1-AD-1","Usage-Based","INV-202409-70101","Virtual Machines",1.6312,544.03521408,2.0913
"AllocatedMethodId-4529","AllocatedResourceId-2984","AllocatedResourceName-4778","{}",119.85535856,"8a93b2c1-1234-4abc-9def-0123456789ab","Contoso Cloud","BillingProfile","USD","2024-10-01T00:00:00Z","2024-09-01T00:00:00Z",NULL,NULL,"Usage",NULL,"Azure Kubernetes Service Cluster in UK South","2024-09-07T23:00:00Z","2024-09-07T22:00:00Z",NULL,NULL,NULL,NULL,NULL,NULL,NULL,30.7300000000,"Hours",NULL,139.366696,4.5352,119.85535856,"Microsoft","Microsoft",153.149101,4.9837,"Dynamic","USD",30.73,"Hours","Microsoft","Microsoft","uksouth","UK South","/subscriptions/8a93b2c1-1234-4abc-9def-0123456789ab/resourceGroups/rg-137/providers/Microsoft.Compute/virtualMachines/vm-725",NULL,"Cluster","Compute","Azure Kubernetes Service","Microsoft","I7YOCRBI1ZLF2KG5","Azure Kubernetes Service Hours",NULL,"SKIIBTF038LHWPLZ.YN4AZOIW","sub-9a1f","Production","BillingProfile","{""business_unit"": ""MarseilleSRE"", ""owner"": ""a.lovelace"", ""environment"": ""staging""}",NULL,NULL,"Usage-Based","INV-202409-14327","Containers",4.5352,119.85535856,4.9837
"AllocatedMethodId-8273","AllocatedResourceId-1210","AllocatedResourceName-2937","{}",2.0748456,"8a93b2c1-1234-4abc-9def-0123456789ab","Contoso Cloud","BillingProfile","USD","2024-10-01T00:00:00Z","2024-09-01T00:00:00Z",NULL,NULL,"Adjustment",NULL,"Azure Functions Function App in East US","2024-09-23T17:00:00Z","2024-09-23T16:00:00Z","Spend","cd-704456","commit-4456",NULL,"Used","Committed Use Discount",NULL,NULL,NULL,NULL,2.38488,0.6276,2.0748456,"Microsoft","Microsoft",2.87356,0.7562,"Standard","USD",3.80,"Executions","Microsoft","Microsoft","eastus","East US",NULL,NULL,NULL,"Compute","Azure Functions","Microsoft","DBLV1GYJLVYR5E6X","Azure Functions Executions",NULL,"WTA2JOASWNIOFY33.8ESVYS2S","sub-2b7c","Staging","BillingProfile","{""environment"": ""prod"", ""team"": ""platform"", ""cost_center"": ""CC-1001""}",NULL,NULL,"One-Time","INV-202409-42120","Serverless Compute",0.6276,2.0748456,0.7562
"AllocatedMethodId-2372","AllocatedResourceId-2361","AllocatedResourceName-5686","{}",373.595556,"01ABCD-2345EF-6789GH","Helios Labs","BillingAccount","USD","2024-10-01T00:00:00Z","2024-09-01T00:00:00Z",NULL,NULL,"Purchase",NULL,"Cloud SQL Database Instance in Belgium","2024-09-04T11:00:00Z","2024-09-04T10:00:00Z",NULL,NULL,NULL,NULL,NULL,NULL,NULL,NULL,NULL,NULL,373.595556,1.7461,0,"Google","Google",450.107652,2.1037,"Dynamic","USD",213.96,"Hours","Google","Google","europe-west1","Belgium","//compute.googleapis.com/projects/helios-labs/zones/europe-west1-a/instances/inst-1320",NULL,"Database Instance","Databases","Cloud SQL","Google","U49D0EDJIPEHZ492","Cloud SQL Hours",NULL,"BY41NVPIJM5H8WJE.IY7S6X0O","proj-helios-prod","helios-prod","BillingAccount","{""application"": ""BrightLensMatrix"", ""environment"": ""dev""}",NULL,NULL,"One-Time","INV-202409-75271","Relational Databases",1.7461,0,2.1037
"AllocatedMethodId-6176","AllocatedResourceId-6659","AllocatedResourceName-4614","{}",245.4562341,"8a93b2c1-1234-4abc-9def-0123456789ab","Contoso Cloud","BillingProfile","USD","2024-10-01T00:00:00Z","2024-09-01T00:00:00Z",NULL,NULL,"Usage","Correction","Azure Functions Function App in Southeast Asia","2024-09-01T23:00:00Z","2024-09-01T22:00:00Z",NULL,NULL,NULL,NULL,NULL,NULL,NULL,122.4300000000,"Executions",NULL,350.651763,2.8641,245.4562341,"Microsoft","Microsoft",508.19468700000004,4.1509,"Other","USD",122.43,"Executions","Microsoft","Microsoft","southeastasia","Southeast Asia","/subscriptions/8a93b2c1-1234-4abc-9def-0123456789ab/resourceGroups/rg-325/providers/Microsoft.Compute/virtualMachines/vm-6614",NULL,"Function App","Compute","Azure Functions","Microsoft","6YYNI48QG59M50VE","Azure Functions Executions",NULL,"VN7ICGGRBYWK1ZSL.12OXEJ5L","sub-9a1f","Production","BillingProfile","{""environment"": ""dev"", ""owner"": ""g.hopper"", ""application"": ""AtlasPortal""}",NULL,"uksouth-1","Usage-Based","INV-202409-46654","Serverless Compute",2.8641,245.4562341,4.1509
"AllocatedMethodId-9084","AllocatedResourceId-8560","AllocatedResourceName-1102","{}",1052.5547136,"8a93b2c1-1234-4abc-9def-0123456789ab","Contoso Cloud","BillingProfile","USD","2024-10-01T00:00:00Z","2024-09-01T00:00:00Z",NULL,NULL,"Usage",NULL,"Azure Kubernetes Service Cluster in Southeast Asia","2024-09-17T18:00:00Z","2024-09-17T17:00:00Z",NULL,NULL,NULL,NULL,NULL,NULL,NULL,306.8000000000,"Hours",NULL,1349.42912,4.3984,1052.5547136,"Microsoft","Microsoft",1499.36228,4.8871,"Dynamic","USD",306.80,"Hours","Microsoft","Microsoft","southeastasia","Southeast Asia","/subscriptions/8a93b2c1-1234-4abc-9def-0123456789ab/resourceGroups/rg-605/providers/Microsoft.Compute/virtualMachines/vm-5511",NULL,"Cluster","Compute","Azure Kubernetes Service","Microsoft","BT0IUA0I0UY8VHJD","Azure Kubernetes Service Hours",NULL,"0I205LOUB2NQRIEI.HT1XALJM","sub-4d3e","Sandbox","BillingProfile","{""business_unit"": ""OsloData""}",NULL,NULL,"Usage-Based","INV-202409-48365","Containers",4.3984,1052.5547136,4.8871
"AllocatedMethodId-7643","AllocatedResourceId-9171","AllocatedResourceName-2405","{}",266.17384024,"01ABCD-2345EF-6789GH","Helios Labs","BillingAccount","USD","2024-10-01T00:00:00Z","2024-09-01T00:00:00Z",NULL,NULL,"Usage",NULL,"Cloud SQL Database Instance in Northern Virginia","2024-09-06T21:00:00Z","2024-09-06T20:00:00Z","Spend","cd-781291","commit-1291",NULL,"Unused","Reserved Instance",NULL,NULL,NULL,NULL,391.432118,2.6873,266.17384024,"Google","Google",477.356952,3.2772,"Committed","USD",145.66,"Hours","Google","Google","us-east4","Northern Virginia","//compute.googleapis.com/projects/helios-labs/zones/us-east4-a/instances/inst-7264",NULL,"Database Instance","Databases","Cloud SQL","Google","RUEZ5Z2AZM0OI71M","Cloud SQL Hours",NULL,"AHEIJBD7S6RIYQ8N.NN12YB6K","proj-helios-dev","helios-dev","BillingAccount","{""environment"": ""qa"", ""owner"": ""g.hopper"", ""cost_center"": ""CC-3090""}",NULL,"asia-southeast1-c","Usage-Based","INV-202409-80812","Relational Databases",2.6873,266.17384024,3.2772
"AllocatedMethodId-2688","AllocatedResourceId-5496","AllocatedResourceName-9438","{}",1483.616895,"8a93b2c1-1234-4abc-9def-0123456789ab","Contoso Cloud","BillingProfile","USD","2024-10-01T00:00:00Z","2024-09-01T00:00:00Z",NULL,NULL,"Purchase",NULL,"Azure Kubernetes Service Cluster in East US","2024-09-28T08:00:00Z","2024-09-28T07:00:00Z",NULL,NULL,NULL,NULL,NULL,NULL,NULL,NULL,NULL,NULL,1483.616895,3.3315,0,"Microsoft","Microsoft",1952.148588,4.3836,"Standard","USD",445.33,"Hours","Microsoft","Microsoft","eastus","East US","/subscriptions/8a93b2c1-1234-4abc-9def-0123456789ab/resourceGroups/rg-906/providers/Microsoft.Compute/virtualMachines/vm-3062",NULL,"Cluster","Compute","Azure Kubernetes Service","Microsoft","XFNXDAEGVSZH4W7D","Azure Kubernetes Service Hours",NULL,"8DN76CSQEDSDRPEW.ZY6VENVM","sub-2b7c","Staging","BillingProfile","{""cost_center"": ""CC-1001"", ""application"": ""BrightSourceCore""}",NULL,NULL,"One-Time","INV-202409-78477","Containers",3.3315,0,4.3836
"AllocatedMethodId-9832","AllocatedResourceId-2097","AllocatedResourceName-6697","{}",49.0585472,"8a93b2c1-1234-4abc-9def-0123456789ab","Contoso Cloud","BillingProfile","USD","2024-10-01T00:00:00Z","2024-09-01T00:00:00Z",NULL,NULL,"Usage",NULL,"Azure Kubernetes Service Cluster in Southeast Asia","2024-09-14T16:00:00Z","2024-09-14T15:00:00Z",NULL,NULL,NULL,NULL,NULL,NULL,NULL,21.0400000000,"Hours",NULL,64.55072,3.0680,49.0585472,"Microsoft","Microsoft",67.239632,3.1958,"Standard","USD",21.04,"Hours","Microsoft","Microsoft","southeastasia","Southeast Asia","/subscriptions/8a93b2c1-1234-4abc-9def-0123456789ab/resourceGroups/rg-897/providers/Microsoft.Compute/virtualMachines/vm-3924",NULL,"Cluster","Compute","Azure Kubernetes Service","Microsoft","3GZ79N4G1FGX7Y17","Azure Kubernetes Service Hours",NULL,"1HF4Y2W7MMK0E4CU.BV8NXMQW","sub-2b7c","Staging","BillingProfile","{""application"": ""NimbusAPI"", ""team"": ""growth""}",NULL,"uksouth-1","Usage-Based","INV-202409-94361","Containers",3.0680,49.0585472,3.1958
"AllocatedMethodId-4908","AllocatedResourceId-1072","AllocatedResourceName-9918","{}",976.7952864,"ocid1.tenancy.oc1..aaaa1234","Meridian OCI","Tenancy","USD","2024-10-01T00:00:00Z","2024-09-01T00:00:00Z",NULL,NULL,"Usage",NULL,"Oracle Autonomous Database Database in UK South (London)","2024-09-24T07:00:00Z","2024-09-24T06:00:00Z",NULL,NULL,NULL,NULL,NULL,NULL,NULL,493.6900000000,"Hours",NULL,1085.328096,2.1984,976.7952864,"Oracle","Oracle",1428.0476939999999,2.8926,"Standard","USD",493.69,"Hours","Oracle","Oracle","uk-london-1","UK South (London)","ocid1.instance.oc1.uk-london-1.008e60989d51",NULL,"Database","Databases","Oracle Autonomous Database","Oracle","4V9CEV8R1195NAMA","Oracle Autonomous Database Hours",NULL,"J6VNK3L4Y19OQUEX.DKUI7XT1","ocid1.compartment.oc1..prod","production","Tenancy",NULL,NULL,"us-ashburn-1-AD-1","Usage-Based","INV-202409-23958","Relational Databases",2.1984,976.7952864,2.8926
"AllocatedMethodId-8458","AllocatedResourceId-7663","AllocatedResourceName-5849","{}",656.8035617,"ocid1.tenancy.oc1..aaaa1234","Meridian OCI","Tenancy","USD","2024-10-01T00:00:00Z","2024-09-01T00:00:00Z",NULL,NULL,"Credit",NULL,"Oracle Object Storage Bucket in US East (Ashburn)","2024-09-06T09:00:00Z","2024-09-06T08:00:00Z",NULL,NULL,NULL,NULL,NULL,NULL,NULL,NULL,NULL,NULL,737.9815299999999,3.2318,656.8035617,"Oracle","Oracle",946.1225549999999,4.1433,"Other","USD",228.35,"GB","Oracle","Oracle","us-ashburn-1","US East (Ashburn)",NULL,NULL,NULL,"Storage","Oracle Object Storage","Oracle","6SIUI46YMADA2FJE","Oracle Object Storage GB",NULL,"DJRJMSS5NDW424G1.H4GYX1WZ","ocid1.compartment.oc1..dev","development","Tenancy","{""team"": ""platform"", ""owner"": ""a.lovelace""}",NULL,NULL,"One-Time","INV-202409-62774","Object Storage",3.2318,656.8035617,4.1433
"AllocatedMethodId-6509","AllocatedResourceId-8466","AllocatedResourceName-4330","{}",13.8871194,"123456789012","SunBird","BillingAccount","USD","2024-10-01T00:00:00Z","2024-09-01T00:00:00Z",NULL,NULL,"Usage",NULL,"Elastic Load Balancing Load Balancer in Asia Pacific (Sydney)","2024-09-11T01:00:00Z","2024-09-11T00:00:00Z",NULL,NULL,NULL,NULL,NULL,NULL,NULL,8.0500000000,"LCU-Hours",NULL,21.04109,2.6138,13.8871194,"AWS","AWS",24.753750000000004,3.0750,"Standard","USD",8.05,"LCU-Hours","AWS","AWS","ap-southeast-2","Asia Pacific (Sydney)","arn:aws:ec2:ap-southeast-2:123456789012:instance/i-0049a5c8b284",NULL,"Load Balancer","Networking","Elastic Load Balancing","AWS","3MLIFEQPA3BXS4P0","Elastic Load Balancing LCU-Hours",NULL,"DHV5HFVCGCEZJ0AB.6CIZW9NQ","663626350770","Zenith Apollo","BillingAccount","{""owner"": ""a.turing""}",NULL,NULL,"Usage-Based","INV-202409-71436","Application Networking",2.6138,13.8871194,3.0750
"AllocatedMethodId-9279","AllocatedResourceId-7769","AllocatedResourceName-7346","{}",1069.29452282,"8a93b2c1-1234-4abc-9def-0123456789ab","Contoso Cloud","BillingProfile","USD","2024-10-01T00:00:00Z","2024-09-01T00:00:00Z",NULL,NULL,"Tax",NULL,"Tax charge in Southeast Asia","2024-09-22T09:00:00Z","2024-09-22T08:00:00Z",NULL,NULL,NULL,NULL,NULL,NULL,NULL,NULL,NULL,NULL,1069.29452282,NULL,1069.29452282,"Microsoft","Microsoft",1069.29452282,NULL,NULL,"USD",NULL,NULL,"Microsoft","Microsoft",NULL,NULL,NULL,NULL,NULL,"Other","Tax","Microsoft",NULL,NULL,NULL,NULL,"sub-4d3e","Sandbox","BillingProfile","{""business_unit"": ""LisbonOps""}",NULL,NULL,"One-Time","INV-202409-41780","Other (Security)",NULL,1069.29452282,NULL
"AllocatedMethodId-1858","AllocatedResourceId-9623","AllocatedResourceName-4846","{}",891.6609885,"01ABCD-2345EF-6789GH","Helios Labs","BillingAccount","USD","2024-10-01T00:00:00Z","2024-09-01T00:00:00Z",NULL,NULL,"Usage",NULL,"Cloud Load Balancing Forwarding Rule in Belgium","2024-09-02T00:00:00Z","2024-09-01T23:00:00Z",NULL,NULL,NULL,NULL,NULL,NULL,NULL,346.3400000000,"Hours",NULL,1188.881318,3.4327,891.6609885,"Google","Google",1415.3184099999999,4.0865,"Dynamic","USD",346.34,"Hours","Google","Google","europe-west1","Belgium","//compute.googleapis.com/projects/helios-labs/zones/europe-west1-a/instances/inst-8656",NULL,"Forwarding Rule","Networking","Cloud Load Balancing","Google","K5ISACCJB8ZDFTYB","Cloud Load Balancing Hours",NULL,"UFB9VRNJ5HZMDMPU.0NYMAFDD","proj-helios-prod","helios-prod","BillingAccount",NULL,NULL,"europe-west1-b","Usage-Based","INV-202409-14943","Application Networking",3.4327,891.6609885,4.0865
"AllocatedMethodId-9254","AllocatedResourceId-5754","AllocatedResourceName-3285","{}",900.69415533,"123456789012","SunBird","BillingAccount","USD","2024-10-01T00:00:00Z","2024-09-01T00:00:00Z",NULL,NULL,"Credit","Correction","Elastic Load Balancing Load Balancer in Asia Pacific (Sydney)","2024-09-05T21:00:00Z","2024-09-05T20:00:00Z",NULL,NULL,NULL,NULL,NULL,NULL,NULL,NULL,NULL,NULL,1111.9680930000002,2.6053,900.69415533,"AWS","AWS",1134.674385,2.6585,"Standard","USD",426.81,"LCU-Hours","AWS","AWS","ap-southeast-2","Asia Pacific (Sydney)",NULL,NULL,NULL,"Networking","Elastic Load Balancing","AWS","DQO201FP0ZK8B6FI","Elastic Load Balancing LCU-Hours",NULL,"I17EWT3Q3AWOEFCW.9NPA15M2","663626350770","Zenith Apollo","BillingAccount","{""business_unit"": ""MarseilleSRE"", ""application"": ""BrightLensMatrix"", ""owner"": ""g.hopper""}",NULL,NULL,"One-Time","INV-202409-91098","Application Networking",2.6053,900.69415533,2.6585
"AllocatedMethodId-6299","AllocatedResourceId-6593","AllocatedResourceName-8808","{}",305.3865744,"123456789012","SunBird","BillingAccount","USD","2024-10-01T00:00:00Z","2024-09-01T00:00:00Z",NULL,NULL,"Usage",NULL,"Elastic Load Balancing Load Balancer in US East (N. Virginia)","2024-09-14T04:00:00Z","2024-09-14T03:00:00Z","Spend","cd-130179","commit-0179",NULL,"Unused","Savings Plan",NULL,NULL,NULL,NULL,412.68456000000003,3.5454,305.3865744,"AWS","AWS",581.2434000000001,4.9935,"Committed","USD",116.40,"LCU-Hours","AWS","AWS","us-east-1","US East (N. Virginia)","arn:aws:ec2:us-east-1:123456789012:instance/i-00e6d364d28a",NULL,"Load Balancer","Networking","Elastic Load Balancing","AWS","N0P187WBFZK3ZLKL","Elastic Load Balancing LCU-Hours",NULL,"111266AM2ZFZUKL9.8A3SPU8G","663626350770","Zenith Apollo","BillingAccount","{""application"": ""NimbusAPI"", ""cost_center"": ""CC-2042"", ""team"": ""payments""}",NULL,NULL,"Usage-Based","INV-202409-27770","Application Networking",3.5454,305.3865744,4.9935
"AllocatedMethodId-2665","AllocatedResourceId-3456","AllocatedResourceName-6568","{}",306.9331668,"ocid1.tenancy.oc1..aaaa1234","Meridian OCI","Tenancy","USD","2024-10-01T00:00:00Z","2024-09-01T00:00:00Z",NULL,NULL,"Usage",NULL,"Oracle Functions Function in US East (Ashburn)","2024-09-14T19:00:00Z","2024-09-14T18:00:00Z",NULL,NULL,NULL,NULL,NULL,NULL,NULL,148.2000000000,"Invocations",NULL,374.30874,2.5257,306.9331668,"Oracle","Oracle",406.8534599999999,2.7453,"Dynamic","USD",148.20,"Invocations","Oracle","Oracle","us-ashburn-1","US East (Ashburn)","ocid1.instance.oc1.us-ashburn-1.00df3af43692",NULL,"Function","Compute","Oracle Functions","Oracle","YV49MEIWZWF882FH","Oracle Functions Invocations",NULL,"T71CDXCALQRL7295.W3DOBJMB","ocid1.compartment.oc1..dev","development","Tenancy","{""application"": ""AtlasPortal"", ""owner"": ""a.lovelace""}",NULL,NULL,"Usage-Based","INV-202409-26186","Serverless Compute",2.5257,306.9331668,2.7453
"AllocatedMethodId-8030","AllocatedResourceId-9994","AllocatedResourceName-9789","{}",26.926368,"123456789012","SunBird","BillingAccount","USD","2024-10-01T00:00:00Z","2024-09-01T00:00:00Z",NULL,NULL,"Usage",NULL,"Amazon Elastic Compute Cloud Virtual Machine in Asia Pacific (Sydney)","2024-09-02T13:00:00Z","2024-09-02T12:00:00Z","Spend","cd-256484","commit-6484",NULL,"Used","Reserved Instance",NULL,377.1200000000,"Hours",NULL,32.0552,0.0850,26.926368,"AWS","AWS",43.331088,0.1149,"Committed","USD",377.12,"Hours","AWS","AWS","ap-southeast-2","Asia Pacific (Sydney)","arn:aws:ec2:ap-southeast-2:123456789012:instance/i-00df4bf4d29d",NULL,"Virtual Machine","Compute","Amazon Elastic Compute Cloud","AWS","5MBIQLY1IQ2XP4SB","Amazon Elastic Compute Cloud Hours",NULL,"U5FRTZX05QDY85NX.TQXOQVER","663626350770","Zenith Apollo","BillingAccount","{""cost_center"": ""CC-1001"", ""environment"": ""prod""}",NULL,"us-east-1a","Usage-Based","INV-202409-59914","Virtual Machines",0.0850,26.926368,0.1149
"AllocatedMethodId-4228","AllocatedResourceId-5593","AllocatedResourceName-3821","{}",71.04774336,"ocid1.tenancy.oc1..aaaa1234","Meridian OCI","Tenancy","USD","2024-10-01T00:00:00Z","2024-09-01T00:00:00Z",NULL,NULL,"Credit",NULL,"Oracle Autonomous Database Database in Australia East (Sydney)","2024-09-29T11:00:00Z","2024-09-29T10:00:00Z","Usage","cd-470329","commit-0329",NULL,"Used","Committed Use Discount",NULL,NULL,NULL,NULL,102.967744,1.0384,71.04774336,"Oracle","Oracle",147.093944,1.4834,"Committed","USD",99.16,"Hours","Oracle","Oracle","ap-sydney-1","Australia East (Sydney)",NULL,NULL,NULL,"Databases","Oracle Autonomous Database","Oracle","7UPJB34X74A6SPK0","Oracle Autonomous Database Hours",NULL,"9NQTP1V8CWBTUDXC.L8RZ3KAD","ocid1.compartment.oc1..prod","production","Tenancy","{""environment"": ""qa"", ""team"": ""growth""}",NULL,NULL,"One-Time","INV-202409-70015","Relational Databases",1.0384,71.04774336,1.4834
"AllocatedMethodId-7230","AllocatedResourceId-4001","AllocatedResourceName-6635","{}",77.41259888,"8a93b2c1-1234-4abc-9def-0123456789ab","Contoso Cloud","BillingProfile","USD","2024-10-01T00:00:00Z","2024-09-01T00:00:00Z",NULL,NULL,"Usage",NULL,"Azure Functions Function App in East US","2024-09-20T23:00:00Z","2024-09-20T22:00:00Z",NULL,NULL,NULL,NULL,NULL,NULL,NULL,245.0200000000,"Executions",NULL,106.044656,0.4328,77.41259888,"Microsoft","Microsoft",173.84169,0.7095,"Other","USD",245.02,"Executions","Microsoft","Microsoft","eastus","East US","/subscriptions/8a93b2c1-1234-4abc-9def-0123456789ab/resourceGroups/rg-965/providers/Microsoft.Compute/virtualMachines/vm-8446",NULL,"Function App","Compute","Azure Functions","Microsoft","HWCIATVBL9GTNVOE","Azure Functions Executions",NULL,"I3QOO5VMFGHJPWBR.KZWL3QJ9","sub-4d3e","Sandbox","BillingProfile","{""owner"": ""a.lovelace"", ""application"": ""BrightLensMatrix"", ""environment"": ""qa""}",NULL,"uksouth-1","Usage-Based","INV-202409-66902","Serverless Compute",0.4328,77.41259888,0.7095
"AllocatedMethodId-4834","AllocatedResourceId-2373","AllocatedResourceName-8069","{}",596.65682518,"123456789012","SunBird","BillingAccount","USD","2024-10-01T00:00:00Z","2024-09-01T00:00:00Z",NULL,NULL,"Usage",NULL,"AWS Lambda Function in US East (N. Virginia)","2024-09-16T13:00:00Z","2024-09-16T12:00:00Z","Usage","cd-762616","commit-2616",NULL,"Used","Reserved Instance",NULL,277.0100000000,"Requests",NULL,806.2930069999999,2.9107,596.65682518,"AWS","AWS",937.540345,3.3845,"Standard","USD",277.01,"Requests","AWS","AWS","us-east-1","US East (N. Virginia)","arn:aws:ec2:us-east-1:123456789012:instance/i-00d89881afb5",NULL,"Function","Compute","AWS Lambda","AWS","O3C0I4L8G03MP2QY","AWS Lambda Requests",NULL,"GIFU4X1K1QGL1B6Q.7H62ZKAD","663626350770","Zenith Apollo","BillingAccount","{""application"": ""NimbusAPI"", ""owner"": ""k.johnson""}",NULL,"eu-west-1c","Usage-Based","INV-202409-65560","Serverless Compute",2.9107,596.65682518,3.3845
"AllocatedMethodId-1397","AllocatedResourceId-5673","AllocatedResourceName-5239","{}",940.49677085,"8a93b2c1-1234-4abc-9def-0123456789ab","Contoso Cloud","BillingProfile","USD","2024-10-01T00:00:00Z","2024-09-01T00:00:00Z",NULL,NULL,"Usage",NULL,"Virtual Machines Virtual Machine in West Europe","2024-09-26T13:00:00Z","2024-09-26T12:00:00Z",NULL,NULL,NULL,NULL,NULL,NULL,NULL,372.3700000000,"Hours",NULL,1541.7979850000002,4.1405,940.49677085,"Microsoft","Microsoft",1752.038087,4.7051,"Dynamic","USD",372.37,"Hours","Microsoft","Microsoft","westeurope","West Europe","/subscriptions/8a93b2c1-1234-4abc-9def-0123456789ab/resourceGroups/rg-48/providers/Microsoft.Compute/virtualMachines/vm-3844",NULL,"Virtual Machine","Compute","Virtual Machines","Microsoft","NRO797CT6WFSJDJX","Virtual Machines Hours",NULL,"PZTXCJ9LPGPQI4XX.2Y3LEHVS","sub-4d3e","Sandbox","BillingProfile","{""cost_center"": ""CC-3090"", ""environment"": ""qa"", ""owner"": ""a.turing""}",NULL,"eastus-1","Usage-Based","INV-202409-87394","Virtual Machines",4.1405,940.49677085,4.7051
"AllocatedMethodId-2326","AllocatedResourceId-7113","AllocatedResourceName-4219","{}",512.6787874,"8a93b2c1-1234-4abc-9def-0123456789ab","Contoso Cloud","BillingProfile","USD","2024-10-01T00:00:00Z","2024-09-01T00:00:00Z",NULL,NULL,"Usage",NULL,"Virtual Machines Virtual Machine in West Europe","2024-09-13T19:00:00Z","2024-09-13T18:00:00Z","Spend","cd-784902","commit-4902",NULL,"Unused","Committed Use Discount",NULL,NULL,NULL,NULL,826.90127,4.4395,512.6787874,"Microsoft","Microsoft",852.474768,4.5768,"Committed","USD",186.26,"Hours","Microsoft","Microsoft","westeurope","West Europe","/subscriptions/8a93b2c1-1234-4abc-9def-0123456789ab/resourceGroups/rg-530/providers/Microsoft.Compute/virtualMachines/vm-8536",NULL,"Virtual Machine","Compute","Virtual Machines","Microsoft","IYVE2NK6H1JFD65O","Virtual Machines Hours",NULL,"JKG9PZEU2N314HBW.I625A2SW","sub-4d3e","Sandbox","BillingProfile","{""owner"": ""a.lovelace"", ""application"": ""NimbusAPI"", ""business_unit"": ""MarseilleSRE""}",NULL,NULL,"Usage-Based","INV-202409-87969","Virtual Machines",4.4395,512.6787874,4.5768
"AllocatedMethodId-3439","AllocatedResourceId-1047","AllocatedResourceName-2614","{}",8.952129,"123456789012","SunBird","BillingAccount","USD","2024-10-01T00:00:00Z","2024-09-01T00:00:00Z",NULL,NULL,"Usage",NULL,"Amazon Relational Database Service Database Instance in Europe (Ireland)","2024-09-03T05:00:00Z","2024-09-03T04:00:00Z",NULL,NULL,NULL,NULL,NULL,NULL,NULL,2.9500000000,"Hours",NULL,9.730575000000002,3.2985,8.952129,"AWS","AWS",11.44777,3.8806,"Standard","USD",2.95,"Hours","AWS","AWS","eu-west-1","Europe (Ireland)","arn:aws:ec2:eu-west-1:123456789012:instance/i-007dc93b7189",NULL,"Database Instance","Databases","Amazon Relational Database Service","AWS","2ZDPDRANR03WTE8J","Amazon Relational Database Service Hours",NULL,"P186GCEP9I2LEDUG.PPRYDG8T","438839167390","Zenith Eclipse","BillingAccount","{""application"": ""AtlasPortal"", ""environment"": ""prod"", ""business_unit"": ""MarseilleSRE""}",NULL,NULL,"Usage-Based","INV-202409-30929","Relational Databases",3.2985,8.952129,3.8806
"AllocatedMethodId-2318","AllocatedResourceId-5338","AllocatedResourceName-5979","{}",1106.8845732,"8a93b2c1-1234-4abc-9def-0123456789ab","Contoso Cloud","BillingProfile","USD","2024-10-01T00:00:00Z","2024-09-01T00:00:00Z",NULL,NULL,"Usage",NULL,"Azure Functions Function App in West Europe","2024-09-11T02:00:00Z","2024-09-11T01:00:00Z","Spend","cd-505521","commit-5521",NULL,"Unused","Committed Use Discount",NULL,NULL,NULL,NULL,1229.871748,3.3229,1106.8845732,"Microsoft","Microsoft",1267.920084,3.4257,"Committed","USD",370.12,"Executions","Microsoft","Microsoft","westeurope","West Europe","/subscriptions/8a93b2c1-1234-4abc-9def-0123456789ab/resourceGroups/rg-253/providers/Microsoft.Compute/virtualMachines/vm-5379",NULL,"Function App","Compute","Azure Functions","Microsoft","PYA36T514LCCBWIF","Azure Functions Executions",NULL,"QGD4A3H1PR9XB8UG.LN3A7XFH","sub-2b7c","Staging","BillingProfile","{""environment"": ""prod""}",NULL,NULL,"Usage-Based","INV-202409-86564","Serverless Compute",3.3229,1106.8845732,3.4257
"AllocatedMethodId-7951","AllocatedResourceId-4355","AllocatedResourceName-4578","{}",213.29229369,"01ABCD-2345EF-6789GH","Helios Labs","BillingAccount","USD","2024-10-01T00:00:00Z","2024-09-01T00:00:00Z",NULL,NULL,"Usage",NULL,"Cloud SQL Database Instance in Singapore","2024-09-26T21:00:00Z","2024-09-26T20:00:00Z",NULL,NULL,NULL,NULL,NULL,NULL,NULL,172.0700000000,"Hours",NULL,318.346707,1.8501,213.29229369,"Google","Google",335.10632499999997,1.9475,"Dynamic","USD",172.07,"Hours","Google","Google","asia-southeast1","Singapore","//compute.googleapis.com/projects/helios-labs/zones/asia-southeast1-a/instances/inst-3701",NULL,"Database Instance","Databases","Cloud SQL","Google","H660J1PWZGIZY28O","Cloud SQL Hours",NULL,"BXX5N3GM874SCKIN.SYETTZYL","proj-helios-dev","helios-dev","BillingAccount",NULL,NULL,"asia-southeast1-c","Usage-Based","INV-202409-74780","Relational Databases",1.8501,213.29229369,1.9475
"AllocatedMethodId-1817","AllocatedResourceId-7178","AllocatedResourceName-3378","{}",300.2803923,"123456789012","SunBird","BillingAccount","USD","2024-10-01T00:00:00Z","2024-09-01T00:00:00Z",NULL,NULL,"Usage",NULL,"Amazon Relational Database Service Database Instance in US East (N. Virginia)","2024-09-20T13:00:00Z","2024-09-20T12:00:00Z",NULL,NULL,NULL,NULL,NULL,NULL,NULL,149.1000000000,"Hours",NULL,448.17969,3.0059,300.2803923,"AWS","AWS",466.84700999999995,3.1311,"Other","USD",149.10,"Hours","AWS","AWS","us-east-1","US East (N. Virginia)","arn:aws:ec2:us-east-1:123456789012:instance/i-008234c5feec",NULL,"Database Instance","Databases","Amazon Relational Database Service","AWS","Q4BQYUY8Y64BNY99","Amazon Relational Database Service Hours",NULL,"OABR8O5OZOFWLJHK.4DYVOREC","517389287820","Atlas Nimbus","BillingAccount",NULL,NULL,"ap-southeast-2a","Usage-Based","INV-202409-44632","Relational Databases",3.0059,300.2803923,3.1311
"AllocatedMethodId-3916","AllocatedResourceId-7789","AllocatedResourceName-2693","{}",37.28739625,"123456789012","SunBird","BillingAccount","USD","2024-10-01T00:00:00Z","2024-09-01T00:00:00Z",NULL,NULL,"Usage",NULL,"Amazon Elastic Compute Cloud Virtual Machine in Asia Pacific (Sydney)","2024-09-06T12:00:00Z","2024-09-06T11:00:00Z",NULL,NULL,NULL,NULL,NULL,NULL,NULL,62.0500000000,"Hours",NULL,57.365224999999995,0.9245,37.28739625,"AWS","AWS",59.754149999999996,0.9630,"Dynamic","USD",62.05,"Hours","AWS","AWS","ap-southeast-2","Asia Pacific (Sydney)","arn:aws:ec2:ap-southeast-2:123456789012:instance/i-00b3cf131073",NULL,"Virtual Machine","Compute","Amazon Elastic Compute Cloud","AWS","7Q4S2DUKIG5HHR80","Amazon Elastic Compute Cloud Hours",NULL,"V0W7G98GA1E5NU0P.G0MGK3XW","517389287820","Atlas Nimbus","BillingAccount","{""owner"": ""a.turing"", ""application"": ""AtlasPortal""}",NULL,NULL,"Usage-Based","INV-202409-68803","Virtual Machines",0.9245,37.28739625,0.9630
"AllocatedMethodId-6603","AllocatedResourceId-2734","AllocatedResourceName-8175","{}",52.84406304,"ocid1.tenancy.oc1..aaaa1234","Meridian OCI","Tenancy","USD","2024-10-01T00:00:00Z","2024-09-01T00:00:00Z",NULL,NULL,"Usage",NULL,"Oracle Load Balancer Load Balancer in UK South (London)","2024-09-10T08:00:00Z","2024-09-10T07:00:00Z","Spend","cd-823246","commit-3246",NULL,"Used","Savings Plan",NULL,35.5200000000,"Hours",NULL,65.23958400000001,1.8367,52.84406304,"Oracle","Oracle",101.93529600000001,2.8698,"Committed","USD",35.52,"Hours","Oracle","Oracle","uk-london-1","UK South (London)","ocid1.instance.oc1.uk-london-1.009646302b88",NULL,"Load Balancer","Networking","Oracle Load Balancer","Oracle","WMKHYOM0HPE47VRC","Oracle Load Balancer Hours",NULL,"CTDP4KWSX7V6OV0P.9HJ4RNJJ","ocid1.compartment.oc1..dev","development","Tenancy","{""environment"": ""prod""}",NULL,"uk-london-1-AD-2","Usage-Based","INV-202409-52225","Application Networking",1.8367,52.84406304,2.8698
"AllocatedMethodId-4535","AllocatedResourceId-8708","AllocatedResourceName-4147","{}",1108.88971776,"01ABCD-2345EF-6789GH","Helios Labs","BillingAccount","USD","2024-10-01T00:00:00Z","2024-09-01T00:00:00Z",NULL,NULL,"Usage",NULL,"Compute Engine VM Instance in Belgium","2024-09-24T20:00:00Z","2024-09-24T19:00:00Z","Spend","cd-837374","commit-7374",NULL,"Used","Committed Use Discount",NULL,416.0400000000,"Hours",NULL,1155.093456,2.7764,1108.88971776,"Google","Google",1804.864728,4.3382,"Standard","USD",416.04,"Hours","Google","Google","europe-west1","Belgium","//compute.googleapis.com/projects/helios-labs/zones/europe-west1-a/instances/inst-7707",NULL,"VM Instance","Compute","Compute Engine","Google","QGN9QUOGUYNDPA4Z","Compute Engine Hours",NULL,"7VC1TX83IRC9LG34.MVF0Z6EE","proj-helios-dev","helios-dev","BillingAccount","{""application"": ""NimbusAPI""}",NULL,"asia-southeast1-c","Usage-Based","INV-202409-37026","Virtual Machines",2.7764,1108.88971776,4.3382
"AllocatedMethodId-9833","AllocatedResourceId-2064","AllocatedResourceName-4154","{}",161.25488841,"ocid1.tenancy.oc1..aaaa1234","Meridian OCI","Tenancy","USD","2024-10-01T00:00:00Z","2024-09-01T00:00:00Z",NULL,NULL,"Usage",NULL,"Oracle Functions Function in US East (Ashburn)","2024-09-30T14:00:00Z","2024-09-30T13:00:00Z",NULL,NULL,NULL,NULL,NULL,NULL,NULL,113.1900000000,"Invocations",NULL,166.24215299999997,1.4687,161.25488841,"Oracle","Oracle",166.24215299999997,1.4687,"Other","USD",113.19,"Invocations","Oracle","Oracle","us-ashburn-1","US East (Ashburn)","ocid1.instance.oc1.us-ashburn-1.00468758bf28",NULL,"Function","Compute","Oracle Functions","Oracle","P1UTAG8GTSRKS9RJ","Oracle Functions Invocations",NULL,"BKRPXAT20WFH61EV.0RASGT5W","ocid1.compartment.oc1..dev","development","Tenancy","{""environment"": ""dev"", ""business_unit"": ""ViennaAI"", ""application"": ""NimbusAPI""}",NULL,NULL,"Usage-Based","INV-202409-35218","Serverless Compute",1.4687,161.25488841,1.4687
"AllocatedMethodId-4302","AllocatedResourceId-5913","AllocatedResourceName-9476","{}",1016.4175872,"ocid1.tenancy.oc1..aaaa1234","Meridian OCI","Tenancy","USD","2024-10-01T00:00:00Z","2024-09-01T00:00:00Z",NULL,NULL,"Usage",NULL,"Oracle Compute Instance in UK South (London)","2024-09-28T04:00:00Z","2024-09-28T03:00:00Z",NULL,NULL,NULL,NULL,NULL,NULL,NULL,495.0600000000,"Hours",NULL,1270.521984,2.5664,1016.4175872,"Oracle","Oracle",1694.045814,3.4219,"Standard","USD",495.06,"Hours","Oracle","Oracle","uk-london-1","UK South (London)","ocid1.instance.oc1.uk-london-1.007999f36965",NULL,"Instance","Compute","Oracle Compute","Oracle","URLLCLP4YY11LKWO","Oracle Compute Hours",NULL,"O8YFQFE8MBOTIRJS.AY1L6MR0","ocid1.compartment.oc1..dev","development","Tenancy","{""owner"": ""a.lovelace""}",NULL,"us-ashburn-1-AD-1","Usage-Based","INV-202409-35076","Virtual Machines",2.5664,1016.4175872,3.4219
"AllocatedMethodId-9333","AllocatedResourceId-8460","AllocatedResourceName-4477","{}",388.59929024,"8a93b2c1-1234-4abc-9def-0123456789ab","Contoso Cloud","BillingProfile","USD","2024-10-01T00:00:00Z","2024-09-01T00:00:00Z",NULL,NULL,"Usage",NULL,"Azure Blob Storage Storage Account in Southeast Asia","2024-09-21T04:00:00Z","2024-09-21T03:00:00Z",NULL,NULL,NULL,NULL,NULL,NULL,NULL,263.4100000000,"GB",NULL,436.628416,1.6576,388.59929024,"Microsoft","Microsoft",574.4972100000001,2.1810,"Other","USD",263.41,"GB","Microsoft","Microsoft","southeastasia","Southeast Asia","/subscriptions/8a93b2c1-1234-4abc-9def-0123456789ab/resourceGroups/rg-983/providers/Microsoft.Compute/virtualMachines/vm-6726",NULL,"Storage Account","Storage","Azure Blob Storage","Microsoft","I9VVB2RNVBWK97XR","Azure Blob Storage GB",NULL,"4AP11SUNUG4ZVCQ3.H97MACVR","sub-9a1f","Production","BillingProfile","{""business_unit"": ""OsloData"", ""environment"": ""dev""}",NULL,NULL,"Usage-Based","INV-202409-27874","Object Storage",1.6576,388.59929024,2.1810
"AllocatedMethodId-4757","AllocatedResourceId-8937","AllocatedResourceName-6622","{}",486.459641,"01ABCD-2345EF-6789GH","Helios Labs","BillingAccount","USD","2024-10-01T00:00:00Z","2024-09-01T00:00:00Z",NULL,NULL,"Usage",NULL,"Cloud SQL Database Instance in Northern Virginia","2024-09-23T01:00:00Z","2024-09-23T00:00:00Z","Usage","cd-211664","commit-1664",NULL,"Used","Committed Use Discount",NULL,269.4500000000,"Hours",NULL,640.078475,2.3755,486.459641,"Google","Google",780.59665,2.8970,"Committed","USD",269.45,"Hours","Google","Google","us-east4","Northern Virginia","//compute.googleapis.com/projects/helios-labs/zones/us-east4-a/instances/inst-9554",NULL,"Database Instance","Databases","Cloud SQL","Google","FBN7Q2GVZ4W01UAV","Cloud SQL Hours",NULL,"E861BGY5SQLNSNX1.7UBRUBV0","proj-helios-dev","helios-dev","BillingAccount","{""cost_center"": ""CC-1001"", ""application"": ""AtlasPortal""}",NULL,NULL,"Usage-Based","INV-202409-63546","Relational Databases",2.3755,486.459641,2.8970
"AllocatedMethodId-6738","AllocatedResourceId-9588","AllocatedResourceName-7161","{}",757.86961588,"01ABCD-2345EF-6789GH","Helios Labs","BillingAccount","USD","2024-10-01T00:00:00Z","2024-09-01T00:00:00Z",NULL,NULL,"Usage",NULL,"Compute Engine VM Instance in Belgium","2024-09-08T15:00:00Z","2024-09-08T14:00:00Z",NULL,NULL,NULL,NULL,NULL,NULL,NULL,415.7200000000,"Hours",NULL,1038.177556,2.4973,757.86961588,"Google","Google",1116.332916,2.6853,"Dynamic","USD",415.72,"Hours","Google","Google","europe-west1","Belgium","//compute.googleapis.com/projects/helios-labs/zones/europe-west1-a/instances/inst-2581",NULL,"VM Instance","Compute","Compute Engine","Google","8U51LYT6E0P7SP09","Compute Engine Hours",NULL,"DYMU6WOBFBFJ29YV.FNAS6XJ5","proj-helios-dev","helios-dev","BillingAccount","{""environment"": ""staging""}",NULL,"asia-southeast1-c","Usage-Based","INV-202409-70249","Virtual Machines",2.4973,757.86961588,2.6853
"AllocatedMethodId-6802","AllocatedResourceId-4117","AllocatedResourceName-8309","{}",251.72878464,"ocid1.tenancy.oc1..aaaa1234","Meridian OCI","Tenancy","USD","2024-10-01T00:00:00Z","2024-09-01T00:00:00Z",NULL,NULL,"Usage",NULL,"Oracle Compute Instance in US East (Ashburn)","2024-09-15T00:00:00Z","2024-09-14T23:00:00Z",NULL,NULL,NULL,NULL,NULL,NULL,NULL,373.6800000000,"Hours",NULL,354.547584,0.9488,251.72878464,"Oracle","Oracle",402.90177600000004,1.0782,"Standard","USD",373.68,"Hours","Oracle","Oracle","us-ashburn-1","US East (Ashburn)","ocid1.instance.oc1.us-ashburn-1.00496f00a4ec",NULL,"Instance","Compute","Oracle Compute","Oracle","OX20F4D2OH2TRW33","Oracle Compute Hours",NULL,"1L0IYPZ28UC6955Q.5XRSPS6V","ocid1.compartment.oc1..dev","development","Tenancy","{""cost_center"": ""CC-1001"", ""team"": ""platform"", ""environment"": ""prod""}",NULL,NULL,"Usage-Based","INV-202409-28132","Virtual Machines",0.9488,251.72878464,1.0782
"AllocatedMethodId-2289","AllocatedResourceId-2149","AllocatedResourceName-1981","{}",11.80126618,"ocid1.tenancy.oc1..aaaa1234","Meridian OCI","Tenancy","USD","2024-10-01T00:00:00Z","2024-09-01T00:00:00Z",NULL,NULL,"Usage",NULL,"Oracle Autonomous Database Database in US East (Ashburn)","2024-09-21T08:00:00Z","2024-09-21T07:00:00Z","Usage","cd-603335","commit-3335",NULL,"Unused","Savings Plan",NULL,NULL,NULL,NULL,19.346338,0.0814,11.80126618,"Oracle","Oracle",29.756284,0.1252,"Committed","USD",237.67,"Hours","Oracle","Oracle","us-ashburn-1","US East (Ashburn)","ocid1.instance.oc1.us-ashburn-1.004aa2407f16",NULL,"Database","Databases","Oracle Autonomous Database","Oracle","TFEU4NNDDCCRC0XZ","Oracle Autonomous Database Hours",NULL,"W6JPSQVP7V1XPVLM.I01CACQ3","ocid1.compartment.oc1..prod","production","Tenancy",NULL,NULL,NULL,"Usage-Based","INV-202409-13788","Relational Databases",0.0814,11.80126618,0.1252
"AllocatedMethodId-6169","AllocatedResourceId-5558","AllocatedResourceName-8883","{}",455.14443252,"8a93b2c1-1234-4abc-9def-0123456789ab","Contoso Cloud","BillingProfile","USD","2024-10-01T00:00:00Z","2024-09-01T00:00:00Z",NULL,NULL,"Usage",NULL,"Azure SQL Database SQL Database in Southeast Asia","2024-09-04T08:00:00Z","2024-09-04T07:00:00Z","Spend","cd-184252","commit-4252",NULL,"Used","Committed Use Discount",NULL,250.9400000000,"Hours",NULL,623.4855239999999,2.4846,455.14443252,"Microsoft","Microsoft",742.2554259999999,2.9579,"Committed","USD",250.94,"Hours","Microsoft","Microsoft","southeastasia","Southeast Asia","/subscriptions/8a93b2c1-1234-4abc-9def-0123456789ab/resourceGroups/rg-570/providers/Microsoft.Compute/virtualMachines/vm-6463",NULL,"SQL Database","Databases","Azure SQL Database","Microsoft","1ETT421F6065AR30","Azure SQL Database Hours",NULL,"ZY9JBXIXZVXB7ERK.OOALL51S","sub-2b7c","Staging","BillingProfile","{""cost_center"": ""CC-3090"", ""environment"": ""qa""}",NULL,NULL,"Usage-Based","INV-202409-12273","Relational Databases",2.4846,455.14443252,2.9579
"AllocatedMethodId-4204","AllocatedResourceId-5383","AllocatedResourceName-7855","{}",87.24210525,"8a93b2c1-1234-4abc-9def-0123456789ab","Contoso Cloud","BillingProfile","USD","2024-10-01T00:00:00Z","2024-09-01T00:00:00Z",NULL,NULL,"Usage",NULL,"Azure Functions Function App in UK South","2024-09-07T16:00:00Z","2024-09-07T15:00:00Z",NULL,NULL,NULL,NULL,NULL,NULL,NULL,33.6300000000,"Executions",NULL,116.322807,3.4589,87.24210525,"Microsoft","Microsoft",147.24559200000002,4.3784,"Standard","USD",33.63,"Executions","Microsoft","Microsoft","uksouth","UK South","/subscriptions/8a93b2c1-1234-4abc-9def-0123456789ab/resourceGroups/rg-410/providers/Microsoft.Compute/virtualMachines/vm-9627",NULL,"Function App","Compute","Azure Functions","Microsoft","VKQ3TTIAMUQSGBKO","Azure Functions Executions",NULL,"64OWF800T54TGNFN.XE6MAJW6","sub-9a1f","Production","BillingProfile","{""environment"": ""prod""}",NULL,"uksouth-1","Usage-Based","INV-202409-59006","Serverless Compute",3.4589,87.24210525,4.3784
"AllocatedMethodId-5845","AllocatedResourceId-7579","AllocatedResourceName-2443","{}",119.173019,"01ABCD-2345EF-6789GH","Helios Labs","BillingAccount","USD","2024-10-01T00:00:00Z","2024-09-01T00:00:00Z",NULL,NULL,"Usage",NULL,"Cloud Functions Function in Iowa","2024-09-10T00:00:00Z","2024-09-09T23:00:00Z","Usage","cd-443794","commit-3794",NULL,"Used","Committed Use Discount",NULL,182.3500000000,"Invocations",NULL,145.33295,0.7970,119.173019,"Google","Google",152.99165,0.8390,"Committed","USD",182.35,"Invocations","Google","Google","us-central1","Iowa","//compute.googleapis.com/projects/helios-labs/zones/us-central1-a/instances/inst-7059",NULL,"Function","Compute","Cloud Functions","Google","3WLN8NGOT8F9CDM8","Cloud Functions Invocations",NULL,"EQYMQILTKGX3PDGL.E6UJ4MSF","proj-helios-dev","helios-dev","BillingAccount","{""business_unit"": ""LisbonOps"", ""application"": ""AtlasPortal"", ""environment"": ""staging""}",NULL,NULL,"Usage-Based","INV-202409-21423","Serverless Compute",0.7970,119.173019,0.8390
"AllocatedMethodId-5096","AllocatedResourceId-3195","AllocatedResourceName-3023","{}",463.94700688,"8a93b2c1-1234-4abc-9def-0123456789ab","Contoso Cloud","BillingProfile","USD","2024-10-01T00:00:00Z","2024-09-01T00:00:00Z",NULL,NULL,"Usage",NULL,"Azure Blob Storage Storage Account in East US","2024-09-28T09:00:00Z","2024-09-28T08:00:00Z",NULL,NULL,NULL,NULL,NULL,NULL,NULL,476.1400000000,"GB",NULL,748.3016240000001,1.5716,463.94700688,"Microsoft","Microsoft",763.5857179999999,1.6037,"Standard","USD",476.14,"GB","Microsoft","Microsoft","eastus","East US","/subscriptions/8a93b2c1-1234-4abc-9def-0123456789ab/resourceGroups/rg-468/providers/Microsoft.Compute/virtualMachines/vm-3220",NULL,"Storage Account","Storage","Azure Blob Storage","Microsoft","GD0X9TUU301PTUTH","Azure Blob Storage GB",NULL,"9LGJ0RVJD0TFGB0G.YYFBD7IK","sub-2b7c","Staging","BillingProfile",NULL,NULL,"eastus-1","Usage-Based","INV-202409-97051","Object Storage",1.5716,463.94700688,1.6037
"AllocatedMethodId-7227","AllocatedResourceId-1719","AllocatedResourceName-5719","{}",378.16563816,"ocid1.tenancy.oc1..aaaa1234","Meridian OCI","Tenancy","USD","2024-10-01T00:00:00Z","2024-09-01T00:00:00Z",NULL,NULL,"Usage",NULL,"Oracle Load Balancer Load Balancer in US East (Ashburn)","2024-09-22T12:00:00Z","2024-09-22T11:00:00Z",NULL,NULL,NULL,NULL,NULL,NULL,NULL,316.4100000000,"Hours",NULL,497.58636600000006,1.5726,378.16563816,"Oracle","Oracle",789.8226420000001,2.4962,"Standard","USD",316.41,"Hours","Oracle","Oracle","us-ashburn-1","US East (Ashburn)","ocid1.instance.oc1.us-ashburn-1.00180760ba08",NULL,"Load Balancer","Networking","Oracle Load Balancer","Oracle","AWOIW5II93DMKJBC","Oracle Load Balancer Hours",NULL,"3R9V5IQM93HJWFSV.LCV6BJ7Z","ocid1.compartment.oc1..dev","development","Tenancy","{""cost_center"": ""CC-1001"", ""team"": ""payments"", ""environment"": ""staging""}",NULL,"us-ashburn-1-AD-1","Usage-Based","INV-202409-12088","Application Networking",1.5726,378.16563816,2.4962
"AllocatedMethodId-5539","AllocatedResourceId-8327","AllocatedResourceName-2304","{}",275.13058528,"123456789012","SunBird","BillingAccount","USD","2024-10-01T00:00:00Z","2024-09-01T00:00:00Z",NULL,NULL,"Usage",NULL,"Amazon Simple Storage Service Bucket in US West (Oregon)","2024-09-01T14:00:00Z","2024-09-01T13:00:00Z",NULL,NULL,NULL,NULL,NULL,NULL,NULL,443.2100000000,"GB",NULL,362.01392799999996,0.8168,275.13058528,"AWS","AWS",583.9291749999999,1.3175,"Standard","USD",443.21,"GB","AWS","AWS","us-west-2","US West (Oregon)","arn:aws:ec2:us-west-2:123456789012:instance/i-0097eae9b6ba",NULL,"Bucket","Storage","Amazon Simple Storage Service","AWS","6V1ZQNCGYVW1IO69","Amazon Simple Storage Service GB",NULL,"57662YW1PENYD0II.BFGM9YAR","438839167390","Zenith Eclipse","BillingAccount","{""owner"": ""a.lovelace""}",NULL,"us-east-1a","Usage-Based","INV-202409-73175","Object Storage",0.8168,275.13058528,1.3175
"AllocatedMethodId-4577","AllocatedResourceId-3527","AllocatedResourceName-5021","{}",490.916582,"123456789012","SunBird","BillingAccount","USD","2024-10-01T00:00:00Z","2024-09-01T00:00:00Z",NULL,NULL,"Usage",NULL,"Amazon Simple Storage Service Bucket in US East (N. Virginia)","2024-09-15T02:00:00Z","2024-09-15T01:00:00Z",NULL,NULL,NULL,NULL,NULL,NULL,NULL,128.1800000000,"GB",NULL,490.916582,3.8299,490.916582,"AWS","AWS",637.5545020000001,4.9739,"Other","USD",128.18,"GB","AWS","AWS","us-east-1","US East (N. Virginia)","arn:aws:ec2:us-east-1:123456789012:instance/i-008c8aed110d",NULL,"Bucket","Storage","Amazon Simple Storage Service","AWS","DXOT2I9PWF04NDVO","Amazon Simple Storage Service GB",NULL,"IZ5A9Q67Z70VYJKX.8LK7K8AH","517389287820","Atlas Nimbus","BillingAccount","{""owner"": ""k.johnson""}",NULL,"us-east-1a","Usage-Based","INV-202409-79067","Object Storage",3.8299,490.916582,4.9739
"AllocatedMethodId-6868","AllocatedResourceId-8140","AllocatedResourceName-6090","{}",656.07732375,"01ABCD-2345EF-6789GH","Helios Labs","BillingAccount","USD","2024-10-01T00:00:00Z","2024-09-01T00:00:00Z",NULL,NULL,"Usage",NULL,"Cloud Storage Bucket in Iowa","2024-09-22T19:00:00Z","2024-09-22T18:00:00Z","Usage","cd-529396","commit-9396",NULL,"Used","Committed Use Discount",NULL,363.7500000000,"GiB",NULL,830.4776250000001,2.2831,656.07732375,"Google","Google",1239.5145,3.4076,"Committed","USD",363.75,"GiB","Google","Google","us-central1","Iowa","//compute.googleapis.com/projects/helios-labs/zones/us-central1-a/instances/inst-1215",NULL,"Bucket","Storage","Cloud Storage","Google","U4VJFOWMF4UWVK65","Cloud Storage GiB",NULL,"R83RFES7YK12UHH5.1QVOR0WU","proj-helios-dev","helios-dev","BillingAccount","{""business_unit"": ""MarseilleSRE"", ""owner"": ""a.turing""}",NULL,NULL,"Usage-Based","INV-202409-19429","Object Storage",2.2831,656.07732375,3.4076
"AllocatedMethodId-7557","AllocatedResourceId-8962","AllocatedResourceName-2709","{}",8.42881216,"123456789012","SunBird","BillingAccount","USD","2024-10-01T00:00:00Z","2024-09-01T00:00:00Z",NULL,NULL,"Usage",NULL,"Elastic Load Balancing Load Balancer in Asia Pacific (Sydney)","2024-09-23T15:00:00Z","2024-09-23T14:00:00Z",NULL,NULL,NULL,NULL,NULL,NULL,NULL,3.9800000000,"LCU-Hours",NULL,12.395311999999999,3.1144,8.42881216,"AWS","AWS",16.097906,4.0447,"Other","USD",3.98,"LCU-Hours","AWS","AWS","ap-southeast-2","Asia Pacific (Sydney)","arn:aws:ec2:ap-southeast-2:123456789012:instance/i-00211ec4a3b0",NULL,"Load Balancer","Networking","Elastic Load Balancing","AWS","FU4JLRJI7R8NTK4Y","Elastic Load Balancing LCU-Hours",NULL,"09D7Q1DF6CRANMT9.AEVO2PX7","438839167390","Zenith Eclipse","BillingAccount","{""application"": ""NimbusAPI""}",NULL,NULL,"Usage-Based","INV-202409-62315","Application Networking",3.1144,8.42881216,4.0447
"AllocatedMethodId-1041","AllocatedResourceId-8304","AllocatedResourceName-1366","{}",87.51725136,"01ABCD-2345EF-6789GH","Helios Labs","BillingAccount","USD","2024-10-01T00:00:00Z","2024-09-01T00:00:00Z",NULL,NULL,"Usage",NULL,"Cloud SQL Database Instance in Singapore","2024-09-18T19:00:00Z","2024-09-18T18:00:00Z","Usage","cd-997363","commit-7363",NULL,"Unused","Committed Use Discount",NULL,NULL,NULL,NULL,113.658768,1.4736,87.51725136,"Google","Google",151.545024,1.9648,"Committed","USD",77.13,"Hours","Google","Google","asia-southeast1","Singapore","//compute.googleapis.com/projects/helios-labs/zones/asia-southeast1-a/instances/inst-154",NULL,"Database Instance","Databases","Cloud SQL","Google","ZTEGJ7W02J6XCKFW","Cloud SQL Hours",NULL,"UN9PB53VU9IFKYL0.QNXZ46RS","proj-helios-dev","helios-dev","BillingAccount","{""team"": ""payments""}",NULL,"europe-west1-b","Usage-Based","INV-202409-61829","Relational Databases",1.4736,87.51725136,1.9648
"AllocatedMethodId-8599","AllocatedResourceId-8645","AllocatedResourceName-3047","{}",43.50402056,"ocid1.tenancy.oc1..aaaa1234","Meridian OCI","Tenancy","USD","2024-10-01T00:00:00Z","2024-09-01T00:00:00Z",NULL,NULL,"Usage",NULL,"Oracle Autonomous Database Database in US East (Ashburn)","2024-09-26T22:00:00Z","2024-09-26T21:00:00Z",NULL,NULL,NULL,NULL,NULL,NULL,NULL,187.3300000000,"Hours",NULL,49.43638700000001,0.2639,43.50402056,"Oracle","Oracle",64.197991,0.3427,"Dynamic","USD",187.33,"Hours","Oracle","Oracle","us-ashburn-1","US East (Ashburn)","ocid1.instance.oc1.us-ashburn-1.009c75fe06b0",NULL,"Database","Databases","Oracle Autonomous Database","Oracle","P7V4R221WYUC4BXU","Oracle Autonomous Database Hours",NULL,"TQNTO1845GV0LJAR.D5ZPTHWN","ocid1.compartment.oc1..prod","production","Tenancy","{""environment"": ""prod"", ""business_unit"": ""LisbonOps"", ""owner"": ""k.johnson""}",NULL,NULL,"Usage-Based","INV-202409-57178","Relational Databases",0.2639,43.50402056,0.3427
"AllocatedMethodId-7697","AllocatedResourceId-7593","AllocatedResourceName-1725","{}",224.3301291,"123456789012","SunBird","BillingAccount","USD","2024-10-01T00:00:00Z","2024-09-01T00:00:00Z",NULL,NULL,"Usage",NULL,"AWS Lambda Function in US East (N. Virginia)","2024-09-06T07:00:00Z","2024-09-06T06:00:00Z",NULL,NULL,NULL,NULL,NULL,NULL,NULL,227.4300000000,"Requests",NULL,228.908295,1.0065,224.3301291,"AWS","AWS",260.111691,1.1437,"Dynamic","USD",227.43,"Requests","AWS","AWS","us-east-1","US East (N. Virginia)","arn:aws:ec2:us-east-1:123456789012:instance/i-00c88ba48827",NULL,"Function","Compute","AWS Lambda","AWS","84ILWX36VZQGOVR5","AWS Lambda Requests",NULL,"TGZ8VX3NUJPJ8XXW.9BW5T5X6","517389287820","Atlas Nimbus","BillingAccount",NULL,NULL,NULL,"Usage-Based","INV-202409-22808","Serverless Compute",1.0065,224.3301291,1.1437
"AllocatedMethodId-3917","AllocatedResourceId-9667","AllocatedResourceName-6121","{}",57.79374328,"8a93b2c1-1234-4abc-9def-0123456789ab","Contoso Cloud","BillingProfile","USD","2024-10-01T00:00:00Z","2024-09-01T00:00:00Z",NULL,NULL,"Usage",NULL,"Azure Functions Function App in Southeast Asia","2024-09-28T08:00:00Z","2024-09-28T07:00:00Z",NULL,NULL,NULL,NULL,NULL,NULL,NULL,83.8300000000,"Executions",NULL,63.509608,0.7576,57.79374328,"Microsoft","Microsoft",89.45499299999999,1.0671,"Dynamic","USD",83.83,"Executions","Microsoft","Microsoft","southeastasia","Southeast Asia","/subscriptions/8a93b2c1-1234-4abc-9def-0123456789ab/resourceGroups/rg-292/providers/Microsoft.Compute/virtualMachines/vm-1689",NULL,"Function App","Compute","Azure Functions","Microsoft","GQ55PSH9WUVC7N5S","Azure Functions Executions",NULL,"XZCH3BMYGBE3WBCG.2CY3RC58","sub-4d3e","Sandbox","BillingProfile","{""application"": ""BrightLensMatrix"", ""team"": ""growth""}",NULL,"uksouth-1","Usage-Based","INV-202409-66685","Serverless Compute",0.7576,57.79374328,1.0671
"AllocatedMethodId-4211","AllocatedResourceId-1180","AllocatedResourceName-1844","{}",749.7000238,"01ABCD-2345EF-6789GH","Helios Labs","BillingAccount","USD","2024-10-01T00:00:00Z","2024-09-01T00:00:00Z",NULL,NULL,"Usage",NULL,"Cloud Load Balancing Forwarding Rule in Iowa","2024-09-07T16:00:00Z","2024-09-07T15:00:00Z",NULL,NULL,NULL,NULL,NULL,NULL,NULL,289.1500000000,"Hours",NULL,823.84618,2.8492,749.7000238,"Google","Google",1128.55245,3.9030,"Standard","USD",289.15,"Hours","Google","Google","us-central1","Iowa","//compute.googleapis.com/projects/helios-labs/zones/us-central1-a/instances/inst-4938",NULL,"Forwarding Rule","Networking","Cloud Load Balancing","Google","W70C5D3II88NRFNO","Cloud Load Balancing Hours",NULL,"WGMAERMD3TK5TO1Z.OU402ER7","proj-helios-dev","helios-dev","BillingAccount","{""owner"": ""k.johnson"", ""environment"": ""dev""}",NULL,NULL,"Usage-Based","INV-202409-12929","Application Networking",2.8492,749.7000238,3.9030
"AllocatedMethodId-2598","AllocatedResourceId-9721","AllocatedResourceName-6613","{}",477.86418044,"ocid1.tenancy.oc1..aaaa1234","Meridian OCI","Tenancy","USD","2024-10-01T00:00:00Z","2024-09-01T00:00:00Z",NULL,NULL,"Usage",NULL,"Oracle Object Storage Bucket in UK South (London)","2024-09-16T14:00:00Z","2024-09-16T13:00:00Z",NULL,NULL,NULL,NULL,NULL,NULL,NULL,412.1800000000,"GB",NULL,645.762406,1.5667,477.86418044,"Oracle","Oracle",1058.643112,2.5684,"Dynamic","USD",412.18,"GB","Oracle","Oracle","uk-london-1","UK South (London)","ocid1.instance.oc1.uk-london-1.005b3aa25fae",NULL,"Bucket","Storage","Oracle Object Storage","Oracle","EJ67Y1GFIIMKEQKU","Oracle Object Storage GB",NULL,"KYFG58JVTZU2QRYX.NLXURSEH","ocid1.compartment.oc1..dev","development","Tenancy","{""owner"": ""a.turing""}",NULL,NULL,"Usage-Based","INV-202409-78258","Object Storage",1.5667,477.86418044,2.5684
"AllocatedMethodId-9904","AllocatedResourceId-4886","AllocatedResourceName-8619","{}",32.8604452,"123456789012","SunBird","BillingAccount","USD","2024-10-01T00:00:00Z","2024-09-01T00:00:00Z",NULL,NULL,"Usage",NULL,"Amazon Simple Storage Service Bucket in Asia Pacific (Sydney)","2024-09-09T01:00:00Z","2024-09-09T00:00:00Z",NULL,NULL,NULL,NULL,NULL,NULL,NULL,169.0700000000,"GB",NULL,38.20982,0.2260,32.8604452,"AWS","AWS",48.996486,0.2898,"Other","USD",169.07,"GB","AWS","AWS","ap-southeast-2","Asia Pacific (Sydney)","arn:aws:ec2:ap-southeast-2:123456789012:instance/i-0031103a2717",NULL,"Bucket","Storage","Amazon Simple Storage Service","AWS","8R5FQYIKBEQ7PMPU","Amazon Simple Storage Service GB",NULL,"RDGHL2K8NYAMA64Z.S34CA041","438839167390","Zenith Eclipse","BillingAccount","{""team"": ""infra""}",NULL,NULL,"Usage-Based","INV-202409-24209","Object Storage",0.2260,32.8604452,0.2898
"AllocatedMethodId-7123","AllocatedResourceId-2635","AllocatedResourceName-4077","{}",92.07159192,"ocid1.tenancy.oc1..aaaa1234","Meridian OCI","Tenancy","USD","2024-10-01T00:00:00Z","2024-09-01T00:00:00Z",NULL,NULL,"Usage",NULL,"Oracle Object Storage Bucket in Australia East (Sydney)","2024-09-01T03:00:00Z","2024-09-01T02:00:00Z",NULL,NULL,NULL,NULL,NULL,NULL,NULL,344.5200000000,"GB",NULL,93.950604,0.2727,92.07159192,"Oracle","Oracle",113.17482,0.3285,"Dynamic","USD",344.52,"GB","Oracle","Oracle","ap-sydney-1","Australia East (Sydney)","ocid1.instance.oc1.ap-sydney-1.009c20ed3ab5",NULL,"Bucket","Storage","Oracle Object Storage","Oracle","Z9DTG6YOCOKYTVZQ","Oracle Object Storage GB",NULL,"13TGFZCUOBYQC5AO.TIVH2DH9","ocid1.compartment.oc1..dev","development","Tenancy",NULL,NULL,NULL,"Usage-Based","INV-202409-19063","Object Storage",0.2727,92.07159192,0.3285
"AllocatedMethodId-3466","AllocatedResourceId-9897","AllocatedResourceName-5006","{}",73.9920972,"ocid1.tenancy.oc1..aaaa1234","Meridian OCI","Tenancy","USD","2024-10-01T00:00:00Z","2024-09-01T00:00:00Z",NULL,NULL,"Usage",NULL,"Oracle Load Balancer Load Balancer in US East (Ashburn)","2024-09-20T20:00:00Z","2024-09-20T19:00:00Z",NULL,NULL,NULL,NULL,NULL,NULL,NULL,58.9400000000,"Hours",NULL,88.08582999999999,1.4945,73.9920972,"Oracle","Oracle",97.875764,1.6606,"Standard","USD",58.94,"Hours","Oracle","Oracle","us-ashburn-1","US East (Ashburn)","ocid1.instance.oc1.us-ashburn-1.00436c74fc31",NULL,"Load Balancer","Networking","Oracle Load Balancer","Oracle","H1B963XR6AJOMX8O","Oracle Load Balancer Hours",NULL,"6TMFA0X2PUF4TVQY.NWHBKFTD","ocid1.compartment.oc1..dev","development","Tenancy","{""business_unit"": ""MarseilleSRE""}",NULL,"us-ashburn-1-AD-1","Usage-Based","INV-202409-21590","Application Networking",1.4945,73.9920972,1.6606
"AllocatedMethodId-8740","AllocatedResourceId-4872","AllocatedResourceName-1730","{}",15.402815999999998,"8a93b2c1-1234-4abc-9def-0123456789ab","Contoso Cloud","BillingProfile","USD","2024-10-01T00:00:00Z","2024-09-01T00:00:00Z",NULL,NULL,"Purchase",NULL,"Virtual Machines Virtual Machine in Southeast Asia","2024-09-22T22:00:00Z","2024-09-22T21:00:00Z",NULL,NULL,NULL,NULL,NULL,NULL,NULL,NULL,NULL,NULL,15.402815999999998,0.0544,0,"Microsoft","Microsoft",16.931772,0.0598,"Dynamic","USD",283.14,"Hours","Microsoft","Microsoft","southeastasia","Southeast Asia","/subscriptions/8a93b2c1-1234-4abc-9def-0123456789ab/resourceGroups/rg-528/providers/Microsoft.Compute/virtualMachines/vm-3048",NULL,"Virtual Machine","Compute","Virtual Machines","Microsoft","062DTEIQYAVFZQ8O","Virtual Machines Hours",NULL,"9UNP2Y9QH93Z331D.AYROTU3O","sub-2b7c","Staging","BillingProfile","{""team"": ""infra"", ""application"": ""BrightLensMatrix""}",NULL,NULL,"One-Time","INV-202409-20489","Virtual Machines",0.0544,0,0.0598
"AllocatedMethodId-4442","AllocatedResourceId-5850","AllocatedResourceName-9305","{}",338.483004,"8a93b2c1-1234-4abc-9def-0123456789ab","Contoso Cloud","BillingProfile","USD","2024-10-01T00:00:00Z","2024-09-01T00:00:00Z",NULL,NULL,"Usage",NULL,"Azure Blob Storage Storage Account in West Europe","2024-09-25T19:00:00Z","2024-09-25T18:00:00Z",NULL,NULL,NULL,NULL,NULL,NULL,NULL,362.6500000000,"GB",NULL,423.103755,1.1667,338.483004,"Microsoft","Microsoft",604.428755,1.6667,"Other","USD",362.65,"GB","Microsoft","Microsoft","westeurope","West Europe","/subscriptions/8a93b2c1-1234-4abc-9def-0123456789ab/resourceGroups/rg-840/providers/Microsoft.Compute/virtualMachines/vm-9658",NULL,"Storage Account","Storage","Azure Blob Storage","Microsoft","T2NH8FWYBVSK4D3X","Azure Blob Storage GB",NULL,"T40HGGD44ZT2XSW0.V3J63JKY","sub-2b7c","Staging","BillingProfile","{""application"": ""AtlasPortal"", ""owner"": ""k.johnson""}",NULL,NULL,"Usage-Based","INV-202409-99538","Object Storage",1.1667,338.483004,1.6667
"AllocatedMethodId-4764","AllocatedResourceId-5132","AllocatedResourceName-5586","{}",540.1763424,"01ABCD-2345EF-6789GH","Helios Labs","BillingAccount","USD","2024-10-01T00:00:00Z","2024-09-01T00:00:00Z",NULL,NULL,"Usage",NULL,"Cloud SQL Database Instance in Iowa","2024-09-25T18:00:00Z","2024-09-25T17:00:00Z","Usage","cd-554949","commit-4949",NULL,"Used","Committed Use Discount",NULL,478.3200000000,"Hours",NULL,600.195936,1.2548,540.1763424,"Google","Google",909.381984,1.9012,"Standard","USD",478.32,"Hours","Google","Google","us-central1","Iowa","//compute.googleapis.com/projects/helios-labs/zones/us-central1-a/instances/inst-1586",NULL,"Database Instance","Databases","Cloud SQL","Google","2232X3CN0JYO53L2","Cloud SQL Hours",NULL,"EFD2PWHI90LLC08K.SMKOMPDJ","proj-helios-prod","helios-prod","BillingAccount","{""owner"": ""g.hopper"", ""team"": ""payments"", ""application"": ""NimbusAPI""}",NULL,NULL,"Usage-Based","INV-202409-38268","Relational Databases",1.2548,540.1763424,1.9012
"AllocatedMethodId-1489","AllocatedResourceId-8858","AllocatedResourceName-7951","{}",1010.71333272,"ocid1.tenancy.oc1..aaaa1234","Meridian OCI","Tenancy","USD","2024-10-01T00:00:00Z","2024-09-01T00:00:00Z",NULL,NULL,"Usage",NULL,"Oracle Compute Instance in UK South (London)","2024-09-17T03:00:00Z","2024-09-17T02:00:00Z",NULL,NULL,NULL,NULL,NULL,NULL,NULL,353.8600000000,"Hours",NULL,1203.230158,3.4003,1010.71333272,"Oracle","Oracle",1203.230158,3.4003,"Standard","USD",353.86,"Hours","Oracle","Oracle","uk-london-1","UK South (London)","ocid1.instance.oc1.uk-london-1.00de9b2ed022",NULL,"Instance","Compute","Oracle Compute","Oracle","ITFI6VP4DCYQQ79V","Oracle Compute Hours",NULL,"S84VPGH7AQKXWTJ7.AUP20TIX","ocid1.compartment.oc1..prod","production","Tenancy",NULL,NULL,"uk-london-1-AD-2","Usage-Based","INV-202409-53649","Virtual Machines",3.4003,1010.71333272,3.4003
"AllocatedMethodId-9635","AllocatedResourceId-8989","AllocatedResourceName-6115","{}",175.0189392,"ocid1.tenancy.oc1..aaaa1234","Meridian OCI","Tenancy","USD","2024-10-01T00:00:00Z","2024-09-01T00:00:00Z",NULL,NULL,"Usage",NULL,"Oracle Load Balancer Load Balancer in UK South (London)","2024-09-30T00:00:00Z","2024-09-29T23:00:00Z",NULL,NULL,NULL,NULL,NULL,NULL,NULL,295.0500000000,"Hours",NULL,182.311395,0.6179,175.0189392,"Oracle","Oracle",191.90052,0.6504,"Other","USD",295.05,"Hours","Oracle","Oracle","uk-london-1","UK South (London)","ocid1.instance.oc1.uk-london-1.00a69bed82de",NULL,"Load Balancer","Networking","Oracle Load Balancer","Oracle","Z0NI8474K75MEQKT","Oracle Load Balancer Hours",NULL,"X0LH4ZTTH1APML89.6A4ABUFC","ocid1.compartment.oc1..prod","production","Tenancy",NULL,NULL,NULL,"Usage-Based","INV-202409-33435","Application Networking",0.6179,175.0189392,0.6504
"AllocatedMethodId-5253","AllocatedResourceId-6498","AllocatedResourceName-8297","{}",1218.6794883,"01ABCD-2345EF-6789GH","Helios Labs","BillingAccount","USD","2024-10-01T00:00:00Z","2024-09-01T00:00:00Z",NULL,NULL,"Usage",NULL,"Cloud Load Balancing Forwarding Rule in Iowa","2024-09-01T22:00:00Z","2024-09-01T21:00:00Z",NULL,NULL,NULL,NULL,NULL,NULL,NULL,351.6600000000,"Hours",NULL,1282.820514,3.6479,1218.6794883,"Google","Google",1322.487762,3.7607,"Other","USD",351.66,"Hours","Google","Google","us-central1","Iowa","//compute.googleapis.com/projects/helios-labs/zones/us-central1-a/instances/inst-9688",NULL,"Forwarding Rule","Networking","Cloud Load Balancing","Google","DRZ0I3UBGWKZ2QRK","Cloud Load Balancing Hours",NULL,"DOZD48VS8MMAX65J.P9NZ8A1D","proj-helios-prod","helios-prod","BillingAccount","{""application"": ""AtlasPortal"", ""team"": ""infra""}",NULL,NULL,"Usage-Based","INV-202409-21524","Application Networking",3.6479,1218.6794883,3.7607
"AllocatedMethodId-8663","AllocatedResourceId-4903","AllocatedResourceName-7750","{}",542.37411405,"8a93b2c1-1234-4abc-9def-0123456789ab","Contoso Cloud","BillingProfile","USD","2024-10-01T00:00:00Z","2024-09-01T00:00:00Z",NULL,NULL,"Usage",NULL,"Azure Blob Storage Storage Account in West Europe","2024-09-21T18:00:00Z","2024-09-21T17:00:00Z","Spend","cd-482711","commit-2711",NULL,"Used","Committed Use Discount",NULL,265.7700000000,"GB",NULL,638.087193,2.4009,542.37411405,"Microsoft","Microsoft",664.664193,2.5009,"Other","USD",265.77,"GB","Microsoft","Microsoft","westeurope","West Europe","/subscriptions/8a93b2c1-1234-4abc-9def-0123456789ab/resourceGroups/rg-404/providers/Microsoft.Compute/virtualMachines/vm-628",NULL,"Storage Account","Storage","Azure Blob Storage","Microsoft","ICH9J9WIPOJ2ARM4","Azure Blob Storage GB",NULL,"V6KGV8XUHE1N2FSK.B3V3THTL","sub-2b7c","Staging","BillingProfile","{""cost_center"": ""CC-3090"", ""team"": ""payments""}",NULL,"eastus-1","Usage-Based","INV-202409-49194","Object Storage",2.4009,542.37411405,2.5009
"AllocatedMethodId-3749","AllocatedResourceId-7643","AllocatedResourceName-7257","{}",30.42739164,"8a93b2c1-1234-4abc-9def-0123456789ab","Contoso Cloud","BillingProfile","USD","2024-10-01T00:00:00Z","2024-09-01T00:00:00Z",NULL,NULL,"Usage",NULL,"Azure Kubernetes Service Cluster in West Europe","2024-09-26T16:00:00Z","2024-09-26T15:00:00Z","Usage","cd-930184","commit-0184",NULL,"Unused","Committed Use Discount",NULL,NULL,NULL,NULL,36.659508,0.3084,30.42739164,"Microsoft","Microsoft",41.663935,0.3505,"Committed","USD",118.87,"Hours","Microsoft","Microsoft","westeurope","West Europe","/subscriptions/8a93b2c1-1234-4abc-9def-0123456789ab/resourceGroups/rg-193/providers/Microsoft.Compute/virtualMachines/vm-9938",NULL,"Cluster","Compute","Azure Kubernetes Service","Microsoft","VT375KYX4HVZTO7C","Azure Kubernetes Service Hours",NULL,"KDOR8BSIS40DBDSA.E0W4O40I","sub-2b7c","Staging","BillingProfile","{""team"": ""payments"", ""owner"": ""k.johnson"", ""cost_center"": ""CC-2042""}",NULL,"westeurope-2","Usage-Based","INV-202409-47746","Containers",0.3084,30.42739164,0.3505
"AllocatedMethodId-8618","AllocatedResourceId-4871","AllocatedResourceName-7597","{}",545.49846,"8a93b2c1-1234-4abc-9def-0123456789ab","Contoso Cloud","BillingProfile","USD","2024-10-01T00:00:00Z","2024-09-01T00:00:00Z",NULL,NULL,"Usage",NULL,"Azure Blob Storage Storage Account in Southeast Asia","2024-09-26T09:00:00Z","2024-09-26T08:00:00Z",NULL,NULL,NULL,NULL,NULL,NULL,NULL,206.3000000000,"GB",NULL,606.1094,2.9380,545.49846,"Microsoft","Microsoft",618.4874000000001,2.9980,"Standard","USD",206.30,"GB","Microsoft","Microsoft","southeastasia","Southeast Asia","/subscriptions/8a93b2c1-1234-4abc-9def-0123456789ab/resourceGroups/rg-94/providers/Microsoft.Compute/virtualMachines/vm-530",NULL,"Storage Account","Storage","Azure Blob Storage","Microsoft","3LLZTEQ5V0AAE7RI","Azure Blob Storage GB",NULL,"ONV7R2TKK8PU0044.FWPBKK1K","sub-2b7c","Staging","BillingProfile","{""application"": ""BrightSourceCore"", ""owner"": ""a.turing"", ""business_unit"": ""MarseilleSRE""}",NULL,"uksouth-1","Usage-Based","INV-202409-49478","Object Storage",2.9380,545.49846,2.9980
"AllocatedMethodId-5072","AllocatedResourceId-4411","AllocatedResourceName-1826","{}",65.04688944,"01ABCD-2345EF-6789GH","Helios Labs","BillingAccount","USD","2024-10-01T00:00:00Z","2024-09-01T00:00:00Z",NULL,NULL,"Usage",NULL,"Compute Engine VM Instance in Iowa","2024-09-07T03:00:00Z","2024-09-07T02:00:00Z","Usage","cd-575301","commit-5301",NULL,"Unused","Reserved Instance",NULL,NULL,NULL,NULL,90.34290200000001,4.7599,65.04688944,"Google","Google",92.18586,4.8570,"Committed","USD",18.98,"Hours","Google","Google","us-central1","Iowa","//compute.googleapis.com/projects/helios-labs/zones/us-central1-a/instances/inst-4316",NULL,"VM Instance","Compute","Compute Engine","Google","SLPHZ5JD12XROMTO","Compute Engine Hours",NULL,"ZBRUNLWL649OV3MP.6GOPB4OR","proj-helios-prod","helios-prod","BillingAccount","{""cost_center"": ""CC-1001"", ""team"": ""growth""}",NULL,"asia-southeast1-c","Usage-Based","INV-202409-54615","Virtual Machines",4.7599,65.04688944,4.8570
"AllocatedMethodId-6656","AllocatedResourceId-1349","AllocatedResourceName-6722","{}",29.192085,"8a93b2c1-1234-4abc-9def-0123456789ab","Contoso Cloud","BillingProfile","USD","2024-10-01T00:00:00Z","2024-09-01T00:00:00Z",NULL,NULL,"Usage",NULL,"Azure Blob Storage Storage Account in UK South","2024-09-05T08:00:00Z","2024-09-05T07:00:00Z",NULL,NULL,NULL,NULL,NULL,NULL,NULL,466.7000000000,"GB",NULL,38.92278,0.0834,29.192085,"Microsoft","Microsoft",50.543609999999994,0.1083,"Dynamic","USD",466.70,"GB","Microsoft","Microsoft","uksouth","UK South","/subscriptions/8a93b2c1-1234-4abc-9def-0123456789ab/resourceGroups/rg-550/providers/Microsoft.Compute/virtualMachines/vm-2660",NULL,"Storage Account","Storage","Azure Blob Storage","Microsoft","ZDIPIUGB5FXWU85D","Azure Blob Storage GB",NULL,"RDRJJTVZTEFKXXFI.UO6C57EF","sub-2b7c","Staging","BillingProfile","{""environment"": ""dev""}",NULL,"westeurope-2","Usage-Based","INV-202409-42698","Object Storage",0.0834,29.192085,0.1083
"AllocatedMethodId-1621","AllocatedResourceId-2790","AllocatedResourceName-1723","{}",583.629056,"8a93b2c1-1234-4abc-9def-0123456789ab","Contoso Cloud","BillingProfile","USD","2024-10-01T00:00:00Z","2024-09-01T00:00:00Z",NULL,NULL,"Adjustment",NULL,"Azure Load Balancer Load Balancer in Southeast Asia","2024-09-11T21:00:00Z","2024-09-11T20:00:00Z","Usage","cd-893195","commit-3195",NULL,"Unused","Savings Plan",NULL,NULL,NULL,NULL,729.53632,2.0465,583.629056,"Microsoft","Microsoft",838.547904,2.3523,"Committed","USD",356.48,"Hours","Microsoft","Microsoft","southeastasia","Southeast Asia",NULL,NULL,NULL,"Networking","Azure Load Balancer","Microsoft","R0PB1H0IE8X1PUIA","Azure Load Balancer Hours",NULL,"A31EUCSJDU9Y6W02.3ETMN1B6","sub-4d3e","Sandbox","BillingProfile","{""team"": ""payments"", ""environment"": ""dev""}",NULL,NULL,"One-Time","INV-202409-15509","Application Networking",2.0465,583.629056,2.3523
"AllocatedMethodId-9450","AllocatedResourceId-4658","AllocatedResourceName-1471","{}",200.29787974,"123456789012","SunBird","BillingAccount","USD","2024-10-01T00:00:00Z","2024-09-01T00:00:00Z",NULL,NULL,"Usage",NULL,"Amazon Relational Database Service Database Instance in Asia Pacific (Sydney)","2024-09-05T03:00:00Z","2024-09-05T02:00:00Z","Spend","cd-664078","commit-4078",NULL,"Unused","Reserved Instance",NULL,NULL,NULL,NULL,244.265707,3.2827,200.29787974,"AWS","AWS",309.195873,4.1553,"Committed","USD",74.41,"Hours","AWS","AWS","ap-southeast-2","Asia Pacific (Sydney)","arn:aws:ec2:ap-southeast-2:123456789012:instance/i-007f659e4178",NULL,"Database Instance","Databases","Amazon Relational Database Service","AWS","648WF7W0CWCYVZ98","Amazon Relational Database Service Hours",NULL,"KY4L7CA4J5KA9HS2.JM3NW0SB","663626350770","Zenith Apollo","BillingAccount","{""owner"": ""a.turing"", ""application"": ""BrightSourceCore""}",NULL,NULL,"Usage-Based","INV-202409-71093","Relational Databases",3.2827,200.29787974,4.1553
"AllocatedMethodId-1301","AllocatedResourceId-4277","AllocatedResourceName-2628","{}",601.8499102,"8a93b2c1-1234-4abc-9def-0123456789ab","Contoso Cloud","BillingProfile","USD","2024-10-01T00:00:00Z","2024-09-01T00:00:00Z",NULL,NULL,"Usage",NULL,"Virtual Machines Virtual Machine in UK South","2024-09-19T23:00:00Z","2024-09-19T22:00:00Z","Spend","cd-397853","commit-7853",NULL,"Unused","Savings Plan",NULL,NULL,NULL,NULL,859.7855860000001,2.7346,601.8499102,"Microsoft","Microsoft",895.596885,2.8485,"Committed","USD",314.41,"Hours","Microsoft","Microsoft","uksouth","UK South","/subscriptions/8a93b2c1-1234-4abc-9def-0123456789ab/resourceGroups/rg-801/providers/Microsoft.Compute/virtualMachines/vm-879",NULL,"Virtual Machine","Compute","Virtual Machines","Microsoft","602XE9V5GF1TW1CW","Virtual Machines Hours",NULL,"XZNTPF6D2NJBCIW7.W1VNP444","sub-4d3e","Sandbox","BillingProfile","{""team"": ""growth"", ""owner"": ""a.lovelace""}",NULL,NULL,"Usage-Based","INV-202409-41713","Virtual Machines",2.7346,601.8499102,2.8485
"AllocatedMethodId-9056","AllocatedResourceId-5554","AllocatedResourceName-2742","{}",40.77711198,"ocid1.tenancy.oc1..aaaa1234","Meridian OCI","Tenancy","USD","2024-10-01T00:00:00Z","2024-09-01T00:00:00Z",NULL,NULL,"Usage",NULL,"Oracle Functions Function in Australia East (Sydney)","2024-09-05T15:00:00Z","2024-09-05T14:00:00Z",NULL,NULL,NULL,NULL,NULL,NULL,NULL,53.8700000000,"Invocations",NULL,61.783502999999996,1.1469,40.77711198,"Oracle","Oracle",76.27453299999999,1.4159,"Dynamic","USD",53.87,"Invocations","Oracle","Oracle","ap-sydney-1","Australia East (Sydney)","ocid1.instance.oc1.ap-sydney-1.006219e39510",NULL,"Function","Compute","Oracle Functions","Oracle","VUBDVSC6C9N5Z3P7","Oracle Functions Invocations",NULL,"64ITYGZNAMSP7ODB.BFSOUKTO","ocid1.compartment.oc1..dev","development","Tenancy",NULL,NULL,NULL,"Usage-Based","INV-202409-12327","Serverless Compute",1.1469,40.77711198,1.4159
"AllocatedMethodId-5815","AllocatedResourceId-5512","AllocatedResourceName-8961","{}",125.87593954,"ocid1.tenancy.oc1..aaaa1234","Meridian OCI","Tenancy","USD","2024-10-01T00:00:00Z","2024-09-01T00:00:00Z",NULL,NULL,"Usage",NULL,"Oracle Load Balancer Load Balancer in Australia East (Sydney)","2024-09-14T10:00:00Z","2024-09-14T09:00:00Z",NULL,NULL,NULL,NULL,NULL,NULL,NULL,76.3100000000,"Hours",NULL,170.102621,2.2291,125.87593954,"Oracle","Oracle",236.25576,3.0960,"Dynamic","USD",76.31,"Hours","Oracle","Oracle","ap-sydney-1","Australia East (Sydney)","ocid1.instance.oc1.ap-sydney-1.007eea36ef60",NULL,"Load Balancer","Networking","Oracle Load Balancer","Oracle","DAKIPCIOSCXY32GL","Oracle Load Balancer Hours",NULL,"XFX7CQG7K6AVE0Z1.C8HLNI57","ocid1.compartment.oc1..dev","development","Tenancy","{""environment"": ""staging""}",NULL,"uk-london-1-AD-2","Usage-Based","INV-202409-82525","Application Networking",2.2291,125.87593954,3.0960
"AllocatedMethodId-3343","AllocatedResourceId-5977","AllocatedResourceName-8965","{}",226.50530272,"123456789012","SunBird","BillingAccount","USD","2024-10-01T00:00:00Z","2024-09-01T00:00:00Z",NULL,NULL,"Usage",NULL,"Elastic Load Balancing Load Balancer in Asia Pacific (Sydney)","2024-09-18T19:00:00Z","2024-09-18T18:00:00Z",NULL,NULL,NULL,NULL,NULL,NULL,NULL,195.4600000000,"LCU-Hours",NULL,246.20141600000002,1.2596,226.50530272,"AWS","AWS",315.64835400000004,1.6149,"Dynamic","USD",195.46,"LCU-Hours","AWS","AWS","ap-southeast-2","Asia Pacific (Sydney)","arn:aws:ec2:ap-southeast-2:123456789012:instance/i-00a5fa261d29",NULL,"Load Balancer","Networking","Elastic Load Balancing","AWS","JQ88ZMEP3P3ETXCO","Elastic Load Balancing LCU-Hours",NULL,"EH8CJYYHQHP0AYFB.Q3F6HGIU","517389287820","Atlas Nimbus","BillingAccount","{""application"": ""BrightSourceCore""}",NULL,"eu-west-1c","Usage-Based","INV-202409-59593","Application Networking",1.2596,226.50530272,1.6149
"AllocatedMethodId-8368","AllocatedResourceId-5350","AllocatedResourceName-5231","{}",106.58013912,"ocid1.tenancy.oc1..aaaa1234","Meridian OCI","Tenancy","USD","2024-10-01T00:00:00Z","2024-09-01T00:00:00Z",NULL,NULL,"Usage",NULL,"Oracle Load Balancer Load Balancer in Australia East (Sydney)","2024-09-13T09:00:00Z","2024-09-13T08:00:00Z","Spend","cd-999537","commit-9537",NULL,"Used","Savings Plan",NULL,130.9200000000,"Hours",NULL,169.17482399999997,1.2922,106.58013912,"Oracle","Oracle",183.890232,1.4046,"Standard","USD",130.92,"Hours","Oracle","Oracle","ap-sydney-1","Australia East (Sydney)","ocid1.instance.oc1.ap-sydney-1.00c2deccaf48",NULL,"Load Balancer","Networking","Oracle Load Balancer","Oracle","ATT2C6X0ARDY3GS6","Oracle Load Balancer Hours",NULL,"37NEBMGQWYRU4IJ3.U4RD3RBO","ocid1.compartment.oc1..prod","production","Tenancy","{""application"": ""BrightSourceCore"", ""environment"": ""staging""}",NULL,NULL,"Usage-Based","INV-202409-38153","Application Networking",1.2922,106.58013912,1.4046
"AllocatedMethodId-5134","AllocatedResourceId-9466","AllocatedResourceName-2136","{}",457.5338112,"ocid1.tenancy.oc1..aaaa1234","Meridian OCI","Tenancy","USD","2024-10-01T00:00:00Z","2024-09-01T00:00:00Z",NULL,NULL,"Usage",NULL,"Oracle Compute Instance in Australia East (Sydney)","2024-09-11T13:00:00Z","2024-09-11T12:00:00Z",NULL,NULL,NULL,NULL,NULL,NULL,NULL,196.6000000000,"Hours",NULL,714.89658,3.6363,457.5338112,"Oracle","Oracle",953.19544,4.8484,"Standard","USD",196.60,"Hours","Oracle","Oracle","ap-sydney-1","Australia East (Sydney)","ocid1.instance.oc1.ap-sydney-1.00e70ac9cfc3",NULL,"Instance","Compute","Oracle Compute","Oracle","2WOE9CW5ZPFCFB8Z","Oracle Compute Hours",NULL,"VS0GKUOZCYSBDR2S.7Z3T9Y7R","ocid1.compartment.oc1..prod","production","Tenancy","{""application"": ""NimbusAPI"", ""owner"": ""a.lovelace""}",NULL,"uk-london-1-AD-2","Usage-Based","INV-202409-76684","Virtual Machines",3.6363,457.5338112,4.8484
"AllocatedMethodId-4994","AllocatedResourceId-1020","AllocatedResourceName-1907","{}",765.7054416,"ocid1.tenancy.oc1..aaaa1234","Meridian OCI","Tenancy","USD","2024-10-01T00:00:00Z","2024-09-01T00:00:00Z",NULL,NULL,"Usage","Correction","Oracle Compute Instance in Australia East (Sydney)","2024-09-18T08:00:00Z","2024-09-18T07:00:00Z",NULL,NULL,NULL,NULL,NULL,NULL,NULL,460.6800000000,"Hours",NULL,850.783824,1.8468,765.7054416,"Oracle","Oracle",1050.3504,2.2800,"Standard","USD",460.68,"Hours","Oracle","Oracle","ap-sydney-1","Australia East (Sydney)","ocid1.instance.oc1.ap-sydney-1.0049e0eacbac",NULL,"Instance","Compute","Oracle Compute","Oracle","MC27GHE2G1DCRBKF","Oracle Compute Hours",NULL,"RSSFWV12ROOO7T0V.XKOG4BNO","ocid1.compartment.oc1..prod","production","Tenancy","{""owner"": ""a.turing""}",NULL,"uk-london-1-AD-2","Usage-Based","INV-202409-57211","Virtual Machines",1.8468,765.7054416,2.2800
"AllocatedMethodId-2989","AllocatedResourceId-7366","AllocatedResourceName-3232","{}",680.13417165,"01ABCD-2345EF-6789GH","Helios Labs","BillingAccount","USD","2024-10-01T00:00:00Z","2024-09-01T00:00:00Z",NULL,NULL,"Usage",NULL,"Cloud Functions Function in Belgium","2024-09-27T18:00:00Z","2024-09-27T17:00:00Z",NULL,NULL,NULL,NULL,NULL,NULL,NULL,359.6700000000,"Invocations",NULL,800.157849,2.2247,680.13417165,"Google","Google",1290.567894,3.5882,"Standard","USD",359.67,"Invocations","Google","Google","europe-west1","Belgium","//compute.googleapis.com/projects/helios-labs/zones/europe-west1-a/instances/inst-5767",NULL,"Function","Compute","Cloud Functions","Google","1JR65JM9W7YVPJ4Y","Cloud Functions Invocations",NULL,"93FQFPRMH4Y2C1AX.X9G4OU3I","proj-helios-dev","helios-dev","BillingAccount","{""team"": ""payments""}",NULL,NULL,"Usage-Based","INV-202409-25524","Serverless Compute",2.2247,680.13417165,3.5882
"AllocatedMethodId-1768","AllocatedResourceId-9388","AllocatedResourceName-3292","{}",544.797435,"01ABCD-2345EF-6789GH","Helios Labs","BillingAccount","USD","2024-10-01T00:00:00Z","2024-09-01T00:00:00Z",NULL,NULL,"Adjustment",NULL,"Compute Engine VM Instance in Northern Virginia","2024-09-16T20:00:00Z","2024-09-16T19:00:00Z","Usage","cd-410347","commit-0347",NULL,"Unused","Savings Plan",NULL,NULL,NULL,NULL,648.5683750000001,3.2375,544.797435,"Google","Google",820.972373,4.0981,"Standard","USD",200.33,"Hours","Google","Google","us-east4","Northern Virginia",NULL,NULL,NULL,"Compute","Compute Engine","Google","OPQI4G8ZZJXUIDVB","Compute Engine Hours",NULL,"LYDADFHDFU1E0E3M.9QQ6FIFO","proj-helios-prod","helios-prod","BillingAccount",NULL,NULL,NULL,"One-Time","INV-202409-10158","Virtual Machines",3.2375,544.797435,4.0981
"AllocatedMethodId-9302","AllocatedResourceId-4101","AllocatedResourceName-6191","{}",901.6074168,"8a93b2c1-1234-4abc-9def-0123456789ab","Contoso Cloud","BillingProfile","USD","2024-10-01T00:00:00Z","2024-09-01T00:00:00Z",NULL,NULL,"Usage",NULL,"Azure Functions Function App in Southeast Asia","2024-09-17T01:00:00Z","2024-09-17T00:00:00Z",NULL,NULL,NULL,NULL,NULL,NULL,NULL,343.3000000000,"Executions",NULL,1099.52124,3.2028,901.6074168,"Microsoft","Microsoft",1527.10139,4.4483,"Other","USD",343.30,"Executions","Microsoft","Microsoft","southeastasia","Southeast Asia","/subscriptions/8a93b2c1-1234-4abc-9def-0123456789ab/resourceGroups/rg-475/providers/Microsoft.Compute/virtualMachines/vm-851",NULL,"Function App","Compute","Azure Functions","Microsoft","DQQ7H53P0XU0EIIE","Azure Functions Executions",NULL,"79IIB0NF7ZSH4YEO.BJM0QH1P","sub-4d3e","Sandbox","BillingProfile",NULL,NULL,NULL,"Usage-Based","INV-202409-65516","Serverless Compute",3.2028,901.6074168,4.4483
"AllocatedMethodId-6471","AllocatedResourceId-6198","AllocatedResourceName-6697","{}",261.89183805,"123456789012","SunBird","BillingAccount","USD","2024-10-01T00:00:00Z","2024-09-01T00:00:00Z",NULL,NULL,"Usage",NULL,"Amazon Simple Queue Service Queue in Asia Pacific (Sydney)","2024-09-12T17:00:00Z","2024-09-12T16:00:00Z",NULL,NULL,NULL,NULL,NULL,NULL,NULL,112.6700000000,"Requests",NULL,315.532335,2.8005,261.89183805,"AWS","AWS",325.289557,2.8871,"Standard","USD",112.67,"Requests","AWS","AWS","ap-southeast-2","Asia Pacific (Sydney)","arn:aws:ec2:ap-southeast-2:123456789012:instance/i-00e5eb0a7fc0",NULL,"Queue","Integration","Amazon Simple Queue Service","AWS","Z3GLYP3QUKLUL0QQ","Amazon Simple Queue Service Requests",NULL,"T7RP1816HHETOOC1.QB7BU954","438839167390","Zenith Eclipse","BillingAccount",NULL,NULL,"us-west-2b","Usage-Based","INV-202409-21163","Messaging",2.8005,261.89183805,2.8871
"AllocatedMethodId-4548","AllocatedResourceId-7414","AllocatedResourceName-8471","{}",63.31029844,"123456789012","SunBird","BillingAccount","USD","2024-10-01T00:00:00Z","2024-09-01T00:00:00Z",NULL,NULL,"Adjustment",NULL,"AWS Lambda Function in Asia Pacific (Sydney)","2024-09-08T03:00:00Z","2024-09-08T02:00:00Z",NULL,NULL,NULL,NULL,NULL,NULL,NULL,NULL,NULL,NULL,76.27746800000001,0.1642,63.31029844,"AWS","AWS",121.105578,0.2607,"Dynamic","USD",464.54,"Requests","AWS","AWS","ap-southeast-2","Asia Pacific (Sydney)",NULL,NULL,NULL,"Compute","AWS Lambda","AWS","RYP3KH0LZZBNJMU6","AWS Lambda Requests",NULL,"TE8ALUW53O3MW5UW.EJQ2RFEE","663626350770","Zenith Apollo","BillingAccount",NULL,NULL,NULL,"One-Time","INV-202409-72846","Serverless Compute",0.1642,63.31029844,0.2607
"AllocatedMethodId-9925","AllocatedResourceId-8699","AllocatedResourceName-5151","{}",206.87192988,"123456789012","SunBird","BillingAccount","USD","2024-10-01T00:00:00Z","2024-09-01T00:00:00Z",NULL,NULL,"Usage",NULL,"Amazon Simple Storage Service Bucket in Asia Pacific (Sydney)","2024-09-16T04:00:00Z","2024-09-16T03:00:00Z",NULL,NULL,NULL,NULL,NULL,NULL,NULL,431.4200000000,"GB",NULL,211.093806,0.4893,206.87192988,"AWS","AWS",224.55410999999998,0.5205,"Dynamic","USD",431.42,"GB","AWS","AWS","ap-southeast-2","Asia Pacific (Sydney)","arn:aws:ec2:ap-southeast-2:123456789012:instance/i-0021d37b9b38",NULL,"Bucket","Storage","Amazon Simple Storage Service","AWS","XZPC6JKQ9I63OKHC","Amazon Simple Storage Service GB",NULL,"477MFK2O1WS8WJLA.4IAE2B9S","517389287820","Atlas Nimbus","BillingAccount","{""environment"": ""prod""}",NULL,NULL,"Usage-Based","INV-202409-28052","Object Storage",0.4893,206.87192988,0.5205
"AllocatedMethodId-1530","AllocatedResourceId-9409","AllocatedResourceName-2881","{}",429.37009412,"123456789012","SunBird","BillingAccount","USD","2024-10-01T00:00:00Z","2024-09-01T00:00:00Z",NULL,NULL,"Tax",NULL,"Tax charge in US West (Oregon)","2024-09-27T04:00:00Z","2024-09-27T03:00:00Z",NULL,NULL,NULL,NULL,NULL,NULL,NULL,NULL,NULL,NULL,429.37009412,NULL,429.37009412,"AWS","AWS",429.37009412,NULL,NULL,"USD",NULL,NULL,"AWS","AWS",NULL,NULL,NULL,NULL,NULL,"Other","Tax","AWS",NULL,NULL,NULL,NULL,"438839167390","Zenith Eclipse","BillingAccount","{""application"": ""BrightLensMatrix"", ""owner"": ""k.johnson""}",NULL,NULL,"One-Time","INV-202409-20585","Other (Security)",NULL,429.37009412,NULL
"AllocatedMethodId-9955","AllocatedResourceId-5708","AllocatedResourceName-5753","{}",18.45964,"01ABCD-2345EF-6789GH","Helios Labs","BillingAccount","USD","2024-10-01T00:00:00Z","2024-09-01T00:00:00Z",NULL,NULL,"Usage",NULL,"Cloud Load Balancing Forwarding Rule in Singapore","2024-09-06T12:00:00Z","2024-09-06T11:00:00Z",NULL,NULL,NULL,NULL,NULL,NULL,NULL,345.0400000000,"Hours",NULL,18.45964,0.0535,18.45964,"Google","Google",22.220576,0.0644,"Standard","USD",345.04,"Hours","Google","Google","asia-southeast1","Singapore","//compute.googleapis.com/projects/helios-labs/zones/asia-southeast1-a/instances/inst-1957",NULL,"Forwarding Rule","Networking","Cloud Load Balancing","Google","JRM3VNH1J9BH0ZOH","Cloud Load Balancing Hours",NULL,"11Y94TAPNAQXRQEB.YG1ZQ3AB","proj-helios-prod","helios-prod","BillingAccount","{""environment"": ""dev""}",NULL,"us-central1-a","Usage-Based","INV-202409-99885","Application Networking",0.0535,18.45964,0.0644
"AllocatedMethodId-6965","AllocatedResourceId-1765","AllocatedResourceName-2745","{}",83.77166952,"01ABCD-2345EF-6789GH","Helios Labs","BillingAccount","USD","2024-10-01T00:00:00Z","2024-09-01T00:00:00Z",NULL,NULL,"Credit",NULL,"Cloud Functions Function in Iowa","2024-09-15T02:00:00Z","2024-09-15T01:00:00Z",NULL,NULL,NULL,NULL,NULL,NULL,NULL,NULL,NULL,NULL,90.07706400000001,0.4424,83.77166952,"Google","Google",145.296096,0.7136,"Dynamic","USD",203.61,"Invocations","Google","Google","us-central1","Iowa",NULL,NULL,NULL,"Compute","Cloud Functions","Google","ISGHWAUB00GMHVKV","Cloud Functions Invocations",NULL,"XKPKI9DU69M32TPW.RDT5ZLVM","proj-helios-prod","helios-prod","BillingAccount",NULL,NULL,NULL,"One-Time","INV-202409-88094","Serverless Compute",0.4424,83.77166952,0.7136
"AllocatedMethodId-3339","AllocatedResourceId-8244","AllocatedResourceName-5097","{}",570.54019778,"123456789012","SunBird","BillingAccount","USD","2024-10-01T00:00:00Z","2024-09-01T00:00:00Z",NULL,NULL,"Usage",NULL,"Amazon Elastic Compute Cloud Virtual Machine in Europe (Ireland)","2024-09-14T21:00:00Z","2024-09-14T20:00:00Z",NULL,NULL,NULL,NULL,NULL,NULL,NULL,417.4100000000,"Hours",NULL,695.7807290000001,1.6669,570.54019778,"AWS","AWS",966.3458910000002,2.3151,"Dynamic","USD",417.41,"Hours","AWS","AWS","eu-west-1","Europe (Ireland)","arn:aws:ec2:eu-west-1:123456789012:instance/i-009f8f3675af",NULL,"Virtual Machine","Compute","Amazon Elastic Compute Cloud","AWS","BPBQW86A4H81ETIL","Amazon Elastic Compute Cloud Hours",NULL,"OXVSXLCUW02U25FG.M29OBTV3","517389287820","Atlas Nimbus","BillingAccount",NULL,NULL,"ap-southeast-2a","Usage-Based","INV-202409-63959","Virtual Machines",1.6669,570.54019778,2.3151
"AllocatedMethodId-2718","AllocatedResourceId-9947","AllocatedResourceName-5230","{}",547.75471452,"01ABCD-2345EF-6789GH","Helios Labs","BillingAccount","USD","2024-10-01T00:00:00Z","2024-09-01T00:00:00Z",NULL,NULL,"Usage",NULL,"Cloud Load Balancing Forwarding Rule in Iowa","2024-09-17T15:00:00Z","2024-09-17T14:00:00Z",NULL,NULL,NULL,NULL,NULL,NULL,NULL,483.9900000000,"Hours",NULL,883.475346,1.8254,547.75471452,"Google","Google",1380.436278,2.8522,"Standard","USD",483.99,"Hours","Google","Google","us-central1","Iowa","//compute.googleapis.com/projects/helios-labs/zones/us-central1-a/instances/inst-9633",NULL,"Forwarding Rule","Networking","Cloud Load Balancing","Google","YDA6MR31EI67OA5R","Cloud Load Balancing Hours",NULL,"YGHP4I3GVZDON758.7WJ6X96Z","proj-helios-prod","helios-prod","BillingAccount","{""environment"": ""dev"", ""owner"": ""g.hopper"", ""application"": ""NimbusAPI""}",NULL,NULL,"Usage-Based","INV-202409-77178","Application Networking",1.8254,547.75471452,2.8522
"AllocatedMethodId-4449","AllocatedResourceId-1930","AllocatedResourceName-8255","{}",0.06658509,"8a93b2c1-1234-4abc-9def-0123456789ab","Contoso Cloud","BillingProfile","USD","2024-10-01T00:00:00Z","2024-09-01T00:00:00Z",NULL,NULL,"Usage",NULL,"Azure Functions Function App in UK South","2024-09-30T18:00:00Z","2024-09-30T17:00:00Z","Usage","cd-745373","commit-5373",NULL,"Unused","Savings Plan",NULL,NULL,NULL,NULL,0.080223,0.0187,0.06658509,"Microsoft","Microsoft",0.08794500000000001,0.0205,"Committed","USD",4.29,"Executions","Microsoft","Microsoft","uksouth","UK South","/subscriptions/8a93b2c1-1234-4abc-9def-0123456789ab/resourceGroups/rg-353/providers/Microsoft.Compute/virtualMachines/vm-8067",NULL,"Function App","Compute","Azure Functions","Microsoft","1IYVSOT2WGZBQPV6","Azure Functions Executions",NULL,"N7VD31X6U26O5V09.EY47TNTC","sub-2b7c","Staging","BillingProfile","{""owner"": ""k.johnson"", ""business_unit"": ""ViennaAI"", ""cost_center"": ""CC-1001""}",NULL,"uksouth-1","Usage-Based","INV-202409-74068","Serverless Compute",0.0187,0.06658509,0.0205
"AllocatedMethodId-7031","AllocatedResourceId-6647","AllocatedResourceName-8397","{}",195.87245878,"123456789012","SunBird","BillingAccount","USD","2024-10-01T00:00:00Z","2024-09-01T00:00:00Z",NULL,NULL,"Usage",NULL,"AWS Lambda Function in Asia Pacific (Sydney)","2024-09-17T14:00:00Z","2024-09-17T13:00:00Z","Spend","cd-632530","commit-2530",NULL,"Used","Savings Plan",NULL,318.4100000000,"Requests",NULL,227.75867300000004,0.7153,195.87245878,"AWS","AWS",307.77510600000005,0.9666,"Other","USD",318.41,"Requests","AWS","AWS","ap-southeast-2","Asia Pacific (Sydney)","arn:aws:ec2:ap-southeast-2:123456789012:instance/i-001a90ca372b",NULL,"Function","Compute","AWS Lambda","AWS","PM0VI9VCLOFIZUMK","AWS Lambda Requests",NULL,"3PUVHS2JQDMIIPR4.5ES1VCPW","438839167390","Zenith Eclipse","BillingAccount",NULL,NULL,"eu-west-1c","Usage-Based","INV-202409-51151","Serverless Compute",0.7153,195.87245878,0.9666
"AllocatedMethodId-9829","AllocatedResourceId-6105","AllocatedResourceName-4545","{}",409.1939568,"123456789012","SunBird","BillingAccount","USD","2024-10-01T00:00:00Z","2024-09-01T00:00:00Z",NULL,NULL,"Usage",NULL,"Amazon Simple Storage Service Bucket in US East (N. Virginia)","2024-09-18T13:00:00Z","2024-09-18T12:00:00Z",NULL,NULL,NULL,NULL,NULL,NULL,NULL,97.2900000000,"GB",NULL,421.8494400000001,4.3360,409.1939568,"AWS","AWS",473.98715100000004,4.8719,"Standard","USD",97.29,"GB","AWS","AWS","us-east-1","US East (N. Virginia)","arn:aws:ec2:us-east-1:123456789012:instance/i-00aff21bc681",NULL,"Bucket","Storage","Amazon Simple Storage Service","AWS","FJ4A0UB2ZGJKJ8PB","Amazon Simple Storage Service GB",NULL,"XYSS09WPAQXXUVVD.I0NV1A55","517389287820","Atlas Nimbus","BillingAccount","{""team"": ""payments"", ""application"": ""BrightLensMatrix""}",NULL,NULL,"Usage-Based","INV-202409-73869","Object Storage",4.3360,409.1939568,4.8719
"AllocatedMethodId-6524","AllocatedResourceId-4675","AllocatedResourceName-1407","{}",53.65243044,"8a93b2c1-1234-4abc-9def-0123456789ab","Contoso Cloud","BillingProfile","USD","2024-10-01T00:00:00Z","2024-09-01T00:00:00Z",NULL,NULL,"Usage",NULL,"Azure Load Balancer Load Balancer in West Europe","2024-09-18T12:00:00Z","2024-09-18T11:00:00Z","Spend","cd-286586","commit-6586",NULL,"Unused","Savings Plan",NULL,NULL,NULL,NULL,87.95480400000001,2.8492,53.65243044,"Microsoft","Microsoft",104.707953,3.3919,"Committed","USD",30.87,"Hours","Microsoft","Microsoft","westeurope","West Europe","/subscriptions/8a93b2c1-1234-4abc-9def-0123456789ab/resourceGroups/rg-197/providers/Microsoft.Compute/virtualMachines/vm-9637",NULL,"Load Balancer","Networking","Azure Load Balancer","Microsoft","D2XVBZG3C13BEVGL","Azure Load Balancer Hours",NULL,"CDNNQTC314KHYLE9.MPOEKYJH","sub-2b7c","Staging","BillingProfile","{""team"": ""platform""}",NULL,"uksouth-1","Usage-Based","INV-202409-10320","Application Networking",2.8492,53.65243044,3.3919
"AllocatedMethodId-8631","AllocatedResourceId-5105","AllocatedResourceName-8688","{}",32.89722819,"ocid1.tenancy.oc1..aaaa1234","Meridian OCI","Tenancy","USD","2024-10-01T00:00:00Z","2024-09-01T00:00:00Z",NULL,NULL,"Usage",NULL,"Oracle Compute Instance in US East (Ashburn)","2024-09-18T20:00:00Z","2024-09-18T19:00:00Z","Usage","cd-884961","commit-4961",NULL,"Unused","Reserved Instance",NULL,NULL,NULL,NULL,41.642061,0.6613,32.89722819,"Oracle","Oracle",45.760299,0.7267,"Committed","USD",62.97,"Hours","Oracle","Oracle","us-ashburn-1","US East (Ashburn)","ocid1.instance.oc1.us-ashburn-1.00e1ba5c2a52",NULL,"Instance","Compute","Oracle Compute","Oracle","K9JDZMJK7BFK09DS","Oracle Compute Hours",NULL,"Q00X6UIR50A0B1Q2.JQVLX3N2","ocid1.compartment.oc1..prod","production","Tenancy","{""business_unit"": ""OsloData"", ""cost_center"": ""CC-2042""}",NULL,NULL,"Usage-Based","INV-202409-82104","Virtual Machines",0.6613,32.89722819,0.7267
"AllocatedMethodId-7024","AllocatedResourceId-2050","AllocatedResourceName-3364","{}",327.44278028,"ocid1.tenancy.oc1..aaaa1234","Meridian OCI","Tenancy","USD","2024-10-01T00:00:00Z","2024-09-01T00:00:00Z",NULL,NULL,"Usage","Correction","Oracle Load Balancer Load Balancer in Australia East (Sydney)","2024-09-01T15:00:00Z","2024-09-01T14:00:00Z",NULL,NULL,NULL,NULL,NULL,NULL,NULL,349.5400000000,"Hours",NULL,414.484532,1.1858,327.44278028,"Oracle","Oracle",476.42302,1.3630,"Other","USD",349.54,"Hours","Oracle","Oracle","ap-sydney-1","Australia East (Sydney)","ocid1.instance.oc1.ap-sydney-1.00b5301d3eb3",NULL,"Load Balancer","Networking","Oracle Load Balancer","Oracle","663J8TJZ7DI6JZEY","Oracle Load Balancer Hours",NULL,"QH2BAVM5E71CVYZ8.6AMEZYT4","ocid1.compartment.oc1..dev","development","Tenancy",NULL,NULL,"us-ashburn-1-AD-1","Usage-Based","INV-202409-85658","Application Networking",1.1858,327.44278028,1.3630
"AllocatedMethodId-2500","AllocatedResourceId-1573","AllocatedResourceName-1008","{}",154.321902,"ocid1.tenancy.oc1..aaaa1234","Meridian OCI","Tenancy","USD","2024-10-01T00:00:00Z","2024-09-01T00:00:00Z",NULL,NULL,"Usage",NULL,"Oracle Load Balancer Load Balancer in Australia East (Sydney)","2024-09-06T07:00:00Z","2024-09-06T06:00:00Z",NULL,NULL,NULL,NULL,NULL,NULL,NULL,66.7800000000,"Hours",NULL,205.762536,3.0812,154.321902,"Oracle","Oracle",228.628008,3.4236,"Standard","USD",66.78,"Hours","Oracle","Oracle","ap-sydney-1","Australia East (Sydney)","ocid1.instance.oc1.ap-sydney-1.00aa5e287b03",NULL,"Load Balancer","Networking","Oracle Load Balancer","Oracle","F9Q9B72AH4A6Z5GX","Oracle Load Balancer Hours",NULL,"KC43GD4SDSOO19X2.Y2JS0FDU","ocid1.compartment.oc1..prod","production","Tenancy",NULL,NULL,"us-ashburn-1-AD-1","Usage-Based","INV-202409-18830","Application Networking",3.0812,154.321902,3.4236
"AllocatedMethodId-7479","AllocatedResourceId-8328","AllocatedResourceName-7214","{}",6.9603138,"123456789012","SunBird","BillingAccount","USD","2024-10-01T00:00:00Z","2024-09-01T00:00:00Z",NULL,NULL,"Usage",NULL,"AWS Lambda Function in Asia Pacific (Sydney)","2024-09-05T13:00:00Z","2024-09-05T12:00:00Z",NULL,NULL,NULL,NULL,NULL,NULL,NULL,14.0500000000,"Requests",NULL,10.545930000000002,0.7506,6.9603138,"AWS","AWS",12.407555,0.8831,"Standard","USD",14.05,"Requests","AWS","AWS","ap-southeast-2","Asia Pacific (Sydney)","arn:aws:ec2:ap-southeast-2:123456789012:instance/i-0043e69d516f",NULL,"Function","Compute","AWS Lambda","AWS","CFAL4X4R3VO1U2TQ","AWS Lambda Requests",NULL,"KWJYQKDSFZSHWN2S.CXFMP3O2","517389287820","Atlas Nimbus","BillingAccount","{""owner"": ""g.hopper""}",NULL,NULL,"Usage-Based","INV-202409-65541","Serverless Compute",0.7506,6.9603138,0.8831
"AllocatedMethodId-6848","AllocatedResourceId-7751","AllocatedResourceName-2929","{}",435.94342038,"123456789012","SunBird","BillingAccount","USD","2024-10-01T00:00:00Z","2024-09-01T00:00:00Z",NULL,NULL,"Usage",NULL,"AWS Lambda Function in Asia Pacific (Sydney)","2024-09-23T15:00:00Z","2024-09-23T14:00:00Z",NULL,NULL,NULL,NULL,NULL,NULL,NULL,404.1700000000,"Requests",NULL,703.134549,1.7397,435.94342038,"AWS","AWS",925.185547,2.2891,"Standard","USD",404.17,"Requests","AWS","AWS","ap-southeast-2","Asia Pacific (Sydney)","arn:aws:ec2:ap-southeast-2:123456789012:instance/i-00e41a40d3de",NULL,"Function","Compute","AWS Lambda","AWS","V6ZKSCW2QQVB91NL","AWS Lambda Requests",NULL,"QXPUJ2GGHFD7XE8Q.0169UOKE","517389287820","Atlas Nimbus","BillingAccount","{""team"": ""growth"", ""cost_center"": ""CC-2042"", ""application"": ""BrightLensMatrix""}",NULL,NULL,"Usage-Based","INV-202409-41819","Serverless Compute",1.7397,435.94342038,2.2891
"AllocatedMethodId-6638","AllocatedResourceId-3360","AllocatedResourceName-3964","{}",502.106442,"8a93b2c1-1234-4abc-9def-0123456789ab","Contoso Cloud","BillingProfile","USD","2024-10-01T00:00:00Z","2024-09-01T00:00:00Z",NULL,NULL,"Usage",NULL,"Virtual Machines Virtual Machine in UK South","2024-09-30T16:00:00Z","2024-09-30T15:00:00Z",NULL,NULL,NULL,NULL,NULL,NULL,NULL,468.5000000000,"Hours",NULL,809.8490999999999,1.7286,502.106442,"Microsoft","Microsoft",1245.9289,2.6594,"Other","USD",468.50,"Hours","Microsoft","Microsoft","uksouth","UK South","/subscriptions/8a93b2c1-1234-4abc-9def-0123456789ab/resourceGroups/rg-461/providers/Microsoft.Compute/virtualMachines/vm-6208",NULL,"Virtual Machine","Compute","Virtual Machines","Microsoft","VVS8K749GJES4Q8R","Virtual Machines Hours",NULL,"2TYASLP3G49Q4LFQ.1F3L5V8D","sub-4d3e","Sandbox","BillingProfile","{""business_unit"": ""OsloData"", ""environment"": ""qa""}",NULL,NULL,"Usage-Based","INV-202409-45576","Virtual Machines",1.7286,502.106442,2.6594
"AllocatedMethodId-6178","AllocatedResourceId-4802","AllocatedResourceName-2673","{}",172.97403255,"ocid1.tenancy.oc1..aaaa1234","Meridian OCI","Tenancy","USD","2024-10-01T00:00:00Z","2024-09-01T00:00:00Z",NULL,NULL,"Usage",NULL,"Oracle Functions Function in UK South (London)","2024-09-26T04:00:00Z","2024-09-26T03:00:00Z",NULL,NULL,NULL,NULL,NULL,NULL,NULL,165.3300000000,"Invocations",NULL,182.077929,1.1013,172.97403255,"Oracle","Oracle",230.47002,1.3940,"Dynamic","USD",165.33,"Invocations","Oracle","Oracle","uk-london-1","UK South (London)","ocid1.instance.oc1.uk-london-1.00817efff5ff",NULL,"Function","Compute","Oracle Functions","Oracle","AV1L3VENQYP7BHJR","Oracle Functions Invocations",NULL,"7SS4P1W0HEX09ZII.PD3B0VQ7","ocid1.compartment.oc1..dev","development","Tenancy","{""business_unit"": ""ViennaAI""}",NULL,"us-ashburn-1-AD-1","Usage-Based","INV-202409-13965","Serverless Compute",1.1013,172.97403255,1.3940
"AllocatedMethodId-3807","AllocatedResourceId-9573","AllocatedResourceName-9852","{}",108.43210499999999,"ocid1.tenancy.oc1..aaaa1234","Meridian OCI","Tenancy","USD","2024-10-01T00:00:00Z","2024-09-01T00:00:00Z",NULL,NULL,"Purchase",NULL,"Oracle Compute Instance in US East (Ashburn)","2024-09-20T05:00:00Z","2024-09-20T04:00:00Z",NULL,NULL,NULL,NULL,NULL,NULL,NULL,NULL,NULL,NULL,108.43210499999999,0.8741,0,"Oracle","Oracle",132.2373,1.0660,"Standard","USD",124.05,"Hours","Oracle","Oracle","us-ashburn-1","US East (Ashburn)","ocid1.instance.oc1.us-ashburn-1.0082a29d0282",NULL,"Instance","Compute","Oracle Compute","Oracle","MEGIEN8A58L958DZ","Oracle Compute Hours",NULL,"0EUTW6V6ZYOW1USF.7BK97LVI","ocid1.compartment.oc1..prod","production","Tenancy","{""team"": ""payments"", ""application"": ""AtlasPortal"", ""owner"": ""k.johnson""}",NULL,NULL,"Recurring","INV-202409-19964","Virtual Machines",0.8741,0,1.0660
"AllocatedMethodId-2310","AllocatedResourceId-1118","AllocatedResourceName-7663","{}",655.045868,"ocid1.tenancy.oc1..aaaa1234","Meridian OCI","Tenancy","USD","2024-10-01T00:00:00Z","2024-09-01T00:00:00Z",NULL,NULL,"Usage",NULL,"Oracle Functions Function in Australia East (Sydney)","2024-09-14T12:00:00Z","2024-09-14T11:00:00Z","Spend","cd-625862","commit-5862",NULL,"Unused","Committed Use Discount",NULL,NULL,NULL,NULL,977.6804000000001,2.1200,655.045868,"Oracle","Oracle",1396.699462,3.0286,"Committed","USD",461.17,"Invocations","Oracle","Oracle","ap-sydney-1","Australia East (Sydney)","ocid1.instance.oc1.ap-sydney-1.004ff3f21eaa",NULL,"Function","Compute","Oracle Functions","Oracle","K893FKNKBN1Y71SI","Oracle Functions Invocations",NULL,"248YI18VL4J73YBP.JA6429OR","ocid1.compartment.oc1..prod","production","Tenancy","{""business_unit"": ""MarseilleSRE""}",NULL,"us-ashburn-1-AD-1","Usage-Based","INV-202409-67361","Serverless Compute",2.1200,655.045868,3.0286
"AllocatedMethodId-8540","AllocatedResourceId-4814","AllocatedResourceName-9644","{}",727.3038600000001,"8a93b2c1-1234-4abc-9def-0123456789ab","Contoso Cloud","BillingProfile","USD","2024-10-01T00:00:00Z","2024-09-01T00:00:00Z",NULL,NULL,"Purchase",NULL,"Azure Load Balancer Load Balancer in West Europe","2024-09-12T09:00:00Z","2024-09-12T08:00:00Z",NULL,NULL,NULL,NULL,NULL,NULL,NULL,NULL,NULL,NULL,727.3038600000001,2.0655,0,"Microsoft","Microsoft",845.686604,2.4017,"Other","USD",352.12,"Hours","Microsoft","Microsoft","westeurope","West Europe","/subscriptions/8a93b2c1-1234-4abc-9def-0123456789ab/resourceGroups/rg-456/providers/Microsoft.Compute/virtualMachines/vm-346",NULL,"Load Balancer","Networking","Azure Load Balancer","Microsoft","7W4NDI3OIK9W2BTK","Azure Load Balancer Hours",NULL,"QCJVVVS07O23CSGG.0498EX0S","sub-9a1f","Production","BillingProfile","{""team"": ""platform"", ""application"": ""AtlasPortal""}",NULL,NULL,"Recurring","INV-202409-62393","Application Networking",2.0655,0,2.4017
"AllocatedMethodId-1873","AllocatedResourceId-6250","AllocatedResourceName-9980","{}",382.89069468,"ocid1.tenancy.oc1..aaaa1234","Meridian OCI","Tenancy","USD","2024-10-01T00:00:00Z","2024-09-01T00:00:00Z",NULL,NULL,"Usage",NULL,"Oracle Autonomous Database Database in UK South (London)","2024-09-13T17:00:00Z","2024-09-13T16:00:00Z",NULL,NULL,NULL,NULL,NULL,NULL,NULL,373.0700000000,"Hours",NULL,563.074551,1.5093,382.89069468,"Oracle","Oracle",804.413534,2.1562,"Standard","USD",373.07,"Hours","Oracle","Oracle","uk-london-1","UK South (London)","ocid1.instance.oc1.uk-london-1.009fa2a3ea2f",NULL,"Database","Databases","Oracle Autonomous Database","Oracle","32BA1KPQURK0RC50","Oracle Autonomous Database Hours",NULL,"B9UNDFIDOP6BHP65.FYJ8OPW1","ocid1.compartment.oc1..prod","production","Tenancy","{""owner"": ""g.hopper""}",NULL,"uk-london-1-AD-2","Usage-Based","INV-202409-82053","Relational Databases",1.5093,382.89069468,2.1562
"AllocatedMethodId-6133","AllocatedResourceId-2577","AllocatedResourceName-2099","{}",212.19150425,"123456789012","SunBird","BillingAccount","USD","2024-10-01T00:00:00Z","2024-09-01T00:00:00Z",NULL,NULL,"Usage",NULL,"Amazon Elastic Compute Cloud Virtual Machine in US East (N. Virginia)","2024-09-16T15:00:00Z","2024-09-16T14:00:00Z",NULL,NULL,NULL,NULL,NULL,NULL,NULL,418.8500000000,"Hours",NULL,347.85492500000004,0.8305,212.19150425,"AWS","AWS",414.11699500000003,0.9887,"Standard","USD",418.85,"Hours","AWS","AWS","us-east-1","US East (N. Virginia)","arn:aws:ec2:us-east-1:123456789012:instance/i-007935856258",NULL,"Virtual Machine","Compute","Amazon Elastic Compute Cloud","AWS","X1X3SW5VVXXBVUPY","Amazon Elastic Compute Cloud Hours",NULL,"IF2HT6XSE9OWKUIX.JD376KEZ","517389287820","Atlas Nimbus","BillingAccount","{""cost_center"": ""CC-2042""}",NULL,"eu-west-1c","Usage-Based","INV-202409-95211","Virtual Machines",0.8305,212.19150425,0.9887
"AllocatedMethodId-4341","AllocatedResourceId-5957","AllocatedResourceName-4821","{}",269.89287808,"8a93b2c1-1234-4abc-9def-0123456789ab","Contoso Cloud","BillingProfile","USD","2024-10-01T00:00:00Z","2024-09-01T00:00:00Z",NULL,NULL,"Usage",NULL,"Virtual Machines Virtual Machine in Southeast Asia","2024-09-22T00:00:00Z","2024-09-21T23:00:00Z",NULL,NULL,NULL,NULL,NULL,NULL,NULL,74.4800000000,"Hours",NULL,293.361824,3.9388,269.89287808,"Microsoft","Microsoft",299.350016,4.0192,"Standard","USD",74.48,"Hours","Microsoft","Microsoft","southeastasia","Southeast Asia","/subscriptions/8a93b2c1-1234-4abc-9def-0123456789ab/resourceGroups/rg-293/providers/Microsoft.Compute/virtualMachines/vm-6984",NULL,"Virtual Machine","Compute","Virtual Machines","Microsoft","PLFKSSALM1OSBQFL","Virtual Machines Hours",NULL,"F9CXKW4UDBS4QFIP.JUT0AF9F","sub-2b7c","Staging","BillingProfile","{""business_unit"": ""ViennaAI"", ""team"": ""payments"", ""environment"": ""staging""}",NULL,NULL,"Usage-Based","INV-202409-24922","Virtual Machines",3.9388,269.89287808,4.0192
"AllocatedMethodId-8246","AllocatedResourceId-3483","AllocatedResourceName-4825","{}",531.42097547,"01ABCD-2345EF-6789GH","Helios Labs","BillingAccount","USD","2024-10-01T00:00:00Z","2024-09-01T00:00:00Z",NULL,NULL,"Usage",NULL,"Cloud Functions Function in Singapore","2024-09-03T23:00:00Z","2024-09-03T22:00:00Z",NULL,NULL,NULL,NULL,NULL,NULL,NULL,311.7100000000,"Invocations",NULL,690.157111,2.2141,531.42097547,"Google","Google",1078.391916,3.4596,"Other","USD",311.71,"Invocations","Google","Google","asia-southeast1","Singapore","//compute.googleapis.com/projects/helios-labs/zones/asia-southeast1-a/instances/inst-7452",NULL,"Function","Compute","Cloud Functions","Google","HJBKFN6FOCFST9CK","Cloud Functions Invocations",NULL,"7D987EY0TXKMHGC6.JENMUZ9N","proj-helios-dev","helios-dev","BillingAccount",NULL,NULL,"us-central1-a","Usage-Based","INV-202409-22333","Serverless Compute",2.2141,531.42097547,3.4596
"AllocatedMethodId-1494","AllocatedResourceId-2835","AllocatedResourceName-4918","{}",88.28116128,"ocid1.tenancy.oc1..aaaa1234","Meridian OCI","Tenancy","USD","2024-10-01T00:00:00Z","2024-09-01T00:00:00Z",NULL,NULL,"Tax",NULL,"Tax charge in UK South (London)","2024-09-13T20:00:00Z","2024-09-13T19:00:00Z",NULL,NULL,NULL,NULL,NULL,NULL,NULL,NULL,NULL,NULL,88.28116128,NULL,88.28116128,"Oracle","Oracle",88.28116128,NULL,NULL,"USD",NULL,NULL,"Oracle","Oracle",NULL,NULL,NULL,NULL,NULL,"Other","Tax","Oracle",NULL,NULL,NULL,NULL,"ocid1.compartment.oc1..prod","production","Tenancy","{""application"": ""NimbusAPI"", ""cost_center"": ""CC-2042"", ""owner"": ""a.lovelace""}",NULL,NULL,"One-Time","INV-202409-52081","Other (Security)",NULL,88.28116128,NULL
"AllocatedMethodId-9117","AllocatedResourceId-2076","AllocatedResourceName-5494","{}",25.0196688,"8a93b2c1-1234-4abc-9def-0123456789ab","Contoso Cloud","BillingProfile","USD","2024-10-01T00:00:00Z","2024-09-01T00:00:00Z",NULL,NULL,"Usage",NULL,"Azure Blob Storage Storage Account in East US","2024-09-12T15:00:00Z","2024-09-12T14:00:00Z",NULL,NULL,NULL,NULL,NULL,NULL,NULL,13.9200000000,"GB",NULL,30.888479999999998,2.2190,25.0196688,"Microsoft","Microsoft",34.31976,2.4655,"Dynamic","USD",13.92,"GB","Microsoft","Microsoft","eastus","East US","/subscriptions/8a93b2c1-1234-4abc-9def-0123456789ab/resourceGroups/rg-70/providers/Microsoft.Compute/virtualMachines/vm-8468",NULL,"Storage Account","Storage","Azure Blob Storage","Microsoft","NHZBM56EFDU2BMYN","Azure Blob Storage GB",NULL,"D1Z3BAWRZZZPIPN3.DB5GU7AB","sub-9a1f","Production","BillingProfile","{""team"": ""payments"", ""owner"": ""k.johnson"", ""business_unit"": ""LisbonOps""}",NULL,"eastus-1","Usage-Based","INV-202409-86021","Object Storage",2.2190,25.0196688,2.4655
"AllocatedMethodId-5183","AllocatedResourceId-8192","AllocatedResourceName-6965","{}",1360.23538464,"123456789012","SunBird","BillingAccount","USD","2024-10-01T00:00:00Z","2024-09-01T00:00:00Z",NULL,NULL,"Usage",NULL,"Elastic Load Balancing Load Balancer in Asia Pacific (Sydney)","2024-09-11T16:00:00Z","2024-09-11T15:00:00Z",NULL,NULL,NULL,NULL,NULL,NULL,NULL,422.1900000000,"LCU-Hours",NULL,1416.911859,3.3561,1360.23538464,"AWS","AWS",1686.817926,3.9954,"Standard","USD",422.19,"LCU-Hours","AWS","AWS","ap-southeast-2","Asia Pacific (Sydney)","arn:aws:ec2:ap-southeast-2:123456789012:instance/i-00ab1fb0f62d",NULL,"Load Balancer","Networking","Elastic Load Balancing","AWS","5LJ7U8JX9VRWUHNH","Elastic Load Balancing LCU-Hours",NULL,"0BNT7KP1589N95MZ.MJP8BCQP","517389287820","Atlas Nimbus","BillingAccount","{""cost_center"": ""CC-3090"", ""owner"": ""g.hopper"", ""environment"": ""dev""}",NULL,"us-east-1a","Usage-Based","INV-202409-63896","Application Networking",3.3561,1360.23538464,3.9954
"AllocatedMethodId-6744","AllocatedResourceId-5230","AllocatedResourceName-3874","{}",133.65389312,"01ABCD-2345EF-6789GH","Helios Labs","BillingAccount","USD","2024-10-01T00:00:00Z","2024-09-01T00:00:00Z",NULL,NULL,"Usage",NULL,"BigQuery Dataset in Northern Virginia","2024-09-23T02:00:00Z","2024-09-23T01:00:00Z","Spend","cd-339059","commit-9059",NULL,"Unused","Savings Plan",NULL,NULL,NULL,NULL,208.83420800000002,1.5716,133.65389312,"Google","Google",261.04276,1.9645,"Other","USD",132.88,"GiB","Google","Google","us-east4","Northern Virginia","//compute.googleapis.com/projects/helios-labs/zones/us-east4-a/instances/inst-2942",NULL,"Dataset","Analytics","BigQuery","Google","W6TA6GHRQFX2L8HT","BigQuery GiB",NULL,"NYEE08YHGTYBMYEF.7KZBVVVR","proj-helios-dev","helios-dev","BillingAccount","{""cost_center"": ""CC-2042""}",NULL,"us-central1-a","Usage-Based","INV-202409-59687","Data Warehouses",1.5716,133.65389312,1.9645
"AllocatedMethodId-2140","AllocatedResourceId-4096","AllocatedResourceName-7747","{}",60.73655808,"ocid1.tenancy.oc1..aaaa1234","Meridian OCI","Tenancy","USD","2024-10-01T00:00:00Z","2024-09-01T00:00:00Z",NULL,NULL,"Adjustment",NULL,"Oracle Load Balancer Load Balancer in US East (Ashburn)","2024-09-22T15:00:00Z","2024-09-22T14:00:00Z",NULL,NULL,NULL,NULL,NULL,NULL,NULL,NULL,NULL,NULL,99.56812799999999,0.3984,60.73655808,"Oracle","Oracle",111.86419199999999,0.4476,"Standard","USD",249.92,"Hours","Oracle","Oracle","us-ashburn-1","US East (Ashburn)",NULL,NULL,NULL,"Networking","Oracle Load Balancer","Oracle","W01BAOAFF0IJ5JO7","Oracle Load Balancer Hours",NULL,"Y4RIG2NY7O8XDU2B.MQBF0XC8","ocid1.compartment.oc1..dev","development","Tenancy","{""owner"": ""k.johnson"", ""business_unit"": ""OsloData""}",NULL,NULL,"One-Time","INV-202409-24876","Application Networking",0.3984,60.73655808,0.4476
"AllocatedMethodId-1756","AllocatedResourceId-1868","AllocatedResourceName-2482","{}",285.091748,"01ABCD-2345EF-6789GH","Helios Labs","BillingAccount","USD","2024-10-01T00:00:00Z","2024-09-01T00:00:00Z",NULL,NULL,"Purchase",NULL,"Compute Engine VM Instance in Belgium","2024-09-23T13:00:00Z","2024-09-23T12:00:00Z","Spend","cd-540373","commit-0373",NULL,"Unused","Savings Plan",NULL,NULL,NULL,NULL,285.091748,3.0194,0,"Google","Google",351.959992,3.7276,"Standard","USD",94.42,"Hours","Google","Google","europe-west1","Belgium","//compute.googleapis.com/projects/helios-labs/zones/europe-west1-a/instances/inst-8440",NULL,"VM Instance","Compute","Compute Engine","Google","Y1VSIF4W1I4VK6AA","Compute Engine Hours",NULL,"H0E2NRT3SULOUH0N.9OK1R65F","proj-helios-dev","helios-dev","BillingAccount","{""business_unit"": ""MarseilleSRE"", ""application"": ""AtlasPortal"", ""owner"": ""k.johnson""}",NULL,NULL,"Recurring","INV-202409-99589","Virtual Machines",3.0194,0,3.7276
"AllocatedMethodId-9548","AllocatedResourceId-5548","AllocatedResourceName-2195","{}",451.42647,"ocid1.tenancy.oc1..aaaa1234","Meridian OCI","Tenancy","USD","2024-10-01T00:00:00Z","2024-09-01T00:00:00Z",NULL,NULL,"Purchase",NULL,"Oracle Compute Instance in UK South (London)","2024-09-06T09:00:00Z","2024-09-06T08:00:00Z",NULL,NULL,NULL,NULL,NULL,NULL,NULL,NULL,NULL,NULL,451.42647,1.4190,0,"Oracle","Oracle",537.417009,1.6893,"Standard","USD",318.13,"Hours","Oracle","Oracle","uk-london-1","UK South (London)","ocid1.instance.oc1.uk-london-1.00a83914d883",NULL,"Instance","Compute","Oracle Compute","Oracle","T9SFSLPUWJ8MN4K8","Oracle Compute Hours",NULL,"4WZ59HNDI0UYR34G.FV79IE73","ocid1.compartment.oc1..prod","production","Tenancy",NULL,NULL,NULL,"Recurring","INV-202409-14917","Virtual Machines",1.4190,0,1.6893
"AllocatedMethodId-9866","AllocatedResourceId-8051","AllocatedResourceName-6907","{}",180.2888208,"123456789012","SunBird","BillingAccount","USD","2024-10-01T00:00:00Z","2024-09-01T00:00:00Z",NULL,NULL,"Usage",NULL,"Amazon Simple Queue Service Queue in US East (N. Virginia)","2024-09-18T19:00:00Z","2024-09-18T18:00:00Z",NULL,NULL,NULL,NULL,NULL,NULL,NULL,128.9000000000,"Requests",NULL,182.10992000000002,1.4128,180.2888208,"AWS","AWS",246.09588000000002,1.9092,"Dynamic","USD",128.90,"Requests","AWS","AWS","us-east-1","US East (N. Virginia)","arn:aws:ec2:us-east-1:123456789012:instance/i-00d2749d5e47",NULL,"Queue","Integration","Amazon Simple Queue Service","AWS","T5N78VLP54S953AD","Amazon Simple Queue Service Requests",NULL,"499HJVPLVGKF9B9K.KZ4D0Z0B","517389287820","Atlas Nimbus","BillingAccount","{""application"": ""NimbusAPI""}",NULL,"eu-west-1c","Usage-Based","INV-202409-29451","Messaging",1.4128,180.2888208,1.9092
"AllocatedMethodId-2686","AllocatedResourceId-8319","AllocatedResourceName-5447","{}",276.4511217,"8a93b2c1-1234-4abc-9def-0123456789ab","Contoso Cloud","BillingProfile","USD","2024-10-01T00:00:00Z","2024-09-01T00:00:00Z",NULL,NULL,"Usage",NULL,"Azure Functions Function App in West Europe","2024-09-28T15:00:00Z","2024-09-28T14:00:00Z","Spend","cd-852121","commit-2121",NULL,"Used","Reserved Instance",NULL,153.7300000000,"Executions",NULL,425.30941799999994,2.7666,276.4511217,"Microsoft","Microsoft",582.621327,3.7899,"Dynamic","USD",153.73,"Executions","Microsoft","Microsoft","westeurope","West Europe","/subscriptions/8a93b2c1-1234-4abc-9def-0123456789ab/resourceGroups/rg-706/providers/Microsoft.Compute/virtualMachines/vm-276",NULL,"Function App","Compute","Azure Functions","Microsoft","601OKC5C6PR6RJ15","Azure Functions Executions",NULL,"T820L0WD4SRVZU2I.14ZXRF6K","sub-4d3e","Sandbox","BillingProfile","{""team"": ""infra"", ""application"": ""BrightLensMatrix"", ""cost_center"": ""CC-1001""}",NULL,"eastus-1","Usage-Based","INV-202409-75817","Serverless Compute",2.7666,276.4511217,3.7899
"AllocatedMethodId-8118","AllocatedResourceId-4777","AllocatedResourceName-4556","{}",1088.9020142,"ocid1.tenancy.oc1..aaaa1234","Meridian OCI","Tenancy","USD","2024-10-01T00:00:00Z","2024-09-01T00:00:00Z",NULL,NULL,"Usage",NULL,"Oracle Functions Function in Australia East (Sydney)","2024-09-01T04:00:00Z","2024-09-01T03:00:00Z",NULL,NULL,NULL,NULL,NULL,NULL,NULL,382.3600000000,"Invocations",NULL,1414.15846,3.6985,1088.9020142,"Oracle","Oracle",1443.02664,3.7740,"Standard","USD",382.36,"Invocations","Oracle","Oracle","ap-sydney-1","Australia East (Sydney)","ocid1.instance.oc1.ap-sydney-1.00592fe552ac",NULL,"Function","Compute","Oracle Functions","Oracle","WKX2OPAC3QCYOVF1","Oracle Functions Invocations",NULL,"6VJJR3Z4XHIV9M4B.DWNZ0NMI","ocid1.compartment.oc1..dev","development","Tenancy","{""application"": ""BrightSourceCore""}",NULL,"uk-london-1-AD-2","Usage-Based","INV-202409-74561","Serverless Compute",3.6985,1088.9020142,3.7740
"AllocatedMethodId-7089","AllocatedResourceId-2862","AllocatedResourceName-8823","{}",52.3514952,"01ABCD-2345EF-6789GH","Helios Labs","BillingAccount","USD","2024-10-01T00:00:00Z","2024-09-01T00:00:00Z",NULL,NULL,"Usage",NULL,"Cloud Storage Bucket in Belgium","2024-09-30T18:00:00Z","2024-09-30T17:00:00Z","Usage","cd-329759","commit-9759",NULL,"Used","Committed Use Discount",NULL,115.4500000000,"GiB",NULL,55.69308,0.4824,52.3514952,"Google","Google",80.72264000000001,0.6992,"Committed","USD",115.45,"GiB","Google","Google","europe-west1","Belgium","//compute.googleapis.com/projects/helios-labs/zones/europe-west1-a/instances/inst-1650",NULL,"Bucket","Storage","Cloud Storage","Google","COO4DA8TJNQCN2AR","Cloud Storage GiB",NULL,"MMOMH86N8RXZFIX5.9AR3O2G7","proj-helios-dev","helios-dev","BillingAccount",NULL,NULL,NULL,"Usage-Based","INV-202409-94111","Object Storage",0.4824,52.3514952,0.6992
"AllocatedMethodId-1191","AllocatedResourceId-7490","AllocatedResourceName-8141","{}",226.74881088,"ocid1.tenancy.oc1..aaaa1234","Meridian OCI","Tenancy","USD","2024-10-01T00:00:00Z","2024-09-01T00:00:00Z",NULL,NULL,"Usage",NULL,"Oracle Load Balancer Load Balancer in Australia East (Sydney)","2024-09-24T02:00:00Z","2024-09-24T01:00:00Z",NULL,NULL,NULL,NULL,NULL,NULL,NULL,313.9200000000,"Hours",NULL,306.417312,0.9761,226.74881088,"Oracle","Oracle",464.2876800000001,1.4790,"Other","USD",313.92,"Hours","Oracle","Oracle","ap-sydney-1","Australia East (Sydney)","ocid1.instance.oc1.ap-sydney-1.00b5bf2342e6",NULL,"Load Balancer","Networking","Oracle Load Balancer","Oracle","K1SBUNJ2M177XNQI","Oracle Load Balancer Hours",NULL,"79NCO337NNFXBPKG.6X0WXFBI","ocid1.compartment.oc1..dev","development","Tenancy","{""application"": ""AtlasPortal""}",NULL,"us-ashburn-1-AD-1","Usage-Based","INV-202409-53466","Application Networking",0.9761,226.74881088,1.4790
"AllocatedMethodId-1513","AllocatedResourceId-1877","AllocatedResourceName-3451","{}",378.300699,"ocid1.tenancy.oc1..aaaa1234","Meridian OCI","Tenancy","USD","2024-10-01T00:00:00Z","2024-09-01T00:00:00Z",NULL,NULL,"Purchase",NULL,"Oracle Load Balancer Load Balancer in UK South (London)","2024-09-18T05:00:00Z","2024-09-18T04:00:00Z",NULL,NULL,NULL,NULL,NULL,NULL,NULL,NULL,NULL,NULL,378.300699,1.5309,0,"Oracle","Oracle",581.993472,2.3552,"Standard","USD",247.11,"Hours","Oracle","Oracle","uk-london-1","UK South (London)","ocid1.instance.oc1.uk-london-1.00d32c73cb67",NULL,"Load Balancer","Networking","Oracle Load Balancer","Oracle","AO7VLTJ4YKJGUWZP","Oracle Load Balancer Hours",NULL,"2SN0OQVSAM9WUS0X.1XME4D65","ocid1.compartment.oc1..prod","production","Tenancy","{""environment"": ""staging""}",NULL,NULL,"One-Time","INV-202409-38468","Application Networking",1.5309,0,2.3552
"AllocatedMethodId-6735","AllocatedResourceId-9041","AllocatedResourceName-5045","{}",340.44979362,"123456789012","SunBird","BillingAccount","USD","2024-10-01T00:00:00Z","2024-09-01T00:00:00Z",NULL,NULL,"Usage",NULL,"Amazon Elastic Compute Cloud Virtual Machine in US West (Oregon)","2024-09-20T23:00:00Z","2024-09-20T22:00:00Z",NULL,NULL,NULL,NULL,NULL,NULL,NULL,110.7300000000,"Hours",NULL,382.52785800000004,3.4546,340.44979362,"AWS","AWS",411.317658,3.7146,"Dynamic","USD",110.73,"Hours","AWS","AWS","us-west-2","US West (Oregon)","arn:aws:ec2:us-west-2:123456789012:instance/i-0084592f2f03",NULL,"Virtual Machine","Compute","Amazon Elastic Compute Cloud","AWS","ZAGHCAT971ZB2NJ0","Amazon Elastic Compute Cloud Hours",NULL,"TT29M46WXRF41DBM.5G0SX9GA","663626350770","Zenith Apollo","BillingAccount","{""owner"": ""g.hopper"", ""environment"": ""staging"", ""cost_center"": ""CC-3090""}",NULL,"us-west-2b","Usage-Based","INV-202409-47429","Virtual Machines",3.4546,340.44979362,3.7146
"AllocatedMethodId-4058","AllocatedResourceId-2673","AllocatedResourceName-6827","{}",377.5015468,"01ABCD-2345EF-6789GH","Helios Labs","BillingAccount","USD","2024-10-01T00:00:00Z","2024-09-01T00:00:00Z",NULL,NULL,"Usage",NULL,"BigQuery Dataset in Northern Virginia","2024-09-11T22:00:00Z","2024-09-11T21:00:00Z","Usage","cd-908444","commit-8444",NULL,"Used","Reserved Instance",NULL,480.2000000000,"GiB",NULL,460.36773999999997,0.9587,377.5015468,"Google","Google",561.40182,1.1691,"Other","USD",480.20,"GiB","Google","Google","us-east4","Northern Virginia","//compute.googleapis.com/projects/helios-labs/zones/us-east4-a/instances/inst-5445",NULL,"Dataset","Analytics","BigQuery","Google","2F786P2RPQWCZ6UN","BigQuery GiB",NULL,"6CZKUDJPC6YRZKQO.TOWQ7ZVL","proj-helios-dev","helios-dev","BillingAccount","{""team"": ""platform"", ""business_unit"": ""MarseilleSRE""}",NULL,"europe-west1-b","Usage-Based","INV-202409-24692","Data Warehouses",0.9587,377.5015468,1.1691
"AllocatedMethodId-4162","AllocatedResourceId-9497","AllocatedResourceName-1189","{}",271.7396928,"ocid1.tenancy.oc1..aaaa1234","Meridian OCI","Tenancy","USD","2024-10-01T00:00:00Z","2024-09-01T00:00:00Z",NULL,NULL,"Usage",NULL,"Oracle Compute Instance in US East (Ashburn)","2024-09-03T18:00:00Z","2024-09-03T17:00:00Z",NULL,NULL,NULL,NULL,NULL,NULL,NULL,104.8000000000,"Hours",NULL,377.41624,3.6013,271.7396928,"Oracle","Oracle",454.71671999999995,4.3389,"Standard","USD",104.80,"Hours","Oracle","Oracle","us-ashburn-1","US East (Ashburn)","ocid1.instance.oc1.us-ashburn-1.0036ddabd66d",NULL,"Instance","Compute","Oracle Compute","Oracle","F1FLLHVCPZUW906E","Oracle Compute Hours",NULL,"CCTHU7ONNXI80ZAG.O6UUABKV","ocid1.compartment.oc1..dev","development","Tenancy","{""application"": ""NimbusAPI"", ""environment"": ""staging"", ""team"": ""infra""}",NULL,"uk-london-1-AD-2","Usage-Based","INV-202409-73166","Virtual Machines",3.6013,271.7396928,4.3389
"AllocatedMethodId-6783","AllocatedResourceId-3673","AllocatedResourceName-3208","{}",117.5733218,"123456789012","SunBird","BillingAccount","USD","2024-10-01T00:00:00Z","2024-09-01T00:00:00Z",NULL,NULL,"Usage",NULL,"Amazon Elastic Compute Cloud Virtual Machine in US East (N. Virginia)","2024-09-13T14:00:00Z","2024-09-13T13:00:00Z",NULL,NULL,NULL,NULL,NULL,NULL,NULL,481.5500000000,"Hours",NULL,189.63439,0.3938,117.5733218,"AWS","AWS",223.102115,0.4633,"Standard","USD",481.55,"Hours","AWS","AWS","us-east-1","US East (N. Virginia)","arn:aws:ec2:us-east-1:123456789012:instance/i-00ac0dc5292c",NULL,"Virtual Machine","Compute","Amazon Elastic Compute Cloud","AWS","HMZXCWVHGO082F61","Amazon Elastic Compute Cloud Hours",NULL,"5E4A8ATJNK9XB5G1.FJONIEMR","517389287820","Atlas Nimbus","BillingAccount","{""cost_center"": ""CC-2042""}",NULL,NULL,"Usage-Based","INV-202409-85561","Virtual Machines",0.3938,117.5733218,0.4633
"AllocatedMethodId-6584","AllocatedResourceId-8052","AllocatedResourceName-9272","{}",402.20100879,"123456789012","SunBird","BillingAccount","USD","2024-10-01T00:00:00Z","2024-09-01T00:00:00Z",NULL,NULL,"Usage",NULL,"Elastic Load Balancing Load Balancer in Europe (Ireland)","2024-09-29T10:00:00Z","2024-09-29T09:00:00Z",NULL,NULL,NULL,NULL,NULL,NULL,NULL,239.0100000000,"LCU-Hours",NULL,509.115201,2.1301,402.20100879,"AWS","AWS",808.116711,3.3811,"Standard","USD",239.01,"LCU-Hours","AWS","AWS","eu-west-1","Europe (Ireland)","arn:aws:ec2:eu-west-1:123456789012:instance/i-00c759f29310",NULL,"Load Balancer","Networking","Elastic Load Balancing","AWS","L0ICODYXE1U5FKHH","Elastic Load Balancing LCU-Hours",NULL,"91DE8FHIOOMDLUW6.5ID1JOHS","517389287820","Atlas Nimbus","BillingAccount","{""environment"": ""staging"", ""team"": ""platform""}",NULL,"us-east-1a","Usage-Based","INV-202409-96867","Application Networking",2.1301,402.20100879,3.3811
"AllocatedMethodId-5492","AllocatedResourceId-2280","AllocatedResourceName-5997","{}",23.14207269,"123456789012","SunBird","BillingAccount","USD","2024-10-01T00:00:00Z","2024-09-01T00:00:00Z",NULL,NULL,"Usage",NULL,"Amazon Elastic Compute Cloud Virtual Machine in Asia Pacific (Sydney)","2024-09-05T15:00:00Z","2024-09-05T14:00:00Z","Spend","cd-168264","commit-8264",NULL,"Used","Reserved Instance",NULL,24.2100000000,"Hours",NULL,34.540407,1.4267,23.14207269,"AWS","AWS",34.889031,1.4411,"Committed","USD",24.21,"Hours","AWS","AWS","ap-southeast-2","Asia Pacific (Sydney)","arn:aws:ec2:ap-southeast-2:123456789012:instance/i-00320f1d246b",NULL,"Virtual Machine","Compute","Amazon Elastic Compute Cloud","AWS","9AQQ0C8E5GQC9PR1","Amazon Elastic Compute Cloud Hours",NULL,"UQRWBZAV6C0I3QVZ.19O8WC5Q","663626350770","Zenith Apollo","BillingAccount","{""cost_center"": ""CC-1001""}",NULL,"eu-west-1c","Usage-Based","INV-202409-28567","Virtual Machines",1.4267,23.14207269,1.4411
"AllocatedMethodId-5839","AllocatedResourceId-1734","AllocatedResourceName-3590","{}",282.49362944,"8a93b2c1-1234-4abc-9def-0123456789ab","Contoso Cloud","BillingProfile","USD","2024-10-01T00:00:00Z","2024-09-01T00:00:00Z",NULL,NULL,"Usage",NULL,"Azure Load Balancer Load Balancer in East US","2024-09-27T12:00:00Z","2024-09-27T11:00:00Z",NULL,NULL,NULL,NULL,NULL,NULL,NULL,221.5400000000,"Hours",NULL,415.431808,1.8752,282.49362944,"Microsoft","Microsoft",477.507316,2.1554,"Other","USD",221.54,"Hours","Microsoft","Microsoft","eastus","East US","/subscriptions/8a93b2c1-1234-4abc-9def-0123456789ab/resourceGroups/rg-144/providers/Microsoft.Compute/virtualMachines/vm-8859",NULL,"Load Balancer","Networking","Azure Load Balancer","Microsoft","I7ZH4SY7UAIYI2YF","Azure Load Balancer Hours",NULL,"HYYI8Z1AMT7IRZ90.4CHZXYK5","sub-2b7c","Staging","BillingProfile","{""team"": ""platform"", ""owner"": ""k.johnson""}",NULL,"eastus-1","Usage-Based","INV-202409-74365","Application Networking",1.8752,282.49362944,2.1554
"AllocatedMethodId-9818","AllocatedResourceId-8954","AllocatedResourceName-9388","{}",101.124848,"123456789012","SunBird","BillingAccount","USD","2024-10-01T00:00:00Z","2024-09-01T00:00:00Z",NULL,NULL,"Usage",NULL,"Amazon Relational Database Service Database Instance in Asia Pacific (Sydney)","2024-09-09T20:00:00Z","2024-09-09T19:00:00Z",NULL,NULL,NULL,NULL,NULL,NULL,NULL,161.1500000000,"Hours",NULL,136.6552,0.8480,101.124848,"AWS","AWS",220.404855,1.3677,"Standard","USD",161.15,"Hours","AWS","AWS","ap-southeast-2","Asia Pacific (Sydney)","arn:aws:ec2:ap-southeast-2:123456789012:instance/i-0066e7016d97",NULL,"Database Instance","Databases","Amazon Relational Database Service","AWS","YE2LGXDVJAXOVMFM","Amazon Relational Database Service Hours",NULL,"H6RX0BVOSJPJIHAF.JRQOGRER","517389287820","Atlas Nimbus","BillingAccount","{""application"": ""AtlasPortal""}",NULL,NULL,"Usage-Based","INV-202409-14059","Relational Databases",0.8480,101.124848,1.3677
"AllocatedMethodId-3101","AllocatedResourceId-6274","AllocatedResourceName-4319","{}",417.19090176,"8a93b2c1-1234-4abc-9def-0123456789ab","Contoso Cloud","BillingProfile","USD","2024-10-01T00:00:00Z","2024-09-01T00:00:00Z",NULL,NULL,"Usage",NULL,"Azure SQL Database SQL Database in West Europe","2024-09-28T03:00:00Z","2024-09-28T02:00:00Z",NULL,NULL,NULL,NULL,NULL,NULL,NULL,295.8700000000,"Hours",NULL,579.4318079999999,1.9584,417.19090176,"Microsoft","Microsoft",804.7664000000001,2.7200,"Dynamic","USD",295.87,"Hours","Microsoft","Microsoft","westeurope","West Europe","/subscriptions/8a93b2c1-1234-4abc-9def-0123456789ab/resourceGroups/rg-458/providers/Microsoft.Compute/virtualMachines/vm-1019",NULL,"SQL Database","Databases","Azure SQL Database","Microsoft","FN57F6GACYJTK0W3","Azure SQL Database Hours",NULL,"71NVX642SWI0NT67.8JM5JUTS","sub-4d3e","Sandbox","BillingProfile",NULL,NULL,"uksouth-1","Usage-Based","INV-202409-34337","Relational Databases",1.9584,417.19090176,2.7200
"AllocatedMethodId-7351","AllocatedResourceId-2337","AllocatedResourceName-5544","{}",279.5377,"01ABCD-2345EF-6789GH","Helios Labs","BillingAccount","USD","2024-10-01T00:00:00Z","2024-09-01T00:00:00Z",NULL,NULL,"Purchase",NULL,"Compute Engine VM Instance in Iowa","2024-09-23T12:00:00Z","2024-09-23T11:00:00Z",NULL,NULL,NULL,NULL,NULL,NULL,NULL,NULL,NULL,NULL,279.5377,1.0100,0,"Google","Google",458.24808899999994,1.6557,"Standard","USD",276.77,"Hours","Google","Google","us-central1","Iowa","//compute.googleapis.com/projects/helios-labs/zones/us-central1-a/instances/inst-5458",NULL,"VM Instance","Compute","Compute Engine","Google","1YYC8I885TU62FID","Compute Engine Hours",NULL,"4UNENY9XMGXIZIGC.4SFQQOAH","proj-helios-dev","helios-dev","BillingAccount","{""environment"": ""dev"", ""cost_center"": ""CC-1001"", ""team"": ""growth""}",NULL,NULL,"Recurring","INV-202409-11995","Virtual Machines",1.0100,0,1.6557
"AllocatedMethodId-3090","AllocatedResourceId-9045","AllocatedResourceName-5726","{}",123.90948424,"01ABCD-2345EF-6789GH","Helios Labs","BillingAccount","USD","2024-10-01T00:00:00Z","2024-09-01T00:00:00Z",NULL,NULL,"Usage",NULL,"Cloud SQL Database Instance in Belgium","2024-09-14T02:00:00Z","2024-09-14T01:00:00Z",NULL,NULL,NULL,NULL,NULL,NULL,NULL,135.6200000000,"Hours",NULL,134.684222,0.9931,123.90948424,"Google","Google",138.847756,1.0238,"Standard","USD",135.62,"Hours","Google","Google","europe-west1","Belgium","//compute.googleapis.com/projects/helios-labs/zones/europe-west1-a/instances/inst-4649",NULL,"Database Instance","Databases","Cloud SQL","Google","PR2K13BFBCNTOST5","Cloud SQL Hours",NULL,"X8W90E776F46ZDIH.XJ5QN31O","proj-helios-dev","helios-dev","BillingAccount",NULL,NULL,"europe-west1-b","Usage-Based","INV-202409-77498","Relational Databases",0.9931,123.90948424,1.0238
"AllocatedMethodId-8059","AllocatedResourceId-3721","AllocatedResourceName-1601","{}",219.900213,"123456789012","SunBird","BillingAccount","USD","2024-10-01T00:00:00Z","2024-09-01T00:00:00Z",NULL,NULL,"Usage",NULL,"Amazon Simple Storage Service Bucket in US West (Oregon)","2024-09-07T21:00:00Z","2024-09-07T20:00:00Z","Usage","cd-403916","commit-3916",NULL,"Used","Reserved Instance",NULL,160.7500000000,"GB",NULL,281.92335,1.7538,219.900213,"AWS","AWS",447.49584999999996,2.7838,"Committed","USD",160.75,"GB","AWS","AWS","us-west-2","US West (Oregon)","arn:aws:ec2:us-west-2:123456789012:instance/i-0058c788faf2",NULL,"Bucket","Storage","Amazon Simple Storage Service","AWS","A3BOZY0WZAA2YIK9","Amazon Simple Storage Service GB",NULL,"JHL8IHN608K49Q2I.1QNNMATX","517389287820","Atlas Nimbus","BillingAccount","{""owner"": ""a.turing"", ""cost_center"": ""CC-3090"", ""environment"": ""qa""}",NULL,"ap-southeast-2a","Usage-Based","INV-202409-94390","Object Storage",1.7538,219.900213,2.7838
"AllocatedMethodId-9135","AllocatedResourceId-3904","AllocatedResourceName-9009","{}",25.12903994,"ocid1.tenancy.oc1..aaaa1234","Meridian OCI","Tenancy","USD","2024-10-01T00:00:00Z","2024-09-01T00:00:00Z",NULL,NULL,"Usage",NULL,"Oracle Functions Function in Australia East (Sydney)","2024-09-02T10:00:00Z","2024-09-02T09:00:00Z",NULL,NULL,NULL,NULL,NULL,NULL,NULL,47.2600000000,"Invocations",NULL,35.393014,0.7489,25.12903994,"Oracle","Oracle",47.82712,1.0120,"Standard","USD",47.26,"Invocations","Oracle","Oracle","ap-sydney-1","Australia East (Sydney)","ocid1.instance.oc1.ap-sydney-1.008614d6c0d7",NULL,"Function","Compute","Oracle Functions","Oracle","WGJQLHBYP39F4BT9","Oracle Functions Invocations",NULL,"OYQ7GF0VWX9XQKEP.5MGN0MZV","ocid1.compartment.oc1..dev","development","Tenancy","{""business_unit"": ""ViennaAI"", ""cost_center"": ""CC-3090"", ""application"": ""AtlasPortal""}",NULL,NULL,"Usage-Based","INV-202409-85523","Serverless Compute",0.7489,25.12903994,1.0120
"AllocatedMethodId-8541","AllocatedResourceId-1303","AllocatedResourceName-6109","{}",454.9895172,"ocid1.tenancy.oc1..aaaa1234","Meridian OCI","Tenancy","USD","2024-10-01T00:00:00Z","2024-09-01T00:00:00Z",NULL,NULL,"Usage",NULL,"Oracle Functions Function in UK South (London)","2024-09-21T08:00:00Z","2024-09-21T07:00:00Z",NULL,NULL,NULL,NULL,NULL,NULL,NULL,180.4500000000,"Invocations",NULL,489.23603999999995,2.7112,454.9895172,"Oracle","Oracle",504.35774999999995,2.7950,"Standard","USD",180.45,"Invocations","Oracle","Oracle","uk-london-1","UK South (London)","ocid1.instance.oc1.uk-london-1.00a2ef77ca25",NULL,"Function","Compute","Oracle Functions","Oracle","TL15IMMA5ZHXBCGE","Oracle Functions Invocations",NULL,"FOGVT7ATSLM0Q5KE.QAFA7ZGY","ocid1.compartment.oc1..dev","development","Tenancy","{""application"": ""BrightSourceCore"", ""cost_center"": ""CC-3090"", ""business_unit"": ""ViennaAI""}",NULL,NULL,"Usage-Based","INV-202409-42779","Serverless Compute",2.7112,454.9895172,2.7950
"AllocatedMethodId-7946","AllocatedResourceId-9322","AllocatedResourceName-6575","{}",905.9019,"123456789012","SunBird","BillingAccount","USD","2024-10-01T00:00:00Z","2024-09-01T00:00:00Z",NULL,NULL,"Purchase",NULL,"Amazon Relational Database Service Database Instance in Asia Pacific (Sydney)","2024-09-23T16:00:00Z","2024-09-23T15:00:00Z",NULL,NULL,NULL,NULL,NULL,NULL,NULL,NULL,NULL,NULL,905.9019,3.9890,0,"AWS","AWS",1065.7803,4.6930,"Dynamic","USD",227.10,"Hours","AWS","AWS","ap-southeast-2","Asia Pacific (Sydney)","arn:aws:ec2:ap-southeast-2:123456789012:instance/i-00c3ddfa1d42",NULL,"Database Instance","Databases","Amazon Relational Database Service","AWS","ZHCLM3L1TOLDX6Y2","Amazon Relational Database Service Hours",NULL,"KRX4GXX2MK53AHHV.TG35NL0A","517389287820","Atlas Nimbus","BillingAccount",NULL,NULL,NULL,"One-Time","INV-202409-86839","Relational Databases",3.9890,0,4.6930
"AllocatedMethodId-4883","AllocatedResourceId-8224","AllocatedResourceName-6724","{}",353.20633344,"ocid1.tenancy.oc1..aaaa1234","Meridian OCI","Tenancy","USD","2024-10-01T00:00:00Z","2024-09-01T00:00:00Z",NULL,NULL,"Usage",NULL,"Oracle Load Balancer Load Balancer in Australia East (Sydney)","2024-09-03T17:00:00Z","2024-09-03T16:00:00Z","Usage","cd-496888","commit-6888",NULL,"Unused","Committed Use Discount",NULL,NULL,NULL,NULL,477.305856,2.7828,353.20633344,"Oracle","Oracle",518.813696,3.0248,"Committed","USD",171.52,"Hours","Oracle","Oracle","ap-sydney-1","Australia East (Sydney)","ocid1.instance.oc1.ap-sydney-1.00946ef641bc",NULL,"Load Balancer","Networking","Oracle Load Balancer","Oracle","Z51WZQV72YYQQ2FW","Oracle Load Balancer Hours",NULL,"WPR2QUCIQBXP25KA.9R7ZUOQV","ocid1.compartment.oc1..dev","development","Tenancy","{""environment"": ""staging"", ""team"": ""infra"", ""business_unit"": ""ViennaAI""}",NULL,"us-ashburn-1-AD-1","Usage-Based","INV-202409-13537","Application Networking",2.7828,353.20633344,3.0248
"AllocatedMethodId-5647","AllocatedResourceId-2143","AllocatedResourceName-1874","{}",254.35376,"01ABCD-2345EF-6789GH","Helios Labs","BillingAccount","USD","2024-10-01T00:00:00Z","2024-09-01T00:00:00Z",NULL,NULL,"Usage",NULL,"Cloud Functions Function in Iowa","2024-09-23T10:00:00Z","2024-09-23T09:00:00Z","Spend","cd-297644","commit-7644",NULL,"Used","Committed Use Discount",NULL,107.9600000000,"Invocations",NULL,334.676,3.1000,254.35376,"Google","Google",393.73011999999994,3.6470,"Committed","USD",107.96,"Invocations","Google","Google","us-central1","Iowa","//compute.googleapis.com/projects/helios-labs/zones/us-central1-a/instances/inst-2902",NULL,"Function","Compute","Cloud Functions","Google","WAYNLQBUGCJ0X7O8","Cloud Functions Invocations",NULL,"21NMSZ3R1RZ1CPNI.5M4QHVJD","proj-helios-dev","helios-dev","BillingAccount","{""team"": ""growth"", ""business_unit"": ""ViennaAI"", ""application"": ""NimbusAPI""}",NULL,"us-central1-a","Usage-Based","INV-202409-85440","Serverless Compute",3.1000,254.35376,3.6470
"AllocatedMethodId-2678","AllocatedResourceId-4393","AllocatedResourceName-5070","{}",159.1832388,"123456789012","SunBird","BillingAccount","USD","2024-10-01T00:00:00Z","2024-09-01T00:00:00Z",NULL,NULL,"Usage",NULL,"Amazon Elastic Compute Cloud Virtual Machine in US West (Oregon)","2024-09-21T21:00:00Z","2024-09-21T20:00:00Z","Usage","cd-642898","commit-2898",NULL,"Unused","Committed Use Discount",NULL,NULL,NULL,NULL,209.45163,3.8013,159.1832388,"AWS","AWS",240.74843,4.3693,"Committed","USD",55.10,"Hours","AWS","AWS","us-west-2","US West (Oregon)","arn:aws:ec2:us-west-2:123456789012:instance/i-00899ac0474b",NULL,"Virtual Machine","Compute","Amazon Elastic Compute Cloud","AWS","XR47NVBWL0CL3BZ7","Amazon Elastic Compute Cloud Hours",NULL,"4V14D4F8HKLPZGNH.IM53QX7T","663626350770","Zenith Apollo","BillingAccount","{""team"": ""payments"", ""environment"": ""prod"", ""cost_center"": ""CC-2042""}",NULL,"eu-west-1c","Usage-Based","INV-202409-98102","Virtual Machines",3.8013,159.1832388,4.3693
"AllocatedMethodId-8012","AllocatedResourceId-9068","AllocatedResourceName-9507","{}",15.7996575,"ocid1.tenancy.oc1..aaaa1234","Meridian OCI","Tenancy","USD","2024-10-01T00:00:00Z","2024-09-01T00:00:00Z",NULL,NULL,"Usage",NULL,"Oracle Functions Function in Australia East (Sydney)","2024-09-01T10:00:00Z","2024-09-01T09:00:00Z","Usage","cd-758472","commit-8472",NULL,"Unused","Committed Use Discount",NULL,NULL,NULL,NULL,17.555175000000002,0.0451,15.7996575,"Oracle","Oracle",22.81005,0.0586,"Committed","USD",389.25,"Invocations","Oracle","Oracle","ap-sydney-1","Australia East (Sydney)","ocid1.instance.oc1.ap-sydney-1.00218ce685d4",NULL,"Function","Compute","Oracle Functions","Oracle","5C37N8T27R6MAOQ7","Oracle Functions Invocations",NULL,"W3N1VSASQI4L6DAM.H296PYQP","ocid1.compartment.oc1..dev","development","Tenancy",NULL,NULL,"uk-london-1-AD-2","Usage-Based","INV-202409-20840","Serverless Compute",0.0451,15.7996575,0.0586
"AllocatedMethodId-2530","AllocatedResourceId-6347","AllocatedResourceName-1071","{}",218.08878783,"01ABCD-2345EF-6789GH","Helios Labs","BillingAccount","USD","2024-10-01T00:00:00Z","2024-09-01T00:00:00Z",NULL,NULL,"Usage",NULL,"Cloud Load Balancing Forwarding Rule in Singapore","2024-09-12T10:00:00Z","2024-09-12T09:00:00Z",NULL,NULL,NULL,NULL,NULL,NULL,NULL,286.2700000000,"Hours",NULL,316.070707,1.1041,218.08878783,"Google","Google",451.53367099999997,1.5773,"Other","USD",286.27,"Hours","Google","Google","asia-southeast1","Singapore","//compute.googleapis.com/projects/helios-labs/zones/asia-southeast1-a/instances/inst-2723",NULL,"Forwarding Rule","Networking","Cloud Load Balancing","Google","X1AVJ1DHXKNCIZYM","Cloud Load Balancing Hours",NULL,"OBKPWZWQAPB2HWRD.L3NKBHJW","proj-helios-dev","helios-dev","BillingAccount",NULL,NULL,NULL,"Usage-Based","INV-202409-38180","Application Networking",1.1041,218.08878783,1.5773
"AllocatedMethodId-8651","AllocatedResourceId-7861","AllocatedResourceName-9648","{}",954.84981,"123456789012","SunBird","BillingAccount","USD","2024-10-01T00:00:00Z","2024-09-01T00:00:00Z",NULL,NULL,"Purchase",NULL,"Amazon Relational Database Service Database Instance in US West (Oregon)","2024-09-04T09:00:00Z","2024-09-04T08:00:00Z",NULL,NULL,NULL,NULL,NULL,NULL,NULL,NULL,NULL,NULL,954.84981,2.7290,0,"AWS","AWS",1326.1880669999998,3.7903,"Standard","USD",349.89,"Hours","AWS","AWS","us-west-2","US West (Oregon)","arn:aws:ec2:us-west-2:123456789012:instance/i-0053d9849de5",NULL,"Database Instance","Databases","Amazon Relational Database Service","AWS","DWT7S2N7W252N7JR","Amazon Relational Database Service Hours",NULL,"VUP7GXF8K5JM6I1R.IWG6VLXX","517389287820","Atlas Nimbus","BillingAccount","{""business_unit"": ""ViennaAI""}",NULL,NULL,"One-Time","INV-202409-94740","Relational Databases",2.7290,0,3.7903
"AllocatedMethodId-8329","AllocatedResourceId-3431","AllocatedResourceName-5726","{}",86.6062035,"123456789012","SunBird","BillingAccount","USD","2024-10-01T00:00:00Z","2024-09-01T00:00:00Z",NULL,NULL,"Usage",NULL,"Amazon Relational Database Service Database Instance in Europe (Ireland)","2024-09-02T19:00:00Z","2024-09-02T18:00:00Z","Usage","cd-444294","commit-4294",NULL,"Unused","Savings Plan",NULL,NULL,NULL,NULL,93.12495,1.5025,86.6062035,"AWS","AWS",131.16207599999998,2.1162,"Committed","USD",61.98,"Hours","AWS","AWS","eu-west-1","Europe (Ireland)","arn:aws:ec2:eu-west-1:123456789012:instance/i-00a9cb21dba7",NULL,"Database Instance","Databases","Amazon Relational Database Service","AWS","IQS0SCPVB20XWWNX","Amazon Relational Database Service Hours",NULL,"V66ED6IJ22VT2255.RXLXSHIN","663626350770","Zenith Apollo","BillingAccount","{""business_unit"": ""OsloData"", ""application"": ""BrightLensMatrix"", ""owner"": ""k.johnson""}",NULL,NULL,"Usage-Based","INV-202409-77412","Relational Databases",1.5025,86.6062035,2.1162
"AllocatedMethodId-4942","AllocatedResourceId-5747","AllocatedResourceName-6786","{}",198.4498362,"8a93b2c1-1234-4abc-9def-0123456789ab","Contoso Cloud","BillingProfile","USD","2024-10-01T00:00:00Z","2024-09-01T00:00:00Z",NULL,NULL,"Usage",NULL,"Azure Kubernetes Service Cluster in UK South","2024-09-02T16:00:00Z","2024-09-02T15:00:00Z",NULL,NULL,NULL,NULL,NULL,NULL,NULL,142.5200000000,"Hours",NULL,200.45438000000001,1.4065,198.4498362,"Microsoft","Microsoft",235.82784400000003,1.6547,"Other","USD",142.52,"Hours","Microsoft","Microsoft","uksouth","UK South","/subscriptions/8a93b2c1-1234-4abc-9def-0123456789ab/resourceGroups/rg-700/providers/Microsoft.Compute/virtualMachines/vm-6532",NULL,"Cluster","Compute","Azure Kubernetes Service","Microsoft","V05HJVXOVBK212QB","Azure Kubernetes Service Hours",NULL,"YTHJJ5J4ZXMESXHM.RG5DDVSX","sub-4d3e","Sandbox","BillingProfile","{""owner"": ""k.johnson"", ""team"": ""platform"", ""cost_center"": ""CC-2042""}",NULL,"eastus-1","Usage-Based","INV-202409-54091","Containers",1.4065,198.4498362,1.6547
"AllocatedMethodId-4226","AllocatedResourceId-2282","AllocatedResourceName-2521","{}",1177.4282484,"01ABCD-2345EF-6789GH","Helios Labs","BillingAccount","USD","2024-10-01T00:00:00Z","2024-09-01T00:00:00Z",NULL,NULL,"Usage",NULL,"Cloud Functions Function in Singapore","2024-09-19T14:00:00Z","2024-09-19T13:00:00Z",NULL,NULL,NULL,NULL,NULL,NULL,NULL,496.0500000000,"Invocations",NULL,1731.51213,3.4906,1177.4282484,"Google","Google",2371.91268,4.7816,"Dynamic","USD",496.05,"Invocations","Google","Google","asia-southeast1","Singapore","//compute.googleapis.com/projects/helios-labs/zones/asia-southeast1-a/instances/inst-8828",NULL,"Function","Compute","Cloud Functions","Google","WATFB60DSMF4FXV4","Cloud Functions Invocations",NULL,"9UKF3OOZ9YCPE0C7.768WBFCX","proj-helios-dev","helios-dev","BillingAccount","{""owner"": ""a.turing"", ""team"": ""platform""}",NULL,NULL,"Usage-Based","INV-202409-58733","Serverless Compute",3.4906,1177.4282484,4.7816
"AllocatedMethodId-1491","AllocatedResourceId-5221","AllocatedResourceName-8587","{}",37.957788,"123456789012","SunBird","BillingAccount","USD","2024-10-01T00:00:00Z","2024-09-01T00:00:00Z",NULL,NULL,"Usage",NULL,"Amazon Relational Database Service Database Instance in US West (Oregon)","2024-09-02T21:00:00Z","2024-09-02T20:00:00Z",NULL,NULL,NULL,NULL,NULL,NULL,NULL,16.5000000000,"Hours",NULL,42.6492,2.5848,37.957788,"AWS","AWS",58.4232,3.5408,"Standard","USD",16.50,"Hours","AWS","AWS","us-west-2","US West (Oregon)","arn:aws:ec2:us-west-2:123456789012:instance/i-00c2f2e1877c",NULL,"Database Instance","Databases","Amazon Relational Database Service","AWS","P8927KE98N7TS27G","Amazon Relational Database Service Hours",NULL,"021ZPRIA8OT6FLSL.Z1S4RJ0T","517389287820","Atlas Nimbus","BillingAccount","{""environment"": ""prod"", ""team"": ""payments""}",NULL,NULL,"Usage-Based","INV-202409-46020","Relational Databases",2.5848,37.957788,3.5408
"AllocatedMethodId-4711","AllocatedResourceId-8662","AllocatedResourceName-4404","{}",664.54470195,"8a93b2c1-1234-4abc-9def-0123456789ab","Contoso Cloud","BillingProfile","USD","2024-10-01T00:00:00Z","2024-09-01T00:00:00Z",NULL,NULL,"Usage",NULL,"Azure Load Balancer Load Balancer in West Europe","2024-09-26T14:00:00Z","2024-09-26T13:00:00Z",NULL,NULL,NULL,NULL,NULL,NULL,NULL,296.9500000000,"Hours",NULL,763.844485,2.5723,664.54470195,"Microsoft","Microsoft",966.8988949999999,3.2561,"Dynamic","USD",296.95,"Hours","Microsoft","Microsoft","westeurope","West Europe","/subscriptions/8a93b2c1-1234-4abc-9def-0123456789ab/resourceGroups/rg-104/providers/Microsoft.Compute/virtualMachines/vm-7084",NULL,"Load Balancer","Networking","Azure Load Balancer","Microsoft","TQYNVPFUV1ZTJMRA","Azure Load Balancer Hours",NULL,"JYA9YRYY07EH8LIJ.PIRY95IL","sub-2b7c","Staging","BillingProfile","{""business_unit"": ""MarseilleSRE"", ""cost_center"": ""CC-2042""}",NULL,"westeurope-2","Usage-Based","INV-202409-16875","Application Networking",2.5723,664.54470195,3.2561
"AllocatedMethodId-9357","AllocatedResourceId-8066","AllocatedResourceName-8259","{}",557.034075,"8a93b2c1-1234-4abc-9def-0123456789ab","Contoso Cloud","BillingProfile","USD","2024-10-01T00:00:00Z","2024-09-01T00:00:00Z",NULL,NULL,"Purchase",NULL,"Azure Kubernetes Service Cluster in Southeast Asia","2024-09-17T13:00:00Z","2024-09-17T12:00:00Z",NULL,NULL,NULL,NULL,NULL,NULL,NULL,NULL,NULL,NULL,557.034075,2.1645,0,"Microsoft","Microsoft",633.0037950000001,2.4597,"Standard","USD",257.35,"Hours","Microsoft","Microsoft","southeastasia","Southeast Asia","/subscriptions/8a93b2c1-1234-4abc-9def-0123456789ab/resourceGroups/rg-533/providers/Microsoft.Compute/virtualMachines/vm-5664",NULL,"Cluster","Compute","Azure Kubernetes Service","Microsoft","2ZX36Y9ADWVEIZ41","Azure Kubernetes Service Hours",NULL,"QQQN0OK3CX0GQ1WM.QQLCDSJF","sub-9a1f","Production","BillingProfile","{""environment"": ""staging"", ""application"": ""AtlasPortal"", ""business_unit"": ""LisbonOps""}",NULL,NULL,"Recurring","INV-202409-99784","Containers",2.1645,0,2.4597
"AllocatedMethodId-8522","AllocatedResourceId-5841","AllocatedResourceName-7658","{}",66.06263642,"01ABCD-2345EF-6789GH","Helios Labs","BillingAccount","USD","2024-10-01T00:00:00Z","2024-09-01T00:00:00Z",NULL,NULL,"Usage",NULL,"BigQuery Dataset in Iowa","2024-09-06T21:00:00Z","2024-09-06T20:00:00Z",NULL,NULL,NULL,NULL,NULL,NULL,NULL,315.7900000000,"GiB",NULL,89.27383300000001,0.2827,66.06263642,"Google","Google",146.36866500000002,0.4635,"Standard","USD",315.79,"GiB","Google","Google","us-central1","Iowa","//compute.googleapis.com/projects/helios-labs/zones/us-central1-a/instances/inst-7024",NULL,"Dataset","Analytics","BigQuery","Google","POU9UD8FQMLL6410","BigQuery GiB",NULL,"NL5DRINN9GAZC6E5.CCXJIF7R","proj-helios-dev","helios-dev","BillingAccount",NULL,NULL,"europe-west1-b","Usage-Based","INV-202409-55819","Data Warehouses",0.2827,66.06263642,0.4635
"AllocatedMethodId-7581","AllocatedResourceId-2416","AllocatedResourceName-7780","{}",340.0751952,"01ABCD-2345EF-6789GH","Helios Labs","BillingAccount","USD","2024-10-01T00:00:00Z","2024-09-01T00:00:00Z",NULL,NULL,"Usage","Correction","Cloud Functions Function in Iowa","2024-09-06T16:00:00Z","2024-09-06T15:00:00Z",NULL,NULL,NULL,NULL,NULL,NULL,NULL,175.6800000000,"Invocations",NULL,523.1926080000001,2.9781,340.0751952,"Google","Google",544.994496,3.1022,"Standard","USD",175.68,"Invocations","Google","Google","us-central1","Iowa","//compute.googleapis.com/projects/helios-labs/zones/us-central1-a/instances/inst-5048",NULL,"Function","Compute","Cloud Functions","Google","XHOC1EAJIGZ93SVM","Cloud Functions Invocations",NULL,"3HS2PJCSPFI2SPFL.010WZCLO","proj-helios-dev","helios-dev","BillingAccount","{""environment"": ""prod"", ""application"": ""NimbusAPI"", ""business_unit"": ""LisbonOps""}",NULL,NULL,"Usage-Based","INV-202409-36377","Serverless Compute",2.9781,340.0751952,3.1022
"AllocatedMethodId-9650","AllocatedResourceId-4722","AllocatedResourceName-1525","{}",211.97747424,"01ABCD-2345EF-6789GH","Helios Labs","BillingAccount","USD","2024-10-01T00:00:00Z","2024-09-01T00:00:00Z",NULL,NULL,"Usage",NULL,"Cloud SQL Database Instance in Iowa","2024-09-07T06:00:00Z","2024-09-07T05:00:00Z",NULL,NULL,NULL,NULL,NULL,NULL,NULL,169.1900000000,"Hours",NULL,220.809869,1.3051,211.97747424,"Google","Google",356.14495,2.1050,"Standard","USD",169.19,"Hours","Google","Google","us-central1","Iowa","//compute.googleapis.com/projects/helios-labs/zones/us-central1-a/instances/inst-7755",NULL,"Database Instance","Databases","Cloud SQL","Google","AW195C1AU3EELF7F","Cloud SQL Hours",NULL,"Y3MLPXMOOBXR7SUF.0V4D2SMJ","proj-helios-dev","helios-dev","BillingAccount","{""owner"": ""g.hopper"", ""application"": ""NimbusAPI""}",NULL,NULL,"Usage-Based","INV-202409-24191","Relational Databases",1.3051,211.97747424,2.1050
"AllocatedMethodId-8357","AllocatedResourceId-9832","AllocatedResourceName-7129","{}",808.917795,"8a93b2c1-1234-4abc-9def-0123456789ab","Contoso Cloud","BillingProfile","USD","2024-10-01T00:00:00Z","2024-09-01T00:00:00Z",NULL,NULL,"Usage",NULL,"Azure SQL Database SQL Database in West Europe","2024-09-30T04:00:00Z","2024-09-30T03:00:00Z","Spend","cd-701397","commit-1397",NULL,"Used","Reserved Instance",NULL,392.0600000000,"Hours",NULL,898.79755,2.2925,808.917795,"Microsoft","Microsoft",1231.225224,3.1404,"Committed","USD",392.06,"Hours","Microsoft","Microsoft","westeurope","West Europe","/subscriptions/8a93b2c1-1234-4abc-9def-0123456789ab/resourceGroups/rg-112/providers/Microsoft.Compute/virtualMachines/vm-737",NULL,"SQL Database","Databases","Azure SQL Database","Microsoft","ZXPO0MPAU4XTM3DA","Azure SQL Database Hours",NULL,"8SHZQO22CJG3AR2D.HLVK9ON4","sub-2b7c","Staging","BillingProfile","{""application"": ""BrightLensMatrix"", ""business_unit"": ""OsloData"", ""cost_center"": ""CC-1001""}",NULL,"eastus-1","Usage-Based","INV-202409-22128","Relational Databases",2.2925,808.917795,3.1404
"AllocatedMethodId-3986","AllocatedResourceId-8375","AllocatedResourceName-2813","{}",35.81005953,"ocid1.tenancy.oc1..aaaa1234","Meridian OCI","Tenancy","USD","2024-10-01T00:00:00Z","2024-09-01T00:00:00Z",NULL,NULL,"Usage",NULL,"Oracle Load Balancer Load Balancer in US East (Ashburn)","2024-09-17T04:00:00Z","2024-09-17T03:00:00Z",NULL,NULL,NULL,NULL,NULL,NULL,NULL,177.3100000000,"Hours",NULL,51.898637,0.2927,35.81005953,"Oracle","Oracle",83.708051,0.4721,"Standard","USD",177.31,"Hours","Oracle","Oracle","us-ashburn-1","US East (Ashburn)","ocid1.instance.oc1.us-ashburn-1.006ff7fc6f96",NULL,"Load Balancer","Networking","Oracle Load Balancer","Oracle","XFY9MPE5NYS5B7QT","Oracle Load Balancer Hours",NULL,"CYWSWJVMX3B5YXAQ.ZLA48U1J","ocid1.compartment.oc1..dev","development","Tenancy","{""owner"": ""a.lovelace""}",NULL,NULL,"Usage-Based","INV-202409-95531","Application Networking",0.2927,35.81005953,0.4721
"AllocatedMethodId-6209","AllocatedResourceId-6931","AllocatedResourceName-7395","{}",103.61362000000001,"8a93b2c1-1234-4abc-9def-0123456789ab","Contoso Cloud","BillingProfile","USD","2024-10-01T00:00:00Z","2024-09-01T00:00:00Z",NULL,NULL,"Purchase",NULL,"Azure Kubernetes Service Cluster in East US","2024-09-27T23:00:00Z","2024-09-27T22:00:00Z",NULL,NULL,NULL,NULL,NULL,NULL,NULL,NULL,NULL,NULL,103.61362000000001,0.2530,0,"Microsoft","Microsoft",132.85477600000002,0.3244,"Other","USD",409.54,"Hours","Microsoft","Microsoft","eastus","East US","/subscriptions/8a93b2c1-1234-4abc-9def-0123456789ab/resourceGroups/rg-755/providers/Microsoft.Compute/virtualMachines/vm-1897",NULL,"Cluster","Compute","Azure Kubernetes Service","Microsoft","ERA9E3DDMI5ZK7BW","Azure Kubernetes Service Hours",NULL,"73355DFR3IY6IGGV.1ZT1B52M","sub-9a1f","Production","BillingProfile","{""cost_center"": ""CC-1001""}",NULL,NULL,"Recurring","INV-202409-93327","Containers",0.2530,0,0.3244
"AllocatedMethodId-3016","AllocatedResourceId-3436","AllocatedResourceName-7250","{}",780.66780102,"123456789012","SunBird","BillingAccount","USD","2024-10-01T00:00:00Z","2024-09-01T00:00:00Z",NULL,NULL,"Usage",NULL,"Elastic Load Balancing Load Balancer in US West (Oregon)","2024-09-02T14:00:00Z","2024-09-02T13:00:00Z",NULL,NULL,NULL,NULL,NULL,NULL,NULL,485.4700000000,"LCU-Hours",NULL,804.812166,1.6578,780.66780102,"AWS","AWS",894.2357400000001,1.8420,"Standard","USD",485.47,"LCU-Hours","AWS","AWS","us-west-2","US West (Oregon)","arn:aws:ec2:us-west-2:123456789012:instance/i-008eb51d6a70",NULL,"Load Balancer","Networking","Elastic Load Balancing","AWS","R704MX8H9IH55Q62","Elastic Load Balancing LCU-Hours",NULL,"S52PXV9TN8PXY4HL.WJCFMDYQ","517389287820","Atlas Nimbus","BillingAccount","{""team"": ""growth"", ""business_unit"": ""ViennaAI"", ""environment"": ""prod""}",NULL,"us-east-1a","Usage-Based","INV-202409-65808","Application Networking",1.6578,780.66780102,1.8420
"AllocatedMethodId-5536","AllocatedResourceId-8198","AllocatedResourceName-7119","{}",88.0360098,"ocid1.tenancy.oc1..aaaa1234","Meridian OCI","Tenancy","USD","2024-10-01T00:00:00Z","2024-09-01T00:00:00Z",NULL,NULL,"Usage",NULL,"Oracle Compute Instance in Australia East (Sydney)","2024-09-25T07:00:00Z","2024-09-25T06:00:00Z","Spend","cd-180008","commit-0008",NULL,"Unused","Committed Use Discount",NULL,NULL,NULL,NULL,127.58842,1.3490,88.0360098,"Oracle","Oracle",174.774382,1.8479,"Committed","USD",94.58,"Hours","Oracle","Oracle","ap-sydney-1","Australia East (Sydney)","ocid1.instance.oc1.ap-sydney-1.00e3cc753da5",NULL,"Instance","Compute","Oracle Compute","Oracle","4XOPVVL1KDIR95Q4","Oracle Compute Hours",NULL,"6HHL9KZMSXH2OKII.OF2361VA","ocid1.compartment.oc1..prod","production","Tenancy","{""business_unit"": ""LisbonOps""}",NULL,NULL,"Usage-Based","INV-202409-42020","Virtual Machines",1.3490,88.0360098,1.8479
"AllocatedMethodId-1990","AllocatedResourceId-2105","AllocatedResourceName-1256","{}",900.6651850000001,"123456789012","SunBird","BillingAccount","USD","2024-10-01T00:00:00Z","2024-09-01T00:00:00Z",NULL,NULL,"Purchase",NULL,"Amazon Relational Database Service Database Instance in Europe (Ireland)","2024-09-30T14:00:00Z","2024-09-30T13:00:00Z",NULL,NULL,NULL,NULL,NULL,NULL,NULL,NULL,NULL,NULL,900.6651850000001,2.3065,0,"AWS","AWS",1098.370272,2.8128,"Dynamic","USD",390.49,"Hours","AWS","AWS","eu-west-1","Europe (Ireland)","arn:aws:ec2:eu-west-1:123456789012:instance/i-0056a1ff9bf2",NULL,"Database Instance","Databases","Amazon Relational Database Service","AWS","6EEV5WCJ3KDR6CMY","Amazon Relational Database Service Hours",NULL,"X2W0LQMMG08Y3A78.UUBZRORR","438839167390","Zenith Eclipse","BillingAccount","{""business_unit"": ""OsloData""}",NULL,NULL,"One-Time","INV-202409-23913","Relational Databases",2.3065,0,2.8128
"AllocatedMethodId-5095","AllocatedResourceId-5661","AllocatedResourceName-1064","{}",119.50983,"01ABCD-2345EF-6789GH","Helios Labs","BillingAccount","USD","2024-10-01T00:00:00Z","2024-09-01T00:00:00Z",NULL,NULL,"Usage",NULL,"Cloud Storage Bucket in Northern Virginia","2024-09-12T03:00:00Z","2024-09-12T02:00:00Z",NULL,NULL,NULL,NULL,NULL,NULL,NULL,420.7500000000,"GiB",NULL,199.18305,0.4734,119.50983,"Google","Google",316.15155,0.7514,"Standard","USD",420.75,"GiB","Google","Google","us-east4","Northern Virginia","//compute.googleapis.com/projects/helios-labs/zones/us-east4-a/instances/inst-512",NULL,"Bucket","Storage","Cloud Storage","Google","PX2UN7T6EGFU5CMT","Cloud Storage GiB",NULL,"3XZDF0SKYLTVUS0K.ALHOVQYK","proj-helios-dev","helios-dev","BillingAccount","{""cost_center"": ""CC-3090"", ""owner"": ""a.lovelace"", ""team"": ""payments""}",NULL,NULL,"Usage-Based","INV-202409-28885","Object Storage",0.4734,119.50983,0.7514
"AllocatedMethodId-3301","AllocatedResourceId-9485","AllocatedResourceName-6579","{}",31.3211808,"ocid1.tenancy.oc1..aaaa1234","Meridian OCI","Tenancy","USD","2024-10-01T00:00:00Z","2024-09-01T00:00:00Z",NULL,NULL,"Usage",NULL,"Oracle Compute Instance in UK South (London)","2024-09-29T11:00:00Z","2024-09-29T10:00:00Z",NULL,NULL,NULL,NULL,NULL,NULL,NULL,191.5200000000,"Hours",NULL,36.848448,0.1924,31.3211808,"Oracle","Oracle",59.447808,0.3104,"Dynamic","USD",191.52,"Hours","Oracle","Oracle","uk-london-1","UK South (London)","ocid1.instance.oc1.uk-london-1.00aa359b6199",NULL,"Instance","Compute","Oracle Compute","Oracle","7ED2WGZMVIEQFLAK","Oracle Compute Hours",NULL,"KSG5VZEY6CV1QF7V.RHMNM1ZX","ocid1.compartment.oc1..prod","production","Tenancy","{""owner"": ""a.lovelace"", ""application"": ""NimbusAPI""}",NULL,"us-ashburn-1-AD-1","Usage-Based","INV-202409-11616","Virtual Machines",0.1924,31.3211808,0.3104
"AllocatedMethodId-7606","AllocatedResourceId-6963","AllocatedResourceName-5870","{}",594.74968672,"123456789012","SunBird","BillingAccount","USD","2024-10-01T00:00:00Z","2024-09-01T00:00:00Z",NULL,NULL,"Usage",NULL,"Amazon Relational Database Service Database Instance in Asia Pacific (Sydney)","2024-09-14T16:00:00Z","2024-09-14T15:00:00Z",NULL,NULL,NULL,NULL,NULL,NULL,NULL,306.3200000000,"Hours",NULL,725.304496,2.3678,594.74968672,"AWS","AWS",1021.5465680000001,3.3349,"Other","USD",306.32,"Hours","AWS","AWS","ap-southeast-2","Asia Pacific (Sydney)","arn:aws:ec2:ap-southeast-2:123456789012:instance/i-002c7408150f",NULL,"Database Instance","Databases","Amazon Relational Database Service","AWS","HGSKR6HSHSAFN6XZ","Amazon Relational Database Service Hours",NULL,"MHSK0UJAHKBG2TCJ.D6TT1667","663626350770","Zenith Apollo","BillingAccount","{""owner"": ""k.johnson""}",NULL,NULL,"Usage-Based","INV-202409-61249","Relational Databases",2.3678,594.74968672,3.3349
"AllocatedMethodId-6094","AllocatedResourceId-3205","AllocatedResourceName-4242","{}",624.8270112,"123456789012","SunBird","BillingAccount","USD","2024-10-01T00:00:00Z","2024-09-01T00:00:00Z",NULL,NULL,"Usage",NULL,"AWS Lambda Function in US West (Oregon)","2024-09-09T00:00:00Z","2024-09-08T23:00:00Z","Usage","cd-536566","commit-6566",NULL,"Used","Savings Plan",NULL,192.8000000000,"Requests",NULL,743.84168,3.8581,624.8270112,"AWS","AWS",854.99088,4.4346,"Other","USD",192.80,"Requests","AWS","AWS","us-west-2","US West (Oregon)","arn:aws:ec2:us-west-2:123456789012:instance/i-004761a5f0f9",NULL,"Function","Compute","AWS Lambda","AWS","D7UINGWZ8KPSL8QA","AWS Lambda Requests",NULL,"IJQZLZ4FPKAIUPQK.P812C24Y","438839167390","Zenith Eclipse","BillingAccount","{""environment"": ""prod"", ""owner"": ""a.lovelace""}",NULL,NULL,"Usage-Based","INV-202409-13884","Serverless Compute",3.8581,624.8270112,4.4346
"AllocatedMethodId-1349","AllocatedResourceId-8833","AllocatedResourceName-1650","{}",1192.642464,"ocid1.tenancy.oc1..aaaa1234","Meridian OCI","Tenancy","USD","2024-10-01T00:00:00Z","2024-09-01T00:00:00Z",NULL,NULL,"Usage",NULL,"Oracle Functions Function in Australia East (Sydney)","2024-09-21T02:00:00Z","2024-09-21T01:00:00Z","Spend","cd-178683","commit-8683",NULL,"Unused","Savings Plan",NULL,NULL,NULL,NULL,1255.41312,3.5828,1192.642464,"Oracle","Oracle",1569.2664,4.4785,"Committed","USD",350.40,"Invocations","Oracle","Oracle","ap-sydney-1","Australia East (Sydney)","ocid1.instance.oc1.ap-sydney-1.00544db40b9c",NULL,"Function","Compute","Oracle Functions","Oracle","NCXEB5JS3IWRL1WS","Oracle Functions Invocations",NULL,"E18NL51O9ULO9G9K.6MYMK391","ocid1.compartment.oc1..dev","development","Tenancy",NULL,NULL,"us-ashburn-1-AD-1","Usage-Based","INV-202409-77629","Serverless Compute",3.5828,1192.642464,4.4785
"AllocatedMethodId-1566","AllocatedResourceId-6364","AllocatedResourceName-2102","{}",380.49339762,"01ABCD-2345EF-6789GH","Helios Labs","BillingAccount","USD","2024-10-01T00:00:00Z","2024-09-01T00:00:00Z",NULL,NULL,"Adjustment",NULL,"Cloud Storage Bucket in Belgium","2024-09-20T12:00:00Z","2024-09-20T11:00:00Z","Spend","cd-547093","commit-7093",NULL,"Used","Committed Use Discount",NULL,NULL,NULL,NULL,603.957774,2.3181,380.49339762,"Google","Google",784.35567,3.0105,"Standard","USD",260.54,"GiB","Google","Google","europe-west1","Belgium",NULL,NULL,NULL,"Storage","Cloud Storage","Google","WA4A54XA99TSZMW3","Cloud Storage GiB",NULL,"Y600IEP8AUWEQ9RW.RKKXVVGM","proj-helios-dev","helios-dev","BillingAccount","{""environment"": ""qa"", ""business_unit"": ""ViennaAI""}",NULL,NULL,"One-Time","INV-202409-34763","Object Storage",2.3181,380.49339762,3.0105
"AllocatedMethodId-7932","AllocatedResourceId-5000","AllocatedResourceName-9159","{}",1020.8943360000001,"01ABCD-2345EF-6789GH","Helios Labs","BillingAccount","USD","2024-10-01T00:00:00Z","2024-09-01T00:00:00Z",NULL,NULL,"Purchase",NULL,"Cloud SQL Database Instance in Iowa","2024-09-09T22:00:00Z","2024-09-09T21:00:00Z",NULL,NULL,NULL,NULL,NULL,NULL,NULL,NULL,NULL,NULL,1020.8943360000001,2.2176,0,"Google","Google",1620.4672,3.5200,"Standard","USD",460.36,"Hours","Google","Google","us-central1","Iowa","//compute.googleapis.com/projects/helios-labs/zones/us-central1-a/instances/inst-9524",NULL,"Database Instance","Databases","Cloud SQL","Google","WAVBQE5P5JJPQI05","Cloud SQL Hours",NULL,"63CMLN8HI7F2E7OW.T2UIHEK2","proj-helios-dev","helios-dev","BillingAccount","{""owner"": ""g.hopper""}",NULL,NULL,"Recurring","INV-202409-51572","Relational Databases",2.2176,0,3.5200
"AllocatedMethodId-5589","AllocatedResourceId-4075","AllocatedResourceName-6101","{}",1180.55665134,"8a93b2c1-1234-4abc-9def-0123456789ab","Contoso Cloud","BillingProfile","USD","2024-10-01T00:00:00Z","2024-09-01T00:00:00Z",NULL,NULL,"Usage",NULL,"Virtual Machines Virtual Machine in East US","2024-09-26T21:00:00Z","2024-09-26T20:00:00Z",NULL,NULL,NULL,NULL,NULL,NULL,NULL,448.8300000000,"Hours",NULL,1788.722199,3.9853,1180.55665134,"Microsoft","Microsoft",2235.891528,4.9816,"Standard","USD",448.83,"Hours","Microsoft","Microsoft","eastus","East US","/subscriptions/8a93b2c1-1234-4abc-9def-0123456789ab/resourceGroups/rg-594/providers/Microsoft.Compute/virtualMachines/vm-6296",NULL,"Virtual Machine","Compute","Virtual Machines","Microsoft","6BP0T9XFCCIE6JTE","Virtual Machines Hours",NULL,"QB8F2CI7Q1E19482.MLES4ANI","sub-2b7c","Staging","BillingProfile","{""business_unit"": ""ViennaAI"", ""cost_center"": ""CC-1001"", ""owner"": ""g.hopper""}",NULL,NULL,"Usage-Based","INV-202409-12700","Virtual Machines",3.9853,1180.55665134,4.9816
"AllocatedMethodId-9798","AllocatedResourceId-2376","AllocatedResourceName-9733","{}",40.80313668,"ocid1.tenancy.oc1..aaaa1234","Meridian OCI","Tenancy","USD","2024-10-01T00:00:00Z","2024-09-01T00:00:00Z",NULL,NULL,"Usage",NULL,"Oracle Autonomous Database Database in US East (Ashburn)","2024-09-14T03:00:00Z","2024-09-14T02:00:00Z",NULL,NULL,NULL,NULL,NULL,NULL,NULL,205.6900000000,"Hours",NULL,66.890388,0.3252,40.80313668,"Oracle","Oracle",68.247942,0.3318,"Standard","USD",205.69,"Hours","Oracle","Oracle","us-ashburn-1","US East (Ashburn)","ocid1.instance.oc1.us-ashburn-1.004a64c24794",NULL,"Database","Databases","Oracle Autonomous Database","Oracle","HPVXV3TID4JIOW13","Oracle Autonomous Database Hours",NULL,"IF5YE7995935142X.EN643EIN","ocid1.compartment.oc1..prod","production","Tenancy",NULL,NULL,"uk-london-1-AD-2","Usage-Based","INV-202409-89491","Relational Databases",0.3252,40.80313668,0.3318
"AllocatedMethodId-3298","AllocatedResourceId-1893","AllocatedResourceName-8671","{}",33.04776804,"8a93b2c1-1234-4abc-9def-0123456789ab","Contoso Cloud","BillingProfile","USD","2024-10-01T00:00:00Z","2024-09-01T00:00:00Z",NULL,NULL,"Usage",NULL,"Azure Functions Function App in UK South","2024-09-28T04:00:00Z","2024-09-28T03:00:00Z","Usage","cd-434585","commit-4585",NULL,"Unused","Committed Use Discount",NULL,NULL,NULL,NULL,39.816588,0.1671,33.04776804,"Microsoft","Microsoft",46.297804,0.1943,"Committed","USD",238.28,"Executions","Microsoft","Microsoft","uksouth","UK South","/subscriptions/8a93b2c1-1234-4abc-9def-0123456789ab/resourceGroups/rg-26/providers/Microsoft.Compute/virtualMachines/vm-8279",NULL,"Function App","Compute","Azure Functions","Microsoft","H89B5ZTCPGW5U6VM","Azure Functions Executions",NULL,"G8UPZICXRTMPL2FU.QB0O7U03","sub-4d3e","Sandbox","BillingProfile","{""owner"": ""a.turing""}",NULL,NULL,"Usage-Based","INV-202409-11105","Serverless Compute",0.1671,33.04776804,0.1943
"AllocatedMethodId-3065","AllocatedResourceId-5789","AllocatedResourceName-5925","{}",434.14797699999997,"123456789012","SunBird","BillingAccount","USD","2024-10-01T00:00:00Z","2024-09-01T00:00:00Z",NULL,NULL,"Purchase",NULL,"Amazon Relational Database Service Database Instance in US West (Oregon)","2024-09-24T21:00:00Z","2024-09-24T20:00:00Z",NULL,NULL,NULL,NULL,NULL,NULL,NULL,NULL,NULL,NULL,434.14797699999997,1.2643,0,"AWS","AWS",594.717141,1.7319,"Standard","USD",343.39,"Hours","AWS","AWS","us-west-2","US West (Oregon)","arn:aws:ec2:us-west-2:123456789012:instance/i-008ebd357430",NULL,"Database Instance","Databases","Amazon Relational Database Service","AWS","678KIGCC3IARBT5E","Amazon Relational Database Service Hours",NULL,"HLSZG2X58ARGBT91.04F70QRJ","438839167390","Zenith Eclipse","BillingAccount","{""business_unit"": ""ViennaAI"", ""owner"": ""a.turing""}",NULL,NULL,"Recurring","INV-202409-66807","Relational Databases",1.2643,0,1.7319
"AllocatedMethodId-5054","AllocatedResourceId-2371","AllocatedResourceName-5330","{}",3.388705,"ocid1.tenancy.oc1..aaaa1234","Meridian OCI","Tenancy","USD","2024-10-01T00:00:00Z","2024-09-01T00:00:00Z",NULL,NULL,"Usage",NULL,"Oracle Compute Instance in Australia East (Sydney)","2024-09-25T01:00:00Z","2024-09-25T00:00:00Z",NULL,NULL,NULL,NULL,NULL,NULL,NULL,57.5000000000,"Hours",NULL,4.2895,0.0746,3.388705,"Oracle","Oracle",4.51375,0.0785,"Standard","USD",57.50,"Hours","Oracle","Oracle","ap-sydney-1","Australia East (Sydney)","ocid1.instance.oc1.ap-sydney-1.0060f9db4ce8",NULL,"Instance","Compute","Oracle Compute","Oracle","SOB3PITY174QDNDQ","Oracle Compute Hours",NULL,"O6G326JQZKS3BS7H.GMDF61SP","ocid1.compartment.oc1..dev","development","Tenancy","{""business_unit"": ""LisbonOps""}",NULL,NULL,"Usage-Based","INV-202409-27812","Virtual Machines",0.0746,3.388705,0.0785
"AllocatedMethodId-4279","AllocatedResourceId-5350","AllocatedResourceName-3229","{}",348.5713682,"01ABCD-2345EF-6789GH","Helios Labs","BillingAccount","USD","2024-10-01T00:00:00Z","2024-09-01T00:00:00Z",NULL,NULL,"Usage",NULL,"Cloud Load Balancing Forwarding Rule in Northern Virginia","2024-09-05T04:00:00Z","2024-09-05T03:00:00Z","Spend","cd-384402","commit-4402",NULL,"Unused","Savings Plan",NULL,NULL,NULL,NULL,441.22958000000006,1.9030,348.5713682,"Google","Google",689.412524,2.9734,"Standard","USD",231.86,"Hours","Google","Google","us-east4","Northern Virginia","//compute.googleapis.com/projects/helios-labs/zones/us-east4-a/instances/inst-5720",NULL,"Forwarding Rule","Networking","Cloud Load Balancing","Google","4SBVNYIUFJNHEVQG","Cloud Load Balancing Hours",NULL,"EHBIBYA5GPZNDCXI.LETQK12P","proj-helios-dev","helios-dev","BillingAccount",NULL,NULL,NULL,"Usage-Based","INV-202409-57911","Application Networking",1.9030,348.5713682,2.9734
"AllocatedMethodId-3962","AllocatedResourceId-5595","AllocatedResourceName-8755","{}",530.37000576,"01ABCD-2345EF-6789GH","Helios Labs","BillingAccount","USD","2024-10-01T00:00:00Z","2024-09-01T00:00:00Z",NULL,NULL,"Usage",NULL,"BigQuery Dataset in Iowa","2024-09-18T12:00:00Z","2024-09-18T11:00:00Z",NULL,NULL,NULL,NULL,NULL,NULL,NULL,334.0400000000,"GiB",NULL,736.6250080000001,2.2052,530.37000576,"Google","Google",1037.494836,3.1059,"Standard","USD",334.04,"GiB","Google","Google","us-central1","Iowa","//compute.googleapis.com/projects/helios-labs/zones/us-central1-a/instances/inst-575",NULL,"Dataset","Analytics","BigQuery","Google","7IXD8GRTCLMIMW9X","BigQuery GiB",NULL,"OW6DNVK67BVB5UC5.6F2NXQSI","proj-helios-prod","helios-prod","BillingAccount","{""application"": ""AtlasPortal"", ""cost_center"": ""CC-2042"", ""business_unit"": ""MarseilleSRE""}",NULL,"europe-west1-b","Usage-Based","INV-202409-56940","Data Warehouses",2.2052,530.37000576,3.1059
"AllocatedMethodId-1509","AllocatedResourceId-8214","AllocatedResourceName-3348","{}",502.54062336,"ocid1.tenancy.oc1..aaaa1234","Meridian OCI","Tenancy","USD","2024-10-01T00:00:00Z","2024-09-01T00:00:00Z",NULL,NULL,"Adjustment",NULL,"Oracle Functions Function in UK South (London)","2024-09-13T05:00:00Z","2024-09-13T04:00:00Z","Spend","cd-396025","commit-6025",NULL,"Unused","Reserved Instance",NULL,NULL,NULL,NULL,697.973088,3.5744,502.54062336,"Oracle","Oracle",775.5343320000001,3.9716,"Committed","USD",195.27,"Invocations","Oracle","Oracle","uk-london-1","UK South (London)",NULL,NULL,NULL,"Compute","Oracle Functions","Oracle","86IYT81I3XXN53O9","Oracle Functions Invocations",NULL,"WSYBGIHBQB3KXQWM.1CF1DOJQ","ocid1.compartment.oc1..dev","development","Tenancy",NULL,NULL,NULL,"One-Time","INV-202409-71437","Serverless Compute",3.5744,502.54062336,3.9716
"AllocatedMethodId-5433","AllocatedResourceId-1498","AllocatedResourceName-5534","{}",32.97511788,"ocid1.tenancy.oc1..aaaa1234","Meridian OCI","Tenancy","USD","2024-10-01T00:00:00Z","2024-09-01T00:00:00Z",NULL,NULL,"Usage",NULL,"Oracle Object Storage Bucket in UK South (London)","2024-09-21T09:00:00Z","2024-09-21T08:00:00Z",NULL,NULL,NULL,NULL,NULL,NULL,NULL,197.1300000000,"GB",NULL,53.185674,0.2698,32.97511788,"Oracle","Oracle",55.984919999999995,0.2840,"Other","USD",197.13,"GB","Oracle","Oracle","uk-london-1","UK South (London)","ocid1.instance.oc1.uk-london-1.00a5be34d324",NULL,"Bucket","Storage","Oracle Object Storage","Oracle","WJP1F5Q0QVTWW36H","Oracle Object Storage GB",NULL,"L2MG5SJ2G7OIJRBK.NNZI4YG3","ocid1.compartment.oc1..prod","production","Tenancy","{""cost_center"": ""CC-3090"", ""business_unit"": ""OsloData"", ""environment"": ""staging""}",NULL,NULL,"Usage-Based","INV-202409-63563","Object Storage",0.2698,32.97511788,0.2840
"AllocatedMethodId-6917","AllocatedResourceId-6840","AllocatedResourceName-8805","{}",201.5190632,"123456789012","SunBird","BillingAccount","USD","2024-10-01T00:00:00Z","2024-09-01T00:00:00Z",NULL,NULL,"Usage",NULL,"Amazon Relational Database Service Database Instance in Asia Pacific (Sydney)","2024-09-29T08:00:00Z","2024-09-29T07:00:00Z","Spend","cd-106867","commit-6867",NULL,"Used","Committed Use Discount",NULL,276.2200000000,"Hours",NULL,310.029328,1.1224,201.5190632,"AWS","AWS",319.614162,1.1571,"Standard","USD",276.22,"Hours","AWS","AWS","ap-southeast-2","Asia Pacific (Sydney)","arn:aws:ec2:ap-southeast-2:123456789012:instance/i-00deb9b4fa5f",NULL,"Database Instance","Databases","Amazon Relational Database Service","AWS","054RLNNUQNO3MI27","Amazon Relational Database Service Hours",NULL,"N0LFWHCAIYA52KEQ.MQ7YYVN5","438839167390","Zenith Eclipse","BillingAccount","{""environment"": ""staging"", ""application"": ""AtlasPortal"", ""team"": ""growth""}",NULL,"us-west-2b","Usage-Based","INV-202409-18950","Relational Databases",1.1224,201.5190632,1.1571
"AllocatedMethodId-2235","AllocatedResourceId-6371","AllocatedResourceName-9455","{}",214.14839808,"8a93b2c1-1234-4abc-9def-0123456789ab","Contoso Cloud","BillingProfile","USD","2024-10-01T00:00:00Z","2024-09-01T00:00:00Z",NULL,NULL,"Usage",NULL,"Virtual Machines Virtual Machine in East US","2024-09-08T18:00:00Z","2024-09-08T17:00:00Z","Usage","cd-695952","commit-5952",NULL,"Unused","Reserved Instance",NULL,NULL,NULL,NULL,246.147584,2.5303,214.14839808,"Microsoft","Microsoft",270.49676800000003,2.7806,"Committed","USD",97.28,"Hours","Microsoft","Microsoft","eastus","East US","/subscriptions/8a93b2c1-1234-4abc-9def-0123456789ab/resourceGroups/rg-146/providers/Microsoft.Compute/virtualMachines/vm-6991",NULL,"Virtual Machine","Compute","Virtual Machines","Microsoft","GI4MRFT7VDK3XB7J","Virtual Machines Hours",NULL,"08BAD4JLB94FKH7R.WLPU0CIP","sub-2b7c","Staging","BillingProfile","{""team"": ""infra""}",NULL,NULL,"Usage-Based","INV-202409-37486","Virtual Machines",2.5303,214.14839808,2.7806
"AllocatedMethodId-3045","AllocatedResourceId-5719","AllocatedResourceName-3200","{}",53.39764724,"ocid1.tenancy.oc1..aaaa1234","Meridian OCI","Tenancy","USD","2024-10-01T00:00:00Z","2024-09-01T00:00:00Z",NULL,NULL,"Usage",NULL,"Oracle Autonomous Database Database in US East (Ashburn)","2024-09-16T10:00:00Z","2024-09-16T09:00:00Z",NULL,NULL,NULL,NULL,NULL,NULL,NULL,98.8600000000,"Hours",NULL,65.11908199999999,0.6587,53.39764724,"Oracle","Oracle",97.189266,0.9831,"Standard","USD",98.86,"Hours","Oracle","Oracle","us-ashburn-1","US East (Ashburn)","ocid1.instance.oc1.us-ashburn-1.006dbf77c5b4",NULL,"Database","Databases","Oracle Autonomous Database","Oracle","AKRHOBD26815W75U","Oracle Autonomous Database Hours",NULL,"V8VAVGTVCS2LPZ0S.ZI2L61VG","ocid1.compartment.oc1..dev","development","Tenancy","{""cost_center"": ""CC-2042""}",NULL,NULL,"Usage-Based","INV-202409-80802","Relational Databases",0.6587,53.39764724,0.9831
"AllocatedMethodId-8064","AllocatedResourceId-5357","AllocatedResourceName-6838","{}",1076.2765584,"123456789012","SunBird","BillingAccount","USD","2024-10-01T00:00:00Z","2024-09-01T00:00:00Z",NULL,NULL,"Usage",NULL,"Amazon Relational Database Service Database Instance in US West (Oregon)","2024-09-24T15:00:00Z","2024-09-24T14:00:00Z",NULL,NULL,NULL,NULL,NULL,NULL,NULL,456.6500000000,"Hours",NULL,1121.1214149999998,2.4551,1076.2765584,"AWS","AWS",1557.130835,3.4099,"Standard","USD",456.65,"Hours","AWS","AWS","us-west-2","US West (Oregon)","arn:aws:ec2:us-west-2:123456789012:instance/i-00612ff3f40c",NULL,"Database Instance","Databases","Amazon Relational Database Service","AWS","G1Y2QC29906X8U2R","Amazon Relational Database Service Hours",NULL,"EFDZ13J1SF62P28U.N34DEKRN","663626350770","Zenith Apollo","BillingAccount","{""business_unit"": ""OsloData"", ""environment"": ""dev""}",NULL,NULL,"Usage-Based","INV-202409-24354","Relational Databases",2.4551,1076.2765584,3.4099
"AllocatedMethodId-1756","AllocatedResourceId-4367","AllocatedResourceName-1505","{}",203.94961608,"8a93b2c1-1234-4abc-9def-0123456789ab","Contoso Cloud","BillingProfile","USD","2024-10-01T00:00:00Z","2024-09-01T00:00:00Z",NULL,NULL,"Usage",NULL,"Azure SQL Database SQL Database in West Europe","2024-09-24T08:00:00Z","2024-09-24T07:00:00Z","Usage","cd-633684","commit-3684",NULL,"Unused","Savings Plan",NULL,NULL,NULL,NULL,268.354758,1.8334,203.94961608,"Microsoft","Microsoft",353.102988,2.4124,"Standard","USD",146.37,"Hours","Microsoft","Microsoft","westeurope","West Europe","/subscriptions/8a93b2c1-1234-4abc-9def-0123456789ab/resourceGroups/rg-197/providers/Microsoft.Compute/virtualMachines/vm-9823",NULL,"SQL Database","Databases","Azure SQL Database","Microsoft","OK4NV5HJXY4LEJPA","Azure SQL Database Hours",NULL,"B9V36WHXOJTLVYYB.A8AV58N0","sub-2b7c","Staging","BillingProfile","{""team"": ""payments""}",NULL,NULL,"Usage-Based","INV-202409-95637","Relational Databases",1.8334,203.94961608,2.4124
"AllocatedMethodId-2098","AllocatedResourceId-5490","AllocatedResourceName-3790","{}",129.74006759,"8a93b2c1-1234-4abc-9def-0123456789ab","Contoso Cloud","BillingProfile","USD","2024-10-01T00:00:00Z","2024-09-01T00:00:00Z",NULL,NULL,"Usage",NULL,"Azure SQL Database SQL Database in East US","2024-09-28T05:00:00Z","2024-09-28T04:00:00Z",NULL,NULL,NULL,NULL,NULL,NULL,NULL,62.5100000000,"Hours",NULL,133.752647,2.1397,129.74006759,"Microsoft","Microsoft",161.15078,2.5780,"Standard","USD",62.51,"Hours","Microsoft","Microsoft","eastus","East US","/subscriptions/8a93b2c1-1234-4abc-9def-0123456789ab/resourceGroups/rg-476/providers/Microsoft.Compute/virtualMachines/vm-2045",NULL,"SQL Database","Databases","Azure SQL Database","Microsoft","RPP2CDRF5TSMY92F","Azure SQL Database Hours",NULL,"YP631LFW45TAUQX6.11H7JS85","sub-9a1f","Production","BillingProfile","{""team"": ""infra"", ""owner"": ""a.lovelace"", ""application"": ""NimbusAPI""}",NULL,"westeurope-2","Usage-Based","INV-202409-50318","Relational Databases",2.1397,129.74006759,2.5780
"AllocatedMethodId-7102","AllocatedResourceId-8763","AllocatedResourceName-8094","{}",575.82107352,"ocid1.tenancy.oc1..aaaa1234","Meridian OCI","Tenancy","USD","2024-10-01T00:00:00Z","2024-09-01T00:00:00Z",NULL,NULL,"Usage",NULL,"Oracle Load Balancer Load Balancer in UK South (London)","2024-09-27T19:00:00Z","2024-09-27T18:00:00Z",NULL,NULL,NULL,NULL,NULL,NULL,NULL,367.0100000000,"Hours",NULL,747.819576,2.0376,575.82107352,"Oracle","Oracle",923.250356,2.5156,"Other","USD",367.01,"Hours","Oracle","Oracle","uk-london-1","UK South (London)","ocid1.instance.oc1.uk-london-1.009e15858cab",NULL,"Load Balancer","Networking","Oracle Load Balancer","Oracle","KHUBA3HNIASR6QW0","Oracle Load Balancer Hours",NULL,"34EXRH3YYASU09OF.GZTX2Z52","ocid1.compartment.oc1..prod","production","Tenancy","{""application"": ""BrightSourceCore""}",NULL,"us-ashburn-1-AD-1","Usage-Based","INV-202409-62363","Application Networking",2.0376,575.82107352,2.5156
"AllocatedMethodId-2437","AllocatedResourceId-5209","AllocatedResourceName-5049","{}",8.38700524,"ocid1.tenancy.oc1..aaaa1234","Meridian OCI","Tenancy","USD","2024-10-01T00:00:00Z","2024-09-01T00:00:00Z",NULL,NULL,"Usage",NULL,"Oracle Functions Function in UK South (London)","2024-09-17T20:00:00Z","2024-09-17T19:00:00Z",NULL,NULL,NULL,NULL,NULL,NULL,NULL,4.2200000000,"Invocations",NULL,8.922346,2.1143,8.38700524,"Oracle","Oracle",14.162742,3.3561,"Standard","USD",4.22,"Invocations","Oracle","Oracle","uk-london-1","UK South (London)","ocid1.instance.oc1.uk-london-1.00b6db35ddf6",NULL,"Function","Compute","Oracle Functions","Oracle","8757I965J3XTRJKA","Oracle Functions Invocations",NULL,"1E9XC0K83O71RCDY.4IT01MCP","ocid1.compartment.oc1..dev","development","Tenancy","{""business_unit"": ""ViennaAI"", ""environment"": ""qa""}",NULL,"uk-london-1-AD-2","Usage-Based","INV-202409-31263","Serverless Compute",2.1143,8.38700524,3.3561
"AllocatedMethodId-9747","AllocatedResourceId-3307","AllocatedResourceName-6357","{}",11.28259574,"123456789012","SunBird","BillingAccount","USD","2024-10-01T00:00:00Z","2024-09-01T00:00:00Z",NULL,NULL,"Usage",NULL,"Amazon Simple Storage Service Bucket in US East (N. Virginia)","2024-09-30T18:00:00Z","2024-09-30T17:00:00Z",NULL,NULL,NULL,NULL,NULL,NULL,NULL,120.9100000000,"GB",NULL,11.631542,0.0962,11.28259574,"AWS","AWS",11.994271999999999,0.0992,"Standard","USD",120.91,"GB","AWS","AWS","us-east-1","US East (N. Virginia)","arn:aws:ec2:us-east-1:123456789012:instance/i-00769a542d3a",NULL,"Bucket","Storage","Amazon Simple Storage Service","AWS","ISWJZGVERM03QW37","Amazon Simple Storage Service GB",NULL,"NUE28M63FPVWZ11P.N8W81QE3","663626350770","Zenith Apollo","BillingAccount","{""application"": ""AtlasPortal"", ""team"": ""growth"", ""business_unit"": ""OsloData""}",NULL,NULL,"Usage-Based","INV-202409-95632","Object Storage",0.0962,11.28259574,0.0992
"AllocatedMethodId-4863","AllocatedResourceId-4475","AllocatedResourceName-6780","{}",1045.88976354,"ocid1.tenancy.oc1..aaaa1234","Meridian OCI","Tenancy","USD","2024-10-01T00:00:00Z","2024-09-01T00:00:00Z",NULL,NULL,"Usage",NULL,"Oracle Compute Instance in Australia East (Sydney)","2024-09-26T15:00:00Z","2024-09-26T14:00:00Z",NULL,NULL,NULL,NULL,NULL,NULL,NULL,387.4600000000,"Hours",NULL,1473.0841739999998,3.8019,1045.88976354,"Oracle","Oracle",1774.7992759999997,4.5806,"Standard","USD",387.46,"Hours","Oracle","Oracle","ap-sydney-1","Australia East (Sydney)","ocid1.instance.oc1.ap-sydney-1.00351e9c6c11",NULL,"Instance","Compute","Oracle Compute","Oracle","53M14DFAI5EDUIAM","Oracle Compute Hours",NULL,"83KGIHXECRWYKTR0.LJCGZV10","ocid1.compartment.oc1..prod","production","Tenancy","{""team"": ""payments"", ""owner"": ""a.turing"", ""environment"": ""staging""}",NULL,"uk-london-1-AD-2","Usage-Based","INV-202409-38451","Virtual Machines",3.8019,1045.88976354,4.5806
"AllocatedMethodId-4614","AllocatedResourceId-9020","AllocatedResourceName-8146","{}",370.79225736,"123456789012","SunBird","BillingAccount","USD","2024-10-01T00:00:00Z","2024-09-01T00:00:00Z",NULL,NULL,"Credit",NULL,"Elastic Load Balancing Load Balancer in US West (Oregon)","2024-09-09T02:00:00Z","2024-09-09T01:00:00Z",NULL,NULL,NULL,NULL,NULL,NULL,NULL,NULL,NULL,NULL,522.242616,3.2333,370.79225736,"AWS","AWS",543.99936,3.3680,"Standard","USD",161.52,"LCU-Hours","AWS","AWS","us-west-2","US West (Oregon)",NULL,NULL,NULL,"Networking","Elastic Load Balancing","AWS","RKDJS7TMWD5RXANP","Elastic Load Balancing LCU-Hours",NULL,"L6D3BIQRATMFBA34.G9LPVPI5","438839167390","Zenith Eclipse","BillingAccount","{""business_unit"": ""OsloData"", ""cost_center"": ""CC-1001""}",NULL,NULL,"One-Time","INV-202409-72221","Application Networking",3.2333,370.79225736,3.3680
"AllocatedMethodId-8568","AllocatedResourceId-2434","AllocatedResourceName-5715","{}",523.32982416,"01ABCD-2345EF-6789GH","Helios Labs","BillingAccount","USD","2024-10-01T00:00:00Z","2024-09-01T00:00:00Z",NULL,NULL,"Usage",NULL,"Cloud SQL Database Instance in Singapore","2024-09-18T00:00:00Z","2024-09-17T23:00:00Z",NULL,NULL,NULL,NULL,NULL,NULL,NULL,178.4900000000,"Hours",NULL,726.8469779999999,4.0722,523.32982416,"Google","Google",845.167999,4.7351,"Dynamic","USD",178.49,"Hours","Google","Google","asia-southeast1","Singapore","//compute.googleapis.com/projects/helios-labs/zones/asia-southeast1-a/instances/inst-3713",NULL,"Database Instance","Databases","Cloud SQL","Google","NIRL3DIEWDGNQOPD","Cloud SQL Hours",NULL,"1K48V6LS24MNEICO.2HHJ2WPX","proj-helios-dev","helios-dev","BillingAccount","{""environment"": ""qa""}",NULL,"us-central1-a","Usage-Based","INV-202409-51295","Relational Databases",4.0722,523.32982416,4.7351
"AllocatedMethodId-1647","AllocatedResourceId-1233","AllocatedResourceName-1714","{}",864.1302899,"8a93b2c1-1234-4abc-9def-0123456789ab","Contoso Cloud","BillingProfile","USD","2024-10-01T00:00:00Z","2024-09-01T00:00:00Z",NULL,NULL,"Usage",NULL,"Virtual Machines Virtual Machine in East US","2024-09-29T18:00:00Z","2024-09-29T17:00:00Z",NULL,NULL,NULL,NULL,NULL,NULL,NULL,416.6200000000,"Hours",NULL,970.9329099999999,2.3305,864.1302899,"Microsoft","Microsoft",1471.0852200000002,3.5310,"Standard","USD",416.62,"Hours","Microsoft","Microsoft","eastus","East US","/subscriptions/8a93b2c1-1234-4abc-9def-0123456789ab/resourceGroups/rg-882/providers/Microsoft.Compute/virtualMachines/vm-7726",NULL,"Virtual Machine","Compute","Virtual Machines","Microsoft","MZQNZRSQNK0FQJKA","Virtual Machines Hours",NULL,"D3JK2Z6PUK36D628.U4GDNM8X","sub-2b7c","Staging","BillingProfile",NULL,NULL,"westeurope-2","Usage-Based","INV-202409-38579","Virtual Machines",2.3305,864.1302899,3.5310
"AllocatedMethodId-3514","AllocatedResourceId-3987","AllocatedResourceName-7474","{}",877.17099366,"123456789012","SunBird","BillingAccount","USD","2024-10-01T00:00:00Z","2024-09-01T00:00:00Z",NULL,NULL,"Usage",NULL,"Amazon Elastic Compute Cloud Virtual Machine in Asia Pacific (Sydney)","2024-09-28T02:00:00Z","2024-09-28T01:00:00Z",NULL,NULL,NULL,NULL,NULL,NULL,NULL,430.2300000000,"Hours",NULL,1124.578197,2.6139,877.17099366,"AWS","AWS",1388.35221,3.2270,"Other","USD",430.23,"Hours","AWS","AWS","ap-southeast-2","Asia Pacific (Sydney)","arn:aws:ec2:ap-southeast-2:123456789012:instance/i-0061863ea89a",NULL,"Virtual Machine","Compute","Amazon Elastic Compute Cloud","AWS","R0NOLSYW07SEVS0M","Amazon Elastic Compute Cloud Hours",NULL,"VH3U5NUE6XG5ZYWX.0U0ACOO2","517389287820","Atlas Nimbus","BillingAccount","{""team"": ""payments"", ""application"": ""AtlasPortal"", ""owner"": ""a.turing""}",NULL,NULL,"Usage-Based","INV-202409-51258","Virtual Machines",2.6139,877.17099366,3.2270
"AllocatedMethodId-8665","AllocatedResourceId-9822","AllocatedResourceName-4480","{}",211.56209522,"01ABCD-2345EF-6789GH","Helios Labs","BillingAccount","USD","2024-10-01T00:00:00Z","2024-09-01T00:00:00Z",NULL,NULL,"Usage",NULL,"Cloud Functions Function in Singapore","2024-09-04T19:00:00Z","2024-09-04T18:00:00Z",NULL,NULL,NULL,NULL,NULL,NULL,NULL,485.3800000000,"Invocations",NULL,297.974782,0.6139,211.56209522,"Google","Google",310.40051,0.6395,"Standard","USD",485.38,"Invocations","Google","Google","asia-southeast1","Singapore","//compute.googleapis.com/projects/helios-labs/zones/asia-southeast1-a/instances/inst-8416",NULL,"Function","Compute","Cloud Functions","Google","SJ1TNDL4C8EO5JL9","Cloud Functions Invocations",NULL,"JHBMXJTMJKXCFTZI.9QB31VMD","proj-helios-prod","helios-prod","BillingAccount","{""business_unit"": ""MarseilleSRE"", ""environment"": ""dev"", ""team"": ""infra""}",NULL,"us-central1-a","Usage-Based","INV-202409-81535","Serverless Compute",0.6139,211.56209522,0.6395
"AllocatedMethodId-5886","AllocatedResourceId-7329","AllocatedResourceName-2424","{}",326.7212355,"01ABCD-2345EF-6789GH","Helios Labs","BillingAccount","USD","2024-10-01T00:00:00Z","2024-09-01T00:00:00Z",NULL,NULL,"Usage","Correction","BigQuery Dataset in Northern Virginia","2024-09-30T08:00:00Z","2024-09-30T07:00:00Z",NULL,NULL,NULL,NULL,NULL,NULL,NULL,252.8900000000,"GiB",NULL,330.02144999999996,1.3050,326.7212355,"Google","Google",392.889904,1.5536,"Dynamic","USD",252.89,"GiB","Google","Google","us-east4","Northern Virginia","//compute.googleapis.com/projects/helios-labs/zones/us-east4-a/instances/inst-9686",NULL,"Dataset","Analytics","BigQuery","Google","WB7UVLV1K4LYYJNJ","BigQuery GiB",NULL,"U2K5PT08K4DR3LMP.QQ10ZGCW","proj-helios-dev","helios-dev","BillingAccount","{""environment"": ""staging"", ""team"": ""payments"", ""application"": ""NimbusAPI""}",NULL,NULL,"Usage-Based","INV-202409-23124","Data Warehouses",1.3050,326.7212355,1.5536
"AllocatedMethodId-7316","AllocatedResourceId-4523","AllocatedResourceName-2569","{}",788.22696246,"123456789012","SunBird","BillingAccount","USD","2024-10-01T00:00:00Z","2024-09-01T00:00:00Z",NULL,NULL,"Usage",NULL,"Amazon Simple Queue Service Queue in Asia Pacific (Sydney)","2024-09-22T11:00:00Z","2024-09-22T10:00:00Z",NULL,NULL,NULL,NULL,NULL,NULL,NULL,373.1100000000,"Requests",NULL,804.313227,2.1557,788.22696246,"AWS","AWS",1297.30347,3.4770,"Other","USD",373.11,"Requests","AWS","AWS","ap-southeast-2","Asia Pacific (Sydney)","arn:aws:ec2:ap-southeast-2:123456789012:instance/i-0059449e8c0a",NULL,"Queue","Integration","Amazon Simple Queue Service","AWS","BPXF71U0FOTRD98O","Amazon Simple Queue Service Requests",NULL,"PG8P8BHZMR40EIN5.5P9AFKKB","517389287820","Atlas Nimbus","BillingAccount",NULL,NULL,NULL,"Usage-Based","INV-202409-20063","Messaging",2.1557,788.22696246,3.4770
"AllocatedMethodId-8132","AllocatedResourceId-2888","AllocatedResourceName-2860","{}",86.7419644,"01ABCD-2345EF-6789GH","Helios Labs","BillingAccount","USD","2024-10-01T00:00:00Z","2024-09-01T00:00:00Z",NULL,NULL,"Usage",NULL,"Cloud Storage Bucket in Iowa","2024-09-27T19:00:00Z","2024-09-27T18:00:00Z",NULL,NULL,NULL,NULL,NULL,NULL,NULL,181.9100000000,"GiB",NULL,123.917092,0.6812,86.7419644,"Google","Google",196.69928299999998,1.0813,"Standard","USD",181.91,"GiB","Google","Google","us-central1","Iowa","//compute.googleapis.com/projects/helios-labs/zones/us-central1-a/instances/inst-945",NULL,"Bucket","Storage","Cloud Storage","Google","H914LCHLWBPG35UZ","Cloud Storage GiB",NULL,"AAAGF3YVNLST7PQN.64HXEUS5","proj-helios-prod","helios-prod","BillingAccount","{""environment"": ""prod"", ""application"": ""BrightSourceCore"", ""business_unit"": ""ViennaAI""}",NULL,"us-central1-a","Usage-Based","INV-202409-49904","Object Storage",0.6812,86.7419644,1.0813
"AllocatedMethodId-8094","AllocatedResourceId-8672","AllocatedResourceName-9798","{}",896.70596032,"ocid1.tenancy.oc1..aaaa1234","Meridian OCI","Tenancy","USD","2024-10-01T00:00:00Z","2024-09-01T00:00:00Z",NULL,NULL,"Usage",NULL,"Oracle Compute Instance in Australia East (Sydney)","2024-09-01T12:00:00Z","2024-09-01T11:00:00Z","Spend","cd-753519","commit-3519",NULL,"Used","Committed Use Discount",NULL,483.6800000000,"Hours",NULL,1446.2999360000001,2.9902,896.70596032,"Oracle","Oracle",2191.360608,4.5306,"Committed","USD",483.68,"Hours","Oracle","Oracle","ap-sydney-1","Australia East (Sydney)","ocid1.instance.oc1.ap-sydney-1.00c5f2fa2ef4",NULL,"Instance","Compute","Oracle Compute","Oracle","ABXNLQE8OIWL2YKX","Oracle Compute Hours",NULL,"JCKFOHG13WSK7NKY.5BGFZ26H","ocid1.compartment.oc1..dev","development","Tenancy","{""owner"": ""a.lovelace"", ""environment"": ""dev"", ""business_unit"": ""MarseilleSRE""}",NULL,"uk-london-1-AD-2","Usage-Based","INV-202409-24803","Virtual Machines",2.9902,896.70596032,4.5306
"AllocatedMethodId-8364","AllocatedResourceId-7434","AllocatedResourceName-5466","{}",597.82927358,"ocid1.tenancy.oc1..aaaa1234","Meridian OCI","Tenancy","USD","2024-10-01T00:00:00Z","2024-09-01T00:00:00Z",NULL,NULL,"Usage",NULL,"Oracle Object Storage Bucket in Australia East (Sydney)","2024-09-08T16:00:00Z","2024-09-08T15:00:00Z",NULL,NULL,NULL,NULL,NULL,NULL,NULL,253.6100000000,"GB",NULL,776.401654,3.0614,597.82927358,"Oracle","Oracle",1109.1379740000002,4.3734,"Standard","USD",253.61,"GB","Oracle","Oracle","ap-sydney-1","Australia East (Sydney)","ocid1.instance.oc1.ap-sydney-1.00925de242fe",NULL,"Bucket","Storage","Oracle Object Storage","Oracle","VNBSAXME7REDVB2U","Oracle Object Storage GB",NULL,"UA7Q6UK9S052DO56.Q125DA9O","ocid1.compartment.oc1..prod","production","Tenancy",NULL,NULL,"uk-london-1-AD-2","Usage-Based","INV-202409-13105","Object Storage",3.0614,597.82927358,4.3734
"AllocatedMethodId-1917","AllocatedResourceId-8337","AllocatedResourceName-1413","{}",121.57544412,"01ABCD-2345EF-6789GH","Helios Labs","BillingAccount","USD","2024-10-01T00:00:00Z","2024-09-01T00:00:00Z",NULL,NULL,"Usage",NULL,"Compute Engine VM Instance in Singapore","2024-09-14T18:00:00Z","2024-09-14T17:00:00Z",NULL,NULL,NULL,NULL,NULL,NULL,NULL,42.1100000000,"Hours",NULL,155.865954,3.7014,121.57544412,"Google","Google",190.08032899999998,4.5139,"Standard","USD",42.11,"Hours","Google","Google","asia-southeast1","Singapore","//compute.googleapis.com/projects/helios-labs/zones/asia-southeast1-a/instances/inst-3557",NULL,"VM Instance","Compute","Compute Engine","Google","KEMQB1MY8BECXBLT","Compute Engine Hours",NULL,"CZUEE4R4EF3DZR8W.2169ZMFK","proj-helios-prod","helios-prod","BillingAccount","{""environment"": ""prod"", ""cost_center"": ""CC-1001"", ""owner"": ""g.hopper""}",NULL,"europe-west1-b","Usage-Based","INV-202409-43373","Virtual Machines",3.7014,121.57544412,4.5139
"AllocatedMethodId-4862","AllocatedResourceId-6910","AllocatedResourceName-9225","{}",17.873208,"01ABCD-2345EF-6789GH","Helios Labs","BillingAccount","USD","2024-10-01T00:00:00Z","2024-09-01T00:00:00Z",NULL,NULL,"Usage",NULL,"Cloud Load Balancing Forwarding Rule in Singapore","2024-09-11T13:00:00Z","2024-09-11T12:00:00Z","Usage","cd-985539","commit-5539",NULL,"Unused","Savings Plan",NULL,NULL,NULL,NULL,17.873208,0.2967,17.873208,"Google","Google",18.812952000000003,0.3123,"Committed","USD",60.24,"Hours","Google","Google","asia-southeast1","Singapore","//compute.googleapis.com/projects/helios-labs/zones/asia-southeast1-a/instances/inst-6",NULL,"Forwarding Rule","Networking","Cloud Load Balancing","Google","ZBG4CJG21TVE43CI","Cloud Load Balancing Hours",NULL,"JN9AQWOT26K23IUM.JDWL8R79","proj-helios-prod","helios-prod","BillingAccount","{""team"": ""infra"", ""owner"": ""a.lovelace"", ""cost_center"": ""CC-3090""}",NULL,NULL,"Usage-Based","INV-202409-72167","Application Networking",0.2967,17.873208,0.3123
"AllocatedMethodId-7734","AllocatedResourceId-7948","AllocatedResourceName-4185","{}",269.23407264,"ocid1.tenancy.oc1..aaaa1234","Meridian OCI","Tenancy","USD","2024-10-01T00:00:00Z","2024-09-01T00:00:00Z",NULL,NULL,"Usage",NULL,"Oracle Object Storage Bucket in UK South (London)","2024-09-27T11:00:00Z","2024-09-27T10:00:00Z",NULL,NULL,NULL,NULL,NULL,NULL,NULL,107.4900000000,"GB",NULL,280.452159,2.6091,269.23407264,"Oracle","Oracle",389.522262,3.6238,"Standard","USD",107.49,"GB","Oracle","Oracle","uk-london-1","UK South (London)","ocid1.instance.oc1.uk-london-1.00b41940964e",NULL,"Bucket","Storage","Oracle Object Storage","Oracle","P6Z1M7TYS8SRI3P9","Oracle Object Storage GB",NULL,"OUZWIPE9903ZKJ4P.VOPTAYKD","ocid1.compartment.oc1..prod","production","Tenancy",NULL,NULL,NULL,"Usage-Based","INV-202409-23678","Object Storage",2.6091,269.23407264,3.6238
"AllocatedMethodId-4557","AllocatedResourceId-4194","AllocatedResourceName-6970","{}",511.31843576,"8a93b2c1-1234-4abc-9def-0123456789ab","Contoso Cloud","BillingProfile","USD","2024-10-01T00:00:00Z","2024-09-01T00:00:00Z",NULL,NULL,"Tax",NULL,"Tax charge in East US","2024-09-12T05:00:00Z","2024-09-12T04:00:00Z",NULL,NULL,NULL,NULL,NULL,NULL,NULL,NULL,NULL,NULL,511.31843576,NULL,511.31843576,"Microsoft","Microsoft",511.31843576,NULL,NULL,"USD",NULL,NULL,"Microsoft","Microsoft",NULL,NULL,NULL,NULL,NULL,"Other","Tax","Microsoft",NULL,NULL,NULL,NULL,"sub-9a1f","Production","BillingProfile","{""environment"": ""dev"", ""team"": ""infra""}",NULL,NULL,"One-Time","INV-202409-33848","Other (Security)",NULL,511.31843576,NULL
"AllocatedMethodId-4929","AllocatedResourceId-1034","AllocatedResourceName-2001","{}",141.73445304,"ocid1.tenancy.oc1..aaaa1234","Meridian OCI","Tenancy","USD","2024-10-01T00:00:00Z","2024-09-01T00:00:00Z",NULL,NULL,"Usage",NULL,"Oracle Compute Instance in UK South (London)","2024-09-12T09:00:00Z","2024-09-12T08:00:00Z",NULL,NULL,NULL,NULL,NULL,NULL,NULL,58.6100000000,"Hours",NULL,196.85340699999998,3.3587,141.73445304,"Oracle","Oracle",266.019068,4.5388,"Other","USD",58.61,"Hours","Oracle","Oracle","uk-london-1","UK South (London)","ocid1.instance.oc1.uk-london-1.005adbe2b3f6",NULL,"Instance","Compute","Oracle Compute","Oracle","SV4SKF98TLTYP6HX","Oracle Compute Hours",NULL,"EKHH0R5LQYSL62LQ.2NUN75XH","ocid1.compartment.oc1..dev","development","Tenancy","{""application"": ""BrightLensMatrix""}",NULL,"uk-london-1-AD-2","Usage-Based","INV-202409-57203","Virtual Machines",3.3587,141.73445304,4.5388
"AllocatedMethodId-2760","AllocatedResourceId-3698","AllocatedResourceName-6217","{}",99.49144199999999,"ocid1.tenancy.oc1..aaaa1234","Meridian OCI","Tenancy","USD","2024-10-01T00:00:00Z","2024-09-01T00:00:00Z",NULL,NULL,"Purchase",NULL,"Oracle Autonomous Database Database in US East (Ashburn)","2024-09-16T18:00:00Z","2024-09-16T17:00:00Z","Spend","cd-820753","commit-0753",NULL,"Unused","Reserved Instance",NULL,NULL,NULL,NULL,99.49144199999999,0.9034,0,"Oracle","Oracle",153.069687,1.3899,"Committed","USD",110.13,"Hours","Oracle","Oracle","us-ashburn-1","US East (Ashburn)","ocid1.instance.oc1.us-ashburn-1.00576c6286e2",NULL,"Database","Databases","Oracle Autonomous Database","Oracle","ZTP48YKTNDER0A10","Oracle Autonomous Database Hours",NULL,"YHBY0P2TGJE75CYV.A1ER2FWA","ocid1.compartment.oc1..dev","development","Tenancy","{""environment"": ""dev"", ""business_unit"": ""ViennaAI"", ""cost_center"": ""CC-1001""}",NULL,NULL,"One-Time","INV-202409-23418","Relational Databases",0.9034,0,1.3899
"AllocatedMethodId-6302","AllocatedResourceId-8709","AllocatedResourceName-8156","{}",145.69669049,"123456789012","SunBird","BillingAccount","USD","2024-10-01T00:00:00Z","2024-09-01T00:00:00Z",NULL,NULL,"Usage","Correction","Amazon Simple Storage Service Bucket in US West (Oregon)","2024-09-18T18:00:00Z","2024-09-18T17:00:00Z",NULL,NULL,NULL,NULL,NULL,NULL,NULL,380.7700000000,"GB",NULL,217.457747,0.5711,145.69669049,"AWS","AWS",356.514951,0.9363,"Standard","USD",380.77,"GB","AWS","AWS","us-west-2","US West (Oregon)","arn:aws:ec2:us-west-2:123456789012:instance/i-00a457d82c33",NULL,"Bucket","Storage","Amazon Simple Storage Service","AWS","ZFQ9SJXC3ZY26QKC","Amazon Simple Storage Service GB",NULL,"DESFRRIQZA4O5KP8.1EWXK7UR","517389287820","Atlas Nimbus","BillingAccount","{""cost_center"": ""CC-3090"", ""environment"": ""dev""}",NULL,"us-west-2b","Usage-Based","INV-202409-69894","Object Storage",0.5711,145.69669049,0.9363
"AllocatedMethodId-3240","AllocatedResourceId-7220","AllocatedResourceName-6092","{}",323.0277648,"8a93b2c1-1234-4abc-9def-0123456789ab","Contoso Cloud","BillingProfile","USD","2024-10-01T00:00:00Z","2024-09-01T00:00:00Z",NULL,NULL,"Usage",NULL,"Azure Kubernetes Service Cluster in West Europe","2024-09-10T20:00:00Z","2024-09-10T19:00:00Z",NULL,NULL,NULL,NULL,NULL,NULL,NULL,238.9400000000,"Hours",NULL,375.61368,1.5720,323.0277648,"Microsoft","Microsoft",560.601028,2.3462,"Dynamic","USD",238.94,"Hours","Microsoft","Microsoft","westeurope","West Europe","/subscriptions/8a93b2c1-1234-4abc-9def-0123456789ab/resourceGroups/rg-709/providers/Microsoft.Compute/virtualMachines/vm-1933",NULL,"Cluster","Compute","Azure Kubernetes Service","Microsoft","XNR8GUARODPV1BI7","Azure Kubernetes Service Hours",NULL,"W90Y1A0NWT3ZB5UF.KFDF6SIY","sub-4d3e","Sandbox","BillingProfile","{""team"": ""infra"", ""application"": ""AtlasPortal""}",NULL,NULL,"Usage-Based","INV-202409-31652","Containers",1.5720,323.0277648,2.3462
"AllocatedMethodId-4671","AllocatedResourceId-9470","AllocatedResourceName-6561","{}",646.34806494,"01ABCD-2345EF-6789GH","Helios Labs","BillingAccount","USD","2024-10-01T00:00:00Z","2024-09-01T00:00:00Z",NULL,NULL,"Usage",NULL,"Compute Engine VM Instance in Iowa","2024-09-12T21:00:00Z","2024-09-12T20:00:00Z",NULL,NULL,NULL,NULL,NULL,NULL,NULL,250.8600000000,"Hours",NULL,936.7363260000001,3.7341,646.34806494,"Google","Google",1232.550438,4.9133,"Standard","USD",250.86,"Hours","Google","Google","us-central1","Iowa","//compute.googleapis.com/projects/helios-labs/zones/us-central1-a/instances/inst-1802",NULL,"VM Instance","Compute","Compute Engine","Google","VC20XU3O5Q9WJVEK","Compute Engine Hours",NULL,"KV9S03DF5UKK4LR1.UKNZ5QDJ","proj-helios-prod","helios-prod","BillingAccount","{""business_unit"": ""MarseilleSRE""}",NULL,"europe-west1-b","Usage-Based","INV-202409-17893","Virtual Machines",3.7341,646.34806494,4.9133
"AllocatedMethodId-5699","AllocatedResourceId-2677","AllocatedResourceName-2080","{}",269.3163125,"01ABCD-2345EF-6789GH","Helios Labs","BillingAccount","USD","2024-10-01T00:00:00Z","2024-09-01T00:00:00Z",NULL,NULL,"Usage",NULL,"Compute Engine VM Instance in Northern Virginia","2024-09-03T13:00:00Z","2024-09-03T12:00:00Z",NULL,NULL,NULL,NULL,NULL,NULL,NULL,171.2500000000,"Hours",NULL,379.31874999999997,2.2150,269.3163125,"Google","Google",611.790625,3.5725,"Standard","USD",171.25,"Hours","Google","Google","us-east4","Northern Virginia","//compute.googleapis.com/projects/helios-labs/zones/us-east4-a/instances/inst-8443",NULL,"VM Instance","Compute","Compute Engine","Google","4YPVKS0ETI1KBRD6","Compute Engine Hours",NULL,"WJBZPNQ0EE7575M2.J7LYWMN6","proj-helios-prod","helios-prod","BillingAccount","{""business_unit"": ""OsloData"", ""environment"": ""prod""}",NULL,NULL,"Usage-Based","INV-202409-15382","Virtual Machines",2.2150,269.3163125,3.5725
"AllocatedMethodId-7255","AllocatedResourceId-4347","AllocatedResourceName-6163","{}",278.88332475,"ocid1.tenancy.oc1..aaaa1234","Meridian OCI","Tenancy","USD","2024-10-01T00:00:00Z","2024-09-01T00:00:00Z",NULL,NULL,"Usage",NULL,"Oracle Compute Instance in UK South (London)","2024-09-11T12:00:00Z","2024-09-11T11:00:00Z",NULL,NULL,NULL,NULL,NULL,NULL,NULL,401.6900000000,"Hours",NULL,371.844433,0.9257,278.88332475,"Oracle","Oracle",464.795499,1.1571,"Other","USD",401.69,"Hours","Oracle","Oracle","uk-london-1","UK South (London)","ocid1.instance.oc1.uk-london-1.001bf5c5b345",NULL,"Instance","Compute","Oracle Compute","Oracle","MFO498DKECP05053","Oracle Compute Hours",NULL,"33P0V3YTWWTVDNQ6.HVQMWHGD","ocid1.compartment.oc1..prod","production","Tenancy","{""environment"": ""qa"", ""team"": ""platform""}",NULL,NULL,"Usage-Based","INV-202409-28312","Virtual Machines",0.9257,278.88332475,1.1571
"AllocatedMethodId-1550","AllocatedResourceId-3583","AllocatedResourceName-4750","{}",84.2660032,"01ABCD-2345EF-6789GH","Helios Labs","BillingAccount","USD","2024-10-01T00:00:00Z","2024-09-01T00:00:00Z",NULL,NULL,"Usage",NULL,"Cloud Storage Bucket in Belgium","2024-09-23T23:00:00Z","2024-09-23T22:00:00Z",NULL,NULL,NULL,NULL,NULL,NULL,NULL,96.0800000000,"GiB",NULL,88.701056,0.9232,84.2660032,"Google","Google",119.8598,1.2475,"Standard","USD",96.08,"GiB","Google","Google","europe-west1","Belgium","//compute.googleapis.com/projects/helios-labs/zones/europe-west1-a/instances/inst-247",NULL,"Bucket","Storage","Cloud Storage","Google","JYQB1I1AY2SGUHTT","Cloud Storage GiB",NULL,"641KG0S9PQI33PDL.SD1U4KWK","proj-helios-prod","helios-prod","BillingAccount","{""business_unit"": ""OsloData""}",NULL,"us-central1-a","Usage-Based","INV-202409-97385","Object Storage",0.9232,84.2660032,1.2475
"AllocatedMethodId-5935","AllocatedResourceId-7156","AllocatedResourceName-8396","{}",527.1627452,"01ABCD-2345EF-6789GH","Helios Labs","BillingAccount","USD","2024-10-01T00:00:00Z","2024-09-01T00:00:00Z",NULL,NULL,"Adjustment",NULL,"Cloud Functions Function in Belgium","2024-09-20T18:00:00Z","2024-09-20T17:00:00Z",NULL,NULL,NULL,NULL,NULL,NULL,NULL,NULL,NULL,NULL,579.2997200000001,2.1212,527.1627452,"Google","Google",733.30081,2.6851,"Standard","USD",273.10,"Invocations","Google","Google","europe-west1","Belgium",NULL,NULL,NULL,"Compute","Cloud Functions","Google","TWFYVERUZST1QUJP","Cloud Functions Invocations",NULL,"ABQEXKTJ7Y58XVQ5.AE645WCH","proj-helios-dev","helios-dev","BillingAccount",NULL,NULL,NULL,"One-Time","INV-202409-99765","Serverless Compute",2.1212,527.1627452,2.6851
"AllocatedMethodId-7822","AllocatedResourceId-2326","AllocatedResourceName-7903","{}",945.2810444,"123456789012","SunBird","BillingAccount","USD","2024-10-01T00:00:00Z","2024-09-01T00:00:00Z",NULL,NULL,"Usage",NULL,"AWS Lambda Function in US West (Oregon)","2024-09-21T22:00:00Z","2024-09-21T21:00:00Z","Usage","cd-824767","commit-4767",NULL,"Used","Committed Use Discount",NULL,451.8500000000,"Requests",NULL,1074.183005,2.3773,945.2810444,"AWS","AWS",1678.396825,3.7145,"Standard","USD",451.85,"Requests","AWS","AWS","us-west-2","US West (Oregon)","arn:aws:ec2:us-west-2:123456789012:instance/i-0080638f9f35",NULL,"Function","Compute","AWS Lambda","AWS","GOTA5IFYRW4UL5WS","AWS Lambda Requests",NULL,"L6MI9Z56VFWD1Z76.EWW3HUX0","438839167390","Zenith Eclipse","BillingAccount","{""application"": ""AtlasPortal"", ""team"": ""infra"", ""environment"": ""prod""}",NULL,NULL,"Usage-Based","INV-202409-98780","Serverless Compute",2.3773,945.2810444,3.7145
"AllocatedMethodId-5103","AllocatedResourceId-3181","AllocatedResourceName-4851","{}",82.089569,"ocid1.tenancy.oc1..aaaa1234","Meridian OCI","Tenancy","USD","2024-10-01T00:00:00Z","2024-09-01T00:00:00Z",NULL,NULL,"Usage",NULL,"Oracle Load Balancer Load Balancer in Australia East (Sydney)","2024-09-02T21:00:00Z","2024-09-02T20:00:00Z",NULL,NULL,NULL,NULL,NULL,NULL,NULL,119.5000000000,"Hours",NULL,110.93185,0.9283,82.089569,"Oracle","Oracle",149.91275,1.2545,"Other","USD",119.50,"Hours","Oracle","Oracle","ap-sydney-1","Australia East (Sydney)","ocid1.instance.oc1.ap-sydney-1.0038786e186a",NULL,"Load Balancer","Networking","Oracle Load Balancer","Oracle","QXE6JXZZEIFJ12T9","Oracle Load Balancer Hours",NULL,"Y59T7460MF1ODWK5.DQNYLLWF","ocid1.compartment.oc1..dev","development","Tenancy","{""team"": ""payments"", ""application"": ""BrightSourceCore"", ""cost_center"": ""CC-3090""}",NULL,"us-ashburn-1-AD-1","Usage-Based","INV-202409-65306","Application Networking",0.9283,82.089569,1.2545
"AllocatedMethodId-6055","AllocatedResourceId-9581","AllocatedResourceName-3852","{}",176.19917832,"123456789012","SunBird","BillingAccount","USD","2024-10-01T00:00:00Z","2024-09-01T00:00:00Z",NULL,NULL,"Usage",NULL,"Amazon Elastic Compute Cloud Virtual Machine in US West (Oregon)","2024-09-13T01:00:00Z","2024-09-13T00:00:00Z",NULL,NULL,NULL,NULL,NULL,NULL,NULL,383.0800000000,"Hours",NULL,177.978968,0.4646,176.19917832,"AWS","AWS",211.881548,0.5531,"Other","USD",383.08,"Hours","AWS","AWS","us-west-2","US West (Oregon)","arn:aws:ec2:us-west-2:123456789012:instance/i-00842533e388",NULL,"Virtual Machine","Compute","Amazon Elastic Compute Cloud","AWS","P3B7XWOYA0JLMA0M","Amazon Elastic Compute Cloud Hours",NULL,"W04NW53XZSK7TEAT.ACNK4NBN","438839167390","Zenith Eclipse","BillingAccount",NULL,NULL,NULL,"Usage-Based","INV-202409-26706","Virtual Machines",0.4646,176.19917832,0.5531
"AllocatedMethodId-6918","AllocatedResourceId-4583","AllocatedResourceName-6653","{}",259.44471168,"ocid1.tenancy.oc1..aaaa1234","Meridian OCI","Tenancy","USD","2024-10-01T00:00:00Z","2024-09-01T00:00:00Z",NULL,NULL,"Credit",NULL,"Oracle Autonomous Database Database in Australia East (Sydney)","2024-09-09T20:00:00Z","2024-09-09T19:00:00Z","Spend","cd-639861","commit-9861",NULL,"Used","Reserved Instance",NULL,NULL,NULL,NULL,336.94118399999996,0.9859,259.44471168,"Oracle","Oracle",391.79366400000004,1.1464,"Standard","USD",341.76,"Hours","Oracle","Oracle","ap-sydney-1","Australia East (Sydney)",NULL,NULL,NULL,"Databases","Oracle Autonomous Database","Oracle","9VMEGGK6F35BNZ1Y","Oracle Autonomous Database Hours",NULL,"ZOZT4L6EPK0U6RVA.MM5DLRBO","ocid1.compartment.oc1..dev","development","Tenancy","{""application"": ""NimbusAPI"", ""team"": ""payments"", ""business_unit"": ""ViennaAI""}",NULL,NULL,"One-Time","INV-202409-74299","Relational Databases",0.9859,259.44471168,1.1464
"AllocatedMethodId-7336","AllocatedResourceId-2778","AllocatedResourceName-6370","{}",523.05789888,"8a93b2c1-1234-4abc-9def-0123456789ab","Contoso Cloud","BillingProfile","USD","2024-10-01T00:00:00Z","2024-09-01T00:00:00Z",NULL,NULL,"Usage",NULL,"Azure Load Balancer Load Balancer in East US","2024-09-09T14:00:00Z","2024-09-09T13:00:00Z",NULL,NULL,NULL,NULL,NULL,NULL,NULL,171.4800000000,"Hours",NULL,594.383976,3.4662,523.05789888,"Microsoft","Microsoft",724.863108,4.2271,"Other","USD",171.48,"Hours","Microsoft","Microsoft","eastus","East US","/subscriptions/8a93b2c1-1234-4abc-9def-0123456789ab/resourceGroups/rg-361/providers/Microsoft.Compute/virtualMachines/vm-7043",NULL,"Load Balancer","Networking","Azure Load Balancer","Microsoft","3EIZVJSS8E6WK6P6","Azure Load Balancer Hours",NULL,"6KAEUHR3250RFPZF.0W20WI6K","sub-4d3e","Sandbox","BillingProfile","{""owner"": ""g.hopper"", ""business_unit"": ""ViennaAI"", ""application"": ""AtlasPortal""}",NULL,"westeurope-2","Usage-Based","INV-202409-27547","Application Networking",3.4662,523.05789888,4.2271
"AllocatedMethodId-4661","AllocatedResourceId-4517","AllocatedResourceName-9996","{}",282.675114,"01ABCD-2345EF-6789GH","Helios Labs","BillingAccount","USD","2024-10-01T00:00:00Z","2024-09-01T00:00:00Z",NULL,NULL,"Usage",NULL,"Cloud Load Balancing Forwarding Rule in Iowa","2024-09-25T01:00:00Z","2024-09-25T00:00:00Z",NULL,NULL,NULL,NULL,NULL,NULL,NULL,290.2000000000,"Hours",NULL,314.08346,1.0823,282.675114,"Google","Google",430.25051999999994,1.4826,"Standard","USD",290.20,"Hours","Google","Google","us-central1","Iowa","//compute.googleapis.com/projects/helios-labs/zones/us-central1-a/instances/inst-8817",NULL,"Forwarding Rule","Networking","Cloud Load Balancing","Google","1VVBCFXWZ26MJNXM","Cloud Load Balancing Hours",NULL,"YAHSFJ3B0YG9UO0C.758C2IAI","proj-helios-prod","helios-prod","BillingAccount","{""team"": ""infra"", ""owner"": ""a.lovelace""}",NULL,NULL,"Usage-Based","INV-202409-13809","Application Networking",1.0823,282.675114,1.4826
"AllocatedMethodId-3238","AllocatedResourceId-3885","AllocatedResourceName-7920","{}",133.64435893,"123456789012","SunBird","BillingAccount","USD","2024-10-01T00:00:00Z","2024-09-01T00:00:00Z",NULL,NULL,"Usage",NULL,"Amazon Elastic Compute Cloud Virtual Machine in US West (Oregon)","2024-09-25T16:00:00Z","2024-09-25T15:00:00Z",NULL,NULL,NULL,NULL,NULL,NULL,NULL,214.3100000000,"Hours",NULL,219.089113,1.0223,133.64435893,"AWS","AWS",235.590983,1.0993,"Dynamic","USD",214.31,"Hours","AWS","AWS","us-west-2","US West (Oregon)","arn:aws:ec2:us-west-2:123456789012:instance/i-00babe3981e5",NULL,"Virtual Machine","Compute","Amazon Elastic Compute Cloud","AWS","GAWZU5SM054CUQZ2","Amazon Elastic Compute Cloud Hours",NULL,"MPEZQAVR1985PDW7.618HDKVN","517389287820","Atlas Nimbus","BillingAccount","{""cost_center"": ""CC-2042"", ""environment"": ""staging""}",NULL,"us-east-1a","Usage-Based","INV-202409-22388","Virtual Machines",1.0223,133.64435893,1.0993
"AllocatedMethodId-9872","AllocatedResourceId-5147","AllocatedResourceName-3869","{}",550.09424232,"ocid1.tenancy.oc1..aaaa1234","Meridian OCI","Tenancy","USD","2024-10-01T00:00:00Z","2024-09-01T00:00:00Z",NULL,NULL,"Adjustment",NULL,"Oracle Object Storage Bucket in UK South (London)","2024-09-22T04:00:00Z","2024-09-22T03:00:00Z",NULL,NULL,NULL,NULL,NULL,NULL,NULL,NULL,NULL,NULL,764.019781,2.2261,550.09424232,"Oracle","Oracle",967.097138,2.8178,"Standard","USD",343.21,"GB","Oracle","Oracle","uk-london-1","UK South (London)",NULL,NULL,NULL,"Storage","Oracle Object Storage","Oracle","CBEDC2N76UQZ2OT5","Oracle Object Storage GB",NULL,"SPZOC9RGNG7UY5E7.OJGMAWSI","ocid1.compartment.oc1..dev","development","Tenancy","{""application"": ""NimbusAPI"", ""business_unit"": ""ViennaAI""}",NULL,NULL,"One-Time","INV-202409-96546","Object Storage",2.2261,550.09424232,2.8178
"AllocatedMethodId-7256","AllocatedResourceId-4970","AllocatedResourceName-9352","{}",457.26613515,"01ABCD-2345EF-6789GH","Helios Labs","BillingAccount","USD","2024-10-01T00:00:00Z","2024-09-01T00:00:00Z",NULL,NULL,"Usage",NULL,"Cloud Load Balancing Forwarding Rule in Iowa","2024-09-04T17:00:00Z","2024-09-04T16:00:00Z",NULL,NULL,NULL,NULL,NULL,NULL,NULL,377.8500000000,"Hours",NULL,749.616615,1.9839,457.26613515,"Google","Google",1135.779315,3.0059,"Standard","USD",377.85,"Hours","Google","Google","us-central1","Iowa","//compute.googleapis.com/projects/helios-labs/zones/us-central1-a/instances/inst-5524",NULL,"Forwarding Rule","Networking","Cloud Load Balancing","Google","OIP98203Y1CYK7UE","Cloud Load Balancing Hours",NULL,"MTBN49N83SSMB7G6.M0PKN2AL","proj-helios-prod","helios-prod","BillingAccount","{""application"": ""AtlasPortal"", ""environment"": ""qa""}",NULL,NULL,"Usage-Based","INV-202409-60440","Application Networking",1.9839,457.26613515,3.0059
"AllocatedMethodId-7786","AllocatedResourceId-8809","AllocatedResourceName-5239","{}",77.68291712,"8a93b2c1-1234-4abc-9def-0123456789ab","Contoso Cloud","BillingProfile","USD","2024-10-01T00:00:00Z","2024-09-01T00:00:00Z",NULL,NULL,"Usage",NULL,"Virtual Machines Virtual Machine in UK South","2024-09-15T21:00:00Z","2024-09-15T20:00:00Z","Usage","cd-952186","commit-2186",NULL,"Unused","Committed Use Discount",NULL,NULL,NULL,NULL,121.379558,0.7453,77.68291712,"Microsoft","Microsoft",181.16546400000001,1.1124,"Committed","USD",162.86,"Hours","Microsoft","Microsoft","uksouth","UK South","/subscriptions/8a93b2c1-1234-4abc-9def-0123456789ab/resourceGroups/rg-121/providers/Microsoft.Compute/virtualMachines/vm-4410",NULL,"Virtual Machine","Compute","Virtual Machines","Microsoft","EI99ICODJ72U2RCW","Virtual Machines Hours",NULL,"6LPAN0AY2574HKR4.LYUV3EMZ","sub-9a1f","Production","BillingProfile",NULL,NULL,"westeurope-2","Usage-Based","INV-202409-46936","Virtual Machines",0.7453,77.68291712,1.1124
"AllocatedMethodId-7173","AllocatedResourceId-4321","AllocatedResourceName-4949","{}",280.6925436,"01ABCD-2345EF-6789GH","Helios Labs","BillingAccount","USD","2024-10-01T00:00:00Z","2024-09-01T00:00:00Z",NULL,NULL,"Usage",NULL,"Compute Engine VM Instance in Singapore","2024-09-10T19:00:00Z","2024-09-10T18:00:00Z",NULL,NULL,NULL,NULL,NULL,NULL,NULL,177.7300000000,"Hours",NULL,389.85075499999994,2.1935,280.6925436,"Google","Google",639.099307,3.5959,"Standard","USD",177.73,"Hours","Google","Google","asia-southeast1","Singapore","//compute.googleapis.com/projects/helios-labs/zones/asia-southeast1-a/instances/inst-6465",NULL,"VM Instance","Compute","Compute Engine","Google","GHU14PO8WEU31S05","Compute Engine Hours",NULL,"CXD08A8M6NEOQ1UD.L5U61DPT","proj-helios-dev","helios-dev","BillingAccount","{""environment"": ""qa"", ""business_unit"": ""ViennaAI"", ""owner"": ""a.lovelace""}",NULL,NULL,"Usage-Based","INV-202409-55102","Virtual Machines",2.1935,280.6925436,3.5959
"AllocatedMethodId-1015","AllocatedResourceId-7418","AllocatedResourceName-4038","{}",161.54361468,"8a93b2c1-1234-4abc-9def-0123456789ab","Contoso Cloud","BillingProfile","USD","2024-10-01T00:00:00Z","2024-09-01T00:00:00Z",NULL,NULL,"Usage",NULL,"Azure Functions Function App in West Europe","2024-09-13T20:00:00Z","2024-09-13T19:00:00Z",NULL,NULL,NULL,NULL,NULL,NULL,NULL,69.2100000000,"Executions",NULL,218.30218199999996,3.1542,161.54361468,"Microsoft","Microsoft",266.223186,3.8466,"Standard","USD",69.21,"Executions","Microsoft","Microsoft","westeurope","West Europe","/subscriptions/8a93b2c1-1234-4abc-9def-0123456789ab/resourceGroups/rg-685/providers/Microsoft.Compute/virtualMachines/vm-44",NULL,"Function App","Compute","Azure Functions","Microsoft","KRJ3FYH7YK6Y3Q40","Azure Functions Executions",NULL,"LN4BN9WR492L07GM.HJLRFLOI","sub-9a1f","Production","BillingProfile","{""owner"": ""g.hopper"", ""team"": ""infra""}",NULL,"uksouth-1","Usage-Based","INV-202409-76902","Serverless Compute",3.1542,161.54361468,3.8466
"AllocatedMethodId-7334","AllocatedResourceId-1828","AllocatedResourceName-9582","{}",321.14266872,"01ABCD-2345EF-6789GH","Helios Labs","BillingAccount","USD","2024-10-01T00:00:00Z","2024-09-01T00:00:00Z",NULL,NULL,"Usage",NULL,"Cloud Storage Bucket in Singapore","2024-09-22T10:00:00Z","2024-09-22T09:00:00Z",NULL,NULL,NULL,NULL,NULL,NULL,NULL,139.1100000000,"GiB",NULL,439.921464,3.1624,321.14266872,"Google","Google",586.571226,4.2166,"Standard","USD",139.11,"GiB","Google","Google","asia-southeast1","Singapore","//compute.googleapis.com/projects/helios-labs/zones/asia-southeast1-a/instances/inst-5838",NULL,"Bucket","Storage","Cloud Storage","Google","ZOBMK6J14MUTAT28","Cloud Storage GiB",NULL,"YX2G161IFMJXD70L.808UYSNT","proj-helios-prod","helios-prod","BillingAccount","{""application"": ""AtlasPortal""}",NULL,NULL,"Usage-Based","INV-202409-67442","Object Storage",3.1624,321.14266872,4.2166
"AllocatedMethodId-5753","AllocatedResourceId-1043","AllocatedResourceName-9739","{}",579.38875272,"8a93b2c1-1234-4abc-9def-0123456789ab","Contoso Cloud","BillingProfile","USD","2024-10-01T00:00:00Z","2024-09-01T00:00:00Z",NULL,NULL,"Usage",NULL,"Azure Blob Storage Storage Account in East US","2024-09-08T07:00:00Z","2024-09-08T06:00:00Z",NULL,NULL,NULL,NULL,NULL,NULL,NULL,260.3400000000,"GB",NULL,762.353622,2.9283,579.38875272,"Microsoft","Microsoft",1030.191414,3.9571,"Standard","USD",260.34,"GB","Microsoft","Microsoft","eastus","East US","/subscriptions/8a93b2c1-1234-4abc-9def-0123456789ab/resourceGroups/rg-704/providers/Microsoft.Compute/virtualMachines/vm-4208",NULL,"Storage Account","Storage","Azure Blob Storage","Microsoft","CG4KZJ6APNZTD6S5","Azure Blob Storage GB",NULL,"SFF1PQOCOGDGY0PY.1LJ7RXUT","sub-4d3e","Sandbox","BillingProfile","{""environment"": ""qa"", ""application"": ""BrightSourceCore""}",NULL,"uksouth-1","Usage-Based","INV-202409-19485","Object Storage",2.9283,579.38875272,3.9571
"AllocatedMethodId-2249","AllocatedResourceId-2108","AllocatedResourceName-1250","{}",403.38501777,"01ABCD-2345EF-6789GH","Helios Labs","BillingAccount","USD","2024-10-01T00:00:00Z","2024-09-01T00:00:00Z",NULL,NULL,"Usage",NULL,"BigQuery Dataset in Northern Virginia","2024-09-07T23:00:00Z","2024-09-07T22:00:00Z",NULL,NULL,NULL,NULL,NULL,NULL,NULL,316.9300000000,"GiB",NULL,640.2936790000001,2.0203,403.38501777,"Google","Google",810.485089,2.5573,"Standard","USD",316.93,"GiB","Google","Google","us-east4","Northern Virginia","//compute.googleapis.com/projects/helios-labs/zones/us-east4-a/instances/inst-162",NULL,"Dataset","Analytics","BigQuery","Google","S0BG2QVM6GYITREB","BigQuery GiB",NULL,"0Y588SU4OJE1WDLR.JN7MWRQA","proj-helios-prod","helios-prod","BillingAccount","{""owner"": ""a.lovelace"", ""application"": ""BrightSourceCore""}",NULL,NULL,"Usage-Based","INV-202409-70413","Data Warehouses",2.0203,403.38501777,2.5573
"AllocatedMethodId-3226","AllocatedResourceId-5563","AllocatedResourceName-2038","{}",8.49898116,"ocid1.tenancy.oc1..aaaa1234","Meridian OCI","Tenancy","USD","2024-10-01T00:00:00Z","2024-09-01T00:00:00Z",NULL,NULL,"Usage",NULL,"Oracle Object Storage Bucket in Australia East (Sydney)","2024-09-02T01:00:00Z","2024-09-02T00:00:00Z",NULL,NULL,NULL,NULL,NULL,NULL,NULL,12.7800000000,"GB",NULL,13.932756,1.0902,8.49898116,"Oracle","Oracle",22.114511999999998,1.7304,"Other","USD",12.78,"GB","Oracle","Oracle","ap-sydney-1","Australia East (Sydney)","ocid1.instance.oc1.ap-sydney-1.00370f2c295e",NULL,"Bucket","Storage","Oracle Object Storage","Oracle","5FQ3UWQEK9KSLKAL","Oracle Object Storage GB",NULL,"69EWLD6WIH2Z9AHK.01KVCUD4","ocid1.compartment.oc1..dev","development","Tenancy","{""cost_center"": ""CC-1001"", ""business_unit"": ""MarseilleSRE""}",NULL,NULL,"Usage-Based","INV-202409-39880","Object Storage",1.0902,8.49898116,1.7304
"AllocatedMethodId-4463","AllocatedResourceId-8645","AllocatedResourceName-8999","{}",321.4698592,"8a93b2c1-1234-4abc-9def-0123456789ab","Contoso Cloud","BillingProfile","USD","2024-10-01T00:00:00Z","2024-09-01T00:00:00Z",NULL,NULL,"Usage",NULL,"Azure Functions Function App in Southeast Asia","2024-09-03T08:00:00Z","2024-09-03T07:00:00Z",NULL,NULL,NULL,NULL,NULL,NULL,NULL,375.2000000000,"Executions",NULL,479.80575999999996,1.2788,321.4698592,"Microsoft","Microsoft",685.4528799999999,1.8269,"Other","USD",375.20,"Executions","Microsoft","Microsoft","southeastasia","Southeast Asia","/subscriptions/8a93b2c1-1234-4abc-9def-0123456789ab/resourceGroups/rg-759/providers/Microsoft.Compute/virtualMachines/vm-9242",NULL,"Function App","Compute","Azure Functions","Microsoft","DO4ZWQNRJ9W7BMOB","Azure Functions Executions",NULL,"70QGS90PIC6UBVDR.65GVBUH9","sub-9a1f","Production","BillingProfile","{""environment"": ""dev""}",NULL,NULL,"Usage-Based","INV-202409-26417","Serverless Compute",1.2788,321.4698592,1.8269
"AllocatedMethodId-5620","AllocatedResourceId-1077","AllocatedResourceName-6015","{}",550.69931224,"8a93b2c1-1234-4abc-9def-0123456789ab","Contoso Cloud","BillingProfile","USD","2024-10-01T00:00:00Z","2024-09-01T00:00:00Z",NULL,NULL,"Usage",NULL,"Virtual Machines Virtual Machine in East US","2024-09-03T06:00:00Z","2024-09-03T05:00:00Z",NULL,NULL,NULL,NULL,NULL,NULL,NULL,235.2700000000,"Hours",NULL,625.794673,2.6599,550.69931224,"Microsoft","Microsoft",812.7166880000001,3.4544,"Standard","USD",235.27,"Hours","Microsoft","Microsoft","eastus","East US","/subscriptions/8a93b2c1-1234-4abc-9def-0123456789ab/resourceGroups/rg-809/providers/Microsoft.Compute/virtualMachines/vm-5927",NULL,"Virtual Machine","Compute","Virtual Machines","Microsoft","76R7ZV5N4SRYZYA2","Virtual Machines Hours",NULL,"IOZYDS4QGJA9G8AM.17N6JWI8","sub-4d3e","Sandbox","BillingProfile","{""owner"": ""a.lovelace"", ""application"": ""BrightSourceCore""}",NULL,NULL,"Usage-Based","INV-202409-98916","Virtual Machines",2.6599,550.69931224,3.4544
"AllocatedMethodId-5160","AllocatedResourceId-9009","AllocatedResourceName-5990","{}",680.1275091,"8a93b2c1-1234-4abc-9def-0123456789ab","Contoso Cloud","BillingProfile","USD","2024-10-01T00:00:00Z","2024-09-01T00:00:00Z",NULL,NULL,"Usage","Correction","Azure Functions Function App in West Europe","2024-09-06T00:00:00Z","2024-09-05T23:00:00Z",NULL,NULL,NULL,NULL,NULL,NULL,NULL,303.8500000000,"Executions",NULL,871.958345,2.8697,680.1275091,"Microsoft","Microsoft",1076.4797800000001,3.5428,"Dynamic","USD",303.85,"Executions","Microsoft","Microsoft","westeurope","West Europe","/subscriptions/8a93b2c1-1234-4abc-9def-0123456789ab/resourceGroups/rg-519/providers/Microsoft.Compute/virtualMachines/vm-4717",NULL,"Function App","Compute","Azure Functions","Microsoft","MZ47E3UJQ9EPVP5Y","Azure Functions Executions",NULL,"RK6OOANWPXIZC78W.ML93PSBF","sub-2b7c","Staging","BillingProfile","{""cost_center"": ""CC-3090"", ""business_unit"": ""ViennaAI""}",NULL,"uksouth-1","Usage-Based","INV-202409-21021","Serverless Compute",2.8697,680.1275091,3.5428
"AllocatedMethodId-2149","AllocatedResourceId-2945","AllocatedResourceName-1525","{}",55.397434,"ocid1.tenancy.oc1..aaaa1234","Meridian OCI","Tenancy","USD","2024-10-01T00:00:00Z","2024-09-01T00:00:00Z",NULL,NULL,"Purchase",NULL,"Oracle Autonomous Database Database in UK South (London)","2024-09-09T15:00:00Z","2024-09-09T14:00:00Z","Usage","cd-537267","commit-7267",NULL,"Used","Committed Use Discount",NULL,NULL,NULL,NULL,55.397434,0.1294,0,"Oracle","Oracle",79.114728,0.1848,"Dynamic","USD",428.11,"Hours","Oracle","Oracle","uk-london-1","UK South (London)","ocid1.instance.oc1.uk-london-1.0079e48594ba",NULL,"Database","Databases","Oracle Autonomous Database","Oracle","GCMQBV4NZ8GD7BSH","Oracle Autonomous Database Hours",NULL,"5U1RNC4KG6633E1G.YU63LO0P","ocid1.compartment.oc1..dev","development","Tenancy","{""team"": ""infra"", ""business_unit"": ""LisbonOps""}",NULL,NULL,"One-Time","INV-202409-50396","Relational Databases",0.1294,0,0.1848
"AllocatedMethodId-2927","AllocatedResourceId-3723","AllocatedResourceName-9037","{}",541.9621636,"01ABCD-2345EF-6789GH","Helios Labs","BillingAccount","USD","2024-10-01T00:00:00Z","2024-09-01T00:00:00Z",NULL,NULL,"Tax",NULL,"Tax charge in Singapore","2024-09-24T18:00:00Z","2024-09-24T17:00:00Z",NULL,NULL,NULL,NULL,NULL,NULL,NULL,NULL,NULL,NULL,541.9621636,NULL,541.9621636,"Google","Google",541.9621636,NULL,NULL,"USD",NULL,NULL,"Google","Google",NULL,NULL,NULL,NULL,NULL,"Other","Tax","Google",NULL,NULL,NULL,NULL,"proj-helios-dev","helios-dev","BillingAccount","{""cost_center"": ""CC-1001""}",NULL,NULL,"One-Time","INV-202409-86919","Other (Security)",NULL,541.9621636,NULL
"AllocatedMethodId-7735","AllocatedResourceId-9586","AllocatedResourceName-3643","{}",44.882138999999995,"01ABCD-2345EF-6789GH","Helios Labs","BillingAccount","USD","2024-10-01T00:00:00Z","2024-09-01T00:00:00Z",NULL,NULL,"Purchase",NULL,"Cloud Load Balancing Forwarding Rule in Belgium","2024-09-25T16:00:00Z","2024-09-25T15:00:00Z","Usage","cd-829482","commit-9482",NULL,"Unused","Committed Use Discount",NULL,NULL,NULL,NULL,44.882138999999995,0.1021,0,"Google","Google",56.838986999999996,0.1293,"Committed","USD",439.59,"Hours","Google","Google","europe-west1","Belgium","//compute.googleapis.com/projects/helios-labs/zones/europe-west1-a/instances/inst-4303",NULL,"Forwarding Rule","Networking","Cloud Load Balancing","Google","RN30NH7UXZ5B5H1Q","Cloud Load Balancing Hours",NULL,"Q9GRTAADRC2X0CJP.HD1TC25K","proj-helios-dev","helios-dev","BillingAccount","{""team"": ""payments""}",NULL,NULL,"One-Time","INV-202409-86586","Application Networking",0.1021,0,0.1293
"AllocatedMethodId-7701","AllocatedResourceId-7501","AllocatedResourceName-9097","{}",288.29730384,"8a93b2c1-1234-4abc-9def-0123456789ab","Contoso Cloud","BillingProfile","USD","2024-10-01T00:00:00Z","2024-09-01T00:00:00Z",NULL,NULL,"Usage",NULL,"Azure Load Balancer Load Balancer in Southeast Asia","2024-09-14T01:00:00Z","2024-09-14T00:00:00Z",NULL,NULL,NULL,NULL,NULL,NULL,NULL,371.3200000000,"Hours",NULL,364.933296,0.9828,288.29730384,"Microsoft","Microsoft",480.19102399999997,1.2932,"Standard","USD",371.32,"Hours","Microsoft","Microsoft","southeastasia","Southeast Asia","/subscriptions/8a93b2c1-1234-4abc-9def-0123456789ab/resourceGroups/rg-443/providers/Microsoft.Compute/virtualMachines/vm-5526",NULL,"Load Balancer","Networking","Azure Load Balancer","Microsoft","UR2X639P4EDUMJWD","Azure Load Balancer Hours",NULL,"153H9UMZAG4SOBQD.KWYDCSHM","sub-4d3e","Sandbox","BillingProfile","{""application"": ""NimbusAPI"", ""cost_center"": ""CC-3090""}",NULL,"westeurope-2","Usage-Based","INV-202409-23055","Application Networking",0.9828,288.29730384,1.2932
"AllocatedMethodId-1734","AllocatedResourceId-4345","AllocatedResourceName-8140","{}",803.65516704,"ocid1.tenancy.oc1..aaaa1234","Meridian OCI","Tenancy","USD","2024-10-01T00:00:00Z","2024-09-01T00:00:00Z",NULL,NULL,"Usage",NULL,"Oracle Autonomous Database Database in US East (Ashburn)","2024-09-01T01:00:00Z","2024-09-01T00:00:00Z","Spend","cd-550860","commit-0860",NULL,"Unused","Committed Use Discount",NULL,NULL,NULL,NULL,913.244508,2.0724,803.65516704,"Oracle","Oracle",1268.380461,2.8783,"Standard","USD",440.67,"Hours","Oracle","Oracle","us-ashburn-1","US East (Ashburn)","ocid1.instance.oc1.us-ashburn-1.00630b4cc328",NULL,"Database","Databases","Oracle Autonomous Database","Oracle","L3KBSN69G503ZIK2","Oracle Autonomous Database Hours",NULL,"CJWTPEZOEU6T0R4I.V0DSY36K","ocid1.compartment.oc1..dev","development","Tenancy",NULL,NULL,NULL,"Usage-Based","INV-202409-95638","Relational Databases",2.0724,803.65516704,2.8783
"AllocatedMethodId-7305","AllocatedResourceId-5859","AllocatedResourceName-6847","{}",50.32164192,"123456789012","SunBird","BillingAccount","USD","2024-10-01T00:00:00Z","2024-09-01T00:00:00Z",NULL,NULL,"Usage",NULL,"Amazon Simple Queue Service Queue in US East (N. Virginia)","2024-09-16T00:00:00Z","2024-09-15T23:00:00Z",NULL,NULL,NULL,NULL,NULL,NULL,NULL,196.4400000000,"Requests",NULL,57.18368400000001,0.2911,50.32164192,"AWS","AWS",63.528696000000004,0.3234,"Standard","USD",196.44,"Requests","AWS","AWS","us-east-1","US East (N. Virginia)","arn:aws:ec2:us-east-1:123456789012:instance/i-0025f48014a2",NULL,"Queue","Integration","Amazon Simple Queue Service","AWS","1Y21ZUSAUOLRKH0R","Amazon Simple Queue Service Requests",NULL,"OVOK61E39AX9EP7C.V2OLHOY2","438839167390","Zenith Eclipse","BillingAccount","{""environment"": ""dev""}",NULL,NULL,"Usage-Based","INV-202409-83127","Messaging",0.2911,50.32164192,0.3234
"AllocatedMethodId-9069","AllocatedResourceId-7932","AllocatedResourceName-3613","{}",14.8214286,"01ABCD-2345EF-6789GH","Helios Labs","BillingAccount","USD","2024-10-01T00:00:00Z","2024-09-01T00:00:00Z",NULL,NULL,"Usage",NULL,"Cloud SQL Database Instance in Belgium","2024-09-05T17:00:00Z","2024-09-05T16:00:00Z","Usage","cd-264038","commit-4038",NULL,"Unused","Reserved Instance",NULL,NULL,NULL,NULL,14.97114,2.6830,14.8214286,"Google","Google",20.508732,3.6754,"Dynamic","USD",5.58,"Hours","Google","Google","europe-west1","Belgium","//compute.googleapis.com/projects/helios-labs/zones/europe-west1-a/instances/inst-8731",NULL,"Database Instance","Databases","Cloud SQL","Google","81LU9ZJZPU1BCYLV","Cloud SQL Hours",NULL,"WEXF42XEM47QVNEL.3MRQV7BE","proj-helios-dev","helios-dev","BillingAccount","{""business_unit"": ""MarseilleSRE"", ""application"": ""BrightSourceCore""}",NULL,"asia-southeast1-c","Usage-Based","INV-202409-91842","Relational Databases",2.6830,14.8214286,3.6754
"AllocatedMethodId-5387","AllocatedResourceId-1263","AllocatedResourceName-4155","{}",19.98412624,"123456789012","SunBird","BillingAccount","USD","2024-10-01T00:00:00Z","2024-09-01T00:00:00Z",NULL,NULL,"Usage",NULL,"Amazon Simple Storage Service Bucket in Europe (Ireland)","2024-09-04T20:00:00Z","2024-09-04T19:00:00Z",NULL,NULL,NULL,NULL,NULL,NULL,NULL,38.4800000000,"GB",NULL,20.602192,0.5354,19.98412624,"AWS","AWS",28.613728,0.7436,"Dynamic","USD",38.48,"GB","AWS","AWS","eu-west-1","Europe (Ireland)","arn:aws:ec2:eu-west-1:123456789012:instance/i-008b0e8d6253",NULL,"Bucket","Storage","Amazon Simple Storage Service","AWS","C6GAGR7GK2E98RC9","Amazon Simple Storage Service GB",NULL,"QP2T9HIZ6H5PAA7B.U68AV6C8","438839167390","Zenith Eclipse","BillingAccount","{""environment"": ""staging""}",NULL,NULL,"Usage-Based","INV-202409-25825","Object Storage",0.5354,19.98412624,0.7436
"AllocatedMethodId-7052","AllocatedResourceId-7836","AllocatedResourceName-6799","{}",1321.06867992,"8a93b2c1-1234-4abc-9def-0123456789ab","Contoso Cloud","BillingProfile","USD","2024-10-01T00:00:00Z","2024-09-01T00:00:00Z",NULL,NULL,"Usage",NULL,"Azure SQL Database SQL Database in East US","2024-09-02T11:00:00Z","2024-09-02T10:00:00Z",NULL,NULL,NULL,NULL,NULL,NULL,NULL,347.4400000000,"Hours",NULL,1334.412808,3.8407,1321.06867992,"Microsoft","Microsoft",1551.6322960000002,4.4659,"Standard","USD",347.44,"Hours","Microsoft","Microsoft","eastus","East US","/subscriptions/8a93b2c1-1234-4abc-9def-0123456789ab/resourceGroups/rg-278/providers/Microsoft.Compute/virtualMachines/vm-842",NULL,"SQL Database","Databases","Azure SQL Database","Microsoft","G00T0BIEKS121QJ6","Azure SQL Database Hours",NULL,"HJW7MZKD3R69QUEL.YAJAPOFQ","sub-2b7c","Staging","BillingProfile","{""cost_center"": ""CC-3090"", ""team"": ""payments"", ""application"": ""BrightLensMatrix""}",NULL,NULL,"Usage-Based","INV-202409-66719","Relational Databases",3.8407,1321.06867992,4.4659
"AllocatedMethodId-8763","AllocatedResourceId-9437","AllocatedResourceName-9690","{}",246.27667372,"ocid1.tenancy.oc1..aaaa1234","Meridian OCI","Tenancy","USD","2024-10-01T00:00:00Z","2024-09-01T00:00:00Z",NULL,NULL,"Usage",NULL,"Oracle Compute Instance in UK South (London)","2024-09-16T03:00:00Z","2024-09-16T02:00:00Z","Spend","cd-462139","commit-2139",NULL,"Used","Savings Plan",NULL,315.8600000000,"Hours",NULL,296.718884,0.9394,246.27667372,"Oracle","Oracle",333.39023000000003,1.0555,"Committed","USD",315.86,"Hours","Oracle","Oracle","uk-london-1","UK South (London)","ocid1.instance.oc1.uk-london-1.00cc01d62de0",NULL,"Instance","Compute","Oracle Compute","Oracle","UMIIOB4JR95YQGL0","Oracle Compute Hours",NULL,"GNXX5QU8ZH6AU6MP.TC7OXRRJ","ocid1.compartment.oc1..dev","development","Tenancy","{""owner"": ""a.lovelace"", ""team"": ""infra"", ""business_unit"": ""OsloData""}",NULL,"uk-london-1-AD-2","Usage-Based","INV-202409-98516","Virtual Machines",0.9394,246.27667372,1.0555
"AllocatedMethodId-2564","AllocatedResourceId-5618","AllocatedResourceName-5042","{}",154.01482005,"01ABCD-2345EF-6789GH","Helios Labs","BillingAccount","USD","2024-10-01T00:00:00Z","2024-09-01T00:00:00Z",NULL,NULL,"Usage",NULL,"Cloud Functions Function in Iowa","2024-09-01T16:00:00Z","2024-09-01T15:00:00Z",NULL,NULL,NULL,NULL,NULL,NULL,NULL,190.4500000000,"Invocations",NULL,158.778165,0.8337,154.01482005,"Google","Google",186.79335999999998,0.9808,"Standard","USD",190.45,"Invocations","Google","Google","us-central1","Iowa","//compute.googleapis.com/projects/helios-labs/zones/us-central1-a/instances/inst-8968",NULL,"Function","Compute","Cloud Functions","Google","P08PFL4VOQH8NWV4","Cloud Functions Invocations",NULL,"9CKI6BF35FB0ISXB.IYSR3OXN","proj-helios-prod","helios-prod","BillingAccount",NULL,NULL,"asia-southeast1-c","Usage-Based","INV-202409-46382","Serverless Compute",0.8337,154.01482005,0.9808
"AllocatedMethodId-6932","AllocatedResourceId-8305","AllocatedResourceName-6555","{}",468.6294536,"123456789012","SunBird","BillingAccount","USD","2024-10-01T00:00:00Z","2024-09-01T00:00:00Z",NULL,NULL,"Credit",NULL,"Amazon Elastic Compute Cloud Virtual Machine in US West (Oregon)","2024-09-11T05:00:00Z","2024-09-11T04:00:00Z","Spend","cd-700958","commit-0958",NULL,"Unused","Savings Plan",NULL,NULL,NULL,NULL,593.20184,2.7514,468.6294536,"AWS","AWS",714.69244,3.3149,"Committed","USD",215.60,"Hours","AWS","AWS","us-west-2","US West (Oregon)",NULL,NULL,NULL,"Compute","Amazon Elastic Compute Cloud","AWS","GFDSA9O6QP39LZBF","Amazon Elastic Compute Cloud Hours",NULL,"8244WOMSJIUNOIIQ.IX542L33","517389287820","Atlas Nimbus","BillingAccount","{""business_unit"": ""MarseilleSRE"", ""team"": ""platform"", ""cost_center"": ""CC-3090""}",NULL,NULL,"One-Time","INV-202409-43063","Virtual Machines",2.7514,468.6294536,3.3149
"AllocatedMethodId-9466","AllocatedResourceId-8119","AllocatedResourceName-4526","{}",139.79375568,"123456789012","SunBird","BillingAccount","USD","2024-10-01T00:00:00Z","2024-09-01T00:00:00Z",NULL,NULL,"Usage",NULL,"Amazon Simple Storage Service Bucket in US East (N. Virginia)","2024-09-23T06:00:00Z","2024-09-23T05:00:00Z",NULL,NULL,NULL,NULL,NULL,NULL,NULL,46.6300000000,"GB",NULL,194.15799400000003,4.1638,139.79375568,"AWS","AWS",218.153792,4.6784,"Standard","USD",46.63,"GB","AWS","AWS","us-east-1","US East (N. Virginia)","arn:aws:ec2:us-east-1:123456789012:instance/i-00dbfe9c0a0b",NULL,"Bucket","Storage","Amazon Simple Storage Service","AWS","8586TLBS3V9PX6T2","Amazon Simple Storage Service GB",NULL,"4DYPL7VPIDJUT0F0.4S0227E7","663626350770","Zenith Apollo","BillingAccount","{""environment"": ""dev"", ""cost_center"": ""CC-3090""}",NULL,NULL,"Usage-Based","INV-202409-84646","Object Storage",4.1638,139.79375568,4.6784
"AllocatedMethodId-6493","AllocatedResourceId-8179","AllocatedResourceName-3833","{}",605.61170208,"ocid1.tenancy.oc1..aaaa1234","Meridian OCI","Tenancy","USD","2024-10-01T00:00:00Z","2024-09-01T00:00:00Z",NULL,NULL,"Tax",NULL,"Tax charge in US East (Ashburn)","2024-09-27T10:00:00Z","2024-09-27T09:00:00Z",NULL,NULL,NULL,NULL,NULL,NULL,NULL,NULL,NULL,NULL,605.61170208,NULL,605.61170208,"Oracle","Oracle",605.61170208,NULL,NULL,"USD",NULL,NULL,"Oracle","Oracle",NULL,NULL,NULL,NULL,NULL,"Other","Tax","Oracle",NULL,NULL,NULL,NULL,"ocid1.compartment.oc1..dev","development","Tenancy",NULL,NULL,NULL,"One-Time","INV-202409-83436","Other (Security)",NULL,605.61170208,NULL
"AllocatedMethodId-3858","AllocatedResourceId-8926","AllocatedResourceName-5800","{}",164.32498992,"8a93b2c1-1234-4abc-9def-0123456789ab","Contoso Cloud","BillingProfile","USD","2024-10-01T00:00:00Z","2024-09-01T00:00:00Z",NULL,NULL,"Usage",NULL,"Azure Load Balancer Load Balancer in Southeast Asia","2024-09-03T05:00:00Z","2024-09-03T04:00:00Z",NULL,NULL,NULL,NULL,NULL,NULL,NULL,106.8900000000,"Hours",NULL,216.217092,2.0228,164.32498992,"Microsoft","Microsoft",260.501619,2.4371,"Dynamic","USD",106.89,"Hours","Microsoft","Microsoft","southeastasia","Southeast Asia","/subscriptions/8a93b2c1-1234-4abc-9def-0123456789ab/resourceGroups/rg-83/providers/Microsoft.Compute/virtualMachines/vm-2378",NULL,"Load Balancer","Networking","Azure Load Balancer","Microsoft","JIBC9HBBGQL600DZ","Azure Load Balancer Hours",NULL,"LUFU5UVGQCZ2GA6A.AQW64LRK","sub-4d3e","Sandbox","BillingProfile","{""team"": ""infra"", ""business_unit"": ""LisbonOps"", ""cost_center"": ""CC-3090""}",NULL,"westeurope-2","Usage-Based","INV-202409-96370","Application Networking",2.0228,164.32498992,2.4371
"AllocatedMethodId-7439","AllocatedResourceId-7755","AllocatedResourceName-9151","{}",1359.52194768,"ocid1.tenancy.oc1..aaaa1234","Meridian OCI","Tenancy","USD","2024-10-01T00:00:00Z","2024-09-01T00:00:00Z",NULL,NULL,"Usage",NULL,"Oracle Functions Function in UK South (London)","2024-09-27T11:00:00Z","2024-09-27T10:00:00Z",NULL,NULL,NULL,NULL,NULL,NULL,NULL,426.7400000000,"Invocations",NULL,1742.9768559999998,4.0844,1359.52194768,"Oracle","Oracle",2026.716282,4.7493,"Standard","USD",426.74,"Invocations","Oracle","Oracle","uk-london-1","UK South (London)","ocid1.instance.oc1.uk-london-1.004eef836e62",NULL,"Function","Compute","Oracle Functions","Oracle","QNPUO13X2452NQIY","Oracle Functions Invocations",NULL,"V84UDNEAT2FQA44E.L6B0FC4Q","ocid1.compartment.oc1..prod","production","Tenancy",NULL,NULL,"us-ashburn-1-AD-1","Usage-Based","INV-202409-61685","Serverless Compute",4.0844,1359.52194768,4.7493
"AllocatedMethodId-1626","AllocatedResourceId-6216","AllocatedResourceName-2042","{}",112.1332992,"01ABCD-2345EF-6789GH","Helios Labs","BillingAccount","USD","2024-10-01T00:00:00Z","2024-09-01T00:00:00Z",NULL,NULL,"Usage",NULL,"BigQuery Dataset in Belgium","2024-09-20T15:00:00Z","2024-09-20T14:00:00Z",NULL,NULL,NULL,NULL,NULL,NULL,NULL,144.9200000000,"GiB",NULL,140.16662399999998,0.9672,112.1332992,"Google","Google",166.860888,1.1514,"Standard","USD",144.92,"GiB","Google","Google","europe-west1","Belgium","//compute.googleapis.com/projects/helios-labs/zones/europe-west1-a/instances/inst-6575",NULL,"Dataset","Analytics","BigQuery","Google","JXU82Y5NUA49FD5L","BigQuery GiB",NULL,"7OT3YR0ELYFQNZPG.ZL2VZTQO","proj-helios-prod","helios-prod","BillingAccount","{""application"": ""AtlasPortal"", ""environment"": ""dev"", ""cost_center"": ""CC-2042""}",NULL,NULL,"Usage-Based","INV-202409-86034","Data Warehouses",0.9672,112.1332992,1.1514
"AllocatedMethodId-5051","AllocatedResourceId-4553","AllocatedResourceName-2718","{}",658.708592,"01ABCD-2345EF-6789GH","Helios Labs","BillingAccount","USD","2024-10-01T00:00:00Z","2024-09-01T00:00:00Z",NULL,NULL,"Usage",NULL,"BigQuery Dataset in Northern Virginia","2024-09-01T17:00:00Z","2024-09-01T16:00:00Z",NULL,NULL,NULL,NULL,NULL,NULL,NULL,195.0400000000,"GiB",NULL,658.708592,3.3773,658.708592,"Google","Google",693.386704,3.5551,"Standard","USD",195.04,"GiB","Google","Google","us-east4","Northern Virginia","//compute.googleapis.com/projects/helios-labs/zones/us-east4-a/instances/inst-3889",NULL,"Dataset","Analytics","BigQuery","Google","DT6GFNXM4P0XK4KU","BigQuery GiB",NULL,"8Z234DVXT7C4FLYG.US9L4ADI","proj-helios-prod","helios-prod","BillingAccount",NULL,NULL,"europe-west1-b","Usage-Based","INV-202409-85219","Data Warehouses",3.3773,658.708592,3.5551
"AllocatedMethodId-4176","AllocatedResourceId-6746","AllocatedResourceName-7716","{}",133.429212,"8a93b2c1-1234-4abc-9def-0123456789ab","Contoso Cloud","BillingProfile","USD","2024-10-01T00:00:00Z","2024-09-01T00:00:00Z",NULL,NULL,"Usage",NULL,"Azure Blob Storage Storage Account in UK South","2024-09-25T10:00:00Z","2024-09-25T09:00:00Z",NULL,NULL,NULL,NULL,NULL,NULL,NULL,210.3500000000,"GB",NULL,148.25467999999998,0.7048,133.429212,"Microsoft","Microsoft",164.725085,0.7831,"Standard","USD",210.35,"GB","Microsoft","Microsoft","uksouth","UK South","/subscriptions/8a93b2c1-1234-4abc-9def-0123456789ab/resourceGroups/rg-184/providers/Microsoft.Compute/virtualMachines/vm-6957",NULL,"Storage Account","Storage","Azure Blob Storage","Microsoft","7RLXEW0F41XV9KJO","Azure Blob Storage GB",NULL,"XXI8U95B1MAJJ9LO.PWJ8275G","sub-4d3e","Sandbox","BillingProfile","{""team"": ""platform"", ""owner"": ""g.hopper""}",NULL,NULL,"Usage-Based","INV-202409-59094","Object Storage",0.7048,133.429212,0.7831
"AllocatedMethodId-7293","AllocatedResourceId-5844","AllocatedResourceName-7367","{}",375.426984,"01ABCD-2345EF-6789GH","Helios Labs","BillingAccount","USD","2024-10-01T00:00:00Z","2024-09-01T00:00:00Z",NULL,NULL,"Purchase",NULL,"BigQuery Dataset in Belgium","2024-09-23T11:00:00Z","2024-09-23T10:00:00Z",NULL,NULL,NULL,NULL,NULL,NULL,NULL,NULL,NULL,NULL,375.426984,1.5052,0,"Google","Google",514.279098,2.0619,"Other","USD",249.42,"GiB","Google","Google","europe-west1","Belgium","//compute.googleapis.com/projects/helios-labs/zones/europe-west1-a/instances/inst-392",NULL,"Dataset","Analytics","BigQuery","Google","AH9WD78D84UZTWBV","BigQuery GiB",NULL,"8HAU7AGA99055QQ5.1FN2891Y","proj-helios-dev","helios-dev","BillingAccount",NULL,NULL,NULL,"One-Time","INV-202409-35409","Data Warehouses",1.5052,0,2.0619
"AllocatedMethodId-1263","AllocatedResourceId-9726","AllocatedResourceName-6195","{}",1016.05070112,"01ABCD-2345EF-6789GH","Helios Labs","BillingAccount","USD","2024-10-01T00:00:00Z","2024-09-01T00:00:00Z",NULL,NULL,"Usage",NULL,"Cloud Storage Bucket in Belgium","2024-09-13T20:00:00Z","2024-09-13T19:00:00Z",NULL,NULL,NULL,NULL,NULL,NULL,NULL,287.0400000000,"GiB",NULL,1286.140128,4.4807,1016.05070112,"Google","Google",1397.9709120000002,4.8703,"Other","USD",287.04,"GiB","Google","Google","europe-west1","Belgium","//compute.googleapis.com/projects/helios-labs/zones/europe-west1-a/instances/inst-7468",NULL,"Bucket","Storage","Cloud Storage","Google","1K6HEWALN5SN95PS","Cloud Storage GiB",NULL,"UDUKHSAUAQ4I0B41.KERW52P0","proj-helios-prod","helios-prod","BillingAccount",NULL,NULL,NULL,"Usage-Based","INV-202409-59499","Object Storage",4.4807,1016.05070112,4.8703
"AllocatedMethodId-9073","AllocatedResourceId-9812","AllocatedResourceName-4619","{}",228.78821488,"123456789012","SunBird","BillingAccount","USD","2024-10-01T00:00:00Z","2024-09-01T00:00:00Z",NULL,NULL,"Usage",NULL,"Elastic Load Balancing Load Balancer in US East (N. Virginia)","2024-09-13T18:00:00Z","2024-09-13T17:00:00Z",NULL,NULL,NULL,NULL,NULL,NULL,NULL,194.4400000000,"LCU-Hours",NULL,266.032808,1.3682,228.78821488,"AWS","AWS",354.71689200000003,1.8243,"Standard","USD",194.44,"LCU-Hours","AWS","AWS","us-east-1","US East (N. Virginia)","arn:aws:ec2:us-east-1:123456789012:instance/i-007427b85127",NULL,"Load Balancer","Networking","Elastic Load Balancing","AWS","2HPH8QQQYE1PULV4","Elastic Load Balancing LCU-Hours",NULL,"Q444RP2KFJO6R632.XYEF974V","438839167390","Zenith Eclipse","BillingAccount","{""cost_center"": ""CC-3090"", ""owner"": ""k.johnson""}",NULL,NULL,"Usage-Based","INV-202409-58930","Application Networking",1.3682,228.78821488,1.8243
"AllocatedMethodId-1776","AllocatedResourceId-8681","AllocatedResourceName-8465","{}",8.86938,"8a93b2c1-1234-4abc-9def-0123456789ab","Contoso Cloud","BillingProfile","USD","2024-10-01T00:00:00Z","2024-09-01T00:00:00Z",NULL,NULL,"Purchase",NULL,"Azure Load Balancer Load Balancer in West Europe","2024-09-02T18:00:00Z","2024-09-02T17:00:00Z",NULL,NULL,NULL,NULL,NULL,NULL,NULL,NULL,NULL,NULL,8.86938,0.0548,0,"Microsoft","Microsoft",9.96996,0.0616,"Standard","USD",161.85,"Hours","Microsoft","Microsoft","westeurope","West Europe","/subscriptions/8a93b2c1-1234-4abc-9def-0123456789ab/resourceGroups/rg-486/providers/Microsoft.Compute/virtualMachines/vm-4846",NULL,"Load Balancer","Networking","Azure Load Balancer","Microsoft","0I4GIMOPD0VPMXMX","Azure Load Balancer Hours",NULL,"4U8BZK6LHZA7595U.469J4M31","sub-4d3e","Sandbox","BillingProfile","{""business_unit"": ""OsloData"", ""owner"": ""a.lovelace"", ""application"": ""BrightSourceCore""}",NULL,NULL,"Recurring","INV-202409-42446","Application Networking",0.0548,0,0.0616
"AllocatedMethodId-5554","AllocatedResourceId-6172","AllocatedResourceName-2483","{}",955.6666812,"8a93b2c1-1234-4abc-9def-0123456789ab","Contoso Cloud","BillingProfile","USD","2024-10-01T00:00:00Z","2024-09-01T00:00:00Z",NULL,NULL,"Usage","Correction","Azure Functions Function App in West Europe","2024-09-17T11:00:00Z","2024-09-17T10:00:00Z",NULL,NULL,NULL,NULL,NULL,NULL,NULL,328.6800000000,"Executions",NULL,1309.13244,3.9830,955.6666812,"Microsoft","Microsoft",1636.4319839999998,4.9788,"Dynamic","USD",328.68,"Executions","Microsoft","Microsoft","westeurope","West Europe","/subscriptions/8a93b2c1-1234-4abc-9def-0123456789ab/resourceGroups/rg-504/providers/Microsoft.Compute/virtualMachines/vm-2680",NULL,"Function App","Compute","Azure Functions","Microsoft","SRXC2IZKBFB2OLJZ","Azure Functions Executions",NULL,"WJ27KWSYPBVTFW15.HE32UN92","sub-2b7c","Staging","BillingProfile",NULL,NULL,NULL,"Usage-Based","INV-202409-31573","Serverless Compute",3.9830,955.6666812,4.9788
"AllocatedMethodId-1579","AllocatedResourceId-9670","AllocatedResourceName-7094","{}",673.51005225,"ocid1.tenancy.oc1..aaaa1234","Meridian OCI","Tenancy","USD","2024-10-01T00:00:00Z","2024-09-01T00:00:00Z",NULL,NULL,"Usage",NULL,"Oracle Compute Instance in Australia East (Sydney)","2024-09-01T08:00:00Z","2024-09-01T07:00:00Z",NULL,NULL,NULL,NULL,NULL,NULL,NULL,382.4100000000,"Hours",NULL,898.013403,2.3483,673.51005225,"Oracle","Oracle",1320.614694,3.4534,"Standard","USD",382.41,"Hours","Oracle","Oracle","ap-sydney-1","Australia East (Sydney)","ocid1.instance.oc1.ap-sydney-1.00ca0619595d",NULL,"Instance","Compute","Oracle Compute","Oracle","BWFMC002LEI8GUY9","Oracle Compute Hours",NULL,"P92BL47VO29JHSKT.FO4G4PA1","ocid1.compartment.oc1..dev","development","Tenancy","{""team"": ""payments"", ""environment"": ""staging"", ""owner"": ""a.lovelace""}",NULL,NULL,"Usage-Based","INV-202409-35194","Virtual Machines",2.3483,673.51005225,3.4534
"AllocatedMethodId-8743","AllocatedResourceId-3440","AllocatedResourceName-1761","{}",654.5748209999999,"8a93b2c1-1234-4abc-9def-0123456789ab","Contoso Cloud","BillingProfile","USD","2024-10-01T00:00:00Z","2024-09-01T00:00:00Z",NULL,NULL,"Purchase",NULL,"Virtual Machines Virtual Machine in UK South","2024-09-12T04:00:00Z","2024-09-12T03:00:00Z",NULL,NULL,NULL,NULL,NULL,NULL,NULL,NULL,NULL,NULL,654.5748209999999,1.3389,0,"Microsoft","Microsoft",1039.037917,2.1253,"Standard","USD",488.89,"Hours","Microsoft","Microsoft","uksouth","UK South","/subscriptions/8a93b2c1-1234-4abc-9def-0123456789ab/resourceGroups/rg-688/providers/Microsoft.Compute/virtualMachines/vm-6747",NULL,"Virtual Machine","Compute","Virtual Machines","Microsoft","0CZ44XWW2PUSGAU2","Virtual Machines Hours",NULL,"4IWASCLV869EB8UU.72JNV56S","sub-4d3e","Sandbox","BillingProfile","{""cost_center"": ""CC-2042""}",NULL,NULL,"Recurring","INV-202409-57158","Virtual Machines",1.3389,0,2.1253
"AllocatedMethodId-8982","AllocatedResourceId-3295","AllocatedResourceName-3699","{}",657.93483144,"123456789012","SunBird","BillingAccount","USD","2024-10-01T00:00:00Z","2024-09-01T00:00:00Z",NULL,NULL,"Usage",NULL,"Amazon Simple Storage Service Bucket in Europe (Ireland)","2024-09-01T17:00:00Z","2024-09-01T16:00:00Z",NULL,NULL,NULL,NULL,NULL,NULL,NULL,394.6100000000,"GB",NULL,913.7983770000001,2.3157,657.93483144,"AWS","AWS",1450.467977,3.6757,"Standard","USD",394.61,"GB","AWS","AWS","eu-west-1","Europe (Ireland)","arn:aws:ec2:eu-west-1:123456789012:instance/i-006e5e7a61b4",NULL,"Bucket","Storage","Amazon Simple Storage Service","AWS","XY1FOSBR2WCCCTV9","Amazon Simple Storage Service GB",NULL,"TC9II4BZCYTTPV1W.6COZN9NZ","517389287820","Atlas Nimbus","BillingAccount","{""cost_center"": ""CC-3090""}",NULL,"us-east-1a","Usage-Based","INV-202409-48388","Object Storage",2.3157,657.93483144,3.6757
"AllocatedMethodId-9938","AllocatedResourceId-5817","AllocatedResourceName-7221","{}",18.9236016,"01ABCD-2345EF-6789GH","Helios Labs","BillingAccount","USD","2024-10-01T00:00:00Z","2024-09-01T00:00:00Z",NULL,NULL,"Usage",NULL,"Cloud SQL Database Instance in Singapore","2024-09-21T17:00:00Z","2024-09-21T16:00:00Z",NULL,NULL,NULL,NULL,NULL,NULL,NULL,117.8600000000,"Hours",NULL,26.28278,0.2230,18.9236016,"Google","Google",38.092352,0.3232,"Standard","USD",117.86,"Hours","Google","Google","asia-southeast1","Singapore","//compute.googleapis.com/projects/helios-labs/zones/asia-southeast1-a/instances/inst-5611",NULL,"Database Instance","Databases","Cloud SQL","Google","0ZPCCCQWN9BR9805","Cloud SQL Hours",NULL,"KUGTAYH2D62NE5A6.HZ089GOB","proj-helios-prod","helios-prod","BillingAccount",NULL,NULL,"asia-southeast1-c","Usage-Based","INV-202409-40123","Relational Databases",0.2230,18.9236016,0.3232
"AllocatedMethodId-4036","AllocatedResourceId-8047","AllocatedResourceName-5280","{}",138.40354,"123456789012","SunBird","BillingAccount","USD","2024-10-01T00:00:00Z","2024-09-01T00:00:00Z",NULL,NULL,"Usage",NULL,"AWS Lambda Function in US West (Oregon)","2024-09-05T03:00:00Z","2024-09-05T02:00:00Z",NULL,NULL,NULL,NULL,NULL,NULL,NULL,126.2000000000,"Requests",NULL,138.40354,1.0967,138.40354,"AWS","AWS",164.76672000000002,1.3056,"Dynamic","USD",126.20,"Requests","AWS","AWS","us-west-2","US West (Oregon)","arn:aws:ec2:us-west-2:123456789012:instance/i-007eb974dde6",NULL,"Function","Compute","AWS Lambda","AWS","62ZLKW5T5RXC9D62","AWS Lambda Requests",NULL,"H3OOFV5G1CRLYFQQ.2F0VCQQG","663626350770","Zenith Apollo","BillingAccount","{""business_unit"": ""MarseilleSRE""}",NULL,"us-west-2b","Usage-Based","INV-202409-58493","Serverless Compute",1.0967,138.40354,1.3056
"AllocatedMethodId-6760","AllocatedResourceId-5475","AllocatedResourceName-3171","{}",257.383984,"01ABCD-2345EF-6789GH","Helios Labs","BillingAccount","USD","2024-10-01T00:00:00Z","2024-09-01T00:00:00Z",NULL,NULL,"Usage",NULL,"Cloud SQL Database Instance in Belgium","2024-09-26T11:00:00Z","2024-09-26T10:00:00Z","Usage","cd-329842","commit-9842",NULL,"Used","Committed Use Discount",NULL,128.4800000000,"Hours",NULL,279.7652,2.1775,257.383984,"Google","Google",423.89406399999996,3.2993,"Standard","USD",128.48,"Hours","Google","Google","europe-west1","Belgium","//compute.googleapis.com/projects/helios-labs/zones/europe-west1-a/instances/inst-8614",NULL,"Database Instance","Databases","Cloud SQL","Google","KTL40A5SHT1QRAK1","Cloud SQL Hours",NULL,"HMWMSJUWVYF9MJ1J.FN8QHXWE","proj-helios-dev","helios-dev","BillingAccount","{""team"": ""platform"", ""owner"": ""g.hopper"", ""environment"": ""dev""}",NULL,"asia-southeast1-c","Usage-Based","INV-202409-11165","Relational Databases",2.1775,257.383984,3.2993
"AllocatedMethodId-9108","AllocatedResourceId-3572","AllocatedResourceName-7607","{}",42.78773652,"01ABCD-2345EF-6789GH","Helios Labs","BillingAccount","USD","2024-10-01T00:00:00Z","2024-09-01T00:00:00Z",NULL,NULL,"Usage",NULL,"Cloud Storage Bucket in Northern Virginia","2024-09-01T07:00:00Z","2024-09-01T06:00:00Z","Spend","cd-651122","commit-1122",NULL,"Used","Committed Use Discount",NULL,251.6600000000,"GiB",NULL,49.753181999999995,0.1977,42.78773652,"Google","Google",77.737774,0.3089,"Committed","USD",251.66,"GiB","Google","Google","us-east4","Northern Virginia","//compute.googleapis.com/projects/helios-labs/zones/us-east4-a/instances/inst-5009",NULL,"Bucket","Storage","Cloud Storage","Google","LN57GPJ04K2PPJ0I","Cloud Storage GiB",NULL,"2212S1V66HSY823S.JSRMEM05","proj-helios-dev","helios-dev","BillingAccount","{""application"": ""NimbusAPI"", ""environment"": ""dev""}",NULL,"us-central1-a","Usage-Based","INV-202409-55426","Object Storage",0.1977,42.78773652,0.3089
"AllocatedMethodId-6202","AllocatedResourceId-2383","AllocatedResourceName-1352","{}",337.8442431,"ocid1.tenancy.oc1..aaaa1234","Meridian OCI","Tenancy","USD","2024-10-01T00:00:00Z","2024-09-01T00:00:00Z",NULL,NULL,"Usage",NULL,"Oracle Load Balancer Load Balancer in UK South (London)","2024-09-30T08:00:00Z","2024-09-30T07:00:00Z","Usage","cd-179316","commit-9316",NULL,"Used","Reserved Instance",NULL,211.3500000000,"Hours",NULL,371.25741,1.7566,337.8442431,"Oracle","Oracle",464.08233,2.1958,"Other","USD",211.35,"Hours","Oracle","Oracle","uk-london-1","UK South (London)","ocid1.instance.oc1.uk-london-1.004d32bd74d2",NULL,"Load Balancer","Networking","Oracle Load Balancer","Oracle","98OMMGUG6BGZZR8A","Oracle Load Balancer Hours",NULL,"KP1I8DHO67XMEHWR.P48GX5PQ","ocid1.compartment.oc1..prod","production","Tenancy","{""team"": ""platform"", ""cost_center"": ""CC-2042""}",NULL,"us-ashburn-1-AD-1","Usage-Based","INV-202409-21349","Application Networking",1.7566,337.8442431,2.1958
"AllocatedMethodId-2522","AllocatedResourceId-7411","AllocatedResourceName-3686","{}",27.89584028,"ocid1.tenancy.oc1..aaaa1234","Meridian OCI","Tenancy","USD","2024-10-01T00:00:00Z","2024-09-01T00:00:00Z",NULL,NULL,"Usage",NULL,"Oracle Functions Function in US East (Ashburn)","2024-09-08T20:00:00Z","2024-09-08T19:00:00Z",NULL,NULL,NULL,NULL,NULL,NULL,NULL,29.8100000000,"Invocations",NULL,36.705053,1.2313,27.89584028,"Oracle","Oracle",59.202659999999995,1.9860,"Standard","USD",29.81,"Invocations","Oracle","Oracle","us-ashburn-1","US East (Ashburn)","ocid1.instance.oc1.us-ashburn-1.00bad5d38a66",NULL,"Function","Compute","Oracle Functions","Oracle","IJVG9J1GPVC0IED7","Oracle Functions Invocations",NULL,"SCEU45BZI7EC4WL1.7Z0XD8N0","ocid1.compartment.oc1..dev","development","Tenancy",NULL,NULL,"uk-london-1-AD-2","Usage-Based","INV-202409-82396","Serverless Compute",1.2313,27.89584028,1.9860
"AllocatedMethodId-5076","AllocatedResourceId-5845","AllocatedResourceName-9016","{}",880.88981409,"123456789012","SunBird","BillingAccount","USD","2024-10-01T00:00:00Z","2024-09-01T00:00:00Z",NULL,NULL,"Usage",NULL,"Amazon Relational Database Service Database Instance in US East (N. Virginia)","2024-09-10T16:00:00Z","2024-09-10T15:00:00Z",NULL,NULL,NULL,NULL,NULL,NULL,NULL,262.7300000000,"Hours",NULL,1240.689879,4.7223,880.88981409,"AWS","AWS",1279.048459,4.8683,"Standard","USD",262.73,"Hours","AWS","AWS","us-east-1","US East (N. Virginia)","arn:aws:ec2:us-east-1:123456789012:instance/i-003f3cb3875a",NULL,"Database Instance","Databases","Amazon Relational Database Service","AWS","BDVZLZC4ALS5S6U2","Amazon Relational Database Service Hours",NULL,"787KEOK3O8HVLJNL.I3LUQCHS","438839167390","Zenith Eclipse","BillingAccount",NULL,NULL,NULL,"Usage-Based","INV-202409-87680","Relational Databases",4.7223,880.88981409,4.8683
"AllocatedMethodId-2366","AllocatedResourceId-6118","AllocatedResourceName-7647","{}",117.09792006,"01ABCD-2345EF-6789GH","Helios Labs","BillingAccount","USD","2024-10-01T00:00:00Z","2024-09-01T00:00:00Z",NULL,NULL,"Usage",NULL,"Cloud SQL Database Instance in Belgium","2024-09-22T15:00:00Z","2024-09-22T14:00:00Z",NULL,NULL,NULL,NULL,NULL,NULL,NULL,180.5100000000,"Hours",NULL,188.867613,1.0463,117.09792006,"Google","Google",242.13611399999996,1.3414,"Standard","USD",180.51,"Hours","Google","Google","europe-west1","Belgium","//compute.googleapis.com/projects/helios-labs/zones/europe-west1-a/instances/inst-826",NULL,"Database Instance","Databases","Cloud SQL","Google","P4WXXBRV8P85XCA5","Cloud SQL Hours",NULL,"3CDMH2JGEOX6ASMN.PHX00QBH","proj-helios-prod","helios-prod","BillingAccount","{""environment"": ""dev"", ""business_unit"": ""LisbonOps"", ""team"": ""infra""}",NULL,NULL,"Usage-Based","INV-202409-16391","Relational Databases",1.0463,117.09792006,1.3414
"AllocatedMethodId-7047","AllocatedResourceId-2425","AllocatedResourceName-8730","{}",27.4014208,"123456789012","SunBird","BillingAccount","USD","2024-10-01T00:00:00Z","2024-09-01T00:00:00Z",NULL,NULL,"Usage","Correction","Amazon Elastic Compute Cloud Virtual Machine in US West (Oregon)","2024-09-14T23:00:00Z","2024-09-14T22:00:00Z",NULL,NULL,NULL,NULL,NULL,NULL,NULL,83.2000000000,"Hours",NULL,44.195840000000004,0.5312,27.4014208,"AWS","AWS",72.45056000000001,0.8708,"Dynamic","USD",83.20,"Hours","AWS","AWS","us-west-2","US West (Oregon)","arn:aws:ec2:us-west-2:123456789012:instance/i-00d969dc441f",NULL,"Virtual Machine","Compute","Amazon Elastic Compute Cloud","AWS","YZOOHYGSD9JMGAE4","Amazon Elastic Compute Cloud Hours",NULL,"F2HSU3QCVHXB9EAA.V02OWK0O","517389287820","Atlas Nimbus","BillingAccount",NULL,NULL,"eu-west-1c","Usage-Based","INV-202409-57815","Virtual Machines",0.5312,27.4014208,0.8708
"AllocatedMethodId-5228","AllocatedResourceId-3662","AllocatedResourceName-5310","{}",35.56378224,"ocid1.tenancy.oc1..aaaa1234","Meridian OCI","Tenancy","USD","2024-10-01T00:00:00Z","2024-09-01T00:00:00Z",NULL,NULL,"Usage",NULL,"Oracle Object Storage Bucket in UK South (London)","2024-09-12T07:00:00Z","2024-09-12T06:00:00Z",NULL,NULL,NULL,NULL,NULL,NULL,NULL,75.0400000000,"GB",NULL,43.905904,0.5851,35.56378224,"Oracle","Oracle",69.689648,0.9287,"Standard","USD",75.04,"GB","Oracle","Oracle","uk-london-1","UK South (London)","ocid1.instance.oc1.uk-london-1.00424e052cfa",NULL,"Bucket","Storage","Oracle Object Storage","Oracle","SKMX222SFTCX4F5V","Oracle Object Storage GB",NULL,"MJI55WKZHU7377HZ.9PG4GUHF","ocid1.compartment.oc1..prod","production","Tenancy","{""application"": ""NimbusAPI""}",NULL,"uk-london-1-AD-2","Usage-Based","INV-202409-18741","Object Storage",0.5851,35.56378224,0.9287
"AllocatedMethodId-6208","AllocatedResourceId-8702","AllocatedResourceName-7237","{}",896.12016312,"123456789012","SunBird","BillingAccount","USD","2024-10-01T00:00:00Z","2024-09-01T00:00:00Z",NULL,NULL,"Usage",NULL,"Amazon Simple Storage Service Bucket in Europe (Ireland)","2024-09-22T09:00:00Z","2024-09-22T08:00:00Z",NULL,NULL,NULL,NULL,NULL,NULL,NULL,483.0800000000,"GB",NULL,1030.023176,2.1322,896.12016312,"AWS","AWS",1061.858148,2.1981,"Standard","USD",483.08,"GB","AWS","AWS","eu-west-1","Europe (Ireland)","arn:aws:ec2:eu-west-1:123456789012:instance/i-00ce2af7d223",NULL,"Bucket","Storage","Amazon Simple Storage Service","AWS","QFA0ZUTUD8W4AMQA","Amazon Simple Storage Service GB",NULL,"HF5ZF3BYGNCHGI2N.8OF7F3KB","663626350770","Zenith Apollo","BillingAccount",NULL,NULL,NULL,"Usage-Based","INV-202409-42032","Object Storage",2.1322,896.12016312,2.1981
"AllocatedMethodId-5696","AllocatedResourceId-7958","AllocatedResourceName-5212","{}",652.3688946,"01ABCD-2345EF-6789GH","Helios Labs","BillingAccount","USD","2024-10-01T00:00:00Z","2024-09-01T00:00:00Z",NULL,NULL,"Usage",NULL,"BigQuery Dataset in Singapore","2024-09-02T08:00:00Z","2024-09-02T07:00:00Z",NULL,NULL,NULL,NULL,NULL,NULL,NULL,387.3000000000,"GiB",NULL,893.65602,2.3074,652.3688946,"Google","Google",1258.64754,3.2498,"Other","USD",387.30,"GiB","Google","Google","asia-southeast1","Singapore","//compute.googleapis.com/projects/helios-labs/zones/asia-southeast1-a/instances/inst-9394",NULL,"Dataset","Analytics","BigQuery","Google","LTEHQ4USZ1JR7JIO","BigQuery GiB",NULL,"D1SIEF16QZDO7WGV.JPR1ZUJE","proj-helios-prod","helios-prod","BillingAccount","{""application"": ""AtlasPortal"", ""team"": ""platform"", ""environment"": ""prod""}",NULL,"europe-west1-b","Usage-Based","INV-202409-74912","Data Warehouses",2.3074,652.3688946,3.2498
"AllocatedMethodId-7988","AllocatedResourceId-9224","AllocatedResourceName-6902","{}",13.68246154,"01ABCD-2345EF-6789GH","Helios Labs","BillingAccount","USD","2024-10-01T00:00:00Z","2024-09-01T00:00:00Z",NULL,NULL,"Adjustment",NULL,"Cloud Storage Bucket in Belgium","2024-09-19T12:00:00Z","2024-09-19T11:00:00Z","Usage","cd-961433","commit-1433",NULL,"Used","Reserved Instance",NULL,NULL,NULL,NULL,18.743098,0.0473,13.68246154,"Google","Google",18.941228,0.0478,"Committed","USD",396.26,"GiB","Google","Google","europe-west1","Belgium",NULL,NULL,NULL,"Storage","Cloud Storage","Google","OS1PGA58C481U2YD","Cloud Storage GiB",NULL,"H97OARGURS5T5PPR.OX4P14CG","proj-helios-prod","helios-prod","BillingAccount","{""team"": ""platform""}",NULL,NULL,"One-Time","INV-202409-97143","Object Storage",0.0473,13.68246154,0.0478
"AllocatedMethodId-9492","AllocatedResourceId-6365","AllocatedResourceName-7518","{}",56.2962168,"8a93b2c1-1234-4abc-9def-0123456789ab","Contoso Cloud","BillingProfile","USD","2024-10-01T00:00:00Z","2024-09-01T00:00:00Z",NULL,NULL,"Tax",NULL,"Tax charge in West Europe","2024-09-29T10:00:00Z","2024-09-29T09:00:00Z",NULL,NULL,NULL,NULL,NULL,NULL,NULL,NULL,NULL,NULL,56.2962168,NULL,56.2962168,"Microsoft","Microsoft",56.2962168,NULL,NULL,"USD",NULL,NULL,"Microsoft","Microsoft",NULL,NULL,NULL,NULL,NULL,"Other","Tax","Microsoft",NULL,NULL,NULL,NULL,"sub-9a1f","Production","BillingProfile",NULL,NULL,NULL,"One-Time","INV-202409-25148","Other (Security)",NULL,56.2962168,NULL
"AllocatedMethodId-6395","AllocatedResourceId-7392","AllocatedResourceName-8963","{}",243.99993534,"ocid1.tenancy.oc1..aaaa1234","Meridian OCI","Tenancy","USD","2024-10-01T00:00:00Z","2024-09-01T00:00:00Z",NULL,NULL,"Usage",NULL,"Oracle Autonomous Database Database in Australia East (Sydney)","2024-09-27T12:00:00Z","2024-09-27T11:00:00Z",NULL,NULL,NULL,NULL,NULL,NULL,NULL,163.7800000000,"Hours",NULL,399.999894,2.4423,243.99993534,"Oracle","Oracle",645.162176,3.9392,"Standard","USD",163.78,"Hours","Oracle","Oracle","ap-sydney-1","Australia East (Sydney)","ocid1.instance.oc1.ap-sydney-1.00d1badfc4fb",NULL,"Database","Databases","Oracle Autonomous Database","Oracle","JYZ6DZNLSE1GFWRC","Oracle Autonomous Database Hours",NULL,"YL56B68DZ6MFHJH3.VI9JKNPF","ocid1.compartment.oc1..prod","production","Tenancy","{""cost_center"": ""CC-1001""}",NULL,NULL,"Usage-Based","INV-202409-34297","Relational Databases",2.4423,243.99993534,3.9392
"AllocatedMethodId-2902","AllocatedResourceId-5279","AllocatedResourceName-2506","{}",834.7958788,"ocid1.tenancy.oc1..aaaa1234","Meridian OCI","Tenancy","USD","2024-10-01T00:00:00Z","2024-09-01T00:00:00Z",NULL,NULL,"Tax",NULL,"Tax charge in UK South (London)","2024-09-30T11:00:00Z","2024-09-30T10:00:00Z",NULL,NULL,NULL,NULL,NULL,NULL,NULL,NULL,NULL,NULL,834.7958788,NULL,834.7958788,"Oracle","Oracle",834.7958788,NULL,NULL,"USD",NULL,NULL,"Oracle","Oracle",NULL,NULL,NULL,NULL,NULL,"Other","Tax","Oracle",NULL,NULL,NULL,NULL,"ocid1.compartment.oc1..prod","production","Tenancy",NULL,NULL,NULL,"One-Time","INV-202409-70357","Other (Security)",NULL,834.7958788,NULL
"AllocatedMethodId-1194","AllocatedResourceId-5139","AllocatedResourceName-4033","{}",238.64704,"8a93b2c1-1234-4abc-9def-0123456789ab","Contoso Cloud","BillingProfile","USD","2024-10-01T00:00:00Z","2024-09-01T00:00:00Z",NULL,NULL,"Tax",NULL,"Tax charge in West Europe","2024-09-28T21:00:00Z","2024-09-28T20:00:00Z",NULL,NULL,NULL,NULL,NULL,NULL,NULL,NULL,NULL,NULL,238.64704,NULL,238.64704,"Microsoft","Microsoft",238.64704,NULL,NULL,"USD",NULL,NULL,"Microsoft","Microsoft",NULL,NULL,NULL,NULL,NULL,"Other","Tax","Microsoft",NULL,NULL,NULL,NULL,"sub-2b7c","Staging","BillingProfile","{""owner"": ""k.johnson""}",NULL,NULL,"One-Time","INV-202409-29799","Other (Security)",NULL,238.64704,NULL
"AllocatedMethodId-5724","AllocatedResourceId-2697","AllocatedResourceName-3793","{}",348.03756768,"123456789012","SunBird","BillingAccount","USD","2024-10-01T00:00:00Z","2024-09-01T00:00:00Z",NULL,NULL,"Usage",NULL,"Amazon Simple Queue Service Queue in US West (Oregon)","2024-09-12T04:00:00Z","2024-09-12T03:00:00Z","Usage","cd-152863","commit-2863",NULL,"Used","Committed Use Discount",NULL,227.6800000000,"Requests",NULL,527.329648,2.3161,348.03756768,"AWS","AWS",703.098608,3.0881,"Committed","USD",227.68,"Requests","AWS","AWS","us-west-2","US West (Oregon)","arn:aws:ec2:us-west-2:123456789012:instance/i-00c705b28bc7",NULL,"Queue","Integration","Amazon Simple Queue Service","AWS","955OZSL5N3W3JO7G","Amazon Simple Queue Service Requests",NULL,"1EIJFPUGGEPNDGB4.VMXCLQZR","438839167390","Zenith Eclipse","BillingAccount","{""environment"": ""staging"", ""application"": ""AtlasPortal""}",NULL,NULL,"Usage-Based","INV-202409-78848","Messaging",2.3161,348.03756768,3.0881
"AllocatedMethodId-4659","AllocatedResourceId-4422","AllocatedResourceName-8297","{}",200.62919375,"8a93b2c1-1234-4abc-9def-0123456789ab","Contoso Cloud","BillingProfile","USD","2024-10-01T00:00:00Z","2024-09-01T00:00:00Z",NULL,NULL,"Usage",NULL,"Azure Blob Storage Storage Account in West Europe","2024-09-10T18:00:00Z","2024-09-10T17:00:00Z","Usage","cd-944449","commit-4449",NULL,"Unused","Reserved Instance",NULL,NULL,NULL,NULL,211.18862500000003,0.8725,200.62919375,"Microsoft","Microsoft",301.69112,1.2464,"Committed","USD",242.05,"GB","Microsoft","Microsoft","westeurope","West Europe","/subscriptions/8a93b2c1-1234-4abc-9def-0123456789ab/resourceGroups/rg-684/providers/Microsoft.Compute/virtualMachines/vm-2033",NULL,"Storage Account","Storage","Azure Blob Storage","Microsoft","927N4KHOH19LIYD7","Azure Blob Storage GB",NULL,"AN2EXGOE28TR89P8.AM2R2O8H","sub-9a1f","Production","BillingProfile","{""environment"": ""qa""}",NULL,"uksouth-1","Usage-Based","INV-202409-22545","Object Storage",0.8725,200.62919375,1.2464
"AllocatedMethodId-2131","AllocatedResourceId-8057","AllocatedResourceName-2528","{}",15.3223315,"123456789012","SunBird","BillingAccount","USD","2024-10-01T00:00:00Z","2024-09-01T00:00:00Z",NULL,NULL,"Usage",NULL,"AWS Lambda Function in Europe (Ireland)","2024-09-12T09:00:00Z","2024-09-12T08:00:00Z","Spend","cd-436459","commit-6459",NULL,"Unused","Savings Plan",NULL,NULL,NULL,NULL,16.12877,0.1030,15.3223315,"AWS","AWS",24.42804,0.1560,"Standard","USD",156.59,"Requests","AWS","AWS","eu-west-1","Europe (Ireland)","arn:aws:ec2:eu-west-1:123456789012:instance/i-00c14f7ccad5",NULL,"Function","Compute","AWS Lambda","AWS","9LO7UDI8R549KV65","AWS Lambda Requests",NULL,"WO3EX1SGUPNC2BY0.05DZNOFG","663626350770","Zenith Apollo","BillingAccount","{""cost_center"": ""CC-2042"", ""environment"": ""prod"", ""owner"": ""a.lovelace""}",NULL,NULL,"Usage-Based","INV-202409-85113","Serverless Compute",0.1030,15.3223315,0.1560
"AllocatedMethodId-2960","AllocatedResourceId-3119","AllocatedResourceName-1396","{}",46.94038977,"123456789012","SunBird","BillingAccount","USD","2024-10-01T00:00:00Z","2024-09-01T00:00:00Z",NULL,NULL,"Usage",NULL,"Elastic Load Balancing Load Balancer in Europe (Ireland)","2024-09-10T10:00:00Z","2024-09-10T09:00:00Z",NULL,NULL,NULL,NULL,NULL,NULL,NULL,102.7900000000,"LCU-Hours",NULL,53.954471000000005,0.5249,46.94038977,"AWS","AWS",58.641695000000006,0.5705,"Dynamic","USD",102.79,"LCU-Hours","AWS","AWS","eu-west-1","Europe (Ireland)","arn:aws:ec2:eu-west-1:123456789012:instance/i-00937f7b34cd",NULL,"Load Balancer","Networking","Elastic Load Balancing","AWS","NB0G8IDASX7IC4JG","Elastic Load Balancing LCU-Hours",NULL,"ZLR2TIT19R4PJXUD.1VIBVOY2","438839167390","Zenith Eclipse","BillingAccount","{""team"": ""platform""}",NULL,NULL,"Usage-Based","INV-202409-91824","Application Networking",0.5249,46.94038977,0.5705
"AllocatedMethodId-6719","AllocatedResourceId-9828","AllocatedResourceName-1854","{}",44.1174712,"ocid1.tenancy.oc1..aaaa1234","Meridian OCI","Tenancy","USD","2024-10-01T00:00:00Z","2024-09-01T00:00:00Z",NULL,NULL,"Usage",NULL,"Oracle Object Storage Bucket in Australia East (Sydney)","2024-09-27T13:00:00Z","2024-09-27T12:00:00Z",NULL,NULL,NULL,NULL,NULL,NULL,NULL,484.8500000000,"GB",NULL,50.13349,0.1034,44.1174712,"Oracle","Oracle",55.07896000000001,0.1136,"Other","USD",484.85,"GB","Oracle","Oracle","ap-sydney-1","Australia East (Sydney)","ocid1.instance.oc1.ap-sydney-1.00a861bc5c84",NULL,"Bucket","Storage","Oracle Object Storage","Oracle","08QRU1U28F2QSLCU","Oracle Object Storage GB",NULL,"QDXFXU04RALDHZ5U.PCBEOQFT","ocid1.compartment.oc1..prod","production","Tenancy",NULL,NULL,NULL,"Usage-Based","INV-202409-14360","Object Storage",0.1034,44.1174712,0.1136
"AllocatedMethodId-2925","AllocatedResourceId-7031","AllocatedResourceName-6405","{}",74.07316437,"ocid1.tenancy.oc1..aaaa1234","Meridian OCI","Tenancy","USD","2024-10-01T00:00:00Z","2024-09-01T00:00:00Z",NULL,NULL,"Usage",NULL,"Oracle Functions Function in US East (Ashburn)","2024-09-11T21:00:00Z","2024-09-11T20:00:00Z",NULL,NULL,NULL,NULL,NULL,NULL,NULL,154.6700000000,"Invocations",NULL,121.431417,0.7851,74.07316437,"Oracle","Oracle",199.06028999999998,1.2870,"Standard","USD",154.67,"Invocations","Oracle","Oracle","us-ashburn-1","US East (Ashburn)","ocid1.instance.oc1.us-ashburn-1.0057a4503f6c",NULL,"Function","Compute","Oracle Functions","Oracle","3Y7NS82WKX0BS9JS","Oracle Functions Invocations",NULL,"Z1IU21DFM7C4VFF6.HKGYWLXD","ocid1.compartment.oc1..prod","production","Tenancy",NULL,NULL,"uk-london-1-AD-2","Usage-Based","INV-202409-82990","Serverless Compute",0.7851,74.07316437,1.2870
"AllocatedMethodId-2512","AllocatedResourceId-5360","AllocatedResourceName-5904","{}",324.95250984,"123456789012","SunBird","BillingAccount","USD","2024-10-01T00:00:00Z","2024-09-01T00:00:00Z",NULL,NULL,"Usage",NULL,"Amazon Relational Database Service Database Instance in US West (Oregon)","2024-09-15T11:00:00Z","2024-09-15T10:00:00Z",NULL,NULL,NULL,NULL,NULL,NULL,NULL,387.9400000000,"Hours",NULL,373.508632,0.9628,324.95250984,"AWS","AWS",497.998578,1.2837,"Standard","USD",387.94,"Hours","AWS","AWS","us-west-2","US West (Oregon)","arn:aws:ec2:us-west-2:123456789012:instance/i-00ca707ad301",NULL,"Database Instance","Databases","Amazon Relational Database Service","AWS","PH3Z4DKXTYG06QSR","Amazon Relational Database Service Hours",NULL,"Y0SX6LQTF8OL6EFP.2IRR5K3U","517389287820","Atlas Nimbus","BillingAccount","{""owner"": ""a.lovelace"", ""team"": ""platform"", ""environment"": ""dev""}",NULL,NULL,"Usage-Based","INV-202409-85326","Relational Databases",0.9628,324.95250984,1.2837
"AllocatedMethodId-9130","AllocatedResourceId-1253","AllocatedResourceName-9699","{}",154.50909824,"01ABCD-2345EF-6789GH","Helios Labs","BillingAccount","USD","2024-10-01T00:00:00Z","2024-09-01T00:00:00Z",NULL,NULL,"Usage",NULL,"Compute Engine VM Instance in Iowa","2024-09-17T10:00:00Z","2024-09-17T09:00:00Z","Usage","cd-262180","commit-2180",NULL,"Unused","Committed Use Discount",NULL,NULL,NULL,NULL,167.944672,1.3168,154.50909824,"Google","Google",258.383286,2.0259,"Committed","USD",127.54,"Hours","Google","Google","us-central1","Iowa","//compute.googleapis.com/projects/helios-labs/zones/us-central1-a/instances/inst-1746",NULL,"VM Instance","Compute","Compute Engine","Google","4N27CUPRJWHG83H1","Compute Engine Hours",NULL,"I82T21311ZDFHMXK.YQIVNH21","proj-helios-dev","helios-dev","BillingAccount","{""team"": ""infra"", ""environment"": ""qa"", ""owner"": ""a.turing""}",NULL,NULL,"Usage-Based","INV-202409-85939","Virtual Machines",1.3168,154.50909824,2.0259
"AllocatedMethodId-1432","AllocatedResourceId-6594","AllocatedResourceName-4535","{}",585.2974404,"01ABCD-2345EF-6789GH","Helios Labs","BillingAccount","USD","2024-10-01T00:00:00Z","2024-09-01T00:00:00Z",NULL,NULL,"Usage","Correction","BigQuery Dataset in Northern Virginia","2024-09-25T13:00:00Z","2024-09-25T12:00:00Z",NULL,NULL,NULL,NULL,NULL,NULL,NULL,422.8600000000,"GiB",NULL,636.19287,1.5045,585.2974404,"Google","Google",922.003944,2.1804,"Standard","USD",422.86,"GiB","Google","Google","us-east4","Northern Virginia","//compute.googleapis.com/projects/helios-labs/zones/us-east4-a/instances/inst-9154",NULL,"Dataset","Analytics","BigQuery","Google","CW23DIXBFXXSQSC8","BigQuery GiB",NULL,"U3UIXYN5QR9RWVV4.Y0NPVRLA","proj-helios-dev","helios-dev","BillingAccount","{""team"": ""growth"", ""application"": ""AtlasPortal""}",NULL,NULL,"Usage-Based","INV-202409-53773","Data Warehouses",1.5045,585.2974404,2.1804
"AllocatedMethodId-8017","AllocatedResourceId-6466","AllocatedResourceName-1355","{}",776.41343728,"123456789012","SunBird","BillingAccount","USD","2024-10-01T00:00:00Z","2024-09-01T00:00:00Z",NULL,NULL,"Credit",NULL,"AWS Lambda Function in Asia Pacific (Sydney)","2024-09-21T02:00:00Z","2024-09-21T01:00:00Z","Usage","cd-442868","commit-2868",NULL,"Unused","Reserved Instance",NULL,NULL,NULL,NULL,1021.5966279999999,3.2689,776.41343728,"AWS","AWS",1086.819552,3.4776,"Committed","USD",312.52,"Requests","AWS","AWS","ap-southeast-2","Asia Pacific (Sydney)",NULL,NULL,NULL,"Compute","AWS Lambda","AWS","ZBP018BL31TQ8LSM","AWS Lambda Requests",NULL,"XCD4ZG1WO4537QIR.5G0SEHYM","517389287820","Atlas Nimbus","BillingAccount","{""owner"": ""a.turing""}",NULL,NULL,"One-Time","INV-202409-99175","Serverless Compute",3.2689,776.41343728,3.4776
"AllocatedMethodId-4776","AllocatedResourceId-1975","AllocatedResourceName-7020","{}",39.67088724,"ocid1.tenancy.oc1..aaaa1234","Meridian OCI","Tenancy","USD","2024-10-01T00:00:00Z","2024-09-01T00:00:00Z",NULL,NULL,"Usage",NULL,"Oracle Object Storage Bucket in UK South (London)","2024-09-15T17:00:00Z","2024-09-15T16:00:00Z","Spend","cd-755236","commit-5236",NULL,"Used","Reserved Instance",NULL,36.9900000000,"GB",NULL,63.985302000000004,1.7298,39.67088724,"Oracle","Oracle",78.99214500000001,2.1355,"Committed","USD",36.99,"GB","Oracle","Oracle","uk-london-1","UK South (London)","ocid1.instance.oc1.uk-london-1.00d41b9ecba3",NULL,"Bucket","Storage","Oracle Object Storage","Oracle","BJN4TOL1LRSG9AFY","Oracle Object Storage GB",NULL,"WHHLT0QCPEG8J93G.Q1WWGFJB","ocid1.compartment.oc1..prod","production","Tenancy","{""application"": ""BrightLensMatrix""}",NULL,"uk-london-1-AD-2","Usage-Based","INV-202409-34715","Object Storage",1.7298,39.67088724,2.1355
"AllocatedMethodId-8146","AllocatedResourceId-8248","AllocatedResourceName-3715","{}",730.93863396,"ocid1.tenancy.oc1..aaaa1234","Meridian OCI","Tenancy","USD","2024-10-01T00:00:00Z","2024-09-01T00:00:00Z",NULL,NULL,"Usage",NULL,"Oracle Functions Function in Australia East (Sydney)","2024-09-28T14:00:00Z","2024-09-28T13:00:00Z",NULL,NULL,NULL,NULL,NULL,NULL,NULL,286.9800000000,"Invocations",NULL,891.388578,3.1061,730.93863396,"Oracle","Oracle",1330.4105820000002,4.6359,"Standard","USD",286.98,"Invocations","Oracle","Oracle","ap-sydney-1","Australia East (Sydney)","ocid1.instance.oc1.ap-sydney-1.0065863e237b",NULL,"Function","Compute","Oracle Functions","Oracle","9UDPAL24IF3NEZKW","Oracle Functions Invocations",NULL,"CVWMK12JRT6P3JZ9.35P67RFK","ocid1.compartment.oc1..dev","development","Tenancy","{""owner"": ""k.johnson"", ""business_unit"": ""LisbonOps"", ""environment"": ""dev""}",NULL,"uk-london-1-AD-2","Usage-Based","INV-202409-79018","Serverless Compute",3.1061,730.93863396,4.6359
"AllocatedMethodId-7482","AllocatedResourceId-8256","AllocatedResourceName-4690","{}",1.89521865,"ocid1.tenancy.oc1..aaaa1234","Meridian OCI","Tenancy","USD","2024-10-01T00:00:00Z","2024-09-01T00:00:00Z",NULL,NULL,"Usage",NULL,"Oracle Functions Function in UK South (London)","2024-09-24T00:00:00Z","2024-09-23T23:00:00Z",NULL,NULL,NULL,NULL,NULL,NULL,NULL,26.0100000000,"Invocations",NULL,1.9949670000000002,0.0767,1.89521865,"Oracle","Oracle",2.346102,0.0902,"Standard","USD",26.01,"Invocations","Oracle","Oracle","uk-london-1","UK South (London)","ocid1.instance.oc1.uk-london-1.009af2e38ef1",NULL,"Function","Compute","Oracle Functions","Oracle","DJBSBQEA3GEIRPP3","Oracle Functions Invocations",NULL,"DL1X27GSZOWUBFNX.NEFBHU6T","ocid1.compartment.oc1..dev","development","Tenancy","{""team"": ""growth"", ""business_unit"": ""ViennaAI"", ""environment"": ""staging""}",NULL,"us-ashburn-1-AD-1","Usage-Based","INV-202409-58415","Serverless Compute",0.0767,1.89521865,0.0902
"AllocatedMethodId-2050","AllocatedResourceId-1506","AllocatedResourceName-1533","{}",74.14538321,"123456789012","SunBird","BillingAccount","USD","2024-10-01T00:00:00Z","2024-09-01T00:00:00Z",NULL,NULL,"Usage",NULL,"Amazon Simple Storage Service Bucket in Asia Pacific (Sydney)","2024-09-30T16:00:00Z","2024-09-30T15:00:00Z","Usage","cd-572919","commit-2919",NULL,"Used","Savings Plan",NULL,32.8100000000,"GB",NULL,89.331787,2.7227,74.14538321,"AWS","AWS",108.942324,3.3204,"Other","USD",32.81,"GB","AWS","AWS","ap-southeast-2","Asia Pacific (Sydney)","arn:aws:ec2:ap-southeast-2:123456789012:instance/i-008942287020",NULL,"Bucket","Storage","Amazon Simple Storage Service","AWS","N3NP4CFAGSK0KE9K","Amazon Simple Storage Service GB",NULL,"KQAA0EN7YVR1ZDKU.FRPV8CR4","517389287820","Atlas Nimbus","BillingAccount","{""application"": ""BrightSourceCore""}",NULL,NULL,"Usage-Based","INV-202409-20939","Object Storage",2.7227,74.14538321,3.3204
"AllocatedMethodId-2591","AllocatedResourceId-7269","AllocatedResourceName-1909","{}",871.9746057,"01ABCD-2345EF-6789GH","Helios Labs","BillingAccount","USD","2024-10-01T00:00:00Z","2024-09-01T00:00:00Z",NULL,NULL,"Credit",NULL,"Cloud SQL Database Instance in Iowa","2024-09-14T12:00:00Z","2024-09-14T11:00:00Z",NULL,NULL,NULL,NULL,NULL,NULL,NULL,NULL,NULL,NULL,880.78243,2.4890,871.9746057,"Google","Google",1012.3866830000001,2.8609,"Standard","USD",353.87,"Hours","Google","Google","us-central1","Iowa",NULL,NULL,NULL,"Databases","Cloud SQL","Google","R5510DUQ6VYJU4WA","Cloud SQL Hours",NULL,"RKLTZQDYQ60H5VQG.7K55GHT9","proj-helios-prod","helios-prod","BillingAccount","{""team"": ""infra"", ""application"": ""NimbusAPI"", ""environment"": ""dev""}",NULL,NULL,"One-Time","INV-202409-83148","Relational Databases",2.4890,871.9746057,2.8609
"AllocatedMethodId-8031","AllocatedResourceId-9763","AllocatedResourceName-2274","{}",257.2366718,"01ABCD-2345EF-6789GH","Helios Labs","BillingAccount","USD","2024-10-01T00:00:00Z","2024-09-01T00:00:00Z",NULL,NULL,"Usage",NULL,"Cloud Functions Function in Iowa","2024-09-25T06:00:00Z","2024-09-25T05:00:00Z",NULL,NULL,NULL,NULL,NULL,NULL,NULL,177.0700000000,"Invocations",NULL,338.46930499999996,1.9115,257.2366718,"Google","Google",433.927742,2.4506,"Standard","USD",177.07,"Invocations","Google","Google","us-central1","Iowa","//compute.googleapis.com/projects/helios-labs/zones/us-central1-a/instances/inst-2756",NULL,"Function","Compute","Cloud Functions","Google","IQJZ5B78DWCEVHO2","Cloud Functions Invocations",NULL,"60L06Q2CSJQE06HS.JA2Y8F2A","proj-helios-prod","helios-prod","BillingAccount","{""application"": ""AtlasPortal"", ""business_unit"": ""OsloData""}",NULL,"europe-west1-b","Usage-Based","INV-202409-15779","Serverless Compute",1.9115,257.2366718,2.4506
"AllocatedMethodId-3595","AllocatedResourceId-8413","AllocatedResourceName-3895","{}",596.70947952,"01ABCD-2345EF-6789GH","Helios Labs","BillingAccount","USD","2024-10-01T00:00:00Z","2024-09-01T00:00:00Z",NULL,NULL,"Usage",NULL,"Cloud Storage Bucket in Northern Virginia","2024-09-25T15:00:00Z","2024-09-25T14:00:00Z","Usage","cd-149672","commit-9672",NULL,"Used","Savings Plan",NULL,297.9900000000,"GiB",NULL,785.144052,2.6348,596.70947952,"Google","Google",969.3018720000001,3.2528,"Standard","USD",297.99,"GiB","Google","Google","us-east4","Northern Virginia","//compute.googleapis.com/projects/helios-labs/zones/us-east4-a/instances/inst-5250",NULL,"Bucket","Storage","Cloud Storage","Google","F3WH8AA249QL6SXX","Cloud Storage GiB",NULL,"31G7144C115IFKL9.OTHQNAJH","proj-helios-dev","helios-dev","BillingAccount","{""business_unit"": ""ViennaAI""}",NULL,"europe-west1-b","Usage-Based","INV-202409-57497","Object Storage",2.6348,596.70947952,3.2528
"AllocatedMethodId-7413","AllocatedResourceId-8178","AllocatedResourceName-7206","{}",441.6811392,"01ABCD-2345EF-6789GH","Helios Labs","BillingAccount","USD","2024-10-01T00:00:00Z","2024-09-01T00:00:00Z",NULL,NULL,"Usage",NULL,"Cloud Functions Function in Northern Virginia","2024-09-09T09:00:00Z","2024-09-09T08:00:00Z",NULL,NULL,NULL,NULL,NULL,NULL,NULL,455.8000000000,"Invocations",NULL,460.08452000000005,1.0094,441.6811392,"Google","Google",639.0316,1.4020,"Dynamic","USD",455.80,"Invocations","Google","Google","us-east4","Northern Virginia","//compute.googleapis.com/projects/helios-labs/zones/us-east4-a/instances/inst-2708",NULL,"Function","Compute","Cloud Functions","Google","RS3Z88BFLKVZID8N","Cloud Functions Invocations",NULL,"0GA98CJW5CEZKDZP.3DOXVWGU","proj-helios-prod","helios-prod","BillingAccount",NULL,NULL,NULL,"Usage-Based","INV-202409-26154","Serverless Compute",1.0094,441.6811392,1.4020
"AllocatedMethodId-5532","AllocatedResourceId-8054","AllocatedResourceName-2015","{}",237.3870242,"123456789012","SunBird","BillingAccount","USD","2024-10-01T00:00:00Z","2024-09-01T00:00:00Z",NULL,NULL,"Usage",NULL,"Amazon Simple Queue Service Queue in Asia Pacific (Sydney)","2024-09-25T11:00:00Z","2024-09-25T10:00:00Z",NULL,NULL,NULL,NULL,NULL,NULL,NULL,270.8500000000,"Requests",NULL,349.098565,1.2889,237.3870242,"AWS","AWS",537.0684650000001,1.9829,"Standard","USD",270.85,"Requests","AWS","AWS","ap-southeast-2","Asia Pacific (Sydney)","arn:aws:ec2:ap-southeast-2:123456789012:instance/i-00782510f281",NULL,"Queue","Integration","Amazon Simple Queue Service","AWS","65MJDJLURXC9BYRB","Amazon Simple Queue Service Requests",NULL,"293N95G8MSHDDA1Y.U8S6SPOB","517389287820","Atlas Nimbus","BillingAccount",NULL,NULL,NULL,"Usage-Based","INV-202409-10762","Messaging",1.2889,237.3870242,1.9829
"AllocatedMethodId-9364","AllocatedResourceId-3696","AllocatedResourceName-9214","{}",821.7759744,"8a93b2c1-1234-4abc-9def-0123456789ab","Contoso Cloud","BillingProfile","USD","2024-10-01T00:00:00Z","2024-09-01T00:00:00Z",NULL,NULL,"Usage",NULL,"Azure Load Balancer Load Balancer in Southeast Asia","2024-09-18T17:00:00Z","2024-09-18T16:00:00Z","Spend","cd-389322","commit-9322",NULL,"Unused","Savings Plan",NULL,NULL,NULL,NULL,1325.44512,3.8070,821.7759744,"Microsoft","Microsoft",1656.7889920000002,4.7587,"Committed","USD",348.16,"Hours","Microsoft","Microsoft","southeastasia","Southeast Asia","/subscriptions/8a93b2c1-1234-4abc-9def-0123456789ab/resourceGroups/rg-44/providers/Microsoft.Compute/virtualMachines/vm-7946",NULL,"Load Balancer","Networking","Azure Load Balancer","Microsoft","U9PDQ4AI57BK31QX","Azure Load Balancer Hours",NULL,"HMADUDH8U5VT4N86.A8SL5TBY","sub-4d3e","Sandbox","BillingProfile","{""business_unit"": ""OsloData""}",NULL,"uksouth-1","Usage-Based","INV-202409-30960","Application Networking",3.8070,821.7759744,4.7587
"AllocatedMethodId-9371","AllocatedResourceId-8626","AllocatedResourceName-4327","{}",64.55561868,"01ABCD-2345EF-6789GH","Helios Labs","BillingAccount","USD","2024-10-01T00:00:00Z","2024-09-01T00:00:00Z",NULL,NULL,"Usage",NULL,"Compute Engine VM Instance in Northern Virginia","2024-09-15T17:00:00Z","2024-09-15T16:00:00Z",NULL,NULL,NULL,NULL,NULL,NULL,NULL,185.2300000000,"Hours",NULL,102.469236,0.5532,64.55561868,"Google","Google",129.716569,0.7003,"Standard","USD",185.23,"Hours","Google","Google","us-east4","Northern Virginia","//compute.googleapis.com/projects/helios-labs/zones/us-east4-a/instances/inst-6128",NULL,"VM Instance","Compute","Compute Engine","Google","2964WAXHNH7RF6BW","Compute Engine Hours",NULL,"FSGIBA5QCRXEV1NN.J40JY9Q2","proj-helios-prod","helios-prod","BillingAccount","{""environment"": ""staging""}",NULL,"europe-west1-b","Usage-Based","INV-202409-39638","Virtual Machines",0.5532,64.55561868,0.7003
"AllocatedMethodId-8846","AllocatedResourceId-7731","AllocatedResourceName-4739","{}",68.53688108,"123456789012","SunBird","BillingAccount","USD","2024-10-01T00:00:00Z","2024-09-01T00:00:00Z",NULL,NULL,"Usage",NULL,"Elastic Load Balancing Load Balancer in US West (Oregon)","2024-09-16T19:00:00Z","2024-09-16T18:00:00Z","Spend","cd-950603","commit-0603",NULL,"Used","Savings Plan",NULL,24.2300000000,"LCU-Hours",NULL,100.789531,4.1597,68.53688108,"AWS","AWS",118.576774,4.8938,"Committed","USD",24.23,"LCU-Hours","AWS","AWS","us-west-2","US West (Oregon)","arn:aws:ec2:us-west-2:123456789012:instance/i-00372176e502",NULL,"Load Balancer","Networking","Elastic Load Balancing","AWS","N4NTFIU8EO1YSM1T","Elastic Load Balancing LCU-Hours",NULL,"N1WMFTURX09HXC8U.GSYOG829","663626350770","Zenith Apollo","BillingAccount",NULL,NULL,NULL,"Usage-Based","INV-202409-85882","Application Networking",4.1597,68.53688108,4.8938
"AllocatedMethodId-4111","AllocatedResourceId-1707","AllocatedResourceName-8543","{}",89.72513725,"8a93b2c1-1234-4abc-9def-0123456789ab","Contoso Cloud","BillingProfile","USD","2024-10-01T00:00:00Z","2024-09-01T00:00:00Z",NULL,NULL,"Usage",NULL,"Azure Load Balancer Load Balancer in East US","2024-09-09T12:00:00Z","2024-09-09T11:00:00Z",NULL,NULL,NULL,NULL,NULL,NULL,NULL,120.3500000000,"Hours",NULL,105.55898499999999,0.8771,89.72513725,"Microsoft","Microsoft",133.61257,1.1102,"Standard","USD",120.35,"Hours","Microsoft","Microsoft","eastus","East US","/subscriptions/8a93b2c1-1234-4abc-9def-0123456789ab/resourceGroups/rg-255/providers/Microsoft.Compute/virtualMachines/vm-4487",NULL,"Load Balancer","Networking","Azure Load Balancer","Microsoft","J5BQABTP81Y16T3C","Azure Load Balancer Hours",NULL,"5JYCK3U4601M06BW.N5M7D97J","sub-9a1f","Production","BillingProfile","{""application"": ""AtlasPortal"", ""environment"": ""prod""}",NULL,NULL,"Usage-Based","INV-202409-36377","Application Networking",0.8771,89.72513725,1.1102
"AllocatedMethodId-9695","AllocatedResourceId-8471","AllocatedResourceName-1729","{}",63.403912,"123456789012","SunBird","BillingAccount","USD","2024-10-01T00:00:00Z","2024-09-01T00:00:00Z",NULL,NULL,"Usage",NULL,"Amazon Elastic Compute Cloud Virtual Machine in US West (Oregon)","2024-09-20T20:00:00Z","2024-09-20T19:00:00Z","Usage","cd-690813","commit-0813",NULL,"Unused","Reserved Instance",NULL,NULL,NULL,NULL,83.4262,0.3575,63.403912,"AWS","AWS",115.86324,0.4965,"Other","USD",233.36,"Hours","AWS","AWS","us-west-2","US West (Oregon)","arn:aws:ec2:us-west-2:123456789012:instance/i-007e2e89988a",NULL,"Virtual Machine","Compute","Amazon Elastic Compute Cloud","AWS","67EK5DTKXK8RYU6B","Amazon Elastic Compute Cloud Hours",NULL,"18E2IKSG32ANHC9D.7NQ9A8WQ","438839167390","Zenith Eclipse","BillingAccount","{""environment"": ""qa"", ""cost_center"": ""CC-3090"", ""application"": ""NimbusAPI""}",NULL,"ap-southeast-2a","Usage-Based","INV-202409-43739","Virtual Machines",0.3575,63.403912,0.4965
"AllocatedMethodId-3737","AllocatedResourceId-2956","AllocatedResourceName-8831","{}",903.0532384,"01ABCD-2345EF-6789GH","Helios Labs","BillingAccount","USD","2024-10-01T00:00:00Z","2024-09-01T00:00:00Z",NULL,NULL,"Usage",NULL,"Cloud Functions Function in Belgium","2024-09-11T22:00:00Z","2024-09-11T21:00:00Z",NULL,NULL,NULL,NULL,NULL,NULL,NULL,269.6000000000,"Invocations",NULL,1014.66656,3.7636,903.0532384,"Google","Google",1237.38312,4.5897,"Standard","USD",269.60,"Invocations","Google","Google","europe-west1","Belgium","//compute.googleapis.com/projects/helios-labs/zones/europe-west1-a/instances/inst-5782",NULL,"Function","Compute","Cloud Functions","Google","B110TDU4TOB759AN","Cloud Functions Invocations",NULL,"27LVP2GI0775BSFV.U58GP2ME","proj-helios-prod","helios-prod","BillingAccount",NULL,NULL,"us-central1-a","Usage-Based","INV-202409-47185","Serverless Compute",3.7636,903.0532384,4.5897
"AllocatedMethodId-5445","AllocatedResourceId-1715","AllocatedResourceName-8101","{}",117.61106346,"01ABCD-2345EF-6789GH","Helios Labs","BillingAccount","USD","2024-10-01T00:00:00Z","2024-09-01T00:00:00Z",NULL,NULL,"Usage",NULL,"BigQuery Dataset in Belgium","2024-09-21T13:00:00Z","2024-09-21T12:00:00Z",NULL,NULL,NULL,NULL,NULL,NULL,NULL,126.0200000000,"GiB",NULL,118.799054,0.9427,117.61106346,"Google","Google",123.75164,0.9820,"Other","USD",126.02,"GiB","Google","Google","europe-west1","Belgium","//compute.googleapis.com/projects/helios-labs/zones/europe-west1-a/instances/inst-8567",NULL,"Dataset","Analytics","BigQuery","Google","TA27RZQAHV22S0YI","BigQuery GiB",NULL,"H56U1VIUVTJQV91Z.3LLD3KI0","proj-helios-dev","helios-dev","BillingAccount","{""business_unit"": ""LisbonOps""}",NULL,"us-central1-a","Usage-Based","INV-202409-71889","Data Warehouses",0.9427,117.61106346,0.9820
"AllocatedMethodId-1594","AllocatedResourceId-2369","AllocatedResourceName-1104","{}",1129.0327908,"123456789012","SunBird","BillingAccount","USD","2024-10-01T00:00:00Z","2024-09-01T00:00:00Z",NULL,NULL,"Usage",NULL,"Amazon Elastic Compute Cloud Virtual Machine in Europe (Ireland)","2024-09-05T11:00:00Z","2024-09-05T10:00:00Z",NULL,NULL,NULL,NULL,NULL,NULL,NULL,358.6400000000,"Hours",NULL,1297.73884,3.6185,1129.0327908,"AWS","AWS",1663.766824,4.6391,"Dynamic","USD",358.64,"Hours","AWS","AWS","eu-west-1","Europe (Ireland)","arn:aws:ec2:eu-west-1:123456789012:instance/i-00838933efab",NULL,"Virtual Machine","Compute","Amazon Elastic Compute Cloud","AWS","60L01FDOXZX5R9D9","Amazon Elastic Compute Cloud Hours",NULL,"TM5FTK0J4OXAZCDE.J10SYC1E","438839167390","Zenith Eclipse","BillingAccount","{""environment"": ""dev"", ""owner"": ""g.hopper"", ""team"": ""growth""}",NULL,NULL,"Usage-Based","INV-202409-47321","Virtual Machines",3.6185,1129.0327908,4.6391
"AllocatedMethodId-6080","AllocatedResourceId-6023","AllocatedResourceName-7781","{}",405.4949685,"123456789012","SunBird","BillingAccount","USD","2024-10-01T00:00:00Z","2024-09-01T00:00:00Z",NULL,NULL,"Usage",NULL,"Elastic Load Balancing Load Balancer in US East (N. Virginia)","2024-09-17T18:00:00Z","2024-09-17T17:00:00Z","Spend","cd-360695","commit-0695",NULL,"Used","Reserved Instance",NULL,436.5000000000,"LCU-Hours",NULL,418.03605,0.9577,405.4949685,"AWS","AWS",674.2179,1.5446,"Committed","USD",436.50,"LCU-Hours","AWS","AWS","us-east-1","US East (N. Virginia)","arn:aws:ec2:us-east-1:123456789012:instance/i-0067ee05af78",NULL,"Load Balancer","Networking","Elastic Load Balancing","AWS","LIV963MD5MKG0ZXZ","Elastic Load Balancing LCU-Hours",NULL,"GC2D8ZEH5FNQAJWC.B0RLJ30Q","438839167390","Zenith Eclipse","BillingAccount","{""business_unit"": ""LisbonOps"", ""team"": ""growth"", ""environment"": ""dev""}",NULL,NULL,"Usage-Based","INV-202409-42138","Application Networking",0.9577,405.4949685,1.5446
"AllocatedMethodId-9173","AllocatedResourceId-5626","AllocatedResourceName-1881","{}",254.4077403,"01ABCD-2345EF-6789GH","Helios Labs","BillingAccount","USD","2024-10-01T00:00:00Z","2024-09-01T00:00:00Z",NULL,NULL,"Usage",NULL,"Cloud Storage Bucket in Northern Virginia","2024-09-03T15:00:00Z","2024-09-03T14:00:00Z",NULL,NULL,NULL,NULL,NULL,NULL,NULL,249.5500000000,"GiB",NULL,403.82181,1.6182,254.4077403,"Google","Google",611.84669,2.4518,"Standard","USD",249.55,"GiB","Google","Google","us-east4","Northern Virginia","//compute.googleapis.com/projects/helios-labs/zones/us-east4-a/instances/inst-4064",NULL,"Bucket","Storage","Cloud Storage","Google","WM985VW95ULDQEWU","Cloud Storage GiB",NULL,"K7KODGZROBPI53RS.SOOJTW37","proj-helios-dev","helios-dev","BillingAccount",NULL,NULL,NULL,"Usage-Based","INV-202409-66175","Object Storage",1.6182,254.4077403,2.4518
"AllocatedMethodId-5333","AllocatedResourceId-6746","AllocatedResourceName-7207","{}",1330.781062,"01ABCD-2345EF-6789GH","Helios Labs","BillingAccount","USD","2024-10-01T00:00:00Z","2024-09-01T00:00:00Z",NULL,NULL,"Purchase",NULL,"BigQuery Dataset in Northern Virginia","2024-09-12T05:00:00Z","2024-09-12T04:00:00Z",NULL,NULL,NULL,NULL,NULL,NULL,NULL,NULL,NULL,NULL,1330.781062,3.6998,0,"Google","Google",1642.920044,4.5676,"Dynamic","USD",359.69,"GiB","Google","Google","us-east4","Northern Virginia","//compute.googleapis.com/projects/helios-labs/zones/us-east4-a/instances/inst-5297",NULL,"Dataset","Analytics","BigQuery","Google","A02EBC29SSL6KPEY","BigQuery GiB",NULL,"QIHI6I1W6W4DLS7E.AVX4FX7Q","proj-helios-prod","helios-prod","BillingAccount","{""owner"": ""k.johnson""}",NULL,NULL,"One-Time","INV-202409-39962","Data Warehouses",3.6998,0,4.5676
"AllocatedMethodId-3937","AllocatedResourceId-5183","AllocatedResourceName-4312","{}",70.8389955,"01ABCD-2345EF-6789GH","Helios Labs","BillingAccount","USD","2024-10-01T00:00:00Z","2024-09-01T00:00:00Z",NULL,NULL,"Usage",NULL,"Compute Engine VM Instance in Belgium","2024-09-13T06:00:00Z","2024-09-13T05:00:00Z","Spend","cd-994769","commit-4769",NULL,"Used","Reserved Instance",NULL,27.9500000000,"Hours",NULL,87.45555,3.1290,70.8389955,"Google","Google",121.46510999999998,4.3458,"Standard","USD",27.95,"Hours","Google","Google","europe-west1","Belgium","//compute.googleapis.com/projects/helios-labs/zones/europe-west1-a/instances/inst-7348",NULL,"VM Instance","Compute","Compute Engine","Google","4NHJ7KEGELZTJG6F","Compute Engine Hours",NULL,"UQQ596N33D5DXB2B.XBZIYNL2","proj-helios-prod","helios-prod","BillingAccount","{""owner"": ""k.johnson"", ""business_unit"": ""LisbonOps"", ""environment"": ""staging""}",NULL,NULL,"Usage-Based","INV-202409-63040","Virtual Machines",3.1290,70.8389955,4.3458
"AllocatedMethodId-8306","AllocatedResourceId-4730","AllocatedResourceName-2167","{}",34.60671298,"8a93b2c1-1234-4abc-9def-0123456789ab","Contoso Cloud","BillingProfile","USD","2024-10-01T00:00:00Z","2024-09-01T00:00:00Z",NULL,NULL,"Usage",NULL,"Azure Kubernetes Service Cluster in Southeast Asia","2024-09-07T13:00:00Z","2024-09-07T12:00:00Z",NULL,NULL,NULL,NULL,NULL,NULL,NULL,303.1900000000,"Hours",NULL,55.817279000000006,0.1841,34.60671298,"Microsoft","Microsoft",79.73897000000001,0.2630,"Dynamic","USD",303.19,"Hours","Microsoft","Microsoft","southeastasia","Southeast Asia","/subscriptions/8a93b2c1-1234-4abc-9def-0123456789ab/resourceGroups/rg-66/providers/Microsoft.Compute/virtualMachines/vm-1297",NULL,"Cluster","Compute","Azure Kubernetes Service","Microsoft","1MYG7TXRRG8O6X2J","Azure Kubernetes Service Hours",NULL,"7KZJBG0WGUUK4S28.5GXVOMNE","sub-2b7c","Staging","BillingProfile","{""owner"": ""a.turing"", ""environment"": ""qa"", ""team"": ""growth""}",NULL,"uksouth-1","Usage-Based","INV-202409-94882","Containers",0.1841,34.60671298,0.2630
"AllocatedMethodId-9831","AllocatedResourceId-9060","AllocatedResourceName-3195","{}",771.490008,"8a93b2c1-1234-4abc-9def-0123456789ab","Contoso Cloud","BillingProfile","USD","2024-10-01T00:00:00Z","2024-09-01T00:00:00Z",NULL,NULL,"Usage",NULL,"Azure Load Balancer Load Balancer in Southeast Asia","2024-09-15T02:00:00Z","2024-09-15T01:00:00Z","Spend","cd-761072","commit-1072",NULL,"Used","Reserved Instance",NULL,415.9200000000,"Hours",NULL,1028.653344,2.4732,771.490008,"Microsoft","Microsoft",1558.535424,3.7472,"Committed","USD",415.92,"Hours","Microsoft","Microsoft","southeastasia","Southeast Asia","/subscriptions/8a93b2c1-1234-4abc-9def-0123456789ab/resourceGroups/rg-457/providers/Microsoft.Compute/virtualMachines/vm-5829",NULL,"Load Balancer","Networking","Azure Load Balancer","Microsoft","W73DAWHIUO6D0MGA","Azure Load Balancer Hours",NULL,"VN5YNK93K5SYLLZ6.4UMFEWKQ","sub-2b7c","Staging","BillingProfile","{""application"": ""BrightSourceCore""}",NULL,"westeurope-2","Usage-Based","INV-202409-37054","Application Networking",2.4732,771.490008,3.7472
"AllocatedMethodId-5551","AllocatedResourceId-7115","AllocatedResourceName-7787","{}",339.11034768,"123456789012","SunBird","BillingAccount","USD","2024-10-01T00:00:00Z","2024-09-01T00:00:00Z",NULL,NULL,"Usage",NULL,"Amazon Simple Queue Service Queue in Europe (Ireland)","2024-09-26T18:00:00Z","2024-09-26T17:00:00Z",NULL,NULL,NULL,NULL,NULL,NULL,NULL,430.5600000000,"Requests",NULL,477.620208,1.1093,339.11034768,"AWS","AWS",645.40944,1.4990,"Standard","USD",430.56,"Requests","AWS","AWS","eu-west-1","Europe (Ireland)","arn:aws:ec2:eu-west-1:123456789012:instance/i-00bfa89ec5c3",NULL,"Queue","Integration","Amazon Simple Queue Service","AWS","RUYLQM9RAJ52EW2O","Amazon Simple Queue Service Requests",NULL,"07VA2DUH8JWFHBMF.812IB4WG","438839167390","Zenith Eclipse","BillingAccount",NULL,NULL,NULL,"Usage-Based","INV-202409-45899","Messaging",1.1093,339.11034768,1.4990
"AllocatedMethodId-4609","AllocatedResourceId-8583","AllocatedResourceName-4600","{}",848.7468114,"ocid1.tenancy.oc1..aaaa1234","Meridian OCI","Tenancy","USD","2024-10-01T00:00:00Z","2024-09-01T00:00:00Z",NULL,NULL,"Credit",NULL,"Oracle Compute Instance in Australia East (Sydney)","2024-09-18T05:00:00Z","2024-09-18T04:00:00Z",NULL,NULL,NULL,NULL,NULL,NULL,NULL,NULL,NULL,NULL,1368.94647,3.4387,848.7468114,"Oracle","Oracle",1928.0779200000002,4.8432,"Dynamic","USD",398.10,"Hours","Oracle","Oracle","ap-sydney-1","Australia East (Sydney)",NULL,NULL,NULL,"Compute","Oracle Compute","Oracle","LZXV3YT3X0ZX3MI4","Oracle Compute Hours",NULL,"4TFDVA17UBJPPDT1.LHT5B0GY","ocid1.compartment.oc1..dev","development","Tenancy","{""application"": ""BrightLensMatrix""}",NULL,NULL,"One-Time","INV-202409-53832","Virtual Machines",3.4387,848.7468114,4.8432
"AllocatedMethodId-1301","AllocatedResourceId-9406","AllocatedResourceName-9029","{}",61.4465775,"123456789012","SunBird","BillingAccount","USD","2024-10-01T00:00:00Z","2024-09-01T00:00:00Z",NULL,NULL,"Usage",NULL,"Amazon Relational Database Service Database Instance in US West (Oregon)","2024-09-08T01:00:00Z","2024-09-08T00:00:00Z",NULL,NULL,NULL,NULL,NULL,NULL,NULL,354.6700000000,"Hours",NULL,79.80075000000001,0.2250,61.4465775,"AWS","AWS",124.70197200000001,0.3516,"Dynamic","USD",354.67,"Hours","AWS","AWS","us-west-2","US West (Oregon)","arn:aws:ec2:us-west-2:123456789012:instance/i-0077eeb2549f",NULL,"Database Instance","Databases","Amazon Relational Database Service","AWS","HWD4HD1ZHZDO13DV","Amazon Relational Database Service Hours",NULL,"DRHH3421MGS02CYD.93R0EJJ6","438839167390","Zenith Eclipse","BillingAccount",NULL,NULL,NULL,"Usage-Based","INV-202409-38703","Relational Databases",0.2250,61.4465775,0.3516
"AllocatedMethodId-2733","AllocatedResourceId-7122","AllocatedResourceName-7689","{}",207.52192825,"01ABCD-2345EF-6789GH","Helios Labs","BillingAccount","USD","2024-10-01T00:00:00Z","2024-09-01T00:00:00Z",NULL,NULL,"Usage",NULL,"Cloud Load Balancing Forwarding Rule in Northern Virginia","2024-09-25T01:00:00Z","2024-09-25T00:00:00Z","Usage","cd-656824","commit-6824",NULL,"Unused","Committed Use Discount",NULL,NULL,NULL,NULL,244.14344499999996,3.1885,207.52192825,"Google","Google",297.734788,3.8884,"Committed","USD",76.57,"Hours","Google","Google","us-east4","Northern Virginia","//compute.googleapis.com/projects/helios-labs/zones/us-east4-a/instances/inst-7738",NULL,"Forwarding Rule","Networking","Cloud Load Balancing","Google","2EUQ5VWBHMNY2JFE","Cloud Load Balancing Hours",NULL,"UY27ERB8K8LSZTHP.2F0UDRKN","proj-helios-dev","helios-dev","BillingAccount","{""business_unit"": ""MarseilleSRE"", ""cost_center"": ""CC-3090""}",NULL,"us-central1-a","Usage-Based","INV-202409-96594","Application Networking",3.1885,207.52192825,3.8884
"AllocatedMethodId-7704","AllocatedResourceId-8680","AllocatedResourceName-1821","{}",453.27072000000004,"8a93b2c1-1234-4abc-9def-0123456789ab","Contoso Cloud","BillingProfile","USD","2024-10-01T00:00:00Z","2024-09-01T00:00:00Z",NULL,NULL,"Purchase",NULL,"Azure Kubernetes Service Cluster in East US","2024-09-06T01:00:00Z","2024-09-06T00:00:00Z",NULL,NULL,NULL,NULL,NULL,NULL,NULL,NULL,NULL,NULL,453.27072000000004,2.4864,0,"Microsoft","Microsoft",467.28959000000003,2.5633,"Standard","USD",182.30,"Hours","Microsoft","Microsoft","eastus","East US","/subscriptions/8a93b2c1-1234-4abc-9def-0123456789ab/resourceGroups/rg-681/providers/Microsoft.Compute/virtualMachines/vm-8567",NULL,"Cluster","Compute","Azure Kubernetes Service","Microsoft","TSQDW8EVGOQJ59FE","Azure Kubernetes Service Hours",NULL,"K18DB61D17ESTF11.YGG43JRK","sub-9a1f","Production","BillingProfile","{""business_unit"": ""LisbonOps""}",NULL,NULL,"One-Time","INV-202409-10256","Containers",2.4864,0,2.5633
"AllocatedMethodId-3710","AllocatedResourceId-7924","AllocatedResourceName-9292","{}",290.855181,"123456789012","SunBird","BillingAccount","USD","2024-10-01T00:00:00Z","2024-09-01T00:00:00Z",NULL,NULL,"Usage",NULL,"Amazon Relational Database Service Database Instance in Europe (Ireland)","2024-09-07T14:00:00Z","2024-09-07T13:00:00Z",NULL,NULL,NULL,NULL,NULL,NULL,NULL,127.4800000000,"Hours",NULL,334.3163,2.6225,290.855181,"AWS","AWS",412.741996,3.2377,"Standard","USD",127.48,"Hours","AWS","AWS","eu-west-1","Europe (Ireland)","arn:aws:ec2:eu-west-1:123456789012:instance/i-00745dd8011a",NULL,"Database Instance","Databases","Amazon Relational Database Service","AWS","E70F2W91LJTT30QG","Amazon Relational Database Service Hours",NULL,"RW6NLXECFAIZONQI.J254D8UT","663626350770","Zenith Apollo","BillingAccount","{""environment"": ""prod"", ""business_unit"": ""ViennaAI""}",NULL,"us-west-2b","Usage-Based","INV-202409-98997","Relational Databases",2.6225,290.855181,3.2377
"AllocatedMethodId-1725","AllocatedResourceId-5994","AllocatedResourceName-9495","{}",392.19881184,"8a93b2c1-1234-4abc-9def-0123456789ab","Contoso Cloud","BillingProfile","USD","2024-10-01T00:00:00Z","2024-09-01T00:00:00Z",NULL,NULL,"Usage",NULL,"Azure Blob Storage Storage Account in Southeast Asia","2024-09-16T20:00:00Z","2024-09-16T19:00:00Z","Usage","cd-226578","commit-6578",NULL,"Unused","Committed Use Discount",NULL,NULL,NULL,NULL,484.196064,3.7816,392.19881184,"Microsoft","Microsoft",504.375168,3.9392,"Standard","USD",128.04,"GB","Microsoft","Microsoft","southeastasia","Southeast Asia","/subscriptions/8a93b2c1-1234-4abc-9def-0123456789ab/resourceGroups/rg-50/providers/Microsoft.Compute/virtualMachines/vm-343",NULL,"Storage Account","Storage","Azure Blob Storage","Microsoft","N4XA6N5PH3UKUJOJ","Azure Blob Storage GB",NULL,"RPQJGNW41U1K9A5M.OXBA0QUU","sub-4d3e","Sandbox","BillingProfile","{""business_unit"": ""ViennaAI"", ""application"": ""BrightSourceCore"", ""owner"": ""k.johnson""}",NULL,NULL,"Usage-Based","INV-202409-78577","Object Storage",3.7816,392.19881184,3.9392
"AllocatedMethodId-8988","AllocatedResourceId-2470","AllocatedResourceName-4872","{}",297.73267699999997,"8a93b2c1-1234-4abc-9def-0123456789ab","Contoso Cloud","BillingProfile","USD","2024-10-01T00:00:00Z","2024-09-01T00:00:00Z",NULL,NULL,"Purchase",NULL,"Azure Functions Function App in Southeast Asia","2024-09-21T08:00:00Z","2024-09-21T07:00:00Z","Spend","cd-288428","commit-8428",NULL,"Unused","Committed Use Discount",NULL,NULL,NULL,NULL,297.73267699999997,1.5709,0,"Microsoft","Microsoft",346.195498,1.8266,"Committed","USD",189.53,"Executions","Microsoft","Microsoft","southeastasia","Southeast Asia","/subscriptions/8a93b2c1-1234-4abc-9def-0123456789ab/resourceGroups/rg-770/providers/Microsoft.Compute/virtualMachines/vm-945",NULL,"Function App","Compute","Azure Functions","Microsoft","KX63NYB7DXW8II0J","Azure Functions Executions",NULL,"MF03XBEFXMI2BNTG.S24VY860","sub-9a1f","Production","BillingProfile",NULL,NULL,NULL,"Recurring","INV-202409-37727","Serverless Compute",1.5709,0,1.8266
"AllocatedMethodId-7296","AllocatedResourceId-9671","AllocatedResourceName-4271","{}",529.9787961,"ocid1.tenancy.oc1..aaaa1234","Meridian OCI","Tenancy","USD","2024-10-01T00:00:00Z","2024-09-01T00:00:00Z",NULL,NULL,"Usage",NULL,"Oracle Load Balancer Load Balancer in Australia East (Sydney)","2024-09-01T09:00:00Z","2024-09-01T08:00:00Z",NULL,NULL,NULL,NULL,NULL,NULL,NULL,485.5500000000,"Hours",NULL,646.315605,1.3311,529.9787961,"Oracle","Oracle",807.906645,1.6639,"Other","USD",485.55,"Hours","Oracle","Oracle","ap-sydney-1","Australia East (Sydney)","ocid1.instance.oc1.ap-sydney-1.00510f46b61e",NULL,"Load Balancer","Networking","Oracle Load Balancer","Oracle","YV2XM5YRSVHKUYJK","Oracle Load Balancer Hours",NULL,"JA8NR0QRIYHN7D2E.9YC1MQVE","ocid1.compartment.oc1..dev","development","Tenancy","{""environment"": ""dev""}",NULL,NULL,"Usage-Based","INV-202409-14841","Application Networking",1.3311,529.9787961,1.6639
"AllocatedMethodId-9283","AllocatedResourceId-5689","AllocatedResourceName-5277","{}",556.7365938,"8a93b2c1-1234-4abc-9def-0123456789ab","Contoso Cloud","BillingProfile","USD","2024-10-01T00:00:00Z","2024-09-01T00:00:00Z",NULL,NULL,"Usage",NULL,"Azure Functions Function App in West Europe","2024-09-17T07:00:00Z","2024-09-17T06:00:00Z","Usage","cd-631468","commit-1468",NULL,"Unused","Committed Use Discount",NULL,NULL,NULL,NULL,830.95014,1.6620,556.7365938,"Microsoft","Microsoft",944.2433420000001,1.8886,"Committed","USD",499.97,"Executions","Microsoft","Microsoft","westeurope","West Europe","/subscriptions/8a93b2c1-1234-4abc-9def-0123456789ab/resourceGroups/rg-558/providers/Microsoft.Compute/virtualMachines/vm-5495",NULL,"Function App","Compute","Azure Functions","Microsoft","XYV0LUCYTEINUK97","Azure Functions Executions",NULL,"8A967YB7EFA3GSLN.ZBP06B6V","sub-9a1f","Production","BillingProfile","{""application"": ""BrightSourceCore""}",NULL,"eastus-1","Usage-Based","INV-202409-83184","Serverless Compute",1.6620,556.7365938,1.8886
"AllocatedMethodId-2182","AllocatedResourceId-9017","AllocatedResourceName-9647","{}",792.43874528,"01ABCD-2345EF-6789GH","Helios Labs","BillingAccount","USD","2024-10-01T00:00:00Z","2024-09-01T00:00:00Z",NULL,NULL,"Usage",NULL,"Cloud Storage Bucket in Northern Virginia","2024-09-05T20:00:00Z","2024-09-05T19:00:00Z",NULL,NULL,NULL,NULL,NULL,NULL,NULL,355.4200000000,"GiB",NULL,1165.351096,3.2788,792.43874528,"Google","Google",1765.6910180000002,4.9679,"Other","USD",355.42,"GiB","Google","Google","us-east4","Northern Virginia","//compute.googleapis.com/projects/helios-labs/zones/us-east4-a/instances/inst-5681",NULL,"Bucket","Storage","Cloud Storage","Google","TO6TPC45VY6QLH9H","Cloud Storage GiB",NULL,"9CE74R3KFOGHKYW2.TYANDING","proj-helios-prod","helios-prod","BillingAccount","{""owner"": ""a.lovelace""}",NULL,NULL,"Usage-Based","INV-202409-27423","Object Storage",3.2788,792.43874528,4.9679
"AllocatedMethodId-3732","AllocatedResourceId-1396","AllocatedResourceName-7791","{}",194.00382592,"123456789012","SunBird","BillingAccount","USD","2024-10-01T00:00:00Z","2024-09-01T00:00:00Z",NULL,NULL,"Tax",NULL,"Tax charge in US East (N. Virginia)","2024-09-08T14:00:00Z","2024-09-08T13:00:00Z",NULL,NULL,NULL,NULL,NULL,NULL,NULL,NULL,NULL,NULL,194.00382592,NULL,194.00382592,"AWS","AWS",194.00382592,NULL,NULL,"USD",NULL,NULL,"AWS","AWS",NULL,NULL,NULL,NULL,NULL,"Other","Tax","AWS",NULL,NULL,NULL,NULL,"438839167390","Zenith Eclipse","BillingAccount",NULL,NULL,NULL,"One-Time","INV-202409-51610","Other (Security)",NULL,194.00382592,NULL
"AllocatedMethodId-6748","AllocatedResourceId-4746","AllocatedResourceName-4948","{}",107.41179068,"8a93b2c1-1234-4abc-9def-0123456789ab","Contoso Cloud","BillingProfile","USD","2024-10-01T00:00:00Z","2024-09-01T00:00:00Z",NULL,NULL,"Usage",NULL,"Virtual Machines Virtual Machine in Southeast Asia","2024-09-17T07:00:00Z","2024-09-17T06:00:00Z","Spend","cd-460840","commit-0840",NULL,"Used","Reserved Instance",NULL,83.7400000000,"Hours",NULL,129.411796,1.5454,107.41179068,"Microsoft","Microsoft",165.914062,1.9813,"Dynamic","USD",83.74,"Hours","Microsoft","Microsoft","southeastasia","Southeast Asia","/subscriptions/8a93b2c1-1234-4abc-9def-0123456789ab/resourceGroups/rg-983/providers/Microsoft.Compute/virtualMachines/vm-955",NULL,"Virtual Machine","Compute","Virtual Machines","Microsoft","LUEOZKJM8BEN2CLB","Virtual Machines Hours",NULL,"9FTAERYYFPZC35J5.KCSXD9A1","sub-9a1f","Production","BillingProfile",NULL,NULL,NULL,"Usage-Based","INV-202409-36830","Virtual Machines",1.5454,107.41179068,1.9813
"AllocatedMethodId-6950","AllocatedResourceId-2222","AllocatedResourceName-6536","{}",45.44986446,"8a93b2c1-1234-4abc-9def-0123456789ab","Contoso Cloud","BillingProfile","USD","2024-10-01T00:00:00Z","2024-09-01T00:00:00Z",NULL,NULL,"Tax",NULL,"Tax charge in East US","2024-09-18T04:00:00Z","2024-09-18T03:00:00Z",NULL,NULL,NULL,NULL,NULL,NULL,NULL,NULL,NULL,NULL,45.44986446,NULL,45.44986446,"Microsoft","Microsoft",45.44986446,NULL,NULL,"USD",NULL,NULL,"Microsoft","Microsoft",NULL,NULL,NULL,NULL,NULL,"Other","Tax","Microsoft",NULL,NULL,NULL,NULL,"sub-9a1f","Production","BillingProfile","{""team"": ""payments""}",NULL,NULL,"One-Time","INV-202409-14652","Other (Security)",NULL,45.44986446,NULL
"AllocatedMethodId-6942","AllocatedResourceId-1089","AllocatedResourceName-1291","{}",257.23929456,"123456789012","SunBird","BillingAccount","USD","2024-10-01T00:00:00Z","2024-09-01T00:00:00Z",NULL,NULL,"Usage",NULL,"Amazon Simple Storage Service Bucket in US West (Oregon)","2024-09-06T09:00:00Z","2024-09-06T08:00:00Z",NULL,NULL,NULL,NULL,NULL,NULL,NULL,101.5200000000,"GB",NULL,276.601392,2.7246,257.23929456,"AWS","AWS",439.05369599999995,4.3248,"Dynamic","USD",101.52,"GB","AWS","AWS","us-west-2","US West (Oregon)","arn:aws:ec2:us-west-2:123456789012:instance/i-0066c2c54f6e",NULL,"Bucket","Storage","Amazon Simple Storage Service","AWS","FMV00VPPDOYO7X4R","Amazon Simple Storage Service GB",NULL,"MOGU6BAB9TGZJY5X.CFT17PHR","663626350770","Zenith Apollo","BillingAccount",NULL,NULL,NULL,"Usage-Based","INV-202409-61292","Object Storage",2.7246,257.23929456,4.3248
"AllocatedMethodId-9176","AllocatedResourceId-3697","AllocatedResourceName-1166","{}",1304.8887375,"8a93b2c1-1234-4abc-9def-0123456789ab","Contoso Cloud","BillingProfile","USD","2024-10-01T00:00:00Z","2024-09-01T00:00:00Z",NULL,NULL,"Usage",NULL,"Azure Functions Function App in Southeast Asia","2024-09-16T20:00:00Z","2024-09-16T19:00:00Z",NULL,NULL,NULL,NULL,NULL,NULL,NULL,363.1500000000,"Executions",NULL,1449.876375,3.9925,1304.8887375,"Microsoft","Microsoft",1726.05195,4.7530,"Other","USD",363.15,"Executions","Microsoft","Microsoft","southeastasia","Southeast Asia","/subscriptions/8a93b2c1-1234-4abc-9def-0123456789ab/resourceGroups/rg-256/providers/Microsoft.Compute/virtualMachines/vm-8946",NULL,"Function App","Compute","Azure Functions","Microsoft","BINKAGYWG79AZBH5","Azure Functions Executions",NULL,"WC3VHKY34WBRZGZK.J6SM1W18","sub-4d3e","Sandbox","BillingProfile",NULL,NULL,NULL,"Usage-Based","INV-202409-93421","Serverless Compute",3.9925,1304.8887375,4.7530
"AllocatedMethodId-8055","AllocatedResourceId-5868","AllocatedResourceName-8240","{}",470.1372984,"8a93b2c1-1234-4abc-9def-0123456789ab","Contoso Cloud","BillingProfile","USD","2024-10-01T00:00:00Z","2024-09-01T00:00:00Z",NULL,NULL,"Usage",NULL,"Virtual Machines Virtual Machine in Southeast Asia","2024-09-21T18:00:00Z","2024-09-21T17:00:00Z",NULL,NULL,NULL,NULL,NULL,NULL,NULL,191.7300000000,"Hours",NULL,587.671623,3.0651,470.1372984,"Microsoft","Microsoft",645.7849859999999,3.3682,"Standard","USD",191.73,"Hours","Microsoft","Microsoft","southeastasia","Southeast Asia","/subscriptions/8a93b2c1-1234-4abc-9def-0123456789ab/resourceGroups/rg-694/providers/Microsoft.Compute/virtualMachines/vm-2983",NULL,"Virtual Machine","Compute","Virtual Machines","Microsoft","H2SVNESXXWA9DDJB","Virtual Machines Hours",NULL,"1WT4MU1QI2IQN0FC.B7KQUD7H","sub-4d3e","Sandbox","BillingProfile",NULL,NULL,"eastus-1","Usage-Based","INV-202409-44618","Virtual Machines",3.0651,470.1372984,3.3682
"AllocatedMethodId-5551","AllocatedResourceId-7697","AllocatedResourceName-8856","{}",44.21610825,"123456789012","SunBird","BillingAccount","USD","2024-10-01T00:00:00Z","2024-09-01T00:00:00Z",NULL,NULL,"Usage",NULL,"Amazon Simple Storage Service Bucket in US West (Oregon)","2024-09-01T07:00:00Z","2024-09-01T06:00:00Z",NULL,NULL,NULL,NULL,NULL,NULL,NULL,29.6300000000,"GB",NULL,58.954811,1.9897,44.21610825,"AWS","AWS",63.393384999999995,2.1395,"Dynamic","USD",29.63,"GB","AWS","AWS","us-west-2","US West (Oregon)","arn:aws:ec2:us-west-2:123456789012:instance/i-0082bbb11a48",NULL,"Bucket","Storage","Amazon Simple Storage Service","AWS","LL8BWTE5XRCGYP2C","Amazon Simple Storage Service GB",NULL,"W9R9K9H2MNNZGB8K.1W1GIDYS","438839167390","Zenith Eclipse","BillingAccount","{""owner"": ""a.lovelace""}",NULL,"us-east-1a","Usage-Based","INV-202409-60654","Object Storage",1.9897,44.21610825,2.1395
"AllocatedMethodId-9868","AllocatedResourceId-4686","AllocatedResourceName-1869","{}",1090.50489474,"ocid1.tenancy.oc1..aaaa1234","Meridian OCI","Tenancy","USD","2024-10-01T00:00:00Z","2024-09-01T00:00:00Z",NULL,NULL,"Usage",NULL,"Oracle Autonomous Database Database in UK South (London)","2024-09-17T08:00:00Z","2024-09-17T07:00:00Z",NULL,NULL,NULL,NULL,NULL,NULL,NULL,277.5400000000,"Hours",NULL,1253.4539020000002,4.5163,1090.50489474,"Oracle","Oracle",1279.0430900000001,4.6085,"Standard","USD",277.54,"Hours","Oracle","Oracle","uk-london-1","UK South (London)","ocid1.instance.oc1.uk-london-1.00ac29e7e083",NULL,"Database","Databases","Oracle Autonomous Database","Oracle","K61HAJ7WVGQP7JUV","Oracle Autonomous Database Hours",NULL,"JAPL80VH8H7CWL7N.CVMA15OA","ocid1.compartment.oc1..dev","development","Tenancy","{""environment"": ""dev"", ""cost_center"": ""CC-2042""}",NULL,"us-ashburn-1-AD-1","Usage-Based","INV-202409-97915","Relational Databases",4.5163,1090.50489474,4.6085
"AllocatedMethodId-2291","AllocatedResourceId-1660","AllocatedResourceName-6348","{}",385.53050976,"8a93b2c1-1234-4abc-9def-0123456789ab","Contoso Cloud","BillingProfile","USD","2024-10-01T00:00:00Z","2024-09-01T00:00:00Z",NULL,NULL,"Credit",NULL,"Azure Functions Function App in Southeast Asia","2024-09-05T12:00:00Z","2024-09-05T11:00:00Z","Spend","cd-778104","commit-8104",NULL,"Used","Committed Use Discount",NULL,NULL,NULL,NULL,438.10285200000004,1.8887,385.53050976,"Microsoft","Microsoft",466.07722800000005,2.0093,"Dynamic","USD",231.96,"Executions","Microsoft","Microsoft","southeastasia","Southeast Asia",NULL,NULL,NULL,"Compute","Azure Functions","Microsoft","W5STWRB1HTP6314N","Azure Functions Executions",NULL,"9TPHUX051U3KYL0O.K4NKQO5C","sub-9a1f","Production","BillingProfile","{""application"": ""NimbusAPI"", ""cost_center"": ""CC-1001""}",NULL,NULL,"One-Time","INV-202409-34989","Serverless Compute",1.8887,385.53050976,2.0093
"AllocatedMethodId-4358","AllocatedResourceId-5183","AllocatedResourceName-8557","{}",308.2853352,"ocid1.tenancy.oc1..aaaa1234","Meridian OCI","Tenancy","USD","2024-10-01T00:00:00Z","2024-09-01T00:00:00Z",NULL,NULL,"Usage",NULL,"Oracle Functions Function in UK South (London)","2024-09-12T08:00:00Z","2024-09-12T07:00:00Z",NULL,NULL,NULL,NULL,NULL,NULL,NULL,95.6000000000,"Invocations",NULL,358.47131999999993,3.7497,308.2853352,"Oracle","Oracle",426.74884,4.4639,"Standard","USD",95.60,"Invocations","Oracle","Oracle","uk-london-1","UK South (London)","ocid1.instance.oc1.uk-london-1.002de90b7ec9",NULL,"Function","Compute","Oracle Functions","Oracle","G4AKRLP1P2QN3P8C","Oracle Functions Invocations",NULL,"ENE7QMSEMW4H19J0.HEGS3YKB","ocid1.compartment.oc1..prod","production","Tenancy","{""team"": ""infra"", ""owner"": ""a.lovelace"", ""application"": ""AtlasPortal""}",NULL,NULL,"Usage-Based","INV-202409-68357","Serverless Compute",3.7497,308.2853352,4.4639
"AllocatedMethodId-8081","AllocatedResourceId-2074","AllocatedResourceName-8656","{}",1104.5591352,"ocid1.tenancy.oc1..aaaa1234","Meridian OCI","Tenancy","USD","2024-10-01T00:00:00Z","2024-09-01T00:00:00Z",NULL,NULL,"Usage",NULL,"Oracle Object Storage Bucket in Australia East (Sydney)","2024-09-14T08:00:00Z","2024-09-14T07:00:00Z",NULL,NULL,NULL,NULL,NULL,NULL,NULL,465.8700000000,"GB",NULL,1534.1099100000001,3.2930,1104.5591352,"Oracle","Oracle",1848.339225,3.9675,"Standard","USD",465.87,"GB","Oracle","Oracle","ap-sydney-1","Australia East (Sydney)","ocid1.instance.oc1.ap-sydney-1.009fcb7fe2c2",NULL,"Bucket","Storage","Oracle Object Storage","Oracle","ULZZO4BA87RO9MCH","Oracle Object Storage GB",NULL,"T9X46GZX1A77DQE6.CISSZL97","ocid1.compartment.oc1..dev","development","Tenancy","{""owner"": ""a.lovelace""}",NULL,NULL,"Usage-Based","INV-202409-32344","Object Storage",3.2930,1104.5591352,3.9675
"AllocatedMethodId-9764","AllocatedResourceId-5080","AllocatedResourceName-1559","{}",110.557898,"8a93b2c1-1234-4abc-9def-0123456789ab","Contoso Cloud","BillingProfile","USD","2024-10-01T00:00:00Z","2024-09-01T00:00:00Z",NULL,NULL,"Usage",NULL,"Azure SQL Database SQL Database in UK South","2024-09-24T07:00:00Z","2024-09-24T06:00:00Z",NULL,NULL,NULL,NULL,NULL,NULL,NULL,417.2500000000,"Hours",NULL,125.63397499999999,0.3011,110.557898,"Microsoft","Microsoft",163.186475,0.3911,"Dynamic","USD",417.25,"Hours","Microsoft","Microsoft","uksouth","UK South","/subscriptions/8a93b2c1-1234-4abc-9def-0123456789ab/resourceGroups/rg-308/providers/Microsoft.Compute/virtualMachines/vm-8603",NULL,"SQL Database","Databases","Azure SQL Database","Microsoft","M7ATVAOA7ORHFZS5","Azure SQL Database Hours",NULL,"0QL4M909GNO4IK59.G9EXWNLX","sub-9a1f","Production","BillingProfile",NULL,NULL,NULL,"Usage-Based","INV-202409-76041","Relational Databases",0.3011,110.557898,0.3911
"AllocatedMethodId-1700","AllocatedResourceId-8187","AllocatedResourceName-3742","{}",259.30395284,"8a93b2c1-1234-4abc-9def-0123456789ab","Contoso Cloud","BillingProfile","USD","2024-10-01T00:00:00Z","2024-09-01T00:00:00Z",NULL,NULL,"Usage",NULL,"Virtual Machines Virtual Machine in West Europe","2024-09-21T19:00:00Z","2024-09-21T18:00:00Z",NULL,NULL,NULL,NULL,NULL,NULL,NULL,119.2700000000,"Hours",NULL,291.352756,2.4428,259.30395284,"Microsoft","Microsoft",300.357641,2.5183,"Other","USD",119.27,"Hours","Microsoft","Microsoft","westeurope","West Europe","/subscriptions/8a93b2c1-1234-4abc-9def-0123456789ab/resourceGroups/rg-756/providers/Microsoft.Compute/virtualMachines/vm-2119",NULL,"Virtual Machine","Compute","Virtual Machines","Microsoft","0Q76EAVBPF048EL7","Virtual Machines Hours",NULL,"6P2O8VOD9JL27GR1.WPUP07JP","sub-2b7c","Staging","BillingProfile","{""environment"": ""qa""}",NULL,"eastus-1","Usage-Based","INV-202409-32850","Virtual Machines",2.4428,259.30395284,2.5183
"AllocatedMethodId-1806","AllocatedResourceId-7990","AllocatedResourceName-6893","{}",1526.311122,"01ABCD-2345EF-6789GH","Helios Labs","BillingAccount","USD","2024-10-01T00:00:00Z","2024-09-01T00:00:00Z",NULL,NULL,"Usage",NULL,"Cloud Functions Function in Northern Virginia","2024-09-30T00:00:00Z","2024-09-29T23:00:00Z",NULL,NULL,NULL,NULL,NULL,NULL,NULL,415.7300000000,"Invocations",NULL,1526.311122,3.6714,1526.311122,"Google","Google",1623.7166610000002,3.9057,"Other","USD",415.73,"Invocations","Google","Google","us-east4","Northern Virginia","//compute.googleapis.com/projects/helios-labs/zones/us-east4-a/instances/inst-3765",NULL,"Function","Compute","Cloud Functions","Google","EJ9AQS2GKC9M0IS9","Cloud Functions Invocations",NULL,"2T6VZLN2891E4OI2.30B0MVEP","proj-helios-prod","helios-prod","BillingAccount","{""application"": ""NimbusAPI"", ""owner"": ""a.turing"", ""business_unit"": ""ViennaAI""}",NULL,NULL,"Usage-Based","INV-202409-63430","Serverless Compute",3.6714,1526.311122,3.9057
"AllocatedMethodId-7520","AllocatedResourceId-2776","AllocatedResourceName-1055","{}",438.5571806,"ocid1.tenancy.oc1..aaaa1234","Meridian OCI","Tenancy","USD","2024-10-01T00:00:00Z","2024-09-01T00:00:00Z",NULL,NULL,"Usage",NULL,"Oracle Autonomous Database Database in US East (Ashburn)","2024-09-26T08:00:00Z","2024-09-26T07:00:00Z",NULL,NULL,NULL,NULL,NULL,NULL,NULL,479.0200000000,"Hours",NULL,626.510258,1.3079,438.5571806,"Oracle","Oracle",994.4934219999999,2.0761,"Standard","USD",479.02,"Hours","Oracle","Oracle","us-ashburn-1","US East (Ashburn)","ocid1.instance.oc1.us-ashburn-1.0092bc6749a2",NULL,"Database","Databases","Oracle Autonomous Database","Oracle","57XIRV6O0E86M2ST","Oracle Autonomous Database Hours",NULL,"8KMYCSIRRUALWY5D.JH47LV98","ocid1.compartment.oc1..dev","development","Tenancy","{""team"": ""growth"", ""application"": ""AtlasPortal""}",NULL,"uk-london-1-AD-2","Usage-Based","INV-202409-19387","Relational Databases",1.3079,438.5571806,2.0761
"AllocatedMethodId-2167","AllocatedResourceId-1176","AllocatedResourceName-9116","{}",695.40920736,"8a93b2c1-1234-4abc-9def-0123456789ab","Contoso Cloud","BillingProfile","USD","2024-10-01T00:00:00Z","2024-09-01T00:00:00Z",NULL,NULL,"Usage",NULL,"Azure Kubernetes Service Cluster in UK South","2024-09-07T22:00:00Z","2024-09-07T21:00:00Z",NULL,NULL,NULL,NULL,NULL,NULL,NULL,417.0200000000,"Hours",NULL,709.601232,1.7016,695.40920736,"Microsoft","Microsoft",1059.1056939999999,2.5397,"Standard","USD",417.02,"Hours","Microsoft","Microsoft","uksouth","UK South","/subscriptions/8a93b2c1-1234-4abc-9def-0123456789ab/resourceGroups/rg-198/providers/Microsoft.Compute/virtualMachines/vm-106",NULL,"Cluster","Compute","Azure Kubernetes Service","Microsoft","6YUUHA70G3A56NNF","Azure Kubernetes Service Hours",NULL,"PITCK4XSLWCEZX2X.XU4T7YNJ","sub-9a1f","Production","BillingProfile","{""owner"": ""g.hopper""}",NULL,"uksouth-1","Usage-Based","INV-202409-82776","Containers",1.7016,695.40920736,2.5397
"AllocatedMethodId-9957","AllocatedResourceId-2889","AllocatedResourceName-9419","{}",586.8923333,"123456789012","SunBird","BillingAccount","USD","2024-10-01T00:00:00Z","2024-09-01T00:00:00Z",NULL,NULL,"Usage",NULL,"Amazon Relational Database Service Database Instance in Asia Pacific (Sydney)","2024-09-15T10:00:00Z","2024-09-15T09:00:00Z","Usage","cd-700041","commit-0041",NULL,"Used","Reserved Instance",NULL,358.5400000000,"Hours",NULL,902.911282,2.5183,586.8923333,"AWS","AWS",1368.045224,3.8156,"Committed","USD",358.54,"Hours","AWS","AWS","ap-southeast-2","Asia Pacific (Sydney)","arn:aws:ec2:ap-southeast-2:123456789012:instance/i-0077b93bdba7",NULL,"Database Instance","Databases","Amazon Relational Database Service","AWS","ZBKSSXY3F6FSNOY2","Amazon Relational Database Service Hours",NULL,"V3VXQZBY9MRL0BXM.P78KT1ZY","517389287820","Atlas Nimbus","BillingAccount","{""application"": ""BrightLensMatrix"", ""team"": ""growth""}",NULL,"us-east-1a","Usage-Based","INV-202409-16577","Relational Databases",2.5183,586.8923333,3.8156
"AllocatedMethodId-1861","AllocatedResourceId-5666","AllocatedResourceName-2622","{}",237.71421135,"ocid1.tenancy.oc1..aaaa1234","Meridian OCI","Tenancy","USD","2024-10-01T00:00:00Z","2024-09-01T00:00:00Z",NULL,NULL,"Usage",NULL,"Oracle Autonomous Database Database in Australia East (Sydney)","2024-09-13T08:00:00Z","2024-09-13T07:00:00Z",NULL,NULL,NULL,NULL,NULL,NULL,NULL,96.4900000000,"Hours",NULL,293.474335,3.0415,237.71421135,"Oracle","Oracle",473.34134399999994,4.9056,"Standard","USD",96.49,"Hours","Oracle","Oracle","ap-sydney-1","Australia East (Sydney)","ocid1.instance.oc1.ap-sydney-1.0035ac645c8e",NULL,"Database","Databases","Oracle Autonomous Database","Oracle","P2DKKNBSSNEKFMRU","Oracle Autonomous Database Hours",NULL,"V2BC4LVZY95IPDYN.0W27M2EX","ocid1.compartment.oc1..prod","production","Tenancy",NULL,NULL,NULL,"Usage-Based","INV-202409-24307","Relational Databases",3.0415,237.71421135,4.9056
"AllocatedMethodId-1625","AllocatedResourceId-5674","AllocatedResourceName-1867","{}",256.49218112,"8a93b2c1-1234-4abc-9def-0123456789ab","Contoso Cloud","BillingProfile","USD","2024-10-01T00:00:00Z","2024-09-01T00:00:00Z",NULL,NULL,"Usage",NULL,"Azure Kubernetes Service Cluster in UK South","2024-09-21T15:00:00Z","2024-09-21T14:00:00Z","Spend","cd-234867","commit-4867",NULL,"Unused","Savings Plan",NULL,NULL,NULL,NULL,377.19438399999996,2.0881,256.49218112,"Microsoft","Microsoft",523.874064,2.9001,"Committed","USD",180.64,"Hours","Microsoft","Microsoft","uksouth","UK South","/subscriptions/8a93b2c1-1234-4abc-9def-0123456789ab/resourceGroups/rg-13/providers/Microsoft.Compute/virtualMachines/vm-2529",NULL,"Cluster","Compute","Azure Kubernetes Service","Microsoft","IBTVQBK8RTN97IY2","Azure Kubernetes Service Hours",NULL,"ZRHPYY5R8716ZA74.71OFTH8P","sub-2b7c","Staging","BillingProfile","{""application"": ""NimbusAPI"", ""cost_center"": ""CC-2042""}",NULL,"westeurope-2","Usage-Based","INV-202409-52408","Containers",2.0881,256.49218112,2.9001
"AllocatedMethodId-8403","AllocatedResourceId-8833","AllocatedResourceName-5988","{}",58.66376208,"01ABCD-2345EF-6789GH","Helios Labs","BillingAccount","USD","2024-10-01T00:00:00Z","2024-09-01T00:00:00Z",NULL,NULL,"Usage",NULL,"Cloud SQL Database Instance in Singapore","2024-09-12T22:00:00Z","2024-09-12T21:00:00Z",NULL,NULL,NULL,NULL,NULL,NULL,NULL,68.8600000000,"Hours",NULL,88.88448799999999,1.2908,58.66376208,"Google","Google",103.351974,1.5009,"Dynamic","USD",68.86,"Hours","Google","Google","asia-southeast1","Singapore","//compute.googleapis.com/projects/helios-labs/zones/asia-southeast1-a/instances/inst-1338",NULL,"Database Instance","Databases","Cloud SQL","Google","K94RD3UFPHQYAP28","Cloud SQL Hours",NULL,"K9BOU07HB9X8543A.4WBGMNLU","proj-helios-dev","helios-dev","BillingAccount",NULL,NULL,NULL,"Usage-Based","INV-202409-61601","Relational Databases",1.2908,58.66376208,1.5009
"AllocatedMethodId-3679","AllocatedResourceId-9726","AllocatedResourceName-1149","{}",495.6880709,"ocid1.tenancy.oc1..aaaa1234","Meridian OCI","Tenancy","USD","2024-10-01T00:00:00Z","2024-09-01T00:00:00Z",NULL,NULL,"Usage",NULL,"Oracle Object Storage Bucket in US East (Ashburn)","2024-09-21T14:00:00Z","2024-09-21T13:00:00Z",NULL,NULL,NULL,NULL,NULL,NULL,NULL,203.1700000000,"GB",NULL,527.327735,2.5955,495.6880709,"Oracle","Oracle",742.708252,3.6556,"Standard","USD",203.17,"GB","Oracle","Oracle","us-ashburn-1","US East (Ashburn)","ocid1.instance.oc1.us-ashburn-1.0019865cdd22",NULL,"Bucket","Storage","Oracle Object Storage","Oracle","MJ0IT70TBQZZXR52","Oracle Object Storage GB",NULL,"BUOZTRPQVSGIG3YK.D8CEL7PQ","ocid1.compartment.oc1..dev","development","Tenancy","{""environment"": ""qa""}",NULL,"us-ashburn-1-AD-1","Usage-Based","INV-202409-76542","Object Storage",2.5955,495.6880709,3.6556
"AllocatedMethodId-7785","AllocatedResourceId-3871","AllocatedResourceName-6963","{}",26.5102299,"123456789012","SunBird","BillingAccount","USD","2024-10-01T00:00:00Z","2024-09-01T00:00:00Z",NULL,NULL,"Usage",NULL,"AWS Lambda Function in US West (Oregon)","2024-09-16T04:00:00Z","2024-09-16T03:00:00Z",NULL,NULL,NULL,NULL,NULL,NULL,NULL,12.9500000000,"Requests",NULL,34.428869999999996,2.6586,26.5102299,"AWS","AWS",40.98675,3.1650,"Standard","USD",12.95,"Requests","AWS","AWS","us-west-2","US West (Oregon)","arn:aws:ec2:us-west-2:123456789012:instance/i-0042e2593808",NULL,"Function","Compute","AWS Lambda","AWS","NMFUITARHU3U6RJ3","AWS Lambda Requests",NULL,"170FL42MPOPV1TJB.F9RQU2ZY","517389287820","Atlas Nimbus","BillingAccount",NULL,NULL,NULL,"Usage-Based","INV-202409-21006","Serverless Compute",2.6586,26.5102299,3.1650
"AllocatedMethodId-6457","AllocatedResourceId-2195","AllocatedResourceName-5011","{}",302.734922,"123456789012","SunBird","BillingAccount","USD","2024-10-01T00:00:00Z","2024-09-01T00:00:00Z",NULL,NULL,"Usage",NULL,"AWS Lambda Function in Asia Pacific (Sydney)","2024-09-03T19:00:00Z","2024-09-03T18:00:00Z","Spend","cd-357660","commit-7660",NULL,"Unused","Committed Use Discount",NULL,NULL,NULL,NULL,302.734922,1.9726,302.734922,"AWS","AWS",488.280152,3.1816,"Committed","USD",153.47,"Requests","AWS","AWS","ap-southeast-2","Asia Pacific (Sydney)","arn:aws:ec2:ap-southeast-2:123456789012:instance/i-0075b60a0ee4",NULL,"Function","Compute","AWS Lambda","AWS","XS1EIDO8R03L1QTD","AWS Lambda Requests",NULL,"E6L6HTNVNVQLV1I8.1A56FP6S","438839167390","Zenith Eclipse","BillingAccount","{""environment"": ""staging""}",NULL,NULL,"Usage-Based","INV-202409-69587","Serverless Compute",1.9726,302.734922,3.1816
"AllocatedMethodId-6607","AllocatedResourceId-4095","AllocatedResourceName-1441","{}",183.34783875,"01ABCD-2345EF-6789GH","Helios Labs","BillingAccount","USD","2024-10-01T00:00:00Z","2024-09-01T00:00:00Z",NULL,NULL,"Usage",NULL,"Compute Engine VM Instance in Northern Virginia","2024-09-27T10:00:00Z","2024-09-27T09:00:00Z",NULL,NULL,NULL,NULL,NULL,NULL,NULL,158.6500000000,"Hours",NULL,192.997725,1.2165,183.34783875,"Google","Google",296.92934,1.8716,"Other","USD",158.65,"Hours","Google","Google","us-east4","Northern Virginia","//compute.googleapis.com/projects/helios-labs/zones/us-east4-a/instances/inst-579",NULL,"VM Instance","Compute","Compute Engine","Google","DZB1GGW3N2JVPAOH","Compute Engine Hours",NULL,"U8RYTOQRI9BUQBDK.NGWD495P","proj-helios-dev","helios-dev","BillingAccount","{""owner"": ""k.johnson"", ""business_unit"": ""LisbonOps""}",NULL,NULL,"Usage-Based","INV-202409-11978","Virtual Machines",1.2165,183.34783875,1.8716
"AllocatedMethodId-9562","AllocatedResourceId-5790","AllocatedResourceName-7622","{}",1236.26329536,"123456789012","SunBird","BillingAccount","USD","2024-10-01T00:00:00Z","2024-09-01T00:00:00Z",NULL,NULL,"Usage",NULL,"Amazon Simple Storage Service Bucket in Europe (Ireland)","2024-09-28T00:00:00Z","2024-09-27T23:00:00Z",NULL,NULL,NULL,NULL,NULL,NULL,NULL,311.3800000000,"GB",NULL,1287.774266,4.1357,1236.26329536,"AWS","AWS",1369.978586,4.3997,"Other","USD",311.38,"GB","AWS","AWS","eu-west-1","Europe (Ireland)","arn:aws:ec2:eu-west-1:123456789012:instance/i-00b295a83200",NULL,"Bucket","Storage","Amazon Simple Storage Service","AWS","5XYW28OOPSNEBWF8","Amazon Simple Storage Service GB",NULL,"66W2927L7AV4L6P2.7MAE991X","663626350770","Zenith Apollo","BillingAccount","{""owner"": ""a.turing"", ""business_unit"": ""MarseilleSRE""}",NULL,NULL,"Usage-Based","INV-202409-92727","Object Storage",4.1357,1236.26329536,4.3997
"AllocatedMethodId-1006","AllocatedResourceId-2979","AllocatedResourceName-2107","{}",812.55816232,"123456789012","SunBird","BillingAccount","USD","2024-10-01T00:00:00Z","2024-09-01T00:00:00Z",NULL,NULL,"Usage",NULL,"Amazon Simple Queue Service Queue in Europe (Ireland)","2024-09-18T22:00:00Z","2024-09-18T21:00:00Z",NULL,NULL,NULL,NULL,NULL,NULL,NULL,373.2200000000,"Requests",NULL,1194.9384740000003,3.2017,812.55816232,"AWS","AWS",1194.9384740000003,3.2017,"Other","USD",373.22,"Requests","AWS","AWS","eu-west-1","Europe (Ireland)","arn:aws:ec2:eu-west-1:123456789012:instance/i-0098ec038163",NULL,"Queue","Integration","Amazon Simple Queue Service","AWS","2W72VD9CIC5VICQZ","Amazon Simple Queue Service Requests",NULL,"D3SNBZQ8Q45MKCJT.QRA4PG4F","438839167390","Zenith Eclipse","BillingAccount",NULL,NULL,NULL,"Usage-Based","INV-202409-80964","Messaging",3.2017,812.55816232,3.2017
"AllocatedMethodId-4852","AllocatedResourceId-2579","AllocatedResourceName-7517","{}",33.8447522,"8a93b2c1-1234-4abc-9def-0123456789ab","Contoso Cloud","BillingProfile","USD","2024-10-01T00:00:00Z","2024-09-01T00:00:00Z",NULL,NULL,"Usage",NULL,"Virtual Machines Virtual Machine in West Europe","2024-09-21T21:00:00Z","2024-09-21T20:00:00Z",NULL,NULL,NULL,NULL,NULL,NULL,NULL,36.0200000000,"Hours",NULL,48.34964600000001,1.3423,33.8447522,"Microsoft","Microsoft",71.10348,1.9740,"Other","USD",36.02,"Hours","Microsoft","Microsoft","westeurope","West Europe","/subscriptions/8a93b2c1-1234-4abc-9def-0123456789ab/resourceGroups/rg-815/providers/Microsoft.Compute/virtualMachines/vm-1261",NULL,"Virtual Machine","Compute","Virtual Machines","Microsoft","OWL2V0XIB8PGMAAE","Virtual Machines Hours",NULL,"YF7OLFVKCD5SEYYR.NC9YBSJ9","sub-2b7c","Staging","BillingProfile","{""team"": ""growth"", ""owner"": ""a.turing"", ""cost_center"": ""CC-1001""}",NULL,NULL,"Usage-Based","INV-202409-96958","Virtual Machines",1.3423,33.8447522,1.9740
"AllocatedMethodId-4558","AllocatedResourceId-1704","AllocatedResourceName-9815","{}",709.871418,"ocid1.tenancy.oc1..aaaa1234","Meridian OCI","Tenancy","USD","2024-10-01T00:00:00Z","2024-09-01T00:00:00Z",NULL,NULL,"Usage",NULL,"Oracle Object Storage Bucket in US East (Ashburn)","2024-09-13T20:00:00Z","2024-09-13T19:00:00Z",NULL,NULL,NULL,NULL,NULL,NULL,NULL,492.7500000000,"GB",NULL,1144.9539,2.3236,709.871418,"Oracle","Oracle",1168.31025,2.3710,"Standard","USD",492.75,"GB","Oracle","Oracle","us-ashburn-1","US East (Ashburn)","ocid1.instance.oc1.us-ashburn-1.0026528a132c",NULL,"Bucket","Storage","Oracle Object Storage","Oracle","3KB6Q48CGG3DWZR3","Oracle Object Storage GB",NULL,"1V8X3X2BOOZ3UR5F.BN47S8ZU","ocid1.compartment.oc1..prod","production","Tenancy","{""environment"": ""dev"", ""team"": ""platform"", ""cost_center"": ""CC-2042""}",NULL,"us-ashburn-1-AD-1","Usage-Based","INV-202409-31264","Object Storage",2.3236,709.871418,2.3710
"AllocatedMethodId-9226","AllocatedResourceId-1339","AllocatedResourceName-5957","{}",461.4164688,"123456789012","SunBird","BillingAccount","USD","2024-10-01T00:00:00Z","2024-09-01T00:00:00Z",NULL,NULL,"Usage",NULL,"Amazon Relational Database Service Database Instance in Europe (Ireland)","2024-09-09T07:00:00Z","2024-09-09T06:00:00Z",NULL,NULL,NULL,NULL,NULL,NULL,NULL,131.8800000000,"Hours",NULL,501.53963999999996,3.8030,461.4164688,"AWS","AWS",539.283696,4.0892,"Standard","USD",131.88,"Hours","AWS","AWS","eu-west-1","Europe (Ireland)","arn:aws:ec2:eu-west-1:123456789012:instance/i-006da1f0a617",NULL,"Database Instance","Databases","Amazon Relational Database Service","AWS","Q2WM1SF1N7IVFG4J","Amazon Relational Database Service Hours",NULL,"MDMW6KF4LYOPB8DQ.9A861FGK","517389287820","Atlas Nimbus","BillingAccount",NULL,NULL,"ap-southeast-2a","Usage-Based","INV-202409-58147","Relational Databases",3.8030,461.4164688,4.0892
"AllocatedMethodId-6202","AllocatedResourceId-8526","AllocatedResourceName-8278","{}",219.126726,"01ABCD-2345EF-6789GH","Helios Labs","BillingAccount","USD","2024-10-01T00:00:00Z","2024-09-01T00:00:00Z",NULL,NULL,"Usage",NULL,"Cloud Load Balancing Forwarding Rule in Belgium","2024-09-18T00:00:00Z","2024-09-17T23:00:00Z",NULL,NULL,NULL,NULL,NULL,NULL,NULL,461.3000000000,"Hours",NULL,280.9317,0.6090,219.126726,"Google","Google",292.64871999999997,0.6344,"Dynamic","USD",461.30,"Hours","Google","Google","europe-west1","Belgium","//compute.googleapis.com/projects/helios-labs/zones/europe-west1-a/instances/inst-6402",NULL,"Forwarding Rule","Networking","Cloud Load Balancing","Google","301OXIFVJ04M2HEA","Cloud Load Balancing Hours",NULL,"2AZ8071R0TGS4PWT.19VM3SLV","proj-helios-prod","helios-prod","BillingAccount","{""cost_center"": ""CC-3090""}",NULL,NULL,"Usage-Based","INV-202409-32596","Application Networking",0.6090,219.126726,0.6344
"AllocatedMethodId-2373","AllocatedResourceId-9552","AllocatedResourceName-4530","{}",141.61799589,"ocid1.tenancy.oc1..aaaa1234","Meridian OCI","Tenancy","USD","2024-10-01T00:00:00Z","2024-09-01T00:00:00Z",NULL,NULL,"Adjustment",NULL,"Oracle Load Balancer Load Balancer in Australia East (Sydney)","2024-09-21T14:00:00Z","2024-09-21T13:00:00Z","Spend","cd-860368","commit-0368",NULL,"Used","Committed Use Discount",NULL,NULL,NULL,NULL,232.160649,1.2417,141.61799589,"Oracle","Oracle",362.759194,1.9402,"Committed","USD",186.97,"Hours","Oracle","Oracle","ap-sydney-1","Australia East (Sydney)",NULL,NULL,NULL,"Networking","Oracle Load Balancer","Oracle","2EWGYOJODT55JV0E","Oracle Load Balancer Hours",NULL,"FXWOO6SFZIB1L96F.U0ZDMB8D","ocid1.compartment.oc1..dev","development","Tenancy","{""application"": ""BrightLensMatrix"", ""owner"": ""k.johnson"", ""business_unit"": ""ViennaAI""}",NULL,NULL,"One-Time","INV-202409-56053","Application Networking",1.2417,141.61799589,1.9402
"AllocatedMethodId-4370","AllocatedResourceId-4657","AllocatedResourceName-2672","{}",94.01504814,"01ABCD-2345EF-6789GH","Helios Labs","BillingAccount","USD","2024-10-01T00:00:00Z","2024-09-01T00:00:00Z",NULL,NULL,"Usage",NULL,"Cloud Storage Bucket in Singapore","2024-09-18T10:00:00Z","2024-09-18T09:00:00Z","Spend","cd-759549","commit-9549",NULL,"Unused","Savings Plan",NULL,NULL,NULL,NULL,120.532113,3.9351,94.01504814,"Google","Google",152.57415600000002,4.9812,"Committed","USD",30.63,"GiB","Google","Google","asia-southeast1","Singapore","//compute.googleapis.com/projects/helios-labs/zones/asia-southeast1-a/instances/inst-8220",NULL,"Bucket","Storage","Cloud Storage","Google","13YJG85SPB0S5TIM","Cloud Storage GiB",NULL,"IZ7PT74BLVG0K9C9.TWQ7JYI2","proj-helios-prod","helios-prod","BillingAccount",NULL,NULL,NULL,"Usage-Based","INV-202409-72492","Object Storage",3.9351,94.01504814,4.9812
"AllocatedMethodId-2884","AllocatedResourceId-4700","AllocatedResourceName-9939","{}",534.61410807,"8a93b2c1-1234-4abc-9def-0123456789ab","Contoso Cloud","BillingProfile","USD","2024-10-01T00:00:00Z","2024-09-01T00:00:00Z",NULL,NULL,"Adjustment",NULL,"Azure SQL Database SQL Database in East US","2024-09-29T15:00:00Z","2024-09-29T14:00:00Z","Spend","cd-368545","commit-8545",NULL,"Unused","Committed Use Discount",NULL,NULL,NULL,NULL,752.9776169999999,1.6521,534.61410807,"Microsoft","Microsoft",896.408436,1.9668,"Committed","USD",455.77,"Hours","Microsoft","Microsoft","eastus","East US",NULL,NULL,NULL,"Databases","Azure SQL Database","Microsoft","ITZZ7VH0LE4XE3GP","Azure SQL Database Hours",NULL,"XJ9TUQ3BUABW2QV7.C500T837","sub-9a1f","Production","BillingProfile","{""business_unit"": ""LisbonOps"", ""owner"": ""k.johnson"", ""team"": ""payments""}",NULL,NULL,"One-Time","INV-202409-49074","Relational Databases",1.6521,534.61410807,1.9668
"AllocatedMethodId-8248","AllocatedResourceId-9025","AllocatedResourceName-2722","{}",197.610686,"8a93b2c1-1234-4abc-9def-0123456789ab","Contoso Cloud","BillingProfile","USD","2024-10-01T00:00:00Z","2024-09-01T00:00:00Z",NULL,NULL,"Usage",NULL,"Virtual Machines Virtual Machine in West Europe","2024-09-19T15:00:00Z","2024-09-19T14:00:00Z",NULL,NULL,NULL,NULL,NULL,NULL,NULL,98.2600000000,"Hours",NULL,232.48316000000003,2.3660,197.610686,"Microsoft","Microsoft",298.05205800000005,3.0333,"Standard","USD",98.26,"Hours","Microsoft","Microsoft","westeurope","West Europe","/subscriptions/8a93b2c1-1234-4abc-9def-0123456789ab/resourceGroups/rg-290/providers/Microsoft.Compute/virtualMachines/vm-6479",NULL,"Virtual Machine","Compute","Virtual Machines","Microsoft","88HYAMXPTG51WT0G","Virtual Machines Hours",NULL,"QGGGCGS3OFK6PU7Q.S9AGI34E","sub-2b7c","Staging","BillingProfile",NULL,NULL,"eastus-1","Usage-Based","INV-202409-27755","Virtual Machines",2.3660,197.610686,3.0333
"AllocatedMethodId-2968","AllocatedResourceId-9612","AllocatedResourceName-9379","{}",373.15579584,"01ABCD-2345EF-6789GH","Helios Labs","BillingAccount","USD","2024-10-01T00:00:00Z","2024-09-01T00:00:00Z",NULL,NULL,"Usage",NULL,"BigQuery Dataset in Singapore","2024-09-26T17:00:00Z","2024-09-26T16:00:00Z",NULL,NULL,NULL,NULL,NULL,NULL,NULL,340.5800000000,"GiB",NULL,388.70395399999995,1.1413,373.15579584,"Google","Google",479.87721999999997,1.4090,"Standard","USD",340.58,"GiB","Google","Google","asia-southeast1","Singapore","//compute.googleapis.com/projects/helios-labs/zones/asia-southeast1-a/instances/inst-5379",NULL,"Dataset","Analytics","BigQuery","Google","KKCZQGYU9SCJP30Q","BigQuery GiB",NULL,"UI0U92I7AKP9YU0L.0CA9AX8B","proj-helios-prod","helios-prod","BillingAccount","{""owner"": ""g.hopper""}",NULL,"asia-southeast1-c","Usage-Based","INV-202409-97703","Data Warehouses",1.1413,373.15579584,1.4090
"AllocatedMethodId-3744","AllocatedResourceId-7397","AllocatedResourceName-4280","{}",499.89219336,"123456789012","SunBird","BillingAccount","USD","2024-10-01T00:00:00Z","2024-09-01T00:00:00Z",NULL,NULL,"Usage",NULL,"Amazon Elastic Compute Cloud Virtual Machine in US West (Oregon)","2024-09-01T01:00:00Z","2024-09-01T00:00:00Z",NULL,NULL,NULL,NULL,NULL,NULL,NULL,269.0400000000,"Hours",NULL,617.150856,2.2939,499.89219336,"AWS","AWS",734.694432,2.7308,"Dynamic","USD",269.04,"Hours","AWS","AWS","us-west-2","US West (Oregon)","arn:aws:ec2:us-west-2:123456789012:instance/i-00b8214cc70d",NULL,"Virtual Machine","Compute","Amazon Elastic Compute Cloud","AWS","JDMA3ED8E1KKN3YZ","Amazon Elastic Compute Cloud Hours",NULL,"KHXREWE9D2AI3IKT.J90NV8PT","517389287820","Atlas Nimbus","BillingAccount",NULL,NULL,NULL,"Usage-Based","INV-202409-86513","Virtual Machines",2.2939,499.89219336,2.7308
"AllocatedMethodId-1722","AllocatedResourceId-3855","AllocatedResourceName-7895","{}",173.5493844,"ocid1.tenancy.oc1..aaaa1234","Meridian OCI","Tenancy","USD","2024-10-01T00:00:00Z","2024-09-01T00:00:00Z",NULL,NULL,"Usage",NULL,"Oracle Autonomous Database Database in Australia East (Sydney)","2024-09-16T00:00:00Z","2024-09-15T23:00:00Z","Usage","cd-480887","commit-0887",NULL,"Used","Savings Plan",NULL,70.4100000000,"Hours",NULL,247.92769199999998,3.5212,173.5493844,"Oracle","Oracle",272.444454,3.8694,"Committed","USD",70.41,"Hours","Oracle","Oracle","ap-sydney-1","Australia East (Sydney)","ocid1.instance.oc1.ap-sydney-1.0069a219fe1f",NULL,"Database","Databases","Oracle Autonomous Database","Oracle","95XNBJ0FRDTE13UK","Oracle Autonomous Database Hours",NULL,"CL36GRVQ8FE9H4K6.RV7T84RQ","ocid1.compartment.oc1..dev","development","Tenancy","{""environment"": ""dev"", ""business_unit"": ""ViennaAI"", ""team"": ""infra""}",NULL,"us-ashburn-1-AD-1","Usage-Based","INV-202409-15626","Relational Databases",3.5212,173.5493844,3.8694
"AllocatedMethodId-1829","AllocatedResourceId-6890","AllocatedResourceName-8750","{}",890.67006,"8a93b2c1-1234-4abc-9def-0123456789ab","Contoso Cloud","BillingProfile","USD","2024-10-01T00:00:00Z","2024-09-01T00:00:00Z",NULL,NULL,"Usage",NULL,"Azure Functions Function App in UK South","2024-09-24T02:00:00Z","2024-09-24T01:00:00Z",NULL,NULL,NULL,NULL,NULL,NULL,NULL,328.4000000000,"Executions",NULL,1086.183,3.3075,890.67006,"Microsoft","Microsoft",1621.1465999999998,4.9365,"Dynamic","USD",328.40,"Executions","Microsoft","Microsoft","uksouth","UK South","/subscriptions/8a93b2c1-1234-4abc-9def-0123456789ab/resourceGroups/rg-839/providers/Microsoft.Compute/virtualMachines/vm-9334",NULL,"Function App","Compute","Azure Functions","Microsoft","U2UJIVWX06B9R1AA","Azure Functions Executions",NULL,"GV9HINYJRLSS4CAI.WHCZ2ITR","sub-2b7c","Staging","BillingProfile","{""application"": ""NimbusAPI""}",NULL,"eastus-1","Usage-Based","INV-202409-65701","Serverless Compute",3.3075,890.67006,4.9365
"AllocatedMethodId-9857","AllocatedResourceId-6899","AllocatedResourceName-1400","{}",1144.68698448,"ocid1.tenancy.oc1..aaaa1234","Meridian OCI","Tenancy","USD","2024-10-01T00:00:00Z","2024-09-01T00:00:00Z",NULL,NULL,"Usage",NULL,"Oracle Object Storage Bucket in UK South (London)","2024-09-21T17:00:00Z","2024-09-21T16:00:00Z",NULL,NULL,NULL,NULL,NULL,NULL,NULL,476.3200000000,"GB",NULL,1413.193808,2.9669,1144.68698448,"Oracle","Oracle",2279.334096,4.7853,"Standard","USD",476.32,"GB","Oracle","Oracle","uk-london-1","UK South (London)","ocid1.instance.oc1.uk-london-1.002fe6aa5ad7",NULL,"Bucket","Storage","Oracle Object Storage","Oracle","DC0PR3TF6AQICJKM","Oracle Object Storage GB",NULL,"AU4W3PN19L64YW2X.WWIV609U","ocid1.compartment.oc1..dev","development","Tenancy",NULL,NULL,NULL,"Usage-Based","INV-202409-60354","Object Storage",2.9669,1144.68698448,4.7853
"AllocatedMethodId-8540","AllocatedResourceId-8569","AllocatedResourceName-2427","{}",664.0851744,"ocid1.tenancy.oc1..aaaa1234","Meridian OCI","Tenancy","USD","2024-10-01T00:00:00Z","2024-09-01T00:00:00Z",NULL,NULL,"Usage",NULL,"Oracle Functions Function in UK South (London)","2024-09-23T10:00:00Z","2024-09-23T09:00:00Z","Usage","cd-460085","commit-0085",NULL,"Unused","Savings Plan",NULL,NULL,NULL,NULL,1071.10512,2.4488,664.0851744,"Oracle","Oracle",1115.71992,2.5508,"Standard","USD",437.40,"Invocations","Oracle","Oracle","uk-london-1","UK South (London)","ocid1.instance.oc1.uk-london-1.0039a1d6f711",NULL,"Function","Compute","Oracle Functions","Oracle","Q6SS3ASHTXCVYNM4","Oracle Functions Invocations",NULL,"C1VGE7GZHM82XWUR.KL7GMPJS","ocid1.compartment.oc1..dev","development","Tenancy","{""environment"": ""staging"", ""owner"": ""a.turing""}",NULL,NULL,"Usage-Based","INV-202409-20034","Serverless Compute",2.4488,664.0851744,2.5508
"AllocatedMethodId-6219","AllocatedResourceId-9029","AllocatedResourceName-5901","{}",476.07184716,"123456789012","SunBird","BillingAccount","USD","2024-10-01T00:00:00Z","2024-09-01T00:00:00Z",NULL,NULL,"Usage",NULL,"Elastic Load Balancing Load Balancer in US East (N. Virginia)","2024-09-30T15:00:00Z","2024-09-30T14:00:00Z",NULL,NULL,NULL,NULL,NULL,NULL,NULL,147.2600000000,"LCU-Hours",NULL,511.90521199999995,3.4762,476.07184716,"AWS","AWS",602.2344959999999,4.0896,"Dynamic","USD",147.26,"LCU-Hours","AWS","AWS","us-east-1","US East (N. Virginia)","arn:aws:ec2:us-east-1:123456789012:instance/i-00dcdb43fdbb",NULL,"Load Balancer","Networking","Elastic Load Balancing","AWS","R4QNT4Y78N60FZF7","Elastic Load Balancing LCU-Hours",NULL,"43YTU7D8SMF0UKE2.CBUMEI0B","517389287820","Atlas Nimbus","BillingAccount","{""cost_center"": ""CC-2042"", ""business_unit"": ""ViennaAI"", ""environment"": ""staging""}",NULL,"ap-southeast-2a","Usage-Based","INV-202409-58563","Application Networking",3.4762,476.07184716,4.0896
"AllocatedMethodId-5201","AllocatedResourceId-1545","AllocatedResourceName-3125","{}",245.98809804,"123456789012","SunBird","BillingAccount","USD","2024-10-01T00:00:00Z","2024-09-01T00:00:00Z",NULL,NULL,"Usage",NULL,"Amazon Simple Storage Service Bucket in Europe (Ireland)","2024-09-27T13:00:00Z","2024-09-27T12:00:00Z",NULL,NULL,NULL,NULL,NULL,NULL,NULL,211.7400000000,"GB",NULL,261.68946600000004,1.2359,245.98809804,"AWS","AWS",339.863874,1.6051,"Dynamic","USD",211.74,"GB","AWS","AWS","eu-west-1","Europe (Ireland)","arn:aws:ec2:eu-west-1:123456789012:instance/i-00327e261aab",NULL,"Bucket","Storage","Amazon Simple Storage Service","AWS","7PWTGKPQULMLX7DL","Amazon Simple Storage Service GB",NULL,"SWU5EGYL3RNVGSI6.0MI5DJNG","438839167390","Zenith Eclipse","BillingAccount","{""environment"": ""prod""}",NULL,"us-west-2b","Usage-Based","INV-202409-70905","Object Storage",1.2359,245.98809804,1.6051
"AllocatedMethodId-2259","AllocatedResourceId-2899","AllocatedResourceName-4697","{}",62.253906,"123456789012","SunBird","BillingAccount","USD","2024-10-01T00:00:00Z","2024-09-01T00:00:00Z",NULL,NULL,"Usage",NULL,"Amazon Elastic Compute Cloud Virtual Machine in Asia Pacific (Sydney)","2024-09-27T23:00:00Z","2024-09-27T22:00:00Z",NULL,NULL,NULL,NULL,NULL,NULL,NULL,136.9000000000,"Hours",NULL,103.75651,0.7579,62.253906,"AWS","AWS",142.12958,1.0382,"Standard","USD",136.90,"Hours","AWS","AWS","ap-southeast-2","Asia Pacific (Sydney)","arn:aws:ec2:ap-southeast-2:123456789012:instance/i-0044ebdfb08b",NULL,"Virtual Machine","Compute","Amazon Elastic Compute Cloud","AWS","95CKVJGXFROWG4IM","Amazon Elastic Compute Cloud Hours",NULL,"Y6XCQT8XKYDJPVS4.JKQCUXPC","517389287820","Atlas Nimbus","BillingAccount","{""team"": ""growth"", ""environment"": ""qa"", ""cost_center"": ""CC-2042""}",NULL,"ap-southeast-2a","Usage-Based","INV-202409-63163","Virtual Machines",0.7579,62.253906,1.0382
"AllocatedMethodId-6154","AllocatedResourceId-1254","AllocatedResourceName-6458","{}",660.66622368,"123456789012","SunBird","BillingAccount","USD","2024-10-01T00:00:00Z","2024-09-01T00:00:00Z",NULL,NULL,"Usage",NULL,"Amazon Elastic Compute Cloud Virtual Machine in Europe (Ireland)","2024-09-29T00:00:00Z","2024-09-28T23:00:00Z",NULL,NULL,NULL,NULL,NULL,NULL,NULL,236.6400000000,"Hours",NULL,930.5158079999999,3.9322,660.66622368,"AWS","AWS",1000.561248,4.2282,"Standard","USD",236.64,"Hours","AWS","AWS","eu-west-1","Europe (Ireland)","arn:aws:ec2:eu-west-1:123456789012:instance/i-006c8082f8f6",NULL,"Virtual Machine","Compute","Amazon Elastic Compute Cloud","AWS","XWZP6X9E7J9QN2T7","Amazon Elastic Compute Cloud Hours",NULL,"Y9CCWX5NM7A3IZYA.SATQ3XBG","438839167390","Zenith Eclipse","BillingAccount",NULL,NULL,"us-west-2b","Usage-Based","INV-202409-69635","Virtual Machines",3.9322,660.66622368,4.2282
"AllocatedMethodId-4929","AllocatedResourceId-1366","AllocatedResourceName-3435","{}",63.992592,"ocid1.tenancy.oc1..aaaa1234","Meridian OCI","Tenancy","USD","2024-10-01T00:00:00Z","2024-09-01T00:00:00Z",NULL,NULL,"Usage",NULL,"Oracle Functions Function in UK South (London)","2024-09-23T01:00:00Z","2024-09-23T00:00:00Z",NULL,NULL,NULL,NULL,NULL,NULL,NULL,483.2000000000,"Invocations",NULL,79.0032,0.1635,63.992592,"Oracle","Oracle",94.07904,0.1947,"Other","USD",483.20,"Invocations","Oracle","Oracle","uk-london-1","UK South (London)","ocid1.instance.oc1.uk-london-1.001b85f6b0e6",NULL,"Function","Compute","Oracle Functions","Oracle","DZPEGC14GPYPVFFT","Oracle Functions Invocations",NULL,"JDJ9ZGIJNK90HRAI.SVTIJQJK","ocid1.compartment.oc1..dev","development","Tenancy","{""owner"": ""g.hopper"", ""environment"": ""dev"", ""cost_center"": ""CC-2042""}",NULL,"uk-london-1-AD-2","Usage-Based","INV-202409-47649","Serverless Compute",0.1635,63.992592,0.1947
"AllocatedMethodId-4075","AllocatedResourceId-2998","AllocatedResourceName-6478","{}",106.1673352,"8a93b2c1-1234-4abc-9def-0123456789ab","Contoso Cloud","BillingProfile","USD","2024-10-01T00:00:00Z","2024-09-01T00:00:00Z",NULL,NULL,"Usage","Correction","Azure Load Balancer Load Balancer in West Europe","2024-09-03T10:00:00Z","2024-09-03T09:00:00Z",NULL,NULL,NULL,NULL,NULL,NULL,NULL,64.7200000000,"Hours",NULL,129.47236,2.0005,106.1673352,"Microsoft","Microsoft",170.355984,2.6322,"Standard","USD",64.72,"Hours","Microsoft","Microsoft","westeurope","West Europe","/subscriptions/8a93b2c1-1234-4abc-9def-0123456789ab/resourceGroups/rg-482/providers/Microsoft.Compute/virtualMachines/vm-9112",NULL,"Load Balancer","Networking","Azure Load Balancer","Microsoft","GOVOKUYH50LR7R05","Azure Load Balancer Hours",NULL,"YSD833XNYERA9MA3.CDZPPYDI","sub-4d3e","Sandbox","BillingProfile","{""business_unit"": ""ViennaAI""}",NULL,NULL,"Usage-Based","INV-202409-73590","Application Networking",2.0005,106.1673352,2.6322
"AllocatedMethodId-1430","AllocatedResourceId-9559","AllocatedResourceName-4612","{}",510.70594076,"ocid1.tenancy.oc1..aaaa1234","Meridian OCI","Tenancy","USD","2024-10-01T00:00:00Z","2024-09-01T00:00:00Z",NULL,NULL,"Usage",NULL,"Oracle Functions Function in Australia East (Sydney)","2024-09-19T00:00:00Z","2024-09-18T23:00:00Z",NULL,NULL,NULL,NULL,NULL,NULL,NULL,214.6700000000,"Invocations",NULL,555.115153,2.5859,510.70594076,"Oracle","Oracle",630.8077949999999,2.9385,"Standard","USD",214.67,"Invocations","Oracle","Oracle","ap-sydney-1","Australia East (Sydney)","ocid1.instance.oc1.ap-sydney-1.002770739d1d",NULL,"Function","Compute","Oracle Functions","Oracle","R1KKKLK7OM7FM6UL","Oracle Functions Invocations",NULL,"KNVBYJ5BSCGRTEKT.VKLJQXY2","ocid1.compartment.oc1..prod","production","Tenancy","{""team"": ""payments"", ""owner"": ""k.johnson"", ""environment"": ""dev""}",NULL,NULL,"Usage-Based","INV-202409-98519","Serverless Compute",2.5859,510.70594076,2.9385
"AllocatedMethodId-9973","AllocatedResourceId-5089","AllocatedResourceName-7008","{}",1504.93241654,"8a93b2c1-1234-4abc-9def-0123456789ab","Contoso Cloud","BillingProfile","USD","2024-10-01T00:00:00Z","2024-09-01T00:00:00Z",NULL,NULL,"Usage",NULL,"Azure Load Balancer Load Balancer in Southeast Asia","2024-09-12T23:00:00Z","2024-09-12T22:00:00Z",NULL,NULL,NULL,NULL,NULL,NULL,NULL,482.7100000000,"Hours",NULL,1535.6453229999997,3.1813,1504.93241654,"Microsoft","Microsoft",1669.162909,3.4579,"Other","USD",482.71,"Hours","Microsoft","Microsoft","southeastasia","Southeast Asia","/subscriptions/8a93b2c1-1234-4abc-9def-0123456789ab/resourceGroups/rg-84/providers/Microsoft.Compute/virtualMachines/vm-6152",NULL,"Load Balancer","Networking","Azure Load Balancer","Microsoft","XFBVPCRV94XWD6LW","Azure Load Balancer Hours",NULL,"4IOLMAA4A90E91T6.TZ3S3WKG","sub-9a1f","Production","BillingProfile","{""business_unit"": ""MarseilleSRE""}",NULL,"uksouth-1","Usage-Based","INV-202409-45242","Application Networking",3.1813,1504.93241654,3.4579
"AllocatedMethodId-4403","AllocatedResourceId-8839","AllocatedResourceName-2166","{}",406.362768,"ocid1.tenancy.oc1..aaaa1234","Meridian OCI","Tenancy","USD","2024-10-01T00:00:00Z","2024-09-01T00:00:00Z",NULL,NULL,"Usage",NULL,"Oracle Autonomous Database Database in US East (Ashburn)","2024-09-25T10:00:00Z","2024-09-25T09:00:00Z",NULL,NULL,NULL,NULL,NULL,NULL,NULL,229.0400000000,"Hours",NULL,677.2712799999999,2.9570,406.362768,"Oracle","Oracle",1075.022144,4.6936,"Standard","USD",229.04,"Hours","Oracle","Oracle","us-ashburn-1","US East (Ashburn)","ocid1.instance.oc1.us-ashburn-1.00d82cdb680f",NULL,"Database","Databases","Oracle Autonomous Database","Oracle","XW0LTEJ10206BQDU","Oracle Autonomous Database Hours",NULL,"ZT4CPM1RKSUMJB1U.ROI0ESOT","ocid1.compartment.oc1..dev","development","Tenancy","{""owner"": ""a.lovelace"", ""business_unit"": ""ViennaAI"", ""cost_center"": ""CC-3090""}",NULL,NULL,"Usage-Based","INV-202409-17688","Relational Databases",2.9570,406.362768,4.6936
"AllocatedMethodId-5578","AllocatedResourceId-5197","AllocatedResourceName-2139","{}",1074.27063142,"01ABCD-2345EF-6789GH","Helios Labs","BillingAccount","USD","2024-10-01T00:00:00Z","2024-09-01T00:00:00Z",NULL,NULL,"Usage",NULL,"Cloud Storage Bucket in Singapore","2024-09-06T03:00:00Z","2024-09-06T02:00:00Z","Usage","cd-872964","commit-2964",NULL,"Used","Reserved Instance",NULL,337.9100000000,"GiB",NULL,1249.151897,3.6967,1074.27063142,"Google","Google",1581.2160540000002,4.6794,"Standard","USD",337.91,"GiB","Google","Google","asia-southeast1","Singapore","//compute.googleapis.com/projects/helios-labs/zones/asia-southeast1-a/instances/inst-9110",NULL,"Bucket","Storage","Cloud Storage","Google","2S293D12YSSK60OC","Cloud Storage GiB",NULL,"3B37FCECGISS7AXZ.TIGH64TB","proj-helios-prod","helios-prod","BillingAccount","{""environment"": ""staging""}",NULL,"europe-west1-b","Usage-Based","INV-202409-13344","Object Storage",3.6967,1074.27063142,4.6794
"AllocatedMethodId-4407","AllocatedResourceId-1266","AllocatedResourceName-7787","{}",622.25327008,"123456789012","SunBird","BillingAccount","USD","2024-10-01T00:00:00Z","2024-09-01T00:00:00Z",NULL,NULL,"Tax",NULL,"Tax charge in US East (N. Virginia)","2024-09-08T06:00:00Z","2024-09-08T05:00:00Z",NULL,NULL,NULL,NULL,NULL,NULL,NULL,NULL,NULL,NULL,622.25327008,NULL,622.25327008,"AWS","AWS",622.25327008,NULL,NULL,"USD",NULL,NULL,"AWS","AWS",NULL,NULL,NULL,NULL,NULL,"Other","Tax","AWS",NULL,NULL,NULL,NULL,"438839167390","Zenith Eclipse","BillingAccount",NULL,NULL,NULL,"One-Time","INV-202409-84506","Other (Security)",NULL,622.25327008,NULL
"AllocatedMethodId-8714","AllocatedResourceId-2576","AllocatedResourceName-5195","{}",177.04448937,"01ABCD-2345EF-6789GH","Helios Labs","BillingAccount","USD","2024-10-01T00:00:00Z","2024-09-01T00:00:00Z",NULL,NULL,"Usage",NULL,"Compute Engine VM Instance in Singapore","2024-09-06T14:00:00Z","2024-09-06T13:00:00Z",NULL,NULL,NULL,NULL,NULL,NULL,NULL,335.6300000000,"Hours",NULL,281.022999,0.8373,177.04448937,"Google","Google",460.685738,1.3726,"Standard","USD",335.63,"Hours","Google","Google","asia-southeast1","Singapore","//compute.googleapis.com/projects/helios-labs/zones/asia-southeast1-a/instances/inst-5053",NULL,"VM Instance","Compute","Compute Engine","Google","9UCY0A12WHRHQ7OW","Compute Engine Hours",NULL,"EVZBWHRI34DJEVO8.YHGVHHF1","proj-helios-prod","helios-prod","BillingAccount","{""environment"": ""prod""}",NULL,"asia-southeast1-c","Usage-Based","INV-202409-32828","Virtual Machines",0.8373,177.04448937,1.3726
"AllocatedMethodId-8331","AllocatedResourceId-6011","AllocatedResourceName-2259","{}",1445.0128518,"8a93b2c1-1234-4abc-9def-0123456789ab","Contoso Cloud","BillingProfile","USD","2024-10-01T00:00:00Z","2024-09-01T00:00:00Z",NULL,NULL,"Usage",NULL,"Azure SQL Database SQL Database in West Europe","2024-09-05T19:00:00Z","2024-09-05T18:00:00Z",NULL,NULL,NULL,NULL,NULL,NULL,NULL,428.5100000000,"Hours",NULL,2064.304074,4.8174,1445.0128518,"Microsoft","Microsoft",2064.304074,4.8174,"Other","USD",428.51,"Hours","Microsoft","Microsoft","westeurope","West Europe","/subscriptions/8a93b2c1-1234-4abc-9def-0123456789ab/resourceGroups/rg-286/providers/Microsoft.Compute/virtualMachines/vm-5703",NULL,"SQL Database","Databases","Azure SQL Database","Microsoft","LJA2JUC8TULTB971","Azure SQL Database Hours",NULL,"C1IUOP0CGAPEGRDB.6HK2HIL7","sub-2b7c","Staging","BillingProfile","{""business_unit"": ""ViennaAI"", ""environment"": ""prod""}",NULL,"westeurope-2","Usage-Based","INV-202409-78260","Relational Databases",4.8174,1445.0128518,4.8174
"AllocatedMethodId-7313","AllocatedResourceId-2374","AllocatedResourceName-7346","{}",1051.14079455,"01ABCD-2345EF-6789GH","Helios Labs","BillingAccount","USD","2024-10-01T00:00:00Z","2024-09-01T00:00:00Z",NULL,NULL,"Usage",NULL,"Cloud Load Balancing Forwarding Rule in Singapore","2024-09-16T05:00:00Z","2024-09-16T04:00:00Z",NULL,NULL,NULL,NULL,NULL,NULL,NULL,353.8500000000,"Hours",NULL,1365.117915,3.8579,1051.14079455,"Google","Google",1452.27117,4.1042,"Standard","USD",353.85,"Hours","Google","Google","asia-southeast1","Singapore","//compute.googleapis.com/projects/helios-labs/zones/asia-southeast1-a/instances/inst-9421",NULL,"Forwarding Rule","Networking","Cloud Load Balancing","Google","EKI3JRMB15457OY3","Cloud Load Balancing Hours",NULL,"36EA5A6IQD6OWFOM.GW3LD9LP","proj-helios-prod","helios-prod","BillingAccount","{""owner"": ""a.turing"", ""team"": ""growth"", ""cost_center"": ""CC-3090""}",NULL,"us-central1-a","Usage-Based","INV-202409-66658","Application Networking",3.8579,1051.14079455,4.1042
"AllocatedMethodId-7074","AllocatedResourceId-8062","AllocatedResourceName-5833","{}",995.1753915,"8a93b2c1-1234-4abc-9def-0123456789ab","Contoso Cloud","BillingProfile","USD","2024-10-01T00:00:00Z","2024-09-01T00:00:00Z",NULL,NULL,"Usage",NULL,"Virtual Machines Virtual Machine in East US","2024-09-07T11:00:00Z","2024-09-07T10:00:00Z",NULL,NULL,NULL,NULL,NULL,NULL,NULL,366.7500000000,"Hours",NULL,1058.697225,2.8867,995.1753915,"Microsoft","Microsoft",1245.519675,3.3961,"Standard","USD",366.75,"Hours","Microsoft","Microsoft","eastus","East US","/subscriptions/8a93b2c1-1234-4abc-9def-0123456789ab/resourceGroups/rg-480/providers/Microsoft.Compute/virtualMachines/vm-5012",NULL,"Virtual Machine","Compute","Virtual Machines","Microsoft","PBL4Z4N0B70ONNWC","Virtual Machines Hours",NULL,"ZZZ51AVWB7BCVDD9.NC0LXD6C","sub-2b7c","Staging","BillingProfile","{""team"": ""platform"", ""cost_center"": ""CC-1001"", ""owner"": ""a.lovelace""}",NULL,NULL,"Usage-Based","INV-202409-56069","Virtual Machines",2.8867,995.1753915,3.3961
"AllocatedMethodId-7449","AllocatedResourceId-1586","AllocatedResourceName-4241","{}",220.64572152,"01ABCD-2345EF-6789GH","Helios Labs","BillingAccount","USD","2024-10-01T00:00:00Z","2024-09-01T00:00:00Z",NULL,NULL,"Usage",NULL,"Compute Engine VM Instance in Singapore","2024-09-06T10:00:00Z","2024-09-06T09:00:00Z",NULL,NULL,NULL,NULL,NULL,NULL,NULL,196.2300000000,"Hours",NULL,262.673478,1.3386,220.64572152,"Google","Google",364.811193,1.8591,"Standard","USD",196.23,"Hours","Google","Google","asia-southeast1","Singapore","//compute.googleapis.com/projects/helios-labs/zones/asia-southeast1-a/instances/inst-7658",NULL,"VM Instance","Compute","Compute Engine","Google","6HT8N057QAPIF22R","Compute Engine Hours",NULL,"FH412VXBCRM5VMGV.2WILUD8P","proj-helios-prod","helios-prod","BillingAccount","{""team"": ""infra""}",NULL,"us-central1-a","Usage-Based","INV-202409-83262","Virtual Machines",1.3386,220.64572152,1.8591
"AllocatedMethodId-5355","AllocatedResourceId-1786","AllocatedResourceName-5598","{}",601.9003,"123456789012","SunBird","BillingAccount","USD","2024-10-01T00:00:00Z","2024-09-01T00:00:00Z",NULL,NULL,"Usage",NULL,"Amazon Simple Storage Service Bucket in Asia Pacific (Sydney)","2024-09-13T11:00:00Z","2024-09-13T10:00:00Z",NULL,NULL,NULL,NULL,NULL,NULL,NULL,441.2500000000,"GB",NULL,885.1474999999999,2.0060,601.9003,"AWS","AWS",1041.35,2.3600,"Standard","USD",441.25,"GB","AWS","AWS","ap-southeast-2","Asia Pacific (Sydney)","arn:aws:ec2:ap-southeast-2:123456789012:instance/i-0017c78f7dbe",NULL,"Bucket","Storage","Amazon Simple Storage Service","AWS","7GKD38CBN58FAHAP","Amazon Simple Storage Service GB",NULL,"JA6JPQGZAB3W578W.HZZFB5ZQ","438839167390","Zenith Eclipse","BillingAccount","{""environment"": ""qa"", ""business_unit"": ""OsloData""}",NULL,"us-west-2b","Usage-Based","INV-202409-50950","Object Storage",2.0060,601.9003,2.3600
"AllocatedMethodId-8273","AllocatedResourceId-3166","AllocatedResourceName-8070","{}",374.626161,"8a93b2c1-1234-4abc-9def-0123456789ab","Contoso Cloud","BillingProfile","USD","2024-10-01T00:00:00Z","2024-09-01T00:00:00Z",NULL,NULL,"Tax",NULL,"Tax charge in Southeast Asia","2024-09-29T16:00:00Z","2024-09-29T15:00:00Z",NULL,NULL,NULL,NULL,NULL,NULL,NULL,NULL,NULL,NULL,374.626161,NULL,374.626161,"Microsoft","Microsoft",374.626161,NULL,NULL,"USD",NULL,NULL,"Microsoft","Microsoft",NULL,NULL,NULL,NULL,NULL,"Other","Tax","Microsoft",NULL,NULL,NULL,NULL,"sub-4d3e","Sandbox","BillingProfile",NULL,NULL,NULL,"One-Time","INV-202409-71110","Other (Security)",NULL,374.626161,NULL
"AllocatedMethodId-5176","AllocatedResourceId-3944","AllocatedResourceName-1262","{}",23.35745952,"123456789012","SunBird","BillingAccount","USD","2024-10-01T00:00:00Z","2024-09-01T00:00:00Z",NULL,NULL,"Usage",NULL,"Amazon Elastic Compute Cloud Virtual Machine in Europe (Ireland)","2024-09-28T16:00:00Z","2024-09-28T15:00:00Z",NULL,NULL,NULL,NULL,NULL,NULL,NULL,9.6700000000,"Hours",NULL,32.440916,3.3548,23.35745952,"AWS","AWS",41.064622,4.2466,"Dynamic","USD",9.67,"Hours","AWS","AWS","eu-west-1","Europe (Ireland)","arn:aws:ec2:eu-west-1:123456789012:instance/i-00582fb0b7c1",NULL,"Virtual Machine","Compute","Amazon Elastic Compute Cloud","AWS","NM2RWME8CLO8S920","Amazon Elastic Compute Cloud Hours",NULL,"FTTQOO2OYCD6V2VO.3T2ZNG7N","438839167390","Zenith Eclipse","BillingAccount","{""cost_center"": ""CC-1001"", ""environment"": ""staging""}",NULL,"ap-southeast-2a","Usage-Based","INV-202409-95711","Virtual Machines",3.3548,23.35745952,4.2466
"AllocatedMethodId-4652","AllocatedResourceId-2257","AllocatedResourceName-6645","{}",66.861102,"123456789012","SunBird","BillingAccount","USD","2024-10-01T00:00:00Z","2024-09-01T00:00:00Z",NULL,NULL,"Purchase",NULL,"Amazon Simple Storage Service Bucket in Europe (Ireland)","2024-09-08T02:00:00Z","2024-09-08T01:00:00Z","Spend","cd-172762","commit-2762",NULL,"Unused","Reserved Instance",NULL,NULL,NULL,NULL,66.861102,0.8513,0,"AWS","AWS",79.592436,1.0134,"Standard","USD",78.54,"GB","AWS","AWS","eu-west-1","Europe (Ireland)","arn:aws:ec2:eu-west-1:123456789012:instance/i-009899b44496",NULL,"Bucket","Storage","Amazon Simple Storage Service","AWS","26KTIX0X9IN9VQCT","Amazon Simple Storage Service GB",NULL,"SVBO9ZM7MQYYB7HQ.S7ZCIZVO","663626350770","Zenith Apollo","BillingAccount","{""application"": ""BrightLensMatrix"", ""cost_center"": ""CC-1001"", ""team"": ""platform""}",NULL,NULL,"Recurring","INV-202409-34026","Object Storage",0.8513,0,1.0134
"AllocatedMethodId-6473","AllocatedResourceId-1009","AllocatedResourceName-1566","{}",779.13435248,"8a93b2c1-1234-4abc-9def-0123456789ab","Contoso Cloud","BillingProfile","USD","2024-10-01T00:00:00Z","2024-09-01T00:00:00Z",NULL,NULL,"Usage",NULL,"Virtual Machines Virtual Machine in UK South","2024-09-20T22:00:00Z","2024-09-20T21:00:00Z",NULL,NULL,NULL,NULL,NULL,NULL,NULL,308.9900000000,"Hours",NULL,885.3799460000001,2.8654,779.13435248,"Microsoft","Microsoft",1229.6875029999999,3.9797,"Standard","USD",308.99,"Hours","Microsoft","Microsoft","uksouth","UK South","/subscriptions/8a93b2c1-1234-4abc-9def-0123456789ab/resourceGroups/rg-940/providers/Microsoft.Compute/virtualMachines/vm-7569",NULL,"Virtual Machine","Compute","Virtual Machines","Microsoft","OPRUEL7JQWRF6NM5","Virtual Machines Hours",NULL,"97GT5TJWB3TO7ICM.WDD26122","sub-9a1f","Production","BillingProfile","{""business_unit"": ""ViennaAI""}",NULL,NULL,"Usage-Based","INV-202409-53639","Virtual Machines",2.8654,779.13435248,3.9797
"AllocatedMethodId-3540","AllocatedResourceId-6364","AllocatedResourceName-7755","{}",976.675653,"01ABCD-2345EF-6789GH","Helios Labs","BillingAccount","USD","2024-10-01T00:00:00Z","2024-09-01T00:00:00Z",NULL,NULL,"Purchase",NULL,"Cloud Storage Bucket in Singapore","2024-09-28T05:00:00Z","2024-09-28T04:00:00Z",NULL,NULL,NULL,NULL,NULL,NULL,NULL,NULL,NULL,NULL,976.675653,2.7397,0,"Google","Google",1162.7277840000002,3.2616,"Dynamic","USD",356.49,"GiB","Google","Google","asia-southeast1","Singapore","//compute.googleapis.com/projects/helios-labs/zones/asia-southeast1-a/instances/inst-696",NULL,"Bucket","Storage","Cloud Storage","Google","F1OJU10ER6KQP0T8","Cloud Storage GiB",NULL,"VE27K2X54MDYEQZB.F5QFYTBD","proj-helios-dev","helios-dev","BillingAccount","{""environment"": ""qa"", ""business_unit"": ""OsloData""}",NULL,NULL,"One-Time","INV-202409-18048","Object Storage",2.7397,0,3.2616
"AllocatedMethodId-1804","AllocatedResourceId-5292","AllocatedResourceName-8176","{}",392.31426465,"8a93b2c1-1234-4abc-9def-0123456789ab","Contoso Cloud","BillingProfile","USD","2024-10-01T00:00:00Z","2024-09-01T00:00:00Z",NULL,NULL,"Usage",NULL,"Azure Load Balancer Load Balancer in Southeast Asia","2024-09-28T23:00:00Z","2024-09-28T22:00:00Z",NULL,NULL,NULL,NULL,NULL,NULL,NULL,260.1500000000,"Hours",NULL,496.600335,1.9089,392.31426465,"Microsoft","Microsoft",814.1134099999999,3.1294,"Dynamic","USD",260.15,"Hours","Microsoft","Microsoft","southeastasia","Southeast Asia","/subscriptions/8a93b2c1-1234-4abc-9def-0123456789ab/resourceGroups/rg-610/providers/Microsoft.Compute/virtualMachines/vm-4609",NULL,"Load Balancer","Networking","Azure Load Balancer","Microsoft","SWHM2RAI8K0W1VLO","Azure Load Balancer Hours",NULL,"Y4XYL3XQVQAOT6P2.XWVPZTKL","sub-4d3e","Sandbox","BillingProfile","{""environment"": ""dev""}",NULL,"westeurope-2","Usage-Based","INV-202409-99894","Application Networking",1.9089,392.31426465,3.1294
"AllocatedMethodId-1766","AllocatedResourceId-9835","AllocatedResourceName-8395","{}",571.949598,"123456789012","SunBird","BillingAccount","USD","2024-10-01T00:00:00Z","2024-09-01T00:00:00Z",NULL,NULL,"Usage",NULL,"Amazon Relational Database Service Database Instance in Europe (Ireland)","2024-09-22T03:00:00Z","2024-09-22T02:00:00Z",NULL,NULL,NULL,NULL,NULL,NULL,NULL,349.1500000000,"Hours",NULL,649.9427249999999,1.8615,571.949598,"AWS","AWS",1065.501055,3.0517,"Other","USD",349.15,"Hours","AWS","AWS","eu-west-1","Europe (Ireland)","arn:aws:ec2:eu-west-1:123456789012:instance/i-008ef028cd76",NULL,"Database Instance","Databases","Amazon Relational Database Service","AWS","YK2DRP68VJ72EW7O","Amazon Relational Database Service Hours",NULL,"RROBI3P9UTRLRDJQ.8AT167Y9","438839167390","Zenith Eclipse","BillingAccount",NULL,NULL,NULL,"Usage-Based","INV-202409-93397","Relational Databases",1.8615,571.949598,3.0517
"AllocatedMethodId-8468","AllocatedResourceId-2679","AllocatedResourceName-7429","{}",48.22039596,"ocid1.tenancy.oc1..aaaa1234","Meridian OCI","Tenancy","USD","2024-10-01T00:00:00Z","2024-09-01T00:00:00Z",NULL,NULL,"Usage",NULL,"Oracle Object Storage Bucket in UK South (London)","2024-09-21T20:00:00Z","2024-09-21T19:00:00Z",NULL,NULL,NULL,NULL,NULL,NULL,NULL,51.8100000000,"GB",NULL,70.91234700000001,1.3687,48.22039596,"Oracle","Oracle",90.916188,1.7548,"Dynamic","USD",51.81,"GB","Oracle","Oracle","uk-london-1","UK South (London)","ocid1.instance.oc1.uk-london-1.00777ea42314",NULL,"Bucket","Storage","Oracle Object Storage","Oracle","4FP75MESBNEHZ10H","Oracle Object Storage GB",NULL,"1KTZ8714ZLE6ILT3.LIQ5Z912","ocid1.compartment.oc1..prod","production","Tenancy","{""team"": ""infra"", ""application"": ""BrightSourceCore""}",NULL,"uk-london-1-AD-2","Usage-Based","INV-202409-15559","Object Storage",1.3687,48.22039596,1.7548
"AllocatedMethodId-4218","AllocatedResourceId-4164","AllocatedResourceName-7557","{}",402.188605,"ocid1.tenancy.oc1..aaaa1234","Meridian OCI","Tenancy","USD","2024-10-01T00:00:00Z","2024-09-01T00:00:00Z",NULL,NULL,"Purchase",NULL,"Oracle Compute Instance in Australia East (Sydney)","2024-09-23T04:00:00Z","2024-09-23T03:00:00Z",NULL,NULL,NULL,NULL,NULL,NULL,NULL,NULL,NULL,NULL,402.188605,1.3193,0,"Oracle","Oracle",509.09950000000003,1.6700,"Dynamic","USD",304.85,"Hours","Oracle","Oracle","ap-sydney-1","Australia East (Sydney)","ocid1.instance.oc1.ap-sydney-1.00df4f17d0fc",NULL,"Instance","Compute","Oracle Compute","Oracle","MSEO2PQVRIS4GEWU","Oracle Compute Hours",NULL,"7LLE9HVF2FA2B134.1MHNGZTU","ocid1.compartment.oc1..dev","development","Tenancy","{""cost_center"": ""CC-3090""}",NULL,NULL,"One-Time","INV-202409-41953","Virtual Machines",1.3193,0,1.6700
"AllocatedMethodId-5920","AllocatedResourceId-6110","AllocatedResourceName-6069","{}",386.71123194,"01ABCD-2345EF-6789GH","Helios Labs","BillingAccount","USD","2024-10-01T00:00:00Z","2024-09-01T00:00:00Z",NULL,NULL,"Usage",NULL,"Cloud Storage Bucket in Singapore","2024-09-01T09:00:00Z","2024-09-01T08:00:00Z",NULL,NULL,NULL,NULL,NULL,NULL,NULL,121.5400000000,"GiB",NULL,390.617406,3.2139,386.71123194,"Google","Google",558.026602,4.5913,"Standard","USD",121.54,"GiB","Google","Google","asia-southeast1","Singapore","//compute.googleapis.com/projects/helios-labs/zones/asia-southeast1-a/instances/inst-2970",NULL,"Bucket","Storage","Cloud Storage","Google","Z2UESW24COG4AX18","Cloud Storage GiB",NULL,"IX9MLCERNVTXYMZ4.66O161P0","proj-helios-dev","helios-dev","BillingAccount",NULL,NULL,"europe-west1-b","Usage-Based","INV-202409-92930","Object Storage",3.2139,386.71123194,4.5913
"AllocatedMethodId-6353","AllocatedResourceId-5425","AllocatedResourceName-7881","{}",669.0589356,"123456789012","SunBird","BillingAccount","USD","2024-10-01T00:00:00Z","2024-09-01T00:00:00Z",NULL,NULL,"Usage",NULL,"Amazon Elastic Compute Cloud Virtual Machine in Asia Pacific (Sydney)","2024-09-06T16:00:00Z","2024-09-06T15:00:00Z","Usage","cd-247433","commit-7433",NULL,"Used","Reserved Instance",NULL,282.2700000000,"Hours",NULL,760.2942449999999,2.6935,669.0589356,"AWS","AWS",894.457176,3.1688,"Standard","USD",282.27,"Hours","AWS","AWS","ap-southeast-2","Asia Pacific (Sydney)","arn:aws:ec2:ap-southeast-2:123456789012:instance/i-004e3d756805",NULL,"Virtual Machine","Compute","Amazon Elastic Compute Cloud","AWS","VD148KDN64IHGIBN","Amazon Elastic Compute Cloud Hours",NULL,"6J6MCGXAXWT51F19.DY6CPCTB","517389287820","Atlas Nimbus","BillingAccount","{""cost_center"": ""CC-1001""}",NULL,"eu-west-1c","Usage-Based","INV-202409-10803","Virtual Machines",2.6935,669.0589356,3.1688
"AllocatedMethodId-5370","AllocatedResourceId-9075","AllocatedResourceName-4400","{}",0.539283,"123456789012","SunBird","BillingAccount","USD","2024-10-01T00:00:00Z","2024-09-01T00:00:00Z",NULL,NULL,"Usage",NULL,"Amazon Elastic Compute Cloud Virtual Machine in US West (Oregon)","2024-09-12T17:00:00Z","2024-09-12T16:00:00Z",NULL,NULL,NULL,NULL,NULL,NULL,NULL,0.5000000000,"Hours",NULL,0.8049,1.6098,0.539283,"AWS","AWS",0.89435,1.7887,"Dynamic","USD",0.50,"Hours","AWS","AWS","us-west-2","US West (Oregon)","arn:aws:ec2:us-west-2:123456789012:instance/i-005ba0896d52",NULL,"Virtual Machine","Compute","Amazon Elastic Compute Cloud","AWS","VIF4GYDEPYSE50UI","Amazon Elastic Compute Cloud Hours",NULL,"BXT8NZBBE07AGFVN.0BYSNTXM","517389287820","Atlas Nimbus","BillingAccount",NULL,NULL,NULL,"Usage-Based","INV-202409-95881","Virtual Machines",1.6098,0.539283,1.7887
"AllocatedMethodId-4098","AllocatedResourceId-5266","AllocatedResourceName-3365","{}",73.48036212,"8a93b2c1-1234-4abc-9def-0123456789ab","Contoso Cloud","BillingProfile","USD","2024-10-01T00:00:00Z","2024-09-01T00:00:00Z",NULL,NULL,"Usage",NULL,"Virtual Machines Virtual Machine in East US","2024-09-18T16:00:00Z","2024-09-18T15:00:00Z","Spend","cd-331146","commit-1146",NULL,"Unused","Savings Plan",NULL,NULL,NULL,NULL,74.222588,0.7556,73.48036212,"Microsoft","Microsoft",98.95690200000001,1.0074,"Standard","USD",98.23,"Hours","Microsoft","Microsoft","eastus","East US","/subscriptions/8a93b2c1-1234-4abc-9def-0123456789ab/resourceGroups/rg-602/providers/Microsoft.Compute/virtualMachines/vm-4356",NULL,"Virtual Machine","Compute","Virtual Machines","Microsoft","Q0R9VUWGZNKSCV2S","Virtual Machines Hours",NULL,"GFNXMGAP6EZZ52BX.JE6V6Y7C","sub-4d3e","Sandbox","BillingProfile","{""owner"": ""a.lovelace"", ""cost_center"": ""CC-2042""}",NULL,NULL,"Usage-Based","INV-202409-44230","Virtual Machines",0.7556,73.48036212,1.0074
"AllocatedMethodId-2696","AllocatedResourceId-1137","AllocatedResourceName-5659","{}",806.3188269999999,"123456789012","SunBird","BillingAccount","USD","2024-10-01T00:00:00Z","2024-09-01T00:00:00Z",NULL,NULL,"Purchase",NULL,"Amazon Elastic Compute Cloud Virtual Machine in US West (Oregon)","2024-09-24T01:00:00Z","2024-09-24T00:00:00Z","Usage","cd-301041","commit-1041",NULL,"Used","Reserved Instance",NULL,NULL,NULL,NULL,806.3188269999999,2.0393,0,"AWS","AWS",1203.448543,3.0437,"Committed","USD",395.39,"Hours","AWS","AWS","us-west-2","US West (Oregon)","arn:aws:ec2:us-west-2:123456789012:instance/i-00e1d5b8309a",NULL,"Virtual Machine","Compute","Amazon Elastic Compute Cloud","AWS","90T7WND3Q739EMQB","Amazon Elastic Compute Cloud Hours",NULL,"WHRAUDE9GPYE5CAC.R6WTGIMQ","438839167390","Zenith Eclipse","BillingAccount","{""application"": ""BrightSourceCore""}",NULL,NULL,"One-Time","INV-202409-76366","Virtual Machines",2.0393,0,3.0437
"AllocatedMethodId-4125","AllocatedResourceId-3116","AllocatedResourceName-2985","{}",200.9715776,"01ABCD-2345EF-6789GH","Helios Labs","BillingAccount","USD","2024-10-01T00:00:00Z","2024-09-01T00:00:00Z",NULL,NULL,"Tax",NULL,"Tax charge in Singapore","2024-09-11T15:00:00Z","2024-09-11T14:00:00Z",NULL,NULL,NULL,NULL,NULL,NULL,NULL,NULL,NULL,NULL,200.9715776,NULL,200.9715776,"Google","Google",200.9715776,NULL,NULL,"USD",NULL,NULL,"Google","Google",NULL,NULL,NULL,NULL,NULL,"Other","Tax","Google",NULL,NULL,NULL,NULL,"proj-helios-dev","helios-dev","BillingAccount","{""owner"": ""a.lovelace"", ""cost_center"": ""CC-1001"", ""team"": ""platform""}",NULL,NULL,"One-Time","INV-202409-90236","Other (Security)",NULL,200.9715776,NULL
"AllocatedMethodId-3870","AllocatedResourceId-9278","AllocatedResourceName-1370","{}",274.23757152,"01ABCD-2345EF-6789GH","Helios Labs","BillingAccount","USD","2024-10-01T00:00:00Z","2024-09-01T00:00:00Z",NULL,NULL,"Usage",NULL,"Cloud Storage Bucket in Singapore","2024-09-22T05:00:00Z","2024-09-22T04:00:00Z",NULL,NULL,NULL,NULL,NULL,NULL,NULL,442.4100000000,"GiB",NULL,415.511472,0.9392,274.23757152,"Google","Google",681.134436,1.5396,"Standard","USD",442.41,"GiB","Google","Google","asia-southeast1","Singapore","//compute.googleapis.com/projects/helios-labs/zones/asia-southeast1-a/instances/inst-6006",NULL,"Bucket","Storage","Cloud Storage","Google","I0EIHY0T7FDAEEKN","Cloud Storage GiB",NULL,"OBH03YVXY3PLO9MY.6TGSPTSZ","proj-helios-prod","helios-prod","BillingAccount",NULL,NULL,"europe-west1-b","Usage-Based","INV-202409-32264","Object Storage",0.9392,274.23757152,1.5396
"AllocatedMethodId-3811","AllocatedResourceId-9761","AllocatedResourceName-1978","{}",669.037975,"ocid1.tenancy.oc1..aaaa1234","Meridian OCI","Tenancy","USD","2024-10-01T00:00:00Z","2024-09-01T00:00:00Z",NULL,NULL,"Usage",NULL,"Oracle Autonomous Database Database in Australia East (Sydney)","2024-09-14T10:00:00Z","2024-09-14T09:00:00Z","Usage","cd-900375","commit-0375",NULL,"Used","Reserved Instance",NULL,285.7000000000,"Hours",NULL,787.1034999999999,2.7550,669.037975,"Oracle","Oracle",915.23995,3.2035,"Other","USD",285.70,"Hours","Oracle","Oracle","ap-sydney-1","Australia East (Sydney)","ocid1.instance.oc1.ap-sydney-1.0044c65fe5af",NULL,"Database","Databases","Oracle Autonomous Database","Oracle","FB65L3SHDXFW36FX","Oracle Autonomous Database Hours",NULL,"VVF9TWXK1QPUIIG4.MI9TJQ74","ocid1.compartment.oc1..prod","production","Tenancy","{""team"": ""payments""}",NULL,"uk-london-1-AD-2","Usage-Based","INV-202409-94293","Relational Databases",2.7550,669.037975,3.2035
"AllocatedMethodId-1385","AllocatedResourceId-3078","AllocatedResourceName-8002","{}",550.492927,"8a93b2c1-1234-4abc-9def-0123456789ab","Contoso Cloud","BillingProfile","USD","2024-10-01T00:00:00Z","2024-09-01T00:00:00Z",NULL,NULL,"Purchase",NULL,"Virtual Machines Virtual Machine in West Europe","2024-09-04T06:00:00Z","2024-09-04T05:00:00Z",NULL,NULL,NULL,NULL,NULL,NULL,NULL,NULL,NULL,NULL,550.492927,2.8673,0,"Microsoft","Microsoft",743.903653,3.8747,"Standard","USD",191.99,"Hours","Microsoft","Microsoft","westeurope","West Europe","/subscriptions/8a93b2c1-1234-4abc-9def-0123456789ab/resourceGroups/rg-717/providers/Microsoft.Compute/virtualMachines/vm-2424",NULL,"Virtual Machine","Compute","Virtual Machines","Microsoft","7HPGSXYIXODNDIRE","Virtual Machines Hours",NULL,"OBAHHNES1TTLFSP3.46BXVII4","sub-4d3e","Sandbox","BillingProfile",NULL,NULL,NULL,"Recurring","INV-202409-72161","Virtual Machines",2.8673,0,3.8747
"AllocatedMethodId-2830","AllocatedResourceId-7656","AllocatedResourceName-2218","{}",408.44425932,"123456789012","SunBird","BillingAccount","USD","2024-10-01T00:00:00Z","2024-09-01T00:00:00Z",NULL,NULL,"Usage",NULL,"AWS Lambda Function in Europe (Ireland)","2024-09-20T22:00:00Z","2024-09-20T21:00:00Z",NULL,NULL,NULL,NULL,NULL,NULL,NULL,236.5200000000,"Requests",NULL,421.07655600000004,1.7803,408.44425932,"AWS","AWS",690.307272,2.9186,"Other","USD",236.52,"Requests","AWS","AWS","eu-west-1","Europe (Ireland)","arn:aws:ec2:eu-west-1:123456789012:instance/i-0086f95be698",NULL,"Function","Compute","AWS Lambda","AWS","SY2K2ZMN06BC2HGS","AWS Lambda Requests",NULL,"5UDWLICGEJ4ASJIX.OPIN9FTO","663626350770","Zenith Apollo","BillingAccount","{""cost_center"": ""CC-1001"", ""team"": ""platform"", ""business_unit"": ""MarseilleSRE""}",NULL,"ap-southeast-2a","Usage-Based","INV-202409-37812","Serverless Compute",1.7803,408.44425932,2.9186
"AllocatedMethodId-6026","AllocatedResourceId-5572","AllocatedResourceName-1804","{}",54.874235000000006,"ocid1.tenancy.oc1..aaaa1234","Meridian OCI","Tenancy","USD","2024-10-01T00:00:00Z","2024-09-01T00:00:00Z",NULL,NULL,"Purchase",NULL,"Oracle Functions Function in Australia East (Sydney)","2024-09-14T03:00:00Z","2024-09-14T02:00:00Z",NULL,NULL,NULL,NULL,NULL,NULL,NULL,NULL,NULL,NULL,54.874235000000006,0.1885,0,"Oracle","Oracle",57.756224,0.1984,"Dynamic","USD",291.11,"Invocations","Oracle","Oracle","ap-sydney-1","Australia East (Sydney)","ocid1.instance.oc1.ap-sydney-1.0037bc9981f3",NULL,"Function","Compute","Oracle Functions","Oracle","PDM5HUX7ZALZTINZ","Oracle Functions Invocations",NULL,"LTV68SYN2ER395WB.7BW3EE57","ocid1.compartment.oc1..dev","development","Tenancy","{""application"": ""BrightLensMatrix"", ""owner"": ""k.johnson""}",NULL,NULL,"Recurring","INV-202409-43838","Serverless Compute",0.1885,0,0.1984
"AllocatedMethodId-1999","AllocatedResourceId-8801","AllocatedResourceName-8241","{}",91.61428044,"123456789012","SunBird","BillingAccount","USD","2024-10-01T00:00:00Z","2024-09-01T00:00:00Z",NULL,NULL,"Usage",NULL,"Amazon Simple Storage Service Bucket in Asia Pacific (Sydney)","2024-09-22T18:00:00Z","2024-09-22T17:00:00Z",NULL,NULL,NULL,NULL,NULL,NULL,NULL,153.4300000000,"GB",NULL,134.72688300000002,0.8781,91.61428044,"AWS","AWS",177.273022,1.1554,"Standard","USD",153.43,"GB","AWS","AWS","ap-southeast-2","Asia Pacific (Sydney)","arn:aws:ec2:ap-southeast-2:123456789012:instance/i-009dd2565f20",NULL,"Bucket","Storage","Amazon Simple Storage Service","AWS","E0E7K52OS23S027S","Amazon Simple Storage Service GB",NULL,"XI3PPG77GU05USHN.VRWV23B3","438839167390","Zenith Eclipse","BillingAccount","{""business_unit"": ""LisbonOps"", ""cost_center"": ""CC-3090""}",NULL,"us-east-1a","Usage-Based","INV-202409-88791","Object Storage",0.8781,91.61428044,1.1554
"AllocatedMethodId-2010","AllocatedResourceId-2750","AllocatedResourceName-5564","{}",50.79067584,"123456789012","SunBird","BillingAccount","USD","2024-10-01T00:00:00Z","2024-09-01T00:00:00Z",NULL,NULL,"Usage",NULL,"Amazon Relational Database Service Database Instance in Europe (Ireland)","2024-09-10T00:00:00Z","2024-09-09T23:00:00Z",NULL,NULL,NULL,NULL,NULL,NULL,NULL,242.4700000000,"Hours",NULL,79.36043099999999,0.3273,50.79067584,"AWS","AWS",125.96316499999999,0.5195,"Standard","USD",242.47,"Hours","AWS","AWS","eu-west-1","Europe (Ireland)","arn:aws:ec2:eu-west-1:123456789012:instance/i-00248a990144",NULL,"Database Instance","Databases","Amazon Relational Database Service","AWS","XXVKUG54S8W1UJZT","Amazon Relational Database Service Hours",NULL,"JRN2TJ6IJBLIDREA.0SZC3KYV","438839167390","Zenith Eclipse","BillingAccount","{""environment"": ""staging"", ""application"": ""NimbusAPI"", ""owner"": ""a.turing""}",NULL,NULL,"Usage-Based","INV-202409-30497","Relational Databases",0.3273,50.79067584,0.5195
"AllocatedMethodId-6526","AllocatedResourceId-9569","AllocatedResourceName-8051","{}",28.58461254,"ocid1.tenancy.oc1..aaaa1234","Meridian OCI","Tenancy","USD","2024-10-01T00:00:00Z","2024-09-01T00:00:00Z",NULL,NULL,"Usage",NULL,"Oracle Functions Function in US East (Ashburn)","2024-09-20T07:00:00Z","2024-09-20T06:00:00Z",NULL,NULL,NULL,NULL,NULL,NULL,NULL,16.7800000000,"Invocations",NULL,28.873346,1.7207,28.58461254,"Oracle","Oracle",48.12336200000001,2.8679,"Standard","USD",16.78,"Invocations","Oracle","Oracle","us-ashburn-1","US East (Ashburn)","ocid1.instance.oc1.us-ashburn-1.007c532235fd",NULL,"Function","Compute","Oracle Functions","Oracle","YHV87QRWINZQQEGB","Oracle Functions Invocations",NULL,"CKC8Y5ZCTD0JPLGX.H3UHY4L0","ocid1.compartment.oc1..dev","development","Tenancy","{""cost_center"": ""CC-1001"", ""environment"": ""staging"", ""owner"": ""a.lovelace""}",NULL,"uk-london-1-AD-2","Usage-Based","INV-202409-13599","Serverless Compute",1.7207,28.58461254,2.8679
"AllocatedMethodId-9589","AllocatedResourceId-1491","AllocatedResourceName-7513","{}",154.66536624,"01ABCD-2345EF-6789GH","Helios Labs","BillingAccount","USD","2024-10-01T00:00:00Z","2024-09-01T00:00:00Z",NULL,NULL,"Usage",NULL,"Cloud Storage Bucket in Iowa","2024-09-30T00:00:00Z","2024-09-29T23:00:00Z","Spend","cd-818081","commit-8081",NULL,"Unused","Savings Plan",NULL,NULL,NULL,NULL,217.83854399999998,2.4269,154.66536624,"Google","Google",222.281664,2.4764,"Standard","USD",89.76,"GiB","Google","Google","us-central1","Iowa","//compute.googleapis.com/projects/helios-labs/zones/us-central1-a/instances/inst-4001",NULL,"Bucket","Storage","Cloud Storage","Google","V6MZ5SK8ZCF5Z472","Cloud Storage GiB",NULL,"N67DHGENCWLJN7OX.KJN35VCR","proj-helios-dev","helios-dev","BillingAccount",NULL,NULL,"europe-west1-b","Usage-Based","INV-202409-47555","Object Storage",2.4269,154.66536624,2.4764
"AllocatedMethodId-3758","AllocatedResourceId-4893","AllocatedResourceName-8390","{}",320.294128,"8a93b2c1-1234-4abc-9def-0123456789ab","Contoso Cloud","BillingProfile","USD","2024-10-01T00:00:00Z","2024-09-01T00:00:00Z",NULL,NULL,"Usage",NULL,"Azure Load Balancer Load Balancer in West Europe","2024-09-12T22:00:00Z","2024-09-12T21:00:00Z",NULL,NULL,NULL,NULL,NULL,NULL,NULL,274.4500000000,"Hours",NULL,500.459575,1.8235,320.294128,"Microsoft","Microsoft",562.320605,2.0489,"Dynamic","USD",274.45,"Hours","Microsoft","Microsoft","westeurope","West Europe","/subscriptions/8a93b2c1-1234-4abc-9def-0123456789ab/resourceGroups/rg-324/providers/Microsoft.Compute/virtualMachines/vm-1909",NULL,"Load Balancer","Networking","Azure Load Balancer","Microsoft","UTI3PM4DIHTYEYCT","Azure Load Balancer Hours",NULL,"4YEDJ1XQSFCQM53C.K03CVANU","sub-2b7c","Staging","BillingProfile",NULL,NULL,"uksouth-1","Usage-Based","INV-202409-64205","Application Networking",1.8235,320.294128,2.0489
"AllocatedMethodId-8143","AllocatedResourceId-8092","AllocatedResourceName-1230","{}",6.12003236,"8a93b2c1-1234-4abc-9def-0123456789ab","Contoso Cloud","BillingProfile","USD","2024-10-01T00:00:00Z","2024-09-01T00:00:00Z",NULL,NULL,"Adjustment",NULL,"Azure SQL Database SQL Database in UK South","2024-09-12T11:00:00Z","2024-09-12T10:00:00Z","Spend","cd-713572","commit-3572",NULL,"Unused","Savings Plan",NULL,NULL,NULL,NULL,8.270313999999999,1.7194,6.12003236,"Microsoft","Microsoft",12.922065,2.6865,"Dynamic","USD",4.81,"Hours","Microsoft","Microsoft","uksouth","UK South",NULL,NULL,NULL,"Databases","Azure SQL Database","Microsoft","EHE56VHLWK3LEZSI","Azure SQL Database Hours",NULL,"JIJWP8QE92V4YF5Z.X5KKQX77","sub-4d3e","Sandbox","BillingProfile","{""environment"": ""qa"", ""owner"": ""a.turing"", ""cost_center"": ""CC-3090""}",NULL,NULL,"One-Time","INV-202409-40874","Relational Databases",1.7194,6.12003236,2.6865
"AllocatedMethodId-6369","AllocatedResourceId-5260","AllocatedResourceName-3585","{}",376.216204,"ocid1.tenancy.oc1..aaaa1234","Meridian OCI","Tenancy","USD","2024-10-01T00:00:00Z","2024-09-01T00:00:00Z",NULL,NULL,"Purchase",NULL,"Oracle Load Balancer Load Balancer in Australia East (Sydney)","2024-09-11T01:00:00Z","2024-09-11T00:00:00Z","Spend","cd-511424","commit-1424",NULL,"Used","Savings Plan",NULL,NULL,NULL,NULL,376.216204,3.7427,0,"Oracle","Oracle",408.93546399999997,4.0682,"Committed","USD",100.52,"Hours","Oracle","Oracle","ap-sydney-1","Australia East (Sydney)","ocid1.instance.oc1.ap-sydney-1.00adc3af51d2",NULL,"Load Balancer","Networking","Oracle Load Balancer","Oracle","X0VPDBDLJ5XAM0BR","Oracle Load Balancer Hours",NULL,"4AJ9CPO2FQJHN4S2.L5OLJ06R","ocid1.compartment.oc1..prod","production","Tenancy","{""cost_center"": ""CC-2042"", ""team"": ""platform""}",NULL,NULL,"One-Time","INV-202409-84786","Application Networking",3.7427,0,4.0682
"AllocatedMethodId-4073","AllocatedResourceId-4045","AllocatedResourceName-8251","{}",893.1115712,"ocid1.tenancy.oc1..aaaa1234","Meridian OCI","Tenancy","USD","2024-10-01T00:00:00Z","2024-09-01T00:00:00Z",NULL,NULL,"Usage",NULL,"Oracle Functions Function in Australia East (Sydney)","2024-09-27T02:00:00Z","2024-09-27T01:00:00Z",NULL,NULL,NULL,NULL,NULL,NULL,NULL,469.9400000000,"Invocations",NULL,1116.3894639999999,2.3756,893.1115712,"Oracle","Oracle",1717.5367119999999,3.6548,"Standard","USD",469.94,"Invocations","Oracle","Oracle","ap-sydney-1","Australia East (Sydney)","ocid1.instance.oc1.ap-sydney-1.0097f2a6cf4b",NULL,"Function","Compute","Oracle Functions","Oracle","B6B89DQBNOZL2JRT","Oracle Functions Invocations",NULL,"VIL4XQIY5OI4LLJG.UWPJUDGZ","ocid1.compartment.oc1..prod","production","Tenancy","{""team"": ""growth"", ""environment"": ""prod"", ""application"": ""NimbusAPI""}",NULL,NULL,"Usage-Based","INV-202409-91067","Serverless Compute",2.3756,893.1115712,3.6548
"AllocatedMethodId-3259","AllocatedResourceId-4232","AllocatedResourceName-7197","{}",1314.41644488,"01ABCD-2345EF-6789GH","Helios Labs","BillingAccount","USD","2024-10-01T00:00:00Z","2024-09-01T00:00:00Z",NULL,NULL,"Usage",NULL,"Cloud SQL Database Instance in Iowa","2024-09-29T10:00:00Z","2024-09-29T09:00:00Z",NULL,NULL,NULL,NULL,NULL,NULL,NULL,494.3400000000,"Hours",NULL,1602.946884,3.2426,1314.41644488,"Google","Google",1931.2875119999999,3.9068,"Other","USD",494.34,"Hours","Google","Google","us-central1","Iowa","//compute.googleapis.com/projects/helios-labs/zones/us-central1-a/instances/inst-8219",NULL,"Database Instance","Databases","Cloud SQL","Google","JZZT4EF6FNIA3JMH","Cloud SQL Hours",NULL,"F8QZVXD0N16VEY30.XWEY02ZD","proj-helios-prod","helios-prod","BillingAccount","{""business_unit"": ""MarseilleSRE"", ""application"": ""NimbusAPI"", ""environment"": ""qa""}",NULL,NULL,"Usage-Based","INV-202409-34088","Relational Databases",3.2426,1314.41644488,3.9068
"AllocatedMethodId-5889","AllocatedResourceId-6145","AllocatedResourceName-4395","{}",262.8262989,"01ABCD-2345EF-6789GH","Helios Labs","BillingAccount","USD","2024-10-01T00:00:00Z","2024-09-01T00:00:00Z",NULL,NULL,"Usage",NULL,"Cloud SQL Database Instance in Singapore","2024-09-13T09:00:00Z","2024-09-13T08:00:00Z",NULL,NULL,NULL,NULL,NULL,NULL,NULL,368.9800000000,"Hours",NULL,265.48111,0.7195,262.8262989,"Google","Google",363.666688,0.9856,"Standard","USD",368.98,"Hours","Google","Google","asia-southeast1","Singapore","//compute.googleapis.com/projects/helios-labs/zones/asia-southeast1-a/instances/inst-4184",NULL,"Database Instance","Databases","Cloud SQL","Google","534RRJLJGLTIG4M6","Cloud SQL Hours",NULL,"FBOQ2NG3UGCLX8P9.UA6NPK4G","proj-helios-prod","helios-prod","BillingAccount",NULL,NULL,"europe-west1-b","Usage-Based","INV-202409-13197","Relational Databases",0.7195,262.8262989,0.9856
"AllocatedMethodId-7852","AllocatedResourceId-6549","AllocatedResourceName-2635","{}",1335.97567974,"01ABCD-2345EF-6789GH","Helios Labs","BillingAccount","USD","2024-10-01T00:00:00Z","2024-09-01T00:00:00Z",NULL,NULL,"Usage",NULL,"Compute Engine VM Instance in Belgium","2024-09-28T18:00:00Z","2024-09-28T17:00:00Z","Spend","cd-806434","commit-6434",NULL,"Used","Savings Plan",NULL,354.4900000000,"Hours",NULL,1712.789333,4.8317,1335.97567974,"Google","Google",1765.750139,4.9811,"Other","USD",354.49,"Hours","Google","Google","europe-west1","Belgium","//compute.googleapis.com/projects/helios-labs/zones/europe-west1-a/instances/inst-304",NULL,"VM Instance","Compute","Compute Engine","Google","QNP6KUTG508JJCZ8","Compute Engine Hours",NULL,"IQV9CL6TW3H90G6F.1LXSMGTU","proj-helios-dev","helios-dev","BillingAccount","{""business_unit"": ""OsloData""}",NULL,"us-central1-a","Usage-Based","INV-202409-42611","Virtual Machines",4.8317,1335.97567974,4.9811
"AllocatedMethodId-3356","AllocatedResourceId-6957","AllocatedResourceName-6644","{}",154.8588942,"8a93b2c1-1234-4abc-9def-0123456789ab","Contoso Cloud","BillingProfile","USD","2024-10-01T00:00:00Z","2024-09-01T00:00:00Z",NULL,NULL,"Usage",NULL,"Azure Blob Storage Storage Account in UK South","2024-09-10T13:00:00Z","2024-09-10T12:00:00Z",NULL,NULL,NULL,NULL,NULL,NULL,NULL,424.3500000000,"GB",NULL,166.51494000000002,0.3924,154.8588942,"Microsoft","Microsoft",173.47428000000002,0.4088,"Standard","USD",424.35,"GB","Microsoft","Microsoft","uksouth","UK South","/subscriptions/8a93b2c1-1234-4abc-9def-0123456789ab/resourceGroups/rg-50/providers/Microsoft.Compute/virtualMachines/vm-5164",NULL,"Storage Account","Storage","Azure Blob Storage","Microsoft","Q4A0XPELG37TAY2I","Azure Blob Storage GB",NULL,"12JDRF91KMEGY292.U9YQ5QAH","sub-9a1f","Production","BillingProfile","{""owner"": ""a.turing"", ""application"": ""BrightSourceCore""}",NULL,"eastus-1","Usage-Based","INV-202409-89630","Object Storage",0.3924,154.8588942,0.4088
"AllocatedMethodId-5050","AllocatedResourceId-9392","AllocatedResourceName-6930","{}",274.07213964,"8a93b2c1-1234-4abc-9def-0123456789ab","Contoso Cloud","BillingProfile","USD","2024-10-01T00:00:00Z","2024-09-01T00:00:00Z",NULL,NULL,"Usage",NULL,"Virtual Machines Virtual Machine in UK South","2024-09-14T23:00:00Z","2024-09-14T22:00:00Z",NULL,NULL,NULL,NULL,NULL,NULL,NULL,217.2300000000,"Hours",NULL,291.566106,1.3422,274.07213964,"Microsoft","Microsoft",320.39252700000003,1.4749,"Standard","USD",217.23,"Hours","Microsoft","Microsoft","uksouth","UK South","/subscriptions/8a93b2c1-1234-4abc-9def-0123456789ab/resourceGroups/rg-345/providers/Microsoft.Compute/virtualMachines/vm-548",NULL,"Virtual Machine","Compute","Virtual Machines","Microsoft","SW20DSFQIWDWZM0D","Virtual Machines Hours",NULL,"N6VUK67LMHNJ156N.TMW8XG33","sub-2b7c","Staging","BillingProfile","{""cost_center"": ""CC-2042""}",NULL,"westeurope-2","Usage-Based","INV-202409-63646","Virtual Machines",1.3422,274.07213964,1.4749
"AllocatedMethodId-8163","AllocatedResourceId-7077","AllocatedResourceName-4476","{}",274.2281476,"ocid1.tenancy.oc1..aaaa1234","Meridian OCI","Tenancy","USD","2024-10-01T00:00:00Z","2024-09-01T00:00:00Z",NULL,NULL,"Tax",NULL,"Tax charge in US East (Ashburn)","2024-09-15T07:00:00Z","2024-09-15T06:00:00Z",NULL,NULL,NULL,NULL,NULL,NULL,NULL,NULL,NULL,NULL,274.2281476,NULL,274.2281476,"Oracle","Oracle",274.2281476,NULL,NULL,"USD",NULL,NULL,"Oracle","Oracle",NULL,NULL,NULL,NULL,NULL,"Other","Tax","Oracle",NULL,NULL,NULL,NULL,"ocid1.compartment.oc1..prod","production","Tenancy","{""application"": ""NimbusAPI""}",NULL,NULL,"One-Time","INV-202409-25187","Other (Security)",NULL,274.2281476,NULL
"AllocatedMethodId-4792","AllocatedResourceId-1819","AllocatedResourceName-8418","{}",561.036618,"01ABCD-2345EF-6789GH","Helios Labs","BillingAccount","USD","2024-10-01T00:00:00Z","2024-09-01T00:00:00Z",NULL,NULL,"Usage",NULL,"Cloud Functions Function in Singapore","2024-09-09T08:00:00Z","2024-09-09T07:00:00Z",NULL,NULL,NULL,NULL,NULL,NULL,NULL,403.4000000000,"Invocations",NULL,660.04308,1.6362,561.036618,"Google","Google",857.2249999999999,2.1250,"Standard","USD",403.40,"Invocations","Google","Google","asia-southeast1","Singapore","//compute.googleapis.com/projects/helios-labs/zones/asia-southeast1-a/instances/inst-6445",NULL,"Function","Compute","Cloud Functions","Google","URH2NTOFTHQKEWQT","Cloud Functions Invocations",NULL,"CZ3YJTJ9X5QCTBXK.53BMXQ31","proj-helios-dev","helios-dev","BillingAccount","{""business_unit"": ""MarseilleSRE"", ""cost_center"": ""CC-1001"", ""team"": ""infra""}",NULL,NULL,"Usage-Based","INV-202409-59854","Serverless Compute",1.6362,561.036618,2.1250
"AllocatedMethodId-4076","AllocatedResourceId-1457","AllocatedResourceName-5136","{}",387.77714976,"ocid1.tenancy.oc1..aaaa1234","Meridian OCI","Tenancy","USD","2024-10-01T00:00:00Z","2024-09-01T00:00:00Z",NULL,NULL,"Usage",NULL,"Oracle Load Balancer Load Balancer in Australia East (Sydney)","2024-09-14T17:00:00Z","2024-09-14T16:00:00Z",NULL,NULL,NULL,NULL,NULL,NULL,NULL,291.3900000000,"Hours",NULL,426.12873599999995,1.4624,387.77714976,"Oracle","Oracle",575.844918,1.9762,"Standard","USD",291.39,"Hours","Oracle","Oracle","ap-sydney-1","Australia East (Sydney)","ocid1.instance.oc1.ap-sydney-1.00934e61b577",NULL,"Load Balancer","Networking","Oracle Load Balancer","Oracle","KOR0GXCRHE5D6JJI","Oracle Load Balancer Hours",NULL,"DJUFNBALWCEFT2Q2.LDWXUIP4","ocid1.compartment.oc1..dev","development","Tenancy",NULL,NULL,NULL,"Usage-Based","INV-202409-76062","Application Networking",1.4624,387.77714976,1.9762
"AllocatedMethodId-4085","AllocatedResourceId-3702","AllocatedResourceName-4600","{}",361.77038496,"ocid1.tenancy.oc1..aaaa1234","Meridian OCI","Tenancy","USD","2024-10-01T00:00:00Z","2024-09-01T00:00:00Z",NULL,NULL,"Usage",NULL,"Oracle Autonomous Database Database in UK South (London)","2024-09-14T09:00:00Z","2024-09-14T08:00:00Z",NULL,NULL,NULL,NULL,NULL,NULL,NULL,141.7800000000,"Hours",NULL,532.015272,3.7524,361.77038496,"Oracle","Oracle",584.62983,4.1235,"Standard","USD",141.78,"Hours","Oracle","Oracle","uk-london-1","UK South (London)","ocid1.instance.oc1.uk-london-1.00cd7d806d5e",NULL,"Database","Databases","Oracle Autonomous Database","Oracle","S9MD9ISFNCH1DZQQ","Oracle Autonomous Database Hours",NULL,"CMXPSH54MNSOC3H9.JG8KFYB1","ocid1.compartment.oc1..dev","development","Tenancy","{""cost_center"": ""CC-3090"", ""owner"": ""a.turing"", ""business_unit"": ""OsloData""}",NULL,"us-ashburn-1-AD-1","Usage-Based","INV-202409-97182","Relational Databases",3.7524,361.77038496,4.1235
"AllocatedMethodId-1164","AllocatedResourceId-1727","AllocatedResourceName-1386","{}",169.43312400000002,"123456789012","SunBird","BillingAccount","USD","2024-10-01T00:00:00Z","2024-09-01T00:00:00Z",NULL,NULL,"Purchase",NULL,"Elastic Load Balancing Load Balancer in Asia Pacific (Sydney)","2024-09-28T03:00:00Z","2024-09-28T02:00:00Z",NULL,NULL,NULL,NULL,NULL,NULL,NULL,NULL,NULL,NULL,169.43312400000002,3.9876,0,"AWS","AWS",171.145471,4.0279,"Other","USD",42.49,"LCU-Hours","AWS","AWS","ap-southeast-2","Asia Pacific (Sydney)","arn:aws:ec2:ap-southeast-2:123456789012:instance/i-00a2339379b6",NULL,"Load Balancer","Networking","Elastic Load Balancing","AWS","9PZ4AIW2UPW1TREE","Elastic Load Balancing LCU-Hours",NULL,"MWS2L7ZPZKTBKO6Q.JDOE4WEQ","438839167390","Zenith Eclipse","BillingAccount",NULL,NULL,NULL,"One-Time","INV-202409-52044","Application Networking",3.9876,0,4.0279
"AllocatedMethodId-8406","AllocatedResourceId-8475","AllocatedResourceName-6377","{}",135.9556198,"8a93b2c1-1234-4abc-9def-0123456789ab","Contoso Cloud","BillingProfile","USD","2024-10-01T00:00:00Z","2024-09-01T00:00:00Z",NULL,NULL,"Usage",NULL,"Azure Functions Function App in Southeast Asia","2024-09-06T22:00:00Z","2024-09-06T21:00:00Z","Spend","cd-972216","commit-2216",NULL,"Unused","Reserved Instance",NULL,NULL,NULL,NULL,158.08793,1.3090,135.9556198,"Microsoft","Microsoft",205.309,1.7000,"Committed","USD",120.77,"Executions","Microsoft","Microsoft","southeastasia","Southeast Asia","/subscriptions/8a93b2c1-1234-4abc-9def-0123456789ab/resourceGroups/rg-460/providers/Microsoft.Compute/virtualMachines/vm-381",NULL,"Function App","Compute","Azure Functions","Microsoft","S8DLTYZ7KP9X9WVL","Azure Functions Executions",NULL,"BEAHXTTT9T5JA2RD.XG93AMIK","sub-2b7c","Staging","BillingProfile","{""environment"": ""dev"", ""owner"": ""g.hopper""}",NULL,"westeurope-2","Usage-Based","INV-202409-23458","Serverless Compute",1.3090,135.9556198,1.7000
"AllocatedMethodId-3901","AllocatedResourceId-7021","AllocatedResourceName-7518","{}",18.92116864,"123456789012","SunBird","BillingAccount","USD","2024-10-01T00:00:00Z","2024-09-01T00:00:00Z",NULL,NULL,"Usage",NULL,"Amazon Simple Storage Service Bucket in Europe (Ireland)","2024-09-27T19:00:00Z","2024-09-27T18:00:00Z","Usage","cd-106539","commit-6539",NULL,"Used","Reserved Instance",NULL,120.5600000000,"GB",NULL,27.825248000000002,0.2308,18.92116864,"AWS","AWS",44.884488000000005,0.3723,"Committed","USD",120.56,"GB","AWS","AWS","eu-west-1","Europe (Ireland)","arn:aws:ec2:eu-west-1:123456789012:instance/i-00d83131ba21",NULL,"Bucket","Storage","Amazon Simple Storage Service","AWS","3LV2UWHJ1N3DD51N","Amazon Simple Storage Service GB",NULL,"NBLKWG3Y118LHK5S.0KGNNTXW","438839167390","Zenith Eclipse","BillingAccount","{""environment"": ""prod"", ""cost_center"": ""CC-1001""}",NULL,NULL,"Usage-Based","INV-202409-83625","Object Storage",0.2308,18.92116864,0.3723
"AllocatedMethodId-3714","AllocatedResourceId-7959","AllocatedResourceName-5298","{}",334.33874034,"01ABCD-2345EF-6789GH","Helios Labs","BillingAccount","USD","2024-10-01T00:00:00Z","2024-09-01T00:00:00Z",NULL,NULL,"Usage",NULL,"BigQuery Dataset in Belgium","2024-09-25T18:00:00Z","2024-09-25T17:00:00Z",NULL,NULL,NULL,NULL,NULL,NULL,NULL,163.0900000000,"GiB",NULL,375.661506,2.3034,334.33874034,"Google","Google",487.867426,2.9914,"Other","USD",163.09,"GiB","Google","Google","europe-west1","Belgium","//compute.googleapis.com/projects/helios-labs/zones/europe-west1-a/instances/inst-3541",NULL,"Dataset","Analytics","BigQuery","Google","9LW0S6W81T510WU5","BigQuery GiB",NULL,"5AUH90XDZ30RVEGX.AUIV063A","proj-helios-prod","helios-prod","BillingAccount","{""team"": ""payments"", ""business_unit"": ""LisbonOps""}",NULL,"us-central1-a","Usage-Based","INV-202409-50685","Data Warehouses",2.3034,334.33874034,2.9914
"AllocatedMethodId-4938","AllocatedResourceId-9948","AllocatedResourceName-6130","{}",687.08229632,"ocid1.tenancy.oc1..aaaa1234","Meridian OCI","Tenancy","USD","2024-10-01T00:00:00Z","2024-09-01T00:00:00Z",NULL,NULL,"Credit",NULL,"Oracle Load Balancer Load Balancer in UK South (London)","2024-09-03T00:00:00Z","2024-09-02T23:00:00Z",NULL,NULL,NULL,NULL,NULL,NULL,NULL,NULL,NULL,NULL,701.104384,2.0362,687.08229632,"Oracle","Oracle",701.104384,2.0362,"Standard","USD",344.32,"Hours","Oracle","Oracle","uk-london-1","UK South (London)",NULL,NULL,NULL,"Networking","Oracle Load Balancer","Oracle","CSG0J3VAKBKLVLHL","Oracle Load Balancer Hours",NULL,"O9ALSQYI5YPUGS63.Q4FUGIVR","ocid1.compartment.oc1..dev","development","Tenancy","{""cost_center"": ""CC-2042""}",NULL,NULL,"One-Time","INV-202409-58457","Application Networking",2.0362,687.08229632,2.0362
"AllocatedMethodId-2458","AllocatedResourceId-1269","AllocatedResourceName-5910","{}",709.216626,"8a93b2c1-1234-4abc-9def-0123456789ab","Contoso Cloud","BillingProfile","USD","2024-10-01T00:00:00Z","2024-09-01T00:00:00Z",NULL,NULL,"Purchase",NULL,"Azure Load Balancer Load Balancer in West Europe","2024-09-22T09:00:00Z","2024-09-22T08:00:00Z","Usage","cd-554303","commit-4303",NULL,"Unused","Reserved Instance",NULL,NULL,NULL,NULL,709.216626,2.2611,0,"Microsoft","Microsoft",945.6221680000001,3.0148,"Committed","USD",313.66,"Hours","Microsoft","Microsoft","westeurope","West Europe","/subscriptions/8a93b2c1-1234-4abc-9def-0123456789ab/resourceGroups/rg-766/providers/Microsoft.Compute/virtualMachines/vm-3581",NULL,"Load Balancer","Networking","Azure Load Balancer","Microsoft","ACE9F5T3PEHFS1PN","Azure Load Balancer Hours",NULL,"1B8GDUASUYG2RDBX.5X7NQSWR","sub-2b7c","Staging","BillingProfile","{""owner"": ""g.hopper"", ""cost_center"": ""CC-1001"", ""business_unit"": ""LisbonOps""}",NULL,NULL,"Recurring","INV-202409-32024","Application Networking",2.2611,0,3.0148
"AllocatedMethodId-3917","AllocatedResourceId-9148","AllocatedResourceName-7958","{}",251.08310784,"8a93b2c1-1234-4abc-9def-0123456789ab","Contoso Cloud","BillingProfile","USD","2024-10-01T00:00:00Z","2024-09-01T00:00:00Z",NULL,NULL,"Usage",NULL,"Virtual Machines Virtual Machine in Southeast Asia","2024-09-22T23:00:00Z","2024-09-22T22:00:00Z",NULL,NULL,NULL,NULL,NULL,NULL,NULL,160.2800000000,"Hours",NULL,306.198912,1.9104,251.08310784,"Microsoft","Microsoft",457.02239199999997,2.8514,"Dynamic","USD",160.28,"Hours","Microsoft","Microsoft","southeastasia","Southeast Asia","/subscriptions/8a93b2c1-1234-4abc-9def-0123456789ab/resourceGroups/rg-411/providers/Microsoft.Compute/virtualMachines/vm-7873",NULL,"Virtual Machine","Compute","Virtual Machines","Microsoft","23A2YBZF1RHNXGK8","Virtual Machines Hours",NULL,"Q9NYUXX8K53D0II0.HXYQB1B7","sub-9a1f","Production","BillingProfile","{""business_unit"": ""OsloData"", ""owner"": ""a.lovelace"", ""application"": ""BrightLensMatrix""}",NULL,NULL,"Usage-Based","INV-202409-94541","Virtual Machines",1.9104,251.08310784,2.8514
"AllocatedMethodId-9022","AllocatedResourceId-9244","AllocatedResourceName-8948","{}",153.252288,"123456789012","SunBird","BillingAccount","USD","2024-10-01T00:00:00Z","2024-09-01T00:00:00Z",NULL,NULL,"Usage",NULL,"Amazon Elastic Compute Cloud Virtual Machine in US East (N. Virginia)","2024-09-10T15:00:00Z","2024-09-10T14:00:00Z",NULL,NULL,NULL,NULL,NULL,NULL,NULL,68.7600000000,"Hours",NULL,218.93184000000002,3.1840,153.252288,"AWS","AWS",317.29302,4.6145,"Other","USD",68.76,"Hours","AWS","AWS","us-east-1","US East (N. Virginia)","arn:aws:ec2:us-east-1:123456789012:instance/i-0059e24b8cd4",NULL,"Virtual Machine","Compute","Amazon Elastic Compute Cloud","AWS","M9W1MN4W6RFP8475","Amazon Elastic Compute Cloud Hours",NULL,"AH97FFHOO4UKNMGR.PKRF2A3G","517389287820","Atlas Nimbus","BillingAccount","{""cost_center"": ""CC-2042"", ""application"": ""NimbusAPI""}",NULL,"eu-west-1c","Usage-Based","INV-202409-28946","Virtual Machines",3.1840,153.252288,4.6145
"AllocatedMethodId-9528","AllocatedResourceId-2887","AllocatedResourceName-4811","{}",215.65881599999997,"ocid1.tenancy.oc1..aaaa1234","Meridian OCI","Tenancy","USD","2024-10-01T00:00:00Z","2024-09-01T00:00:00Z",NULL,NULL,"Purchase",NULL,"Oracle Object Storage Bucket in US East (Ashburn)","2024-09-27T08:00:00Z","2024-09-27T07:00:00Z","Spend","cd-152965","commit-2965",NULL,"Used","Reserved Instance",NULL,NULL,NULL,NULL,215.65881599999997,0.5952,0,"Oracle","Oracle",347.8368,0.9600,"Committed","USD",362.33,"GB","Oracle","Oracle","us-ashburn-1","US East (Ashburn)","ocid1.instance.oc1.us-ashburn-1.005929ecf231",NULL,"Bucket","Storage","Oracle Object Storage","Oracle","W4HCSJVBAL6SKIRG","Oracle Object Storage GB",NULL,"5CH8OGP55RNQCODV.4KVF5OOP","ocid1.compartment.oc1..dev","development","Tenancy","{""business_unit"": ""ViennaAI"", ""environment"": ""qa"", ""owner"": ""a.lovelace""}",NULL,NULL,"Recurring","INV-202409-55537","Object Storage",0.5952,0,0.9600
"AllocatedMethodId-5554","AllocatedResourceId-8195","AllocatedResourceName-3306","{}",653.63141976,"ocid1.tenancy.oc1..aaaa1234","Meridian OCI","Tenancy","USD","2024-10-01T00:00:00Z","2024-09-01T00:00:00Z",NULL,NULL,"Usage",NULL,"Oracle Load Balancer Load Balancer in US East (Ashburn)","2024-09-03T01:00:00Z","2024-09-03T00:00:00Z",NULL,NULL,NULL,NULL,NULL,NULL,NULL,428.3400000000,"Hours",NULL,827.381544,1.9316,653.63141976,"Oracle","Oracle",1313.2904399999998,3.0660,"Standard","USD",428.34,"Hours","Oracle","Oracle","us-ashburn-1","US East (Ashburn)","ocid1.instance.oc1.us-ashburn-1.00b94ab08443",NULL,"Load Balancer","Networking","Oracle Load Balancer","Oracle","D0KC6IGIRA3Y1SVN","Oracle Load Balancer Hours",NULL,"YJIHPVCGGPRQY8UB.IF7S6QWR","ocid1.compartment.oc1..prod","production","Tenancy","{""team"": ""platform"", ""environment"": ""prod""}",NULL,"uk-london-1-AD-2","Usage-Based","INV-202409-97634","Application Networking",1.9316,653.63141976,3.0660
"AllocatedMethodId-2604","AllocatedResourceId-4666","AllocatedResourceName-8157","{}",272.99609592,"01ABCD-2345EF-6789GH","Helios Labs","BillingAccount","USD","2024-10-01T00:00:00Z","2024-09-01T00:00:00Z",NULL,NULL,"Adjustment",NULL,"Cloud SQL Database Instance in Northern Virginia","2024-09-29T03:00:00Z","2024-09-29T02:00:00Z",NULL,NULL,NULL,NULL,NULL,NULL,NULL,NULL,NULL,NULL,313.788616,2.5031,272.99609592,"Google","Google",522.989384,4.1719,"Dynamic","USD",125.36,"Hours","Google","Google","us-east4","Northern Virginia",NULL,NULL,NULL,"Databases","Cloud SQL","Google","AQYUGSTQT0X5T7ES","Cloud SQL Hours",NULL,"UKUI668ZTYUB9OBQ.PF49SJEP","proj-helios-prod","helios-prod","BillingAccount","{""cost_center"": ""CC-2042""}",NULL,NULL,"One-Time","INV-202409-88112","Relational Databases",2.5031,272.99609592,4.1719
"AllocatedMethodId-4099","AllocatedResourceId-8537","AllocatedResourceName-6991","{}",159.66768168,"ocid1.tenancy.oc1..aaaa1234","Meridian OCI","Tenancy","USD","2024-10-01T00:00:00Z","2024-09-01T00:00:00Z",NULL,NULL,"Usage",NULL,"Oracle Autonomous Database Database in UK South (London)","2024-09-27T07:00:00Z","2024-09-27T06:00:00Z",NULL,NULL,NULL,NULL,NULL,NULL,NULL,447.7300000000,"Hours",NULL,204.702156,0.4572,159.66768168,"Oracle","Oracle",296.66589799999997,0.6626,"Dynamic","USD",447.73,"Hours","Oracle","Oracle","uk-london-1","UK South (London)","ocid1.instance.oc1.uk-london-1.00db40f60737",NULL,"Database","Databases","Oracle Autonomous Database","Oracle","AN7NRGLS4ILO3JC2","Oracle Autonomous Database Hours",NULL,"TE4WN4DD1PKP9953.NOXKGA7V","ocid1.compartment.oc1..prod","production","Tenancy","{""environment"": ""staging""}",NULL,"uk-london-1-AD-2","Usage-Based","INV-202409-79395","Relational Databases",0.4572,159.66768168,0.6626
"AllocatedMethodId-4725","AllocatedResourceId-1062","AllocatedResourceName-9450","{}",624.81460725,"01ABCD-2345EF-6789GH","Helios Labs","BillingAccount","USD","2024-10-01T00:00:00Z","2024-09-01T00:00:00Z",NULL,NULL,"Usage",NULL,"Cloud Load Balancing Forwarding Rule in Belgium","2024-09-10T16:00:00Z","2024-09-10T15:00:00Z","Spend","cd-204956","commit-4956",NULL,"Unused","Committed Use Discount",NULL,NULL,NULL,NULL,833.086143,2.7603,624.81460725,"Google","Google",1207.390905,4.0005,"Committed","USD",301.81,"Hours","Google","Google","europe-west1","Belgium","//compute.googleapis.com/projects/helios-labs/zones/europe-west1-a/instances/inst-1826",NULL,"Forwarding Rule","Networking","Cloud Load Balancing","Google","9PSIA0QMMUVMTMMS","Cloud Load Balancing Hours",NULL,"3G2IARDNLSJRMCBF.3OHYMOIS","proj-helios-dev","helios-dev","BillingAccount","{""owner"": ""a.lovelace"", ""cost_center"": ""CC-1001"", ""application"": ""AtlasPortal""}",NULL,"us-central1-a","Usage-Based","INV-202409-94927","Application Networking",2.7603,624.81460725,4.0005
"AllocatedMethodId-3071","AllocatedResourceId-4641","AllocatedResourceName-2594","{}",1049.53954365,"ocid1.tenancy.oc1..aaaa1234","Meridian OCI","Tenancy","USD","2024-10-01T00:00:00Z","2024-09-01T00:00:00Z",NULL,NULL,"Usage",NULL,"Oracle Object Storage Bucket in UK South (London)","2024-09-21T12:00:00Z","2024-09-21T11:00:00Z","Usage","cd-275129","commit-5129",NULL,"Unused","Savings Plan",NULL,NULL,NULL,NULL,1614.6762210000002,4.3833,1049.53954365,"Oracle","Oracle",1699.6591799999999,4.6140,"Committed","USD",368.37,"GB","Oracle","Oracle","uk-london-1","UK South (London)","ocid1.instance.oc1.uk-london-1.00c0192e5055",NULL,"Bucket","Storage","Oracle Object Storage","Oracle","L4KRSXLC2YEWJ8NF","Oracle Object Storage GB",NULL,"F356WG1ZWDG8DDXR.SBJ32YDH","ocid1.compartment.oc1..dev","development","Tenancy","{""application"": ""BrightSourceCore""}",NULL,"us-ashburn-1-AD-1","Usage-Based","INV-202409-97211","Object Storage",4.3833,1049.53954365,4.6140
"AllocatedMethodId-3616","AllocatedResourceId-6341","AllocatedResourceName-5609","{}",12.70915272,"ocid1.tenancy.oc1..aaaa1234","Meridian OCI","Tenancy","USD","2024-10-01T00:00:00Z","2024-09-01T00:00:00Z",NULL,NULL,"Usage","Correction","Oracle Object Storage Bucket in UK South (London)","2024-09-16T17:00:00Z","2024-09-16T16:00:00Z",NULL,NULL,NULL,NULL,NULL,NULL,NULL,9.6800000000,"GB",NULL,15.690312,1.6209,12.70915272,"Oracle","Oracle",18.679496,1.9297,"Standard","USD",9.68,"GB","Oracle","Oracle","uk-london-1","UK South (London)","ocid1.instance.oc1.uk-london-1.0097a62fc838",NULL,"Bucket","Storage","Oracle Object Storage","Oracle","EYODLGLE8KM0M4IV","Oracle Object Storage GB",NULL,"HFI7CNFDJYJO2BXC.Y3S9LWKJ","ocid1.compartment.oc1..dev","development","Tenancy","{""team"": ""infra"", ""environment"": ""prod"", ""business_unit"": ""OsloData""}",NULL,NULL,"Usage-Based","INV-202409-85465","Object Storage",1.6209,12.70915272,1.9297
"AllocatedMethodId-7523","AllocatedResourceId-1655","AllocatedResourceName-4097","{}",81.39996,"ocid1.tenancy.oc1..aaaa1234","Meridian OCI","Tenancy","USD","2024-10-01T00:00:00Z","2024-09-01T00:00:00Z",NULL,NULL,"Usage",NULL,"Oracle Autonomous Database Database in Australia East (Sydney)","2024-09-22T03:00:00Z","2024-09-22T02:00:00Z",NULL,NULL,NULL,NULL,NULL,NULL,NULL,216.2500000000,"Hours",NULL,84.791625,0.3921,81.39996,"Oracle","Oracle",99.756125,0.4613,"Standard","USD",216.25,"Hours","Oracle","Oracle","ap-sydney-1","Australia East (Sydney)","ocid1.instance.oc1.ap-sydney-1.003f90b10c43",NULL,"Database","Databases","Oracle Autonomous Database","Oracle","N2KQ112YIK04YE5T","Oracle Autonomous Database Hours",NULL,"2ARWVKJSKCX1QJXS.28DYRO4F","ocid1.compartment.oc1..dev","development","Tenancy",NULL,NULL,"us-ashburn-1-AD-1","Usage-Based","INV-202409-90921","Relational Databases",0.3921,81.39996,0.4613
"AllocatedMethodId-4489","AllocatedResourceId-7301","AllocatedResourceName-9686","{}",636.20664,"01ABCD-2345EF-6789GH","Helios Labs","BillingAccount","USD","2024-10-01T00:00:00Z","2024-09-01T00:00:00Z",NULL,NULL,"Usage",NULL,"Cloud Functions Function in Northern Virginia","2024-09-03T23:00:00Z","2024-09-03T22:00:00Z",NULL,NULL,NULL,NULL,NULL,NULL,NULL,174.0000000000,"Invocations",NULL,669.6912000000001,3.8488,636.20664,"Google","Google",735.9156,4.2294,"Standard","USD",174.00,"Invocations","Google","Google","us-east4","Northern Virginia","//compute.googleapis.com/projects/helios-labs/zones/us-east4-a/instances/inst-8639",NULL,"Function","Compute","Cloud Functions","Google","URLQAFWBQN3D709B","Cloud Functions Invocations",NULL,"76PV7XW6O1QUQ92X.24QIWSKD","proj-helios-prod","helios-prod","BillingAccount",NULL,NULL,"asia-southeast1-c","Usage-Based","INV-202409-49746","Serverless Compute",3.8488,636.20664,4.2294
"AllocatedMethodId-5025","AllocatedResourceId-7164","AllocatedResourceName-2250","{}",1008.8217216,"8a93b2c1-1234-4abc-9def-0123456789ab","Contoso Cloud","BillingProfile","USD","2024-10-01T00:00:00Z","2024-09-01T00:00:00Z",NULL,NULL,"Usage",NULL,"Azure Kubernetes Service Cluster in Southeast Asia","2024-09-23T00:00:00Z","2024-09-22T23:00:00Z",NULL,NULL,NULL,NULL,NULL,NULL,NULL,443.1000000000,"Hours",NULL,1146.38832,2.5872,1008.8217216,"Microsoft","Microsoft",1169.784,2.6400,"Dynamic","USD",443.10,"Hours","Microsoft","Microsoft","southeastasia","Southeast Asia","/subscriptions/8a93b2c1-1234-4abc-9def-0123456789ab/resourceGroups/rg-838/providers/Microsoft.Compute/virtualMachines/vm-6668",NULL,"Cluster","Compute","Azure Kubernetes Service","Microsoft","7A8Z27QXGGOKS04E","Azure Kubernetes Service Hours",NULL,"J3VKN2GBAJXYMUE9.5W2DXNLC","sub-2b7c","Staging","BillingProfile","{""team"": ""growth"", ""owner"": ""g.hopper"", ""environment"": ""prod""}",NULL,NULL,"Usage-Based","INV-202409-83756","Containers",2.5872,1008.8217216,2.6400
"AllocatedMethodId-7548","AllocatedResourceId-8250","AllocatedResourceName-8711","{}",87.6134688,"8a93b2c1-1234-4abc-9def-0123456789ab","Contoso Cloud","BillingProfile","USD","2024-10-01T00:00:00Z","2024-09-01T00:00:00Z",NULL,NULL,"Usage",NULL,"Azure Load Balancer Load Balancer in East US","2024-09-13T08:00:00Z","2024-09-13T07:00:00Z",NULL,NULL,NULL,NULL,NULL,NULL,NULL,395.2000000000,"Hours",NULL,132.74767999999997,0.3359,87.6134688,"Microsoft","Microsoft",214.11935999999997,0.5418,"Standard","USD",395.20,"Hours","Microsoft","Microsoft","eastus","East US","/subscriptions/8a93b2c1-1234-4abc-9def-0123456789ab/resourceGroups/rg-856/providers/Microsoft.Compute/virtualMachines/vm-7809",NULL,"Load Balancer","Networking","Azure Load Balancer","Microsoft","YOJ7RCEF3EMCP5B3","Azure Load Balancer Hours",NULL,"G7Q03D934O4NG0J2.WK5T0DFC","sub-9a1f","Production","BillingProfile","{""application"": ""BrightSourceCore"", ""owner"": ""a.turing""}",NULL,"uksouth-1","Usage-Based","INV-202409-12126","Application Networking",0.3359,87.6134688,0.5418
"AllocatedMethodId-3454","AllocatedResourceId-3487","AllocatedResourceName-6944","{}",323.74812,"01ABCD-2345EF-6789GH","Helios Labs","BillingAccount","USD","2024-10-01T00:00:00Z","2024-09-01T00:00:00Z",NULL,NULL,"Usage",NULL,"Compute Engine VM Instance in Iowa","2024-09-03T09:00:00Z","2024-09-03T08:00:00Z",NULL,NULL,NULL,NULL,NULL,NULL,NULL,185.2000000000,"Hours",NULL,431.66416,2.3308,323.74812,"Google","Google",625.6056,3.3780,"Standard","USD",185.20,"Hours","Google","Google","us-central1","Iowa","//compute.googleapis.com/projects/helios-labs/zones/us-central1-a/instances/inst-2010",NULL,"VM Instance","Compute","Compute Engine","Google","5DBGAJIIHKZ9NCUG","Compute Engine Hours",NULL,"CHE8EYMRHAY3174E.CHSTFF1O","proj-helios-dev","helios-dev","BillingAccount","{""application"": ""AtlasPortal"", ""owner"": ""g.hopper""}",NULL,NULL,"Usage-Based","INV-202409-33523","Virtual Machines",2.3308,323.74812,3.3780
"AllocatedMethodId-3134","AllocatedResourceId-1235","AllocatedResourceName-4851","{}",100.65606656,"123456789012","SunBird","BillingAccount","USD","2024-10-01T00:00:00Z","2024-09-01T00:00:00Z",NULL,NULL,"Usage",NULL,"Elastic Load Balancing Load Balancer in Asia Pacific (Sydney)","2024-09-06T19:00:00Z","2024-09-06T18:00:00Z","Spend","cd-608225","commit-8225",NULL,"Unused","Reserved Instance",NULL,NULL,NULL,NULL,157.275104,0.4984,100.65606656,"AWS","AWS",191.797368,0.6078,"Committed","USD",315.56,"LCU-Hours","AWS","AWS","ap-southeast-2","Asia Pacific (Sydney)","arn:aws:ec2:ap-southeast-2:123456789012:instance/i-005dfd3a7c09",NULL,"Load Balancer","Networking","Elastic Load Balancing","AWS","KF7JUQ7DV3WVAKSJ","Elastic Load Balancing LCU-Hours",NULL,"QI0NPXLOH3US625H.MJAJBZFN","438839167390","Zenith Eclipse","BillingAccount","{""cost_center"": ""CC-2042"", ""team"": ""growth""}",NULL,"us-west-2b","Usage-Based","INV-202409-90689","Application Networking",0.4984,100.65606656,0.6078
"AllocatedMethodId-5172","AllocatedResourceId-3741","AllocatedResourceName-8628","{}",269.8962912,"123456789012","SunBird","BillingAccount","USD","2024-10-01T00:00:00Z","2024-09-01T00:00:00Z",NULL,NULL,"Credit",NULL,"Elastic Load Balancing Load Balancer in Asia Pacific (Sydney)","2024-09-19T04:00:00Z","2024-09-19T03:00:00Z",NULL,NULL,NULL,NULL,NULL,NULL,NULL,NULL,NULL,NULL,337.370364,2.4091,269.8962912,"AWS","AWS",362.75961599999994,2.5904,"Dynamic","USD",140.04,"LCU-Hours","AWS","AWS","ap-southeast-2","Asia Pacific (Sydney)",NULL,NULL,NULL,"Networking","Elastic Load Balancing","AWS","MDCT1OCY0Z21LYCK","Elastic Load Balancing LCU-Hours",NULL,"1TECQ5H0TUQU6QT0.W33HP2HW","438839167390","Zenith Eclipse","BillingAccount",NULL,NULL,NULL,"One-Time","INV-202409-35889","Application Networking",2.4091,269.8962912,2.5904
"AllocatedMethodId-3437","AllocatedResourceId-1086","AllocatedResourceName-4622","{}",936.84472036,"8a93b2c1-1234-4abc-9def-0123456789ab","Contoso Cloud","BillingProfile","USD","2024-10-01T00:00:00Z","2024-09-01T00:00:00Z",NULL,NULL,"Adjustment",NULL,"Azure Load Balancer Load Balancer in West Europe","2024-09-20T20:00:00Z","2024-09-20T19:00:00Z",NULL,NULL,NULL,NULL,NULL,NULL,NULL,NULL,NULL,NULL,1283.348932,3.1852,936.84472036,"Microsoft","Microsoft",1546.2074160000002,3.8376,"Standard","USD",402.91,"Hours","Microsoft","Microsoft","westeurope","West Europe",NULL,NULL,NULL,"Networking","Azure Load Balancer","Microsoft","1TVRDMBBJGTOY0US","Azure Load Balancer Hours",NULL,"WM99LNIPTVPNWY06.KI70X4XT","sub-4d3e","Sandbox","BillingProfile","{""environment"": ""staging"", ""team"": ""growth""}",NULL,NULL,"One-Time","INV-202409-89271","Application Networking",3.1852,936.84472036,3.8376
"AllocatedMethodId-3279","AllocatedResourceId-8527","AllocatedResourceName-8997","{}",102.4376769,"123456789012","SunBird","BillingAccount","USD","2024-10-01T00:00:00Z","2024-09-01T00:00:00Z",NULL,NULL,"Usage",NULL,"Amazon Elastic Compute Cloud Virtual Machine in US West (Oregon)","2024-09-28T03:00:00Z","2024-09-28T02:00:00Z",NULL,NULL,NULL,NULL,NULL,NULL,NULL,396.1700000000,"Hours",NULL,131.33035500000003,0.3315,102.4376769,"AWS","AWS",154.5063,0.3900,"Standard","USD",396.17,"Hours","AWS","AWS","us-west-2","US West (Oregon)","arn:aws:ec2:us-west-2:123456789012:instance/i-00725caf5194",NULL,"Virtual Machine","Compute","Amazon Elastic Compute Cloud","AWS","7GYJNEWPRK9EHW83","Amazon Elastic Compute Cloud Hours",NULL,"ZVCEYM2XBX2IHXEC.9FDBQSOA","517389287820","Atlas Nimbus","BillingAccount",NULL,NULL,"us-east-1a","Usage-Based","INV-202409-14652","Virtual Machines",0.3315,102.4376769,0.3900
"AllocatedMethodId-5659","AllocatedResourceId-8775","AllocatedResourceName-5252","{}",144.45363212,"8a93b2c1-1234-4abc-9def-0123456789ab","Contoso Cloud","BillingProfile","USD","2024-10-01T00:00:00Z","2024-09-01T00:00:00Z",NULL,NULL,"Usage",NULL,"Azure Blob Storage Storage Account in East US","2024-09-17T01:00:00Z","2024-09-17T00:00:00Z",NULL,NULL,NULL,NULL,NULL,NULL,NULL,73.0300000000,"GB",NULL,176.16296599999998,2.4122,144.45363212,"Microsoft","Microsoft",234.87908600000003,3.2162,"Standard","USD",73.03,"GB","Microsoft","Microsoft","eastus","East US","/subscriptions/8a93b2c1-1234-4abc-9def-0123456789ab/resourceGroups/rg-288/providers/Microsoft.Compute/virtualMachines/vm-316",NULL,"Storage Account","Storage","Azure Blob Storage","Microsoft","GFTPFD3VO64FRGRL","Azure Blob Storage GB",NULL,"1SIOBYQYHSM6M6E0.5TI8UTDW","sub-4d3e","Sandbox","BillingProfile","{""environment"": ""qa"", ""owner"": ""a.turing""}",NULL,"eastus-1","Usage-Based","INV-202409-79769","Object Storage",2.4122,144.45363212,3.2162
"AllocatedMethodId-7049","AllocatedResourceId-7558","AllocatedResourceName-4377","{}",538.71418793,"8a93b2c1-1234-4abc-9def-0123456789ab","Contoso Cloud","BillingProfile","USD","2024-10-01T00:00:00Z","2024-09-01T00:00:00Z",NULL,NULL,"Usage",NULL,"Azure Functions Function App in Southeast Asia","2024-09-15T09:00:00Z","2024-09-15T08:00:00Z","Usage","cd-736613","commit-6613",NULL,"Used","Committed Use Discount",NULL,242.1700000000,"Executions",NULL,737.9646409999999,3.0473,538.71418793,"Microsoft","Microsoft",997.25606,4.1180,"Committed","USD",242.17,"Executions","Microsoft","Microsoft","southeastasia","Southeast Asia","/subscriptions/8a93b2c1-1234-4abc-9def-0123456789ab/resourceGroups/rg-302/providers/Microsoft.Compute/virtualMachines/vm-5780",NULL,"Function App","Compute","Azure Functions","Microsoft","SBRJHBAHTZHH427U","Azure Functions Executions",NULL,"RXNCW28YYI1LNPVP.ACIWWMVL","sub-2b7c","Staging","BillingProfile",NULL,NULL,NULL,"Usage-Based","INV-202409-93833","Serverless Compute",3.0473,538.71418793,4.1180
"AllocatedMethodId-8052","AllocatedResourceId-2350","AllocatedResourceName-3526","{}",250.98318888,"ocid1.tenancy.oc1..aaaa1234","Meridian OCI","Tenancy","USD","2024-10-01T00:00:00Z","2024-09-01T00:00:00Z",NULL,NULL,"Usage",NULL,"Oracle Functions Function in Australia East (Sydney)","2024-09-05T13:00:00Z","2024-09-05T12:00:00Z",NULL,NULL,NULL,NULL,NULL,NULL,NULL,155.7300000000,"Invocations",NULL,272.807814,1.7518,250.98318888,"Oracle","Oracle",413.33856599999996,2.6542,"Standard","USD",155.73,"Invocations","Oracle","Oracle","ap-sydney-1","Australia East (Sydney)","ocid1.instance.oc1.ap-sydney-1.00a5a5dd0669",NULL,"Function","Compute","Oracle Functions","Oracle","M0JSLHVFV1TTO959","Oracle Functions Invocations",NULL,"4E3EOUNW6FDWR8LV.1K4N1RMM","ocid1.compartment.oc1..prod","production","Tenancy","{""application"": ""AtlasPortal"", ""owner"": ""a.lovelace"", ""team"": ""infra""}",NULL,"us-ashburn-1-AD-1","Usage-Based","INV-202409-26340","Serverless Compute",1.7518,250.98318888,2.6542
"AllocatedMethodId-5093","AllocatedResourceId-3781","AllocatedResourceName-4782","{}",923.3337119999999,"123456789012","SunBird","BillingAccount","USD","2024-10-01T00:00:00Z","2024-09-01T00:00:00Z",NULL,NULL,"Purchase",NULL,"AWS Lambda Function in US West (Oregon)","2024-09-18T23:00:00Z","2024-09-18T22:00:00Z",NULL,NULL,NULL,NULL,NULL,NULL,NULL,NULL,NULL,NULL,923.3337119999999,2.6243,0,"AWS","AWS",982.2669119999998,2.7918,"Other","USD",351.84,"Requests","AWS","AWS","us-west-2","US West (Oregon)","arn:aws:ec2:us-west-2:123456789012:instance/i-00bfae19d225",NULL,"Function","Compute","AWS Lambda","AWS","2ID2WCYYGI8UZ7VR","AWS Lambda Requests",NULL,"SF0SPNGFFUY8UTBK.YIG7CZAP","663626350770","Zenith Apollo","BillingAccount",NULL,NULL,NULL,"One-Time","INV-202409-63585","Serverless Compute",2.6243,0,2.7918
"AllocatedMethodId-4061","AllocatedResourceId-6514","AllocatedResourceName-1380","{}",319.77725472,"01ABCD-2345EF-6789GH","Helios Labs","BillingAccount","USD","2024-10-01T00:00:00Z","2024-09-01T00:00:00Z",NULL,NULL,"Usage",NULL,"Cloud Load Balancing Forwarding Rule in Iowa","2024-09-08T08:00:00Z","2024-09-08T07:00:00Z","Spend","cd-561599","commit-1599",NULL,"Unused","Committed Use Discount",NULL,NULL,NULL,NULL,363.383244,1.6998,319.77725472,"Google","Google",378.518868,1.7706,"Standard","USD",213.78,"Hours","Google","Google","us-central1","Iowa","//compute.googleapis.com/projects/helios-labs/zones/us-central1-a/instances/inst-9356",NULL,"Forwarding Rule","Networking","Cloud Load Balancing","Google","URTMBA3SV254SHS0","Cloud Load Balancing Hours",NULL,"WG6NGZPMLXOP1MCV.3W36YZD3","proj-helios-dev","helios-dev","BillingAccount",NULL,NULL,NULL,"Usage-Based","INV-202409-17648","Application Networking",1.6998,319.77725472,1.7706
"AllocatedMethodId-3106","AllocatedResourceId-2578","AllocatedResourceName-7771","{}",261.31076664,"ocid1.tenancy.oc1..aaaa1234","Meridian OCI","Tenancy","USD","2024-10-01T00:00:00Z","2024-09-01T00:00:00Z",NULL,NULL,"Usage",NULL,"Oracle Functions Function in UK South (London)","2024-09-02T22:00:00Z","2024-09-02T21:00:00Z","Usage","cd-149548","commit-9548",NULL,"Unused","Committed Use Discount",NULL,NULL,NULL,NULL,395.925404,2.2172,261.31076664,"Oracle","Oracle",460.371317,2.5781,"Other","USD",178.57,"Invocations","Oracle","Oracle","uk-london-1","UK South (London)","ocid1.instance.oc1.uk-london-1.00ccee7b9d98",NULL,"Function","Compute","Oracle Functions","Oracle","QELRAQM17S6NUYDA","Oracle Functions Invocations",NULL,"AE9JA65GYN79HNJ4.FG6O9G84","ocid1.compartment.oc1..dev","development","Tenancy","{""environment"": ""staging"", ""owner"": ""a.turing"", ""team"": ""growth""}",NULL,NULL,"Usage-Based","INV-202409-89158","Serverless Compute",2.2172,261.31076664,2.5781
"AllocatedMethodId-8164","AllocatedResourceId-7944","AllocatedResourceName-6530","{}",153.07886088,"01ABCD-2345EF-6789GH","Helios Labs","BillingAccount","USD","2024-10-01T00:00:00Z","2024-09-01T00:00:00Z",NULL,NULL,"Credit",NULL,"Compute Engine VM Instance in Iowa","2024-09-20T21:00:00Z","2024-09-20T20:00:00Z",NULL,NULL,NULL,NULL,NULL,NULL,NULL,NULL,NULL,NULL,188.98624800000002,0.5077,153.07886088,"Google","Google",190.88467200000002,0.5128,"Dynamic","USD",372.24,"Hours","Google","Google","us-central1","Iowa",NULL,NULL,NULL,"Compute","Compute Engine","Google","ITFVI7OK6GZ1VF55","Compute Engine Hours",NULL,"MENF3SPHPUI51LWV.P51XEF7I","proj-helios-prod","helios-prod","BillingAccount","{""owner"": ""g.hopper"", ""environment"": ""qa""}",NULL,NULL,"One-Time","INV-202409-52007","Virtual Machines",0.5077,153.07886088,0.5128
"AllocatedMethodId-4407","AllocatedResourceId-6084","AllocatedResourceName-7213","{}",267.81217848,"123456789012","SunBird","BillingAccount","USD","2024-10-01T00:00:00Z","2024-09-01T00:00:00Z",NULL,NULL,"Usage",NULL,"Amazon Simple Queue Service Queue in US West (Oregon)","2024-09-05T17:00:00Z","2024-09-05T16:00:00Z",NULL,NULL,NULL,NULL,NULL,NULL,NULL,383.6400000000,"Requests",NULL,347.808024,0.9066,267.81217848,"AWS","AWS",483.079488,1.2592,"Standard","USD",383.64,"Requests","AWS","AWS","us-west-2","US West (Oregon)","arn:aws:ec2:us-west-2:123456789012:instance/i-00474e7a80e4",NULL,"Queue","Integration","Amazon Simple Queue Service","AWS","MSZA4T062U2TS1UT","Amazon Simple Queue Service Requests",NULL,"Q8JH65N9LGIVU685.4RCWDNEV","663626350770","Zenith Apollo","BillingAccount","{""business_unit"": ""ViennaAI""}",NULL,"eu-west-1c","Usage-Based","INV-202409-18688","Messaging",0.9066,267.81217848,1.2592
"AllocatedMethodId-5511","AllocatedResourceId-1576","AllocatedResourceName-5022","{}",214.64225982,"01ABCD-2345EF-6789GH","Helios Labs","BillingAccount","USD","2024-10-01T00:00:00Z","2024-09-01T00:00:00Z",NULL,NULL,"Usage",NULL,"Compute Engine VM Instance in Northern Virginia","2024-09-30T14:00:00Z","2024-09-30T13:00:00Z",NULL,NULL,NULL,NULL,NULL,NULL,NULL,344.8700000000,"Hours",NULL,302.313042,0.8766,214.64225982,"Google","Google",377.90854600000006,1.0958,"Dynamic","USD",344.87,"Hours","Google","Google","us-east4","Northern Virginia","//compute.googleapis.com/projects/helios-labs/zones/us-east4-a/instances/inst-9139",NULL,"VM Instance","Compute","Compute Engine","Google","7PQFB1X3I20YX0KC","Compute Engine Hours",NULL,"05DPONY253QTGC9Q.M4HH7LDA","proj-helios-dev","helios-dev","BillingAccount","{""business_unit"": ""ViennaAI""}",NULL,"asia-southeast1-c","Usage-Based","INV-202409-38552","Virtual Machines",0.8766,214.64225982,1.0958
"AllocatedMethodId-4751","AllocatedResourceId-4068","AllocatedResourceName-7312","{}",336.5721996,"01ABCD-2345EF-6789GH","Helios Labs","BillingAccount","USD","2024-10-01T00:00:00Z","2024-09-01T00:00:00Z",NULL,NULL,"Usage",NULL,"Cloud Load Balancing Forwarding Rule in Belgium","2024-09-30T05:00:00Z","2024-09-30T04:00:00Z","Spend","cd-183607","commit-3607",NULL,"Unused","Savings Plan",NULL,NULL,NULL,NULL,343.44102000000004,3.4670,336.5721996,"Google","Google",361.51947,3.6495,"Dynamic","USD",99.06,"Hours","Google","Google","europe-west1","Belgium","//compute.googleapis.com/projects/helios-labs/zones/europe-west1-a/instances/inst-6449",NULL,"Forwarding Rule","Networking","Cloud Load Balancing","Google","3796TW65W34FGSF3","Cloud Load Balancing Hours",NULL,"S0EDYLOWGB8NI57Z.Z7187TJB","proj-helios-dev","helios-dev","BillingAccount","{""owner"": ""a.lovelace"", ""business_unit"": ""OsloData""}",NULL,"asia-southeast1-c","Usage-Based","INV-202409-12736","Application Networking",3.4670,336.5721996,3.6495
"AllocatedMethodId-4233","AllocatedResourceId-9390","AllocatedResourceName-4132","{}",81.49377,"01ABCD-2345EF-6789GH","Helios Labs","BillingAccount","USD","2024-10-01T00:00:00Z","2024-09-01T00:00:00Z",NULL,NULL,"Usage",NULL,"Compute Engine VM Instance in Belgium","2024-09-14T13:00:00Z","2024-09-14T12:00:00Z",NULL,NULL,NULL,NULL,NULL,NULL,NULL,136.3000000000,"Hours",NULL,81.49377000000001,0.5979,81.49377,"Google","Google",114.77823000000001,0.8421,"Standard","USD",136.30,"Hours","Google","Google","europe-west1","Belgium","//compute.googleapis.com/projects/helios-labs/zones/europe-west1-a/instances/inst-1458",NULL,"VM Instance","Compute","Compute Engine","Google","LSX41DP0EB8RK4DT","Compute Engine Hours",NULL,"UN7182ZEJ205YJHM.VTUZEROH","proj-helios-prod","helios-prod","BillingAccount",NULL,NULL,NULL,"Usage-Based","INV-202409-55147","Virtual Machines",0.5979,81.49377,0.8421
"AllocatedMethodId-9033","AllocatedResourceId-7911","AllocatedResourceName-4865","{}",29.1616721,"01ABCD-2345EF-6789GH","Helios Labs","BillingAccount","USD","2024-10-01T00:00:00Z","2024-09-01T00:00:00Z",NULL,NULL,"Usage",NULL,"Cloud Functions Function in Singapore","2024-09-03T20:00:00Z","2024-09-03T19:00:00Z","Spend","cd-916536","commit-6536",NULL,"Unused","Reserved Instance",NULL,NULL,NULL,NULL,47.034955,2.9489,29.1616721,"Google","Google",61.08531,3.8298,"Standard","USD",15.95,"Invocations","Google","Google","asia-southeast1","Singapore","//compute.googleapis.com/projects/helios-labs/zones/asia-southeast1-a/instances/inst-2975",NULL,"Function","Compute","Cloud Functions","Google","ZQLP5PNENTJTES2H","Cloud Functions Invocations",NULL,"64ZKE44SJLGCG5I5.R8IFVF4V","proj-helios-prod","helios-prod","BillingAccount",NULL,NULL,NULL,"Usage-Based","INV-202409-12593","Serverless Compute",2.9489,29.1616721,3.8298
"AllocatedMethodId-1174","AllocatedResourceId-4594","AllocatedResourceName-9930","{}",780.10082205,"123456789012","SunBird","BillingAccount","USD","2024-10-01T00:00:00Z","2024-09-01T00:00:00Z",NULL,NULL,"Usage",NULL,"Amazon Simple Storage Service Bucket in US West (Oregon)","2024-09-30T08:00:00Z","2024-09-30T07:00:00Z",NULL,NULL,NULL,NULL,NULL,NULL,NULL,466.8900000000,"GB",NULL,917.765673,1.9657,780.10082205,"AWS","AWS",1369.808571,2.9339,"Other","USD",466.89,"GB","AWS","AWS","us-west-2","US West (Oregon)","arn:aws:ec2:us-west-2:123456789012:instance/i-0024c46dc894",NULL,"Bucket","Storage","Amazon Simple Storage Service","AWS","1U8161KN26X23G3H","Amazon Simple Storage Service GB",NULL,"LEMF5Y4A5AAIK21K.RTVL26SM","438839167390","Zenith Eclipse","BillingAccount","{""business_unit"": ""LisbonOps"", ""application"": ""BrightSourceCore"", ""team"": ""infra""}",NULL,"eu-west-1c","Usage-Based","INV-202409-10010","Object Storage",1.9657,780.10082205,2.9339
"AllocatedMethodId-6012","AllocatedResourceId-4908","AllocatedResourceName-7118","{}",418.8679235,"ocid1.tenancy.oc1..aaaa1234","Meridian OCI","Tenancy","USD","2024-10-01T00:00:00Z","2024-09-01T00:00:00Z",NULL,NULL,"Usage",NULL,"Oracle Load Balancer Load Balancer in Australia East (Sydney)","2024-09-18T23:00:00Z","2024-09-18T22:00:00Z",NULL,NULL,NULL,NULL,NULL,NULL,NULL,416.7500000000,"Hours",NULL,487.05572500000005,1.1687,418.8679235,"Oracle","Oracle",640.8364750000001,1.5377,"Standard","USD",416.75,"Hours","Oracle","Oracle","ap-sydney-1","Australia East (Sydney)","ocid1.instance.oc1.ap-sydney-1.0077732e9301",NULL,"Load Balancer","Networking","Oracle Load Balancer","Oracle","9Z64BN4XX58XSU4Y","Oracle Load Balancer Hours",NULL,"UNAJQ0SNB6HOIJLW.3XBQEIK0","ocid1.compartment.oc1..prod","production","Tenancy","{""owner"": ""k.johnson"", ""business_unit"": ""MarseilleSRE"", ""team"": ""payments""}",NULL,"us-ashburn-1-AD-1","Usage-Based","INV-202409-61542","Application Networking",1.1687,418.8679235,1.5377
"AllocatedMethodId-9552","AllocatedResourceId-9672","AllocatedResourceName-3451","{}",110.22448774,"123456789012","SunBird","BillingAccount","USD","2024-10-01T00:00:00Z","2024-09-01T00:00:00Z",NULL,NULL,"Credit",NULL,"Elastic Load Balancing Load Balancer in Europe (Ireland)","2024-09-16T19:00:00Z","2024-09-16T18:00:00Z",NULL,NULL,NULL,NULL,NULL,NULL,NULL,NULL,NULL,NULL,128.16800899999998,1.1029,110.22448774,"AWS","AWS",166.45920399999997,1.4324,"Dynamic","USD",116.21,"LCU-Hours","AWS","AWS","eu-west-1","Europe (Ireland)",NULL,NULL,NULL,"Networking","Elastic Load Balancing","AWS","Q521AM9J6D4EDDJQ","Elastic Load Balancing LCU-Hours",NULL,"U771RH3PY4POMP6M.M72196N9","438839167390","Zenith Eclipse","BillingAccount",NULL,NULL,NULL,"One-Time","INV-202409-62239","Application Networking",1.1029,110.22448774,1.4324
"AllocatedMethodId-1743","AllocatedResourceId-6879","AllocatedResourceName-8173","{}",110.02888912,"01ABCD-2345EF-6789GH","Helios Labs","BillingAccount","USD","2024-10-01T00:00:00Z","2024-09-01T00:00:00Z",NULL,NULL,"Usage",NULL,"Cloud Functions Function in Iowa","2024-09-10T00:00:00Z","2024-09-09T23:00:00Z",NULL,NULL,NULL,NULL,NULL,NULL,NULL,483.3800000000,"Invocations",NULL,148.68768799999998,0.3076,110.02888912,"Google","Google",247.78058799999997,0.5126,"Dynamic","USD",483.38,"Invocations","Google","Google","us-central1","Iowa","//compute.googleapis.com/projects/helios-labs/zones/us-central1-a/instances/inst-7887",NULL,"Function","Compute","Cloud Functions","Google","XIH7BY7QZBMNSLWD","Cloud Functions Invocations",NULL,"8Z3JJ01L8FD2Z232.802O4E8E","proj-helios-dev","helios-dev","BillingAccount","{""team"": ""payments""}",NULL,"europe-west1-b","Usage-Based","INV-202409-89797","Serverless Compute",0.3076,110.02888912,0.5126
"AllocatedMethodId-9325","AllocatedResourceId-6814","AllocatedResourceName-9596","{}",308.6787424,"01ABCD-2345EF-6789GH","Helios Labs","BillingAccount","USD","2024-10-01T00:00:00Z","2024-09-01T00:00:00Z",NULL,NULL,"Usage",NULL,"BigQuery Dataset in Belgium","2024-09-02T10:00:00Z","2024-09-02T09:00:00Z",NULL,NULL,NULL,NULL,NULL,NULL,NULL,140.3200000000,"GiB",NULL,440.96963199999993,3.1426,308.6787424,"Google","Google",469.117824,3.3432,"Dynamic","USD",140.32,"GiB","Google","Google","europe-west1","Belgium","//compute.googleapis.com/projects/helios-labs/zones/europe-west1-a/instances/inst-27",NULL,"Dataset","Analytics","BigQuery","Google","45MYWG78RH80ZFNJ","BigQuery GiB",NULL,"TBZPX4LQ3ZN9W4JZ.7UCA3I9T","proj-helios-prod","helios-prod","BillingAccount",NULL,NULL,"us-central1-a","Usage-Based","INV-202409-39703","Data Warehouses",3.1426,308.6787424,3.3432
"AllocatedMethodId-2061","AllocatedResourceId-5379","AllocatedResourceName-1470","{}",746.58221572,"123456789012","SunBird","BillingAccount","USD","2024-10-01T00:00:00Z","2024-09-01T00:00:00Z",NULL,NULL,"Tax",NULL,"Tax charge in Asia Pacific (Sydney)","2024-09-30T08:00:00Z","2024-09-30T07:00:00Z",NULL,NULL,NULL,NULL,NULL,NULL,NULL,NULL,NULL,NULL,746.58221572,NULL,746.58221572,"AWS","AWS",746.58221572,NULL,NULL,"USD",NULL,NULL,"AWS","AWS",NULL,NULL,NULL,NULL,NULL,"Other","Tax","AWS",NULL,NULL,NULL,NULL,"438839167390","Zenith Eclipse","BillingAccount",NULL,NULL,NULL,"One-Time","INV-202409-52825","Other (Security)",NULL,746.58221572,NULL
"AllocatedMethodId-2152","AllocatedResourceId-3538","AllocatedResourceName-1614","{}",258.57671202,"01ABCD-2345EF-6789GH","Helios Labs","BillingAccount","USD","2024-10-01T00:00:00Z","2024-09-01T00:00:00Z",NULL,NULL,"Credit",NULL,"Cloud Functions Function in Northern Virginia","2024-09-15T18:00:00Z","2024-09-15T17:00:00Z",NULL,NULL,NULL,NULL,NULL,NULL,NULL,NULL,NULL,NULL,354.214674,2.5927,258.57671202,"Google","Google",571.303854,4.1817,"Standard","USD",136.62,"Invocations","Google","Google","us-east4","Northern Virginia",NULL,NULL,NULL,"Compute","Cloud Functions","Google","523JJKJ1TYFUPPCA","Cloud Functions Invocations",NULL,"J5AI3XD4041P8CUG.QWP9YAH1","proj-helios-prod","helios-prod","BillingAccount","{""cost_center"": ""CC-3090"", ""team"": ""platform"", ""application"": ""NimbusAPI""}",NULL,NULL,"One-Time","INV-202409-77596","Serverless Compute",2.5927,258.57671202,4.1817
"AllocatedMethodId-8428","AllocatedResourceId-4125","AllocatedResourceName-1407","{}",1313.2044332,"ocid1.tenancy.oc1..aaaa1234","Meridian OCI","Tenancy","USD","2024-10-01T00:00:00Z","2024-09-01T00:00:00Z",NULL,NULL,"Usage",NULL,"Oracle Autonomous Database Database in US East (Ashburn)","2024-09-02T02:00:00Z","2024-09-02T01:00:00Z","Spend","cd-463217","commit-3217",NULL,"Used","Committed Use Discount",NULL,342.0400000000,"Hours",NULL,1382.3204560000001,4.0414,1313.2044332,"Oracle","Oracle",1626.263384,4.7546,"Committed","USD",342.04,"Hours","Oracle","Oracle","us-ashburn-1","US East (Ashburn)","ocid1.instance.oc1.us-ashburn-1.003776ed88ba",NULL,"Database","Databases","Oracle Autonomous Database","Oracle","GT8TRFMXF2ZMNDP9","Oracle Autonomous Database Hours",NULL,"FU1UC4AW1XEA1N0H.EI75SC6H","ocid1.compartment.oc1..prod","production","Tenancy","{""business_unit"": ""OsloData"", ""owner"": ""a.turing""}",NULL,"us-ashburn-1-AD-1","Usage-Based","INV-202409-18368","Relational Databases",4.0414,1313.2044332,4.7546
"AllocatedMethodId-9675","AllocatedResourceId-8732","AllocatedResourceName-1605","{}",70.8936705,"ocid1.tenancy.oc1..aaaa1234","Meridian OCI","Tenancy","USD","2024-10-01T00:00:00Z","2024-09-01T00:00:00Z",NULL,NULL,"Usage",NULL,"Oracle Load Balancer Load Balancer in Australia East (Sydney)","2024-09-23T16:00:00Z","2024-09-23T15:00:00Z",NULL,NULL,NULL,NULL,NULL,NULL,NULL,66.1800000000,"Hours",NULL,87.52305000000001,1.3225,70.8936705,"Oracle","Oracle",145.86733800000002,2.2041,"Standard","USD",66.18,"Hours","Oracle","Oracle","ap-sydney-1","Australia East (Sydney)","ocid1.instance.oc1.ap-sydney-1.002a6d756711",NULL,"Load Balancer","Networking","Oracle Load Balancer","Oracle","6WDUYD9MGGJ0DQ8W","Oracle Load Balancer Hours",NULL,"70UQ9E9RRAP81WT3.EL5DXQ63","ocid1.compartment.oc1..prod","production","Tenancy","{""team"": ""platform"", ""environment"": ""dev"", ""cost_center"": ""CC-3090""}",NULL,"uk-london-1-AD-2","Usage-Based","INV-202409-50115","Application Networking",1.3225,70.8936705,2.2041
"AllocatedMethodId-8464","AllocatedResourceId-7923","AllocatedResourceName-5456","{}",21.88829188,"01ABCD-2345EF-6789GH","Helios Labs","BillingAccount","USD","2024-10-01T00:00:00Z","2024-09-01T00:00:00Z",NULL,NULL,"Usage",NULL,"BigQuery Dataset in Northern Virginia","2024-09-10T15:00:00Z","2024-09-10T14:00:00Z",NULL,NULL,NULL,NULL,NULL,NULL,NULL,23.6600000000,"GiB",NULL,26.371436000000003,1.1146,21.88829188,"Google","Google",43.953182,1.8577,"Other","USD",23.66,"GiB","Google","Google","us-east4","Northern Virginia","//compute.googleapis.com/projects/helios-labs/zones/us-east4-a/instances/inst-6918",NULL,"Dataset","Analytics","BigQuery","Google","OVD0ZXY1DXBWB6XX","BigQuery GiB",NULL,"31V58N4PGT5RO3JC.MUJFYBHB","proj-helios-prod","helios-prod","BillingAccount","{""application"": ""BrightLensMatrix"", ""business_unit"": ""ViennaAI""}",NULL,"asia-southeast1-c","Usage-Based","INV-202409-28099","Data Warehouses",1.1146,21.88829188,1.8577
"AllocatedMethodId-6367","AllocatedResourceId-8686","AllocatedResourceName-7102","{}",11.238724000000001,"ocid1.tenancy.oc1..aaaa1234","Meridian OCI","Tenancy","USD","2024-10-01T00:00:00Z","2024-09-01T00:00:00Z",NULL,NULL,"Purchase",NULL,"Oracle Compute Instance in UK South (London)","2024-09-11T18:00:00Z","2024-09-11T17:00:00Z",NULL,NULL,NULL,NULL,NULL,NULL,NULL,NULL,NULL,NULL,11.238724000000001,0.2786,0,"Oracle","Oracle",14.982276000000002,0.3714,"Standard","USD",40.34,"Hours","Oracle","Oracle","uk-london-1","UK South (London)","ocid1.instance.oc1.uk-london-1.0057126a2eeb",NULL,"Instance","Compute","Oracle Compute","Oracle","A8PGQXKP58ANTYNM","Oracle Compute Hours",NULL,"L62QJX0UZ9Z08CV9.CCDX9WN8","ocid1.compartment.oc1..prod","production","Tenancy","{""environment"": ""qa"", ""owner"": ""g.hopper"", ""team"": ""platform""}",NULL,NULL,"One-Time","INV-202409-25183","Virtual Machines",0.2786,0,0.3714
"AllocatedMethodId-4745","AllocatedResourceId-5514","AllocatedResourceName-5613","{}",1487.231718,"123456789012","SunBird","BillingAccount","USD","2024-10-01T00:00:00Z","2024-09-01T00:00:00Z",NULL,NULL,"Purchase",NULL,"Amazon Elastic Compute Cloud Virtual Machine in Europe (Ireland)","2024-09-10T11:00:00Z","2024-09-10T10:00:00Z",NULL,NULL,NULL,NULL,NULL,NULL,NULL,NULL,NULL,NULL,1487.231718,3.9854,0,"AWS","AWS",1813.718151,4.8603,"Other","USD",373.17,"Hours","AWS","AWS","eu-west-1","Europe (Ireland)","arn:aws:ec2:eu-west-1:123456789012:instance/i-009f29b8e4d0",NULL,"Virtual Machine","Compute","Amazon Elastic Compute Cloud","AWS","7HWHSR10FVQH3FCA","Amazon Elastic Compute Cloud Hours",NULL,"0X0JZZ189XSUVPZO.5511XWCK","438839167390","Zenith Eclipse","BillingAccount","{""cost_center"": ""CC-3090"", ""business_unit"": ""ViennaAI""}",NULL,NULL,"Recurring","INV-202409-96862","Virtual Machines",3.9854,0,4.8603
"AllocatedMethodId-9950","AllocatedResourceId-6588","AllocatedResourceName-9563","{}",236.8826694,"8a93b2c1-1234-4abc-9def-0123456789ab","Contoso Cloud","BillingProfile","USD","2024-10-01T00:00:00Z","2024-09-01T00:00:00Z",NULL,NULL,"Usage",NULL,"Azure Blob Storage Storage Account in East US","2024-09-08T18:00:00Z","2024-09-08T17:00:00Z",NULL,NULL,NULL,NULL,NULL,NULL,NULL,255.1900000000,"GB",NULL,292.44773999999995,1.1460,236.8826694,"Microsoft","Microsoft",395.21275299999996,1.5487,"Standard","USD",255.19,"GB","Microsoft","Microsoft","eastus","East US","/subscriptions/8a93b2c1-1234-4abc-9def-0123456789ab/resourceGroups/rg-955/providers/Microsoft.Compute/virtualMachines/vm-802",NULL,"Storage Account","Storage","Azure Blob Storage","Microsoft","8DXNMFXFMEMW1HG2","Azure Blob Storage GB",NULL,"AK56S4MTT3M2KLOH.4YE09KKW","sub-2b7c","Staging","BillingProfile","{""cost_center"": ""CC-3090""}",NULL,"eastus-1","Usage-Based","INV-202409-78451","Object Storage",1.1460,236.8826694,1.5487
"AllocatedMethodId-7236","AllocatedResourceId-5127","AllocatedResourceName-2921","{}",1042.798316,"01ABCD-2345EF-6789GH","Helios Labs","BillingAccount","USD","2024-10-01T00:00:00Z","2024-09-01T00:00:00Z",NULL,NULL,"Purchase",NULL,"Cloud Load Balancing Forwarding Rule in Belgium","2024-09-10T05:00:00Z","2024-09-10T04:00:00Z",NULL,NULL,NULL,NULL,NULL,NULL,NULL,NULL,NULL,NULL,1042.798316,2.9956,0,"Google","Google",1185.0012510000001,3.4041,"Standard","USD",348.11,"Hours","Google","Google","europe-west1","Belgium","//compute.googleapis.com/projects/helios-labs/zones/europe-west1-a/instances/inst-1699",NULL,"Forwarding Rule","Networking","Cloud Load Balancing","Google","5W0V25DYH6PSQJVH","Cloud Load Balancing Hours",NULL,"F6CUQVUEISGXI61P.T9QAE1F2","proj-helios-prod","helios-prod","BillingAccount","{""environment"": ""qa"", ""cost_center"": ""CC-1001""}",NULL,NULL,"Recurring","INV-202409-16285","Application Networking",2.9956,0,3.4041
"AllocatedMethodId-9527","AllocatedResourceId-9496","AllocatedResourceName-2123","{}",21.2792505,"01ABCD-2345EF-6789GH","Helios Labs","BillingAccount","USD","2024-10-01T00:00:00Z","2024-09-01T00:00:00Z",NULL,NULL,"Usage",NULL,"Cloud SQL Database Instance in Singapore","2024-09-11T12:00:00Z","2024-09-11T11:00:00Z","Spend","cd-556529","commit-6529",NULL,"Unused","Savings Plan",NULL,NULL,NULL,NULL,28.372334,0.0673,21.2792505,"Google","Google",42.368790000000004,0.1005,"Standard","USD",421.58,"Hours","Google","Google","asia-southeast1","Singapore","//compute.googleapis.com/projects/helios-labs/zones/asia-southeast1-a/instances/inst-8267",NULL,"Database Instance","Databases","Cloud SQL","Google","FMRE56EAA5HX4GTW","Cloud SQL Hours",NULL,"GTWGRWU8M85NY9C3.LZ1E7D8Q","proj-helios-prod","helios-prod","BillingAccount","{""team"": ""payments"", ""environment"": ""qa""}",NULL,"asia-southeast1-c","Usage-Based","INV-202409-41620","Relational Databases",0.0673,21.2792505,0.1005
"AllocatedMethodId-1052","AllocatedResourceId-4868","AllocatedResourceName-1358","{}",17.54321814,"ocid1.tenancy.oc1..aaaa1234","Meridian OCI","Tenancy","USD","2024-10-01T00:00:00Z","2024-09-01T00:00:00Z",NULL,NULL,"Tax",NULL,"Tax charge in UK South (London)","2024-09-21T00:00:00Z","2024-09-20T23:00:00Z",NULL,NULL,NULL,NULL,NULL,NULL,NULL,NULL,NULL,NULL,17.54321814,NULL,17.54321814,"Oracle","Oracle",17.54321814,NULL,NULL,"USD",NULL,NULL,"Oracle","Oracle",NULL,NULL,NULL,NULL,NULL,"Other","Tax","Oracle",NULL,NULL,NULL,NULL,"ocid1.compartment.oc1..prod","production","Tenancy","{""owner"": ""k.johnson"", ""team"": ""growth""}",NULL,NULL,"One-Time","INV-202409-54614","Other (Security)",NULL,17.54321814,NULL
"AllocatedMethodId-7186","AllocatedResourceId-4918","AllocatedResourceName-3272","{}",57.06441819,"123456789012","SunBird","BillingAccount","USD","2024-10-01T00:00:00Z","2024-09-01T00:00:00Z",NULL,NULL,"Tax",NULL,"Tax charge in US East (N. Virginia)","2024-09-16T07:00:00Z","2024-09-16T06:00:00Z",NULL,NULL,NULL,NULL,NULL,NULL,NULL,NULL,NULL,NULL,57.06441819,NULL,57.06441819,"AWS","AWS",57.06441819,NULL,NULL,"USD",NULL,NULL,"AWS","AWS",NULL,NULL,NULL,NULL,NULL,"Other","Tax","AWS",NULL,NULL,NULL,NULL,"438839167390","Zenith Eclipse","BillingAccount","{""application"": ""BrightSourceCore""}",NULL,NULL,"One-Time","INV-202409-74615","Other (Security)",NULL,57.06441819,NULL
"AllocatedMethodId-6086","AllocatedResourceId-1809","AllocatedResourceName-3562","{}",56.1443355,"ocid1.tenancy.oc1..aaaa1234","Meridian OCI","Tenancy","USD","2024-10-01T00:00:00Z","2024-09-01T00:00:00Z",NULL,NULL,"Usage",NULL,"Oracle Object Storage Bucket in US East (Ashburn)","2024-09-22T05:00:00Z","2024-09-22T04:00:00Z","Usage","cd-780513","commit-0513",NULL,"Unused","Reserved Instance",NULL,NULL,NULL,NULL,85.067175,0.1985,56.1443355,"Oracle","Oracle",126.979365,0.2963,"Committed","USD",428.55,"GB","Oracle","Oracle","us-ashburn-1","US East (Ashburn)","ocid1.instance.oc1.us-ashburn-1.00827286cf60",NULL,"Bucket","Storage","Oracle Object Storage","Oracle","XQNDWN3MTXGMW1SJ","Oracle Object Storage GB",NULL,"0DYDB93K3QAUFQPH.YSFEFM1X","ocid1.compartment.oc1..prod","production","Tenancy","{""team"": ""growth"", ""environment"": ""dev""}",NULL,"us-ashburn-1-AD-1","Usage-Based","INV-202409-65035","Object Storage",0.1985,56.1443355,0.2963
"AllocatedMethodId-5288","AllocatedResourceId-3925","AllocatedResourceName-2207","{}",684.27822272,"01ABCD-2345EF-6789GH","Helios Labs","BillingAccount","USD","2024-10-01T00:00:00Z","2024-09-01T00:00:00Z",NULL,NULL,"Usage",NULL,"Cloud SQL Database Instance in Belgium","2024-09-02T18:00:00Z","2024-09-02T17:00:00Z","Spend","cd-372369","commit-2369",NULL,"Unused","Savings Plan",NULL,NULL,NULL,NULL,1006.2915039999999,2.6746,684.27822272,"Google","Google",1082.028616,2.8759,"Committed","USD",376.24,"Hours","Google","Google","europe-west1","Belgium","//compute.googleapis.com/projects/helios-labs/zones/europe-west1-a/instances/inst-4301",NULL,"Database Instance","Databases","Cloud SQL","Google","R5ULR23WZXUGK66V","Cloud SQL Hours",NULL,"1M8M1501W3DNFAFK.IEPO75WN","proj-helios-dev","helios-dev","BillingAccount","{""environment"": ""staging"", ""cost_center"": ""CC-2042"", ""business_unit"": ""MarseilleSRE""}",NULL,"us-central1-a","Usage-Based","INV-202409-94017","Relational Databases",2.6746,684.27822272,2.8759
"AllocatedMethodId-2581","AllocatedResourceId-7840","AllocatedResourceName-9389","{}",659.525932,"01ABCD-2345EF-6789GH","Helios Labs","BillingAccount","USD","2024-10-01T00:00:00Z","2024-09-01T00:00:00Z",NULL,NULL,"Purchase",NULL,"Cloud SQL Database Instance in Belgium","2024-09-13T08:00:00Z","2024-09-13T07:00:00Z",NULL,NULL,NULL,NULL,NULL,NULL,NULL,NULL,NULL,NULL,659.525932,1.7482,0,"Google","Google",856.5311039999999,2.2704,"Standard","USD",377.26,"Hours","Google","Google","europe-west1","Belgium","//compute.googleapis.com/projects/helios-labs/zones/europe-west1-a/instances/inst-2116",NULL,"Database Instance","Databases","Cloud SQL","Google","MVPVLEWE5MSY0B18","Cloud SQL Hours",NULL,"JQ4GW4U0GB8CECNB.KLGINVXG","proj-helios-dev","helios-dev","BillingAccount","{""environment"": ""staging"", ""cost_center"": ""CC-1001"", ""owner"": ""k.johnson""}",NULL,NULL,"Recurring","INV-202409-33444","Relational Databases",1.7482,0,2.2704
"AllocatedMethodId-8454","AllocatedResourceId-5052","AllocatedResourceName-3883","{}",71.64892422,"8a93b2c1-1234-4abc-9def-0123456789ab","Contoso Cloud","BillingProfile","USD","2024-10-01T00:00:00Z","2024-09-01T00:00:00Z",NULL,NULL,"Usage",NULL,"Azure Blob Storage Storage Account in West Europe","2024-09-24T17:00:00Z","2024-09-24T16:00:00Z",NULL,NULL,NULL,NULL,NULL,NULL,NULL,130.8900000000,"GB",NULL,77.04185399999999,0.5886,71.64892422,"Microsoft","Microsoft",82.84028099999999,0.6329,"Standard","USD",130.89,"GB","Microsoft","Microsoft","westeurope","West Europe","/subscriptions/8a93b2c1-1234-4abc-9def-0123456789ab/resourceGroups/rg-634/providers/Microsoft.Compute/virtualMachines/vm-1751",NULL,"Storage Account","Storage","Azure Blob Storage","Microsoft","CRUHZ582596CFHWG","Azure Blob Storage GB",NULL,"NL18TLMLZMVWR0CN.MYMFCV2F","sub-9a1f","Production","BillingProfile","{""environment"": ""staging"", ""application"": ""AtlasPortal"", ""business_unit"": ""MarseilleSRE""}",NULL,NULL,"Usage-Based","INV-202409-84392","Object Storage",0.5886,71.64892422,0.6329
"AllocatedMethodId-6459","AllocatedResourceId-4348","AllocatedResourceName-4321","{}",1241.40612288,"8a93b2c1-1234-4abc-9def-0123456789ab","Contoso Cloud","BillingProfile","USD","2024-10-01T00:00:00Z","2024-09-01T00:00:00Z",NULL,NULL,"Usage",NULL,"Azure Load Balancer Load Balancer in East US","2024-09-13T13:00:00Z","2024-09-13T12:00:00Z",NULL,NULL,NULL,NULL,NULL,NULL,NULL,483.5100000000,"Hours",NULL,1612.215744,3.3344,1241.40612288,"Microsoft","Microsoft",2270.756364,4.6964,"Dynamic","USD",483.51,"Hours","Microsoft","Microsoft","eastus","East US","/subscriptions/8a93b2c1-1234-4abc-9def-0123456789ab/resourceGroups/rg-396/providers/Microsoft.Compute/virtualMachines/vm-4137",NULL,"Load Balancer","Networking","Azure Load Balancer","Microsoft","OA816FXA4915ZN7G","Azure Load Balancer Hours",NULL,"HS93RYHLPFACJSFX.VH5U7ZN2","sub-2b7c","Staging","BillingProfile","{""environment"": ""dev""}",NULL,"westeurope-2","Usage-Based","INV-202409-37622","Application Networking",3.3344,1241.40612288,4.6964
"AllocatedMethodId-4085","AllocatedResourceId-2635","AllocatedResourceName-5288","{}",711.88045568,"8a93b2c1-1234-4abc-9def-0123456789ab","Contoso Cloud","BillingProfile","USD","2024-10-01T00:00:00Z","2024-09-01T00:00:00Z",NULL,NULL,"Adjustment",NULL,"Azure Kubernetes Service Cluster in East US","2024-09-22T13:00:00Z","2024-09-22T12:00:00Z","Usage","cd-658933","commit-8933",NULL,"Unused","Committed Use Discount",NULL,NULL,NULL,NULL,773.783104,3.8512,711.88045568,"Microsoft","Microsoft",967.22888,4.8140,"Committed","USD",200.92,"Hours","Microsoft","Microsoft","eastus","East US",NULL,NULL,NULL,"Compute","Azure Kubernetes Service","Microsoft","EDZWFTQ3NZXSMFBV","Azure Kubernetes Service Hours",NULL,"W25ECNDJ3V0C98V9.Y2MV7TNQ","sub-9a1f","Production","BillingProfile","{""team"": ""payments""}",NULL,NULL,"One-Time","INV-202409-31116","Containers",3.8512,711.88045568,4.8140
"AllocatedMethodId-5529","AllocatedResourceId-3264","AllocatedResourceName-7019","{}",306.0591966,"01ABCD-2345EF-6789GH","Helios Labs","BillingAccount","USD","2024-10-01T00:00:00Z","2024-09-01T00:00:00Z",NULL,NULL,"Usage",NULL,"Cloud SQL Database Instance in Belgium","2024-09-08T05:00:00Z","2024-09-08T04:00:00Z","Spend","cd-893346","commit-3346",NULL,"Used","Committed Use Discount",NULL,216.6300000000,"Hours",NULL,340.06577400000003,1.5698,306.0591966,"Google","Google",459.558882,2.1214,"Committed","USD",216.63,"Hours","Google","Google","europe-west1","Belgium","//compute.googleapis.com/projects/helios-labs/zones/europe-west1-a/instances/inst-6166",NULL,"Database Instance","Databases","Cloud SQL","Google","SAWD9WAFPR4RKZO0","Cloud SQL Hours",NULL,"QELK0T2IUROLSVNZ.ASIQB8F3","proj-helios-prod","helios-prod","BillingAccount","{""owner"": ""a.lovelace""}",NULL,"europe-west1-b","Usage-Based","INV-202409-47116","Relational Databases",1.5698,306.0591966,2.1214
"AllocatedMethodId-8549","AllocatedResourceId-3950","AllocatedResourceName-7025","{}",441.2220096,"8a93b2c1-1234-4abc-9def-0123456789ab","Contoso Cloud","BillingProfile","USD","2024-10-01T00:00:00Z","2024-09-01T00:00:00Z",NULL,NULL,"Usage",NULL,"Azure Functions Function App in UK South","2024-09-28T19:00:00Z","2024-09-28T18:00:00Z",NULL,NULL,NULL,NULL,NULL,NULL,NULL,226.1100000000,"Executions",NULL,551.527512,2.4392,441.2220096,"Microsoft","Microsoft",919.204983,4.0653,"Standard","USD",226.11,"Executions","Microsoft","Microsoft","uksouth","UK South","/subscriptions/8a93b2c1-1234-4abc-9def-0123456789ab/resourceGroups/rg-132/providers/Microsoft.Compute/virtualMachines/vm-433",NULL,"Function App","Compute","Azure Functions","Microsoft","YHQK8C5AKA3A1PWG","Azure Functions Executions",NULL,"UEE4VNPH2DIWNP54.A8YDTP34","sub-4d3e","Sandbox","BillingProfile","{""owner"": ""g.hopper"", ""cost_center"": ""CC-1001"", ""application"": ""AtlasPortal""}",NULL,NULL,"Usage-Based","INV-202409-55296","Serverless Compute",2.4392,441.2220096,4.0653
"AllocatedMethodId-6321","AllocatedResourceId-3765","AllocatedResourceName-4010","{}",126.95204606,"8a93b2c1-1234-4abc-9def-0123456789ab","Contoso Cloud","BillingProfile","USD","2024-10-01T00:00:00Z","2024-09-01T00:00:00Z",NULL,NULL,"Usage",NULL,"Azure Kubernetes Service Cluster in East US","2024-09-06T22:00:00Z","2024-09-06T21:00:00Z",NULL,NULL,NULL,NULL,NULL,NULL,NULL,115.2200000000,"Hours",NULL,130.87839799999998,1.1359,126.95204606,"Microsoft","Microsoft",130.87839799999998,1.1359,"Standard","USD",115.22,"Hours","Microsoft","Microsoft","eastus","East US","/subscriptions/8a93b2c1-1234-4abc-9def-0123456789ab/resourceGroups/rg-305/providers/Microsoft.Compute/virtualMachines/vm-3804",NULL,"Cluster","Compute","Azure Kubernetes Service","Microsoft","GWF06OS8TKJ01MFX","Azure Kubernetes Service Hours",NULL,"TNBBNTHPEWYVMY15.FNZT0MVF","sub-2b7c","Staging","BillingProfile","{""team"": ""growth"", ""business_unit"": ""ViennaAI"", ""owner"": ""g.hopper""}",NULL,NULL,"Usage-Based","INV-202409-49515","Containers",1.1359,126.95204606,1.1359
"AllocatedMethodId-6672","AllocatedResourceId-3054","AllocatedResourceName-7232","{}",673.38886608,"8a93b2c1-1234-4abc-9def-0123456789ab","Contoso Cloud","BillingProfile","USD","2024-10-01T00:00:00Z","2024-09-01T00:00:00Z",NULL,NULL,"Usage",NULL,"Azure Blob Storage Storage Account in West Europe","2024-09-30T08:00:00Z","2024-09-30T07:00:00Z","Spend","cd-899275","commit-9275",NULL,"Unused","Committed Use Discount",NULL,NULL,NULL,NULL,801.653412,2.4294,673.38886608,"Microsoft","Microsoft",1196.474482,3.6259,"Committed","USD",329.98,"GB","Microsoft","Microsoft","westeurope","West Europe","/subscriptions/8a93b2c1-1234-4abc-9def-0123456789ab/resourceGroups/rg-661/providers/Microsoft.Compute/virtualMachines/vm-4074",NULL,"Storage Account","Storage","Azure Blob Storage","Microsoft","OWLH5AYSA1SFJMEU","Azure Blob Storage GB",NULL,"RCJTQ36NA2VAGZMJ.5BMRHQGB","sub-2b7c","Staging","BillingProfile","{""business_unit"": ""LisbonOps"", ""team"": ""growth""}",NULL,NULL,"Usage-Based","INV-202409-98573","Object Storage",2.4294,673.38886608,3.6259
"AllocatedMethodId-9924","AllocatedResourceId-5639","AllocatedResourceName-6345","{}",139.07069064,"ocid1.tenancy.oc1..aaaa1234","Meridian OCI","Tenancy","USD","2024-10-01T00:00:00Z","2024-09-01T00:00:00Z",NULL,NULL,"Usage",NULL,"Oracle Object Storage Bucket in UK South (London)","2024-09-08T04:00:00Z","2024-09-08T03:00:00Z",NULL,NULL,NULL,NULL,NULL,NULL,NULL,37.0800000000,"GB",NULL,141.908868,3.8271,139.07069064,"Oracle","Oracle",168.94018799999998,4.5561,"Other","USD",37.08,"GB","Oracle","Oracle","uk-london-1","UK South (London)","ocid1.instance.oc1.uk-london-1.0091b770bc7a",NULL,"Bucket","Storage","Oracle Object Storage","Oracle","TY4LY60MAFONOI59","Oracle Object Storage GB",NULL,"9IG2AK04HYESSG8W.HT3W1H0C","ocid1.compartment.oc1..dev","development","Tenancy","{""team"": ""infra""}",NULL,"uk-london-1-AD-2","Usage-Based","INV-202409-37375","Object Storage",3.8271,139.07069064,4.5561
"AllocatedMethodId-9862","AllocatedResourceId-6887","AllocatedResourceName-2107","{}",217.24004592,"8a93b2c1-1234-4abc-9def-0123456789ab","Contoso Cloud","BillingProfile","USD","2024-10-01T00:00:00Z","2024-09-01T00:00:00Z",NULL,NULL,"Usage",NULL,"Azure Kubernetes Service Cluster in East US","2024-09-23T00:00:00Z","2024-09-22T23:00:00Z","Spend","cd-188740","commit-8740",NULL,"Unused","Committed Use Discount",NULL,NULL,NULL,NULL,301.722286,1.3163,217.24004592,"Microsoft","Microsoft",359.18773999999996,1.5670,"Committed","USD",229.22,"Hours","Microsoft","Microsoft","eastus","East US","/subscriptions/8a93b2c1-1234-4abc-9def-0123456789ab/resourceGroups/rg-337/providers/Microsoft.Compute/virtualMachines/vm-5258",NULL,"Cluster","Compute","Azure Kubernetes Service","Microsoft","C96VC1AMDOS4EFLD","Azure Kubernetes Service Hours",NULL,"I4NBIO7XVGIJC3JJ.MCNPX9JO","sub-2b7c","Staging","BillingProfile","{""business_unit"": ""MarseilleSRE"", ""cost_center"": ""CC-1001"", ""environment"": ""staging""}",NULL,NULL,"Usage-Based","INV-202409-39400","Containers",1.3163,217.24004592,1.5670
"AllocatedMethodId-9482","AllocatedResourceId-5451","AllocatedResourceName-4893","{}",406.3572646,"123456789012","SunBird","BillingAccount","USD","2024-10-01T00:00:00Z","2024-09-01T00:00:00Z",NULL,NULL,"Adjustment",NULL,"AWS Lambda Function in US East (N. Virginia)","2024-09-27T18:00:00Z","2024-09-27T17:00:00Z","Usage","cd-963718","commit-3718",NULL,"Used","Committed Use Discount",NULL,NULL,NULL,NULL,580.510378,2.3354,406.3572646,"AWS","AWS",921.44899,3.7070,"Committed","USD",248.57,"Requests","AWS","AWS","us-east-1","US East (N. Virginia)",NULL,NULL,NULL,"Compute","AWS Lambda","AWS","ZA9SLIY0VGTQQ6YV","AWS Lambda Requests",NULL,"3RMBZJBY7ET9TH62.JDL6FENA","517389287820","Atlas Nimbus","BillingAccount","{""team"": ""payments"", ""owner"": ""g.hopper""}",NULL,NULL,"One-Time","INV-202409-10617","Serverless Compute",2.3354,406.3572646,3.7070
"AllocatedMethodId-5821","AllocatedResourceId-2252","AllocatedResourceName-1617","{}",68.883048,"8a93b2c1-1234-4abc-9def-0123456789ab","Contoso Cloud","BillingProfile","USD","2024-10-01T00:00:00Z","2024-09-01T00:00:00Z",NULL,NULL,"Usage",NULL,"Azure Functions Function App in East US","2024-09-04T15:00:00Z","2024-09-04T14:00:00Z",NULL,NULL,NULL,NULL,NULL,NULL,NULL,377.4000000000,"Executions",NULL,88.3116,0.2340,68.883048,"Microsoft","Microsoft",142.43076,0.3774,"Standard","USD",377.40,"Executions","Microsoft","Microsoft","eastus","East US","/subscriptions/8a93b2c1-1234-4abc-9def-0123456789ab/resourceGroups/rg-425/providers/Microsoft.Compute/virtualMachines/vm-6001",NULL,"Function App","Compute","Azure Functions","Microsoft","RVDSSPK2GK9AJ7RQ","Azure Functions Executions",NULL,"H0FYN0LRD77VH1OI.P6GM5AU4","sub-2b7c","Staging","BillingProfile","{""owner"": ""k.johnson""}",NULL,NULL,"Usage-Based","INV-202409-97127","Serverless Compute",0.2340,68.883048,0.3774
"AllocatedMethodId-1241","AllocatedResourceId-2595","AllocatedResourceName-5434","{}",118.20795816,"8a93b2c1-1234-4abc-9def-0123456789ab","Contoso Cloud","BillingProfile","USD","2024-10-01T00:00:00Z","2024-09-01T00:00:00Z",NULL,NULL,"Usage",NULL,"Azure Kubernetes Service Cluster in UK South","2024-09-08T12:00:00Z","2024-09-08T11:00:00Z",NULL,NULL,NULL,NULL,NULL,NULL,NULL,300.4900000000,"Hours",NULL,159.74048399999998,0.5316,118.20795816,"Microsoft","Microsoft",183.59939,0.6110,"Standard","USD",300.49,"Hours","Microsoft","Microsoft","uksouth","UK South","/subscriptions/8a93b2c1-1234-4abc-9def-0123456789ab/resourceGroups/rg-89/providers/Microsoft.Compute/virtualMachines/vm-2849",NULL,"Cluster","Compute","Azure Kubernetes Service","Microsoft","H0SR106R4GMKDGDL","Azure Kubernetes Service Hours",NULL,"GV7VHG9X7FHDGSYC.IMXPVZ6K","sub-9a1f","Production","BillingProfile","{""business_unit"": ""MarseilleSRE"", ""application"": ""AtlasPortal"", ""team"": ""infra""}",NULL,NULL,"Usage-Based","INV-202409-76879","Containers",0.5316,118.20795816,0.6110
"AllocatedMethodId-5489","AllocatedResourceId-5842","AllocatedResourceName-6064","{}",412.63654776,"123456789012","SunBird","BillingAccount","USD","2024-10-01T00:00:00Z","2024-09-01T00:00:00Z",NULL,NULL,"Usage",NULL,"Elastic Load Balancing Load Balancer in US East (N. Virginia)","2024-09-30T14:00:00Z","2024-09-30T13:00:00Z",NULL,NULL,NULL,NULL,NULL,NULL,NULL,406.0600000000,"LCU-Hours",NULL,542.942826,1.3371,412.63654776,"AWS","AWS",810.333336,1.9956,"Standard","USD",406.06,"LCU-Hours","AWS","AWS","us-east-1","US East (N. Virginia)","arn:aws:ec2:us-east-1:123456789012:instance/i-008d7690298f",NULL,"Load Balancer","Networking","Elastic Load Balancing","AWS","799R363F8EM8OT52","Elastic Load Balancing LCU-Hours",NULL,"CWFAQ4OA9BL7KGNH.FT6LTFTO","517389287820","Atlas Nimbus","BillingAccount",NULL,NULL,NULL,"Usage-Based","INV-202409-12740","Application Networking",1.3371,412.63654776,1.9956
"AllocatedMethodId-5195","AllocatedResourceId-1913","AllocatedResourceName-6350","{}",440.8961166,"ocid1.tenancy.oc1..aaaa1234","Meridian OCI","Tenancy","USD","2024-10-01T00:00:00Z","2024-09-01T00:00:00Z",NULL,NULL,"Usage",NULL,"Oracle Load Balancer Load Balancer in UK South (London)","2024-09-07T07:00:00Z","2024-09-07T06:00:00Z",NULL,NULL,NULL,NULL,NULL,NULL,NULL,150.1700000000,"Hours",NULL,489.88457399999993,3.2622,440.8961166,"Oracle","Oracle",699.837251,4.6603,"Standard","USD",150.17,"Hours","Oracle","Oracle","uk-london-1","UK South (London)","ocid1.instance.oc1.uk-london-1.005958207d0f",NULL,"Load Balancer","Networking","Oracle Load Balancer","Oracle","GXFFMCNB2YYE4AYG","Oracle Load Balancer Hours",NULL,"YZ9R0T8IB75I7T7E.6G8YZIOR","ocid1.compartment.oc1..dev","development","Tenancy","{""cost_center"": ""CC-1001"", ""owner"": ""g.hopper""}",NULL,"us-ashburn-1-AD-1","Usage-Based","INV-202409-43346","Application Networking",3.2622,440.8961166,4.6603
"AllocatedMethodId-7293","AllocatedResourceId-5559","AllocatedResourceName-2652","{}",881.50535744,"01ABCD-2345EF-6789GH","Helios Labs","BillingAccount","USD","2024-10-01T00:00:00Z","2024-09-01T00:00:00Z",NULL,NULL,"Adjustment",NULL,"BigQuery Dataset in Belgium","2024-09-22T07:00:00Z","2024-09-22T06:00:00Z",NULL,NULL,NULL,NULL,NULL,NULL,NULL,NULL,NULL,NULL,1296.331408,3.2782,881.50535744,"Google","Google",1543.244144,3.9026,"Standard","USD",395.44,"GiB","Google","Google","europe-west1","Belgium",NULL,NULL,NULL,"Analytics","BigQuery","Google","E0ARSH4KMEBE2DY1","BigQuery GiB",NULL,"7YP2IG8X9NW6QDT4.CX3FK0UY","proj-helios-dev","helios-dev","BillingAccount",NULL,NULL,NULL,"One-Time","INV-202409-55411","Data Warehouses",3.2782,881.50535744,3.9026
"AllocatedMethodId-3029","AllocatedResourceId-1054","AllocatedResourceName-2057","{}",1035.6414249,"ocid1.tenancy.oc1..aaaa1234","Meridian OCI","Tenancy","USD","2024-10-01T00:00:00Z","2024-09-01T00:00:00Z",NULL,NULL,"Usage",NULL,"Oracle Autonomous Database Database in UK South (London)","2024-09-18T22:00:00Z","2024-09-18T21:00:00Z",NULL,NULL,NULL,NULL,NULL,NULL,NULL,386.5300000000,"Hours",NULL,1113.5929299999998,2.8810,1035.6414249,"Oracle","Oracle",1825.5811899999999,4.7230,"Dynamic","USD",386.53,"Hours","Oracle","Oracle","uk-london-1","UK South (London)","ocid1.instance.oc1.uk-london-1.009de8b8b785",NULL,"Database","Databases","Oracle Autonomous Database","Oracle","MX15L0LXVIW30FWB","Oracle Autonomous Database Hours",NULL,"PMW6Q8D70E617MAQ.NRJK58XN","ocid1.compartment.oc1..dev","development","Tenancy","{""application"": ""BrightLensMatrix""}",NULL,NULL,"Usage-Based","INV-202409-27141","Relational Databases",2.8810,1035.6414249,4.7230
"AllocatedMethodId-7734","AllocatedResourceId-5901","AllocatedResourceName-3947","{}",277.24803,"8a93b2c1-1234-4abc-9def-0123456789ab","Contoso Cloud","BillingProfile","USD","2024-10-01T00:00:00Z","2024-09-01T00:00:00Z",NULL,NULL,"Usage",NULL,"Azure Blob Storage Storage Account in West Europe","2024-09-25T03:00:00Z","2024-09-25T02:00:00Z",NULL,NULL,NULL,NULL,NULL,NULL,NULL,123.6500000000,"GB",NULL,374.6595,3.0300,277.24803,"Microsoft","Microsoft",576.394475,4.6615,"Standard","USD",123.65,"GB","Microsoft","Microsoft","westeurope","West Europe","/subscriptions/8a93b2c1-1234-4abc-9def-0123456789ab/resourceGroups/rg-187/providers/Microsoft.Compute/virtualMachines/vm-2329",NULL,"Storage Account","Storage","Azure Blob Storage","Microsoft","W295CCUDJ3ARZMZE","Azure Blob Storage GB",NULL,"H7M70R78MYI00F0M.Y24E33UL","sub-9a1f","Production","BillingProfile","{""cost_center"": ""CC-2042"", ""application"": ""BrightLensMatrix"", ""owner"": ""k.johnson""}",NULL,"uksouth-1","Usage-Based","INV-202409-88345","Object Storage",3.0300,277.24803,4.6615
"AllocatedMethodId-6924","AllocatedResourceId-1625","AllocatedResourceName-9736","{}",385.29582294,"ocid1.tenancy.oc1..aaaa1234","Meridian OCI","Tenancy","USD","2024-10-01T00:00:00Z","2024-09-01T00:00:00Z",NULL,NULL,"Tax",NULL,"Tax charge in US East (Ashburn)","2024-09-12T15:00:00Z","2024-09-12T14:00:00Z",NULL,NULL,NULL,NULL,NULL,NULL,NULL,NULL,NULL,NULL,385.29582294,NULL,385.29582294,"Oracle","Oracle",385.29582294,NULL,NULL,"USD",NULL,NULL,"Oracle","Oracle",NULL,NULL,NULL,NULL,NULL,"Other","Tax","Oracle",NULL,NULL,NULL,NULL,"ocid1.compartment.oc1..dev","development","Tenancy","{""environment"": ""dev"", ""business_unit"": ""LisbonOps"", ""cost_center"": ""CC-2042""}",NULL,NULL,"One-Time","INV-202409-14646","Other (Security)",NULL,385.29582294,NULL
"AllocatedMethodId-1188","AllocatedResourceId-4963","AllocatedResourceName-6010","{}",860.3055538,"ocid1.tenancy.oc1..aaaa1234","Meridian OCI","Tenancy","USD","2024-10-01T00:00:00Z","2024-09-01T00:00:00Z",NULL,NULL,"Usage",NULL,"Oracle Autonomous Database Database in UK South (London)","2024-09-14T18:00:00Z","2024-09-14T17:00:00Z",NULL,NULL,NULL,NULL,NULL,NULL,NULL,421.3000000000,"Hours",NULL,877.86281,2.0837,860.3055538,"Oracle","Oracle",1125.46082,2.6714,"Standard","USD",421.30,"Hours","Oracle","Oracle","uk-london-1","UK South (London)","ocid1.instance.oc1.uk-london-1.00ab34056b11",NULL,"Database","Databases","Oracle Autonomous Database","Oracle","M73D2RFTKBGPR8TN","Oracle Autonomous Database Hours",NULL,"9L8ETBSYLT481MW2.LN0K4OOD","ocid1.compartment.oc1..prod","production","Tenancy","{""cost_center"": ""CC-3090"", ""team"": ""growth"", ""owner"": ""a.lovelace""}",NULL,"us-ashburn-1-AD-1","Usage-Based","INV-202409-75739","Relational Databases",2.0837,860.3055538,2.6714
"AllocatedMethodId-6642","AllocatedResourceId-7986","AllocatedResourceName-7262","{}",375.965685,"01ABCD-2345EF-6789GH","Helios Labs","BillingAccount","USD","2024-10-01T00:00:00Z","2024-09-01T00:00:00Z",NULL,NULL,"Usage",NULL,"Cloud SQL Database Instance in Singapore","2024-09-29T00:00:00Z","2024-09-28T23:00:00Z",NULL,NULL,NULL,NULL,NULL,NULL,NULL,482.1000000000,"Hours",NULL,417.73965000000004,0.8665,375.965685,"Google","Google",430.65993000000003,0.8933,"Standard","USD",482.10,"Hours","Google","Google","asia-southeast1","Singapore","//compute.googleapis.com/projects/helios-labs/zones/asia-southeast1-a/instances/inst-4942",NULL,"Database Instance","Databases","Cloud SQL","Google","D4AE6RZ20E3BXHFC","Cloud SQL Hours",NULL,"NWZKU4ZIEDCJ7BW3.VXBBDQTR","proj-helios-dev","helios-dev","BillingAccount","{""business_unit"": ""LisbonOps"", ""owner"": ""a.lovelace"", ""team"": ""infra""}",NULL,"asia-southeast1-c","Usage-Based","INV-202409-19659","Relational Databases",0.8665,375.965685,0.8933
"AllocatedMethodId-5682","AllocatedResourceId-8163","AllocatedResourceName-6644","{}",135.67078381,"8a93b2c1-1234-4abc-9def-0123456789ab","Contoso Cloud","BillingProfile","USD","2024-10-01T00:00:00Z","2024-09-01T00:00:00Z",NULL,NULL,"Usage",NULL,"Virtual Machines Virtual Machine in Southeast Asia","2024-09-20T04:00:00Z","2024-09-20T03:00:00Z","Spend","cd-434827","commit-4827",NULL,"Used","Committed Use Discount",NULL,77.3900000000,"Hours",NULL,222.41112099999998,2.8739,135.67078381,"Microsoft","Microsoft",342.172146,4.4214,"Dynamic","USD",77.39,"Hours","Microsoft","Microsoft","southeastasia","Southeast Asia","/subscriptions/8a93b2c1-1234-4abc-9def-0123456789ab/resourceGroups/rg-313/providers/Microsoft.Compute/virtualMachines/vm-3314",NULL,"Virtual Machine","Compute","Virtual Machines","Microsoft","4ZB3LANJR7MJO34X","Virtual Machines Hours",NULL,"054RYY8UNLRHS6SJ.0969C52W","sub-4d3e","Sandbox","BillingProfile","{""business_unit"": ""MarseilleSRE""}",NULL,"eastus-1","Usage-Based","INV-202409-72423","Virtual Machines",2.8739,135.67078381,4.4214
"AllocatedMethodId-5632","AllocatedResourceId-3862","AllocatedResourceName-1150","{}",231.2953657,"01ABCD-2345EF-6789GH","Helios Labs","BillingAccount","USD","2024-10-01T00:00:00Z","2024-09-01T00:00:00Z",NULL,NULL,"Usage",NULL,"Cloud Load Balancing Forwarding Rule in Northern Virginia","2024-09-17T20:00:00Z","2024-09-17T19:00:00Z",NULL,NULL,NULL,NULL,NULL,NULL,NULL,290.8900000000,"Hours",NULL,330.421951,1.1359,231.2953657,"Google","Google",402.96991699999995,1.3853,"Other","USD",290.89,"Hours","Google","Google","us-east4","Northern Virginia","//compute.googleapis.com/projects/helios-labs/zones/us-east4-a/instances/inst-4135",NULL,"Forwarding Rule","Networking","Cloud Load Balancing","Google","NUGF9347ZPQERS94","Cloud Load Balancing Hours",NULL,"52T20M2EBME782L5.50D0867Y","proj-helios-dev","helios-dev","BillingAccount","{""cost_center"": ""CC-1001"", ""owner"": ""a.turing"", ""business_unit"": ""OsloData""}",NULL,"asia-southeast1-c","Usage-Based","INV-202409-67421","Application Networking",1.1359,231.2953657,1.3853
"AllocatedMethodId-5308","AllocatedResourceId-7321","AllocatedResourceName-7128","{}",212.2548393,"01ABCD-2345EF-6789GH","Helios Labs","BillingAccount","USD","2024-10-01T00:00:00Z","2024-09-01T00:00:00Z",NULL,NULL,"Usage",NULL,"Cloud Load Balancing Forwarding Rule in Iowa","2024-09-21T02:00:00Z","2024-09-21T01:00:00Z",NULL,NULL,NULL,NULL,NULL,NULL,NULL,87.7300000000,"Hours",NULL,303.221199,3.4563,212.2548393,"Google","Google",360.97385800000006,4.1146,"Dynamic","USD",87.73,"Hours","Google","Google","us-central1","Iowa","//compute.googleapis.com/projects/helios-labs/zones/us-central1-a/instances/inst-1284",NULL,"Forwarding Rule","Networking","Cloud Load Balancing","Google","HWOFIESEO7I64D81","Cloud Load Balancing Hours",NULL,"61UGQ10DG5AWP03C.GVXKLYTE","proj-helios-dev","helios-dev","BillingAccount",NULL,NULL,NULL,"Usage-Based","INV-202409-27527","Application Networking",3.4563,212.2548393,4.1146
"AllocatedMethodId-9404","AllocatedResourceId-1162","AllocatedResourceName-9591","{}",135.82932264,"01ABCD-2345EF-6789GH","Helios Labs","BillingAccount","USD","2024-10-01T00:00:00Z","2024-09-01T00:00:00Z",NULL,NULL,"Usage",NULL,"Cloud Storage Bucket in Singapore","2024-09-24T23:00:00Z","2024-09-24T22:00:00Z",NULL,NULL,NULL,NULL,NULL,NULL,NULL,459.7900000000,"GiB",NULL,205.802004,0.4476,135.82932264,"Google","Google",263.827502,0.5738,"Standard","USD",459.79,"GiB","Google","Google","asia-southeast1","Singapore","//compute.googleapis.com/projects/helios-labs/zones/asia-southeast1-a/instances/inst-8510",NULL,"Bucket","Storage","Cloud Storage","Google","HFNF6DDJFR7DC8Q2","Cloud Storage GiB",NULL,"UVX25PSNJ9LOEMIE.9P0YQ7PW","proj-helios-dev","helios-dev","BillingAccount",NULL,NULL,NULL,"Usage-Based","INV-202409-87020","Object Storage",0.4476,135.82932264,0.5738
"AllocatedMethodId-1725","AllocatedResourceId-9448","AllocatedResourceName-2508","{}",613.97372652,"01ABCD-2345EF-6789GH","Helios Labs","BillingAccount","USD","2024-10-01T00:00:00Z","2024-09-01T00:00:00Z",NULL,NULL,"Usage",NULL,"BigQuery Dataset in Northern Virginia","2024-09-06T22:00:00Z","2024-09-06T21:00:00Z",NULL,NULL,NULL,NULL,NULL,NULL,NULL,446.2800000000,"GiB",NULL,797.368476,1.7867,613.97372652,"Google","Google",1139.0850719999999,2.5524,"Dynamic","USD",446.28,"GiB","Google","Google","us-east4","Northern Virginia","//compute.googleapis.com/projects/helios-labs/zones/us-east4-a/instances/inst-5441",NULL,"Dataset","Analytics","BigQuery","Google","7RW8BDYZBT37MD0J","BigQuery GiB",NULL,"1SZV6895LRRTYPFJ.7RICL3TP","proj-helios-prod","helios-prod","BillingAccount","{""team"": ""platform""}",NULL,NULL,"Usage-Based","INV-202409-99846","Data Warehouses",1.7867,613.97372652,2.5524
"AllocatedMethodId-4576","AllocatedResourceId-4800","AllocatedResourceName-9925","{}",18.0226926,"123456789012","SunBird","BillingAccount","USD","2024-10-01T00:00:00Z","2024-09-01T00:00:00Z",NULL,NULL,"Adjustment",NULL,"Amazon Simple Storage Service Bucket in US West (Oregon)","2024-09-08T19:00:00Z","2024-09-08T18:00:00Z",NULL,NULL,NULL,NULL,NULL,NULL,NULL,NULL,NULL,NULL,24.354989999999997,0.5055,18.0226926,"AWS","AWS",33.36465,0.6925,"Other","USD",48.18,"GB","AWS","AWS","us-west-2","US West (Oregon)",NULL,NULL,NULL,"Storage","Amazon Simple Storage Service","AWS","GYVKO5AA8254XEDC","Amazon Simple Storage Service GB",NULL,"NLK1B4PS36SPK13Q.8T1ROEDN","517389287820","Atlas Nimbus","BillingAccount","{""business_unit"": ""OsloData""}",NULL,NULL,"One-Time","INV-202409-28393","Object Storage",0.5055,18.0226926,0.6925
"AllocatedMethodId-4455","AllocatedResourceId-2918","AllocatedResourceName-1679","{}",240.90590435,"01ABCD-2345EF-6789GH","Helios Labs","BillingAccount","USD","2024-10-01T00:00:00Z","2024-09-01T00:00:00Z",NULL,NULL,"Usage",NULL,"Cloud SQL Database Instance in Belgium","2024-09-19T14:00:00Z","2024-09-19T13:00:00Z",NULL,NULL,NULL,NULL,NULL,NULL,NULL,177.7700000000,"Hours",NULL,283.41871100000003,1.5943,240.90590435,"Google","Google",304.751111,1.7143,"Other","USD",177.77,"Hours","Google","Google","europe-west1","Belgium","//compute.googleapis.com/projects/helios-labs/zones/europe-west1-a/instances/inst-5189",NULL,"Database Instance","Databases","Cloud SQL","Google","FJWX667MKNB48HRH","Cloud SQL Hours",NULL,"IV3B02D35LTQVT4U.2EGOHX07","proj-helios-dev","helios-dev","BillingAccount","{""cost_center"": ""CC-2042"", ""owner"": ""g.hopper""}",NULL,"us-central1-a","Usage-Based","INV-202409-73761","Relational Databases",1.5943,240.90590435,1.7143
"AllocatedMethodId-7783","AllocatedResourceId-3351","AllocatedResourceName-4095","{}",868.164143,"8a93b2c1-1234-4abc-9def-0123456789ab","Contoso Cloud","BillingProfile","USD","2024-10-01T00:00:00Z","2024-09-01T00:00:00Z",NULL,NULL,"Usage",NULL,"Azure SQL Database SQL Database in West Europe","2024-09-13T15:00:00Z","2024-09-13T14:00:00Z",NULL,NULL,NULL,NULL,NULL,NULL,NULL,443.0200000000,"Hours",NULL,1127.4859,2.5450,868.164143,"Microsoft","Microsoft",1266.81569,2.8595,"Dynamic","USD",443.02,"Hours","Microsoft","Microsoft","westeurope","West Europe","/subscriptions/8a93b2c1-1234-4abc-9def-0123456789ab/resourceGroups/rg-134/providers/Microsoft.Compute/virtualMachines/vm-4597",NULL,"SQL Database","Databases","Azure SQL Database","Microsoft","4IYML4WCL5EJYTLH","Azure SQL Database Hours",NULL,"ALP92K79B5P10T5C.YUAHZROP","sub-2b7c","Staging","BillingProfile","{""application"": ""BrightSourceCore"", ""owner"": ""k.johnson"", ""cost_center"": ""CC-3090""}",NULL,NULL,"Usage-Based","INV-202409-55284","Relational Databases",2.5450,868.164143,2.8595
"AllocatedMethodId-2984","AllocatedResourceId-7958","AllocatedResourceName-1325","{}",311.1197076,"01ABCD-2345EF-6789GH","Helios Labs","BillingAccount","USD","2024-10-01T00:00:00Z","2024-09-01T00:00:00Z",NULL,NULL,"Usage",NULL,"Compute Engine VM Instance in Belgium","2024-09-04T08:00:00Z","2024-09-04T07:00:00Z","Spend","cd-246805","commit-6805",NULL,"Used","Reserved Instance",NULL,235.8000000000,"Hours",NULL,501.80598,2.1281,311.1197076,"Google","Google",809.35992,3.4324,"Committed","USD",235.80,"Hours","Google","Google","europe-west1","Belgium","//compute.googleapis.com/projects/helios-labs/zones/europe-west1-a/instances/inst-2277",NULL,"VM Instance","Compute","Compute Engine","Google","WYD77BS1YE2HAFS4","Compute Engine Hours",NULL,"8LQ3WGH5MCZ0UDZ6.76X31CL3","proj-helios-prod","helios-prod","BillingAccount","{""owner"": ""g.hopper""}",NULL,"asia-southeast1-c","Usage-Based","INV-202409-35802","Virtual Machines",2.1281,311.1197076,3.4324
"AllocatedMethodId-9883","AllocatedResourceId-4653","AllocatedResourceName-4656","{}",12.9410138,"8a93b2c1-1234-4abc-9def-0123456789ab","Contoso Cloud","BillingProfile","USD","2024-10-01T00:00:00Z","2024-09-01T00:00:00Z",NULL,NULL,"Usage",NULL,"Azure SQL Database SQL Database in East US","2024-09-30T10:00:00Z","2024-09-30T09:00:00Z",NULL,NULL,NULL,NULL,NULL,NULL,NULL,7.8100000000,"Hours",NULL,19.909252,2.5492,12.9410138,"Microsoft","Microsoft",32.111596,4.1116,"Standard","USD",7.81,"Hours","Microsoft","Microsoft","eastus","East US","/subscriptions/8a93b2c1-1234-4abc-9def-0123456789ab/resourceGroups/rg-18/providers/Microsoft.Compute/virtualMachines/vm-6871",NULL,"SQL Database","Databases","Azure SQL Database","Microsoft","1QU1TY80Y3ZQ0HRK","Azure SQL Database Hours",NULL,"6TABAAHN2QM26R5G.B4P6LMLJ","sub-9a1f","Production","BillingProfile","{""owner"": ""k.johnson""}",NULL,"westeurope-2","Usage-Based","INV-202409-52613","Relational Databases",2.5492,12.9410138,4.1116
"AllocatedMethodId-3225","AllocatedResourceId-4155","AllocatedResourceName-9047","{}",28.890768,"ocid1.tenancy.oc1..aaaa1234","Meridian OCI","Tenancy","USD","2024-10-01T00:00:00Z","2024-09-01T00:00:00Z",NULL,NULL,"Credit",NULL,"Oracle Functions Function in US East (Ashburn)","2024-09-09T23:00:00Z","2024-09-09T22:00:00Z",NULL,NULL,NULL,NULL,NULL,NULL,NULL,NULL,NULL,NULL,36.113459999999996,1.6260,28.890768,"Oracle","Oracle",38.014636,1.7116,"Standard","USD",22.21,"Invocations","Oracle","Oracle","us-ashburn-1","US East (Ashburn)",NULL,NULL,NULL,"Compute","Oracle Functions","Oracle","CBWFH7YKR5PNNT6F","Oracle Functions Invocations",NULL,"SDIZYOFUWW7DB64X.5V3VGNH6","ocid1.compartment.oc1..prod","production","Tenancy","{""team"": ""platform"", ""application"": ""BrightLensMatrix""}",NULL,NULL,"One-Time","INV-202409-39277","Serverless Compute",1.6260,28.890768,1.7116
"AllocatedMethodId-7360","AllocatedResourceId-1175","AllocatedResourceName-6888","{}",63.5592373,"123456789012","SunBird","BillingAccount","USD","2024-10-01T00:00:00Z","2024-09-01T00:00:00Z",NULL,NULL,"Usage",NULL,"AWS Lambda Function in Europe (Ireland)","2024-09-11T23:00:00Z","2024-09-11T22:00:00Z",NULL,NULL,NULL,NULL,NULL,NULL,NULL,159.8500000000,"Requests",NULL,77.511265,0.4849,63.5592373,"AWS","AWS",84.256935,0.5271,"Other","USD",159.85,"Requests","AWS","AWS","eu-west-1","Europe (Ireland)","arn:aws:ec2:eu-west-1:123456789012:instance/i-005f05ddf728",NULL,"Function","Compute","AWS Lambda","AWS","U3CE42PO5CED1XMZ","AWS Lambda Requests",NULL,"CWS5FL4OFC8JYK43.U0A1BTH6","438839167390","Zenith Eclipse","BillingAccount","{""business_unit"": ""MarseilleSRE"", ""application"": ""BrightSourceCore"", ""owner"": ""g.hopper""}",NULL,NULL,"Usage-Based","INV-202409-66840","Serverless Compute",0.4849,63.5592373,0.5271
"AllocatedMethodId-2587","AllocatedResourceId-1642","AllocatedResourceName-9305","{}",678.82922577,"ocid1.tenancy.oc1..aaaa1234","Meridian OCI","Tenancy","USD","2024-10-01T00:00:00Z","2024-09-01T00:00:00Z",NULL,NULL,"Usage",NULL,"Oracle Functions Function in US East (Ashburn)","2024-09-24T18:00:00Z","2024-09-24T17:00:00Z",NULL,NULL,NULL,NULL,NULL,NULL,NULL,431.7700000000,"Invocations",NULL,929.903049,2.1537,678.82922577,"Oracle","Oracle",1524.450339,3.5307,"Standard","USD",431.77,"Invocations","Oracle","Oracle","us-ashburn-1","US East (Ashburn)","ocid1.instance.oc1.us-ashburn-1.00337b35f917",NULL,"Function","Compute","Oracle Functions","Oracle","QI60G7ZH4UZ81NQU","Oracle Functions Invocations",NULL,"RYRKLB0JVV7PDAMW.8D93XZPQ","ocid1.compartment.oc1..prod","production","Tenancy","{""environment"": ""staging"", ""application"": ""BrightSourceCore"", ""team"": ""payments""}",NULL,NULL,"Usage-Based","INV-202409-47990","Serverless Compute",2.1537,678.82922577,3.5307
"AllocatedMethodId-4912","AllocatedResourceId-1966","AllocatedResourceName-3760","{}",644.92045178,"01ABCD-2345EF-6789GH","Helios Labs","BillingAccount","USD","2024-10-01T00:00:00Z","2024-09-01T00:00:00Z",NULL,NULL,"Usage",NULL,"Cloud Storage Bucket in Singapore","2024-09-04T16:00:00Z","2024-09-04T15:00:00Z",NULL,NULL,NULL,NULL,NULL,NULL,NULL,220.3300000000,"GiB",NULL,686.085587,3.1139,644.92045178,"Google","Google",1089.0250910000002,4.9427,"Standard","USD",220.33,"GiB","Google","Google","asia-southeast1","Singapore","//compute.googleapis.com/projects/helios-labs/zones/asia-southeast1-a/instances/inst-4622",NULL,"Bucket","Storage","Cloud Storage","Google","MI6F9FY4F52GHAOS","Cloud Storage GiB",NULL,"CLD5O1E5TU3QG4E6.R7ABDBAF","proj-helios-prod","helios-prod","BillingAccount","{""business_unit"": ""ViennaAI""}",NULL,"asia-southeast1-c","Usage-Based","INV-202409-39840","Object Storage",3.1139,644.92045178,4.9427
"AllocatedMethodId-3221","AllocatedResourceId-7176","AllocatedResourceName-7605","{}",792.61984512,"123456789012","SunBird","BillingAccount","USD","2024-10-01T00:00:00Z","2024-09-01T00:00:00Z",NULL,NULL,"Usage",NULL,"Amazon Relational Database Service Database Instance in US East (N. Virginia)","2024-09-01T09:00:00Z","2024-09-01T08:00:00Z",NULL,NULL,NULL,NULL,NULL,NULL,NULL,417.3300000000,"Hours",NULL,1238.468508,2.9676,792.61984512,"AWS","AWS",1608.3898199999999,3.8540,"Standard","USD",417.33,"Hours","AWS","AWS","us-east-1","US East (N. Virginia)","arn:aws:ec2:us-east-1:123456789012:instance/i-0089ed9c3400",NULL,"Database Instance","Databases","Amazon Relational Database Service","AWS","0SUYE7T19GX8MNZV","Amazon Relational Database Service Hours",NULL,"2T5CGS63HLA6OO7I.YW1H48Y8","438839167390","Zenith Eclipse","BillingAccount","{""application"": ""NimbusAPI"", ""cost_center"": ""CC-2042"", ""environment"": ""dev""}",NULL,"us-west-2b","Usage-Based","INV-202409-19238","Relational Databases",2.9676,792.61984512,3.8540
"AllocatedMethodId-5284","AllocatedResourceId-7596","AllocatedResourceName-1049","{}",920.9176405,"ocid1.tenancy.oc1..aaaa1234","Meridian OCI","Tenancy","USD","2024-10-01T00:00:00Z","2024-09-01T00:00:00Z",NULL,NULL,"Credit",NULL,"Oracle Load Balancer Load Balancer in Australia East (Sydney)","2024-09-17T11:00:00Z","2024-09-17T10:00:00Z","Spend","cd-806799","commit-6799",NULL,"Unused","Committed Use Discount",NULL,NULL,NULL,NULL,969.3869899999999,2.2226,920.9176405,"Oracle","Oracle",1589.15614,3.6436,"Committed","USD",436.15,"Hours","Oracle","Oracle","ap-sydney-1","Australia East (Sydney)",NULL,NULL,NULL,"Networking","Oracle Load Balancer","Oracle","X22U3514N6BC3UC0","Oracle Load Balancer Hours",NULL,"7IMP4POPR3SFL159.6ZV2D2P8","ocid1.compartment.oc1..prod","production","Tenancy","{""business_unit"": ""OsloData"", ""team"": ""infra""}",NULL,NULL,"One-Time","INV-202409-58245","Application Networking",2.2226,920.9176405,3.6436
"AllocatedMethodId-7922","AllocatedResourceId-7122","AllocatedResourceName-1770","{}",1.50387678,"01ABCD-2345EF-6789GH","Helios Labs","BillingAccount","USD","2024-10-01T00:00:00Z","2024-09-01T00:00:00Z",NULL,NULL,"Usage",NULL,"Cloud Storage Bucket in Iowa","2024-09-10T00:00:00Z","2024-09-09T23:00:00Z",NULL,NULL,NULL,NULL,NULL,NULL,NULL,1.5300000000,"GiB",NULL,1.728594,1.1298,1.50387678,"Google","Google",2.541942,1.6614,"Standard","USD",1.53,"GiB","Google","Google","us-central1","Iowa","//compute.googleapis.com/projects/helios-labs/zones/us-central1-a/instances/inst-6241",NULL,"Bucket","Storage","Cloud Storage","Google","ND678N5C2EA0IMFW","Cloud Storage GiB",NULL,"SOTSF5T3A8S8Z5HH.2KS7UYPQ","proj-helios-dev","helios-dev","BillingAccount","{""cost_center"": ""CC-3090"", ""application"": ""BrightSourceCore"", ""environment"": ""staging""}",NULL,"europe-west1-b","Usage-Based","INV-202409-36481","Object Storage",1.1298,1.50387678,1.6614
"AllocatedMethodId-9068","AllocatedResourceId-1930","AllocatedResourceName-2365","{}",361.38089232,"01ABCD-2345EF-6789GH","Helios Labs","BillingAccount","USD","2024-10-01T00:00:00Z","2024-09-01T00:00:00Z",NULL,NULL,"Tax",NULL,"Tax charge in Northern Virginia","2024-09-27T23:00:00Z","2024-09-27T22:00:00Z",NULL,NULL,NULL,NULL,NULL,NULL,NULL,NULL,NULL,NULL,361.38089232,NULL,361.38089232,"Google","Google",361.38089232,NULL,NULL,"USD",NULL,NULL,"Google","Google",NULL,NULL,NULL,NULL,NULL,"Other","Tax","Google",NULL,NULL,NULL,NULL,"proj-helios-prod","helios-prod","BillingAccount",NULL,NULL,NULL,"One-Time","INV-202409-97127","Other (Security)",NULL,361.38089232,NULL
"AllocatedMethodId-7728","AllocatedResourceId-7654","AllocatedResourceName-4168","{}",545.3335212,"8a93b2c1-1234-4abc-9def-0123456789ab","Contoso Cloud","BillingProfile","USD","2024-10-01T00:00:00Z","2024-09-01T00:00:00Z",NULL,NULL,"Usage",NULL,"Azure Blob Storage Storage Account in East US","2024-09-18T00:00:00Z","2024-09-17T23:00:00Z","Usage","cd-380770","commit-0770",NULL,"Used","Committed Use Discount",NULL,338.4600000000,"GB",NULL,838.974648,2.4788,545.3335212,"Microsoft","Microsoft",1048.71831,3.0985,"Standard","USD",338.46,"GB","Microsoft","Microsoft","eastus","East US","/subscriptions/8a93b2c1-1234-4abc-9def-0123456789ab/resourceGroups/rg-148/providers/Microsoft.Compute/virtualMachines/vm-8956",NULL,"Storage Account","Storage","Azure Blob Storage","Microsoft","9BJLFPG9ZCUCMTYG","Azure Blob Storage GB",NULL,"F4PSF4QFR0WXTUFL.PNVXE0TF","sub-2b7c","Staging","BillingProfile","{""team"": ""platform""}",NULL,NULL,"Usage-Based","INV-202409-55736","Object Storage",2.4788,545.3335212,3.0985
"AllocatedMethodId-7619","AllocatedResourceId-6963","AllocatedResourceName-2610","{}",237.40879266,"123456789012","SunBird","BillingAccount","USD","2024-10-01T00:00:00Z","2024-09-01T00:00:00Z",NULL,NULL,"Usage",NULL,"AWS Lambda Function in US West (Oregon)","2024-09-09T13:00:00Z","2024-09-09T12:00:00Z",NULL,NULL,NULL,NULL,NULL,NULL,NULL,153.8700000000,"Requests",NULL,304.370247,1.9781,237.40879266,"AWS","AWS",307.447647,1.9981,"Other","USD",153.87,"Requests","AWS","AWS","us-west-2","US West (Oregon)","arn:aws:ec2:us-west-2:123456789012:instance/i-0074b23fc5e4",NULL,"Function","Compute","AWS Lambda","AWS","OZQ3BZ11456GNQET","AWS Lambda Requests",NULL,"VJRR91REUNWBBQMW.E7RCYNJQ","438839167390","Zenith Eclipse","BillingAccount","{""business_unit"": ""ViennaAI""}",NULL,"us-east-1a","Usage-Based","INV-202409-93490","Serverless Compute",1.9781,237.40879266,1.9981
"AllocatedMethodId-2899","AllocatedResourceId-7790","AllocatedResourceName-9091","{}",1025.96590922,"8a93b2c1-1234-4abc-9def-0123456789ab","Contoso Cloud","BillingProfile","USD","2024-10-01T00:00:00Z","2024-09-01T00:00:00Z",NULL,NULL,"Usage",NULL,"Azure Blob Storage Storage Account in UK South","2024-09-03T03:00:00Z","2024-09-03T02:00:00Z",NULL,NULL,NULL,NULL,NULL,NULL,NULL,291.4300000000,"GB",NULL,1046.903989,3.5923,1025.96590922,"Microsoft","Microsoft",1261.338183,4.3281,"Other","USD",291.43,"GB","Microsoft","Microsoft","uksouth","UK South","/subscriptions/8a93b2c1-1234-4abc-9def-0123456789ab/resourceGroups/rg-751/providers/Microsoft.Compute/virtualMachines/vm-7531",NULL,"Storage Account","Storage","Azure Blob Storage","Microsoft","9GKBXDGYNPJPZIUO","Azure Blob Storage GB",NULL,"I91X5HHKSGI6NAB1.LP8H6NKR","sub-9a1f","Production","BillingProfile","{""cost_center"": ""CC-2042""}",NULL,NULL,"Usage-Based","INV-202409-57717","Object Storage",3.5923,1025.96590922,4.3281
"AllocatedMethodId-7150","AllocatedResourceId-3132","AllocatedResourceName-8998","{}",11.851125999999999,"123456789012","SunBird","BillingAccount","USD","2024-10-01T00:00:00Z","2024-09-01T00:00:00Z",NULL,NULL,"Purchase",NULL,"Amazon Simple Queue Service Queue in Asia Pacific (Sydney)","2024-09-06T06:00:00Z","2024-09-06T05:00:00Z",NULL,NULL,NULL,NULL,NULL,NULL,NULL,NULL,NULL,NULL,11.851125999999999,3.0079,0,"AWS","AWS",12.217546,3.1009,"Dynamic","USD",3.94,"Requests","AWS","AWS","ap-southeast-2","Asia Pacific (Sydney)","arn:aws:ec2:ap-southeast-2:123456789012:instance/i-0036d91ac71f",NULL,"Queue","Integration","Amazon Simple Queue Service","AWS","PNXNFXPW1K83ITWB","Amazon Simple Queue Service Requests",NULL,"RBQGR25F19K88LE8.ISSY9KGZ","438839167390","Zenith Eclipse","BillingAccount","{""environment"": ""dev""}",NULL,NULL,"Recurring","INV-202409-35505","Messaging",3.0079,0,3.1009
"AllocatedMethodId-3893","AllocatedResourceId-5042","AllocatedResourceName-3100","{}",638.5407349999999,"123456789012","SunBird","BillingAccount","USD","2024-10-01T00:00:00Z","2024-09-01T00:00:00Z",NULL,NULL,"Purchase",NULL,"Amazon Simple Storage Service Bucket in Asia Pacific (Sydney)","2024-09-13T04:00:00Z","2024-09-13T03:00:00Z",NULL,NULL,NULL,NULL,NULL,NULL,NULL,NULL,NULL,NULL,638.5407349999999,1.9985,0,"AWS","AWS",701.6759109999999,2.1961,"Other","USD",319.51,"GB","AWS","AWS","ap-southeast-2","Asia Pacific (Sydney)","arn:aws:ec2:ap-southeast-2:123456789012:instance/i-008a7ba6eed1",NULL,"Bucket","Storage","Amazon Simple Storage Service","AWS","9NZ6FKVQGSVI758R","Amazon Simple Storage Service GB",NULL,"4WARQ3SF21TNRREA.W3TCYULW","663626350770","Zenith Apollo","BillingAccount","{""business_unit"": ""MarseilleSRE""}",NULL,NULL,"Recurring","INV-202409-38433","Object Storage",1.9985,0,2.1961
"AllocatedMethodId-3876","AllocatedResourceId-1349","AllocatedResourceName-8764","{}",497.2512375,"01ABCD-2345EF-6789GH","Helios Labs","BillingAccount","USD","2024-10-01T00:00:00Z","2024-09-01T00:00:00Z",NULL,NULL,"Credit",NULL,"Cloud SQL Database Instance in Singapore","2024-09-12T21:00:00Z","2024-09-12T20:00:00Z","Usage","cd-783768","commit-3768",NULL,"Unused","Savings Plan",NULL,NULL,NULL,NULL,552.501375,1.1625,497.2512375,"Google","Google",877.015731,1.8453,"Committed","USD",475.27,"Hours","Google","Google","asia-southeast1","Singapore",NULL,NULL,NULL,"Databases","Cloud SQL","Google","2B11LWAG1LLBTM22","Cloud SQL Hours",NULL,"HQS94KS7QI1HWL7P.AU19ID9D","proj-helios-prod","helios-prod","BillingAccount","{""team"": ""platform"", ""environment"": ""staging""}",NULL,NULL,"One-Time","INV-202409-76678","Relational Databases",1.1625,497.2512375,1.8453
"AllocatedMethodId-8883","AllocatedResourceId-9751","AllocatedResourceName-2705","{}",34.64452096,"123456789012","SunBird","BillingAccount","USD","2024-10-01T00:00:00Z","2024-09-01T00:00:00Z",NULL,NULL,"Usage",NULL,"Elastic Load Balancing Load Balancer in US West (Oregon)","2024-09-02T13:00:00Z","2024-09-02T12:00:00Z",NULL,NULL,NULL,NULL,NULL,NULL,NULL,88.4800000000,"LCU-Hours",NULL,37.657088,0.4256,34.64452096,"AWS","AWS",50.893696000000006,0.5752,"Standard","USD",88.48,"LCU-Hours","AWS","AWS","us-west-2","US West (Oregon)","arn:aws:ec2:us-west-2:123456789012:instance/i-0059f6388e8c",NULL,"Load Balancer","Networking","Elastic Load Balancing","AWS","5FNDK5IAKUFBAKK4","Elastic Load Balancing LCU-Hours",NULL,"9IX367PVQNK1COLK.TD9A34CA","517389287820","Atlas Nimbus","BillingAccount",NULL,NULL,NULL,"Usage-Based","INV-202409-40536","Application Networking",0.4256,34.64452096,0.5752
"AllocatedMethodId-9032","AllocatedResourceId-2219","AllocatedResourceName-6492","{}",253.219608,"ocid1.tenancy.oc1..aaaa1234","Meridian OCI","Tenancy","USD","2024-10-01T00:00:00Z","2024-09-01T00:00:00Z",NULL,NULL,"Usage",NULL,"Oracle Compute Instance in UK South (London)","2024-09-17T05:00:00Z","2024-09-17T04:00:00Z",NULL,NULL,NULL,NULL,NULL,NULL,NULL,190.6200000000,"Hours",NULL,308.80440000000004,1.6200,253.219608,"Oracle","Oracle",482.516406,2.5313,"Standard","USD",190.62,"Hours","Oracle","Oracle","uk-london-1","UK South (London)","ocid1.instance.oc1.uk-london-1.002ca4263988",NULL,"Instance","Compute","Oracle Compute","Oracle","LI60YCB3SRHG2HXD","Oracle Compute Hours",NULL,"PZS65P4IWBGJU16R.7NROI281","ocid1.compartment.oc1..prod","production","Tenancy","{""owner"": ""a.lovelace""}",NULL,NULL,"Usage-Based","INV-202409-92406","Virtual Machines",1.6200,253.219608,2.5313
"AllocatedMethodId-6537","AllocatedResourceId-5207","AllocatedResourceName-2878","{}",458.12681744,"01ABCD-2345EF-6789GH","Helios Labs","BillingAccount","USD","2024-10-01T00:00:00Z","2024-09-01T00:00:00Z",NULL,NULL,"Usage",NULL,"Cloud Load Balancing Forwarding Rule in Belgium","2024-09-29T18:00:00Z","2024-09-29T17:00:00Z","Usage","cd-416690","commit-6690",NULL,"Unused","Committed Use Discount",NULL,NULL,NULL,NULL,497.963932,1.3124,458.12681744,"Google","Google",614.7524860000001,1.6202,"Committed","USD",379.43,"Hours","Google","Google","europe-west1","Belgium","//compute.googleapis.com/projects/helios-labs/zones/europe-west1-a/instances/inst-9445",NULL,"Forwarding Rule","Networking","Cloud Load Balancing","Google","FDOXMOZOWJH4LMRA","Cloud Load Balancing Hours",NULL,"VFXU8810PHRO83DY.HEVTJHH7","proj-helios-dev","helios-dev","BillingAccount",NULL,NULL,"us-central1-a","Usage-Based","INV-202409-75565","Application Networking",1.3124,458.12681744,1.6202
"AllocatedMethodId-5646","AllocatedResourceId-5469","AllocatedResourceName-1809","{}",122.280786,"8a93b2c1-1234-4abc-9def-0123456789ab","Contoso Cloud","BillingProfile","USD","2024-10-01T00:00:00Z","2024-09-01T00:00:00Z",NULL,NULL,"Usage",NULL,"Azure Load Balancer Load Balancer in UK South","2024-09-29T16:00:00Z","2024-09-29T15:00:00Z","Spend","cd-333862","commit-3862",NULL,"Unused","Reserved Instance",NULL,NULL,NULL,NULL,169.834425,1.6545,122.280786,"Microsoft","Microsoft",202.17944,1.9696,"Dynamic","USD",102.65,"Hours","Microsoft","Microsoft","uksouth","UK South","/subscriptions/8a93b2c1-1234-4abc-9def-0123456789ab/resourceGroups/rg-839/providers/Microsoft.Compute/virtualMachines/vm-5327",NULL,"Load Balancer","Networking","Azure Load Balancer","Microsoft","DHGA0P9KLRRPKYWQ","Azure Load Balancer Hours",NULL,"UF66H56VUE2HWSPZ.9CNRXQ8N","sub-2b7c","Staging","BillingProfile","{""owner"": ""a.lovelace""}",NULL,NULL,"Usage-Based","INV-202409-13751","Application Networking",1.6545,122.280786,1.9696
"AllocatedMethodId-4083","AllocatedResourceId-2394","AllocatedResourceName-9605","{}",78.04736142,"123456789012","SunBird","BillingAccount","USD","2024-10-01T00:00:00Z","2024-09-01T00:00:00Z",NULL,NULL,"Usage",NULL,"Elastic Load Balancing Load Balancer in US East (N. Virginia)","2024-09-01T06:00:00Z","2024-09-01T05:00:00Z",NULL,NULL,NULL,NULL,NULL,NULL,NULL,306.6200000000,"LCU-Hours",NULL,113.11211800000001,0.3689,78.04736142,"AWS","AWS",143.19154,0.4670,"Dynamic","USD",306.62,"LCU-Hours","AWS","AWS","us-east-1","US East (N. Virginia)","arn:aws:ec2:us-east-1:123456789012:instance/i-00e3ac23ce15",NULL,"Load Balancer","Networking","Elastic Load Balancing","AWS","YSBPD2WAVB1RB7HD","Elastic Load Balancing LCU-Hours",NULL,"Y2HDG2YXGBUKB8YV.N5SRWW8M","517389287820","Atlas Nimbus","BillingAccount","{""application"": ""NimbusAPI""}",NULL,"us-west-2b","Usage-Based","INV-202409-87850","Application Networking",0.3689,78.04736142,0.4670
"AllocatedMethodId-8270","AllocatedResourceId-7738","AllocatedResourceName-6170","{}",217.5511212,"01ABCD-2345EF-6789GH","Helios Labs","BillingAccount","USD","2024-10-01T00:00:00Z","2024-09-01T00:00:00Z",NULL,NULL,"Usage",NULL,"Cloud Load Balancing Forwarding Rule in Northern Virginia","2024-09-15T05:00:00Z","2024-09-15T04:00:00Z",NULL,NULL,NULL,NULL,NULL,NULL,NULL,127.8900000000,"Hours",NULL,236.46860999999998,1.8490,217.5511212,"Google","Google",295.579368,2.3112,"Standard","USD",127.89,"Hours","Google","Google","us-east4","Northern Virginia","//compute.googleapis.com/projects/helios-labs/zones/us-east4-a/instances/inst-322",NULL,"Forwarding Rule","Networking","Cloud Load Balancing","Google","CNB57H31IPLUV78H","Cloud Load Balancing Hours",NULL,"FHK230GXG8B26RTI.QY31BDQI","proj-helios-dev","helios-dev","BillingAccount","{""cost_center"": ""CC-2042"", ""application"": ""NimbusAPI"", ""owner"": ""g.hopper""}",NULL,"us-central1-a","Usage-Based","INV-202409-55247","Application Networking",1.8490,217.5511212,2.3112
"AllocatedMethodId-2076","AllocatedResourceId-2678","AllocatedResourceName-3145","{}",565.50790296,"ocid1.tenancy.oc1..aaaa1234","Meridian OCI","Tenancy","USD","2024-10-01T00:00:00Z","2024-09-01T00:00:00Z",NULL,NULL,"Usage",NULL,"Oracle Compute Instance in US East (Ashburn)","2024-09-11T23:00:00Z","2024-09-11T22:00:00Z","Spend","cd-469996","commit-9996",NULL,"Unused","Committed Use Discount",NULL,NULL,NULL,NULL,571.220104,3.7912,565.50790296,"Oracle","Oracle",741.838812,4.9236,"Committed","USD",150.67,"Hours","Oracle","Oracle","us-ashburn-1","US East (Ashburn)","ocid1.instance.oc1.us-ashburn-1.00b52f5f06f1",NULL,"Instance","Compute","Oracle Compute","Oracle","BEQBBVTTT1KXJH0W","Oracle Compute Hours",NULL,"P93ND3ZYZ5WJQTLA.PGU45AZW","ocid1.compartment.oc1..dev","development","Tenancy",NULL,NULL,NULL,"Usage-Based","INV-202409-83061","Virtual Machines",3.7912,565.50790296,4.9236
"AllocatedMethodId-1279","AllocatedResourceId-8424","AllocatedResourceName-2538","{}",369.03758864,"01ABCD-2345EF-6789GH","Helios Labs","BillingAccount","USD","2024-10-01T00:00:00Z","2024-09-01T00:00:00Z",NULL,NULL,"Usage",NULL,"Cloud SQL Database Instance in Iowa","2024-09-19T17:00:00Z","2024-09-19T16:00:00Z","Spend","cd-207931","commit-7931",NULL,"Unused","Reserved Instance",NULL,NULL,NULL,NULL,414.64897599999995,2.5336,369.03758864,"Google","Google",552.859846,3.3781,"Standard","USD",163.66,"Hours","Google","Google","us-central1","Iowa","//compute.googleapis.com/projects/helios-labs/zones/us-central1-a/instances/inst-2048",NULL,"Database Instance","Databases","Cloud SQL","Google","NOWL0AF32L0VV6EN","Cloud SQL Hours",NULL,"I1GMVQI2AF9INMID.DKUOCRZ4","proj-helios-dev","helios-dev","BillingAccount",NULL,NULL,NULL,"Usage-Based","INV-202409-50484","Relational Databases",2.5336,369.03758864,3.3781
"AllocatedMethodId-9924","AllocatedResourceId-9948","AllocatedResourceName-4120","{}",333.8563844,"01ABCD-2345EF-6789GH","Helios Labs","BillingAccount","USD","2024-10-01T00:00:00Z","2024-09-01T00:00:00Z",NULL,NULL,"Usage",NULL,"Cloud Storage Bucket in Belgium","2024-09-04T08:00:00Z","2024-09-04T07:00:00Z",NULL,NULL,NULL,NULL,NULL,NULL,NULL,253.5500000000,"GiB",NULL,340.66978,1.3436,333.8563844,"Google","Google",410.44674000000003,1.6188,"Other","USD",253.55,"GiB","Google","Google","europe-west1","Belgium","//compute.googleapis.com/projects/helios-labs/zones/europe-west1-a/instances/inst-4303",NULL,"Bucket","Storage","Cloud Storage","Google","YSJHWJ0QX73EYYMN","Cloud Storage GiB",NULL,"DNIKG196C3AG6JFV.V5QFIXGL","proj-helios-prod","helios-prod","BillingAccount","{""business_unit"": ""ViennaAI"", ""environment"": ""staging""}",NULL,NULL,"Usage-Based","INV-202409-23610","Object Storage",1.3436,333.8563844,1.6188
"AllocatedMethodId-3649","AllocatedResourceId-8240","AllocatedResourceName-1142","{}",238.0232624,"8a93b2c1-1234-4abc-9def-0123456789ab","Contoso Cloud","BillingProfile","USD","2024-10-01T00:00:00Z","2024-09-01T00:00:00Z",NULL,NULL,"Usage",NULL,"Azure SQL Database SQL Database in East US","2024-09-04T08:00:00Z","2024-09-04T07:00:00Z",NULL,NULL,NULL,NULL,NULL,NULL,NULL,296.4500000000,"Hours",NULL,270.48098,0.9124,238.0232624,"Microsoft","Microsoft",450.78186999999997,1.5206,"Standard","USD",296.45,"Hours","Microsoft","Microsoft","eastus","East US","/subscriptions/8a93b2c1-1234-4abc-9def-0123456789ab/resourceGroups/rg-690/providers/Microsoft.Compute/virtualMachines/vm-4077",NULL,"SQL Database","Databases","Azure SQL Database","Microsoft","5HICOTX4RH2VYWLN","Azure SQL Database Hours",NULL,"ADILSLIO2FZYTONM.WF2KEEEU","sub-4d3e","Sandbox","BillingProfile","{""owner"": ""a.turing"", ""team"": ""payments""}",NULL,"westeurope-2","Usage-Based","INV-202409-27496","Relational Databases",0.9124,238.0232624,1.5206
"AllocatedMethodId-8138","AllocatedResourceId-6847","AllocatedResourceName-8580","{}",52.8403733,"8a93b2c1-1234-4abc-9def-0123456789ab","Contoso Cloud","BillingProfile","USD","2024-10-01T00:00:00Z","2024-09-01T00:00:00Z",NULL,NULL,"Usage",NULL,"Azure Load Balancer Load Balancer in East US","2024-09-21T03:00:00Z","2024-09-21T02:00:00Z",NULL,NULL,NULL,NULL,NULL,NULL,NULL,23.7400000000,"Hours",NULL,81.29288199999999,3.4243,52.8403733,"Microsoft","Microsoft",112.90744,4.7560,"Standard","USD",23.74,"Hours","Microsoft","Microsoft","eastus","East US","/subscriptions/8a93b2c1-1234-4abc-9def-0123456789ab/resourceGroups/rg-236/providers/Microsoft.Compute/virtualMachines/vm-3543",NULL,"Load Balancer","Networking","Azure Load Balancer","Microsoft","QZCDVLCTVY08ZWFB","Azure Load Balancer Hours",NULL,"M9WN4LI37OLAKVNL.TR788B50","sub-2b7c","Staging","BillingProfile","{""environment"": ""prod"", ""application"": ""BrightLensMatrix"", ""cost_center"": ""CC-3090""}",NULL,NULL,"Usage-Based","INV-202409-88455","Application Networking",3.4243,52.8403733,4.7560
"AllocatedMethodId-4325","AllocatedResourceId-2397","AllocatedResourceName-5420","{}",977.95825127,"ocid1.tenancy.oc1..aaaa1234","Meridian OCI","Tenancy","USD","2024-10-01T00:00:00Z","2024-09-01T00:00:00Z",NULL,NULL,"Usage",NULL,"Oracle Functions Function in UK South (London)","2024-09-10T03:00:00Z","2024-09-10T02:00:00Z","Spend","cd-899607","commit-9607",NULL,"Unused","Reserved Instance",NULL,NULL,NULL,NULL,1270.0756509999999,2.6599,977.95825127,"Oracle","Oracle",1322.981543,2.7707,"Committed","USD",477.49,"Invocations","Oracle","Oracle","uk-london-1","UK South (London)","ocid1.instance.oc1.uk-london-1.002b3b715b24",NULL,"Function","Compute","Oracle Functions","Oracle","ZC6Q38H9KJKNRRSR","Oracle Functions Invocations",NULL,"3T8T7WZTTVFQLHX3.IFQIYD4E","ocid1.compartment.oc1..dev","development","Tenancy","{""business_unit"": ""LisbonOps""}",NULL,"us-ashburn-1-AD-1","Usage-Based","INV-202409-38759","Serverless Compute",2.6599,977.95825127,2.7707
"AllocatedMethodId-2949","AllocatedResourceId-6664","AllocatedResourceName-2538","{}",163.67795598,"8a93b2c1-1234-4abc-9def-0123456789ab","Contoso Cloud","BillingProfile","USD","2024-10-01T00:00:00Z","2024-09-01T00:00:00Z",NULL,NULL,"Usage",NULL,"Azure Functions Function App in West Europe","2024-09-18T05:00:00Z","2024-09-18T04:00:00Z",NULL,NULL,NULL,NULL,NULL,NULL,NULL,470.9100000000,"Executions",NULL,221.186427,0.4697,163.67795598,"Microsoft","Microsoft",311.554056,0.6616,"Standard","USD",470.91,"Executions","Microsoft","Microsoft","westeurope","West Europe","/subscriptions/8a93b2c1-1234-4abc-9def-0123456789ab/resourceGroups/rg-120/providers/Microsoft.Compute/virtualMachines/vm-3186",NULL,"Function App","Compute","Azure Functions","Microsoft","32ND39BPNQZ9ZKD4","Azure Functions Executions",NULL,"VNHFM9K7F6NUA2P6.T8UVAXCZ","sub-2b7c","Staging","BillingProfile","{""environment"": ""dev"", ""business_unit"": ""LisbonOps"", ""application"": ""BrightSourceCore""}",NULL,NULL,"Usage-Based","INV-202409-76772","Serverless Compute",0.4697,163.67795598,0.6616
"AllocatedMethodId-5014","AllocatedResourceId-1916","AllocatedResourceName-9526","{}",40.293,"123456789012","SunBird","BillingAccount","USD","2024-10-01T00:00:00Z","2024-09-01T00:00:00Z",NULL,NULL,"Usage",NULL,"Amazon Relational Database Service Database Instance in Asia Pacific (Sydney)","2024-09-20T16:00:00Z","2024-09-20T15:00:00Z",NULL,NULL,NULL,NULL,NULL,NULL,NULL,203.5000000000,"Hours",NULL,45.7875,0.2250,40.293,"AWS","AWS",72.66985,0.3571,"Other","USD",203.50,"Hours","AWS","AWS","ap-southeast-2","Asia Pacific (Sydney)","arn:aws:ec2:ap-southeast-2:123456789012:instance/i-005197c36e88",NULL,"Database Instance","Databases","Amazon Relational Database Service","AWS","6HTRX0WFR2VNCESQ","Amazon Relational Database Service Hours",NULL,"YNP8QUUSVAFIJIE7.6T9GNFID","517389287820","Atlas Nimbus","BillingAccount",NULL,NULL,"us-west-2b","Usage-Based","INV-202409-56909","Relational Databases",0.2250,40.293,0.3571
"AllocatedMethodId-4449","AllocatedResourceId-2414","AllocatedResourceName-5388","{}",989.75935512,"8a93b2c1-1234-4abc-9def-0123456789ab","Contoso Cloud","BillingProfile","USD","2024-10-01T00:00:00Z","2024-09-01T00:00:00Z",NULL,NULL,"Usage",NULL,"Virtual Machines Virtual Machine in West Europe","2024-09-08T22:00:00Z","2024-09-08T21:00:00Z",NULL,NULL,NULL,NULL,NULL,NULL,NULL,358.7400000000,"Hours",NULL,1075.825386,2.9989,989.75935512,"Microsoft","Microsoft",1655.118738,4.6137,"Standard","USD",358.74,"Hours","Microsoft","Microsoft","westeurope","West Europe","/subscriptions/8a93b2c1-1234-4abc-9def-0123456789ab/resourceGroups/rg-872/providers/Microsoft.Compute/virtualMachines/vm-9399",NULL,"Virtual Machine","Compute","Virtual Machines","Microsoft","DBA45OUS0LXWBHJF","Virtual Machines Hours",NULL,"NXVMDHKVOQM1QY1O.3D14V1TS","sub-4d3e","Sandbox","BillingProfile","{""team"": ""payments"", ""application"": ""BrightSourceCore"", ""owner"": ""g.hopper""}",NULL,"westeurope-2","Usage-Based","INV-202409-12997","Virtual Machines",2.9989,989.75935512,4.6137
"AllocatedMethodId-1524","AllocatedResourceId-6144","AllocatedResourceName-3861","{}",876.92261904,"8a93b2c1-1234-4abc-9def-0123456789ab","Contoso Cloud","BillingProfile","USD","2024-10-01T00:00:00Z","2024-09-01T00:00:00Z",NULL,NULL,"Credit",NULL,"Azure Blob Storage Storage Account in East US","2024-09-27T11:00:00Z","2024-09-27T10:00:00Z",NULL,NULL,NULL,NULL,NULL,NULL,NULL,NULL,NULL,NULL,1437.578064,3.0186,876.92261904,"Microsoft","Microsoft",1796.948768,3.7732,"Standard","USD",476.24,"GB","Microsoft","Microsoft","eastus","East US",NULL,NULL,NULL,"Storage","Azure Blob Storage","Microsoft","Z9UWUAJYSXAW7NZD","Azure Blob Storage GB",NULL,"3KJ96SMJ890Y67AG.BZVL7WST","sub-9a1f","Production","BillingProfile","{""environment"": ""prod""}",NULL,NULL,"One-Time","INV-202409-35646","Object Storage",3.0186,876.92261904,3.7732
"AllocatedMethodId-6722","AllocatedResourceId-2270","AllocatedResourceName-6296","{}",17.2813776,"8a93b2c1-1234-4abc-9def-0123456789ab","Contoso Cloud","BillingProfile","USD","2024-10-01T00:00:00Z","2024-09-01T00:00:00Z",NULL,NULL,"Adjustment",NULL,"Azure Load Balancer Load Balancer in UK South","2024-09-11T21:00:00Z","2024-09-11T20:00:00Z",NULL,NULL,NULL,NULL,NULL,NULL,NULL,NULL,NULL,NULL,21.601722,0.0662,17.2813776,"Microsoft","Microsoft",29.172113999999997,0.0894,"Standard","USD",326.31,"Hours","Microsoft","Microsoft","uksouth","UK South",NULL,NULL,NULL,"Networking","Azure Load Balancer","Microsoft","BCWDLSA2O2496FDQ","Azure Load Balancer Hours",NULL,"6XGWBWQKS927SCTG.T5GQA673","sub-9a1f","Production","BillingProfile",NULL,NULL,NULL,"One-Time","INV-202409-73958","Application Networking",0.0662,17.2813776,0.0894
"AllocatedMethodId-2161","AllocatedResourceId-9097","AllocatedResourceName-2927","{}",206.3123876,"ocid1.tenancy.oc1..aaaa1234","Meridian OCI","Tenancy","USD","2024-10-01T00:00:00Z","2024-09-01T00:00:00Z",NULL,NULL,"Usage",NULL,"Oracle Load Balancer Load Balancer in Australia East (Sydney)","2024-09-06T18:00:00Z","2024-09-06T17:00:00Z",NULL,NULL,NULL,NULL,NULL,NULL,NULL,99.7700000000,"Hours",NULL,242.72045599999998,2.4328,206.3123876,"Oracle","Oracle",315.22331499999996,3.1595,"Other","USD",99.77,"Hours","Oracle","Oracle","ap-sydney-1","Australia East (Sydney)","ocid1.instance.oc1.ap-sydney-1.00ddc106e230",NULL,"Load Balancer","Networking","Oracle Load Balancer","Oracle","GTGUL6TI3Y53RG1V","Oracle Load Balancer Hours",NULL,"P2R0Y29V0N2GYSPZ.EHGZ7XXI","ocid1.compartment.oc1..prod","production","Tenancy","{""application"": ""NimbusAPI"", ""business_unit"": ""MarseilleSRE"", ""team"": ""payments""}",NULL,"uk-london-1-AD-2","Usage-Based","INV-202409-50725","Application Networking",2.4328,206.3123876,3.1595
"AllocatedMethodId-3680","AllocatedResourceId-6407","AllocatedResourceName-5497","{}",204.1868952,"ocid1.tenancy.oc1..aaaa1234","Meridian OCI","Tenancy","USD","2024-10-01T00:00:00Z","2024-09-01T00:00:00Z",NULL,NULL,"Usage",NULL,"Oracle Load Balancer Load Balancer in UK South (London)","2024-09-21T23:00:00Z","2024-09-21T22:00:00Z","Spend","cd-228512","commit-8512",NULL,"Used","Reserved Instance",NULL,319.0500000000,"Hours",NULL,304.75656000000004,0.9552,204.1868952,"Oracle","Oracle",435.343725,1.3645,"Dynamic","USD",319.05,"Hours","Oracle","Oracle","uk-london-1","UK South (London)","ocid1.instance.oc1.uk-london-1.00d45f706954",NULL,"Load Balancer","Networking","Oracle Load Balancer","Oracle","ICF3T3Q9FU41GRIM","Oracle Load Balancer Hours",NULL,"6DLELQU8JQ4A6B5C.L37X2RM0","ocid1.compartment.oc1..dev","development","Tenancy","{""cost_center"": ""CC-2042"", ""environment"": ""prod"", ""application"": ""AtlasPortal""}",NULL,"us-ashburn-1-AD-1","Usage-Based","INV-202409-47762","Application Networking",0.9552,204.1868952,1.3645
"AllocatedMethodId-1904","AllocatedResourceId-5324","AllocatedResourceName-5691","{}",135.05427684,"8a93b2c1-1234-4abc-9def-0123456789ab","Contoso Cloud","BillingProfile","USD","2024-10-01T00:00:00Z","2024-09-01T00:00:00Z",NULL,NULL,"Usage",NULL,"Azure Load Balancer Load Balancer in Southeast Asia","2024-09-20T17:00:00Z","2024-09-20T16:00:00Z",NULL,NULL,NULL,NULL,NULL,NULL,NULL,312.2700000000,"Hours",NULL,146.798127,0.4701,135.05427684,"Microsoft","Microsoft",168.75070799999997,0.5404,"Dynamic","USD",312.27,"Hours","Microsoft","Microsoft","southeastasia","Southeast Asia","/subscriptions/8a93b2c1-1234-4abc-9def-0123456789ab/resourceGroups/rg-43/providers/Microsoft.Compute/virtualMachines/vm-1711",NULL,"Load Balancer","Networking","Azure Load Balancer","Microsoft","72B60PNTRWO2XC9L","Azure Load Balancer Hours",NULL,"BM6UY6CI9TRAJ27M.0IY9RSGS","sub-4d3e","Sandbox","BillingProfile","{""owner"": ""a.turing"", ""environment"": ""dev"", ""application"": ""NimbusAPI""}",NULL,"eastus-1","Usage-Based","INV-202409-70004","Application Networking",0.4701,135.05427684,0.5404
"AllocatedMethodId-7421","AllocatedResourceId-1948","AllocatedResourceName-9450","{}",329.8024884,"ocid1.tenancy.oc1..aaaa1234","Meridian OCI","Tenancy","USD","2024-10-01T00:00:00Z","2024-09-01T00:00:00Z",NULL,NULL,"Usage",NULL,"Oracle Autonomous Database Database in US East (Ashburn)","2024-09-11T01:00:00Z","2024-09-11T00:00:00Z",NULL,NULL,NULL,NULL,NULL,NULL,NULL,200.4000000000,"Hours",NULL,428.31492000000003,2.1373,329.8024884,"Oracle","Oracle",639.276,3.1900,"Standard","USD",200.40,"Hours","Oracle","Oracle","us-ashburn-1","US East (Ashburn)","ocid1.instance.oc1.us-ashburn-1.00c54bfea5bd",NULL,"Database","Databases","Oracle Autonomous Database","Oracle","L48A049IR1UUMAJJ","Oracle Autonomous Database Hours",NULL,"LKHI69GZBNU8NLJO.K5JOTQIR","ocid1.compartment.oc1..dev","development","Tenancy","{""environment"": ""dev""}",NULL,"us-ashburn-1-AD-1","Usage-Based","INV-202409-19359","Relational Databases",2.1373,329.8024884,3.1900
"AllocatedMethodId-9054","AllocatedResourceId-5146","AllocatedResourceName-9439","{}",364.58380846,"8a93b2c1-1234-4abc-9def-0123456789ab","Contoso Cloud","BillingProfile","USD","2024-10-01T00:00:00Z","2024-09-01T00:00:00Z",NULL,NULL,"Usage",NULL,"Azure Functions Function App in East US","2024-09-24T05:00:00Z","2024-09-24T04:00:00Z",NULL,NULL,NULL,NULL,NULL,NULL,NULL,270.9800000000,"Executions",NULL,544.1549380000001,2.0081,364.58380846,"Microsoft","Microsoft",906.9429620000001,3.3469,"Standard","USD",270.98,"Executions","Microsoft","Microsoft","eastus","East US","/subscriptions/8a93b2c1-1234-4abc-9def-0123456789ab/resourceGroups/rg-528/providers/Microsoft.Compute/virtualMachines/vm-7146",NULL,"Function App","Compute","Azure Functions","Microsoft","ZH2FC6G6ZMJHPO2U","Azure Functions Executions",NULL,"LFQWWTQ2IJ4BDQ75.QQKLV2MC","sub-2b7c","Staging","BillingProfile",NULL,NULL,"uksouth-1","Usage-Based","INV-202409-38623","Serverless Compute",2.0081,364.58380846,3.3469
"AllocatedMethodId-1719","AllocatedResourceId-8559","AllocatedResourceName-7566","{}",883.119816,"01ABCD-2345EF-6789GH","Helios Labs","BillingAccount","USD","2024-10-01T00:00:00Z","2024-09-01T00:00:00Z",NULL,NULL,"Usage",NULL,"Cloud Load Balancing Forwarding Rule in Iowa","2024-09-19T17:00:00Z","2024-09-19T16:00:00Z",NULL,NULL,NULL,NULL,NULL,NULL,NULL,367.1100000000,"Hours",NULL,883.1198160000001,2.4056,883.119816,"Google","Google",1379.893068,3.7588,"Standard","USD",367.11,"Hours","Google","Google","us-central1","Iowa","//compute.googleapis.com/projects/helios-labs/zones/us-central1-a/instances/inst-1517",NULL,"Forwarding Rule","Networking","Cloud Load Balancing","Google","A35P1Y4X6W725FU3","Cloud Load Balancing Hours",NULL,"OOOVO6N5CLP8SDU1.S3YGK37H","proj-helios-prod","helios-prod","BillingAccount",NULL,NULL,NULL,"Usage-Based","INV-202409-30105","Application Networking",2.4056,883.119816,3.7588
"AllocatedMethodId-5958","AllocatedResourceId-2976","AllocatedResourceName-9739","{}",700.7249704,"8a93b2c1-1234-4abc-9def-0123456789ab","Contoso Cloud","BillingProfile","USD","2024-10-01T00:00:00Z","2024-09-01T00:00:00Z",NULL,NULL,"Usage",NULL,"Azure SQL Database SQL Database in East US","2024-09-27T05:00:00Z","2024-09-27T04:00:00Z",NULL,NULL,NULL,NULL,NULL,NULL,NULL,328.5100000000,"Hours",NULL,1078.038416,3.2816,700.7249704,"Microsoft","Microsoft",1239.106869,3.7719,"Standard","USD",328.51,"Hours","Microsoft","Microsoft","eastus","East US","/subscriptions/8a93b2c1-1234-4abc-9def-0123456789ab/resourceGroups/rg-180/providers/Microsoft.Compute/virtualMachines/vm-4744",NULL,"SQL Database","Databases","Azure SQL Database","Microsoft","EH2UVVZ33S4PXHC0","Azure SQL Database Hours",NULL,"3TTQ6C5HZ5576DPB.KSIOAA9N","sub-4d3e","Sandbox","BillingProfile","{""environment"": ""prod"", ""application"": ""NimbusAPI""}",NULL,NULL,"Usage-Based","INV-202409-39406","Relational Databases",3.2816,700.7249704,3.7719
"AllocatedMethodId-2041","AllocatedResourceId-7348","AllocatedResourceName-2104","{}",142.58622024,"ocid1.tenancy.oc1..aaaa1234","Meridian OCI","Tenancy","USD","2024-10-01T00:00:00Z","2024-09-01T00:00:00Z",NULL,NULL,"Usage",NULL,"Oracle Compute Instance in UK South (London)","2024-09-30T06:00:00Z","2024-09-30T05:00:00Z",NULL,NULL,NULL,NULL,NULL,NULL,NULL,308.5200000000,"Hours",NULL,206.64669599999996,0.6698,142.58622024,"Oracle","Oracle",299.480364,0.9707,"Standard","USD",308.52,"Hours","Oracle","Oracle","uk-london-1","UK South (London)","ocid1.instance.oc1.uk-london-1.00d3b95dc19f",NULL,"Instance","Compute","Oracle Compute","Oracle","OGJXBR968G85X3OI","Oracle Compute Hours",NULL,"LI47CJ7P8ZNGC0LB.R1390MCO","ocid1.compartment.oc1..dev","development","Tenancy","{""business_unit"": ""OsloData""}",NULL,"us-ashburn-1-AD-1","Usage-Based","INV-202409-81151","Virtual Machines",0.6698,142.58622024,0.9707
"AllocatedMethodId-3599","AllocatedResourceId-7847","AllocatedResourceName-8569","{}",656.9979562,"01ABCD-2345EF-6789GH","Helios Labs","BillingAccount","USD","2024-10-01T00:00:00Z","2024-09-01T00:00:00Z",NULL,NULL,"Usage",NULL,"Cloud Functions Function in Northern Virginia","2024-09-02T17:00:00Z","2024-09-02T16:00:00Z",NULL,NULL,NULL,NULL,NULL,NULL,NULL,306.1700000000,"Invocations",NULL,691.5767960000001,2.2588,656.9979562,"Google","Google",823.2911300000001,2.6890,"Other","USD",306.17,"Invocations","Google","Google","us-east4","Northern Virginia","//compute.googleapis.com/projects/helios-labs/zones/us-east4-a/instances/inst-4542",NULL,"Function","Compute","Cloud Functions","Google","LUV3OAG6C75IV6TL","Cloud Functions Invocations",NULL,"OBIK4L5XKHWK5JPE.HROSEYYO","proj-helios-dev","helios-dev","BillingAccount","{""application"": ""BrightLensMatrix"", ""owner"": ""a.lovelace"", ""business_unit"": ""ViennaAI""}",NULL,"asia-southeast1-c","Usage-Based","INV-202409-81059","Serverless Compute",2.2588,656.9979562,2.6890
"AllocatedMethodId-9847","AllocatedResourceId-8940","AllocatedResourceName-1780","{}",451.414274,"ocid1.tenancy.oc1..aaaa1234","Meridian OCI","Tenancy","USD","2024-10-01T00:00:00Z","2024-09-01T00:00:00Z",NULL,NULL,"Usage",NULL,"Oracle Autonomous Database Database in Australia East (Sydney)","2024-09-06T16:00:00Z","2024-09-06T15:00:00Z",NULL,NULL,NULL,NULL,NULL,NULL,NULL,326.7500000000,"Hours",NULL,740.0234,2.2648,451.414274,"Oracle","Oracle",831.480725,2.5447,"Standard","USD",326.75,"Hours","Oracle","Oracle","ap-sydney-1","Australia East (Sydney)","ocid1.instance.oc1.ap-sydney-1.002708ef00f7",NULL,"Database","Databases","Oracle Autonomous Database","Oracle","Y8OQ8165G1SZKIF5","Oracle Autonomous Database Hours",NULL,"4MYBUPA8EFABC448.PH7K0N4Q","ocid1.compartment.oc1..dev","development","Tenancy","{""owner"": ""a.turing"", ""business_unit"": ""OsloData""}",NULL,NULL,"Usage-Based","INV-202409-19266","Relational Databases",2.2648,451.414274,2.5447
"AllocatedMethodId-1476","AllocatedResourceId-2146","AllocatedResourceName-3896","{}",230.76295,"8a93b2c1-1234-4abc-9def-0123456789ab","Contoso Cloud","BillingProfile","USD","2024-10-01T00:00:00Z","2024-09-01T00:00:00Z",NULL,NULL,"Credit",NULL,"Azure Blob Storage Storage Account in West Europe","2024-09-03T10:00:00Z","2024-09-03T09:00:00Z","Usage","cd-370737","commit-0737",NULL,"Unused","Savings Plan",NULL,NULL,NULL,NULL,292.105,2.9375,230.76295,"Microsoft","Microsoft",310.75,3.1250,"Committed","USD",99.44,"GB","Microsoft","Microsoft","westeurope","West Europe",NULL,NULL,NULL,"Storage","Azure Blob Storage","Microsoft","K275LSS23E3TB0Z9","Azure Blob Storage GB",NULL,"Y2QIAYHN418KM2YF.9IUNB857","sub-2b7c","Staging","BillingProfile","{""owner"": ""k.johnson"", ""business_unit"": ""LisbonOps""}",NULL,NULL,"One-Time","INV-202409-74716","Object Storage",2.9375,230.76295,3.1250
"AllocatedMethodId-4157","AllocatedResourceId-2597","AllocatedResourceName-9031","{}",114.9959538,"123456789012","SunBird","BillingAccount","USD","2024-10-01T00:00:00Z","2024-09-01T00:00:00Z",NULL,NULL,"Usage",NULL,"Amazon Simple Storage Service Bucket in US East (N. Virginia)","2024-09-18T08:00:00Z","2024-09-18T07:00:00Z",NULL,NULL,NULL,NULL,NULL,NULL,NULL,393.9000000000,"GB",NULL,182.53325999999998,0.4634,114.9959538,"AWS","AWS",219.91437,0.5583,"Other","USD",393.90,"GB","AWS","AWS","us-east-1","US East (N. Virginia)","arn:aws:ec2:us-east-1:123456789012:instance/i-003204e8c73f",NULL,"Bucket","Storage","Amazon Simple Storage Service","AWS","MMU0I6SSO5L8L6QB","Amazon Simple Storage Service GB",NULL,"GKWIDCQPLCE8K6HJ.S4Z0136N","517389287820","Atlas Nimbus","BillingAccount","{""environment"": ""staging""}",NULL,NULL,"Usage-Based","INV-202409-13408","Object Storage",0.4634,114.9959538,0.5583
"AllocatedMethodId-3564","AllocatedResourceId-4025","AllocatedResourceName-8780","{}",148.7318592,"8a93b2c1-1234-4abc-9def-0123456789ab","Contoso Cloud","BillingProfile","USD","2024-10-01T00:00:00Z","2024-09-01T00:00:00Z",NULL,NULL,"Usage",NULL,"Azure Functions Function App in Southeast Asia","2024-09-27T06:00:00Z","2024-09-27T05:00:00Z",NULL,NULL,NULL,NULL,NULL,NULL,NULL,175.1600000000,"Executions",NULL,154.92901999999998,0.8845,148.7318592,"Microsoft","Microsoft",186.668012,1.0657,"Dynamic","USD",175.16,"Executions","Microsoft","Microsoft","southeastasia","Southeast Asia","/subscriptions/8a93b2c1-1234-4abc-9def-0123456789ab/resourceGroups/rg-273/providers/Microsoft.Compute/virtualMachines/vm-1348",NULL,"Function App","Compute","Azure Functions","Microsoft","EJA6R1WP6VFQCXZ8","Azure Functions Executions",NULL,"SWNQDGD3XL924KIV.4UDILVPH","sub-9a1f","Production","BillingProfile","{""application"": ""NimbusAPI"", ""business_unit"": ""LisbonOps"", ""owner"": ""a.lovelace""}",NULL,NULL,"Usage-Based","INV-202409-96781","Serverless Compute",0.8845,148.7318592,1.0657
"AllocatedMethodId-1415","AllocatedResourceId-3986","AllocatedResourceName-2308","{}",797.38592562,"8a93b2c1-1234-4abc-9def-0123456789ab","Contoso Cloud","BillingProfile","USD","2024-10-01T00:00:00Z","2024-09-01T00:00:00Z",NULL,NULL,"Adjustment",NULL,"Azure SQL Database SQL Database in Southeast Asia","2024-09-29T22:00:00Z","2024-09-29T21:00:00Z",NULL,NULL,NULL,NULL,NULL,NULL,NULL,NULL,NULL,NULL,1307.190042,2.8134,797.38592562,"Microsoft","Microsoft",1452.43338,3.1260,"Standard","USD",464.63,"Hours","Microsoft","Microsoft","southeastasia","Southeast Asia",NULL,NULL,NULL,"Databases","Azure SQL Database","Microsoft","JPY257MA2UF0M8AZ","Azure SQL Database Hours",NULL,"1LZ4TAC3N3IKH5YR.8ANZESWT","sub-2b7c","Staging","BillingProfile","{""business_unit"": ""LisbonOps"", ""team"": ""infra""}",NULL,NULL,"One-Time","INV-202409-42877","Relational Databases",2.8134,797.38592562,3.1260
"AllocatedMethodId-6500","AllocatedResourceId-1821","AllocatedResourceName-9643","{}",61.07401118,"01ABCD-2345EF-6789GH","Helios Labs","BillingAccount","USD","2024-10-01T00:00:00Z","2024-09-01T00:00:00Z",NULL,NULL,"Usage",NULL,"BigQuery Dataset in Singapore","2024-09-29T10:00:00Z","2024-09-29T09:00:00Z",NULL,NULL,NULL,NULL,NULL,NULL,NULL,280.2100000000,"GiB",NULL,73.583146,0.2626,61.07401118,"Google","Google",99.41850799999999,0.3548,"Standard","USD",280.21,"GiB","Google","Google","asia-southeast1","Singapore","//compute.googleapis.com/projects/helios-labs/zones/asia-southeast1-a/instances/inst-7916",NULL,"Dataset","Analytics","BigQuery","Google","5T6ZM0P8CW8QZC4A","BigQuery GiB",NULL,"QOVG5XMF2K1EC8QU.ZMEQ2ZGL","proj-helios-prod","helios-prod","BillingAccount","{""owner"": ""a.lovelace"", ""team"": ""payments""}",NULL,"asia-southeast1-c","Usage-Based","INV-202409-65290","Data Warehouses",0.2626,61.07401118,0.3548
"AllocatedMethodId-7976","AllocatedResourceId-6961","AllocatedResourceName-3463","{}",323.7931746,"ocid1.tenancy.oc1..aaaa1234","Meridian OCI","Tenancy","USD","2024-10-01T00:00:00Z","2024-09-01T00:00:00Z",NULL,NULL,"Usage",NULL,"Oracle Autonomous Database Database in UK South (London)","2024-09-09T08:00:00Z","2024-09-09T07:00:00Z",NULL,NULL,NULL,NULL,NULL,NULL,NULL,238.4400000000,"Hours",NULL,513.95742,2.1555,323.7931746,"Oracle","Oracle",642.452736,2.6944,"Other","USD",238.44,"Hours","Oracle","Oracle","uk-london-1","UK South (London)","ocid1.instance.oc1.uk-london-1.00a3db80b556",NULL,"Database","Databases","Oracle Autonomous Database","Oracle","692ST4MLF426USU3","Oracle Autonomous Database Hours",NULL,"S43BZC7VV96MT8X0.SOK3XTFE","ocid1.compartment.oc1..dev","development","Tenancy","{""cost_center"": ""CC-2042""}",NULL,"us-ashburn-1-AD-1","Usage-Based","INV-202409-52172","Relational Databases",2.1555,323.7931746,2.6944
"AllocatedMethodId-1348","AllocatedResourceId-1351","AllocatedResourceName-3484","{}",94.28069268,"ocid1.tenancy.oc1..aaaa1234","Meridian OCI","Tenancy","USD","2024-10-01T00:00:00Z","2024-09-01T00:00:00Z",NULL,NULL,"Usage",NULL,"Oracle Functions Function in US East (Ashburn)","2024-09-28T10:00:00Z","2024-09-28T09:00:00Z","Usage","cd-159598","commit-9598",NULL,"Unused","Reserved Instance",NULL,NULL,NULL,NULL,113.591196,1.4034,94.28069268,"Oracle","Oracle",162.268512,2.0048,"Dynamic","USD",80.94,"Invocations","Oracle","Oracle","us-ashburn-1","US East (Ashburn)","ocid1.instance.oc1.us-ashburn-1.00cfb4973cbd",NULL,"Function","Compute","Oracle Functions","Oracle","R0CZZTMKP5VV8N67","Oracle Functions Invocations",NULL,"MOOFQPJWS6UK6LAZ.11UNQ52F","ocid1.compartment.oc1..prod","production","Tenancy","{""environment"": ""staging"", ""application"": ""AtlasPortal"", ""cost_center"": ""CC-2042""}",NULL,"us-ashburn-1-AD-1","Usage-Based","INV-202409-14582","Serverless Compute",1.4034,94.28069268,2.0048
"AllocatedMethodId-5811","AllocatedResourceId-6054","AllocatedResourceName-7492","{}",57.5068928,"123456789012","SunBird","BillingAccount","USD","2024-10-01T00:00:00Z","2024-09-01T00:00:00Z",NULL,NULL,"Usage",NULL,"Amazon Elastic Compute Cloud Virtual Machine in US East (N. Virginia)","2024-09-09T19:00:00Z","2024-09-09T18:00:00Z",NULL,NULL,NULL,NULL,NULL,NULL,NULL,204.6800000000,"Hours",NULL,71.883616,0.3512,57.5068928,"AWS","AWS",92.167404,0.4503,"Dynamic","USD",204.68,"Hours","AWS","AWS","us-east-1","US East (N. Virginia)","arn:aws:ec2:us-east-1:123456789012:instance/i-00c8c6f9966b",NULL,"Virtual Machine","Compute","Amazon Elastic Compute Cloud","AWS","50WAJSKWDFJIHXMX","Amazon Elastic Compute Cloud Hours",NULL,"M3UK4E3ZZHYKSIMN.7BHD4CH2","517389287820","Atlas Nimbus","BillingAccount","{""business_unit"": ""ViennaAI"", ""cost_center"": ""CC-2042""}",NULL,NULL,"Usage-Based","INV-202409-70419","Virtual Machines",0.3512,57.5068928,0.4503
"AllocatedMethodId-1275","AllocatedResourceId-2114","AllocatedResourceName-3312","{}",290.8635102,"123456789012","SunBird","BillingAccount","USD","2024-10-01T00:00:00Z","2024-09-01T00:00:00Z",NULL,NULL,"Usage",NULL,"Elastic Load Balancing Load Balancer in US West (Oregon)","2024-09-24T21:00:00Z","2024-09-24T20:00:00Z",NULL,NULL,NULL,NULL,NULL,NULL,NULL,243.6900000000,"LCU-Hours",NULL,323.18167800000003,1.3262,290.8635102,"AWS","AWS",394.11983699999996,1.6173,"Standard","USD",243.69,"LCU-Hours","AWS","AWS","us-west-2","US West (Oregon)","arn:aws:ec2:us-west-2:123456789012:instance/i-003481752b64",NULL,"Load Balancer","Networking","Elastic Load Balancing","AWS","UOR5YLG5SEBO2WGT","Elastic Load Balancing LCU-Hours",NULL,"GYR90Y79LM3MI27Z.CK7S0NXX","438839167390","Zenith Eclipse","BillingAccount",NULL,NULL,"us-west-2b","Usage-Based","INV-202409-56635","Application Networking",1.3262,290.8635102,1.6173
"AllocatedMethodId-1990","AllocatedResourceId-9622","AllocatedResourceName-5659","{}",32.8303014,"123456789012","SunBird","BillingAccount","USD","2024-10-01T00:00:00Z","2024-09-01T00:00:00Z",NULL,NULL,"Usage",NULL,"AWS Lambda Function in US East (N. Virginia)","2024-09-29T21:00:00Z","2024-09-29T20:00:00Z",NULL,NULL,NULL,NULL,NULL,NULL,NULL,64.6000000000,"Requests",NULL,39.554579999999994,0.6123,32.8303014,"AWS","AWS",61.80282,0.9567,"Standard","USD",64.60,"Requests","AWS","AWS","us-east-1","US East (N. Virginia)","arn:aws:ec2:us-east-1:123456789012:instance/i-0074abb30aaa",NULL,"Function","Compute","AWS Lambda","AWS","R5DVSQXGQUJEAICN","AWS Lambda Requests",NULL,"684A2EP1BSIEJGAC.S0854WJF","438839167390","Zenith Eclipse","BillingAccount",NULL,NULL,NULL,"Usage-Based","INV-202409-15300","Serverless Compute",0.6123,32.8303014,0.9567
"AllocatedMethodId-7401","AllocatedResourceId-3125","AllocatedResourceName-8571","{}",648.9546389999999,"ocid1.tenancy.oc1..aaaa1234","Meridian OCI","Tenancy","USD","2024-10-01T00:00:00Z","2024-09-01T00:00:00Z",NULL,NULL,"Purchase",NULL,"Oracle Autonomous Database Database in UK South (London)","2024-09-15T20:00:00Z","2024-09-15T19:00:00Z",NULL,NULL,NULL,NULL,NULL,NULL,NULL,NULL,NULL,NULL,648.9546389999999,2.9943,0,"Oracle","Oracle",763.4747709999999,3.5227,"Other","USD",216.73,"Hours","Oracle","Oracle","uk-london-1","UK South (London)","ocid1.instance.oc1.uk-london-1.005c17025cff",NULL,"Database","Databases","Oracle Autonomous Database","Oracle","SG3FBWY5NJN0C3AY","Oracle Autonomous Database Hours",NULL,"Q75JPV7M9VF3XIDT.34BCT7MA","ocid1.compartment.oc1..prod","production","Tenancy",NULL,NULL,NULL,"Recurring","INV-202409-68544","Relational Databases",2.9943,0,3.5227
"AllocatedMethodId-4955","AllocatedResourceId-5164","AllocatedResourceName-1672","{}",374.7074625,"8a93b2c1-1234-4abc-9def-0123456789ab","Contoso Cloud","BillingProfile","USD","2024-10-01T00:00:00Z","2024-09-01T00:00:00Z",NULL,NULL,"Usage",NULL,"Azure Blob Storage Storage Account in Southeast Asia","2024-09-10T03:00:00Z","2024-09-10T02:00:00Z",NULL,NULL,NULL,NULL,NULL,NULL,NULL,153.4900000000,"GB",NULL,402.91125,2.6250,374.7074625,"Microsoft","Microsoft",428.63617400000004,2.7926,"Other","USD",153.49,"GB","Microsoft","Microsoft","southeastasia","Southeast Asia","/subscriptions/8a93b2c1-1234-4abc-9def-0123456789ab/resourceGroups/rg-600/providers/Microsoft.Compute/virtualMachines/vm-5112",NULL,"Storage Account","Storage","Azure Blob Storage","Microsoft","T7N3PIOAEQ0Q14XB","Azure Blob Storage GB",NULL,"P7DUSF8UKDN5GCHB.RRNNCXC8","sub-2b7c","Staging","BillingProfile",NULL,NULL,"eastus-1","Usage-Based","INV-202409-16999","Object Storage",2.6250,374.7074625,2.7926
"AllocatedMethodId-4611","AllocatedResourceId-2969","AllocatedResourceName-3896","{}",154.6905591,"ocid1.tenancy.oc1..aaaa1234","Meridian OCI","Tenancy","USD","2024-10-01T00:00:00Z","2024-09-01T00:00:00Z",NULL,NULL,"Usage",NULL,"Oracle Compute Instance in US East (Ashburn)","2024-09-18T06:00:00Z","2024-09-18T05:00:00Z","Spend","cd-468620","commit-8620",NULL,"Unused","Savings Plan",NULL,NULL,NULL,NULL,234.379635,1.1949,154.6905591,"Oracle","Oracle",321.05832000000004,1.6368,"Committed","USD",196.15,"Hours","Oracle","Oracle","us-ashburn-1","US East (Ashburn)","ocid1.instance.oc1.us-ashburn-1.00632b4e87d9",NULL,"Instance","Compute","Oracle Compute","Oracle","TJL55VBFNJXI02TR","Oracle Compute Hours",NULL,"ILLF1YDWLM6GR92E.SLBOU352","ocid1.compartment.oc1..dev","development","Tenancy","{""team"": ""growth"", ""business_unit"": ""LisbonOps""}",NULL,NULL,"Usage-Based","INV-202409-91634","Virtual Machines",1.1949,154.6905591,1.6368
"AllocatedMethodId-6191","AllocatedResourceId-7485","AllocatedResourceName-2287","{}",411.65964151,"01ABCD-2345EF-6789GH","Helios Labs","BillingAccount","USD","2024-10-01T00:00:00Z","2024-09-01T00:00:00Z",NULL,NULL,"Usage",NULL,"Compute Engine VM Instance in Singapore","2024-09-23T02:00:00Z","2024-09-23T01:00:00Z",NULL,NULL,NULL,NULL,NULL,NULL,NULL,187.5100000000,"Hours",NULL,424.391383,2.2633,411.65964151,"Google","Google",707.306471,3.7721,"Standard","USD",187.51,"Hours","Google","Google","asia-southeast1","Singapore","//compute.googleapis.com/projects/helios-labs/zones/asia-southeast1-a/instances/inst-3612",NULL,"VM Instance","Compute","Compute Engine","Google","31ND1U8W6J31WTYE","Compute Engine Hours",NULL,"W95OBP56U7GRTI7M.0830HB3U","proj-helios-prod","helios-prod","BillingAccount","{""owner"": ""a.turing""}",NULL,"europe-west1-b","Usage-Based","INV-202409-13091","Virtual Machines",2.2633,411.65964151,3.7721
"AllocatedMethodId-9136","AllocatedResourceId-2726","AllocatedResourceName-1527","{}",970.7414868,"123456789012","SunBird","BillingAccount","USD","2024-10-01T00:00:00Z","2024-09-01T00:00:00Z",NULL,NULL,"Usage",NULL,"AWS Lambda Function in Europe (Ireland)","2024-09-16T13:00:00Z","2024-09-16T12:00:00Z",NULL,NULL,NULL,NULL,NULL,NULL,NULL,403.3000000000,"Requests",NULL,1198.4462800000001,2.9716,970.7414868,"AWS","AWS",1261.5224,3.1280,"Standard","USD",403.30,"Requests","AWS","AWS","eu-west-1","Europe (Ireland)","arn:aws:ec2:eu-west-1:123456789012:instance/i-0098045d78b9",NULL,"Function","Compute","AWS Lambda","AWS","2I3AFL06NHWZKQLD","AWS Lambda Requests",NULL,"YDXEGZ40AVRPVJZ9.IET2FAIP","438839167390","Zenith Eclipse","BillingAccount","{""application"": ""AtlasPortal"", ""owner"": ""a.lovelace""}",NULL,"us-east-1a","Usage-Based","INV-202409-32690","Serverless Compute",2.9716,970.7414868,3.1280
"AllocatedMethodId-1350","AllocatedResourceId-6603","AllocatedResourceName-5559","{}",34.08909672,"ocid1.tenancy.oc1..aaaa1234","Meridian OCI","Tenancy","USD","2024-10-01T00:00:00Z","2024-09-01T00:00:00Z",NULL,NULL,"Usage",NULL,"Oracle Object Storage Bucket in US East (Ashburn)","2024-09-20T07:00:00Z","2024-09-20T06:00:00Z",NULL,NULL,NULL,NULL,NULL,NULL,NULL,60.2200000000,"GB",NULL,37.053366,0.6153,34.08909672,"Oracle","Oracle",54.487056,0.9048,"Standard","USD",60.22,"GB","Oracle","Oracle","us-ashburn-1","US East (Ashburn)","ocid1.instance.oc1.us-ashburn-1.002c28893322",NULL,"Bucket","Storage","Oracle Object Storage","Oracle","2IFDRZNEE7Y3BE85","Oracle Object Storage GB",NULL,"8NWBUTSXMG9GOGJW.S2A5MQGP","ocid1.compartment.oc1..dev","development","Tenancy","{""cost_center"": ""CC-2042"", ""application"": ""AtlasPortal"", ""business_unit"": ""MarseilleSRE""}",NULL,NULL,"Usage-Based","INV-202409-56907","Object Storage",0.6153,34.08909672,0.9048
"AllocatedMethodId-1626","AllocatedResourceId-7645","AllocatedResourceName-8209","{}",65.4081528,"123456789012","SunBird","BillingAccount","USD","2024-10-01T00:00:00Z","2024-09-01T00:00:00Z",NULL,NULL,"Usage",NULL,"Amazon Simple Queue Service Queue in Asia Pacific (Sydney)","2024-09-21T15:00:00Z","2024-09-21T14:00:00Z",NULL,NULL,NULL,NULL,NULL,NULL,NULL,192.3000000000,"Requests",NULL,96.18846,0.5002,65.4081528,"AWS","AWS",124.91808,0.6496,"Other","USD",192.30,"Requests","AWS","AWS","ap-southeast-2","Asia Pacific (Sydney)","arn:aws:ec2:ap-southeast-2:123456789012:instance/i-005339d12fd0",NULL,"Queue","Integration","Amazon Simple Queue Service","AWS","S9A3IB28QW7RV8TD","Amazon Simple Queue Service Requests",NULL,"LIK24YAIG9D115IV.L2MSQRWH","438839167390","Zenith Eclipse","BillingAccount",NULL,NULL,"eu-west-1c","Usage-Based","INV-202409-87168","Messaging",0.5002,65.4081528,0.6496
"AllocatedMethodId-6488","AllocatedResourceId-3300","AllocatedResourceName-3664","{}",102.19758912,"ocid1.tenancy.oc1..aaaa1234","Meridian OCI","Tenancy","USD","2024-10-01T00:00:00Z","2024-09-01T00:00:00Z",NULL,NULL,"Credit",NULL,"Oracle Autonomous Database Database in Australia East (Sydney)","2024-09-03T19:00:00Z","2024-09-03T18:00:00Z","Usage","cd-974849","commit-4849",NULL,"Used","Reserved Instance",NULL,NULL,NULL,NULL,141.941096,1.4764,102.19758912,"Oracle","Oracle",199.92313,2.0795,"Committed","USD",96.14,"Hours","Oracle","Oracle","ap-sydney-1","Australia East (Sydney)",NULL,NULL,NULL,"Databases","Oracle Autonomous Database","Oracle","LO3PVNQ3IT7076MK","Oracle Autonomous Database Hours",NULL,"KVOVBLL22QZAMO7Q.5HO4AV75","ocid1.compartment.oc1..prod","production","Tenancy","{""business_unit"": ""LisbonOps"", ""environment"": ""staging"", ""owner"": ""k.johnson""}",NULL,NULL,"One-Time","INV-202409-74365","Relational Databases",1.4764,102.19758912,2.0795
"AllocatedMethodId-9054","AllocatedResourceId-6165","AllocatedResourceName-6105","{}",134.982666,"8a93b2c1-1234-4abc-9def-0123456789ab","Contoso Cloud","BillingProfile","USD","2024-10-01T00:00:00Z","2024-09-01T00:00:00Z",NULL,NULL,"Usage",NULL,"Virtual Machines Virtual Machine in West Europe","2024-09-02T23:00:00Z","2024-09-02T22:00:00Z",NULL,NULL,NULL,NULL,NULL,NULL,NULL,316.9500000000,"Hours",NULL,207.66564,0.6552,134.982666,"Microsoft","Microsoft",340.435995,1.0741,"Standard","USD",316.95,"Hours","Microsoft","Microsoft","westeurope","West Europe","/subscriptions/8a93b2c1-1234-4abc-9def-0123456789ab/resourceGroups/rg-386/providers/Microsoft.Compute/virtualMachines/vm-9921",NULL,"Virtual Machine","Compute","Virtual Machines","Microsoft","N9TXNWCDIGU0P8MZ","Virtual Machines Hours",NULL,"Y0RM0V6YTE48UHOT.SUUPKY55","sub-4d3e","Sandbox","BillingProfile",NULL,NULL,"uksouth-1","Usage-Based","INV-202409-34889","Virtual Machines",0.6552,134.982666,1.0741
"AllocatedMethodId-4541","AllocatedResourceId-4621","AllocatedResourceName-5947","{}",324.9675,"8a93b2c1-1234-4abc-9def-0123456789ab","Contoso Cloud","BillingProfile","USD","2024-10-01T00:00:00Z","2024-09-01T00:00:00Z",NULL,NULL,"Purchase",NULL,"Azure Functions Function App in West Europe","2024-09-22T12:00:00Z","2024-09-22T11:00:00Z",NULL,NULL,NULL,NULL,NULL,NULL,NULL,NULL,NULL,NULL,324.9675,1.6500,0,"Microsoft","Microsoft",391.51690499999995,1.9879,"Other","USD",196.95,"Executions","Microsoft","Microsoft","westeurope","West Europe","/subscriptions/8a93b2c1-1234-4abc-9def-0123456789ab/resourceGroups/rg-261/providers/Microsoft.Compute/virtualMachines/vm-1162",NULL,"Function App","Compute","Azure Functions","Microsoft","GVQHY6LS33AWQHEQ","Azure Functions Executions",NULL,"C1XR5ZWGL14RB3WO.WGM6PQX0","sub-9a1f","Production","BillingProfile",NULL,NULL,NULL,"One-Time","INV-202409-31530","Serverless Compute",1.6500,0,1.9879
"AllocatedMethodId-7689","AllocatedResourceId-6964","AllocatedResourceName-8090","{}",864.8590272,"01ABCD-2345EF-6789GH","Helios Labs","BillingAccount","USD","2024-10-01T00:00:00Z","2024-09-01T00:00:00Z",NULL,NULL,"Tax",NULL,"Tax charge in Singapore","2024-09-15T07:00:00Z","2024-09-15T06:00:00Z",NULL,NULL,NULL,NULL,NULL,NULL,NULL,NULL,NULL,NULL,864.8590272,NULL,864.8590272,"Google","Google",864.8590272,NULL,NULL,"USD",NULL,NULL,"Google","Google",NULL,NULL,NULL,NULL,NULL,"Other","Tax","Google",NULL,NULL,NULL,NULL,"proj-helios-prod","helios-prod","BillingAccount","{""team"": ""growth"", ""application"": ""NimbusAPI""}",NULL,NULL,"One-Time","INV-202409-68650","Other (Security)",NULL,864.8590272,NULL
"AllocatedMethodId-2345","AllocatedResourceId-9263","AllocatedResourceName-8650","{}",163.310711,"123456789012","SunBird","BillingAccount","USD","2024-10-01T00:00:00Z","2024-09-01T00:00:00Z",NULL,NULL,"Purchase",NULL,"Amazon Simple Storage Service Bucket in Europe (Ireland)","2024-09-24T10:00:00Z","2024-09-24T09:00:00Z",NULL,NULL,NULL,NULL,NULL,NULL,NULL,NULL,NULL,NULL,163.310711,1.2647,0,"AWS","AWS",201.62358199999997,1.5614,"Standard","USD",129.13,"GB","AWS","AWS","eu-west-1","Europe (Ireland)","arn:aws:ec2:eu-west-1:123456789012:instance/i-00c3a799d097",NULL,"Bucket","Storage","Amazon Simple Storage Service","AWS","KGSO4NVKD7OFFZ60","Amazon Simple Storage Service GB",NULL,"2QQ27172MIA3E8FG.ZQQH9JZ5","663626350770","Zenith Apollo","BillingAccount","{""cost_center"": ""CC-3090""}",NULL,NULL,"One-Time","INV-202409-97721","Object Storage",1.2647,0,1.5614
"AllocatedMethodId-9881","AllocatedResourceId-6878","AllocatedResourceName-5252","{}",980.7610248,"123456789012","SunBird","BillingAccount","USD","2024-10-01T00:00:00Z","2024-09-01T00:00:00Z",NULL,NULL,"Credit",NULL,"AWS Lambda Function in US East (N. Virginia)","2024-09-10T18:00:00Z","2024-09-10T17:00:00Z","Usage","cd-167724","commit-7724",NULL,"Unused","Committed Use Discount",NULL,NULL,NULL,NULL,1089.7344719999999,4.7142,980.7610248,"AWS","AWS",1100.737688,4.7618,"Other","USD",231.16,"Requests","AWS","AWS","us-east-1","US East (N. Virginia)",NULL,NULL,NULL,"Compute","AWS Lambda","AWS","SKYFTIJ2TBSWFKK7","AWS Lambda Requests",NULL,"V6N3B9HDPW2ROF9H.CBTLQZCH","438839167390","Zenith Eclipse","BillingAccount","{""application"": ""NimbusAPI""}",NULL,NULL,"One-Time","INV-202409-29752","Serverless Compute",4.7142,980.7610248,4.7618
"AllocatedMethodId-7251","AllocatedResourceId-2460","AllocatedResourceName-2816","{}",81.92884999999998,"ocid1.tenancy.oc1..aaaa1234","Meridian OCI","Tenancy","USD","2024-10-01T00:00:00Z","2024-09-01T00:00:00Z",NULL,NULL,"Purchase",NULL,"Oracle Object Storage Bucket in UK South (London)","2024-09-05T07:00:00Z","2024-09-05T06:00:00Z","Spend","cd-381599","commit-1599",NULL,"Unused","Committed Use Discount",NULL,NULL,NULL,NULL,81.92884999999998,2.2975,0,"Oracle","Oracle",98.71044599999999,2.7681,"Committed","USD",35.66,"GB","Oracle","Oracle","uk-london-1","UK South (London)","ocid1.instance.oc1.uk-london-1.0022f42d5878",NULL,"Bucket","Storage","Oracle Object Storage","Oracle","YRJ7KOX6R865ZF80","Oracle Object Storage GB",NULL,"S7SELFJPSYCWN5CZ.J3JOVIZR","ocid1.compartment.oc1..prod","production","Tenancy","{""cost_center"": ""CC-1001"", ""application"": ""AtlasPortal""}",NULL,NULL,"Recurring","INV-202409-37491","Object Storage",2.2975,0,2.7681
"AllocatedMethodId-7080","AllocatedResourceId-8182","AllocatedResourceName-5675","{}",198.74684518,"8a93b2c1-1234-4abc-9def-0123456789ab","Contoso Cloud","BillingProfile","USD","2024-10-01T00:00:00Z","2024-09-01T00:00:00Z",NULL,NULL,"Usage",NULL,"Azure Functions Function App in UK South","2024-09-14T17:00:00Z","2024-09-14T16:00:00Z",NULL,NULL,NULL,NULL,NULL,NULL,NULL,80.8600000000,"Executions",NULL,223.311062,2.7617,198.74684518,"Microsoft","Microsoft",250.90858,3.1030,"Dynamic","USD",80.86,"Executions","Microsoft","Microsoft","uksouth","UK South","/subscriptions/8a93b2c1-1234-4abc-9def-0123456789ab/resourceGroups/rg-907/providers/Microsoft.Compute/virtualMachines/vm-4095",NULL,"Function App","Compute","Azure Functions","Microsoft","HRYR6P6WZCH116V9","Azure Functions Executions",NULL,"0327VOIT2VNNCOZE.NIYBP8ZH","sub-9a1f","Production","BillingProfile","{""owner"": ""a.lovelace""}",NULL,NULL,"Usage-Based","INV-202409-92887","Serverless Compute",2.7617,198.74684518,3.1030
"AllocatedMethodId-8719","AllocatedResourceId-6685","AllocatedResourceName-1112","{}",2.86540254,"8a93b2c1-1234-4abc-9def-0123456789ab","Contoso Cloud","BillingProfile","USD","2024-10-01T00:00:00Z","2024-09-01T00:00:00Z",NULL,NULL,"Usage",NULL,"Azure Load Balancer Load Balancer in West Europe","2024-09-23T20:00:00Z","2024-09-23T19:00:00Z","Usage","cd-554358","commit-4358",NULL,"Used","Committed Use Discount",NULL,4.2900000000,"Hours",NULL,4.548258000000001,1.0602,2.86540254,"Microsoft","Microsoft",4.68897,1.0930,"Committed","USD",4.29,"Hours","Microsoft","Microsoft","westeurope","West Europe","/subscriptions/8a93b2c1-1234-4abc-9def-0123456789ab/resourceGroups/rg-242/providers/Microsoft.Compute/virtualMachines/vm-3916",NULL,"Load Balancer","Networking","Azure Load Balancer","Microsoft","UYU1YOYNZM9HNJIL","Azure Load Balancer Hours",NULL,"NDSLGDO59LBT82N5.CFLOMV2N","sub-2b7c","Staging","BillingProfile","{""application"": ""BrightLensMatrix"", ""environment"": ""staging""}",NULL,NULL,"Usage-Based","INV-202409-74791","Application Networking",1.0602,2.86540254,1.0930
"AllocatedMethodId-2429","AllocatedResourceId-6235","AllocatedResourceName-9780","{}",84.6375,"123456789012","SunBird","BillingAccount","USD","2024-10-01T00:00:00Z","2024-09-01T00:00:00Z",NULL,NULL,"Usage",NULL,"Amazon Simple Storage Service Bucket in US West (Oregon)","2024-09-30T01:00:00Z","2024-09-30T00:00:00Z",NULL,NULL,NULL,NULL,NULL,NULL,NULL,444.0000000000,"GB",NULL,138.75,0.3125,84.6375,"AWS","AWS",150.8268,0.3397,"Standard","USD",444.00,"GB","AWS","AWS","us-west-2","US West (Oregon)","arn:aws:ec2:us-west-2:123456789012:instance/i-0090384fa6c8",NULL,"Bucket","Storage","Amazon Simple Storage Service","AWS","SFFOJ8IM01TP8J19","Amazon Simple Storage Service GB",NULL,"OFP9ABNP9MP13MZE.TDS50ESX","663626350770","Zenith Apollo","BillingAccount","{""owner"": ""k.johnson"", ""application"": ""BrightLensMatrix""}",NULL,NULL,"Usage-Based","INV-202409-65129","Object Storage",0.3125,84.6375,0.3397
"AllocatedMethodId-5916","AllocatedResourceId-2509","AllocatedResourceName-9125","{}",917.64219918,"123456789012","SunBird","BillingAccount","USD","2024-10-01T00:00:00Z","2024-09-01T00:00:00Z",NULL,NULL,"Usage",NULL,"Elastic Load Balancing Load Balancer in US East (N. Virginia)","2024-09-04T05:00:00Z","2024-09-04T04:00:00Z","Spend","cd-931696","commit-1696",NULL,"Used","Reserved Instance",NULL,301.1900000000,"LCU-Hours",NULL,936.369591,3.1089,917.64219918,"AWS","AWS",996.1256870000001,3.3073,"Committed","USD",301.19,"LCU-Hours","AWS","AWS","us-east-1","US East (N. Virginia)","arn:aws:ec2:us-east-1:123456789012:instance/i-009906bd9249",NULL,"Load Balancer","Networking","Elastic Load Balancing","AWS","V7NJCEC97EA4KOJJ","Elastic Load Balancing LCU-Hours",NULL,"5T27PCFTRHA68NTR.QJVP5SIR","663626350770","Zenith Apollo","BillingAccount",NULL,NULL,NULL,"Usage-Based","INV-202409-88399","Application Networking",3.1089,917.64219918,3.3073
"AllocatedMethodId-9067","AllocatedResourceId-7012","AllocatedResourceName-9946","{}",124.8426296,"01ABCD-2345EF-6789GH","Helios Labs","BillingAccount","USD","2024-10-01T00:00:00Z","2024-09-01T00:00:00Z",NULL,NULL,"Usage",NULL,"Cloud Functions Function in Singapore","2024-09-22T08:00:00Z","2024-09-22T07:00:00Z","Usage","cd-168947","commit-8947",NULL,"Used","Savings Plan",NULL,65.3000000000,"Invocations",NULL,201.35908,3.0836,124.8426296,"Google","Google",218.86601,3.3517,"Committed","USD",65.30,"Invocations","Google","Google","asia-southeast1","Singapore","//compute.googleapis.com/projects/helios-labs/zones/asia-southeast1-a/instances/inst-4576",NULL,"Function","Compute","Cloud Functions","Google","2LPTFBJTJWCUYNGD","Cloud Functions Invocations",NULL,"YK19SSE933180F41.82L0IBTK","proj-helios-dev","helios-dev","BillingAccount","{""application"": ""AtlasPortal""}",NULL,NULL,"Usage-Based","INV-202409-86901","Serverless Compute",3.0836,124.8426296,3.3517
"AllocatedMethodId-3638","AllocatedResourceId-3709","AllocatedResourceName-9555","{}",902.3872704,"123456789012","SunBird","BillingAccount","USD","2024-10-01T00:00:00Z","2024-09-01T00:00:00Z",NULL,NULL,"Usage",NULL,"Amazon Elastic Compute Cloud Virtual Machine in US East (N. Virginia)","2024-09-14T05:00:00Z","2024-09-14T04:00:00Z",NULL,NULL,NULL,NULL,NULL,NULL,NULL,263.5600000000,"Hours",NULL,1074.27056,4.0760,902.3872704,"AWS","AWS",1249.1426199999999,4.7395,"Standard","USD",263.56,"Hours","AWS","AWS","us-east-1","US East (N. Virginia)","arn:aws:ec2:us-east-1:123456789012:instance/i-0080c3064c07",NULL,"Virtual Machine","Compute","Amazon Elastic Compute Cloud","AWS","9KUHUJ66BCT0BXR0","Amazon Elastic Compute Cloud Hours",NULL,"BXC6TVF4AQIDS4NB.72982VIY","663626350770","Zenith Apollo","BillingAccount",NULL,NULL,"us-east-1a","Usage-Based","INV-202409-39406","Virtual Machines",4.0760,902.3872704,4.7395
"AllocatedMethodId-4208","AllocatedResourceId-4777","AllocatedResourceName-1924","{}",1025.523912,"01ABCD-2345EF-6789GH","Helios Labs","BillingAccount","USD","2024-10-01T00:00:00Z","2024-09-01T00:00:00Z",NULL,NULL,"Purchase",NULL,"Cloud SQL Database Instance in Iowa","2024-09-10T21:00:00Z","2024-09-10T20:00:00Z","Usage","cd-326287","commit-6287",NULL,"Unused","Committed Use Discount",NULL,NULL,NULL,NULL,1025.523912,3.1452,0,"Google","Google",1404.8295100000003,4.3085,"Committed","USD",326.06,"Hours","Google","Google","us-central1","Iowa","//compute.googleapis.com/projects/helios-labs/zones/us-central1-a/instances/inst-5785",NULL,"Database Instance","Databases","Cloud SQL","Google","8IMVB1L3TFX4D67M","Cloud SQL Hours",NULL,"K6ZCQGYGTOVROTH6.JTWU2S0S","proj-helios-prod","helios-prod","BillingAccount",NULL,NULL,NULL,"One-Time","INV-202409-40490","Relational Databases",3.1452,0,4.3085
"AllocatedMethodId-4094","AllocatedResourceId-7057","AllocatedResourceName-2628","{}",526.986708,"01ABCD-2345EF-6789GH","Helios Labs","BillingAccount","USD","2024-10-01T00:00:00Z","2024-09-01T00:00:00Z",NULL,NULL,"Purchase",NULL,"Compute Engine VM Instance in Belgium","2024-09-29T11:00:00Z","2024-09-29T10:00:00Z",NULL,NULL,NULL,NULL,NULL,NULL,NULL,NULL,NULL,NULL,526.986708,3.1098,0,"Google","Google",658.724912,3.8872,"Other","USD",169.46,"Hours","Google","Google","europe-west1","Belgium","//compute.googleapis.com/projects/helios-labs/zones/europe-west1-a/instances/inst-7005",NULL,"VM Instance","Compute","Compute Engine","Google","CREQP2MPNELN7YWV","Compute Engine Hours",NULL,"Z9VDKIA8BXM8T5J2.XENLRZUE","proj-helios-prod","helios-prod","BillingAccount","{""application"": ""BrightSourceCore"", ""team"": ""payments""}",NULL,NULL,"Recurring","INV-202409-81584","Virtual Machines",3.1098,0,3.8872
"AllocatedMethodId-1739","AllocatedResourceId-4031","AllocatedResourceName-3381","{}",593.1419952,"01ABCD-2345EF-6789GH","Helios Labs","BillingAccount","USD","2024-10-01T00:00:00Z","2024-09-01T00:00:00Z",NULL,NULL,"Usage",NULL,"BigQuery Dataset in Iowa","2024-09-02T22:00:00Z","2024-09-02T21:00:00Z","Usage","cd-571558","commit-1558",NULL,"Unused","Reserved Instance",NULL,NULL,NULL,NULL,859.62608,2.3585,593.1419952,"Google","Google",1074.523488,2.9481,"Standard","USD",364.48,"GiB","Google","Google","us-central1","Iowa","//compute.googleapis.com/projects/helios-labs/zones/us-central1-a/instances/inst-8538",NULL,"Dataset","Analytics","BigQuery","Google","OH2PT1MLGXXOP3UM","BigQuery GiB",NULL,"G5UI8YGLKQBDCIUM.5V8F8OVC","proj-helios-prod","helios-prod","BillingAccount","{""owner"": ""a.lovelace""}",NULL,NULL,"Usage-Based","INV-202409-93760","Data Warehouses",2.3585,593.1419952,2.9481
"AllocatedMethodId-2825","AllocatedResourceId-5311","AllocatedResourceName-1185","{}",320.609287,"ocid1.tenancy.oc1..aaaa1234","Meridian OCI","Tenancy","USD","2024-10-01T00:00:00Z","2024-09-01T00:00:00Z",NULL,NULL,"Purchase",NULL,"Oracle Autonomous Database Database in US East (Ashburn)","2024-09-16T21:00:00Z","2024-09-16T20:00:00Z","Spend","cd-688486","commit-8486",NULL,"Used","Committed Use Discount",NULL,NULL,NULL,NULL,320.609287,1.2407,0,"Oracle","Oracle",337.48346000000004,1.3060,"Other","USD",258.41,"Hours","Oracle","Oracle","us-ashburn-1","US East (Ashburn)","ocid1.instance.oc1.us-ashburn-1.007a5b0ff30a",NULL,"Database","Databases","Oracle Autonomous Database","Oracle","ORS53L50MJAWXFX3","Oracle Autonomous Database Hours",NULL,"AQWMOASOQR9HX96J.Y74SSOP5","ocid1.compartment.oc1..dev","development","Tenancy","{""environment"": ""staging"", ""application"": ""BrightSourceCore""}",NULL,NULL,"Recurring","INV-202409-37036","Relational Databases",1.2407,0,1.3060
"AllocatedMethodId-6623","AllocatedResourceId-5820","AllocatedResourceName-3334","{}",275.8832258,"8a93b2c1-1234-4abc-9def-0123456789ab","Contoso Cloud","BillingProfile","USD","2024-10-01T00:00:00Z","2024-09-01T00:00:00Z",NULL,NULL,"Usage",NULL,"Azure Functions Function App in East US","2024-09-01T21:00:00Z","2024-09-01T20:00:00Z",NULL,NULL,NULL,NULL,NULL,NULL,NULL,398.1200000000,"Executions",NULL,424.43573200000003,1.0661,275.8832258,"Microsoft","Microsoft",442.11226000000005,1.1105,"Other","USD",398.12,"Executions","Microsoft","Microsoft","eastus","East US","/subscriptions/8a93b2c1-1234-4abc-9def-0123456789ab/resourceGroups/rg-729/providers/Microsoft.Compute/virtualMachines/vm-5695",NULL,"Function App","Compute","Azure Functions","Microsoft","Q6TSODVNTQ4VWB6J","Azure Functions Executions",NULL,"O9J789GZFO3FU68B.5OJ5HTYO","sub-9a1f","Production","BillingProfile","{""cost_center"": ""CC-3090"", ""team"": ""infra""}",NULL,"westeurope-2","Usage-Based","INV-202409-55703","Serverless Compute",1.0661,275.8832258,1.1105
"AllocatedMethodId-6114","AllocatedResourceId-5285","AllocatedResourceName-4916","{}",24.25512292,"01ABCD-2345EF-6789GH","Helios Labs","BillingAccount","USD","2024-10-01T00:00:00Z","2024-09-01T00:00:00Z",NULL,NULL,"Tax",NULL,"Tax charge in Northern Virginia","2024-09-27T23:00:00Z","2024-09-27T22:00:00Z",NULL,NULL,NULL,NULL,NULL,NULL,NULL,NULL,NULL,NULL,24.25512292,NULL,24.25512292,"Google","Google",24.25512292,NULL,NULL,"USD",NULL,NULL,"Google","Google",NULL,NULL,NULL,NULL,NULL,"Other","Tax","Google",NULL,NULL,NULL,NULL,"proj-helios-prod","helios-prod","BillingAccount","{""environment"": ""qa""}",NULL,NULL,"One-Time","INV-202409-17936","Other (Security)",NULL,24.25512292,NULL
"AllocatedMethodId-6269","AllocatedResourceId-6276","AllocatedResourceName-6687","{}",120.50816825,"8a93b2c1-1234-4abc-9def-0123456789ab","Contoso Cloud","BillingProfile","USD","2024-10-01T00:00:00Z","2024-09-01T00:00:00Z",NULL,NULL,"Usage",NULL,"Azure Kubernetes Service Cluster in Southeast Asia","2024-09-07T20:00:00Z","2024-09-07T19:00:00Z","Spend","cd-273536","commit-3536",NULL,"Used","Committed Use Discount",NULL,161.8700000000,"Hours",NULL,124.235225,0.7675,120.50816825,"Microsoft","Microsoft",146.152423,0.9029,"Committed","USD",161.87,"Hours","Microsoft","Microsoft","southeastasia","Southeast Asia","/subscriptions/8a93b2c1-1234-4abc-9def-0123456789ab/resourceGroups/rg-366/providers/Microsoft.Compute/virtualMachines/vm-3585",NULL,"Cluster","Compute","Azure Kubernetes Service","Microsoft","R8BUFQP77L4O5RCQ","Azure Kubernetes Service Hours",NULL,"R5F8EMJSC0JES0GO.NWQ2MP4D","sub-9a1f","Production","BillingProfile",NULL,NULL,NULL,"Usage-Based","INV-202409-32121","Containers",0.7675,120.50816825,0.9029
"AllocatedMethodId-1868","AllocatedResourceId-9176","AllocatedResourceName-1983","{}",631.015524,"ocid1.tenancy.oc1..aaaa1234","Meridian OCI","Tenancy","USD","2024-10-01T00:00:00Z","2024-09-01T00:00:00Z",NULL,NULL,"Usage",NULL,"Oracle Object Storage Bucket in UK South (London)","2024-09-12T08:00:00Z","2024-09-12T07:00:00Z","Usage","cd-571956","commit-1956",NULL,"Used","Committed Use Discount",NULL,176.7600000000,"GB",NULL,631.015524,3.5699,631.015524,"Oracle","Oracle",864.4094279999999,4.8903,"Other","USD",176.76,"GB","Oracle","Oracle","uk-london-1","UK South (London)","ocid1.instance.oc1.uk-london-1.00482a78d50c",NULL,"Bucket","Storage","Oracle Object Storage","Oracle","10XI8XGQGA6L2RU2","Oracle Object Storage GB",NULL,"RX0WJXB51MO4O0SM.XO5HLGSZ","ocid1.compartment.oc1..prod","production","Tenancy",NULL,NULL,NULL,"Usage-Based","INV-202409-41977","Object Storage",3.5699,631.015524,4.8903
"AllocatedMethodId-8825","AllocatedResourceId-2007","AllocatedResourceName-2471","{}",536.5988775,"123456789012","SunBird","BillingAccount","USD","2024-10-01T00:00:00Z","2024-09-01T00:00:00Z",NULL,NULL,"Usage",NULL,"Elastic Load Balancing Load Balancer in Europe (Ireland)","2024-09-09T20:00:00Z","2024-09-09T19:00:00Z","Usage","cd-285722","commit-5722",NULL,"Unused","Savings Plan",NULL,NULL,NULL,NULL,851.74425,1.8450,536.5988775,"AWS","AWS",906.12662,1.9628,"Committed","USD",461.65,"LCU-Hours","AWS","AWS","eu-west-1","Europe (Ireland)","arn:aws:ec2:eu-west-1:123456789012:instance/i-007badcaaab8",NULL,"Load Balancer","Networking","Elastic Load Balancing","AWS","5OUJGZB7PTCK63RA","Elastic Load Balancing LCU-Hours",NULL,"NNRZR4MXOVYKGUSJ.0I03F78K","663626350770","Zenith Apollo","BillingAccount","{""business_unit"": ""OsloData"", ""team"": ""growth""}",NULL,NULL,"Usage-Based","INV-202409-63673","Application Networking",1.8450,536.5988775,1.9628
"AllocatedMethodId-2695","AllocatedResourceId-7292","AllocatedResourceName-3326","{}",41.1019456,"8a93b2c1-1234-4abc-9def-0123456789ab","Contoso Cloud","BillingProfile","USD","2024-10-01T00:00:00Z","2024-09-01T00:00:00Z",NULL,NULL,"Usage",NULL,"Azure Kubernetes Service Cluster in East US","2024-09-04T23:00:00Z","2024-09-04T22:00:00Z",NULL,NULL,NULL,NULL,NULL,NULL,NULL,93.2000000000,"Hours",NULL,47.79296000000001,0.5128,41.1019456,"Microsoft","Microsoft",66.37704000000001,0.7122,"Standard","USD",93.20,"Hours","Microsoft","Microsoft","eastus","East US","/subscriptions/8a93b2c1-1234-4abc-9def-0123456789ab/resourceGroups/rg-38/providers/Microsoft.Compute/virtualMachines/vm-9911",NULL,"Cluster","Compute","Azure Kubernetes Service","Microsoft","BRVOO2Y3G1I3ZJRP","Azure Kubernetes Service Hours",NULL,"0DZOCC37LNN9E465.NX0OLEG6","sub-4d3e","Sandbox","BillingProfile","{""cost_center"": ""CC-1001"", ""business_unit"": ""OsloData""}",NULL,"westeurope-2","Usage-Based","INV-202409-69484","Containers",0.5128,41.1019456,0.7122
"AllocatedMethodId-4207","AllocatedResourceId-9361","AllocatedResourceName-4791","{}",8.5151888,"ocid1.tenancy.oc1..aaaa1234","Meridian OCI","Tenancy","USD","2024-10-01T00:00:00Z","2024-09-01T00:00:00Z",NULL,NULL,"Usage",NULL,"Oracle Load Balancer Load Balancer in Australia East (Sydney)","2024-09-19T17:00:00Z","2024-09-19T16:00:00Z",NULL,NULL,NULL,NULL,NULL,NULL,NULL,58.5800000000,"Hours",NULL,9.25564,0.1580,8.5151888,"Oracle","Oracle",14.024052,0.2394,"Other","USD",58.58,"Hours","Oracle","Oracle","ap-sydney-1","Australia East (Sydney)","ocid1.instance.oc1.ap-sydney-1.00b4bb3dec15",NULL,"Load Balancer","Networking","Oracle Load Balancer","Oracle","Q3KOZGY0JC82IZ8Y","Oracle Load Balancer Hours",NULL,"O1521OYYOXI4PZAB.2XXAQA9R","ocid1.compartment.oc1..dev","development","Tenancy","{""business_unit"": ""OsloData"", ""team"": ""platform""}",NULL,"uk-london-1-AD-2","Usage-Based","INV-202409-24973","Application Networking",0.1580,8.5151888,0.2394
"AllocatedMethodId-9553","AllocatedResourceId-5342","AllocatedResourceName-1414","{}",134.29814508,"123456789012","SunBird","BillingAccount","USD","2024-10-01T00:00:00Z","2024-09-01T00:00:00Z",NULL,NULL,"Usage",NULL,"Amazon Elastic Compute Cloud Virtual Machine in US East (N. Virginia)","2024-09-14T13:00:00Z","2024-09-14T12:00:00Z","Usage","cd-621435","commit-1435",NULL,"Unused","Committed Use Discount",NULL,NULL,NULL,NULL,169.99765200000002,2.5938,134.29814508,"AWS","AWS",265.6205120000001,4.0528,"Other","USD",65.54,"Hours","AWS","AWS","us-east-1","US East (N. Virginia)","arn:aws:ec2:us-east-1:123456789012:instance/i-0081a82021e6",NULL,"Virtual Machine","Compute","Amazon Elastic Compute Cloud","AWS","E01QCK9AI9BJKLTS","Amazon Elastic Compute Cloud Hours",NULL,"Y1F0UF4X91Z0LZW5.DTN87MML","438839167390","Zenith Eclipse","BillingAccount",NULL,NULL,NULL,"Usage-Based","INV-202409-35914","Virtual Machines",2.5938,134.29814508,4.0528
"AllocatedMethodId-5095","AllocatedResourceId-8046","AllocatedResourceName-6045","{}",409.867031,"123456789012","SunBird","BillingAccount","USD","2024-10-01T00:00:00Z","2024-09-01T00:00:00Z",NULL,NULL,"Usage",NULL,"Amazon Simple Storage Service Bucket in Asia Pacific (Sydney)","2024-09-04T08:00:00Z","2024-09-04T07:00:00Z",NULL,NULL,NULL,NULL,NULL,NULL,NULL,288.0100000000,"GB",NULL,431.43897999999996,1.4980,409.867031,"AWS","AWS",526.136668,1.8268,"Standard","USD",288.01,"GB","AWS","AWS","ap-southeast-2","Asia Pacific (Sydney)","arn:aws:ec2:ap-southeast-2:123456789012:instance/i-008c2962a751",NULL,"Bucket","Storage","Amazon Simple Storage Service","AWS","BUT3JDI1RYUJ03Q4","Amazon Simple Storage Service GB",NULL,"H6E108C5OHCBF244.ZYCDLKAB","663626350770","Zenith Apollo","BillingAccount","{""cost_center"": ""CC-2042"", ""owner"": ""a.lovelace""}",NULL,NULL,"Usage-Based","INV-202409-94980","Object Storage",1.4980,409.867031,1.8268
"AllocatedMethodId-4872","AllocatedResourceId-3905","AllocatedResourceName-9359","{}",14.9823884,"8a93b2c1-1234-4abc-9def-0123456789ab","Contoso Cloud","BillingProfile","USD","2024-10-01T00:00:00Z","2024-09-01T00:00:00Z",NULL,NULL,"Usage",NULL,"Azure Blob Storage Storage Account in West Europe","2024-09-11T15:00:00Z","2024-09-11T14:00:00Z",NULL,NULL,NULL,NULL,NULL,NULL,NULL,14.8100000000,"GB",NULL,21.403412000000003,1.4452,14.9823884,"Microsoft","Microsoft",23.01474,1.5540,"Standard","USD",14.81,"GB","Microsoft","Microsoft","westeurope","West Europe","/subscriptions/8a93b2c1-1234-4abc-9def-0123456789ab/resourceGroups/rg-319/providers/Microsoft.Compute/virtualMachines/vm-5714",NULL,"Storage Account","Storage","Azure Blob Storage","Microsoft","QBQGFMZVQWKVUG2Y","Azure Blob Storage GB",NULL,"U09O0TUBL0J64X5J.DMGSMAZG","sub-9a1f","Production","BillingProfile","{""owner"": ""a.lovelace""}",NULL,"eastus-1","Usage-Based","INV-202409-49242","Object Storage",1.4452,14.9823884,1.5540
"AllocatedMethodId-1500","AllocatedResourceId-5141","AllocatedResourceName-2481","{}",271.2963552,"01ABCD-2345EF-6789GH","Helios Labs","BillingAccount","USD","2024-10-01T00:00:00Z","2024-09-01T00:00:00Z",NULL,NULL,"Usage",NULL,"Cloud Functions Function in Singapore","2024-09-02T17:00:00Z","2024-09-02T16:00:00Z",NULL,NULL,NULL,NULL,NULL,NULL,NULL,207.2800000000,"Invocations",NULL,417.37900799999994,2.0136,271.2963552,"Google","Google",596.2616479999999,2.8766,"Standard","USD",207.28,"Invocations","Google","Google","asia-southeast1","Singapore","//compute.googleapis.com/projects/helios-labs/zones/asia-southeast1-a/instances/inst-379",NULL,"Function","Compute","Cloud Functions","Google","GO1Q18DY8736U8BM","Cloud Functions Invocations",NULL,"GJ34CVM85VE6VNQL.2DO35MO6","proj-helios-dev","helios-dev","BillingAccount","{""application"": ""AtlasPortal"", ""owner"": ""k.johnson""}",NULL,NULL,"Usage-Based","INV-202409-10420","Serverless Compute",2.0136,271.2963552,2.8766
"AllocatedMethodId-4111","AllocatedResourceId-2412","AllocatedResourceName-3908","{}",890.833626,"01ABCD-2345EF-6789GH","Helios Labs","BillingAccount","USD","2024-10-01T00:00:00Z","2024-09-01T00:00:00Z",NULL,NULL,"Adjustment",NULL,"Cloud Load Balancing Forwarding Rule in Belgium","2024-09-28T21:00:00Z","2024-09-28T20:00:00Z",NULL,NULL,NULL,NULL,NULL,NULL,NULL,NULL,NULL,NULL,1048.03956,3.0564,890.833626,"Google","Google",1612.35009,4.7021,"Other","USD",342.90,"Hours","Google","Google","europe-west1","Belgium",NULL,NULL,NULL,"Networking","Cloud Load Balancing","Google","QINJAC9YX8YLMOQ9","Cloud Load Balancing Hours",NULL,"57EOTKFES2SZ3U5O.KUFQGV0E","proj-helios-prod","helios-prod","BillingAccount",NULL,NULL,NULL,"One-Time","INV-202409-69820","Application Networking",3.0564,890.833626,4.7021
"AllocatedMethodId-1263","AllocatedResourceId-9130","AllocatedResourceName-3692","{}",163.7627404,"01ABCD-2345EF-6789GH","Helios Labs","BillingAccount","USD","2024-10-01T00:00:00Z","2024-09-01T00:00:00Z",NULL,NULL,"Usage",NULL,"Cloud Storage Bucket in Belgium","2024-09-25T20:00:00Z","2024-09-25T19:00:00Z","Spend","cd-387181","commit-7181",NULL,"Unused","Reserved Instance",NULL,NULL,NULL,NULL,215.47728999999998,1.7054,163.7627404,"Google","Google",299.27261,2.3686,"Standard","USD",126.35,"GiB","Google","Google","europe-west1","Belgium","//compute.googleapis.com/projects/helios-labs/zones/europe-west1-a/instances/inst-8678",NULL,"Bucket","Storage","Cloud Storage","Google","7RH2J5NRDZ5VQHOL","Cloud Storage GiB",NULL,"YMAGUD9II6MCJJEO.N3BQUCN6","proj-helios-prod","helios-prod","BillingAccount","{""owner"": ""a.lovelace""}",NULL,"europe-west1-b","Usage-Based","INV-202409-63694","Object Storage",1.7054,163.7627404,2.3686
"AllocatedMethodId-2190","AllocatedResourceId-2858","AllocatedResourceName-3136","{}",63.9640625,"01ABCD-2345EF-6789GH","Helios Labs","BillingAccount","USD","2024-10-01T00:00:00Z","2024-09-01T00:00:00Z",NULL,NULL,"Usage",NULL,"Cloud Storage Bucket in Iowa","2024-09-06T23:00:00Z","2024-09-06T22:00:00Z",NULL,NULL,NULL,NULL,NULL,NULL,NULL,167.5000000000,"GiB",NULL,98.40625,0.5875,63.9640625,"Google","Google",115.77600000000001,0.6912,"Standard","USD",167.50,"GiB","Google","Google","us-central1","Iowa","//compute.googleapis.com/projects/helios-labs/zones/us-central1-a/instances/inst-1738",NULL,"Bucket","Storage","Cloud Storage","Google","PHYCJ461MS820XZG","Cloud Storage GiB",NULL,"I7D0WUKHGCVNFZHV.YZ49V2GN","proj-helios-dev","helios-dev","BillingAccount","{""cost_center"": ""CC-3090""}",NULL,"asia-southeast1-c","Usage-Based","INV-202409-45150","Object Storage",0.5875,63.9640625,0.6912
"AllocatedMethodId-1327","AllocatedResourceId-3667","AllocatedResourceName-4611","{}",370.6671384,"8a93b2c1-1234-4abc-9def-0123456789ab","Contoso Cloud","BillingProfile","USD","2024-10-01T00:00:00Z","2024-09-01T00:00:00Z",NULL,NULL,"Usage",NULL,"Azure Load Balancer Load Balancer in East US","2024-09-12T13:00:00Z","2024-09-12T12:00:00Z","Usage","cd-519809","commit-9809",NULL,"Unused","Committed Use Discount",NULL,NULL,NULL,NULL,475.21428,1.5090,370.6671384,"Microsoft","Microsoft",510.98919200000006,1.6226,"Committed","USD",314.92,"Hours","Microsoft","Microsoft","eastus","East US","/subscriptions/8a93b2c1-1234-4abc-9def-0123456789ab/resourceGroups/rg-911/providers/Microsoft.Compute/virtualMachines/vm-3201",NULL,"Load Balancer","Networking","Azure Load Balancer","Microsoft","6CYDTP94678S8TRA","Azure Load Balancer Hours",NULL,"ZCJYCXTDWIG7BLA5.35MD86FV","sub-9a1f","Production","BillingProfile","{""application"": ""AtlasPortal"", ""cost_center"": ""CC-2042""}",NULL,"uksouth-1","Usage-Based","INV-202409-40124","Application Networking",1.5090,370.6671384,1.6226
"AllocatedMethodId-9023","AllocatedResourceId-4792","AllocatedResourceName-1242","{}",110.4550992,"8a93b2c1-1234-4abc-9def-0123456789ab","Contoso Cloud","BillingProfile","USD","2024-10-01T00:00:00Z","2024-09-01T00:00:00Z",NULL,NULL,"Usage",NULL,"Azure Blob Storage Storage Account in UK South","2024-09-20T04:00:00Z","2024-09-20T03:00:00Z","Spend","cd-839540","commit-9540",NULL,"Unused","Committed Use Discount",NULL,NULL,NULL,NULL,153.40985999999998,0.6221,110.4550992,"Microsoft","Microsoft",168.57576,0.6836,"Committed","USD",246.60,"GB","Microsoft","Microsoft","uksouth","UK South","/subscriptions/8a93b2c1-1234-4abc-9def-0123456789ab/resourceGroups/rg-409/providers/Microsoft.Compute/virtualMachines/vm-106",NULL,"Storage Account","Storage","Azure Blob Storage","Microsoft","W796QBTF1L5RLIGI","Azure Blob Storage GB",NULL,"HFUTRT6WAJT0EBEY.8FA5GP45","sub-2b7c","Staging","BillingProfile","{""environment"": ""dev""}",NULL,"eastus-1","Usage-Based","INV-202409-98911","Object Storage",0.6221,110.4550992,0.6836
"AllocatedMethodId-1027","AllocatedResourceId-9603","AllocatedResourceName-8735","{}",79.7563377,"01ABCD-2345EF-6789GH","Helios Labs","BillingAccount","USD","2024-10-01T00:00:00Z","2024-09-01T00:00:00Z",NULL,NULL,"Usage",NULL,"Compute Engine VM Instance in Singapore","2024-09-01T11:00:00Z","2024-09-01T10:00:00Z",NULL,NULL,NULL,NULL,NULL,NULL,NULL,85.9800000000,"Hours",NULL,119.03931000000001,1.3845,79.7563377,"Google","Google",132.263034,1.5383,"Dynamic","USD",85.98,"Hours","Google","Google","asia-southeast1","Singapore","//compute.googleapis.com/projects/helios-labs/zones/asia-southeast1-a/instances/inst-9810",NULL,"VM Instance","Compute","Compute Engine","Google","TMZERVXCFKBQPFK7","Compute Engine Hours",NULL,"181132WYSZ6MYPNJ.CS7G06WM","proj-helios-dev","helios-dev","BillingAccount","{""business_unit"": ""ViennaAI"", ""application"": ""BrightSourceCore""}",NULL,"asia-southeast1-c","Usage-Based","INV-202409-21192","Virtual Machines",1.3845,79.7563377,1.5383
"AllocatedMethodId-6858","AllocatedResourceId-7490","AllocatedResourceName-3449","{}",1041.64740396,"123456789012","SunBird","BillingAccount","USD","2024-10-01T00:00:00Z","2024-09-01T00:00:00Z",NULL,NULL,"Usage",NULL,"Amazon Elastic Compute Cloud Virtual Machine in Europe (Ireland)","2024-09-05T20:00:00Z","2024-09-05T19:00:00Z",NULL,NULL,NULL,NULL,NULL,NULL,NULL,392.0100000000,"Hours",NULL,1120.050972,2.8572,1041.64740396,"AWS","AWS",1382.776074,3.5274,"Standard","USD",392.01,"Hours","AWS","AWS","eu-west-1","Europe (Ireland)","arn:aws:ec2:eu-west-1:123456789012:instance/i-00a0be9faea1",NULL,"Virtual Machine","Compute","Amazon Elastic Compute Cloud","AWS","OFTYRKVB67LPJQM0","Amazon Elastic Compute Cloud Hours",NULL,"1T25NJP5KQKKFPOI.TAZE7ZSZ","438839167390","Zenith Eclipse","BillingAccount",NULL,NULL,NULL,"Usage-Based","INV-202409-12633","Virtual Machines",2.8572,1041.64740396,3.5274
"AllocatedMethodId-2175","AllocatedResourceId-4568","AllocatedResourceName-8875","{}",383.16165888,"ocid1.tenancy.oc1..aaaa1234","Meridian OCI","Tenancy","USD","2024-10-01T00:00:00Z","2024-09-01T00:00:00Z",NULL,NULL,"Credit",NULL,"Oracle Autonomous Database Database in UK South (London)","2024-09-16T16:00:00Z","2024-09-16T15:00:00Z","Spend","cd-550348","commit-0348",NULL,"Unused","Reserved Instance",NULL,NULL,NULL,NULL,399.126728,2.2264,383.16165888,"Oracle","Oracle",469.561911,2.6193,"Committed","USD",179.27,"Hours","Oracle","Oracle","uk-london-1","UK South (London)",NULL,NULL,NULL,"Databases","Oracle Autonomous Database","Oracle","UZKF2R41DTTDTJRG","Oracle Autonomous Database Hours",NULL,"SJ0UYJ1EZDQZTPBB.2KT3ZYAW","ocid1.compartment.oc1..prod","production","Tenancy","{""cost_center"": ""CC-2042"", ""application"": ""BrightLensMatrix"", ""environment"": ""dev""}",NULL,NULL,"One-Time","INV-202409-38560","Relational Databases",2.2264,383.16165888,2.6193
"AllocatedMethodId-2175","AllocatedResourceId-1494","AllocatedResourceName-7200","{}",657.06874464,"8a93b2c1-1234-4abc-9def-0123456789ab","Contoso Cloud","BillingProfile","USD","2024-10-01T00:00:00Z","2024-09-01T00:00:00Z",NULL,NULL,"Usage",NULL,"Azure Kubernetes Service Cluster in Southeast Asia","2024-09-17T02:00:00Z","2024-09-17T01:00:00Z","Usage","cd-294444","commit-4444",NULL,"Used","Committed Use Discount",NULL,391.0900000000,"Hours",NULL,684.446609,1.7501,657.06874464,"Microsoft","Microsoft",963.997741,2.4649,"Committed","USD",391.09,"Hours","Microsoft","Microsoft","southeastasia","Southeast Asia","/subscriptions/8a93b2c1-1234-4abc-9def-0123456789ab/resourceGroups/rg-613/providers/Microsoft.Compute/virtualMachines/vm-6878",NULL,"Cluster","Compute","Azure Kubernetes Service","Microsoft","850GI6J1GKR932S6","Azure Kubernetes Service Hours",NULL,"ETC09HL3WZFASC91.4MJU7Z6R","sub-2b7c","Staging","BillingProfile","{""team"": ""growth""}",NULL,NULL,"Usage-Based","INV-202409-78240","Containers",1.7501,657.06874464,2.4649
"AllocatedMethodId-7809","AllocatedResourceId-4589","AllocatedResourceName-6800","{}",272.14607056,"8a93b2c1-1234-4abc-9def-0123456789ab","Contoso Cloud","BillingProfile","USD","2024-10-01T00:00:00Z","2024-09-01T00:00:00Z",NULL,NULL,"Usage",NULL,"Azure SQL Database SQL Database in UK South","2024-09-17T13:00:00Z","2024-09-17T12:00:00Z","Usage","cd-875069","commit-5069",NULL,"Used","Savings Plan",NULL,97.1200000000,"Hours",NULL,299.061616,3.0793,272.14607056,"Microsoft","Microsoft",415.362816,4.2768,"Committed","USD",97.12,"Hours","Microsoft","Microsoft","uksouth","UK South","/subscriptions/8a93b2c1-1234-4abc-9def-0123456789ab/resourceGroups/rg-98/providers/Microsoft.Compute/virtualMachines/vm-8104",NULL,"SQL Database","Databases","Azure SQL Database","Microsoft","460T34AH0YIBJPMY","Azure SQL Database Hours",NULL,"I5BZXP9EN48VYIMU.SOXEKBTX","sub-9a1f","Production","BillingProfile","{""business_unit"": ""OsloData""}",NULL,"eastus-1","Usage-Based","INV-202409-81427","Relational Databases",3.0793,272.14607056,4.2768
"AllocatedMethodId-2129","AllocatedResourceId-6176","AllocatedResourceName-4953","{}",812.57072535,"01ABCD-2345EF-6789GH","Helios Labs","BillingAccount","USD","2024-10-01T00:00:00Z","2024-09-01T00:00:00Z",NULL,NULL,"Usage",NULL,"Cloud Storage Bucket in Singapore","2024-09-15T12:00:00Z","2024-09-15T11:00:00Z",NULL,NULL,NULL,NULL,NULL,NULL,NULL,394.4700000000,"GiB",NULL,913.000815,2.3145,812.57072535,"Google","Google",1472.595957,3.7331,"Standard","USD",394.47,"GiB","Google","Google","asia-southeast1","Singapore","//compute.googleapis.com/projects/helios-labs/zones/asia-southeast1-a/instances/inst-7611",NULL,"Bucket","Storage","Cloud Storage","Google","QN6FV76PKJX5DKHG","Cloud Storage GiB",NULL,"08YZCK8L7FQ6ZW1G.49HXQ9MY","proj-helios-prod","helios-prod","BillingAccount","{""business_unit"": ""ViennaAI""}",NULL,NULL,"Usage-Based","INV-202409-21366","Object Storage",2.3145,812.57072535,3.7331
